{"type":"FeatureCollection","features":[{"type":"Feature","properties":{"dt_adcode":"130102"},"geometry":{"type":"Polygon","coordinates":[[[114.677041,38.041433],[114.591202,38.058403],[114.591154,38.037099],[114.511869,38.035595],[114.511732,38.043014],[114.492584,38.043611],[114.498215,38.07256],[114.502141,38.081578],[114.493358,38.082763],[114.495132,38.104546],[114.490827,38.102393],[114.482207,38.102943],[114.480167,38.106238],[114.485312,38.106727],[114.485779,38.111707],[114.489056,38.113343],[114.484111,38.114064],[114.503622,38.130869],[114.521272,38.132405],[114.533376,38.129304],[114.547464,38.123209],[114.561624,38.120305],[114.566331,38.117654],[114.577319,38.115845],[114.589923,38.116472],[114.599985,38.1113],[114.611198,38.109227],[114.633957,38.109545],[114.65687,38.103098],[114.663799,38.102839],[114.664165,38.112787],[114.678471,38.111476],[114.693554,38.107407],[114.693852,38.097153],[114.703781,38.097203],[114.703794,38.094157],[114.707377,38.091357],[114.705096,38.078555],[114.695377,38.063386],[114.691191,38.065332],[114.687684,38.062389],[114.687575,38.060046],[114.684139,38.060488],[114.683646,38.058275],[114.681716,38.059273],[114.679274,38.053839],[114.678927,38.046291],[114.676406,38.046182],[114.677041,38.041433]]]}},{"type":"Feature","properties":{"dt_adcode":"130104"},"geometry":{"type":"Polygon","coordinates":[[[114.490425,37.974015],[114.478646,37.976934],[114.474985,37.976623],[114.474582,37.973868],[114.472273,37.97343],[114.472918,37.97238],[114.461788,37.974222],[114.45813,37.976926],[114.458266,37.979232],[114.455303,37.979447],[114.463343,37.981185],[114.462784,37.98428],[114.461136,37.984211],[114.459957,37.990826],[114.451482,37.992148],[114.451331,37.99455],[114.434231,37.994515],[114.431519,37.992657],[114.431558,37.994722],[114.428828,37.995139],[114.428599,37.998019],[114.427485,37.996154],[114.424741,38.002643],[114.427846,38.005767],[114.428007,38.011202],[114.426236,38.012464],[114.419357,38.012109],[114.417384,38.014752],[114.412474,38.014606],[114.409142,38.021437],[114.402154,38.020864],[114.395846,38.024807],[114.398335,38.035863],[114.393332,38.038642],[114.392772,38.041056],[114.38628,38.042742],[114.38433,38.045885],[114.384259,38.048315],[114.386632,38.048601],[114.386614,38.052654],[114.388193,38.052608],[114.384591,38.056534],[114.385204,38.062215],[114.381248,38.063487],[114.376652,38.073279],[114.436641,38.063706],[114.434751,38.054266],[114.435851,38.049253],[114.469364,38.047896],[114.469548,38.045509],[114.484303,38.04484],[114.484353,38.043448],[114.511732,38.043014],[114.512256,38.020849],[114.492102,38.002059],[114.497214,37.976937],[114.490083,37.975861],[114.490425,37.974015]]]}},{"type":"Feature","properties":{"dt_adcode":"130105"},"geometry":{"type":"Polygon","coordinates":[[[114.492584,38.043611],[114.469548,38.045509],[114.469364,38.047896],[114.435851,38.049253],[114.434751,38.054266],[114.436641,38.063706],[114.376652,38.073279],[114.374272,38.084988],[114.382153,38.085076],[114.383395,38.088132],[114.382424,38.098754],[114.377292,38.097956],[114.376351,38.102982],[114.379167,38.105763],[114.395035,38.106658],[114.400478,38.105519],[114.403429,38.106527],[114.403629,38.108037],[114.416312,38.109581],[114.417608,38.111615],[114.416655,38.117996],[114.409603,38.117691],[114.408883,38.126624],[114.410157,38.129496],[114.414037,38.131395],[114.413751,38.135404],[114.415275,38.137791],[114.418824,38.140981],[114.422547,38.141412],[114.423289,38.146901],[114.426256,38.146279],[114.438662,38.162307],[114.445688,38.168145],[114.452959,38.160762],[114.474498,38.145918],[114.482211,38.145145],[114.481589,38.142198],[114.491168,38.140537],[114.497643,38.142002],[114.501236,38.138232],[114.500148,38.132459],[114.502489,38.130336],[114.501874,38.129363],[114.484111,38.114064],[114.489056,38.113343],[114.485779,38.111707],[114.485312,38.106727],[114.480167,38.106238],[114.482207,38.102943],[114.490827,38.102393],[114.495132,38.104546],[114.493358,38.082763],[114.502141,38.081578],[114.498215,38.07256],[114.492584,38.043611]]]}},{"type":"Feature","properties":{"dt_adcode":"130107"},"geometry":{"type":"MultiPolygon","coordinates":[[[[114.027391,38.027714],[114.027473,38.025479],[114.030331,38.022591],[114.026174,38.019716],[114.026528,38.018627],[114.014888,38.020243],[114.011929,38.016432],[114.01334,38.011064],[114.015643,38.010086],[114.014096,38.003587],[114.009547,38.006376],[114.006101,38.005644],[114.001567,38.007362],[114.000515,38.012898],[113.99347,38.01845],[113.99307,38.028688],[114.009629,38.023229],[114.027391,38.027714]]],[[[114.097355,38.071271],[114.092246,38.073316],[114.087149,38.071722],[114.078038,38.072947],[114.074995,38.071625],[114.073282,38.069877],[114.076425,38.067854],[114.077457,38.054167],[114.079945,38.053017],[114.073129,38.044706],[114.070566,38.035017],[114.068197,38.034448],[114.070379,38.03066],[114.067641,38.029588],[114.059104,38.031262],[114.051532,38.027409],[114.049796,38.023167],[114.047218,38.024762],[114.049679,38.025229],[114.050634,38.027792],[114.04092,38.028699],[114.034745,38.033071],[114.028656,38.033229],[114.020291,38.040273],[114.015325,38.039336],[114.01411,38.048322],[114.007695,38.051886],[114.007248,38.05605],[114.000401,38.057269],[113.987862,38.064892],[113.998646,38.095949],[114.005189,38.102538],[114.023808,38.109249],[114.027229,38.108997],[114.034868,38.114587],[114.038907,38.119829],[114.043341,38.119658],[114.057765,38.113161],[114.061546,38.114555],[114.063756,38.118419],[114.07422,38.111524],[114.076484,38.113166],[114.076392,38.116441],[114.081304,38.120229],[114.084889,38.116045],[114.087797,38.117798],[114.092216,38.117278],[114.094592,38.120797],[114.094119,38.123746],[114.097016,38.125016],[114.097392,38.129778],[114.091274,38.130005],[114.097282,38.135376],[114.103878,38.136227],[114.10768,38.138606],[114.111359,38.137068],[114.107599,38.135998],[114.110338,38.134216],[114.110451,38.131948],[114.107698,38.131263],[114.105785,38.133436],[114.103881,38.133141],[114.103193,38.123934],[114.101272,38.123276],[114.099569,38.124767],[114.092818,38.11678],[114.095667,38.112055],[114.095085,38.107866],[114.097975,38.104606],[114.097693,38.102839],[114.093713,38.101887],[114.087628,38.097287],[114.081948,38.091484],[114.082602,38.086754],[114.080695,38.085514],[114.080958,38.080611],[114.0843,38.07972],[114.094308,38.081677],[114.107614,38.081486],[114.108816,38.07753],[114.103026,38.072118],[114.097355,38.071271]]]]}},{"type":"Feature","properties":{"dt_adcode":"130108"},"geometry":{"type":"Polygon","coordinates":[[[114.677041,38.041433],[114.682061,38.033673],[114.681911,38.030689],[114.674036,38.029468],[114.674059,38.025686],[114.667013,38.024891],[114.667153,38.021966],[114.66467,38.021801],[114.664724,38.019766],[114.662418,38.019857],[114.66146,38.016804],[114.65261,38.012273],[114.652546,38.010015],[114.655724,38.008339],[114.655844,38.002574],[114.657007,38.002724],[114.658874,37.994728],[114.665531,37.991704],[114.665795,37.988563],[114.668108,37.988461],[114.668082,37.986343],[114.669708,37.986381],[114.673811,37.968953],[114.670337,37.969271],[114.669506,37.971171],[114.660091,37.971133],[114.660243,37.973829],[114.657285,37.974246],[114.657193,37.977063],[114.650122,37.977126],[114.650111,37.980392],[114.647798,37.981162],[114.647055,37.984873],[114.639679,37.988884],[114.637152,37.992091],[114.63276,37.992366],[114.632654,37.995574],[114.627933,37.995736],[114.627723,37.997657],[114.625258,37.997773],[114.62509,37.99493],[114.621874,37.994896],[114.621849,37.992758],[114.611806,37.990757],[114.609695,37.988929],[114.610411,37.982481],[114.608753,37.982357],[114.608503,37.973344],[114.592702,37.973558],[114.593363,37.967624],[114.591802,37.972095],[114.584327,37.973454],[114.583062,37.978686],[114.578986,37.978652],[114.579062,37.980203],[114.574792,37.979878],[114.574541,37.97456],[114.5614,37.974149],[114.561656,37.971772],[114.557793,37.970999],[114.557419,37.968433],[114.552999,37.968227],[114.552554,37.970908],[114.52029,37.968858],[114.520877,37.972295],[114.511601,37.971798],[114.511847,37.969952],[114.507485,37.969415],[114.505772,37.973049],[114.498291,37.971851],[114.498574,37.970461],[114.490425,37.974015],[114.490083,37.975861],[114.497214,37.976937],[114.492102,38.002059],[114.512256,38.020849],[114.511869,38.035595],[114.591154,38.037099],[114.591202,38.058403],[114.677041,38.041433]]]}},{"type":"Feature","properties":{"dt_adcode":"130109"},"geometry":{"type":"Polygon","coordinates":[[[114.670337,37.969271],[114.673959,37.969683],[114.669708,37.986381],[114.668082,37.986343],[114.668108,37.988461],[114.665795,37.988563],[114.665531,37.991704],[114.658874,37.994728],[114.657007,38.002724],[114.655844,38.002574],[114.655724,38.008339],[114.652546,38.010015],[114.65261,38.012273],[114.66146,38.016804],[114.662418,38.019857],[114.664724,38.019766],[114.66467,38.021801],[114.667153,38.021966],[114.667013,38.024891],[114.674059,38.025686],[114.674036,38.029468],[114.681911,38.030689],[114.682061,38.033673],[114.676221,38.042784],[114.676406,38.046182],[114.678927,38.046291],[114.679274,38.053839],[114.681716,38.059273],[114.683646,38.058275],[114.684139,38.060488],[114.687575,38.060046],[114.689745,38.064666],[114.693046,38.065169],[114.695377,38.063386],[114.705096,38.078555],[114.707377,38.091357],[114.703794,38.094157],[114.703781,38.097203],[114.693852,38.097153],[114.693554,38.107407],[114.678471,38.111476],[114.664165,38.112787],[114.666201,38.122033],[114.666292,38.134519],[114.670497,38.135984],[114.667494,38.138115],[114.669642,38.142735],[114.680294,38.143844],[114.680361,38.14608],[114.678643,38.146427],[114.678734,38.164097],[114.682038,38.165076],[114.680962,38.180534],[114.685844,38.184371],[114.687543,38.192703],[114.684648,38.211337],[114.688097,38.216507],[114.685059,38.229074],[114.687808,38.230255],[114.696782,38.227271],[114.697651,38.234552],[114.70105,38.23501],[114.701504,38.243117],[114.69503,38.243198],[114.694789,38.246099],[114.706484,38.249032],[114.710015,38.252167],[114.718813,38.253503],[114.717923,38.273097],[114.722444,38.278038],[114.728899,38.279765],[114.728764,38.282756],[114.726235,38.285697],[114.718872,38.290041],[114.707593,38.288455],[114.702889,38.283287],[114.704341,38.285404],[114.702033,38.285582],[114.703171,38.289804],[114.705607,38.291038],[114.705787,38.296794],[114.703981,38.297742],[114.703593,38.301526],[114.71807,38.306624],[114.718523,38.309689],[114.728458,38.310214],[114.742539,38.306198],[114.744132,38.311275],[114.758526,38.313217],[114.76523,38.310227],[114.76415,38.303484],[114.767557,38.302153],[114.775625,38.300586],[114.787311,38.301724],[114.803581,38.30062],[114.806448,38.29622],[114.815026,38.291829],[114.816144,38.288562],[114.816187,38.289664],[114.824101,38.288687],[114.824713,38.281186],[114.847684,38.272331],[114.851064,38.273158],[114.856957,38.270495],[114.856388,38.266735],[114.859792,38.264325],[114.858125,38.263451],[114.857965,38.25919],[114.854511,38.259317],[114.854933,38.256561],[114.849766,38.257597],[114.848342,38.251143],[114.844058,38.252221],[114.843581,38.254858],[114.839236,38.254186],[114.836715,38.235724],[114.838026,38.235694],[114.837997,38.23187],[114.830278,38.231686],[114.82626,38.229046],[114.815787,38.231623],[114.801143,38.228759],[114.800507,38.225867],[114.79839,38.225388],[114.799002,38.214969],[114.795273,38.21323],[114.793837,38.214375],[114.792229,38.208504],[114.794977,38.208942],[114.79486,38.206345],[114.792824,38.206358],[114.792109,38.207983],[114.790418,38.205542],[114.793252,38.203877],[114.79559,38.198628],[114.789112,38.197191],[114.786253,38.189309],[114.788518,38.187519],[114.802328,38.185665],[114.803735,38.184476],[114.80377,38.179862],[114.806318,38.179349],[114.806849,38.174111],[114.804072,38.172516],[114.803718,38.169652],[114.798903,38.171608],[114.795548,38.15098],[114.800292,38.14909],[114.805058,38.149288],[114.808004,38.143836],[114.806505,38.13684],[114.803597,38.136189],[114.803365,38.131918],[114.806708,38.131639],[114.808861,38.122331],[114.811688,38.121992],[114.812913,38.110539],[114.81995,38.110354],[114.820906,38.107709],[114.822748,38.107539],[114.822766,38.101232],[114.825829,38.10303],[114.840848,38.102799],[114.842419,38.099464],[114.838562,38.098799],[114.838923,38.094317],[114.835395,38.093948],[114.833981,38.09087],[114.834147,38.087985],[114.836537,38.085315],[114.831872,38.082056],[114.828671,38.082353],[114.827904,38.066531],[114.824507,38.062812],[114.827639,38.055736],[114.835883,38.054028],[114.84124,38.054815],[114.842064,38.050077],[114.845613,38.050083],[114.846738,38.047627],[114.864963,38.048016],[114.880242,38.05034],[114.880227,38.05338],[114.892393,38.061948],[114.904191,38.060984],[114.909244,38.067383],[114.94011,38.071785],[114.943907,38.076841],[114.963747,38.085388],[114.96545,38.08818],[114.969896,38.090443],[114.983513,38.090073],[114.978584,38.062642],[114.981937,38.046648],[114.981109,38.042063],[114.974216,38.033301],[114.97229,38.021606],[114.975032,38.008352],[114.974307,37.993236],[114.981518,37.968343],[114.977656,37.946792],[114.974245,37.940173],[114.974648,37.937027],[114.977408,37.936743],[114.977378,37.930984],[114.980403,37.928455],[114.980381,37.919549],[114.972878,37.918003],[114.971092,37.913898],[114.968517,37.914239],[114.964782,37.902871],[114.967055,37.901776],[114.967159,37.897919],[114.970508,37.897717],[114.973533,37.888204],[114.977511,37.888247],[114.977504,37.884423],[114.979483,37.884204],[114.979766,37.88027],[114.986247,37.87979],[114.987399,37.859567],[114.973801,37.858246],[114.973508,37.860422],[114.966292,37.859801],[114.962373,37.856493],[114.954554,37.85584],[114.954538,37.853704],[114.952169,37.851723],[114.950433,37.851779],[114.950189,37.853217],[114.943432,37.852696],[114.943044,37.851014],[114.940069,37.850722],[114.938196,37.852729],[114.938208,37.855641],[114.934049,37.85773],[114.915656,37.855506],[114.915656,37.854164],[114.912081,37.853808],[114.909129,37.854432],[114.90746,37.856858],[114.907226,37.854042],[114.905728,37.853952],[114.905434,37.857288],[114.900562,37.857821],[114.900631,37.861755],[114.902592,37.862074],[114.897487,37.868309],[114.879994,37.874885],[114.868111,37.878003],[114.835254,37.875716],[114.818798,37.876749],[114.81095,37.880816],[114.796049,37.893752],[114.785397,37.895887],[114.781133,37.894363],[114.778858,37.891498],[114.761383,37.889326],[114.760576,37.886168],[114.758008,37.885825],[114.757167,37.888847],[114.754377,37.888626],[114.753275,37.892444],[114.747759,37.892048],[114.747644,37.893352],[114.749682,37.89367],[114.749219,37.896946],[114.754479,37.897377],[114.753571,37.902391],[114.759379,37.90161],[114.759203,37.903722],[114.764403,37.904199],[114.763999,37.908794],[114.766425,37.909638],[114.765546,37.915759],[114.757241,37.920442],[114.740448,37.921192],[114.728222,37.924732],[114.701929,37.938638],[114.695205,37.942679],[114.682539,37.954667],[114.680722,37.959337],[114.683576,37.959317],[114.683499,37.961202],[114.67751,37.962839],[114.676911,37.964669],[114.67222,37.963913],[114.670337,37.969271]]]}},{"type":"Feature","properties":{"dt_adcode":"130110"},"geometry":{"type":"Polygon","coordinates":[[[114.376652,38.073279],[114.381248,38.063487],[114.385204,38.062215],[114.384591,38.056534],[114.388193,38.052608],[114.386614,38.052654],[114.386632,38.048601],[114.384259,38.048315],[114.38433,38.045885],[114.38628,38.042742],[114.392772,38.041056],[114.393332,38.038642],[114.398335,38.035863],[114.395846,38.024807],[114.402154,38.020864],[114.409142,38.021437],[114.412474,38.014606],[114.417384,38.014752],[114.419357,38.012109],[114.426236,38.012464],[114.428007,38.011202],[114.427846,38.005767],[114.424741,38.002643],[114.427485,37.996154],[114.428599,37.998019],[114.428828,37.995139],[114.431558,37.994722],[114.431519,37.992657],[114.434231,37.994515],[114.451331,37.99455],[114.451482,37.992148],[114.459957,37.990826],[114.461136,37.984211],[114.462784,37.98428],[114.463343,37.981185],[114.455303,37.979447],[114.458266,37.979232],[114.45813,37.976926],[114.461788,37.974222],[114.472918,37.97238],[114.472273,37.97343],[114.474582,37.973868],[114.474985,37.976623],[114.478646,37.976934],[114.483741,37.97474],[114.485384,37.974708],[114.485109,37.976121],[114.498574,37.970461],[114.498291,37.971851],[114.505772,37.973049],[114.508359,37.963937],[114.507277,37.963003],[114.508392,37.955755],[114.51301,37.956195],[114.512911,37.952414],[114.515566,37.952476],[114.51345,37.934382],[114.507664,37.934068],[114.507438,37.929679],[114.505128,37.929227],[114.504807,37.927405],[114.491349,37.927627],[114.488673,37.924129],[114.4834,37.925635],[114.480286,37.924155],[114.478793,37.921312],[114.471903,37.921024],[114.467311,37.918194],[114.46148,37.917953],[114.461584,37.916315],[114.453733,37.917099],[114.453006,37.919691],[114.446695,37.920479],[114.429032,37.908235],[114.430379,37.902302],[114.418812,37.898369],[114.414001,37.899862],[114.413417,37.897869],[114.399123,37.89473],[114.402017,37.888198],[114.400721,37.886614],[114.394593,37.886518],[114.399035,37.887768],[114.39798,37.890858],[114.386539,37.888284],[114.374774,37.889869],[114.374531,37.888685],[114.369614,37.890444],[114.369062,37.891951],[114.360676,37.890954],[114.352071,37.893224],[114.343482,37.889452],[114.34214,37.889803],[114.343416,37.892056],[114.340278,37.894019],[114.337744,37.89301],[114.339007,37.900019],[114.326301,37.894575],[114.320289,37.896001],[114.312832,37.904961],[114.312568,37.907463],[114.310554,37.906993],[114.306857,37.901966],[114.3026,37.900732],[114.298406,37.904351],[114.29537,37.899956],[114.300872,37.900071],[114.301601,37.897712],[114.294476,37.89599],[114.295625,37.895555],[114.291854,37.894779],[114.291324,37.892982],[114.281537,37.896841],[114.271979,37.897466],[114.264781,37.907247],[114.273257,37.915777],[114.278711,37.917139],[114.271831,37.919393],[114.267053,37.923295],[114.276194,37.927114],[114.280351,37.936351],[114.291795,37.940383],[114.29676,37.944772],[114.298111,37.949873],[114.294109,37.95812],[114.295232,37.963767],[114.298677,37.965042],[114.300033,37.967991],[114.300404,37.986724],[114.303865,37.992417],[114.296408,38.002901],[114.287764,37.997459],[114.279611,37.995784],[114.275017,37.996548],[114.265425,38.002176],[114.249749,38.004201],[114.247372,38.009035],[114.252395,38.013809],[114.268863,38.022406],[114.267449,38.024491],[114.268425,38.028607],[114.272304,38.031503],[114.275389,38.041717],[114.280766,38.04538],[114.276707,38.05147],[114.281402,38.056979],[114.2754,38.055573],[114.272259,38.057011],[114.267927,38.056299],[114.265021,38.060313],[114.265044,38.063218],[114.257079,38.067892],[114.251879,38.066405],[114.244472,38.071081],[114.238437,38.070197],[114.236418,38.072442],[114.231048,38.07335],[114.224841,38.072016],[114.225506,38.080528],[114.220865,38.081529],[114.219943,38.086273],[114.221702,38.087793],[114.219448,38.089906],[114.218898,38.093662],[114.224892,38.102365],[114.220941,38.106238],[114.217581,38.105998],[114.207945,38.109447],[114.208089,38.110745],[114.212803,38.115992],[114.212768,38.11881],[114.221401,38.122043],[114.221667,38.125343],[114.223746,38.12327],[114.231757,38.128441],[114.239696,38.128623],[114.246337,38.132236],[114.252037,38.132312],[114.252121,38.139345],[114.249492,38.141886],[114.251102,38.144958],[114.250233,38.149747],[114.247997,38.152641],[114.253148,38.160526],[114.234819,38.162182],[114.235586,38.165134],[114.231616,38.16787],[114.23255,38.170547],[114.226057,38.169452],[114.225182,38.174268],[114.210243,38.170758],[114.206394,38.172357],[114.204719,38.177777],[114.189313,38.177172],[114.188479,38.180308],[114.192347,38.18392],[114.199177,38.185627],[114.193601,38.191983],[114.201843,38.198772],[114.197081,38.20318],[114.19719,38.207886],[114.200393,38.210076],[114.208376,38.211008],[114.218457,38.216061],[114.222907,38.212702],[114.23478,38.209385],[114.235802,38.215301],[114.238883,38.217013],[114.236901,38.220669],[114.239619,38.221617],[114.240032,38.224293],[114.235654,38.229854],[114.239061,38.230283],[114.239634,38.237884],[114.259289,38.236389],[114.292255,38.24653],[114.312899,38.251063],[114.311733,38.255492],[114.314384,38.259625],[114.317234,38.257965],[114.322453,38.264061],[114.325942,38.264211],[114.328756,38.267631],[114.339404,38.271965],[114.34709,38.272025],[114.353984,38.269046],[114.360656,38.270973],[114.366988,38.275029],[114.380574,38.272075],[114.381745,38.269493],[114.385941,38.270194],[114.385369,38.266859],[114.39081,38.263029],[114.393969,38.257637],[114.392276,38.246873],[114.394387,38.24042],[114.398933,38.230233],[114.408701,38.214953],[114.412126,38.20266],[114.416431,38.197571],[114.42502,38.191636],[114.434565,38.17666],[114.44081,38.174201],[114.444817,38.167419],[114.438662,38.162307],[114.426256,38.146279],[114.423289,38.146901],[114.422547,38.141412],[114.418824,38.140981],[114.415275,38.137791],[114.413751,38.135404],[114.414037,38.131395],[114.410157,38.129496],[114.408883,38.126624],[114.409603,38.117691],[114.416655,38.117996],[114.417608,38.111615],[114.416312,38.109581],[114.403629,38.108037],[114.403429,38.106527],[114.400478,38.105519],[114.395035,38.106658],[114.379167,38.105763],[114.376351,38.102982],[114.377292,38.097956],[114.382424,38.098754],[114.383395,38.088132],[114.382153,38.085076],[114.374272,38.084988],[114.376652,38.073279]]]}},{"type":"Feature","properties":{"dt_adcode":"130111"},"geometry":{"type":"Polygon","coordinates":[[[114.802773,37.888084],[114.784908,37.872168],[114.781179,37.864209],[114.752286,37.864016],[114.750116,37.861073],[114.755211,37.850398],[114.763446,37.838364],[114.762031,37.833465],[114.75704,37.830215],[114.738629,37.82475],[114.718628,37.822136],[114.716129,37.814443],[114.713537,37.814557],[114.7152,37.812545],[114.709419,37.811288],[114.706231,37.813579],[114.705481,37.810634],[114.686689,37.806177],[114.677196,37.79925],[114.668287,37.795748],[114.658929,37.796168],[114.652688,37.80029],[114.650696,37.804037],[114.63254,37.802214],[114.629926,37.799077],[114.62756,37.79897],[114.627451,37.801388],[114.62037,37.802869],[114.619245,37.812683],[114.623052,37.824106],[114.617832,37.829407],[114.613404,37.823368],[114.599174,37.819851],[114.598531,37.817193],[114.585253,37.814494],[114.584159,37.816247],[114.574028,37.817266],[114.571743,37.822326],[114.562417,37.827634],[114.541363,37.830938],[114.541528,37.834373],[114.53794,37.834189],[114.537235,37.850469],[114.539811,37.851394],[114.538462,37.854611],[114.545767,37.859144],[114.553249,37.859037],[114.552627,37.868567],[114.543146,37.871999],[114.53922,37.871581],[114.539506,37.869939],[114.537961,37.869527],[114.533828,37.870144],[114.526398,37.876454],[114.527199,37.879291],[114.53747,37.882112],[114.537583,37.886561],[114.534379,37.886333],[114.532089,37.89064],[114.516378,37.888573],[114.512078,37.889198],[114.512869,37.891601],[114.510123,37.894023],[114.505871,37.894259],[114.498527,37.889167],[114.49016,37.889203],[114.4885,37.899122],[114.493534,37.90155],[114.494014,37.912095],[114.496147,37.912033],[114.494319,37.920379],[114.490328,37.921671],[114.488673,37.924129],[114.491349,37.927627],[114.504807,37.927405],[114.505128,37.929227],[114.507438,37.929679],[114.507664,37.934068],[114.51345,37.934382],[114.515566,37.952476],[114.512911,37.952414],[114.51301,37.956195],[114.508392,37.955755],[114.507277,37.963003],[114.508359,37.963937],[114.507485,37.969415],[114.511847,37.969952],[114.511601,37.971798],[114.520877,37.972295],[114.52029,37.968858],[114.552554,37.970908],[114.552999,37.968227],[114.557419,37.968433],[114.557793,37.970999],[114.561656,37.971772],[114.5614,37.974149],[114.574541,37.97456],[114.574792,37.979878],[114.579062,37.980203],[114.578986,37.978652],[114.583062,37.978686],[114.584327,37.973454],[114.591802,37.972095],[114.593363,37.967624],[114.592702,37.973558],[114.608503,37.973344],[114.608753,37.982357],[114.610411,37.982481],[114.609695,37.988929],[114.611806,37.990757],[114.621849,37.992758],[114.621874,37.994896],[114.62509,37.99493],[114.625258,37.997773],[114.627723,37.997657],[114.627933,37.995736],[114.632654,37.995574],[114.63276,37.992366],[114.637152,37.992091],[114.639679,37.988884],[114.647055,37.984873],[114.647798,37.981162],[114.650111,37.980392],[114.650122,37.977126],[114.657193,37.977063],[114.657285,37.974246],[114.660243,37.973829],[114.660091,37.971133],[114.669506,37.971171],[114.670841,37.96705],[114.672164,37.966922],[114.67222,37.963913],[114.676911,37.964669],[114.67751,37.962839],[114.683499,37.961202],[114.683576,37.959317],[114.680722,37.959337],[114.682539,37.954667],[114.695205,37.942679],[114.701929,37.938638],[114.728222,37.924732],[114.740448,37.921192],[114.757241,37.920442],[114.765546,37.915759],[114.766425,37.909638],[114.763999,37.908794],[114.764403,37.904199],[114.759203,37.903722],[114.759379,37.90161],[114.753571,37.902391],[114.754479,37.897377],[114.749219,37.896946],[114.749682,37.89367],[114.747644,37.893352],[114.747759,37.892048],[114.753275,37.892444],[114.754377,37.888626],[114.757167,37.888847],[114.758008,37.885825],[114.760576,37.886168],[114.761383,37.889326],[114.778858,37.891498],[114.781133,37.894363],[114.785397,37.895887],[114.796049,37.893752],[114.802773,37.888084]]]}},{"type":"Feature","properties":{"dt_adcode":"130121"},"geometry":{"type":"Polygon","coordinates":[[[114.012632,38.190928],[114.046675,38.216054],[114.053625,38.217779],[114.062372,38.217011],[114.072349,38.213517],[114.065934,38.208389],[114.073487,38.203128],[114.082364,38.208187],[114.096498,38.199936],[114.112389,38.203152],[114.139386,38.201693],[114.156681,38.193111],[114.155806,38.191467],[114.157897,38.191504],[114.156042,38.189672],[114.165022,38.186033],[114.165083,38.175843],[114.166402,38.173449],[114.176551,38.176976],[114.179757,38.175722],[114.204719,38.177777],[114.206394,38.172357],[114.210243,38.170758],[114.225182,38.174268],[114.226057,38.169452],[114.23255,38.170547],[114.231616,38.16787],[114.235586,38.165134],[114.234819,38.162182],[114.253148,38.160526],[114.247997,38.152641],[114.250233,38.149747],[114.251102,38.144958],[114.249492,38.141886],[114.252121,38.139345],[114.252037,38.132312],[114.246337,38.132236],[114.239696,38.128623],[114.231757,38.128441],[114.223746,38.12327],[114.221667,38.125343],[114.221401,38.122043],[114.212768,38.11881],[114.212803,38.115992],[114.207945,38.109447],[114.217581,38.105998],[114.220941,38.106238],[114.224892,38.102365],[114.218898,38.093662],[114.219448,38.089906],[114.221702,38.087793],[114.219943,38.086273],[114.220865,38.081529],[114.225506,38.080528],[114.224841,38.072016],[114.231048,38.07335],[114.236418,38.072442],[114.238437,38.070197],[114.244472,38.071081],[114.251879,38.066405],[114.257079,38.067892],[114.265044,38.063218],[114.265021,38.060313],[114.267927,38.056299],[114.272259,38.057011],[114.2754,38.055573],[114.281402,38.056979],[114.276707,38.05147],[114.280766,38.04538],[114.275389,38.041717],[114.272304,38.031503],[114.268425,38.028607],[114.267449,38.024491],[114.268863,38.022406],[114.252395,38.013809],[114.247372,38.009035],[114.249749,38.004201],[114.265425,38.002176],[114.275017,37.996548],[114.279611,37.995784],[114.287764,37.997459],[114.296408,38.002901],[114.303865,37.992417],[114.300404,37.986724],[114.300033,37.967991],[114.298677,37.965042],[114.295232,37.963767],[114.294109,37.95812],[114.298111,37.949873],[114.294764,37.942415],[114.280351,37.936351],[114.276194,37.927114],[114.269222,37.925109],[114.265214,37.922003],[114.252826,37.919418],[114.24681,37.921796],[114.238714,37.918755],[114.237728,37.91646],[114.239406,37.908874],[114.236564,37.903825],[114.230847,37.900132],[114.235947,37.889688],[114.227981,37.88417],[114.235985,37.87914],[114.238461,37.874752],[114.234831,37.870146],[114.234691,37.86673],[114.237897,37.859587],[114.2364,37.852356],[114.2259,37.8531],[114.220301,37.846342],[114.215295,37.846843],[114.210304,37.850613],[114.206684,37.848775],[114.205256,37.851159],[114.195677,37.852505],[114.185336,37.850775],[114.181095,37.84729],[114.178394,37.839006],[114.178498,37.834198],[114.181785,37.828971],[114.188508,37.824706],[114.203247,37.822371],[114.208812,37.818548],[114.209391,37.804586],[114.212592,37.789739],[114.211128,37.777812],[114.202886,37.772614],[114.201451,37.770136],[114.196932,37.770317],[114.173893,37.755817],[114.167143,37.74886],[114.14951,37.726418],[114.145915,37.707132],[114.136363,37.690869],[114.128274,37.698191],[114.121004,37.701296],[114.088252,37.708815],[114.079135,37.715998],[114.068032,37.721542],[114.061643,37.722577],[114.015031,37.712346],[114.00604,37.703999],[113.996912,37.704479],[113.993796,37.706874],[113.99459,37.72415],[113.996454,37.730214],[114.000799,37.735331],[114.015992,37.74443],[114.030068,37.748811],[114.041165,37.756804],[114.046117,37.767427],[114.043856,37.777464],[114.025033,37.789261],[114.01881,37.794867],[114.019151,37.804954],[114.015242,37.810605],[114.006663,37.813502],[113.98969,37.811874],[113.982526,37.812826],[113.977044,37.816842],[113.97379,37.822032],[113.970189,37.833957],[113.971507,37.868764],[113.969507,37.877985],[113.956837,37.911413],[113.951429,37.917746],[113.944754,37.921653],[113.936525,37.923181],[113.929196,37.932021],[113.922816,37.952103],[113.901262,37.984839],[113.886997,37.991322],[113.875439,37.989537],[113.872372,37.990372],[113.862202,38.00081],[113.86294,38.001926],[113.8726,38.002095],[113.876433,38.009499],[113.87325,38.016649],[113.878002,38.02729],[113.87836,38.032378],[113.87266,38.038728],[113.873886,38.043469],[113.871572,38.047707],[113.875036,38.051471],[113.87547,38.056566],[113.865654,38.061835],[113.858365,38.063726],[113.854973,38.067903],[113.856708,38.070649],[113.852806,38.079737],[113.824211,38.106703],[113.815913,38.107503],[113.810063,38.112543],[113.814132,38.123124],[113.820365,38.132196],[113.822974,38.141439],[113.821533,38.145792],[113.822494,38.150459],[113.833564,38.14745],[113.831898,38.152365],[113.82735,38.155572],[113.827708,38.157463],[113.834204,38.164426],[113.832288,38.167808],[113.834562,38.170828],[113.84783,38.174975],[113.848975,38.183481],[113.846543,38.188246],[113.853313,38.193948],[113.859585,38.191597],[113.870963,38.184108],[113.885572,38.185633],[113.894467,38.183175],[113.906331,38.171676],[113.935305,38.183297],[113.941169,38.18252],[113.946209,38.180354],[113.955754,38.166602],[113.961024,38.166044],[113.985589,38.173073],[114.004674,38.183134],[114.012632,38.190928]],[[114.000515,38.012898],[114.001567,38.007362],[114.006101,38.005644],[114.009547,38.006376],[114.014096,38.003587],[114.015643,38.010086],[114.01334,38.011064],[114.011929,38.016432],[114.013902,38.019659],[114.018326,38.02061],[114.026528,38.018627],[114.026174,38.019716],[114.030331,38.022591],[114.027473,38.025479],[114.027391,38.027714],[114.009629,38.023229],[113.99307,38.028688],[113.99347,38.01845],[114.000515,38.012898]],[[114.028656,38.033229],[114.034745,38.033071],[114.04092,38.028699],[114.050634,38.027792],[114.049679,38.025229],[114.047218,38.024762],[114.049796,38.023167],[114.051532,38.027409],[114.059104,38.031262],[114.069883,38.029897],[114.068197,38.034448],[114.070566,38.035017],[114.073129,38.044706],[114.079945,38.053017],[114.077457,38.054167],[114.076425,38.067854],[114.073282,38.069877],[114.078038,38.072947],[114.087149,38.071722],[114.092246,38.073316],[114.10094,38.071505],[114.108816,38.07753],[114.106055,38.082286],[114.0843,38.07972],[114.080958,38.080611],[114.080652,38.084625],[114.082602,38.086754],[114.081948,38.091484],[114.093713,38.101887],[114.097693,38.102839],[114.097975,38.104606],[114.095085,38.107866],[114.095667,38.112055],[114.092818,38.11678],[114.099569,38.124767],[114.101272,38.123276],[114.103193,38.123934],[114.103881,38.133141],[114.105785,38.133436],[114.107698,38.131263],[114.110451,38.131948],[114.110338,38.134216],[114.107599,38.135998],[114.111346,38.136991],[114.110652,38.137757],[114.10768,38.138606],[114.103878,38.136227],[114.097282,38.135376],[114.091274,38.130005],[114.097392,38.129778],[114.097016,38.125016],[114.094119,38.123746],[114.094592,38.120797],[114.092216,38.117278],[114.087797,38.117798],[114.084889,38.116045],[114.081304,38.120229],[114.076392,38.116441],[114.076484,38.113166],[114.07422,38.111524],[114.063756,38.118419],[114.061546,38.114555],[114.057765,38.113161],[114.043341,38.119658],[114.038907,38.119829],[114.028219,38.109513],[114.023808,38.109249],[114.005189,38.102538],[113.99945,38.097327],[113.987862,38.064892],[114.000401,38.057269],[114.007248,38.05605],[114.007695,38.051886],[114.01411,38.048322],[114.015325,38.039336],[114.020291,38.040273],[114.028656,38.033229]]]}},{"type":"Feature","properties":{"dt_adcode":"130123"},"geometry":{"type":"MultiPolygon","coordinates":[[[[114.704081,38.299109],[114.705787,38.296794],[114.705607,38.291038],[114.703171,38.289804],[114.702033,38.285582],[114.704341,38.285404],[114.702889,38.283287],[114.707593,38.288455],[114.718872,38.290041],[114.726235,38.285697],[114.728764,38.282756],[114.728899,38.279765],[114.722444,38.278038],[114.717923,38.273097],[114.718813,38.253503],[114.710015,38.252167],[114.706484,38.249032],[114.694789,38.246099],[114.69503,38.243198],[114.701504,38.243117],[114.70105,38.23501],[114.697651,38.234552],[114.696782,38.227271],[114.687808,38.230255],[114.685059,38.229074],[114.688097,38.216507],[114.684648,38.211337],[114.687543,38.192703],[114.685844,38.184371],[114.680962,38.180534],[114.682038,38.165076],[114.678734,38.164097],[114.678643,38.146427],[114.680361,38.14608],[114.680294,38.143844],[114.669642,38.142735],[114.667494,38.138115],[114.670497,38.135984],[114.666292,38.134519],[114.663799,38.102839],[114.65687,38.103098],[114.633957,38.109545],[114.611198,38.109227],[114.599985,38.1113],[114.589923,38.116472],[114.571416,38.116389],[114.521272,38.132405],[114.507311,38.131759],[114.501874,38.129363],[114.502489,38.130336],[114.500148,38.132459],[114.501236,38.138232],[114.498671,38.14157],[114.491168,38.140537],[114.481589,38.142198],[114.482211,38.145145],[114.474498,38.145918],[114.452959,38.160762],[114.448647,38.16647],[114.444817,38.167419],[114.44081,38.174201],[114.434565,38.17666],[114.42502,38.191636],[114.416431,38.197571],[114.412126,38.20266],[114.408701,38.214953],[114.398933,38.230233],[114.392276,38.246873],[114.392538,38.251856],[114.428985,38.251673],[114.429673,38.25004],[114.434836,38.249944],[114.439968,38.253072],[114.442688,38.266336],[114.444164,38.267668],[114.450705,38.267636],[114.448961,38.281759],[114.451429,38.28219],[114.451201,38.288534],[114.45505,38.289347],[114.455432,38.291267],[114.460059,38.291049],[114.461197,38.294107],[114.461538,38.301766],[114.456796,38.301981],[114.45546,38.308106],[114.453579,38.307866],[114.451553,38.313191],[114.452029,38.325526],[114.456987,38.326572],[114.459985,38.330188],[114.45936,38.334182],[114.472674,38.334895],[114.474353,38.345088],[114.484984,38.35443],[114.505714,38.348768],[114.517123,38.352378],[114.520301,38.357852],[114.521175,38.35368],[114.523264,38.354782],[114.527559,38.353462],[114.527352,38.345078],[114.543926,38.344781],[114.542736,38.329802],[114.541208,38.330079],[114.539857,38.325009],[114.532996,38.324887],[114.531516,38.322408],[114.531089,38.3192],[114.534313,38.314041],[114.541898,38.305759],[114.54666,38.303095],[114.558809,38.308291],[114.571897,38.308328],[114.577448,38.303244],[114.575794,38.299838],[114.576314,38.29558],[114.578402,38.293081],[114.575477,38.288591],[114.579567,38.280921],[114.596788,38.278776],[114.597771,38.272029],[114.601669,38.27161],[114.60509,38.26896],[114.604756,38.276735],[114.610969,38.278154],[114.609765,38.28382],[114.616326,38.284325],[114.630556,38.281019],[114.638234,38.281644],[114.638833,38.293464],[114.647855,38.295709],[114.648364,38.300253],[114.646207,38.304534],[114.64236,38.306787],[114.640283,38.310321],[114.637156,38.311371],[114.636979,38.313553],[114.645046,38.314395],[114.645371,38.320186],[114.647158,38.320991],[114.651171,38.321466],[114.654429,38.310723],[114.659676,38.311199],[114.660045,38.307126],[114.664373,38.307161],[114.663722,38.304708],[114.674107,38.298581],[114.67967,38.296315],[114.684819,38.296336],[114.685431,38.293592],[114.692638,38.300972],[114.704081,38.299109]]],[[[114.605725,38.291517],[114.603643,38.293156],[114.604974,38.29805],[114.608119,38.298785],[114.611974,38.296348],[114.614679,38.298388],[114.617117,38.297281],[114.616717,38.290546],[114.605725,38.291517]]],[[[114.580271,38.308295],[114.574434,38.308519],[114.573744,38.311033],[114.56911,38.310826],[114.563726,38.313814],[114.562306,38.325463],[114.563596,38.325736],[114.563571,38.328698],[114.565166,38.328572],[114.566135,38.341254],[114.578859,38.332441],[114.577403,38.331315],[114.581936,38.329794],[114.581897,38.328015],[114.577251,38.327004],[114.579913,38.324641],[114.577374,38.319231],[114.582741,38.315964],[114.58193,38.309842],[114.580271,38.308295]]]]}},{"type":"Feature","properties":{"dt_adcode":"130125"},"geometry":{"type":"Polygon","coordinates":[[[114.419046,38.702245],[114.424681,38.697956],[114.437811,38.692773],[114.444304,38.694277],[114.452668,38.699399],[114.469564,38.691439],[114.472999,38.693195],[114.477931,38.692844],[114.482954,38.689714],[114.48206,38.685249],[114.503498,38.674891],[114.52213,38.65371],[114.536343,38.649256],[114.536926,38.632311],[114.539878,38.630806],[114.545601,38.623485],[114.5459,38.620274],[114.552252,38.612991],[114.552139,38.608717],[114.549437,38.604402],[114.542671,38.599604],[114.528373,38.592484],[114.527621,38.59065],[114.530263,38.584178],[114.53338,38.588431],[114.541238,38.593846],[114.547224,38.591337],[114.55713,38.592891],[114.563251,38.590658],[114.567062,38.592339],[114.56964,38.591194],[114.571338,38.591982],[114.570672,38.593634],[114.584291,38.596409],[114.585604,38.588431],[114.589439,38.580269],[114.593663,38.575657],[114.595718,38.568913],[114.603211,38.562131],[114.614841,38.542417],[114.622258,38.537418],[114.622754,38.529331],[114.632947,38.51669],[114.642513,38.512961],[114.651872,38.504696],[114.65389,38.498266],[114.667948,38.483043],[114.681434,38.46048],[114.694258,38.449734],[114.694277,38.440026],[114.692531,38.438244],[114.688509,38.43515],[114.672129,38.429983],[114.671669,38.426069],[114.665594,38.425582],[114.665321,38.421594],[114.65955,38.420792],[114.656996,38.418168],[114.65339,38.403958],[114.654869,38.404316],[114.657222,38.398424],[114.663063,38.396587],[114.663685,38.391797],[114.662893,38.389696],[114.649564,38.379668],[114.640845,38.380243],[114.638621,38.385966],[114.6358,38.385632],[114.631508,38.382606],[114.631598,38.379002],[114.628037,38.380159],[114.622663,38.378594],[114.62015,38.380068],[114.618127,38.378804],[114.618253,38.375441],[114.616139,38.375352],[114.616158,38.372395],[114.610586,38.371288],[114.610891,38.368747],[114.606079,38.367299],[114.593018,38.372235],[114.590004,38.379215],[114.584076,38.380109],[114.573719,38.378611],[114.570873,38.376422],[114.571571,38.370494],[114.575613,38.363536],[114.571998,38.359847],[114.565434,38.360926],[114.558719,38.358719],[114.554284,38.359092],[114.553105,38.362175],[114.54969,38.361941],[114.548382,38.359552],[114.546196,38.359434],[114.54381,38.361181],[114.540286,38.361317],[114.539769,38.359599],[114.537911,38.361612],[114.533333,38.360584],[114.528092,38.362192],[114.526154,38.366539],[114.518843,38.372447],[114.514552,38.371053],[114.513211,38.367321],[114.509965,38.365966],[114.50943,38.363049],[114.506663,38.361629],[114.50709,38.352671],[114.51558,38.352446],[114.505714,38.348768],[114.484984,38.35443],[114.461607,38.366449],[114.455883,38.371183],[114.452292,38.380227],[114.449367,38.383451],[114.444925,38.385474],[114.417732,38.406941],[114.415696,38.412932],[114.398272,38.43703],[114.385782,38.443995],[114.373925,38.440953],[114.367248,38.444049],[114.353366,38.445179],[114.346941,38.448038],[114.339271,38.454858],[114.334316,38.463331],[114.335638,38.470452],[114.345614,38.482739],[114.348702,38.488965],[114.349442,38.495617],[114.346895,38.506117],[114.338367,38.523856],[114.329695,38.528441],[114.327022,38.531878],[114.328696,38.532657],[114.329087,38.535463],[114.317146,38.544775],[114.309445,38.541362],[114.29727,38.538957],[114.294704,38.545608],[114.299809,38.552569],[114.300364,38.556064],[114.299016,38.558185],[114.291868,38.557936],[114.287517,38.555581],[114.283992,38.558226],[114.280028,38.557907],[114.277304,38.560272],[114.275735,38.569407],[114.273678,38.569258],[114.266957,38.58581],[114.257396,38.595989],[114.223091,38.618445],[114.194924,38.640544],[114.177091,38.656589],[114.166753,38.67593],[114.182181,38.676578],[114.212821,38.688184],[114.238115,38.692399],[114.263976,38.698934],[114.311528,38.706489],[114.317684,38.706574],[114.326527,38.703273],[114.341152,38.690201],[114.34823,38.687557],[114.366418,38.686211],[114.383016,38.690566],[114.394341,38.695732],[114.394488,38.700257],[114.396509,38.701566],[114.396993,38.704213],[114.400636,38.702477],[114.402771,38.703502],[114.409147,38.70205],[114.413473,38.7039],[114.419046,38.702245]]]}},{"type":"Feature","properties":{"dt_adcode":"130126"},"geometry":{"type":"Polygon","coordinates":[[[113.839574,38.758387],[113.864689,38.745987],[113.883276,38.746696],[113.893729,38.738513],[113.900943,38.735997],[113.915159,38.723346],[113.93235,38.713596],[113.932729,38.705951],[113.929705,38.702446],[113.938287,38.700479],[113.947369,38.70095],[113.952633,38.698503],[113.964604,38.699785],[113.969978,38.696203],[113.975905,38.687059],[113.981283,38.683586],[113.988183,38.6817],[113.991679,38.676774],[114.012523,38.686417],[114.017047,38.682234],[114.021642,38.682626],[114.028647,38.688518],[114.031573,38.688156],[114.033907,38.682625],[114.039246,38.680181],[114.052134,38.686405],[114.053672,38.685971],[114.053141,38.682026],[114.05482,38.680411],[114.064724,38.678521],[114.067235,38.670626],[114.072898,38.672106],[114.079386,38.671175],[114.079651,38.665267],[114.086119,38.658384],[114.099001,38.661238],[114.110382,38.657791],[114.11808,38.661451],[114.125043,38.659664],[114.128597,38.664098],[114.128368,38.668888],[114.146898,38.678705],[114.153757,38.674919],[114.166753,38.67593],[114.177091,38.656589],[114.194924,38.640544],[114.223091,38.618445],[114.257396,38.595989],[114.266957,38.58581],[114.273678,38.569258],[114.275735,38.569407],[114.277304,38.560272],[114.280028,38.557907],[114.283992,38.558226],[114.287517,38.555581],[114.291868,38.557936],[114.299016,38.558185],[114.300364,38.556064],[114.299809,38.552569],[114.294704,38.545608],[114.29727,38.538957],[114.309445,38.541362],[114.317146,38.544775],[114.329087,38.535463],[114.328696,38.532657],[114.327022,38.531878],[114.329695,38.528441],[114.338367,38.523856],[114.346895,38.506117],[114.349442,38.495617],[114.348702,38.488965],[114.345614,38.482739],[114.335638,38.470452],[114.334316,38.463331],[114.339271,38.454858],[114.346941,38.448038],[114.353366,38.445179],[114.367248,38.444049],[114.373925,38.440953],[114.385782,38.443995],[114.398272,38.43703],[114.408067,38.424456],[114.420023,38.404557],[114.449367,38.383451],[114.452292,38.380227],[114.455883,38.371183],[114.459549,38.367797],[114.484984,38.35443],[114.474353,38.345088],[114.472674,38.334895],[114.45936,38.334182],[114.459985,38.330188],[114.456987,38.326572],[114.452029,38.325526],[114.451553,38.313191],[114.453579,38.307866],[114.45546,38.308106],[114.456796,38.301981],[114.461538,38.301766],[114.461197,38.294107],[114.460059,38.291049],[114.455432,38.291267],[114.45505,38.289347],[114.451201,38.288534],[114.451429,38.28219],[114.448961,38.281759],[114.450705,38.267636],[114.444164,38.267668],[114.442688,38.266336],[114.439968,38.253072],[114.434836,38.249944],[114.429673,38.25004],[114.428985,38.251673],[114.392538,38.251856],[114.393969,38.257637],[114.39081,38.263029],[114.385369,38.266859],[114.385941,38.270194],[114.381745,38.269493],[114.380574,38.272075],[114.366988,38.275029],[114.360656,38.270973],[114.353984,38.269046],[114.34709,38.272025],[114.339404,38.271965],[114.328756,38.267631],[114.325942,38.264211],[114.322453,38.264061],[114.317234,38.257965],[114.314384,38.259625],[114.311733,38.255492],[114.312899,38.251063],[114.282764,38.243606],[114.262807,38.279904],[114.259464,38.294688],[114.26353,38.298863],[114.270183,38.298499],[114.27117,38.308107],[114.275033,38.309601],[114.275239,38.319285],[114.273152,38.318344],[114.268716,38.319661],[114.268839,38.321622],[114.280693,38.327077],[114.281229,38.334734],[114.284088,38.335846],[114.283764,38.339686],[114.278108,38.340422],[114.279562,38.345799],[114.274275,38.345581],[114.273595,38.341441],[114.264526,38.34292],[114.263856,38.348256],[114.268009,38.34728],[114.266959,38.350108],[114.263045,38.350543],[114.260358,38.348514],[114.247819,38.35543],[114.244381,38.35996],[114.245062,38.36529],[114.242071,38.367708],[114.237932,38.368219],[114.233363,38.37411],[114.236261,38.379618],[114.23892,38.380341],[114.239492,38.386246],[114.231729,38.389121],[114.226871,38.38796],[114.224762,38.38551],[114.220142,38.388092],[114.217788,38.384609],[114.202592,38.390217],[114.201455,38.392507],[114.204372,38.395761],[114.204568,38.401276],[114.192853,38.408279],[114.192889,38.415241],[114.191193,38.41814],[114.197962,38.426659],[114.196401,38.440287],[114.192557,38.448474],[114.193737,38.448924],[114.192796,38.451448],[114.188886,38.456014],[114.182849,38.457164],[114.181525,38.463142],[114.184924,38.469829],[114.183659,38.473169],[114.185321,38.474477],[114.180187,38.486248],[114.168289,38.491078],[114.147554,38.488681],[114.145496,38.497049],[114.136228,38.504598],[114.141212,38.508604],[114.145229,38.509273],[114.14586,38.511661],[114.144415,38.513223],[114.141662,38.512881],[114.14107,38.515972],[114.13715,38.512898],[114.130752,38.511426],[114.125359,38.515424],[114.12399,38.519169],[114.11775,38.521707],[114.114874,38.525603],[114.105386,38.529792],[114.097553,38.528981],[114.093011,38.521836],[114.088403,38.52252],[114.078797,38.517215],[114.073122,38.515863],[114.065065,38.509773],[114.065905,38.502663],[114.063621,38.500026],[114.060189,38.499235],[114.058891,38.486869],[114.055457,38.487527],[114.053021,38.485496],[114.045721,38.489906],[114.037588,38.486979],[114.032374,38.488438],[114.028565,38.487682],[114.025527,38.490247],[114.026228,38.495231],[114.016587,38.501727],[114.015057,38.504699],[114.018873,38.507507],[114.021058,38.517879],[114.025793,38.523508],[114.023647,38.527864],[114.030753,38.534749],[114.02507,38.536017],[114.018623,38.534039],[114.016462,38.535958],[114.011702,38.534138],[114.003923,38.536175],[113.994563,38.530432],[113.986819,38.530417],[113.977556,38.534004],[113.970986,38.533594],[113.964861,38.538094],[113.957713,38.539519],[113.951669,38.549225],[113.944816,38.549224],[113.934099,38.553777],[113.929557,38.557796],[113.929576,38.573161],[113.923395,38.58196],[113.907639,38.588475],[113.894054,38.599868],[113.890528,38.608041],[113.894308,38.624636],[113.891857,38.635132],[113.882138,38.652802],[113.881793,38.661968],[113.876242,38.669647],[113.864302,38.668239],[113.857525,38.669696],[113.854193,38.672836],[113.851909,38.67898],[113.852707,38.688857],[113.839702,38.7005],[113.841174,38.715438],[113.83691,38.727734],[113.82973,38.739733],[113.827684,38.747258],[113.829225,38.756439],[113.839574,38.758387]]]}},{"type":"Feature","properties":{"dt_adcode":"130127"},"geometry":{"type":"Polygon","coordinates":[[[114.725981,37.630678],[114.716006,37.625983],[114.717252,37.621409],[114.714849,37.617194],[114.707346,37.615804],[114.698792,37.589364],[114.694868,37.5813],[114.687777,37.57274],[114.687039,37.565167],[114.674925,37.564108],[114.646775,37.556214],[114.624279,37.556638],[114.585187,37.553011],[114.565588,37.556942],[114.539304,37.565867],[114.519943,37.574632],[114.495201,37.578539],[114.483478,37.576833],[114.473628,37.572978],[114.469598,37.580199],[114.468932,37.586568],[114.471312,37.590656],[114.478854,37.595011],[114.489327,37.612835],[114.50316,37.622642],[114.507587,37.636029],[114.512922,37.644307],[114.519891,37.651187],[114.523238,37.66087],[114.523272,37.671783],[114.525455,37.672686],[114.538449,37.670666],[114.538544,37.667847],[114.548331,37.667864],[114.548637,37.671144],[114.553556,37.674108],[114.561249,37.673817],[114.567225,37.679116],[114.570268,37.678148],[114.573119,37.686325],[114.590484,37.677467],[114.591769,37.679604],[114.591247,37.685821],[114.597214,37.688821],[114.598649,37.691195],[114.604875,37.691994],[114.610938,37.690508],[114.611689,37.692724],[114.615458,37.694176],[114.620107,37.693838],[114.620978,37.696748],[114.639427,37.69426],[114.637843,37.693521],[114.637352,37.690574],[114.641089,37.687749],[114.638342,37.681929],[114.637025,37.681953],[114.636143,37.676063],[114.640913,37.675587],[114.640187,37.672817],[114.649678,37.670702],[114.648485,37.663138],[114.652114,37.660775],[114.652732,37.655088],[114.662892,37.657631],[114.665466,37.655164],[114.67176,37.654024],[114.671882,37.649461],[114.674224,37.644944],[114.680566,37.642087],[114.685075,37.643016],[114.685016,37.641131],[114.691586,37.639051],[114.690979,37.636514],[114.698929,37.644931],[114.699091,37.649696],[114.706816,37.649208],[114.708986,37.652878],[114.712111,37.651374],[114.709973,37.650351],[114.709068,37.644555],[114.705509,37.643688],[114.705276,37.640651],[114.702784,37.638993],[114.696983,37.640035],[114.697276,37.637424],[114.700114,37.637012],[114.700249,37.633861],[114.704558,37.63291],[114.723283,37.634732],[114.725981,37.630678]]]}},{"type":"Feature","properties":{"dt_adcode":"130128"},"geometry":{"type":"Polygon","coordinates":[[[115.245684,38.286869],[115.250962,38.287527],[115.25221,38.290944],[115.261821,38.286602],[115.265812,38.287663],[115.265597,38.277506],[115.26607,38.275131],[115.268473,38.275197],[115.26873,38.272705],[115.261142,38.272873],[115.261263,38.265056],[115.264014,38.260554],[115.268508,38.259866],[115.274325,38.256152],[115.271576,38.244803],[115.271539,38.242274],[115.273591,38.240297],[115.292578,38.23474],[115.302778,38.235282],[115.304138,38.241291],[115.306169,38.243342],[115.312415,38.246788],[115.318023,38.246713],[115.324768,38.248976],[115.323677,38.220594],[115.334355,38.220417],[115.333927,38.218027],[115.337061,38.217538],[115.336868,38.214885],[115.347349,38.212895],[115.350935,38.210483],[115.352383,38.207266],[115.35061,38.200888],[115.344858,38.198428],[115.341684,38.193167],[115.34266,38.165463],[115.344597,38.158902],[115.346881,38.15772],[115.345216,38.147694],[115.347625,38.147219],[115.346894,38.139687],[115.364861,38.137902],[115.365828,38.126752],[115.368226,38.126726],[115.368529,38.120482],[115.354792,38.118407],[115.353704,38.116161],[115.33428,38.121487],[115.333189,38.117745],[115.322568,38.119168],[115.323011,38.121311],[115.313216,38.12377],[115.312717,38.120551],[115.29676,38.122485],[115.282619,38.124939],[115.282179,38.134058],[115.270374,38.135009],[115.266867,38.125306],[115.246748,38.127664],[115.245222,38.128043],[115.24562,38.130588],[115.239445,38.131854],[115.227603,38.131464],[115.226265,38.130632],[115.226039,38.125182],[115.216877,38.124486],[115.217204,38.122196],[115.214191,38.122268],[115.214154,38.121155],[115.213526,38.123848],[115.207338,38.127173],[115.205967,38.134183],[115.203339,38.134324],[115.198536,38.133127],[115.19851,38.130877],[115.191496,38.127729],[115.185113,38.128376],[115.180208,38.132337],[115.160907,38.13335],[115.155126,38.131302],[115.14315,38.130701],[115.142585,38.128515],[115.139454,38.127774],[115.1235,38.12832],[115.114103,38.12549],[115.096797,38.126362],[115.0911,38.122662],[115.091733,38.130827],[115.088014,38.130949],[115.088042,38.151769],[115.092998,38.152264],[115.094239,38.159285],[115.093033,38.162279],[115.094884,38.163294],[115.095238,38.167561],[115.096489,38.167592],[115.097272,38.172639],[115.09602,38.173417],[115.10072,38.17305],[115.114508,38.180158],[115.114572,38.187785],[115.107088,38.187973],[115.103499,38.189735],[115.101208,38.205442],[115.098547,38.205864],[115.096883,38.209676],[115.100056,38.21096],[115.099146,38.214106],[115.106691,38.21632],[115.107415,38.225612],[115.10994,38.226111],[115.109686,38.228619],[115.112124,38.230233],[115.112342,38.239387],[115.115752,38.2396],[115.125863,38.250001],[115.129644,38.259648],[115.15231,38.256775],[115.168573,38.259575],[115.171553,38.256034],[115.171946,38.253002],[115.180068,38.250196],[115.179373,38.249127],[115.185997,38.248511],[115.186165,38.243038],[115.189873,38.242394],[115.190451,38.238859],[115.194213,38.236731],[115.207543,38.235262],[115.208403,38.237589],[115.210178,38.236518],[115.212486,38.246304],[115.215204,38.24627],[115.219938,38.251147],[115.221736,38.26042],[115.225127,38.262881],[115.223406,38.263772],[115.223934,38.266833],[115.227101,38.266353],[115.227187,38.26797],[115.225127,38.268274],[115.225885,38.269867],[115.222399,38.272643],[115.223454,38.279054],[115.241735,38.279492],[115.245941,38.281782],[115.245684,38.286869]]]}},{"type":"Feature","properties":{"dt_adcode":"130129"},"geometry":{"type":"Polygon","coordinates":[[[114.201451,37.770136],[114.206447,37.763692],[114.205926,37.758463],[114.211345,37.7548],[114.212522,37.752028],[114.231216,37.747755],[114.233455,37.745054],[114.237152,37.745378],[114.240723,37.742602],[114.247557,37.745651],[114.249408,37.742308],[114.251949,37.742389],[114.258866,37.736857],[114.267714,37.738527],[114.272442,37.751598],[114.27421,37.752839],[114.282244,37.752843],[114.286256,37.759313],[114.302309,37.759494],[114.311198,37.757052],[114.317527,37.761672],[114.321981,37.761552],[114.331011,37.752792],[114.354877,37.746551],[114.363224,37.748827],[114.363485,37.744606],[114.368717,37.741337],[114.37366,37.74071],[114.380612,37.745579],[114.380487,37.751307],[114.375443,37.75224],[114.383716,37.753042],[114.393565,37.758367],[114.396282,37.757769],[114.402153,37.750441],[114.401863,37.747032],[114.405983,37.741932],[114.406081,37.733066],[114.404474,37.73163],[114.403787,37.721708],[114.41122,37.724719],[114.416586,37.721987],[114.423744,37.724092],[114.429427,37.723242],[114.428866,37.71951],[114.432294,37.719366],[114.435524,37.715025],[114.439871,37.703445],[114.446342,37.69852],[114.473299,37.709434],[114.473307,37.705541],[114.476412,37.706343],[114.477124,37.699261],[114.492328,37.704251],[114.492015,37.700318],[114.498411,37.699983],[114.499609,37.697893],[114.4993,37.69498],[114.502539,37.68922],[114.500511,37.6879],[114.499882,37.68352],[114.506516,37.682817],[114.508159,37.678542],[114.512363,37.678323],[114.512818,37.675624],[114.515261,37.676729],[114.515197,37.673966],[114.523272,37.671783],[114.521681,37.654707],[114.507587,37.636029],[114.50316,37.622642],[114.489327,37.612835],[114.478854,37.595011],[114.471312,37.590656],[114.468932,37.586568],[114.469598,37.580199],[114.473628,37.572978],[114.458649,37.56522],[114.458461,37.563542],[114.453524,37.56033],[114.443361,37.555954],[114.421136,37.549918],[114.410037,37.5496],[114.401645,37.544011],[114.395037,37.541726],[114.387227,37.535341],[114.38552,37.531798],[114.372719,37.52964],[114.374117,37.522351],[114.370194,37.513619],[114.358272,37.519199],[114.354279,37.519187],[114.353768,37.514414],[114.340141,37.510657],[114.339299,37.505687],[114.334662,37.502943],[114.321776,37.501414],[114.316475,37.504443],[114.312014,37.502378],[114.31087,37.499965],[114.306988,37.501977],[114.303603,37.507802],[114.301251,37.508916],[114.301831,37.507033],[114.296011,37.505742],[114.290932,37.501853],[114.286319,37.501954],[114.286586,37.492841],[114.282992,37.494329],[114.282749,37.496741],[114.272923,37.494477],[114.271104,37.497702],[114.267461,37.49932],[114.265864,37.497487],[114.261493,37.497425],[114.259548,37.500802],[114.256505,37.500629],[114.255422,37.504069],[114.24858,37.506385],[114.239431,37.506761],[114.237652,37.508721],[114.226606,37.508897],[114.225094,37.511427],[114.220576,37.512686],[114.216213,37.510775],[114.205931,37.522677],[114.20127,37.524032],[114.196095,37.523274],[114.184595,37.530797],[114.176255,37.531087],[114.171751,37.532852],[114.16942,37.530709],[114.162699,37.531082],[114.157357,37.531979],[114.15284,37.535249],[114.155131,37.529971],[114.166101,37.528212],[114.166472,37.526016],[114.164324,37.521492],[114.158476,37.523231],[114.156898,37.521464],[114.156609,37.518374],[114.162284,37.516376],[114.162902,37.513386],[114.161004,37.511612],[114.154235,37.514375],[114.153338,37.510841],[114.157522,37.509203],[114.156178,37.505274],[114.145613,37.503141],[114.139372,37.497808],[114.133756,37.498896],[114.127871,37.488336],[114.126095,37.4814],[114.116523,37.488234],[114.111704,37.494964],[114.10344,37.496396],[114.101661,37.495487],[114.096447,37.490947],[114.085475,37.473188],[114.079766,37.467188],[114.077201,37.459121],[114.074213,37.457431],[114.069193,37.448746],[114.072321,37.439234],[114.068719,37.441743],[114.060954,37.443412],[114.046997,37.438067],[114.028854,37.434872],[114.022694,37.435468],[114.02636,37.447279],[114.028304,37.474579],[114.036774,37.494208],[114.059611,37.515919],[114.090604,37.557673],[114.113328,37.583674],[114.121382,37.596392],[114.12328,37.601457],[114.11537,37.6199],[114.115544,37.625404],[114.117989,37.631388],[114.131126,37.648292],[114.134852,37.661865],[114.138438,37.668553],[114.139712,37.6759],[114.136363,37.690869],[114.145915,37.707132],[114.14951,37.726418],[114.173893,37.755817],[114.196932,37.770317],[114.201451,37.770136]]]}},{"type":"Feature","properties":{"dt_adcode":"130130"},"geometry":{"type":"Polygon","coordinates":[[[114.886175,38.265307],[114.909467,38.262118],[114.90989,38.260994],[114.916494,38.264835],[114.915248,38.266336],[114.915904,38.273154],[114.920104,38.272869],[114.9207,38.277192],[114.924087,38.28065],[114.927657,38.283376],[114.931506,38.283605],[114.948162,38.278084],[114.970068,38.281081],[114.968908,38.278946],[114.974716,38.279425],[114.97432,38.278019],[114.977775,38.277734],[114.981072,38.274175],[114.985695,38.27279],[114.989057,38.273588],[114.990946,38.265087],[114.989066,38.258128],[114.992199,38.255018],[115.000464,38.25353],[115.007612,38.260861],[115.015564,38.26422],[115.03189,38.267115],[115.038427,38.266178],[115.040453,38.262667],[115.045174,38.26112],[115.043865,38.256154],[115.045721,38.255884],[115.049947,38.259821],[115.056488,38.258476],[115.066176,38.264699],[115.066504,38.272546],[115.064247,38.27325],[115.065111,38.27943],[115.056744,38.288319],[115.058636,38.290749],[115.064738,38.293321],[115.071523,38.293197],[115.071641,38.289442],[115.075584,38.288278],[115.075848,38.285085],[115.079984,38.283825],[115.085877,38.276774],[115.097007,38.269984],[115.108103,38.26456],[115.129644,38.259648],[115.125863,38.250001],[115.115752,38.2396],[115.112342,38.239387],[115.112124,38.230233],[115.109686,38.228619],[115.10994,38.226111],[115.107415,38.225612],[115.106691,38.21632],[115.099146,38.214106],[115.100056,38.21096],[115.096883,38.209676],[115.098547,38.205864],[115.101208,38.205442],[115.103499,38.189735],[115.107088,38.187973],[115.114572,38.187785],[115.114508,38.180158],[115.10072,38.17305],[115.096392,38.173877],[115.096489,38.167592],[115.09429,38.170078],[115.090864,38.170902],[115.089632,38.169222],[115.086145,38.169033],[115.084756,38.161662],[115.082167,38.16171],[115.079471,38.165895],[115.077461,38.166292],[115.075478,38.166018],[115.073899,38.162519],[115.064536,38.162016],[115.063932,38.147082],[115.040516,38.131437],[115.040786,38.135256],[115.028143,38.128356],[115.012662,38.106002],[114.992028,38.09137],[114.983389,38.088336],[114.983008,38.090476],[114.969896,38.090443],[114.96545,38.08818],[114.963747,38.085388],[114.943907,38.076841],[114.94011,38.071785],[114.909244,38.067383],[114.904191,38.060984],[114.892393,38.061948],[114.880227,38.05338],[114.880242,38.05034],[114.864963,38.048016],[114.846738,38.047627],[114.845613,38.050083],[114.842064,38.050077],[114.84124,38.054815],[114.835883,38.054028],[114.828313,38.055454],[114.824672,38.060169],[114.824618,38.06418],[114.827904,38.066531],[114.828671,38.082353],[114.831872,38.082056],[114.836537,38.085315],[114.834147,38.087985],[114.833981,38.09087],[114.835395,38.093948],[114.838923,38.094317],[114.838562,38.098799],[114.842419,38.099464],[114.840848,38.102799],[114.825829,38.10303],[114.822766,38.101232],[114.822748,38.107539],[114.820906,38.107709],[114.81995,38.110354],[114.812913,38.110539],[114.811688,38.121992],[114.808861,38.122331],[114.806708,38.131639],[114.803365,38.131918],[114.803597,38.136189],[114.806505,38.13684],[114.808004,38.143836],[114.805058,38.149288],[114.800292,38.14909],[114.795548,38.15098],[114.798903,38.171608],[114.803718,38.169652],[114.804072,38.172516],[114.806849,38.174111],[114.806318,38.179349],[114.80377,38.179862],[114.803735,38.184476],[114.802328,38.185665],[114.786682,38.188203],[114.786921,38.193448],[114.789112,38.197191],[114.79559,38.198628],[114.793252,38.203877],[114.790418,38.205542],[114.792109,38.207983],[114.792824,38.206358],[114.79486,38.206345],[114.794977,38.208942],[114.792229,38.208504],[114.793837,38.214375],[114.795273,38.21323],[114.799002,38.214969],[114.79839,38.225388],[114.800507,38.225867],[114.801143,38.228759],[114.815787,38.231623],[114.82626,38.229046],[114.830278,38.231686],[114.837997,38.23187],[114.838026,38.235694],[114.836715,38.235724],[114.839236,38.254186],[114.843581,38.254858],[114.844058,38.252221],[114.848342,38.251143],[114.849766,38.257597],[114.854933,38.256561],[114.854511,38.259317],[114.857965,38.25919],[114.858125,38.263451],[114.869998,38.261257],[114.873308,38.25751],[114.883701,38.258832],[114.886175,38.265307]]]}},{"type":"Feature","properties":{"dt_adcode":"130131"},"geometry":{"type":"Polygon","coordinates":[[[114.282764,38.243606],[114.259289,38.236389],[114.239634,38.237884],[114.239061,38.230283],[114.235654,38.229854],[114.240032,38.224293],[114.239619,38.221617],[114.236901,38.220669],[114.238883,38.217013],[114.235802,38.215301],[114.23478,38.209385],[114.222907,38.212702],[114.218457,38.216061],[114.208376,38.211008],[114.200393,38.210076],[114.19719,38.207886],[114.197081,38.20318],[114.201843,38.198772],[114.193601,38.191983],[114.199177,38.185627],[114.192347,38.18392],[114.188479,38.180308],[114.189313,38.177172],[114.179757,38.175722],[114.176551,38.176976],[114.166402,38.173449],[114.165083,38.175843],[114.165022,38.186033],[114.156042,38.189672],[114.157897,38.191504],[114.155806,38.191467],[114.156681,38.193111],[114.139386,38.201693],[114.112389,38.203152],[114.096498,38.199936],[114.082364,38.208187],[114.073487,38.203128],[114.065934,38.208389],[114.072349,38.213517],[114.062372,38.217011],[114.053625,38.217779],[114.041515,38.212986],[114.021478,38.198419],[114.004674,38.183134],[113.985589,38.173073],[113.961024,38.166044],[113.955754,38.166602],[113.946209,38.180354],[113.941169,38.18252],[113.935305,38.183297],[113.906331,38.171676],[113.894467,38.183175],[113.885572,38.185633],[113.870963,38.184108],[113.859585,38.191597],[113.853313,38.193948],[113.846543,38.188246],[113.848975,38.183481],[113.847054,38.173876],[113.836144,38.171741],[113.832288,38.167808],[113.822134,38.168674],[113.813691,38.166965],[113.805667,38.162854],[113.796871,38.162865],[113.756578,38.17168],[113.736709,38.171721],[113.731129,38.168343],[113.720601,38.174653],[113.728428,38.177876],[113.730092,38.179424],[113.729504,38.182688],[113.736535,38.186079],[113.738481,38.189511],[113.731949,38.193557],[113.721435,38.190556],[113.715043,38.193738],[113.714241,38.195737],[113.717557,38.205688],[113.715518,38.210659],[113.711729,38.213676],[113.700352,38.207354],[113.686634,38.204882],[113.679085,38.205393],[113.66845,38.210593],[113.657052,38.225583],[113.643065,38.23181],[113.626147,38.232546],[113.598882,38.22715],[113.588632,38.227246],[113.582764,38.228991],[113.570333,38.237408],[113.566256,38.252387],[113.54483,38.270511],[113.544079,38.280529],[113.546061,38.293045],[113.55489,38.319204],[113.557273,38.343478],[113.552229,38.352313],[113.541476,38.358488],[113.534341,38.365226],[113.527823,38.375834],[113.525437,38.383011],[113.538015,38.418043],[113.546424,38.428522],[113.573183,38.449185],[113.583096,38.459756],[113.583495,38.465959],[113.574096,38.475229],[113.561376,38.485754],[113.546553,38.493021],[113.546247,38.494652],[113.557224,38.503986],[113.555529,38.521041],[113.561097,38.533893],[113.562043,38.558315],[113.567178,38.566585],[113.58402,38.572538],[113.589602,38.576141],[113.602804,38.586864],[113.606405,38.592755],[113.608836,38.60061],[113.605435,38.606961],[113.604239,38.6161],[113.609561,38.638243],[113.612869,38.646016],[113.623558,38.651901],[113.63261,38.6531],[113.64708,38.649376],[113.667086,38.646967],[113.691098,38.649257],[113.702132,38.651651],[113.709808,38.655298],[113.713825,38.663697],[113.713732,38.683144],[113.709979,38.698314],[113.713535,38.709305],[113.720679,38.713231],[113.729036,38.711946],[113.745376,38.701538],[113.763066,38.701392],[113.771936,38.705127],[113.775646,38.70984],[113.780423,38.72833],[113.784081,38.736294],[113.796776,38.758139],[113.802924,38.763298],[113.829225,38.756439],[113.827684,38.747258],[113.82973,38.739733],[113.83691,38.727734],[113.841174,38.715438],[113.839702,38.7005],[113.852707,38.688857],[113.851909,38.67898],[113.854193,38.672836],[113.857525,38.669696],[113.864302,38.668239],[113.876242,38.669647],[113.881793,38.661968],[113.882138,38.652802],[113.891857,38.635132],[113.894308,38.624636],[113.890528,38.608041],[113.894054,38.599868],[113.907639,38.588475],[113.923395,38.58196],[113.929576,38.573161],[113.929557,38.557796],[113.934099,38.553777],[113.944816,38.549224],[113.951669,38.549225],[113.957713,38.539519],[113.964861,38.538094],[113.970986,38.533594],[113.977556,38.534004],[113.986819,38.530417],[113.994563,38.530432],[114.003923,38.536175],[114.011702,38.534138],[114.016462,38.535958],[114.018623,38.534039],[114.02507,38.536017],[114.030753,38.534749],[114.023647,38.527864],[114.025793,38.523508],[114.021058,38.517879],[114.018873,38.507507],[114.015057,38.504699],[114.016587,38.501727],[114.026228,38.495231],[114.025527,38.490247],[114.028565,38.487682],[114.032374,38.488438],[114.037588,38.486979],[114.045721,38.489906],[114.053021,38.485496],[114.055457,38.487527],[114.058891,38.486869],[114.060189,38.499235],[114.063621,38.500026],[114.065905,38.502663],[114.065065,38.509773],[114.073122,38.515863],[114.078797,38.517215],[114.088403,38.52252],[114.093011,38.521836],[114.097553,38.528981],[114.105386,38.529792],[114.114874,38.525603],[114.11775,38.521707],[114.12399,38.519169],[114.125359,38.515424],[114.130752,38.511426],[114.13715,38.512898],[114.14107,38.515972],[114.141662,38.512881],[114.144415,38.513223],[114.14586,38.511661],[114.145229,38.509273],[114.141212,38.508604],[114.136228,38.504598],[114.145496,38.497049],[114.147554,38.488681],[114.168289,38.491078],[114.180187,38.486248],[114.185321,38.474477],[114.183659,38.473169],[114.184924,38.469829],[114.181525,38.463142],[114.182849,38.457164],[114.188886,38.456014],[114.192796,38.451448],[114.193737,38.448924],[114.192557,38.448474],[114.196401,38.440287],[114.197962,38.426659],[114.191193,38.41814],[114.192889,38.415241],[114.192853,38.408279],[114.204568,38.401276],[114.204372,38.395761],[114.201455,38.392507],[114.202592,38.390217],[114.217788,38.384609],[114.220142,38.388092],[114.224762,38.38551],[114.226871,38.38796],[114.231729,38.389121],[114.239492,38.386246],[114.23892,38.380341],[114.236261,38.379618],[114.233363,38.37411],[114.237932,38.368219],[114.242071,38.367708],[114.245062,38.36529],[114.244381,38.35996],[114.247819,38.35543],[114.260358,38.348514],[114.263045,38.350543],[114.266959,38.350108],[114.268009,38.34728],[114.263856,38.348256],[114.264526,38.34292],[114.273595,38.341441],[114.274275,38.345581],[114.279562,38.345799],[114.278108,38.340422],[114.283764,38.339686],[114.284088,38.335846],[114.281229,38.334734],[114.280693,38.327077],[114.268839,38.321622],[114.268716,38.319661],[114.273152,38.318344],[114.275239,38.319285],[114.275033,38.309601],[114.27117,38.308107],[114.270183,38.298499],[114.26353,38.298863],[114.259464,38.294688],[114.262807,38.279904],[114.282764,38.243606]]]}},{"type":"Feature","properties":{"dt_adcode":"130132"},"geometry":{"type":"Polygon","coordinates":[[[114.523272,37.671783],[114.515197,37.673966],[114.515261,37.676729],[114.512818,37.675624],[114.512363,37.678323],[114.508159,37.678542],[114.506516,37.682817],[114.499882,37.68352],[114.500511,37.6879],[114.502539,37.68922],[114.4993,37.69498],[114.499609,37.697893],[114.498411,37.699983],[114.492015,37.700318],[114.492328,37.704251],[114.477124,37.699261],[114.476412,37.706343],[114.473307,37.705541],[114.473299,37.709434],[114.446342,37.69852],[114.439871,37.703445],[114.435524,37.715025],[114.432294,37.719366],[114.428866,37.71951],[114.429427,37.723242],[114.423744,37.724092],[114.416586,37.721987],[114.41122,37.724719],[114.403787,37.721708],[114.404474,37.73163],[114.406081,37.733066],[114.405983,37.741932],[114.401863,37.747032],[114.402153,37.750441],[114.396282,37.757769],[114.393565,37.758367],[114.383716,37.753042],[114.375443,37.75224],[114.380487,37.751307],[114.380612,37.745579],[114.37366,37.74071],[114.368717,37.741337],[114.363485,37.744606],[114.363224,37.748827],[114.354877,37.746551],[114.331011,37.752792],[114.321981,37.761552],[114.317527,37.761672],[114.311198,37.757052],[114.302309,37.759494],[114.286256,37.759313],[114.282244,37.752843],[114.27421,37.752839],[114.272442,37.751598],[114.267714,37.738527],[114.258866,37.736857],[114.251949,37.742389],[114.249408,37.742308],[114.247557,37.745651],[114.240723,37.742602],[114.237152,37.745378],[114.233455,37.745054],[114.231216,37.747755],[114.212522,37.752028],[114.211345,37.7548],[114.205926,37.758463],[114.206447,37.763692],[114.201451,37.770136],[114.202886,37.772614],[114.211128,37.777812],[114.212159,37.783322],[114.212592,37.789739],[114.209391,37.804586],[114.208812,37.818548],[114.203247,37.822371],[114.188508,37.824706],[114.181785,37.828971],[114.178498,37.834198],[114.178394,37.839006],[114.181095,37.84729],[114.185336,37.850775],[114.195677,37.852505],[114.205256,37.851159],[114.206684,37.848775],[114.210304,37.850613],[114.215295,37.846843],[114.220301,37.846342],[114.2259,37.8531],[114.2364,37.852356],[114.237897,37.859587],[114.234691,37.86673],[114.234831,37.870146],[114.238461,37.874752],[114.235985,37.87914],[114.227981,37.88417],[114.235947,37.889688],[114.230847,37.900132],[114.236564,37.903825],[114.239406,37.908874],[114.237728,37.91646],[114.238714,37.918755],[114.24681,37.921796],[114.252826,37.919418],[114.267053,37.923295],[114.271831,37.919393],[114.278711,37.917139],[114.273257,37.915777],[114.264781,37.907247],[114.271979,37.897466],[114.281537,37.896841],[114.291324,37.892982],[114.291854,37.894779],[114.295625,37.895555],[114.294476,37.89599],[114.301601,37.897712],[114.300872,37.900071],[114.29537,37.899956],[114.298406,37.904351],[114.3026,37.900732],[114.306857,37.901966],[114.310554,37.906993],[114.312568,37.907463],[114.312832,37.904961],[114.320289,37.896001],[114.326301,37.894575],[114.339007,37.900019],[114.337744,37.89301],[114.340278,37.894019],[114.343416,37.892056],[114.34214,37.889803],[114.343482,37.889452],[114.352071,37.893224],[114.360676,37.890954],[114.369062,37.891951],[114.369614,37.890444],[114.374531,37.888685],[114.374774,37.889869],[114.386539,37.888284],[114.39282,37.890637],[114.398867,37.890405],[114.399035,37.887768],[114.394593,37.886518],[114.401926,37.887569],[114.399123,37.89473],[114.413417,37.897869],[114.414001,37.899862],[114.418812,37.898369],[114.430379,37.902302],[114.429032,37.908235],[114.446695,37.920479],[114.453006,37.919691],[114.453733,37.917099],[114.459917,37.916097],[114.461584,37.916315],[114.46148,37.917953],[114.467311,37.918194],[114.471903,37.921024],[114.478793,37.921312],[114.480286,37.924155],[114.4834,37.925635],[114.489882,37.923526],[114.490328,37.921671],[114.495093,37.919106],[114.496147,37.912033],[114.494014,37.912095],[114.493534,37.90155],[114.4885,37.899122],[114.49016,37.889203],[114.498527,37.889167],[114.505871,37.894259],[114.510123,37.894023],[114.512869,37.891601],[114.512078,37.889198],[114.516378,37.888573],[114.532089,37.89064],[114.534379,37.886333],[114.537583,37.886561],[114.53747,37.882112],[114.527199,37.879291],[114.526398,37.876454],[114.533828,37.870144],[114.537961,37.869527],[114.539506,37.869939],[114.53922,37.871581],[114.543146,37.871999],[114.552627,37.868567],[114.553249,37.859037],[114.545767,37.859144],[114.538462,37.854611],[114.539811,37.851394],[114.537235,37.850469],[114.53794,37.834189],[114.541528,37.834373],[114.541363,37.830938],[114.562417,37.827634],[114.571743,37.822326],[114.574028,37.817266],[114.584159,37.816247],[114.585253,37.814494],[114.598531,37.817193],[114.599174,37.819851],[114.613404,37.823368],[114.617832,37.829407],[114.62036,37.828194],[114.623052,37.824106],[114.619245,37.812683],[114.62037,37.802869],[114.627451,37.801388],[114.62756,37.79897],[114.631471,37.799113],[114.627933,37.797537],[114.628942,37.792076],[114.631224,37.791377],[114.630743,37.782868],[114.636015,37.781231],[114.636435,37.778143],[114.640613,37.774664],[114.640611,37.770671],[114.635934,37.770437],[114.619616,37.776185],[114.612666,37.774442],[114.608993,37.770514],[114.608977,37.767955],[114.61779,37.76459],[114.615869,37.761806],[114.612134,37.762473],[114.612251,37.764824],[114.60947,37.764698],[114.609773,37.757613],[114.612504,37.754865],[114.619739,37.753287],[114.619658,37.750332],[114.624723,37.749594],[114.624969,37.746581],[114.628521,37.745389],[114.624152,37.731097],[114.627265,37.728885],[114.627155,37.726901],[114.630572,37.725063],[114.640917,37.724203],[114.64048,37.720471],[114.648671,37.717921],[114.647909,37.711958],[114.645523,37.711516],[114.644823,37.699907],[114.64225,37.695065],[114.636592,37.694433],[114.620978,37.696748],[114.620107,37.693838],[114.615458,37.694176],[114.611689,37.692724],[114.610938,37.690508],[114.604875,37.691994],[114.598649,37.691195],[114.597214,37.688821],[114.591247,37.685821],[114.591769,37.679604],[114.590484,37.677467],[114.57268,37.686206],[114.570268,37.678148],[114.567225,37.679116],[114.561249,37.673817],[114.553556,37.674108],[114.548637,37.671144],[114.548331,37.667864],[114.538544,37.667847],[114.538449,37.670666],[114.525455,37.672686],[114.523272,37.671783]]]}},{"type":"Feature","properties":{"dt_adcode":"130133"},"geometry":{"type":"Polygon","coordinates":[[[115.072287,37.794126],[115.069455,37.789921],[115.072064,37.786136],[115.084558,37.783848],[115.085288,37.779235],[115.068705,37.773433],[115.068579,37.771249],[115.066796,37.770943],[115.069884,37.754982],[115.067284,37.754623],[115.069236,37.744605],[115.056629,37.741963],[115.055737,37.740111],[115.041021,37.733561],[115.032086,37.73975],[115.03329,37.743782],[115.032048,37.745143],[115.023996,37.745548],[115.01911,37.74902],[115.014725,37.748954],[115.014294,37.752069],[115.011346,37.75452],[115.007556,37.754475],[115.009051,37.751708],[115.012508,37.751544],[115.011876,37.741772],[115.005885,37.741065],[115.004417,37.736389],[115.001777,37.734707],[114.990804,37.735747],[114.987905,37.738246],[114.98753,37.742685],[114.983723,37.741897],[114.983197,37.738434],[114.979739,37.738641],[114.976205,37.730401],[114.971576,37.729405],[114.967867,37.724647],[114.96018,37.720054],[114.938906,37.721825],[114.938601,37.726081],[114.935102,37.726666],[114.933318,37.732747],[114.931827,37.728874],[114.919366,37.728048],[114.914602,37.730281],[114.908519,37.728682],[114.904056,37.729313],[114.903838,37.724356],[114.900386,37.717707],[114.898043,37.716759],[114.897633,37.713309],[114.895996,37.712522],[114.887935,37.715971],[114.881389,37.716125],[114.875885,37.706277],[114.873495,37.705333],[114.871336,37.706761],[114.871017,37.702148],[114.863488,37.702715],[114.861226,37.696725],[114.856172,37.698197],[114.847794,37.696726],[114.846474,37.690521],[114.842513,37.6855],[114.840853,37.686057],[114.842883,37.678796],[114.841497,37.676131],[114.831157,37.677886],[114.832283,37.673342],[114.829162,37.675488],[114.826785,37.669975],[114.820388,37.669837],[114.817971,37.668131],[114.817443,37.664526],[114.814681,37.661134],[114.808599,37.659826],[114.808214,37.652379],[114.805329,37.650894],[114.801801,37.642713],[114.803781,37.634174],[114.80064,37.631062],[114.798417,37.632598],[114.7974,37.628258],[114.793837,37.627278],[114.781223,37.630824],[114.781885,37.627174],[114.773343,37.62492],[114.764587,37.624376],[114.733434,37.629091],[114.725981,37.630678],[114.723283,37.634732],[114.708464,37.632775],[114.700249,37.633861],[114.700114,37.637012],[114.697276,37.637424],[114.69639,37.63932],[114.702784,37.638993],[114.705276,37.640651],[114.705509,37.643688],[114.709068,37.644555],[114.709973,37.650351],[114.712111,37.651374],[114.708986,37.652878],[114.706816,37.649208],[114.699091,37.649696],[114.698929,37.644931],[114.690979,37.636514],[114.691586,37.639051],[114.685016,37.641131],[114.685075,37.643016],[114.680566,37.642087],[114.674224,37.644944],[114.671882,37.649461],[114.67176,37.654024],[114.665466,37.655164],[114.662892,37.657631],[114.652732,37.655088],[114.652114,37.660775],[114.648485,37.663138],[114.649678,37.670702],[114.640187,37.672817],[114.640913,37.675587],[114.636143,37.676063],[114.637025,37.681953],[114.638342,37.681929],[114.641089,37.687749],[114.637352,37.690574],[114.637843,37.693521],[114.643031,37.695434],[114.644823,37.699907],[114.645523,37.711516],[114.647909,37.711958],[114.648671,37.717921],[114.64048,37.720471],[114.640917,37.724203],[114.630572,37.725063],[114.627155,37.726901],[114.627265,37.728885],[114.624152,37.731097],[114.628521,37.745389],[114.624969,37.746581],[114.624723,37.749594],[114.619658,37.750332],[114.619739,37.753287],[114.612504,37.754865],[114.609015,37.760778],[114.60947,37.764698],[114.612251,37.764824],[114.612134,37.762473],[114.615869,37.761806],[114.61779,37.76459],[114.608977,37.767955],[114.608993,37.770514],[114.612666,37.774442],[114.619616,37.776185],[114.635934,37.770437],[114.640611,37.770671],[114.640613,37.774664],[114.636435,37.778143],[114.636015,37.781231],[114.630743,37.782868],[114.630214,37.784894],[114.631224,37.791377],[114.628942,37.792076],[114.627933,37.797537],[114.628383,37.798794],[114.631359,37.798837],[114.629771,37.800327],[114.63254,37.802214],[114.650696,37.804037],[114.652688,37.80029],[114.658929,37.796168],[114.668287,37.795748],[114.677196,37.79925],[114.686689,37.806177],[114.705481,37.810634],[114.706231,37.813579],[114.709419,37.811288],[114.7152,37.812545],[114.713537,37.814557],[114.716129,37.814443],[114.718628,37.822136],[114.738629,37.82475],[114.75704,37.830215],[114.762031,37.833465],[114.763446,37.838364],[114.755211,37.850398],[114.750116,37.861073],[114.752286,37.864016],[114.781179,37.864209],[114.784908,37.872168],[114.802773,37.888084],[114.81095,37.880816],[114.818798,37.876749],[114.835254,37.875716],[114.868111,37.878003],[114.879994,37.874885],[114.897487,37.868309],[114.902592,37.862074],[114.900631,37.861755],[114.900562,37.857821],[114.905434,37.857288],[114.905728,37.853952],[114.907226,37.854042],[114.90746,37.856858],[114.909129,37.854432],[114.912081,37.853808],[114.915656,37.854164],[114.915656,37.855506],[114.934049,37.85773],[114.938208,37.855641],[114.938196,37.852729],[114.940069,37.850722],[114.943044,37.851014],[114.943432,37.852696],[114.950189,37.853217],[114.950433,37.851779],[114.952169,37.851723],[114.954538,37.853704],[114.954554,37.85584],[114.962373,37.856493],[114.966292,37.859801],[114.973508,37.860422],[114.973801,37.858246],[114.987399,37.859567],[114.986247,37.87979],[114.994173,37.879724],[114.995153,37.876192],[115.002648,37.876875],[115.003329,37.870434],[114.999487,37.866835],[114.999319,37.862252],[114.999869,37.860812],[115.002778,37.860597],[115.002747,37.851438],[115.006916,37.851374],[115.008773,37.849544],[115.035825,37.809719],[115.048679,37.797462],[115.063495,37.792311],[115.072287,37.794126]]]}},{"type":"Feature","properties":{"dt_adcode":"130181"},"geometry":{"type":"Polygon","coordinates":[[[115.354792,38.118407],[115.373753,38.120202],[115.375971,38.117626],[115.372961,38.105876],[115.379327,38.104196],[115.378936,38.100569],[115.382411,38.100026],[115.382075,38.098153],[115.384596,38.097564],[115.383083,38.089992],[115.384259,38.088238],[115.391364,38.086812],[115.392534,38.090934],[115.399474,38.092049],[115.407303,38.090579],[115.408839,38.095564],[115.416877,38.095008],[115.41615,38.092591],[115.417499,38.09109],[115.426312,38.089212],[115.429406,38.085182],[115.444226,38.082019],[115.447337,38.082509],[115.449367,38.086459],[115.452243,38.086243],[115.454495,38.091339],[115.458812,38.091488],[115.462137,38.094103],[115.465649,38.093386],[115.465798,38.095141],[115.468086,38.095148],[115.468459,38.091268],[115.473328,38.090493],[115.474504,38.086011],[115.482977,38.083985],[115.481664,38.074676],[115.477569,38.074917],[115.474475,38.067575],[115.463307,38.066336],[115.462611,38.063967],[115.466754,38.063546],[115.464559,38.053086],[115.462094,38.052914],[115.458979,38.042523],[115.459972,38.03777],[115.458538,38.032164],[115.451948,38.030084],[115.447853,38.031181],[115.447232,38.025843],[115.450485,38.025382],[115.451359,38.017303],[115.448116,38.014056],[115.442105,38.013949],[115.441264,38.011215],[115.437464,38.011381],[115.437573,38.004355],[115.436115,38.003443],[115.438359,38.00317],[115.439242,38.000929],[115.440039,38.002124],[115.445216,38.001676],[115.445572,38.003047],[115.454361,38.002307],[115.454389,37.999714],[115.463286,37.998395],[115.462297,37.995266],[115.464193,37.992992],[115.448622,37.991383],[115.445016,37.98919],[115.444129,37.984909],[115.44569,37.985002],[115.445044,37.977776],[115.456002,37.974553],[115.458141,37.97203],[115.456409,37.966819],[115.456872,37.957676],[115.464181,37.954106],[115.460712,37.950105],[115.457586,37.950751],[115.453924,37.94324],[115.451228,37.943657],[115.448589,37.936574],[115.442562,37.936111],[115.442207,37.934361],[115.432242,37.93685],[115.431933,37.9393],[115.422215,37.943786],[115.412794,37.943263],[115.413388,37.935798],[115.411481,37.935587],[115.412053,37.928866],[115.413608,37.929829],[115.413512,37.928674],[115.412569,37.923806],[115.408666,37.918907],[115.39369,37.919698],[115.391426,37.925],[115.390429,37.918317],[115.385817,37.917222],[115.384328,37.911489],[115.386311,37.911068],[115.383614,37.90773],[115.376112,37.905514],[115.365479,37.906292],[115.36528,37.895841],[115.362972,37.896352],[115.36262,37.888907],[115.360391,37.888486],[115.360322,37.880057],[115.374995,37.878236],[115.37449,37.876296],[115.376197,37.875575],[115.389803,37.874618],[115.392016,37.862217],[115.391183,37.857665],[115.387865,37.857726],[115.390133,37.853569],[115.37508,37.853362],[115.375185,37.848497],[115.371389,37.849052],[115.371699,37.852557],[115.367356,37.85237],[115.366214,37.849741],[115.363031,37.849843],[115.361891,37.840949],[115.359858,37.838586],[115.361425,37.833089],[115.360171,37.820246],[115.358199,37.816782],[115.353991,37.817836],[115.352621,37.815394],[115.349737,37.805754],[115.351576,37.803634],[115.34983,37.791875],[115.351221,37.791314],[115.352348,37.78404],[115.364672,37.782791],[115.371183,37.775133],[115.371639,37.770356],[115.3678,37.770819],[115.3666,37.767972],[115.364502,37.768239],[115.363505,37.762139],[115.360689,37.761681],[115.361194,37.759219],[115.356344,37.762606],[115.355247,37.760868],[115.351256,37.762539],[115.347353,37.757841],[115.345535,37.759076],[115.344452,37.748161],[115.349441,37.747277],[115.349306,37.739976],[115.355717,37.737632],[115.355138,37.735403],[115.357225,37.733387],[115.368518,37.729747],[115.36921,37.732366],[115.372724,37.73239],[115.386176,37.727055],[115.386679,37.722325],[115.394368,37.718791],[115.394301,37.712134],[115.390991,37.712279],[115.387115,37.709283],[115.380972,37.707416],[115.346364,37.713363],[115.339242,37.716141],[115.33533,37.714457],[115.333746,37.713191],[115.331368,37.704051],[115.321688,37.700015],[115.321286,37.694629],[115.317062,37.69536],[115.316028,37.69287],[115.315742,37.688647],[115.3198,37.688233],[115.325583,37.682426],[115.325934,37.679986],[115.316868,37.660099],[115.300703,37.659382],[115.298548,37.65103],[115.300359,37.649335],[115.299394,37.645672],[115.296811,37.645239],[115.294359,37.639072],[115.294318,37.636219],[115.298659,37.634741],[115.297405,37.629573],[115.294501,37.630849],[115.282041,37.629982],[115.278072,37.635709],[115.274459,37.637374],[115.268146,37.636664],[115.258333,37.639594],[115.255082,37.645633],[115.256464,37.645794],[115.257516,37.654136],[115.253801,37.671394],[115.262219,37.674496],[115.261459,37.688207],[115.25853,37.689289],[115.252852,37.701974],[115.248126,37.703819],[115.245414,37.716958],[115.243235,37.718683],[115.243262,37.72265],[115.235054,37.722898],[115.234314,37.726011],[115.230038,37.725811],[115.229644,37.729541],[115.227776,37.729502],[115.227295,37.73258],[115.219306,37.73448],[115.219078,37.737384],[115.213196,37.736239],[115.208754,37.740364],[115.199386,37.740564],[115.197664,37.746943],[115.193095,37.747341],[115.193063,37.748857],[115.188054,37.74803],[115.186976,37.745544],[115.177301,37.750537],[115.172589,37.749348],[115.170283,37.751467],[115.167899,37.758517],[115.160442,37.759272],[115.155666,37.762899],[115.154754,37.759629],[115.152746,37.759535],[115.149643,37.775062],[115.160265,37.780262],[115.159562,37.7864],[115.161969,37.78668],[115.154578,37.793998],[115.152809,37.801414],[115.149976,37.801046],[115.149583,37.804193],[115.152425,37.804202],[115.151858,37.807854],[115.146493,37.807459],[115.144592,37.810698],[115.145369,37.818754],[115.149856,37.818602],[115.14917,37.827407],[115.144033,37.827602],[115.143659,37.829158],[115.144128,37.834707],[115.14883,37.835012],[115.148122,37.847968],[115.138895,37.849196],[115.138411,37.847926],[115.135414,37.848073],[115.134164,37.851079],[115.129688,37.853116],[115.120379,37.8546],[115.120456,37.857361],[115.125076,37.858173],[115.128544,37.864084],[115.133196,37.863359],[115.133078,37.86929],[115.135149,37.86954],[115.135608,37.87227],[115.138077,37.871826],[115.140804,37.875031],[115.149213,37.873071],[115.14926,37.876617],[115.152231,37.876823],[115.152236,37.879903],[115.155725,37.879753],[115.156801,37.892592],[115.155336,37.893061],[115.155529,37.897856],[115.151155,37.898032],[115.150509,37.909769],[115.152206,37.911067],[115.152657,37.915782],[115.160483,37.915892],[115.161717,37.918048],[115.159994,37.922697],[115.163689,37.922373],[115.163853,37.924142],[115.167889,37.923762],[115.168884,37.924962],[115.168144,37.927719],[115.163917,37.927943],[115.16221,37.932465],[115.158668,37.933541],[115.158539,37.936311],[115.155236,37.93668],[115.15501,37.939708],[115.152477,37.941886],[115.150707,37.942228],[115.14916,37.939061],[115.146553,37.941282],[115.147271,37.943174],[115.144282,37.943531],[115.145043,37.94888],[115.146829,37.947662],[115.147326,37.95183],[115.150874,37.949343],[115.160471,37.949256],[115.162772,37.95172],[115.170611,37.953797],[115.171929,37.955537],[115.171509,37.960323],[115.169532,37.960323],[115.169194,37.964604],[115.171293,37.966838],[115.174686,37.966583],[115.174256,37.973532],[115.177058,37.973068],[115.177091,37.982563],[115.181249,37.984476],[115.188379,37.984525],[115.18844,37.987924],[115.193054,37.987851],[115.195121,37.989612],[115.195382,38.004566],[115.194054,38.004414],[115.193859,38.00977],[115.203914,38.008881],[115.204069,38.00743],[115.21049,38.010647],[115.211685,38.021019],[115.188521,38.022546],[115.187251,38.025263],[115.189482,38.033346],[115.210714,38.036219],[115.209368,38.042024],[115.210825,38.047701],[115.22085,38.048002],[115.221382,38.049245],[115.219938,38.057761],[115.216509,38.061748],[115.212531,38.062029],[115.210461,38.064004],[115.198224,38.06395],[115.196831,38.068668],[115.192549,38.070694],[115.200394,38.085559],[115.206898,38.093167],[115.209221,38.093154],[115.210312,38.098047],[115.215941,38.09849],[115.214191,38.122268],[115.217204,38.122196],[115.216877,38.124486],[115.226039,38.125182],[115.226265,38.130632],[115.227603,38.131464],[115.239445,38.131854],[115.24562,38.130588],[115.245222,38.128043],[115.246748,38.127664],[115.266867,38.125306],[115.270374,38.135009],[115.282179,38.134058],[115.282619,38.124939],[115.29676,38.122485],[115.312717,38.120551],[115.313216,38.12377],[115.323011,38.121311],[115.322568,38.119168],[115.333189,38.117745],[115.33428,38.121487],[115.353704,38.116161],[115.354792,38.118407]]]}},{"type":"Feature","properties":{"dt_adcode":"130183"},"geometry":{"type":"Polygon","coordinates":[[[115.144592,37.810698],[115.146412,37.804482],[115.143422,37.805101],[115.143566,37.801889],[115.135238,37.801027],[115.134004,37.799151],[115.131189,37.79979],[115.130198,37.803986],[115.124572,37.804949],[115.122978,37.811474],[115.119708,37.812803],[115.108772,37.812657],[115.108479,37.810015],[115.097468,37.807828],[115.097212,37.797488],[115.092909,37.797554],[115.093026,37.795115],[115.086191,37.796028],[115.063495,37.792311],[115.048679,37.797462],[115.035825,37.809719],[115.008773,37.849544],[115.006916,37.851374],[115.002747,37.851438],[115.002778,37.860597],[114.999869,37.860812],[114.999319,37.862252],[114.999487,37.866835],[115.003329,37.870434],[115.002648,37.876875],[114.995153,37.876192],[114.994173,37.879724],[114.979766,37.88027],[114.979483,37.884204],[114.977504,37.884423],[114.977511,37.888247],[114.973533,37.888204],[114.970508,37.897717],[114.967159,37.897919],[114.967055,37.901776],[114.964782,37.902871],[114.968517,37.914239],[114.971092,37.913898],[114.972878,37.918003],[114.980381,37.919549],[114.980403,37.928455],[114.977378,37.930984],[114.977408,37.936743],[114.974648,37.937027],[114.974245,37.940173],[114.977656,37.946792],[114.981518,37.968343],[114.974307,37.993236],[114.975032,38.008352],[114.97229,38.021606],[114.974216,38.033301],[114.981109,38.042063],[114.981937,38.046648],[114.978584,38.062642],[114.983389,38.088336],[114.992028,38.09137],[115.012662,38.106002],[115.028143,38.128356],[115.040786,38.135256],[115.040516,38.131437],[115.063932,38.147082],[115.064536,38.162016],[115.073899,38.162519],[115.075478,38.166018],[115.077461,38.166292],[115.079471,38.165895],[115.082167,38.16171],[115.084756,38.161662],[115.086017,38.168882],[115.089632,38.169222],[115.090864,38.170902],[115.09429,38.170078],[115.095238,38.167561],[115.094884,38.163294],[115.093033,38.162279],[115.094239,38.159285],[115.092998,38.152264],[115.088042,38.151769],[115.088014,38.130949],[115.091733,38.130827],[115.0911,38.122662],[115.096797,38.126362],[115.114103,38.12549],[115.1235,38.12832],[115.139454,38.127774],[115.142585,38.128515],[115.14315,38.130701],[115.155126,38.131302],[115.160907,38.13335],[115.180208,38.132337],[115.185113,38.128376],[115.191496,38.127729],[115.19851,38.130877],[115.198536,38.133127],[115.203339,38.134324],[115.205967,38.134183],[115.207338,38.127173],[115.213526,38.123848],[115.214154,38.121155],[115.215941,38.09849],[115.210312,38.098047],[115.209221,38.093154],[115.206898,38.093167],[115.200394,38.085559],[115.192549,38.070694],[115.196831,38.068668],[115.198224,38.06395],[115.210461,38.064004],[115.212531,38.062029],[115.216509,38.061748],[115.219938,38.057761],[115.221382,38.049245],[115.22085,38.048002],[115.210825,38.047701],[115.209368,38.042024],[115.210714,38.036219],[115.189482,38.033346],[115.187251,38.025263],[115.188521,38.022546],[115.211685,38.021019],[115.21049,38.010647],[115.204069,38.00743],[115.203914,38.008881],[115.193859,38.00977],[115.194054,38.004414],[115.195382,38.004566],[115.195121,37.989612],[115.193054,37.987851],[115.18844,37.987924],[115.188379,37.984525],[115.181249,37.984476],[115.177091,37.982563],[115.177058,37.973068],[115.174256,37.973532],[115.174686,37.966583],[115.171293,37.966838],[115.169194,37.964604],[115.169532,37.960323],[115.171509,37.960323],[115.171929,37.955537],[115.170611,37.953797],[115.162772,37.95172],[115.160471,37.949256],[115.150874,37.949343],[115.147326,37.95183],[115.146829,37.947662],[115.145043,37.94888],[115.144282,37.943531],[115.147271,37.943174],[115.146553,37.941282],[115.14916,37.939061],[115.150707,37.942228],[115.152477,37.941886],[115.15501,37.939708],[115.155236,37.93668],[115.158539,37.936311],[115.158668,37.933541],[115.16221,37.932465],[115.163917,37.927943],[115.168144,37.927719],[115.168884,37.924962],[115.167889,37.923762],[115.163853,37.924142],[115.163689,37.922373],[115.159994,37.922697],[115.161717,37.918048],[115.160483,37.915892],[115.152657,37.915782],[115.152206,37.911067],[115.150509,37.909769],[115.151155,37.898032],[115.155529,37.897856],[115.155336,37.893061],[115.156801,37.892592],[115.155725,37.879753],[115.152236,37.879903],[115.152231,37.876823],[115.14926,37.876617],[115.149213,37.873071],[115.140804,37.875031],[115.138077,37.871826],[115.135608,37.87227],[115.135149,37.86954],[115.133078,37.86929],[115.133196,37.863359],[115.128544,37.864084],[115.125076,37.858173],[115.120456,37.857361],[115.120379,37.8546],[115.129688,37.853116],[115.134164,37.851079],[115.135414,37.848073],[115.138411,37.847926],[115.138895,37.849196],[115.148122,37.847968],[115.14883,37.835012],[115.144128,37.834707],[115.143659,37.829158],[115.144033,37.827602],[115.14917,37.827407],[115.149856,37.818602],[115.144995,37.817857],[115.144592,37.810698]]]}},{"type":"Feature","properties":{"dt_adcode":"130184"},"geometry":{"type":"Polygon","coordinates":[[[114.610969,38.278154],[114.604756,38.276735],[114.60509,38.26896],[114.601669,38.27161],[114.597771,38.272029],[114.596788,38.278776],[114.579567,38.280921],[114.575477,38.288591],[114.578402,38.293081],[114.576314,38.29558],[114.575794,38.299838],[114.577448,38.303244],[114.571897,38.308328],[114.558809,38.308291],[114.54666,38.303095],[114.541898,38.305759],[114.531089,38.3192],[114.532996,38.324887],[114.539857,38.325009],[114.541208,38.330079],[114.542736,38.329802],[114.54435,38.344296],[114.527352,38.345078],[114.527559,38.353462],[114.523264,38.354782],[114.521175,38.35368],[114.520301,38.357852],[114.517123,38.352378],[114.50709,38.352671],[114.506663,38.361629],[114.50943,38.363049],[114.509965,38.365966],[114.513211,38.367321],[114.514552,38.371053],[114.518843,38.372447],[114.526154,38.366539],[114.527066,38.362943],[114.533333,38.360584],[114.537911,38.361612],[114.539769,38.359599],[114.540286,38.361317],[114.542515,38.361327],[114.548382,38.359552],[114.548767,38.361475],[114.553105,38.362175],[114.554913,38.358829],[114.565434,38.360926],[114.568488,38.361002],[114.56897,38.359451],[114.571998,38.359847],[114.575613,38.363536],[114.571571,38.370494],[114.570873,38.376422],[114.573719,38.378611],[114.584076,38.380109],[114.590004,38.379215],[114.593018,38.372235],[114.606079,38.367299],[114.610891,38.368747],[114.610586,38.371288],[114.616158,38.372395],[114.616139,38.375352],[114.618253,38.375441],[114.618127,38.378804],[114.62015,38.380068],[114.622663,38.378594],[114.628037,38.380159],[114.631598,38.379002],[114.631508,38.382606],[114.6358,38.385632],[114.638621,38.385966],[114.640845,38.380243],[114.649564,38.379668],[114.662893,38.389696],[114.663685,38.391797],[114.663063,38.396587],[114.657222,38.398424],[114.654869,38.404316],[114.65339,38.403958],[114.656996,38.418168],[114.65955,38.420792],[114.665321,38.421594],[114.665594,38.425582],[114.671669,38.426069],[114.672129,38.429983],[114.688509,38.43515],[114.694277,38.440026],[114.694258,38.449734],[114.681434,38.46048],[114.673671,38.473447],[114.680998,38.479404],[114.702096,38.489114],[114.716351,38.490842],[114.733011,38.48074],[114.735617,38.480626],[114.735523,38.48201],[114.744109,38.488659],[114.755702,38.49381],[114.774306,38.497642],[114.810744,38.492353],[114.816348,38.489261],[114.819613,38.484476],[114.824865,38.469574],[114.828076,38.465816],[114.831668,38.464906],[114.830845,38.46032],[114.828204,38.458451],[114.820072,38.458647],[114.81952,38.456714],[114.819129,38.449903],[114.823364,38.446401],[114.829728,38.444322],[114.829157,38.433743],[114.837325,38.434598],[114.841013,38.460806],[114.847074,38.460616],[114.847415,38.454993],[114.854333,38.451883],[114.856021,38.453611],[114.858185,38.448584],[114.856816,38.441121],[114.854266,38.439358],[114.853993,38.435909],[114.856066,38.431205],[114.86278,38.434197],[114.864044,38.434031],[114.864565,38.430401],[114.86486,38.432971],[114.869094,38.433248],[114.869366,38.430083],[114.882276,38.424141],[114.902325,38.403438],[114.910748,38.40253],[114.910377,38.393763],[114.92089,38.391763],[114.923418,38.388218],[114.923526,38.378431],[114.925647,38.370143],[114.930006,38.367654],[114.928069,38.353833],[114.92993,38.35382],[114.930476,38.35023],[114.932917,38.348575],[114.9329,38.344219],[114.943017,38.343199],[114.941336,38.337042],[114.9356,38.327283],[114.930799,38.328708],[114.927516,38.327977],[114.922871,38.315613],[114.92012,38.31616],[114.916418,38.312856],[114.906971,38.309612],[114.903597,38.301435],[114.903583,38.295597],[114.891782,38.292016],[114.883319,38.284855],[114.882028,38.280884],[114.884411,38.274629],[114.883534,38.268484],[114.886175,38.265307],[114.883701,38.258832],[114.873308,38.25751],[114.869998,38.261257],[114.859717,38.263469],[114.856388,38.266735],[114.856957,38.270495],[114.851064,38.273158],[114.847684,38.272331],[114.824713,38.281186],[114.824101,38.288687],[114.816187,38.289664],[114.816144,38.288562],[114.815026,38.291829],[114.806448,38.29622],[114.803581,38.30062],[114.787311,38.301724],[114.775625,38.300586],[114.76415,38.303484],[114.765527,38.309623],[114.761566,38.312917],[114.744132,38.311275],[114.742539,38.306198],[114.728458,38.310214],[114.718523,38.309689],[114.71807,38.306624],[114.703771,38.301815],[114.704081,38.299109],[114.692638,38.300972],[114.685431,38.293592],[114.684819,38.296336],[114.67967,38.296315],[114.674107,38.298581],[114.663722,38.304708],[114.664373,38.307161],[114.660045,38.307126],[114.659676,38.311199],[114.654429,38.310723],[114.651171,38.321466],[114.645371,38.320186],[114.645046,38.314395],[114.636979,38.313553],[114.637156,38.311371],[114.640283,38.310321],[114.64236,38.306787],[114.646207,38.304534],[114.648364,38.300253],[114.647855,38.295709],[114.638833,38.293464],[114.638234,38.281644],[114.630556,38.281019],[114.616326,38.284325],[114.609765,38.28382],[114.610969,38.278154]],[[114.574434,38.308519],[114.581298,38.308568],[114.582741,38.315964],[114.577374,38.319231],[114.579913,38.324641],[114.577251,38.327004],[114.581897,38.328015],[114.581936,38.329794],[114.577403,38.331315],[114.578859,38.332441],[114.566135,38.341254],[114.565166,38.328572],[114.563571,38.328698],[114.563596,38.325736],[114.562306,38.325463],[114.563726,38.313814],[114.56911,38.310826],[114.573744,38.311033],[114.574434,38.308519]],[[114.604352,38.297543],[114.604263,38.29227],[114.617028,38.290989],[114.616629,38.297946],[114.613881,38.298166],[114.611974,38.296348],[114.608119,38.298785],[114.604352,38.297543]]]}},{"type":"Feature","properties":{"dt_adcode":"130202"},"geometry":{"type":"Polygon","coordinates":[[[118.121836,39.58239],[118.130559,39.587716],[118.130415,39.606054],[118.13375,39.606532],[118.13376,39.612966],[118.132218,39.615976],[118.13473,39.61766],[118.13471,39.625593],[118.183512,39.625583],[118.203675,39.623692],[118.223829,39.633792],[118.228959,39.632541],[118.22894,39.619513],[118.225958,39.613677],[118.232024,39.612265],[118.235767,39.603922],[118.241861,39.599056],[118.240524,39.589849],[118.252265,39.565221],[118.243661,39.563609],[118.224506,39.564549],[118.223544,39.561393],[118.227191,39.559123],[118.23,39.559292],[118.229185,39.554595],[118.222511,39.554314],[118.220666,39.552047],[118.222683,39.550657],[118.226009,39.552014],[118.228455,39.551301],[118.22809,39.549217],[118.231632,39.549548],[118.231374,39.546139],[118.234808,39.544088],[118.232296,39.541391],[118.243049,39.535665],[118.250816,39.534688],[118.250194,39.537236],[118.252082,39.537485],[118.252746,39.534374],[118.258779,39.534274],[118.258199,39.536591],[118.269283,39.535401],[118.269572,39.531826],[118.273174,39.531192],[118.274589,39.527749],[118.277122,39.527518],[118.276993,39.525399],[118.279782,39.52199],[118.269826,39.517686],[118.274117,39.517289],[118.272186,39.515964],[118.272615,39.514573],[118.269139,39.515799],[118.268322,39.510766],[118.260813,39.510833],[118.258409,39.502454],[118.247592,39.504675],[118.245489,39.500534],[118.246047,39.491428],[118.24373,39.491626],[118.244116,39.489904],[118.232314,39.490865],[118.233001,39.488215],[118.227637,39.486824],[118.225877,39.492256],[118.22077,39.498779],[118.217764,39.507517],[118.206829,39.506645],[118.208139,39.503482],[118.203472,39.501181],[118.200049,39.501123],[118.199148,39.502862],[118.195811,39.500782],[118.193472,39.501793],[118.19286,39.499003],[118.188009,39.495543],[118.186465,39.501222],[118.187946,39.504923],[118.183611,39.506481],[118.183215,39.514219],[118.181134,39.514508],[118.183891,39.517928],[118.185029,39.517208],[118.185951,39.521596],[118.179128,39.523144],[118.180779,39.527177],[118.172604,39.528186],[118.171852,39.530983],[118.165522,39.532109],[118.165565,39.534692],[118.161703,39.533732],[118.161681,39.537207],[118.151381,39.538217],[118.155672,39.542883],[118.157616,39.543115],[118.157948,39.550198],[118.166614,39.562604],[118.157101,39.566854],[118.150816,39.5664],[118.139178,39.570841],[118.121836,39.58239]]]}},{"type":"Feature","properties":{"dt_adcode":"130203"},"geometry":{"type":"Polygon","coordinates":[[[118.121836,39.58239],[118.101477,39.587649],[118.085874,39.588938],[118.083126,39.594161],[118.076517,39.594558],[118.075873,39.590053],[118.069824,39.5892],[118.057279,39.590931],[118.054981,39.593245],[118.055153,39.597858],[118.051097,39.599512],[118.042793,39.599048],[118.041399,39.601676],[118.038651,39.602701],[118.037363,39.604685],[118.039187,39.614567],[118.03745,39.614619],[118.038072,39.620058],[118.028502,39.620256],[118.019918,39.633908],[118.018287,39.633445],[118.018844,39.636386],[117.991863,39.634128],[117.992972,39.637325],[117.989751,39.638007],[117.989889,39.641843],[117.987829,39.642975],[117.987325,39.646783],[117.983762,39.64827],[117.986895,39.65012],[117.989599,39.654977],[117.992559,39.655242],[118.002604,39.667086],[118.013258,39.666236],[118.017153,39.679466],[118.025188,39.681564],[118.032569,39.680771],[118.040294,39.676477],[118.040809,39.672051],[118.042955,39.674165],[118.047332,39.674694],[118.049135,39.677798],[118.051967,39.678393],[118.052224,39.680573],[118.065101,39.681251],[118.06523,39.679104],[118.08171,39.680095],[118.083426,39.678345],[118.082869,39.675075],[118.086601,39.674613],[118.086817,39.67164],[118.089907,39.671078],[118.091881,39.66761],[118.094756,39.666618],[118.095386,39.664194],[118.105471,39.664727],[118.11144,39.671258],[118.125104,39.679333],[118.125711,39.682753],[118.119714,39.691704],[118.125115,39.697756],[118.155889,39.701215],[118.160572,39.704236],[118.159565,39.706557],[118.160681,39.708241],[118.165917,39.707986],[118.170896,39.710096],[118.17019,39.7135],[118.205687,39.714169],[118.206405,39.70882],[118.21238,39.708859],[118.206976,39.707422],[118.206429,39.705916],[118.206447,39.702886],[118.213211,39.703332],[118.213366,39.700054],[118.210171,39.700059],[118.2112,39.694644],[118.220173,39.692192],[118.221013,39.689122],[118.229001,39.692773],[118.231054,39.690102],[118.219071,39.676983],[118.222795,39.673202],[118.224242,39.676899],[118.231582,39.677751],[118.229526,39.667039],[118.227395,39.666204],[118.227247,39.664563],[118.222759,39.664606],[118.222188,39.663044],[118.225383,39.656091],[118.226795,39.654574],[118.231579,39.654522],[118.232896,39.652216],[118.235193,39.654741],[118.235921,39.651536],[118.237594,39.654812],[118.239458,39.654659],[118.243437,39.649379],[118.240142,39.647739],[118.243974,39.648805],[118.229973,39.635223],[118.228959,39.632541],[118.223829,39.633792],[118.204178,39.623787],[118.183512,39.625583],[118.13471,39.625593],[118.13473,39.61766],[118.132218,39.615976],[118.13376,39.612966],[118.13375,39.606532],[118.130415,39.606054],[118.130559,39.587716],[118.121836,39.58239]]]}},{"type":"Feature","properties":{"dt_adcode":"130204"},"geometry":{"type":"Polygon","coordinates":[[[118.462473,39.596591],[118.454747,39.587001],[118.446036,39.590139],[118.443289,39.595167],[118.429519,39.603451],[118.415621,39.608973],[118.409697,39.621655],[118.387785,39.640391],[118.368337,39.653183],[118.35799,39.655232],[118.346023,39.660008],[118.348469,39.670887],[118.356106,39.677303],[118.363133,39.679143],[118.366983,39.686244],[118.360887,39.697636],[118.362832,39.70537],[118.354589,39.713287],[118.352451,39.724565],[118.335951,39.725759],[118.331063,39.73032],[118.331977,39.737033],[118.339624,39.747721],[118.350925,39.758113],[118.36865,39.781621],[118.370789,39.785895],[118.372859,39.798938],[118.384826,39.79294],[118.390463,39.792498],[118.394121,39.802214],[118.404956,39.799879],[118.409894,39.801134],[118.415769,39.811833],[118.416507,39.817154],[118.422544,39.820285],[118.43959,39.815411],[118.440464,39.811312],[118.44476,39.806653],[118.440991,39.80049],[118.453451,39.793754],[118.469096,39.79303],[118.471137,39.790598],[118.471976,39.781893],[118.490871,39.782944],[118.494043,39.776545],[118.512465,39.774615],[118.517626,39.772064],[118.519285,39.767098],[118.523556,39.764676],[118.541771,39.770604],[118.544123,39.766065],[118.54571,39.766285],[118.546239,39.762495],[118.543021,39.750596],[118.544063,39.733961],[118.545895,39.734742],[118.545551,39.73316],[118.546196,39.735529],[118.550373,39.73566],[118.552892,39.731392],[118.554212,39.733821],[118.566487,39.733796],[118.566852,39.731276],[118.567145,39.733966],[118.568653,39.734401],[118.569335,39.730978],[118.570627,39.731187],[118.57012,39.734885],[118.5716,39.73501],[118.572407,39.731487],[118.574611,39.731895],[118.57413,39.734858],[118.575118,39.731904],[118.576983,39.732236],[118.577211,39.734812],[118.578833,39.728208],[118.578748,39.718305],[118.575956,39.718632],[118.575762,39.716594],[118.569349,39.71669],[118.569716,39.707752],[118.566574,39.707751],[118.566293,39.703738],[118.564756,39.703826],[118.564817,39.706536],[118.560576,39.707352],[118.559248,39.70551],[118.558316,39.707207],[118.552187,39.705521],[118.552177,39.700361],[118.550315,39.700489],[118.55064,39.702312],[118.550068,39.700512],[118.54676,39.702235],[118.546148,39.698381],[118.543562,39.698618],[118.543482,39.694994],[118.538896,39.695262],[118.539489,39.698241],[118.535634,39.697257],[118.534812,39.704209],[118.532806,39.704241],[118.531514,39.695673],[118.530654,39.698708],[118.529211,39.697229],[118.529543,39.699901],[118.52765,39.699997],[118.52715,39.69736],[118.525376,39.69711],[118.526473,39.702988],[118.52515,39.702981],[118.525253,39.705438],[118.519503,39.70483],[118.519135,39.709626],[118.51384,39.710562],[118.511558,39.713121],[118.511204,39.718427],[118.506467,39.719439],[118.495667,39.711819],[118.484514,39.709656],[118.48123,39.712758],[118.483813,39.71691],[118.477871,39.717889],[118.474546,39.715989],[118.473772,39.711615],[118.463808,39.709955],[118.461925,39.705854],[118.458036,39.704346],[118.455034,39.699692],[118.448687,39.699361],[118.446628,39.694572],[118.447215,39.678322],[118.437636,39.673798],[118.437061,39.67223],[118.442629,39.668031],[118.443246,39.664932],[118.470896,39.664019],[118.473845,39.661876],[118.47412,39.64465],[118.480846,39.626712],[118.479954,39.619621],[118.471711,39.612609],[118.464019,39.60319],[118.462473,39.596591]]]}},{"type":"Feature","properties":{"dt_adcode":"130205"},"geometry":{"type":"Polygon","coordinates":[[[118.367066,39.684753],[118.363133,39.679143],[118.351531,39.674552],[118.348469,39.670887],[118.346023,39.660008],[118.339728,39.659997],[118.344599,39.638285],[118.342497,39.638153],[118.343788,39.627904],[118.338228,39.625266],[118.338356,39.623564],[118.335029,39.623415],[118.334443,39.627663],[118.33135,39.627512],[118.332621,39.617873],[118.329103,39.617873],[118.329574,39.615195],[118.318592,39.610796],[118.318184,39.612036],[118.315931,39.611755],[118.311489,39.609572],[118.311146,39.605407],[118.306103,39.608831],[118.303357,39.606963],[118.301812,39.607823],[118.298958,39.605128],[118.294818,39.606633],[118.293844,39.590935],[118.290611,39.577855],[118.276796,39.570192],[118.252265,39.565221],[118.240524,39.589849],[118.241861,39.599056],[118.235767,39.603922],[118.232024,39.612265],[118.225958,39.613677],[118.228914,39.61937],[118.228603,39.630284],[118.229973,39.635223],[118.244026,39.648957],[118.240142,39.647739],[118.243437,39.649379],[118.239458,39.654659],[118.237594,39.654812],[118.236224,39.651536],[118.235193,39.654741],[118.233789,39.654542],[118.233294,39.652215],[118.231579,39.654522],[118.226795,39.654574],[118.222222,39.662089],[118.222759,39.664606],[118.227247,39.664563],[118.227395,39.666204],[118.229526,39.667039],[118.231582,39.677751],[118.224242,39.676899],[118.222795,39.673202],[118.219071,39.676983],[118.231054,39.690102],[118.229001,39.692773],[118.221013,39.689122],[118.220173,39.692192],[118.2112,39.694644],[118.210171,39.700059],[118.213366,39.700054],[118.213211,39.703332],[118.206447,39.702886],[118.206429,39.705916],[118.206976,39.707422],[118.21238,39.708859],[118.206405,39.70882],[118.205687,39.714169],[118.17019,39.7135],[118.167146,39.732777],[118.182005,39.743179],[118.174995,39.751294],[118.196202,39.762363],[118.201087,39.759749],[118.207701,39.759956],[118.212939,39.762131],[118.221411,39.769386],[118.228857,39.768867],[118.23282,39.761196],[118.241575,39.761328],[118.251946,39.764113],[118.256452,39.767842],[118.256598,39.771876],[118.253307,39.782133],[118.254227,39.784039],[118.248044,39.800274],[118.247906,39.805153],[118.250985,39.803272],[118.259991,39.803581],[118.263965,39.7954],[118.269808,39.798558],[118.274609,39.79649],[118.281124,39.797754],[118.297312,39.791471],[118.333655,39.796252],[118.338353,39.800051],[118.344737,39.79972],[118.354887,39.794881],[118.363027,39.79927],[118.372859,39.798938],[118.370789,39.785895],[118.36865,39.781621],[118.350925,39.758113],[118.339624,39.747721],[118.331977,39.737033],[118.331063,39.733372],[118.333202,39.726973],[118.335951,39.725759],[118.352451,39.724565],[118.354589,39.713287],[118.362832,39.70537],[118.360887,39.697636],[118.366168,39.68925],[118.367066,39.684753]]]}},{"type":"Feature","properties":{"dt_adcode":"130207"},"geometry":{"type":"MultiPolygon","coordinates":[[[[117.78457,39.377002],[117.754688,39.360222],[117.756537,39.358099],[117.751426,39.358487],[117.744605,39.354595],[117.706846,39.351505],[117.692439,39.351792],[117.692551,39.355769],[117.670947,39.356439],[117.669495,39.322856],[117.665032,39.31978],[117.66383,39.316868],[117.652843,39.314839],[117.650815,39.315205],[117.650419,39.318292],[117.652104,39.318466],[117.650805,39.322126],[117.646471,39.322731],[117.642553,39.331662],[117.637544,39.335978],[117.638167,39.338217],[117.642158,39.339271],[117.642103,39.344358],[117.633551,39.343518],[117.617338,39.338075],[117.61667,39.344412],[117.609226,39.343153],[117.606952,39.346968],[117.597511,39.345077],[117.595278,39.349126],[117.569745,39.342622],[117.536228,39.338043],[117.533633,39.348961],[117.529277,39.347401],[117.520868,39.357226],[117.528549,39.361342],[117.526188,39.365606],[117.529428,39.366651],[117.534171,39.362404],[117.537261,39.363681],[117.535329,39.374015],[117.539234,39.374396],[117.538934,39.377316],[117.545135,39.377947],[117.543977,39.381247],[117.55288,39.382576],[117.557879,39.385601],[117.557319,39.389154],[117.554368,39.388988],[117.553681,39.39258],[117.560924,39.393028],[117.560326,39.396494],[117.568692,39.397241],[117.568089,39.399896],[117.57148,39.400326],[117.571134,39.404621],[117.590638,39.405467],[117.59375,39.411932],[117.597118,39.412893],[117.59714,39.415032],[117.601794,39.416409],[117.601387,39.419491],[117.611086,39.417104],[117.612244,39.415331],[117.611302,39.413025],[117.614307,39.411069],[117.614135,39.407107],[117.63098,39.408532],[117.631667,39.404304],[117.635101,39.404486],[117.635818,39.398493],[117.641846,39.400167],[117.641458,39.402952],[117.643585,39.403176],[117.643478,39.405846],[117.651049,39.40573],[117.656296,39.407502],[117.655007,39.409742],[117.663753,39.412384],[117.665126,39.410429],[117.669096,39.41202],[117.670641,39.408504],[117.667187,39.407326],[117.668044,39.40507],[117.670811,39.405278],[117.673204,39.386666],[117.702325,39.388916],[117.69974,39.407603],[117.737292,39.410558],[117.782356,39.394624],[117.78457,39.377002]]],[[[117.994331,39.633525],[118.00082,39.635594],[118.005093,39.6347],[118.018844,39.636386],[118.018287,39.633445],[118.019918,39.633908],[118.028502,39.620256],[118.038072,39.620058],[118.03745,39.614619],[118.039187,39.614567],[118.037363,39.604685],[118.038651,39.602701],[118.041399,39.601676],[118.042793,39.599048],[118.051097,39.599512],[118.055153,39.597858],[118.054981,39.593245],[118.057279,39.590931],[118.069824,39.5892],[118.075873,39.590053],[118.076517,39.594558],[118.083126,39.594161],[118.085874,39.588938],[118.101477,39.587649],[118.121836,39.58239],[118.139178,39.570841],[118.150816,39.5664],[118.157101,39.566854],[118.166614,39.562604],[118.157948,39.550198],[118.157616,39.543115],[118.155672,39.542883],[118.151381,39.538217],[118.161681,39.537207],[118.161703,39.533732],[118.165565,39.534692],[118.165522,39.532109],[118.171852,39.530983],[118.172604,39.528186],[118.180779,39.527177],[118.179128,39.523144],[118.185951,39.521596],[118.185029,39.517208],[118.183891,39.517928],[118.181134,39.514508],[118.183215,39.514219],[118.183611,39.506481],[118.187946,39.504923],[118.186465,39.501222],[118.187848,39.495649],[118.19286,39.499003],[118.193472,39.501793],[118.195811,39.500782],[118.199148,39.502862],[118.200049,39.501123],[118.203472,39.501181],[118.208139,39.503482],[118.206829,39.506645],[118.217764,39.507517],[118.22077,39.498779],[118.225877,39.492256],[118.228022,39.486758],[118.233001,39.488215],[118.232314,39.490865],[118.244116,39.489904],[118.24373,39.491626],[118.246047,39.491428],[118.245489,39.500534],[118.247592,39.504675],[118.258409,39.502454],[118.260813,39.510833],[118.268322,39.510766],[118.269139,39.515799],[118.272615,39.514573],[118.272186,39.515964],[118.274117,39.517289],[118.269826,39.517686],[118.279782,39.52199],[118.276993,39.525399],[118.277122,39.527518],[118.274589,39.527749],[118.273174,39.531192],[118.269572,39.531826],[118.269283,39.535401],[118.258199,39.536591],[118.258779,39.534274],[118.252746,39.534374],[118.252082,39.537485],[118.250194,39.537236],[118.250816,39.534688],[118.244765,39.535283],[118.232296,39.541391],[118.234808,39.544088],[118.231374,39.546139],[118.231632,39.549548],[118.22809,39.549217],[118.228455,39.551301],[118.226009,39.552014],[118.222683,39.550657],[118.220666,39.552047],[118.222511,39.554314],[118.229185,39.554595],[118.23,39.559292],[118.227191,39.559123],[118.223544,39.561393],[118.223778,39.563894],[118.226499,39.564929],[118.243661,39.563609],[118.268833,39.567838],[118.281599,39.571889],[118.290611,39.577855],[118.293844,39.590935],[118.294818,39.606633],[118.298958,39.605128],[118.301812,39.607823],[118.303357,39.606963],[118.306103,39.608831],[118.311146,39.605407],[118.311489,39.609572],[118.315931,39.611755],[118.318184,39.612036],[118.318592,39.610796],[118.329574,39.615195],[118.329103,39.617873],[118.332621,39.617873],[118.33135,39.627512],[118.334443,39.627663],[118.335029,39.623415],[118.338356,39.623564],[118.338228,39.625266],[118.343788,39.627904],[118.342497,39.638153],[118.344599,39.638285],[118.339728,39.659997],[118.346023,39.660008],[118.35799,39.655232],[118.368337,39.653183],[118.387785,39.640391],[118.409697,39.621655],[118.415621,39.608973],[118.429519,39.603451],[118.443289,39.595167],[118.446036,39.590139],[118.454747,39.587001],[118.446208,39.577674],[118.439426,39.576781],[118.436943,39.574365],[118.429789,39.538743],[118.411551,39.527243],[118.41299,39.517457],[118.407271,39.508088],[118.406515,39.499608],[118.410306,39.494372],[118.412091,39.476935],[118.420217,39.462804],[118.420624,39.459287],[118.418142,39.448538],[118.405544,39.4422],[118.392659,39.439642],[118.391417,39.437987],[118.390998,39.42579],[118.391832,39.423515],[118.395827,39.422554],[118.407221,39.39406],[118.399166,39.391939],[118.397203,39.386476],[118.395256,39.373461],[118.395808,39.339548],[118.390005,39.331506],[118.36887,39.329654],[118.367124,39.340529],[118.364342,39.343382],[118.356395,39.345271],[118.326989,39.358156],[118.323808,39.377756],[118.330089,39.384672],[118.328976,39.388404],[118.323575,39.393791],[118.321662,39.400453],[118.305375,39.407328],[118.29576,39.405807],[118.300447,39.419626],[118.292625,39.424613],[118.291269,39.428424],[118.292069,39.430526],[118.302875,39.437962],[118.304579,39.440626],[118.299972,39.447345],[118.287005,39.450024],[118.277058,39.449103],[118.261994,39.44474],[118.252267,39.445048],[118.247714,39.4485],[118.242953,39.448941],[118.228936,39.445655],[118.225443,39.437683],[118.219985,39.432848],[118.217523,39.419277],[118.214318,39.418609],[118.213764,39.416664],[118.21907,39.392884],[118.227251,39.393472],[118.235145,39.369437],[118.241178,39.370296],[118.243029,39.365374],[118.244042,39.358596],[118.242647,39.354106],[118.235315,39.343492],[118.268596,39.345987],[118.270092,39.345891],[118.270851,39.343129],[118.255868,39.336044],[118.223179,39.328704],[118.220626,39.330627],[118.219243,39.334682],[118.219776,39.344387],[118.21727,39.349838],[118.189365,39.353715],[118.177566,39.351817],[118.176184,39.350326],[118.178094,39.326004],[118.193202,39.313326],[118.193612,39.311469],[118.177773,39.301579],[118.176178,39.298915],[118.176766,39.290746],[118.186629,39.281239],[118.187512,39.277892],[118.180362,39.274663],[118.18365,39.255633],[118.180333,39.249751],[118.180416,39.237974],[118.184327,39.22602],[118.180819,39.222315],[118.165873,39.221532],[118.162131,39.219918],[118.155411,39.213273],[118.152348,39.206536],[118.152602,39.199794],[118.162603,39.190969],[118.166038,39.18648],[118.166463,39.182532],[118.139629,39.165832],[118.125309,39.182754],[118.075004,39.203437],[118.071542,39.210984],[118.068401,39.211632],[118.068166,39.213526],[118.054827,39.210441],[118.050838,39.200085],[118.026222,39.201783],[118.03488,39.218589],[118.037073,39.230519],[118.064741,39.231202],[118.065611,39.235428],[118.064692,39.256163],[118.036503,39.26515],[118.036477,39.268159],[118.034109,39.268005],[118.033413,39.271347],[118.035303,39.274679],[118.028425,39.277682],[118.031694,39.285399],[118.026998,39.291414],[118.024734,39.292428],[118.023628,39.290553],[118.024638,39.289379],[118.022496,39.289294],[118.021721,39.286457],[118.016846,39.284125],[118.009626,39.287853],[118.008256,39.286151],[118.006349,39.286984],[118.00641,39.289502],[118.004973,39.290249],[117.995714,39.288802],[117.993624,39.290246],[117.99521,39.293546],[117.992144,39.296677],[117.983759,39.295506],[117.982749,39.298656],[117.976768,39.301358],[117.972521,39.309958],[117.973948,39.31037],[117.97286,39.31233],[117.975141,39.313908],[117.972181,39.312654],[117.972199,39.314447],[117.967386,39.316416],[117.966046,39.316425],[117.965932,39.314623],[117.956901,39.316526],[117.951647,39.315404],[117.947377,39.317793],[117.93274,39.319097],[117.919251,39.318986],[117.919399,39.317922],[117.91032,39.319521],[117.91019,39.317537],[117.905739,39.316139],[117.902616,39.320467],[117.891794,39.323252],[117.893017,39.327364],[117.88832,39.332009],[117.866565,39.32985],[117.863206,39.331167],[117.861344,39.334192],[117.855326,39.331991],[117.854547,39.328167],[117.846963,39.328446],[117.848054,39.33213],[117.841939,39.336419],[117.844878,39.338823],[117.846101,39.34285],[117.849971,39.342355],[117.85184,39.349723],[117.862941,39.362236],[117.860673,39.364806],[117.853209,39.362969],[117.851859,39.36453],[117.854794,39.366488],[117.852076,39.369619],[117.848102,39.367112],[117.85323,39.360724],[117.83702,39.350684],[117.836467,39.353655],[117.833204,39.356319],[117.821007,39.356116],[117.813683,39.354153],[117.806774,39.356934],[117.803371,39.362042],[117.805286,39.373303],[117.821001,39.376915],[117.83898,39.377285],[117.852397,39.380765],[117.858033,39.373491],[117.865705,39.378273],[117.860493,39.384668],[117.862495,39.397157],[117.859379,39.403285],[117.848133,39.401941],[117.847084,39.408072],[117.87185,39.411555],[117.870339,39.454947],[117.874081,39.454916],[117.878068,39.467203],[117.886317,39.466773],[117.888325,39.469164],[117.899227,39.473513],[117.898424,39.482696],[117.896523,39.485714],[117.892396,39.487049],[117.893046,39.48932],[117.897043,39.489292],[117.898581,39.509701],[117.908227,39.511371],[117.913659,39.517233],[117.912375,39.517567],[117.913252,39.519673],[117.911317,39.517736],[117.912593,39.521596],[117.909452,39.523171],[117.910511,39.529641],[117.908446,39.527869],[117.905288,39.530118],[117.907049,39.532445],[117.904933,39.533618],[117.90633,39.535389],[117.904855,39.536422],[117.909818,39.537977],[117.908299,39.538606],[117.90981,39.541958],[117.913298,39.542145],[117.915295,39.547816],[117.918204,39.548051],[117.917118,39.548311],[117.918612,39.555822],[117.924787,39.56332],[117.926672,39.562948],[117.929851,39.568517],[117.931129,39.568171],[117.933988,39.574148],[117.938385,39.573185],[117.93948,39.575332],[117.942662,39.57508],[117.966207,39.563796],[117.972321,39.565543],[117.973091,39.561234],[117.975598,39.562557],[117.986584,39.562491],[117.986241,39.564277],[117.982893,39.565468],[117.985547,39.567518],[117.987699,39.572349],[117.997914,39.575459],[117.99774,39.582867],[117.999629,39.590275],[117.997741,39.591334],[117.995766,39.588819],[117.992076,39.589746],[117.991818,39.603503],[117.989072,39.614876],[117.991691,39.615549],[117.992238,39.619936],[117.994331,39.622009],[117.993291,39.629319],[117.994331,39.633525]]]]}},{"type":"Feature","properties":{"dt_adcode":"130208"},"geometry":{"type":"Polygon","coordinates":[[[118.105471,39.664727],[118.095386,39.664194],[118.094756,39.666618],[118.091881,39.66761],[118.089907,39.671078],[118.086817,39.67164],[118.086601,39.674613],[118.082869,39.675075],[118.083426,39.678345],[118.08171,39.680095],[118.06523,39.679104],[118.065101,39.681251],[118.052224,39.680573],[118.051967,39.678393],[118.049135,39.677798],[118.047332,39.674694],[118.042955,39.674165],[118.040809,39.672051],[118.040294,39.676477],[118.036689,39.67912],[118.025188,39.681564],[118.017153,39.679466],[118.013258,39.666236],[118.002604,39.667086],[117.992559,39.655242],[117.989599,39.654977],[117.986895,39.65012],[117.983762,39.64827],[117.987325,39.646783],[117.987829,39.642975],[117.989889,39.641843],[117.989751,39.638007],[117.992972,39.637325],[117.991863,39.634128],[117.994331,39.633525],[117.993291,39.629319],[117.994331,39.622009],[117.992238,39.619936],[117.991691,39.615549],[117.989072,39.614876],[117.991818,39.603503],[117.992076,39.589746],[117.995766,39.588819],[117.997741,39.591334],[117.999629,39.590275],[117.99774,39.582867],[117.997914,39.575459],[117.987699,39.572349],[117.985547,39.567518],[117.982893,39.565468],[117.986241,39.564277],[117.986584,39.562491],[117.975598,39.562557],[117.973091,39.561234],[117.972321,39.565543],[117.966207,39.563796],[117.942662,39.57508],[117.93948,39.575332],[117.938385,39.573185],[117.933988,39.574148],[117.929358,39.578519],[117.899821,39.589514],[117.893301,39.591501],[117.884097,39.590129],[117.868275,39.596843],[117.858044,39.592227],[117.853505,39.592302],[117.851394,39.589264],[117.84705,39.591133],[117.839359,39.589631],[117.828156,39.590279],[117.801947,39.601769],[117.792476,39.600738],[117.788599,39.59713],[117.767533,39.599743],[117.766856,39.608512],[117.763786,39.611552],[117.784363,39.633067],[117.795012,39.638386],[117.801198,39.648123],[117.807581,39.654647],[117.81353,39.656143],[117.837785,39.656385],[117.855982,39.66246],[117.86304,39.671717],[117.866437,39.697072],[117.868638,39.701605],[117.88562,39.715953],[117.891481,39.734393],[117.891311,39.759118],[117.880015,39.77118],[117.890682,39.77259],[117.898089,39.775404],[117.907032,39.775239],[117.911123,39.773024],[117.915594,39.774054],[117.92025,39.789368],[117.921177,39.802079],[117.928596,39.799509],[117.929159,39.797574],[117.930848,39.800243],[117.929844,39.805997],[117.921551,39.808266],[117.922348,39.810377],[117.930052,39.811142],[117.944679,39.80594],[117.946899,39.809998],[117.947274,39.817312],[117.944354,39.826219],[117.923242,39.846243],[117.921724,39.855197],[117.930518,39.890988],[117.928165,39.90224],[117.921922,39.912409],[117.920334,39.918841],[117.927587,39.932918],[117.93604,39.926829],[117.949097,39.925252],[117.985546,39.926992],[118.007031,39.92496],[118.017353,39.926549],[118.028579,39.933609],[118.033797,39.934457],[118.033987,39.935825],[118.040347,39.938846],[118.050396,39.942089],[118.047729,39.951951],[118.050909,39.952866],[118.050909,39.954734],[118.053786,39.95486],[118.049871,39.966267],[118.051721,39.971574],[118.054506,39.972908],[118.061273,39.971763],[118.06835,39.964483],[118.07698,39.96131],[118.08129,39.961701],[118.089403,39.965736],[118.100906,39.97667],[118.107101,39.979961],[118.123385,39.98044],[118.133273,39.98833],[118.144231,39.992106],[118.147513,39.995343],[118.153766,40.009357],[118.168855,40.022512],[118.18774,40.024682],[118.190286,40.032604],[118.20348,40.042399],[118.211517,40.058199],[118.21389,40.059984],[118.225852,40.05973],[118.235411,40.063337],[118.250377,40.063881],[118.259331,40.066399],[118.281594,40.065721],[118.289586,40.055807],[118.30611,40.050561],[118.308082,40.040299],[118.302073,40.032776],[118.301864,40.028539],[118.304863,40.023101],[118.299967,40.015446],[118.300897,40.012864],[118.311695,40.005338],[118.315602,40.017919],[118.330753,40.019015],[118.334476,40.01568],[118.33758,40.00556],[118.345147,39.998855],[118.352044,39.995868],[118.349868,39.987014],[118.34517,39.981115],[118.352353,39.971792],[118.348656,39.96531],[118.348829,39.959624],[118.355804,39.95609],[118.360117,39.951788],[118.360595,39.948485],[118.358698,39.943417],[118.348443,39.93582],[118.346206,39.923932],[118.336847,39.922812],[118.325529,39.915828],[118.326693,39.904293],[118.317517,39.900587],[118.320072,39.892531],[118.318655,39.889772],[118.29743,39.893114],[118.295917,39.891667],[118.294986,39.883501],[118.291944,39.880463],[118.282846,39.880539],[118.278276,39.87692],[118.279995,39.869221],[118.28744,39.862735],[118.282877,39.847951],[118.278046,39.841918],[118.263501,39.831987],[118.263351,39.830946],[118.268838,39.830993],[118.269599,39.824103],[118.262024,39.823652],[118.252826,39.818825],[118.242088,39.810564],[118.242087,39.808428],[118.247906,39.805153],[118.248044,39.800274],[118.254227,39.784039],[118.253307,39.782133],[118.256598,39.771876],[118.256452,39.767842],[118.251946,39.764113],[118.241575,39.761328],[118.23282,39.761196],[118.228857,39.768867],[118.221411,39.769386],[118.212939,39.762131],[118.207701,39.759956],[118.201087,39.759749],[118.196202,39.762363],[118.174995,39.751294],[118.182005,39.743179],[118.167146,39.732777],[118.170896,39.710096],[118.165917,39.707986],[118.160681,39.708241],[118.159565,39.706557],[118.160572,39.704236],[118.155889,39.701215],[118.139047,39.700181],[118.124075,39.697149],[118.119714,39.691704],[118.125711,39.682753],[118.125104,39.679333],[118.11144,39.671258],[118.105471,39.664727]]]}},{"type":"Feature","properties":{"dt_adcode":"130209"},"geometry":{"type":"MultiPolygon","coordinates":[[[[118.59985,39.019014],[118.601782,39.011288],[118.599396,39.006232],[118.59167,39.002085],[118.584398,39.004755],[118.584512,39.007596],[118.595987,39.019071],[118.59985,39.019014]]],[[[118.625302,39.054999],[118.620025,39.057637],[118.619551,39.060141],[118.622596,39.065553],[118.620837,39.068259],[118.638833,39.076039],[118.653649,39.056961],[118.653716,39.04891],[118.648981,39.048842],[118.645733,39.045324],[118.642418,39.045595],[118.639983,39.04228],[118.630511,39.054728],[118.625302,39.054999]]],[[[118.723119,39.329793],[118.72027,39.321182],[118.713233,39.314814],[118.708251,39.289578],[118.711767,39.284581],[118.712693,39.265706],[118.708621,39.259692],[118.703754,39.240286],[118.711378,39.229175],[118.686898,39.202026],[118.690091,39.172215],[118.677096,39.150838],[118.637305,39.157386],[118.625104,39.155008],[118.592728,39.142627],[118.591805,39.134326],[118.585793,39.1293],[118.578756,39.130915],[118.579935,39.126577],[118.588066,39.116846],[118.589641,39.112509],[118.58859,39.107647],[118.583736,39.100949],[118.57967,39.099244],[118.560115,39.099057],[118.551418,39.08828],[118.546786,39.087807],[118.536428,39.091921],[118.532856,39.091069],[118.551322,39.050752],[118.570487,38.999209],[118.574862,38.998126],[118.593729,38.980762],[118.603008,38.978079],[118.605244,38.974166],[118.604461,38.971483],[118.583074,38.953324],[118.539745,38.909834],[118.525249,38.904866],[118.500566,38.905169],[118.491055,38.909063],[118.406446,38.960508],[118.378032,38.971769],[118.371048,38.984134],[118.373592,39.01206],[118.389501,39.029783],[118.390562,39.037257],[118.376851,39.057162],[118.366113,39.065168],[118.352765,39.06973],[118.326684,39.068639],[118.297276,39.083173],[118.289354,39.082746],[118.275807,39.072315],[118.257381,39.086788],[118.247811,39.105124],[118.233668,39.097006],[118.222861,39.112101],[118.241026,39.116793],[118.242284,39.112947],[118.246686,39.113883],[118.253165,39.115974],[118.251732,39.118914],[118.246551,39.123556],[118.239857,39.122191],[118.240501,39.118961],[118.221761,39.113637],[118.213513,39.125155],[118.230762,39.138261],[118.182579,39.184378],[118.144655,39.159921],[118.139629,39.165832],[118.166463,39.182532],[118.166038,39.18648],[118.162603,39.190969],[118.152602,39.199794],[118.152348,39.206536],[118.155411,39.213273],[118.162131,39.219918],[118.165873,39.221532],[118.180819,39.222315],[118.184327,39.22602],[118.180416,39.237974],[118.180333,39.249751],[118.18365,39.255633],[118.180362,39.274663],[118.187512,39.277892],[118.186629,39.281239],[118.176766,39.290746],[118.176178,39.298915],[118.177773,39.301579],[118.193612,39.311469],[118.193202,39.313326],[118.178094,39.326004],[118.176184,39.350326],[118.177566,39.351817],[118.189365,39.353715],[118.21727,39.349838],[118.219776,39.344387],[118.219243,39.334682],[118.220626,39.330627],[118.223179,39.328704],[118.255868,39.336044],[118.270851,39.343129],[118.270092,39.345891],[118.268596,39.345987],[118.235315,39.343492],[118.242647,39.354106],[118.244042,39.358596],[118.243029,39.365374],[118.241178,39.370296],[118.235145,39.369437],[118.227251,39.393472],[118.21907,39.392884],[118.213764,39.416664],[118.214318,39.418609],[118.217523,39.419277],[118.219985,39.432848],[118.225443,39.437683],[118.228936,39.445655],[118.232853,39.447397],[118.245416,39.448779],[118.252267,39.445048],[118.261994,39.44474],[118.277058,39.449103],[118.287005,39.450024],[118.294653,39.44946],[118.301659,39.446097],[118.304658,39.441694],[118.303788,39.439196],[118.292069,39.430526],[118.291269,39.428424],[118.292625,39.424613],[118.300447,39.419626],[118.29576,39.405807],[118.305375,39.407328],[118.321662,39.400453],[118.323575,39.393791],[118.328976,39.388404],[118.330089,39.384672],[118.323808,39.377756],[118.326989,39.358156],[118.356395,39.345271],[118.364342,39.343382],[118.367124,39.340529],[118.36887,39.329654],[118.390005,39.331506],[118.395808,39.339548],[118.395256,39.373461],[118.399166,39.391939],[118.407221,39.39406],[118.427395,39.389041],[118.43483,39.382686],[118.435479,39.377461],[118.425318,39.350805],[118.426486,39.331746],[118.430681,39.330231],[118.458949,39.332331],[118.469938,39.331194],[118.476412,39.301254],[118.513312,39.289634],[118.522719,39.287144],[118.554666,39.288809],[118.562075,39.290902],[118.573921,39.28785],[118.577117,39.28078],[118.605286,39.259689],[118.606862,39.246742],[118.608403,39.248989],[118.608804,39.255656],[118.607205,39.262322],[118.600943,39.269522],[118.601476,39.272455],[118.603875,39.273922],[118.618005,39.272593],[118.626807,39.262067],[118.636548,39.257944],[118.646558,39.247825],[118.653502,39.247303],[118.657783,39.253039],[118.658311,39.257929],[118.653537,39.267865],[118.647864,39.275196],[118.646644,39.273707],[118.644042,39.273733],[118.64059,39.276459],[118.637152,39.274951],[118.634924,39.27833],[118.640889,39.279873],[118.638304,39.285321],[118.639911,39.285822],[118.639063,39.288299],[118.642323,39.288919],[118.641997,39.291494],[118.640693,39.290712],[118.639773,39.291952],[118.639878,39.29534],[118.634369,39.291885],[118.624096,39.292134],[118.62006,39.296623],[118.622207,39.301866],[118.636454,39.318504],[118.654223,39.325843],[118.665524,39.326215],[118.684938,39.330156],[118.723119,39.329793]]]]}},{"type":"Feature","properties":{"dt_adcode":"130224"},"geometry":{"type":"MultiPolygon","coordinates":[[[[118.277568,38.984747],[118.276749,38.980872],[118.272616,38.980915],[118.269603,38.983886],[118.273004,38.986727],[118.277568,38.984747]]],[[[118.182579,39.184378],[118.230762,39.138261],[118.213513,39.125155],[118.221761,39.113637],[118.240501,39.118961],[118.239857,39.122191],[118.246551,39.123556],[118.251732,39.118914],[118.253165,39.115974],[118.246686,39.113883],[118.242284,39.112947],[118.241026,39.116793],[118.222861,39.112101],[118.233668,39.097006],[118.247811,39.105124],[118.257381,39.086788],[118.275807,39.072315],[118.286019,39.080659],[118.292898,39.083376],[118.297276,39.083173],[118.326684,39.068639],[118.352765,39.06973],[118.359022,39.068491],[118.376851,39.057162],[118.390562,39.037257],[118.389501,39.029783],[118.373592,39.01206],[118.372322,39.015866],[118.366288,39.016175],[118.358664,39.012672],[118.342263,39.009801],[118.319248,39.009532],[118.309907,39.011791],[118.290784,39.022225],[118.285093,39.022674],[118.273036,39.019706],[118.244167,39.032901],[118.236261,39.03061],[118.229296,39.031961],[118.224999,39.034807],[118.219102,39.047463],[118.199563,39.069055],[118.190891,39.080909],[118.182566,39.094153],[118.162967,39.136572],[118.144655,39.159921],[118.182579,39.184378]]],[[[118.468248,39.593933],[118.467768,39.591669],[118.469852,39.591399],[118.469456,39.59016],[118.487868,39.584989],[118.487099,39.579996],[118.497084,39.579907],[118.498909,39.583507],[118.505207,39.584023],[118.506591,39.586867],[118.510432,39.586113],[118.509404,39.583507],[118.514342,39.582546],[118.517292,39.591395],[118.517214,39.59585],[118.518996,39.596086],[118.518458,39.601889],[118.520516,39.602164],[118.521545,39.608063],[118.531696,39.603467],[118.541231,39.603879],[118.54019,39.60766],[118.544661,39.609435],[118.54388,39.611503],[118.560324,39.61685],[118.576825,39.614068],[118.626354,39.619026],[118.632908,39.623235],[118.635456,39.63199],[118.639744,39.636133],[118.662933,39.63617],[118.692701,39.631473],[118.724526,39.629451],[118.724455,39.622631],[118.742591,39.614719],[118.748862,39.614309],[118.75955,39.623544],[118.782888,39.636351],[118.792589,39.644884],[118.798785,39.645909],[118.802855,39.644377],[118.802487,39.640047],[118.80466,39.639719],[118.804849,39.641231],[118.810975,39.641038],[118.813306,39.643883],[118.818348,39.64397],[118.818198,39.659798],[118.825037,39.663048],[118.827803,39.657522],[118.82792,39.652061],[118.824602,39.64867],[118.84988,39.623506],[118.849608,39.620953],[118.844565,39.615006],[118.844265,39.611381],[118.851427,39.596951],[118.852924,39.596874],[118.853197,39.594089],[118.85113,39.59394],[118.851335,39.590229],[118.856763,39.5901],[118.857258,39.586654],[118.859107,39.586739],[118.858547,39.581223],[118.861221,39.578801],[118.861328,39.574781],[118.859301,39.568742],[118.849414,39.569252],[118.850854,39.555213],[118.84856,39.55218],[118.84637,39.552411],[118.846282,39.550228],[118.84296,39.547407],[118.840118,39.546888],[118.823565,39.534725],[118.815847,39.526911],[118.818576,39.518082],[118.814775,39.514248],[118.806377,39.512049],[118.794018,39.491825],[118.789418,39.491036],[118.786478,39.486797],[118.787529,39.48191],[118.797508,39.480403],[118.799289,39.484428],[118.834608,39.473843],[118.83588,39.468157],[118.826249,39.457689],[118.819518,39.444811],[118.813783,39.441755],[118.800849,39.442783],[118.783125,39.449652],[118.776156,39.455014],[118.764653,39.453522],[118.760964,39.460183],[118.757821,39.460286],[118.736822,39.449266],[118.734097,39.444907],[118.736177,39.438874],[118.734781,39.434956],[118.725125,39.433714],[118.724631,39.430068],[118.735062,39.429263],[118.741562,39.425516],[118.741348,39.422432],[118.734954,39.419648],[118.734845,39.417273],[118.726839,39.415102],[118.725061,39.409117],[118.719886,39.406382],[118.719309,39.402037],[118.723384,39.396864],[118.735344,39.39377],[118.736117,39.388811],[118.731459,39.387435],[118.731352,39.384731],[118.737253,39.38342],[118.741093,39.367977],[118.741439,39.362015],[118.738893,39.350164],[118.732017,39.330414],[118.684938,39.330156],[118.665524,39.326215],[118.654223,39.325843],[118.636454,39.318504],[118.622207,39.301866],[118.62006,39.296623],[118.624096,39.292134],[118.634369,39.291885],[118.639878,39.29534],[118.639773,39.291952],[118.640693,39.290712],[118.641997,39.291494],[118.642323,39.288919],[118.639063,39.288299],[118.639911,39.285822],[118.638304,39.285321],[118.640889,39.279873],[118.634924,39.27833],[118.637152,39.274951],[118.64059,39.276459],[118.644042,39.273733],[118.646644,39.273707],[118.647864,39.275196],[118.653537,39.267865],[118.658311,39.257929],[118.657783,39.253039],[118.653502,39.247303],[118.646558,39.247825],[118.636548,39.257944],[118.626807,39.262067],[118.618005,39.272593],[118.603875,39.273922],[118.601476,39.272455],[118.600943,39.269522],[118.607205,39.262322],[118.608804,39.255656],[118.608403,39.248989],[118.606862,39.246742],[118.605286,39.259689],[118.577117,39.28078],[118.573921,39.28785],[118.562075,39.290902],[118.554666,39.288809],[118.522719,39.287144],[118.513312,39.289634],[118.476412,39.301254],[118.469938,39.331194],[118.458949,39.332331],[118.430681,39.330231],[118.426486,39.331746],[118.425318,39.350805],[118.435479,39.377461],[118.43483,39.382686],[118.427395,39.389041],[118.407221,39.39406],[118.395827,39.422554],[118.391832,39.423515],[118.390998,39.42579],[118.391417,39.437987],[118.392659,39.439642],[118.405544,39.4422],[118.418142,39.448538],[118.419044,39.450261],[118.420763,39.461562],[118.412091,39.476935],[118.410306,39.494372],[118.406515,39.499608],[118.407271,39.508088],[118.41299,39.517457],[118.411551,39.527243],[118.429789,39.538743],[118.436943,39.574365],[118.439426,39.576781],[118.446208,39.577674],[118.459897,39.59302],[118.468248,39.593933]]]]}},{"type":"Feature","properties":{"dt_adcode":"130225"},"geometry":{"type":"MultiPolygon","coordinates":[[[[118.763281,39.043963],[118.757969,39.050077],[118.75434,39.058699],[118.76422,39.045162],[118.770428,39.043464],[118.769002,39.038926],[118.763972,39.03383],[118.738217,39.018722],[118.718476,39.009956],[118.705952,39.008371],[118.701554,39.011574],[118.715134,39.011249],[118.732076,39.018281],[118.749803,39.029361],[118.762484,39.034845],[118.768874,39.041803],[118.763281,39.043963]]],[[[118.874683,39.139324],[118.871773,39.115068],[118.864132,39.103546],[118.857461,39.098816],[118.839633,39.093238],[118.825928,39.091418],[118.82047,39.093722],[118.818287,39.106457],[118.820228,39.108761],[118.849242,39.121764],[118.853216,39.125983],[118.856734,39.134352],[118.863768,39.13799],[118.866557,39.141629],[118.8725,39.142356],[118.874683,39.139324]]],[[[118.845272,39.152847],[118.844399,39.141689],[118.841488,39.13548],[118.836346,39.129949],[118.82577,39.122673],[118.820434,39.123449],[118.816359,39.126844],[118.815195,39.132375],[118.817523,39.138973],[118.821842,39.143808],[118.83916,39.153818],[118.842653,39.154303],[118.845272,39.152847]]],[[[118.677096,39.150838],[118.690235,39.175107],[118.686898,39.202026],[118.711378,39.229175],[118.703754,39.240286],[118.708621,39.259692],[118.712693,39.265706],[118.711767,39.284581],[118.708251,39.289578],[118.713233,39.314814],[118.72027,39.321182],[118.723119,39.329793],[118.732017,39.330414],[118.741439,39.362015],[118.738644,39.380637],[118.737253,39.38342],[118.731352,39.384731],[118.731459,39.387435],[118.736117,39.388811],[118.735344,39.39377],[118.723384,39.396864],[118.719309,39.402037],[118.719886,39.406382],[118.725061,39.409117],[118.726839,39.415102],[118.734845,39.417273],[118.734954,39.419648],[118.741348,39.422432],[118.741562,39.425516],[118.735062,39.429263],[118.724631,39.430068],[118.725125,39.433714],[118.734781,39.434956],[118.736177,39.438874],[118.734097,39.444907],[118.736822,39.449266],[118.757821,39.460286],[118.760964,39.460183],[118.764653,39.453522],[118.776156,39.455014],[118.783125,39.449652],[118.800849,39.442783],[118.813783,39.441755],[118.819518,39.444811],[118.826249,39.457689],[118.83588,39.468157],[118.834608,39.473843],[118.799289,39.484428],[118.797508,39.480403],[118.787529,39.48191],[118.786478,39.486797],[118.789418,39.491036],[118.794018,39.491825],[118.806377,39.512049],[118.814775,39.514248],[118.818576,39.518082],[118.815847,39.526911],[118.823565,39.534725],[118.840118,39.546888],[118.84296,39.547407],[118.846282,39.550228],[118.84637,39.552411],[118.84856,39.55218],[118.850854,39.555213],[118.849414,39.569252],[118.859301,39.568742],[118.861328,39.574781],[118.865334,39.57461],[118.869706,39.572608],[118.868871,39.570646],[118.871933,39.571884],[118.871656,39.57003],[118.882049,39.566914],[118.885851,39.55906],[118.885166,39.552398],[118.895147,39.547043],[118.898762,39.547139],[118.906149,39.551166],[118.944123,39.558241],[118.945872,39.556493],[118.944945,39.552318],[118.948958,39.551808],[118.945778,39.551327],[118.946531,39.548341],[118.945216,39.544799],[118.95895,39.54489],[118.983299,39.538963],[118.983032,39.532313],[118.969874,39.528781],[118.966068,39.529521],[118.966689,39.527281],[118.96065,39.527916],[118.960543,39.526822],[118.965517,39.526162],[118.965055,39.524153],[118.956827,39.52621],[118.956718,39.524157],[118.963742,39.523448],[118.960314,39.522284],[118.965007,39.523371],[118.96826,39.520901],[118.964877,39.521455],[118.966517,39.519415],[118.96211,39.520379],[118.960775,39.517972],[118.961476,39.515887],[118.966219,39.515173],[118.966558,39.511919],[118.967897,39.517145],[118.967767,39.513467],[118.969468,39.511779],[118.971047,39.514731],[118.968477,39.515238],[118.973218,39.515307],[118.974859,39.513287],[118.988201,39.513529],[118.989179,39.510501],[119.001779,39.509541],[119.001971,39.511274],[119.002904,39.509244],[119.008128,39.509343],[119.011481,39.507945],[119.008888,39.508437],[119.008787,39.506191],[119.011958,39.505305],[119.015459,39.496997],[119.012827,39.494872],[119.017499,39.492645],[119.013069,39.491933],[119.015571,39.481685],[119.007603,39.476478],[119.004874,39.467475],[119.012626,39.467768],[119.013142,39.464663],[119.016138,39.466655],[119.018332,39.464318],[119.02924,39.46418],[119.051816,39.459178],[119.054585,39.459874],[119.054796,39.463852],[119.064566,39.473731],[119.071098,39.476396],[119.08095,39.475176],[119.089528,39.47217],[119.093497,39.468877],[119.112875,39.466273],[119.137963,39.46584],[119.155749,39.460781],[119.167641,39.461585],[119.185756,39.458994],[119.202229,39.46355],[119.20961,39.463794],[119.214401,39.462181],[119.224201,39.451474],[119.237552,39.445293],[119.251905,39.433244],[119.270036,39.423866],[119.283511,39.423232],[119.306212,39.432026],[119.319026,39.429565],[119.319506,39.419395],[119.317078,39.410763],[119.272757,39.363614],[119.239263,39.352393],[119.185571,39.342034],[119.174176,39.335818],[119.156073,39.311991],[119.145901,39.301764],[119.133051,39.293079],[119.121477,39.281525],[119.109124,39.265011],[119.096052,39.241967],[119.057877,39.219118],[119.038303,39.211768],[119.031481,39.20283],[119.023991,39.186929],[118.999268,39.171219],[118.978001,39.163369],[118.926305,39.123492],[118.904963,39.118818],[118.890009,39.118818],[118.886737,39.120532],[118.88572,39.123971],[118.896551,39.139693],[118.927084,39.162124],[118.952035,39.175626],[118.951105,39.178464],[118.936026,39.172479],[118.928756,39.17326],[118.920426,39.17174],[118.908483,39.157175],[118.897225,39.151492],[118.88404,39.150111],[118.871153,39.150954],[118.866566,39.153342],[118.865094,39.161135],[118.862174,39.162908],[118.857898,39.162856],[118.836203,39.153783],[118.819393,39.144133],[118.814394,39.138674],[118.796671,39.135399],[118.778615,39.135708],[118.760734,39.133491],[118.719675,39.136966],[118.699086,39.146214],[118.677096,39.150838]]]]}},{"type":"Feature","properties":{"dt_adcode":"130227"},"geometry":{"type":"Polygon","coordinates":[[[118.157361,40.28121],[118.13879,40.297696],[118.136383,40.301971],[118.140992,40.309475],[118.155219,40.320893],[118.154467,40.322826],[118.139826,40.332773],[118.137358,40.339805],[118.135158,40.341596],[118.125186,40.346638],[118.121833,40.354664],[118.128646,40.362412],[118.129444,40.367474],[118.13382,40.375145],[118.141989,40.380058],[118.152635,40.394937],[118.158613,40.395605],[118.15943,40.400395],[118.164108,40.39865],[118.164665,40.396348],[118.167413,40.396831],[118.16667,40.401249],[118.157462,40.404405],[118.153396,40.408393],[118.156989,40.423743],[118.164191,40.424842],[118.173807,40.423079],[118.176101,40.428311],[118.192156,40.431377],[118.205922,40.442387],[118.218115,40.447211],[118.222707,40.451252],[118.230392,40.451326],[118.236884,40.453461],[118.239701,40.457785],[118.239382,40.463304],[118.240847,40.464809],[118.252936,40.460641],[118.261023,40.455562],[118.262932,40.452067],[118.261342,40.444451],[118.273165,40.436519],[118.277923,40.425728],[118.306593,40.419573],[118.314907,40.421532],[118.325875,40.420797],[118.327546,40.428615],[118.329251,40.430368],[118.345196,40.431706],[118.356321,40.435299],[118.360737,40.428798],[118.371901,40.4306],[118.389847,40.436694],[118.393902,40.434791],[118.396003,40.42507],[118.402661,40.416858],[118.414188,40.41734],[118.430772,40.411847],[118.458433,40.414143],[118.470295,40.41241],[118.478234,40.408026],[118.503211,40.403352],[118.523476,40.406266],[118.529088,40.408551],[118.548402,40.422716],[118.553987,40.416585],[118.571501,40.414622],[118.568091,40.41237],[118.569761,40.406923],[118.568211,40.402437],[118.561366,40.399141],[118.560311,40.394832],[118.550899,40.385489],[118.557266,40.378157],[118.558395,40.369284],[118.554807,40.36734],[118.552861,40.360974],[118.543245,40.362741],[118.540012,40.361055],[118.540305,40.342688],[118.534414,40.331793],[118.532354,40.319417],[118.533658,40.306002],[118.532593,40.300609],[118.536303,40.296592],[118.549314,40.294021],[118.55255,40.289373],[118.564186,40.289984],[118.56894,40.287549],[118.569094,40.274261],[118.573841,40.267351],[118.594804,40.26301],[118.618572,40.253419],[118.606092,40.246799],[118.595347,40.233451],[118.593367,40.216626],[118.580799,40.193507],[118.580599,40.191562],[118.58528,40.187946],[118.588288,40.182509],[118.588764,40.173185],[118.592528,40.167214],[118.589743,40.16281],[118.591295,40.161094],[118.590844,40.158703],[118.584895,40.159857],[118.563397,40.156595],[118.559718,40.154774],[118.557301,40.149383],[118.550186,40.14079],[118.536939,40.13495],[118.535036,40.131582],[118.53539,40.125074],[118.539308,40.123558],[118.547051,40.125084],[118.552234,40.120871],[118.552632,40.116664],[118.547326,40.111519],[118.524759,40.102849],[118.522112,40.093811],[118.519302,40.090685],[118.509385,40.085836],[118.508399,40.082345],[118.509903,40.08],[118.503185,40.073119],[118.501878,40.063721],[118.49299,40.054541],[118.489038,40.044678],[118.472631,40.028971],[118.451472,40.017356],[118.45116,40.013983],[118.45567,40.009891],[118.450267,40.003095],[118.450405,40.000438],[118.455651,39.998028],[118.450897,39.989408],[118.45313,39.982203],[118.452358,39.973042],[118.45665,39.961032],[118.44775,39.956131],[118.422823,39.962688],[118.416101,39.961585],[118.405031,39.966712],[118.396644,39.968718],[118.385979,39.969079],[118.378315,39.974532],[118.364989,39.970429],[118.352353,39.971792],[118.34517,39.981115],[118.349868,39.987014],[118.352044,39.995868],[118.345147,39.998855],[118.33758,40.00556],[118.332789,40.017812],[118.328335,40.019423],[118.315602,40.017919],[118.311695,40.005338],[118.300897,40.012864],[118.299967,40.015446],[118.304863,40.023101],[118.301864,40.028539],[118.302073,40.032776],[118.308082,40.040299],[118.305597,40.051077],[118.293279,40.053676],[118.287448,40.057701],[118.282905,40.064724],[118.277459,40.066611],[118.259331,40.066399],[118.250377,40.063881],[118.235411,40.063337],[118.229223,40.061103],[118.219194,40.07995],[118.219951,40.083612],[118.215141,40.094914],[118.219222,40.101455],[118.23267,40.11195],[118.234734,40.117031],[118.233738,40.120947],[118.220101,40.12821],[118.204628,40.146511],[118.184876,40.159803],[118.176769,40.169235],[118.170987,40.170263],[118.167261,40.173604],[118.173928,40.175674],[118.174502,40.181487],[118.178346,40.186854],[118.184517,40.191239],[118.194291,40.207535],[118.194976,40.211328],[118.192025,40.219324],[118.170666,40.227634],[118.163457,40.233642],[118.160229,40.240537],[118.159607,40.245913],[118.163314,40.262741],[118.160987,40.276068],[118.157361,40.28121]]]}},{"type":"Feature","properties":{"dt_adcode":"130229"},"geometry":{"type":"Polygon","coordinates":[[[117.539161,39.760441],[117.541679,39.762235],[117.54418,39.761292],[117.546127,39.763666],[117.550377,39.762961],[117.554836,39.771425],[117.551953,39.772386],[117.552257,39.774087],[117.546138,39.776154],[117.554396,39.787083],[117.554146,39.795109],[117.560389,39.795001],[117.568228,39.799437],[117.561446,39.800039],[117.558102,39.812187],[117.548843,39.824067],[117.544396,39.821379],[117.54308,39.821461],[117.543253,39.822975],[117.540865,39.821935],[117.540139,39.828951],[117.539067,39.831697],[117.536411,39.831786],[117.536178,39.834036],[117.538004,39.835251],[117.542589,39.831758],[117.544328,39.833016],[117.5431,39.838159],[117.547981,39.839706],[117.546726,39.842821],[117.548501,39.845851],[117.54575,39.848037],[117.544734,39.844587],[117.537185,39.852837],[117.534026,39.852037],[117.532591,39.856308],[117.52818,39.859658],[117.527852,39.860814],[117.52981,39.860982],[117.521369,39.870622],[117.518586,39.892164],[117.516836,39.895159],[117.51005,39.893828],[117.507189,39.904162],[117.503938,39.904875],[117.507432,39.909049],[117.510086,39.908129],[117.511522,39.909458],[117.512888,39.908915],[117.511963,39.907672],[117.514358,39.906836],[117.514358,39.909853],[117.512741,39.910548],[117.513624,39.916674],[117.511904,39.917395],[117.513235,39.919974],[117.510114,39.916624],[117.507286,39.916728],[117.506914,39.915084],[117.504665,39.915689],[117.505487,39.918165],[117.503464,39.918974],[117.511039,39.919928],[117.511377,39.92132],[117.514386,39.921437],[117.51525,39.918805],[117.516807,39.921192],[117.518537,39.919671],[117.51954,39.921257],[117.521961,39.920634],[117.522057,39.924796],[117.525508,39.929608],[117.512468,39.933679],[117.511146,39.941079],[117.514951,39.946684],[117.517718,39.946107],[117.519615,39.948439],[117.524256,39.946523],[117.527276,39.952356],[117.530355,39.951158],[117.532915,39.952492],[117.534464,39.954714],[117.534422,39.961595],[117.536281,39.961529],[117.538653,39.970377],[117.547337,39.97685],[117.546292,39.981417],[117.542981,39.983114],[117.540827,39.987647],[117.537713,39.989985],[117.535248,39.995717],[117.536476,39.996956],[117.538337,39.997324],[117.543951,39.994084],[117.546634,39.998913],[117.550296,39.997073],[117.560502,39.997078],[117.563031,39.995668],[117.562138,39.992874],[117.566234,39.990883],[117.568764,39.992967],[117.571874,39.992893],[117.569899,39.994189],[117.572776,39.996052],[117.577256,39.996037],[117.578911,39.993856],[117.59177,39.996701],[117.592698,39.994461],[117.599639,39.993747],[117.60304,39.987749],[117.608673,39.983895],[117.613023,39.981808],[117.615654,39.982426],[117.615628,39.978775],[117.613439,39.977919],[117.613681,39.976716],[117.611902,39.977884],[117.611311,39.975896],[117.614828,39.972434],[117.631883,39.968706],[117.635221,39.96907],[117.640255,39.973434],[117.641368,39.971981],[117.6567,39.972075],[117.662894,39.974764],[117.674726,39.974804],[117.682096,39.979853],[117.685663,39.979495],[117.688987,39.984024],[117.694868,39.985446],[117.695398,39.987656],[117.695694,39.985751],[117.706688,39.986018],[117.719442,39.979894],[117.723788,39.980277],[117.723875,39.977925],[117.728428,39.971997],[117.733927,39.971121],[117.741615,39.973335],[117.752119,39.966086],[117.756203,39.965104],[117.763539,39.972718],[117.76922,39.969148],[117.772351,39.97015],[117.78446,39.965248],[117.793299,39.975221],[117.804698,39.975401],[117.806594,39.976669],[117.808968,39.985234],[117.818621,39.985851],[117.82108,39.988546],[117.829546,39.987814],[117.840138,39.97542],[117.846786,39.978264],[117.865504,39.97966],[117.869107,39.979139],[117.875161,39.974052],[117.88795,39.973562],[117.903399,39.960979],[117.903641,39.953245],[117.905541,39.950822],[117.92045,39.945709],[117.927587,39.932918],[117.920334,39.918841],[117.921922,39.912409],[117.928165,39.90224],[117.930518,39.890988],[117.921724,39.855197],[117.923242,39.846243],[117.944354,39.826219],[117.947274,39.817312],[117.946899,39.809998],[117.944679,39.80594],[117.930052,39.811142],[117.922348,39.810377],[117.921551,39.808266],[117.929844,39.805997],[117.930848,39.800243],[117.929159,39.797574],[117.928596,39.799509],[117.921177,39.802079],[117.92025,39.789368],[117.915594,39.774054],[117.911123,39.773024],[117.907032,39.775239],[117.898089,39.775404],[117.890682,39.77259],[117.880015,39.77118],[117.891311,39.759118],[117.891481,39.734393],[117.88562,39.715953],[117.868638,39.701605],[117.866437,39.697072],[117.86304,39.671717],[117.855982,39.66246],[117.844018,39.657646],[117.827121,39.655667],[117.81353,39.656143],[117.807581,39.654647],[117.801198,39.648123],[117.795012,39.638386],[117.787431,39.635677],[117.763951,39.612299],[117.766856,39.608512],[117.767713,39.599009],[117.747876,39.589406],[117.755149,39.581133],[117.751954,39.57901],[117.753127,39.576007],[117.737741,39.574051],[117.735299,39.560808],[117.745366,39.548106],[117.732946,39.536099],[117.722746,39.534994],[117.71595,39.530087],[117.711664,39.534114],[117.707196,39.543411],[117.707448,39.546551],[117.710194,39.550401],[117.708434,39.555072],[117.703684,39.557507],[117.695769,39.557319],[117.689593,39.559514],[117.685366,39.565757],[117.689966,39.569384],[117.697292,39.564781],[117.704066,39.565371],[117.708601,39.569327],[117.708576,39.573803],[117.705857,39.57649],[117.693596,39.581049],[117.684957,39.588909],[117.674598,39.589852],[117.672853,39.583678],[117.670063,39.580657],[117.66325,39.576342],[117.655654,39.57491],[117.652687,39.575907],[117.650708,39.579234],[117.655711,39.585324],[117.654432,39.590752],[117.649936,39.594447],[117.639768,39.592829],[117.637249,39.596682],[117.636826,39.603694],[117.632193,39.602348],[117.626513,39.594287],[117.621258,39.592178],[117.619377,39.60593],[117.621249,39.606516],[117.623207,39.603439],[117.625485,39.602819],[117.631169,39.607144],[117.631794,39.613591],[117.641216,39.612672],[117.640204,39.620458],[117.644741,39.623269],[117.641973,39.629161],[117.648971,39.627772],[117.652777,39.628938],[117.652242,39.639051],[117.661993,39.636333],[117.664505,39.638401],[117.666473,39.642911],[117.665336,39.646172],[117.667862,39.651112],[117.663327,39.657116],[117.668158,39.662546],[117.668924,39.666767],[117.662605,39.665935],[117.656846,39.668831],[117.660195,39.674735],[117.653119,39.677986],[117.658035,39.682458],[117.650509,39.682003],[117.649458,39.68585],[117.643972,39.68812],[117.649051,39.695126],[117.644803,39.701817],[117.636028,39.696671],[117.634419,39.697819],[117.634477,39.700961],[117.627138,39.703639],[117.620961,39.702956],[117.6149,39.705978],[117.602998,39.705121],[117.593013,39.711194],[117.593309,39.715793],[117.588446,39.719486],[117.579756,39.718616],[117.585211,39.722455],[117.578678,39.722833],[117.577196,39.726436],[117.583453,39.727323],[117.583583,39.731588],[117.58878,39.731084],[117.588511,39.73791],[117.593414,39.735197],[117.596971,39.735767],[117.596857,39.738476],[117.590889,39.742261],[117.596325,39.744316],[117.596491,39.745761],[117.578598,39.749803],[117.571107,39.756489],[117.56133,39.754773],[117.55545,39.762546],[117.553204,39.761767],[117.549724,39.756661],[117.543316,39.760619],[117.539161,39.760441]]]}},{"type":"Feature","properties":{"dt_adcode":"130281"},"geometry":{"type":"Polygon","coordinates":[[[117.781851,39.966319],[117.782094,39.968449],[117.787555,39.973995],[117.785493,39.976441],[117.787105,39.977902],[117.78668,39.981653],[117.789636,39.990943],[117.791915,39.991973],[117.791517,39.99374],[117.794974,39.996978],[117.796472,39.996624],[117.79507,40.003497],[117.792948,40.005588],[117.794715,40.006089],[117.794733,40.008042],[117.796933,40.008057],[117.797029,40.010292],[117.791751,40.012461],[117.791265,40.016217],[117.785925,40.017909],[117.784149,40.015302],[117.782448,40.023513],[117.770346,40.023547],[117.770466,40.01645],[117.769747,40.022176],[117.767597,40.021817],[117.767362,40.018935],[117.761116,40.020969],[117.757648,40.017566],[117.758437,40.011989],[117.756864,40.010269],[117.744148,40.018439],[117.743742,40.031269],[117.74804,40.037239],[117.747911,40.047452],[117.750151,40.047466],[117.751279,40.04576],[117.752859,40.048104],[117.75246,40.045339],[117.758286,40.044352],[117.762522,40.045981],[117.773564,40.052306],[117.776053,40.059456],[117.774986,40.060607],[117.771808,40.059681],[117.770976,40.06183],[117.76925,40.061679],[117.767802,40.066077],[117.758199,40.065962],[117.756117,40.068987],[117.754294,40.068674],[117.753392,40.073327],[117.7584,40.073923],[117.75558,40.079547],[117.75164,40.081995],[117.747239,40.081551],[117.745181,40.078538],[117.734306,40.077303],[117.730528,40.080559],[117.722376,40.079799],[117.718769,40.081961],[117.72016,40.082501],[117.716352,40.082152],[117.714119,40.085969],[117.711754,40.085844],[117.713084,40.083176],[117.711354,40.082688],[117.707884,40.094],[117.703954,40.092238],[117.696926,40.094926],[117.690933,40.094195],[117.688711,40.087567],[117.687224,40.087619],[117.689862,40.086771],[117.688252,40.082852],[117.683519,40.08349],[117.683868,40.085774],[117.679317,40.085661],[117.678735,40.088173],[117.677855,40.082112],[117.674906,40.082141],[117.676873,40.089159],[117.674411,40.089007],[117.674542,40.092149],[117.672315,40.09215],[117.671732,40.096546],[117.669462,40.096889],[117.668105,40.100927],[117.663954,40.096501],[117.658422,40.09656],[117.656838,40.091002],[117.655603,40.092506],[117.654211,40.090762],[117.652071,40.092122],[117.649584,40.091276],[117.644845,40.096666],[117.648315,40.098601],[117.647533,40.101751],[117.648733,40.10417],[117.655788,40.106761],[117.657554,40.10916],[117.656231,40.109482],[117.658197,40.109642],[117.653144,40.110758],[117.654805,40.112223],[117.651944,40.113686],[117.654614,40.114663],[117.651822,40.114823],[117.650371,40.122095],[117.651893,40.122389],[117.652902,40.125889],[117.65058,40.124974],[117.64851,40.126399],[117.650154,40.128189],[117.635529,40.132488],[117.634799,40.134024],[117.636947,40.136852],[117.631567,40.141573],[117.63228,40.144086],[117.630586,40.147774],[117.626692,40.145809],[117.625954,40.146984],[117.624615,40.145789],[117.621409,40.146572],[117.618465,40.151332],[117.620785,40.152215],[117.618882,40.153538],[117.618614,40.157587],[117.613142,40.157776],[117.611979,40.16123],[117.607881,40.160782],[117.606275,40.165292],[117.601191,40.171214],[117.593267,40.17056],[117.58887,40.168201],[117.58411,40.171772],[117.579672,40.177963],[117.576396,40.178604],[117.574378,40.183534],[117.575565,40.185833],[117.573174,40.190034],[117.575558,40.193034],[117.583897,40.195326],[117.596108,40.192024],[117.605064,40.193294],[117.609951,40.195279],[117.610308,40.199802],[117.620661,40.206871],[117.646242,40.205194],[117.655628,40.215406],[117.677056,40.220919],[117.685644,40.226766],[117.694119,40.238168],[117.706235,40.237039],[117.714549,40.241657],[117.726656,40.235799],[117.750237,40.229386],[117.768139,40.244939],[117.778777,40.244376],[117.799343,40.254408],[117.807801,40.261918],[117.81813,40.258944],[117.827184,40.259883],[117.833971,40.26435],[117.844098,40.261435],[117.849412,40.261725],[117.856087,40.26342],[117.864036,40.269081],[117.883812,40.270423],[117.888362,40.272564],[117.900942,40.27069],[117.904733,40.273824],[117.906157,40.283387],[117.911711,40.286322],[117.935123,40.284793],[117.946171,40.28925],[117.949613,40.284884],[117.954421,40.283319],[117.967181,40.292111],[117.976313,40.294518],[117.987276,40.295638],[118.000862,40.292583],[118.005478,40.293431],[118.015696,40.298558],[118.035769,40.304251],[118.04552,40.312073],[118.064286,40.321042],[118.072868,40.331233],[118.074974,40.349965],[118.077677,40.352864],[118.090177,40.355537],[118.09589,40.353674],[118.121833,40.354664],[118.125186,40.346638],[118.137358,40.339805],[118.139826,40.332773],[118.154467,40.322826],[118.155219,40.320893],[118.140992,40.309475],[118.136383,40.301971],[118.13879,40.297696],[118.15041,40.288376],[118.160987,40.276068],[118.163314,40.262741],[118.159607,40.245913],[118.160229,40.240537],[118.163457,40.233642],[118.170666,40.227634],[118.192025,40.219324],[118.194431,40.214359],[118.194291,40.207535],[118.184517,40.191239],[118.178346,40.186854],[118.174502,40.181487],[118.173928,40.175674],[118.167261,40.173604],[118.170987,40.170263],[118.176769,40.169235],[118.184876,40.159803],[118.204628,40.146511],[118.220101,40.12821],[118.233738,40.120947],[118.234734,40.117031],[118.23267,40.11195],[118.219222,40.101455],[118.215141,40.094914],[118.219951,40.083612],[118.219194,40.07995],[118.229223,40.061103],[118.225852,40.05973],[118.215059,40.060434],[118.211517,40.058199],[118.20348,40.042399],[118.190935,40.033392],[118.18774,40.024682],[118.168855,40.022512],[118.153766,40.009357],[118.147513,39.995343],[118.144231,39.992106],[118.133273,39.98833],[118.123385,39.98044],[118.107101,39.979961],[118.100906,39.97667],[118.089403,39.965736],[118.08129,39.961701],[118.07698,39.96131],[118.06835,39.964483],[118.061273,39.971763],[118.054506,39.972908],[118.051721,39.971574],[118.049871,39.966267],[118.053786,39.95486],[118.050909,39.954734],[118.050909,39.952866],[118.047729,39.951951],[118.050396,39.942089],[118.040347,39.938846],[118.033987,39.935825],[118.033797,39.934457],[118.028579,39.933609],[118.017353,39.926549],[118.012693,39.925333],[117.985546,39.926992],[117.949097,39.925252],[117.93604,39.926829],[117.927587,39.932918],[117.92045,39.945709],[117.905541,39.950822],[117.903641,39.953245],[117.903399,39.960979],[117.88795,39.973562],[117.875161,39.974052],[117.869107,39.979139],[117.865504,39.97966],[117.846786,39.978264],[117.840138,39.97542],[117.829546,39.987814],[117.82108,39.988546],[117.818621,39.985851],[117.808968,39.985234],[117.806594,39.976669],[117.804698,39.975401],[117.793299,39.975221],[117.78446,39.965248],[117.781851,39.966319]]]}},{"type":"Feature","properties":{"dt_adcode":"130283"},"geometry":{"type":"Polygon","coordinates":[[[118.924768,40.14967],[118.925149,40.137893],[118.922699,40.132804],[118.917511,40.133391],[118.91909,40.130966],[118.917206,40.130443],[118.916587,40.127286],[118.921562,40.127567],[118.923149,40.126153],[118.919533,40.098274],[118.916709,40.089157],[118.913704,40.087277],[118.906505,40.087997],[118.900534,40.086517],[118.87343,40.064398],[118.865847,40.060936],[118.865608,40.023795],[118.868415,40.019784],[118.879465,40.01398],[118.884918,40.006735],[118.881786,39.993742],[118.884272,39.981204],[118.882199,39.969205],[118.884019,39.965692],[118.886117,39.948815],[118.878221,39.934328],[118.871076,39.934567],[118.870757,39.930922],[118.866343,39.931512],[118.858332,39.914036],[118.852898,39.882546],[118.835201,39.859013],[118.807359,39.8835],[118.802768,39.892037],[118.800361,39.905131],[118.79687,39.909702],[118.7823,39.919038],[118.772587,39.919245],[118.764736,39.928811],[118.752836,39.931312],[118.748077,39.92286],[118.746564,39.915163],[118.7368,39.913092],[118.734375,39.907778],[118.719004,39.890464],[118.719751,39.882092],[118.721263,39.879794],[118.727105,39.877222],[118.726348,39.873093],[118.714427,39.874428],[118.705443,39.879888],[118.696778,39.879478],[118.694237,39.878562],[118.691931,39.872129],[118.685169,39.865971],[118.680435,39.864213],[118.678442,39.859808],[118.674943,39.857895],[118.663346,39.858216],[118.664232,39.863842],[118.660051,39.864144],[118.656768,39.86016],[118.660272,39.866539],[118.654316,39.867489],[118.65669,39.867549],[118.656694,39.869267],[118.662579,39.869551],[118.656602,39.869661],[118.663269,39.870905],[118.658848,39.872102],[118.66918,39.874979],[118.665324,39.876226],[118.669376,39.877303],[118.665015,39.876945],[118.669025,39.878184],[118.664209,39.877277],[118.664056,39.874811],[118.662683,39.876724],[118.662816,39.874558],[118.660393,39.879115],[118.662274,39.874278],[118.66046,39.876215],[118.65455,39.875251],[118.654734,39.874193],[118.649624,39.873663],[118.652183,39.873581],[118.650344,39.871583],[118.647222,39.871389],[118.648953,39.871796],[118.648994,39.873513],[118.646259,39.873923],[118.64869,39.874422],[118.645867,39.874053],[118.645352,39.872933],[118.644111,39.874824],[118.643029,39.871861],[118.643423,39.873711],[118.642304,39.871952],[118.641899,39.874461],[118.642334,39.871272],[118.639866,39.869174],[118.641289,39.86912],[118.637381,39.868329],[118.637258,39.866282],[118.636959,39.868209],[118.635286,39.868212],[118.635463,39.865946],[118.632317,39.865253],[118.631541,39.861283],[118.624239,39.861092],[118.624356,39.858174],[118.623843,39.861061],[118.623409,39.859421],[118.621817,39.860855],[118.621128,39.855364],[118.615811,39.8544],[118.611529,39.854476],[118.603594,39.858841],[118.592999,39.851938],[118.575217,39.849496],[118.565081,39.849945],[118.543643,39.860781],[118.529829,39.859927],[118.513011,39.854975],[118.504324,39.857858],[118.479328,39.857413],[118.464804,39.853266],[118.463221,39.854658],[118.448312,39.882776],[118.449741,39.887296],[118.45536,39.891687],[118.458719,39.897753],[118.465564,39.900793],[118.467459,39.906062],[118.464613,39.909719],[118.460062,39.91203],[118.457138,39.922509],[118.447366,39.932129],[118.448518,39.935378],[118.457616,39.938972],[118.459158,39.945436],[118.45665,39.961032],[118.452358,39.973042],[118.45313,39.982203],[118.450897,39.989408],[118.455651,39.998028],[118.450405,40.000438],[118.450267,40.003095],[118.45567,40.009891],[118.45116,40.013983],[118.450961,40.016323],[118.453654,40.019213],[118.472631,40.028971],[118.489038,40.044678],[118.49299,40.054541],[118.501878,40.063721],[118.503185,40.073119],[118.509903,40.08],[118.508399,40.082345],[118.509385,40.085836],[118.519302,40.090685],[118.522112,40.093811],[118.524759,40.102849],[118.547326,40.111519],[118.552632,40.116664],[118.552234,40.120871],[118.547051,40.125084],[118.539308,40.123558],[118.53539,40.125074],[118.535036,40.131582],[118.536939,40.13495],[118.550186,40.14079],[118.557301,40.149383],[118.559718,40.154774],[118.563397,40.156595],[118.584895,40.159857],[118.590844,40.158703],[118.591295,40.161094],[118.589743,40.16281],[118.592528,40.167214],[118.588764,40.173185],[118.588288,40.182509],[118.580599,40.192474],[118.593367,40.216626],[118.594557,40.231862],[118.606092,40.246799],[118.618572,40.253419],[118.628503,40.249946],[118.665639,40.242561],[118.676132,40.234311],[118.685704,40.231052],[118.708586,40.216082],[118.715343,40.219071],[118.720946,40.216897],[118.727333,40.211413],[118.724221,40.212222],[118.730624,40.209135],[118.73039,40.206773],[118.73137,40.209391],[118.73223,40.207281],[118.73471,40.21071],[118.739422,40.213042],[118.746077,40.208115],[118.74602,40.204185],[118.743914,40.201751],[118.743539,40.192196],[118.74575,40.190808],[118.753748,40.190602],[118.762845,40.193218],[118.775581,40.194181],[118.782467,40.202649],[118.790651,40.206017],[118.801111,40.199939],[118.822141,40.191083],[118.833139,40.184312],[118.841591,40.182643],[118.849152,40.178974],[118.864831,40.181222],[118.888911,40.168793],[118.906742,40.16968],[118.912359,40.165478],[118.911289,40.157604],[118.924768,40.14967]]]}},{"type":"Feature","properties":{"dt_adcode":"130284"},"geometry":{"type":"Polygon","coordinates":[[[118.825037,39.663048],[118.818198,39.659798],[118.818348,39.64397],[118.813306,39.643883],[118.810975,39.641038],[118.804849,39.641231],[118.80466,39.639719],[118.802487,39.640047],[118.802855,39.644377],[118.798785,39.645909],[118.792589,39.644884],[118.782888,39.636351],[118.75955,39.623544],[118.748862,39.614309],[118.742591,39.614719],[118.724455,39.622631],[118.724526,39.629451],[118.692701,39.631473],[118.662933,39.63617],[118.639744,39.636133],[118.635456,39.63199],[118.632908,39.623235],[118.626354,39.619026],[118.576825,39.614068],[118.560324,39.61685],[118.54388,39.611503],[118.544661,39.609435],[118.54019,39.60766],[118.541231,39.603879],[118.531696,39.603467],[118.521545,39.608063],[118.520516,39.602164],[118.518458,39.601889],[118.518996,39.596086],[118.517214,39.59585],[118.517292,39.591395],[118.514342,39.582546],[118.509404,39.583507],[118.510432,39.586113],[118.506591,39.586867],[118.505207,39.584023],[118.498909,39.583507],[118.497084,39.579907],[118.487099,39.579996],[118.487868,39.584989],[118.469456,39.59016],[118.469852,39.591399],[118.467768,39.591669],[118.468248,39.593933],[118.459897,39.59302],[118.462473,39.596591],[118.464019,39.60319],[118.471711,39.612609],[118.479954,39.619621],[118.480431,39.629539],[118.47412,39.64465],[118.473845,39.661876],[118.470896,39.664019],[118.443246,39.664932],[118.442629,39.668031],[118.436836,39.672744],[118.447215,39.678322],[118.446628,39.694572],[118.448687,39.699361],[118.455034,39.699692],[118.458036,39.704346],[118.461925,39.705854],[118.463808,39.709955],[118.473772,39.711615],[118.474546,39.715989],[118.477871,39.717889],[118.483813,39.71691],[118.48123,39.712758],[118.484514,39.709656],[118.495667,39.711819],[118.504874,39.718791],[118.510383,39.719015],[118.511852,39.712326],[118.519135,39.709626],[118.519503,39.70483],[118.525253,39.705438],[118.52515,39.702981],[118.526473,39.702988],[118.525376,39.69711],[118.52715,39.69736],[118.52765,39.699997],[118.529543,39.699901],[118.530537,39.695692],[118.532806,39.704241],[118.534812,39.704209],[118.535634,39.697257],[118.539489,39.698241],[118.538896,39.695262],[118.543482,39.694994],[118.543562,39.698618],[118.546148,39.698381],[118.54676,39.702235],[118.550068,39.700512],[118.55064,39.702312],[118.550315,39.700489],[118.552177,39.700361],[118.552187,39.705521],[118.558316,39.707207],[118.559248,39.70551],[118.560576,39.707352],[118.564817,39.706536],[118.564756,39.703826],[118.566293,39.703738],[118.566574,39.707751],[118.569716,39.707752],[118.569349,39.71669],[118.575762,39.716594],[118.575956,39.718632],[118.578748,39.718305],[118.579465,39.723232],[118.577211,39.734812],[118.576983,39.732236],[118.575118,39.731904],[118.57413,39.734858],[118.574611,39.731895],[118.572407,39.731487],[118.5716,39.73501],[118.57012,39.734885],[118.570627,39.731187],[118.569335,39.730978],[118.568653,39.734401],[118.567145,39.733966],[118.566852,39.731276],[118.566487,39.733796],[118.554212,39.733821],[118.552892,39.731392],[118.550373,39.73566],[118.546196,39.735529],[118.545551,39.73316],[118.545895,39.734742],[118.544063,39.733961],[118.543021,39.750596],[118.546239,39.762495],[118.54571,39.766285],[118.544123,39.766065],[118.541771,39.770604],[118.523556,39.764676],[118.519285,39.767098],[118.517626,39.772064],[118.512465,39.774615],[118.494043,39.776545],[118.490871,39.782944],[118.471976,39.781893],[118.471137,39.790598],[118.469096,39.79303],[118.453451,39.793754],[118.440991,39.80049],[118.44476,39.806653],[118.440464,39.811312],[118.43959,39.815411],[118.425058,39.820266],[118.420393,39.8197],[118.416507,39.817154],[118.415769,39.811833],[118.409894,39.801134],[118.404956,39.799879],[118.394121,39.802214],[118.391271,39.793223],[118.389673,39.792171],[118.384826,39.79294],[118.372859,39.798938],[118.363027,39.79927],[118.356122,39.795018],[118.353086,39.794947],[118.342841,39.800163],[118.337074,39.799636],[118.333655,39.796252],[118.299729,39.791474],[118.289586,39.793596],[118.281124,39.797754],[118.274609,39.79649],[118.269808,39.798558],[118.264807,39.795179],[118.259991,39.803581],[118.249935,39.803498],[118.242087,39.808428],[118.242088,39.810564],[118.252826,39.818825],[118.262024,39.823652],[118.269599,39.824103],[118.268838,39.830993],[118.263351,39.830946],[118.263501,39.831987],[118.278046,39.841918],[118.282877,39.847951],[118.28744,39.862735],[118.279995,39.869221],[118.278102,39.874784],[118.279397,39.878244],[118.283741,39.880714],[118.291944,39.880463],[118.294986,39.883501],[118.295917,39.891667],[118.29743,39.893114],[118.318655,39.889772],[118.320072,39.892531],[118.317517,39.900587],[118.326693,39.904293],[118.325529,39.915828],[118.334951,39.922048],[118.346894,39.924584],[118.348443,39.93582],[118.358698,39.943417],[118.360595,39.948485],[118.360117,39.951788],[118.357665,39.954505],[118.348829,39.959624],[118.348656,39.96531],[118.352353,39.971792],[118.364989,39.970429],[118.378315,39.974532],[118.385979,39.969079],[118.396644,39.968718],[118.405031,39.966712],[118.416101,39.961585],[118.422823,39.962688],[118.44775,39.956131],[118.45665,39.961032],[118.458924,39.949282],[118.458292,39.940242],[118.456907,39.9383],[118.448518,39.935378],[118.447366,39.932129],[118.457138,39.922509],[118.460062,39.91203],[118.464613,39.909719],[118.467459,39.906062],[118.465564,39.900793],[118.458719,39.897753],[118.45536,39.891687],[118.449741,39.887296],[118.448312,39.882776],[118.464804,39.853266],[118.481248,39.857508],[118.507583,39.857648],[118.515406,39.855168],[118.529829,39.859927],[118.543643,39.860781],[118.565081,39.849945],[118.575217,39.849496],[118.592999,39.851938],[118.603594,39.858841],[118.611529,39.854476],[118.615811,39.8544],[118.621128,39.855364],[118.621817,39.860855],[118.623409,39.859421],[118.623843,39.861061],[118.624356,39.858174],[118.624239,39.861092],[118.631541,39.861283],[118.632317,39.865253],[118.635463,39.865946],[118.635286,39.868212],[118.636959,39.868209],[118.637258,39.866282],[118.637381,39.868329],[118.641289,39.86912],[118.639866,39.869174],[118.642334,39.871272],[118.641899,39.874461],[118.642304,39.871952],[118.643423,39.873711],[118.643029,39.871861],[118.644111,39.874824],[118.645352,39.872933],[118.645867,39.874053],[118.64869,39.874422],[118.646259,39.873923],[118.648994,39.873513],[118.648953,39.871796],[118.647222,39.871389],[118.650344,39.871583],[118.652183,39.873581],[118.649624,39.873663],[118.654734,39.874193],[118.65455,39.875251],[118.66046,39.876215],[118.662274,39.874278],[118.660393,39.879115],[118.662816,39.874558],[118.662683,39.876724],[118.664056,39.874811],[118.664209,39.877277],[118.669025,39.878184],[118.665015,39.876945],[118.669376,39.877303],[118.665324,39.876226],[118.66918,39.874979],[118.658848,39.872102],[118.663269,39.870905],[118.656602,39.869661],[118.662579,39.869551],[118.656694,39.869267],[118.65669,39.867549],[118.654316,39.867489],[118.660272,39.866539],[118.656768,39.86016],[118.660051,39.864144],[118.664232,39.863842],[118.663346,39.858216],[118.674943,39.857895],[118.678442,39.859808],[118.680435,39.864213],[118.685169,39.865971],[118.691931,39.872129],[118.694237,39.878562],[118.696778,39.879478],[118.705443,39.879888],[118.714427,39.874428],[118.726348,39.873093],[118.727105,39.877222],[118.721263,39.879794],[118.719751,39.882092],[118.719004,39.890464],[118.734375,39.907778],[118.7368,39.913092],[118.746564,39.915163],[118.748077,39.92286],[118.752437,39.931112],[118.758592,39.930557],[118.766168,39.927738],[118.768701,39.92242],[118.772587,39.919245],[118.7823,39.919038],[118.79687,39.909702],[118.800361,39.905131],[118.802768,39.892037],[118.807359,39.8835],[118.835201,39.859013],[118.839123,39.850637],[118.838188,39.847961],[118.826132,39.839663],[118.816819,39.825859],[118.815007,39.81067],[118.817969,39.805165],[118.825624,39.798133],[118.816088,39.793375],[118.797963,39.790439],[118.799757,39.774804],[118.795805,39.771668],[118.775124,39.76486],[118.774262,39.763112],[118.777093,39.750289],[118.781757,39.740601],[118.783939,39.723241],[118.786571,39.715828],[118.791669,39.719436],[118.791791,39.711436],[118.793503,39.708881],[118.794949,39.697586],[118.800607,39.693813],[118.799288,39.689874],[118.803286,39.689321],[118.801627,39.685665],[118.80413,39.679969],[118.806748,39.680379],[118.807642,39.678832],[118.805867,39.678274],[118.809258,39.675844],[118.812632,39.676088],[118.810528,39.67456],[118.8135,39.671076],[118.816624,39.669272],[118.822221,39.669007],[118.825037,39.663048]]]}},{"type":"Feature","properties":{"dt_adcode":"130302"},"geometry":{"type":"MultiPolygon","coordinates":[[[[119.571334,39.891128],[119.57326,39.896638],[119.571005,39.899701],[119.577259,39.902733],[119.580156,39.89461],[119.574429,39.891227],[119.571334,39.891128]]],[[[119.421237,39.913831],[119.413168,39.91709],[119.416472,39.918933],[119.415141,39.923508],[119.418789,39.924793],[119.416129,39.931111],[119.421305,39.934648],[119.433291,39.939102],[119.443544,39.934463],[119.44428,39.940682],[119.462046,39.940287],[119.464515,39.942623],[119.473549,39.944251],[119.480299,39.942399],[119.488982,39.952655],[119.484889,39.955084],[119.489303,39.958442],[119.485651,39.960938],[119.484153,39.959964],[119.483387,39.962684],[119.481656,39.96085],[119.477534,39.960707],[119.476556,39.963395],[119.474909,39.962902],[119.473643,39.967624],[119.47579,39.968991],[119.474176,39.97054],[119.47876,39.972311],[119.476543,39.973559],[119.478219,39.974999],[119.475111,39.976209],[119.474992,39.978034],[119.477528,39.979762],[119.464813,39.979915],[119.460221,39.983137],[119.459148,39.985932],[119.459191,39.989286],[119.469748,40.001056],[119.4717,40.015291],[119.453676,40.030293],[119.421146,40.034039],[119.414355,40.05503],[119.417062,40.059848],[119.415582,40.063399],[119.416943,40.068016],[119.416115,40.074822],[119.42008,40.078669],[119.420553,40.082101],[119.424605,40.08796],[119.438619,40.098219],[119.450171,40.094221],[119.459553,40.095327],[119.480589,40.107811],[119.491646,40.116209],[119.502823,40.127344],[119.539012,40.180376],[119.553094,40.189146],[119.556689,40.223401],[119.553091,40.225764],[119.568136,40.232488],[119.56612,40.236898],[119.56756,40.238674],[119.563276,40.244204],[119.566812,40.250303],[119.562824,40.252076],[119.561762,40.260999],[119.558651,40.267133],[119.555238,40.268876],[119.585142,40.280099],[119.587456,40.283201],[119.587465,40.287551],[119.584356,40.298428],[119.585102,40.308921],[119.588439,40.313819],[119.595575,40.317411],[119.608717,40.320987],[119.612726,40.320728],[119.616207,40.318346],[119.622904,40.301148],[119.628701,40.29978],[119.629344,40.295828],[119.642149,40.291307],[119.647025,40.285807],[119.647545,40.277325],[119.651871,40.272404],[119.642138,40.265077],[119.643969,40.259482],[119.637761,40.25622],[119.638874,40.252595],[119.637305,40.250262],[119.633477,40.249385],[119.630245,40.242578],[119.629145,40.233823],[119.626739,40.228319],[119.623944,40.226923],[119.625189,40.224159],[119.632333,40.223844],[119.632061,40.22649],[119.639374,40.231935],[119.639659,40.229602],[119.647436,40.229179],[119.664404,40.238628],[119.671567,40.239592],[119.678148,40.228084],[119.676244,40.224505],[119.696287,40.208842],[119.706858,40.204952],[119.710319,40.198982],[119.714661,40.196341],[119.717046,40.196188],[119.721229,40.199967],[119.719292,40.205],[119.731137,40.205789],[119.731138,40.202658],[119.734072,40.200141],[119.738903,40.206883],[119.745954,40.207962],[119.751221,40.187801],[119.752767,40.170465],[119.757264,40.159994],[119.755502,40.153164],[119.762467,40.144749],[119.762131,40.138229],[119.756316,40.132694],[119.755903,40.128067],[119.741509,40.111206],[119.724748,40.109552],[119.720882,40.112018],[119.712852,40.112101],[119.716532,40.105143],[119.715033,40.100759],[119.703291,40.095946],[119.704019,40.093754],[119.699836,40.089199],[119.700054,40.085553],[119.696556,40.08608],[119.691634,40.083421],[119.683513,40.086429],[119.67308,40.085352],[119.673803,40.078072],[119.670862,40.076874],[119.674708,40.075084],[119.67663,40.071948],[119.673097,40.060566],[119.678782,40.056613],[119.678446,40.053746],[119.672668,40.048436],[119.662625,40.053036],[119.658009,40.052166],[119.652632,40.048907],[119.656394,40.046256],[119.655218,40.042178],[119.645983,40.044589],[119.646894,40.03388],[119.645772,40.0335],[119.647944,40.030952],[119.642655,40.030943],[119.637523,40.036735],[119.630429,40.038446],[119.634346,40.031651],[119.634004,40.02543],[119.635375,40.024896],[119.636023,40.027177],[119.638609,40.02626],[119.634656,40.022528],[119.636989,40.020047],[119.632833,40.018179],[119.631286,40.012382],[119.633638,40.010424],[119.631914,40.010058],[119.632662,40.008006],[119.630358,40.006911],[119.628162,40.007931],[119.626182,40.003906],[119.621905,40.00224],[119.625892,39.999421],[119.629904,40.000032],[119.631636,39.997874],[119.639549,39.9951],[119.642591,39.995451],[119.646159,39.998423],[119.649215,39.995765],[119.665501,39.995834],[119.665684,39.997245],[119.668659,39.996833],[119.66943,40.000208],[119.672263,39.996148],[119.678689,39.996409],[119.677757,39.993162],[119.684816,39.996114],[119.685225,39.992895],[119.683189,39.992168],[119.684775,39.988499],[119.682639,39.987202],[119.683795,39.986383],[119.682443,39.983675],[119.687437,39.981785],[119.689861,39.977425],[119.695658,39.976272],[119.69184,39.974646],[119.697808,39.973749],[119.699051,39.968076],[119.71392,39.972227],[119.714264,39.967393],[119.71084,39.96117],[119.716228,39.955607],[119.713684,39.949489],[119.726268,39.941039],[119.724985,39.937377],[119.721901,39.934763],[119.699384,39.930428],[119.69784,39.92362],[119.682,39.922585],[119.678742,39.931096],[119.674327,39.933441],[119.667124,39.931459],[119.668067,39.924356],[119.666437,39.920201],[119.662322,39.920364],[119.656878,39.924079],[119.645336,39.92227],[119.643267,39.924815],[119.640443,39.924703],[119.629078,39.917184],[119.618959,39.903373],[119.609011,39.897274],[119.607458,39.898971],[119.613603,39.90462],[119.60843,39.90306],[119.609264,39.906172],[119.599972,39.904271],[119.597604,39.906624],[119.592584,39.906139],[119.590097,39.910933],[119.588034,39.910413],[119.588317,39.899467],[119.580832,39.898889],[119.57864,39.907496],[119.575686,39.907291],[119.574603,39.904128],[119.570135,39.906204],[119.553481,39.897597],[119.539838,39.886347],[119.530061,39.889446],[119.499993,39.867783],[119.499671,39.860926],[119.487822,39.862042],[119.488126,39.86437],[119.492238,39.865719],[119.492423,39.868169],[119.484335,39.866428],[119.483039,39.867257],[119.48297,39.871475],[119.480056,39.869809],[119.476814,39.871541],[119.477658,39.872259],[119.475638,39.873447],[119.478574,39.8752],[119.475724,39.873787],[119.475661,39.876398],[119.473344,39.876379],[119.472609,39.878614],[119.469886,39.878456],[119.469725,39.881704],[119.473904,39.883659],[119.472489,39.883515],[119.471793,39.887637],[119.46611,39.88776],[119.472848,39.895131],[119.474201,39.902934],[119.470295,39.907905],[119.463037,39.910522],[119.458916,39.90472],[119.454132,39.903773],[119.450248,39.905469],[119.451449,39.908828],[119.442179,39.916596],[119.421237,39.913831]]]]}},{"type":"Feature","properties":{"dt_adcode":"130303"},"geometry":{"type":"Polygon","coordinates":[[[119.741509,40.111206],[119.737765,40.107237],[119.736696,40.104858],[119.737688,40.103403],[119.762324,40.08559],[119.77206,40.081337],[119.76547,40.076806],[119.764533,40.072074],[119.760457,40.065639],[119.763242,40.061057],[119.768826,40.058045],[119.769003,40.055698],[119.765472,40.053205],[119.768584,40.05363],[119.770883,40.048797],[119.77626,40.050396],[119.779816,40.04951],[119.782547,40.048279],[119.780267,40.046406],[119.782454,40.045782],[119.783423,40.04715],[119.787509,40.043323],[119.786925,40.041497],[119.791039,40.042952],[119.793117,40.041298],[119.794432,40.042879],[119.796049,40.040179],[119.799606,40.041314],[119.799143,40.042837],[119.802497,40.043506],[119.802359,40.042206],[119.807654,40.044076],[119.806924,40.045214],[119.811081,40.046222],[119.813524,40.050524],[119.818144,40.049154],[119.816715,40.052849],[119.824081,40.047748],[119.835279,40.050251],[119.837903,40.043388],[119.844149,40.037456],[119.853709,40.033328],[119.854228,40.032292],[119.84794,40.027907],[119.850586,40.023202],[119.847832,40.02059],[119.849949,40.020367],[119.848976,40.017669],[119.84673,40.017533],[119.843152,40.01213],[119.841079,40.011882],[119.839668,40.00652],[119.846277,40.004782],[119.847023,40.002605],[119.845468,40.002207],[119.845541,39.999107],[119.848726,39.999361],[119.852614,39.993641],[119.854252,39.988478],[119.872377,39.960596],[119.872492,39.955854],[119.862412,39.951536],[119.842704,39.95587],[119.835505,39.964442],[119.837607,39.97545],[119.835744,39.975878],[119.830793,39.974028],[119.829405,39.965419],[119.827585,39.964422],[119.828329,39.976198],[119.836548,39.979994],[119.839144,39.984998],[119.837794,39.985942],[119.829679,39.981834],[119.828373,39.978621],[119.824905,39.978405],[119.819138,39.975151],[119.818708,39.978877],[119.805787,39.970565],[119.793087,39.954306],[119.787241,39.950403],[119.761929,39.945862],[119.737662,39.943725],[119.73403,39.940978],[119.731818,39.942175],[119.726268,39.941039],[119.713684,39.949489],[119.716228,39.955607],[119.71084,39.96117],[119.714264,39.967393],[119.71392,39.972227],[119.699051,39.968076],[119.697808,39.973749],[119.69184,39.974646],[119.695658,39.976272],[119.689861,39.977425],[119.687437,39.981785],[119.682443,39.983675],[119.683795,39.986383],[119.682639,39.987202],[119.684775,39.988499],[119.683189,39.992168],[119.685225,39.992895],[119.684816,39.996114],[119.677757,39.993162],[119.678689,39.996409],[119.672263,39.996148],[119.66943,40.000208],[119.668659,39.996833],[119.665684,39.997245],[119.665501,39.995834],[119.649215,39.995765],[119.646159,39.998423],[119.642591,39.995451],[119.639549,39.9951],[119.631636,39.997874],[119.629904,40.000032],[119.625892,39.999421],[119.625182,40.000971],[119.621929,40.001173],[119.62261,40.003369],[119.626182,40.003906],[119.628162,40.007931],[119.630358,40.006911],[119.632662,40.008006],[119.631914,40.010058],[119.633638,40.010424],[119.631286,40.012382],[119.632833,40.018179],[119.636989,40.020047],[119.634656,40.022528],[119.638609,40.02626],[119.636023,40.027177],[119.635375,40.024896],[119.634004,40.02543],[119.634346,40.031651],[119.630429,40.038446],[119.637523,40.036735],[119.642655,40.030943],[119.647944,40.030952],[119.645772,40.0335],[119.646894,40.03388],[119.645983,40.044589],[119.655218,40.042178],[119.656394,40.046256],[119.652632,40.048907],[119.658009,40.052166],[119.662625,40.053036],[119.672668,40.048436],[119.678446,40.053746],[119.678782,40.056613],[119.673097,40.060566],[119.67663,40.071948],[119.674708,40.075084],[119.670862,40.076874],[119.673803,40.078072],[119.67308,40.085352],[119.683513,40.086429],[119.691634,40.083421],[119.696556,40.08608],[119.700054,40.085553],[119.699836,40.089199],[119.704019,40.093754],[119.703291,40.095946],[119.715033,40.100759],[119.716532,40.105143],[119.712852,40.112101],[119.720882,40.112018],[119.724748,40.109552],[119.741509,40.111206]]]}},{"type":"Feature","properties":{"dt_adcode":"130304"},"geometry":{"type":"Polygon","coordinates":[[[119.442179,39.916596],[119.451449,39.908828],[119.450248,39.905469],[119.454132,39.903773],[119.458916,39.90472],[119.463037,39.910522],[119.471089,39.907344],[119.474201,39.902934],[119.472848,39.895131],[119.46611,39.88776],[119.471793,39.887637],[119.472489,39.883515],[119.473904,39.883659],[119.468907,39.880091],[119.47037,39.877982],[119.472609,39.878614],[119.473344,39.876379],[119.476309,39.875851],[119.475724,39.873787],[119.478574,39.8752],[119.475638,39.873447],[119.477658,39.872259],[119.476926,39.87139],[119.480056,39.869809],[119.48297,39.871475],[119.483039,39.867257],[119.484335,39.866428],[119.492423,39.868169],[119.492238,39.865719],[119.488126,39.86437],[119.487822,39.862042],[119.499671,39.860926],[119.499993,39.867783],[119.530061,39.889446],[119.539838,39.886347],[119.533327,39.873118],[119.528864,39.854175],[119.520201,39.838361],[119.521938,39.837039],[119.52315,39.838713],[119.528706,39.838462],[119.531833,39.832926],[119.537622,39.831244],[119.535544,39.82919],[119.536348,39.826966],[119.535068,39.824104],[119.536166,39.822491],[119.538466,39.823457],[119.541336,39.821331],[119.536165,39.818411],[119.539174,39.813258],[119.537434,39.809673],[119.529896,39.807797],[119.526516,39.810819],[119.527605,39.813204],[119.525211,39.814781],[119.514139,39.814263],[119.508193,39.816685],[119.493482,39.812362],[119.473183,39.812857],[119.464735,39.80924],[119.435312,39.789851],[119.423728,39.778052],[119.409181,39.786504],[119.405585,39.787167],[119.40251,39.78395],[119.380805,39.79125],[119.369046,39.790656],[119.356344,39.784786],[119.349524,39.784342],[119.353774,39.793184],[119.353646,39.805218],[119.341244,39.810129],[119.331373,39.809337],[119.333776,39.81837],[119.345793,39.827666],[119.343646,39.830104],[119.333518,39.830039],[119.32691,39.83419],[119.320474,39.848517],[119.330225,39.849634],[119.338121,39.852995],[119.336274,39.861494],[119.330094,39.869629],[119.330181,39.878751],[119.334098,39.88908],[119.340551,39.888484],[119.364154,39.878011],[119.378663,39.876239],[119.381921,39.888027],[119.385879,39.891787],[119.416179,39.891838],[119.416125,39.894111],[119.414162,39.89536],[119.416864,39.895591],[119.417541,39.898729],[119.419954,39.899838],[119.418453,39.90458],[119.425793,39.906554],[119.442179,39.916596]]]}},{"type":"Feature","properties":{"dt_adcode":"130306"},"geometry":{"type":"MultiPolygon","coordinates":[[[[119.438344,39.786592],[119.440887,39.787609],[119.441623,39.78682],[119.439695,39.785439],[119.438344,39.786592]]],[[[119.414355,40.05503],[119.421146,40.034039],[119.453676,40.030293],[119.4717,40.015291],[119.469748,40.001056],[119.459191,39.989286],[119.459148,39.985932],[119.460221,39.983137],[119.464813,39.979915],[119.477528,39.979762],[119.474992,39.978034],[119.475111,39.976209],[119.478219,39.974999],[119.476543,39.973559],[119.47876,39.972311],[119.474176,39.97054],[119.47579,39.968991],[119.473643,39.967624],[119.474909,39.962902],[119.476556,39.963395],[119.477534,39.960707],[119.481656,39.96085],[119.483387,39.962684],[119.484153,39.959964],[119.488184,39.960078],[119.487076,39.95877],[119.489303,39.958442],[119.484889,39.955084],[119.489013,39.95285],[119.480299,39.942399],[119.473549,39.944251],[119.464515,39.942623],[119.462046,39.940287],[119.44428,39.940682],[119.443544,39.934463],[119.433291,39.939102],[119.423569,39.935927],[119.416129,39.931111],[119.418789,39.924793],[119.415141,39.923508],[119.416472,39.918933],[119.413168,39.91709],[119.416343,39.915214],[119.421237,39.913831],[119.441939,39.915949],[119.425793,39.906554],[119.418453,39.90458],[119.419954,39.899838],[119.417541,39.898729],[119.416864,39.895591],[119.414162,39.89536],[119.416125,39.894111],[119.416179,39.891838],[119.385879,39.891787],[119.381921,39.888027],[119.378663,39.876239],[119.364154,39.878011],[119.340551,39.888484],[119.334098,39.88908],[119.330181,39.878751],[119.330094,39.869629],[119.336274,39.861494],[119.338121,39.852995],[119.330225,39.849634],[119.320474,39.848517],[119.32691,39.83419],[119.333518,39.830039],[119.343646,39.830104],[119.345793,39.827666],[119.333776,39.81837],[119.331373,39.809337],[119.341244,39.810129],[119.353646,39.805218],[119.353774,39.793184],[119.349524,39.784342],[119.356344,39.784786],[119.369046,39.790656],[119.380805,39.79125],[119.40251,39.78395],[119.405585,39.787167],[119.409181,39.786504],[119.423728,39.778052],[119.41825,39.773285],[119.394373,39.759213],[119.392913,39.755198],[119.395895,39.744254],[119.391076,39.739788],[119.384024,39.738725],[119.377075,39.74042],[119.373479,39.739699],[119.366517,39.735195],[119.358103,39.721742],[119.349721,39.721959],[119.339969,39.725515],[119.328495,39.729867],[119.326565,39.733534],[119.322775,39.733268],[119.319502,39.730887],[119.317664,39.733595],[119.320154,39.735924],[119.318219,39.736223],[119.318902,39.738933],[119.311924,39.735493],[119.309322,39.737349],[119.309556,39.739512],[119.301666,39.740704],[119.299686,39.747209],[119.289896,39.751914],[119.291168,39.754287],[119.286788,39.759195],[119.275263,39.768102],[119.269576,39.768173],[119.26569,39.762923],[119.265524,39.764562],[119.248813,39.766863],[119.248028,39.768934],[119.240903,39.768968],[119.238568,39.771629],[119.239412,39.776676],[119.236021,39.783923],[119.229811,39.787716],[119.230004,39.792902],[119.22689,39.799379],[119.22715,39.804379],[119.20199,39.799569],[119.199036,39.800725],[119.197582,39.799537],[119.198821,39.798904],[119.196828,39.798093],[119.198922,39.797137],[119.196954,39.797117],[119.197859,39.795881],[119.191481,39.796409],[119.191622,39.793869],[119.197077,39.793555],[119.184585,39.78836],[119.181121,39.783638],[119.173976,39.785261],[119.175925,39.790031],[119.174119,39.793814],[119.162509,39.788983],[119.160136,39.785714],[119.155852,39.786128],[119.155017,39.784348],[119.146129,39.78063],[119.141653,39.781793],[119.14007,39.784702],[119.133803,39.786971],[119.134143,39.789687],[119.129726,39.791501],[119.13768,39.794801],[119.138859,39.797581],[119.141169,39.79838],[119.14441,39.801925],[119.142853,39.802992],[119.145328,39.807512],[119.143994,39.809343],[119.145162,39.812405],[119.140571,39.817015],[119.14189,39.822658],[119.138919,39.825932],[119.137826,39.831521],[119.134932,39.835829],[119.138981,39.838949],[119.132881,39.844603],[119.130696,39.849828],[119.119421,39.862762],[119.11913,39.865175],[119.115615,39.866234],[119.105448,39.861324],[119.106329,39.870328],[119.102937,39.872894],[119.102221,39.878696],[119.100357,39.879212],[119.10256,39.884662],[119.098738,39.886279],[119.097381,39.88949],[119.092972,39.888784],[119.093563,39.887627],[119.092032,39.8888],[119.090648,39.887134],[119.086707,39.887346],[119.086858,39.884341],[119.084407,39.882979],[119.076938,39.885686],[119.076779,39.887399],[119.078768,39.888332],[119.076172,39.888073],[119.07745,39.888836],[119.075366,39.889957],[119.077116,39.891087],[119.075222,39.892975],[119.080243,39.895607],[119.081273,39.898545],[119.08355,39.898628],[119.081594,39.901003],[119.083595,39.904013],[119.087765,39.903141],[119.085659,39.905732],[119.087924,39.906305],[119.084874,39.906086],[119.084346,39.909049],[119.08624,39.909262],[119.087229,39.913888],[119.08868,39.912596],[119.092484,39.913918],[119.088761,39.916577],[119.087257,39.914792],[119.086743,39.915948],[119.085387,39.915049],[119.083201,39.91763],[119.086907,39.919277],[119.089874,39.925499],[119.095822,39.927036],[119.093026,39.923983],[119.094834,39.922963],[119.100109,39.924784],[119.102167,39.928135],[119.100687,39.931178],[119.104699,39.934031],[119.107268,39.938599],[119.106666,39.939963],[119.100953,39.939679],[119.093761,39.937815],[119.092756,39.941184],[119.08967,39.943738],[119.091077,39.947689],[119.089125,39.950383],[119.09099,39.951711],[119.090061,39.955374],[119.092494,39.957985],[119.091569,39.960343],[119.093909,39.963209],[119.093326,39.965442],[119.090501,39.967046],[119.092461,39.970189],[119.08444,39.969194],[119.079257,39.970238],[119.079944,39.975365],[119.075242,39.989414],[119.081728,39.990377],[119.091231,39.98783],[119.093976,39.985581],[119.103484,39.988491],[119.107463,39.986883],[119.110678,39.983106],[119.113796,39.984124],[119.117329,39.982537],[119.126892,39.983946],[119.132252,39.987483],[119.136308,39.987157],[119.139845,39.991116],[119.143086,39.98961],[119.151673,39.990166],[119.140876,40.006853],[119.136787,40.010051],[119.137022,40.011551],[119.132623,40.013921],[119.130668,40.013125],[119.130671,40.016261],[119.129149,40.016633],[119.129241,40.026294],[119.127302,40.03059],[119.128719,40.030708],[119.127278,40.032839],[119.129169,40.033074],[119.129658,40.038176],[119.120905,40.036984],[119.116386,40.038664],[119.115396,40.043251],[119.120977,40.049356],[119.123746,40.049582],[119.125632,40.05415],[119.131139,40.060058],[119.125159,40.06509],[119.125263,40.07261],[119.129615,40.076723],[119.129593,40.089391],[119.124105,40.094171],[119.12166,40.101056],[119.137726,40.108481],[119.147381,40.119475],[119.17069,40.129692],[119.194444,40.143547],[119.222896,40.155237],[119.252232,40.1569],[119.280318,40.161175],[119.284244,40.163198],[119.285398,40.162143],[119.286241,40.163646],[119.284321,40.165096],[119.28678,40.16552],[119.284371,40.166962],[119.283919,40.165331],[119.274984,40.165984],[119.275607,40.168038],[119.282778,40.168525],[119.286088,40.174961],[119.290056,40.175412],[119.290712,40.178353],[119.293621,40.178754],[119.299436,40.173841],[119.297736,40.17223],[119.302826,40.173362],[119.308895,40.167486],[119.320335,40.162141],[119.324578,40.163463],[119.334572,40.158643],[119.345224,40.157018],[119.345555,40.148744],[119.35589,40.133997],[119.356201,40.119791],[119.368498,40.103021],[119.366096,40.098742],[119.366198,40.088797],[119.370328,40.083304],[119.377291,40.080852],[119.416584,40.090204],[119.424605,40.08796],[119.415641,40.072454],[119.416943,40.068016],[119.415582,40.063399],[119.417062,40.059848],[119.414355,40.05503]]]]}},{"type":"Feature","properties":{"dt_adcode":"130321"},"geometry":{"type":"Polygon","coordinates":[[[119.235924,40.5971],[119.232888,40.589394],[119.219797,40.57852],[119.222006,40.567023],[119.256113,40.543282],[119.276503,40.535009],[119.302171,40.530284],[119.338048,40.531269],[119.361814,40.537344],[119.38115,40.538934],[119.396925,40.535338],[119.429294,40.540204],[119.441874,40.539863],[119.460536,40.534983],[119.481422,40.533459],[119.491027,40.536156],[119.490187,40.537733],[119.492361,40.538447],[119.493235,40.542181],[119.498923,40.546011],[119.499463,40.549054],[119.502899,40.551259],[119.503605,40.554027],[119.506628,40.55261],[119.506424,40.551209],[119.510795,40.554106],[119.510456,40.550529],[119.521065,40.547355],[119.527416,40.548919],[119.534764,40.554113],[119.542947,40.550596],[119.559049,40.547847],[119.572985,40.538513],[119.573608,40.532776],[119.57197,40.523668],[119.568835,40.520789],[119.555454,40.516831],[119.552356,40.514636],[119.550911,40.509415],[119.55354,40.501788],[119.562922,40.496264],[119.571758,40.488208],[119.578018,40.475217],[119.581769,40.472364],[119.590721,40.471424],[119.595099,40.469012],[119.604915,40.455007],[119.60173,40.445029],[119.593473,40.435652],[119.595284,40.429881],[119.594798,40.426008],[119.596471,40.423441],[119.595769,40.421175],[119.599644,40.414661],[119.60046,40.40686],[119.591388,40.39293],[119.586653,40.375449],[119.590449,40.367332],[119.599803,40.356548],[119.596757,40.343133],[119.598109,40.334177],[119.602367,40.329253],[119.610791,40.323988],[119.612726,40.320728],[119.608717,40.320987],[119.595575,40.317411],[119.588439,40.313819],[119.585102,40.308921],[119.584356,40.298428],[119.587465,40.287551],[119.587456,40.283201],[119.585142,40.280099],[119.555238,40.268876],[119.558651,40.267133],[119.561762,40.260999],[119.562824,40.252076],[119.566812,40.250303],[119.563276,40.244204],[119.56756,40.238674],[119.56612,40.236898],[119.568136,40.232488],[119.553091,40.225764],[119.556689,40.223401],[119.553094,40.189146],[119.539012,40.180376],[119.533227,40.170233],[119.522229,40.156799],[119.499702,40.123768],[119.48518,40.110888],[119.459553,40.095327],[119.450171,40.094221],[119.438619,40.098219],[119.424605,40.08796],[119.416584,40.090204],[119.377291,40.080852],[119.370328,40.083304],[119.366198,40.088797],[119.366096,40.098742],[119.368498,40.103021],[119.356201,40.119791],[119.35589,40.133997],[119.345555,40.148744],[119.345224,40.157018],[119.334572,40.158643],[119.324578,40.163463],[119.320335,40.162141],[119.308895,40.167486],[119.302826,40.173362],[119.297736,40.17223],[119.299436,40.173841],[119.295217,40.176145],[119.294538,40.178479],[119.292166,40.178844],[119.290571,40.178165],[119.290056,40.175412],[119.286088,40.174961],[119.282778,40.168525],[119.275607,40.168038],[119.274984,40.165984],[119.283919,40.165331],[119.284371,40.166962],[119.28678,40.16552],[119.284321,40.165096],[119.286241,40.163646],[119.285398,40.162143],[119.284244,40.163198],[119.280318,40.161175],[119.252232,40.1569],[119.222896,40.155237],[119.194444,40.143547],[119.17069,40.129692],[119.147381,40.119475],[119.137726,40.108481],[119.111388,40.097159],[119.093641,40.093412],[119.075572,40.097441],[119.06741,40.100881],[119.062924,40.105962],[119.059185,40.10777],[119.059122,40.113563],[119.052187,40.122432],[119.041737,40.127078],[119.037452,40.122284],[119.03259,40.125049],[119.028807,40.129004],[119.022558,40.140721],[119.019043,40.140889],[119.012424,40.137426],[118.999884,40.134055],[118.978538,40.140298],[118.979269,40.15997],[118.972112,40.160984],[118.956491,40.159784],[118.954437,40.158504],[118.952125,40.151515],[118.948902,40.147534],[118.945551,40.151797],[118.941663,40.153867],[118.940638,40.151701],[118.935269,40.15087],[118.923486,40.153168],[118.926181,40.151968],[118.924768,40.14967],[118.911289,40.157604],[118.912359,40.165478],[118.906742,40.16968],[118.888911,40.168793],[118.864831,40.181222],[118.849152,40.178974],[118.841591,40.182643],[118.833139,40.184312],[118.822141,40.191083],[118.801111,40.199939],[118.790651,40.206017],[118.782467,40.202649],[118.775581,40.194181],[118.762845,40.193218],[118.753748,40.190602],[118.74575,40.190808],[118.743539,40.192196],[118.743914,40.201751],[118.74602,40.204185],[118.746077,40.208115],[118.739852,40.212869],[118.73471,40.21071],[118.73223,40.207281],[118.73137,40.209391],[118.73039,40.206773],[118.730624,40.209135],[118.724221,40.212222],[118.727333,40.211413],[118.720946,40.216897],[118.715343,40.219071],[118.708586,40.216082],[118.685704,40.231052],[118.676132,40.234311],[118.665639,40.242561],[118.628503,40.249946],[118.594804,40.26301],[118.578589,40.265362],[118.573841,40.267351],[118.569094,40.274261],[118.56894,40.287549],[118.574494,40.29414],[118.580129,40.305847],[118.585365,40.309428],[118.596927,40.308453],[118.598714,40.309973],[118.605052,40.324442],[118.608229,40.328302],[118.61608,40.331752],[118.635949,40.350239],[118.640174,40.354551],[118.643698,40.363587],[118.645255,40.369945],[118.643778,40.380962],[118.622624,40.415464],[118.618377,40.425204],[118.618369,40.430467],[118.624182,40.437601],[118.637195,40.444514],[118.657146,40.450582],[118.663534,40.448292],[118.667178,40.456349],[118.670561,40.45839],[118.670798,40.466249],[118.676465,40.467805],[118.675936,40.471535],[118.678508,40.471278],[118.680359,40.475662],[118.688834,40.480176],[118.699286,40.491024],[118.702794,40.49139],[118.709778,40.486768],[118.712752,40.482708],[118.713396,40.478816],[118.722126,40.474189],[118.736729,40.475892],[118.748482,40.475016],[118.753072,40.476486],[118.754684,40.479879],[118.772951,40.479739],[118.7812,40.486458],[118.78657,40.488049],[118.792129,40.492412],[118.790281,40.495555],[118.794892,40.510758],[118.798802,40.512019],[118.801037,40.517702],[118.807068,40.519349],[118.822209,40.532214],[118.830212,40.533473],[118.837328,40.527737],[118.850425,40.526696],[118.856847,40.529462],[118.8639,40.527157],[118.865313,40.529991],[118.87275,40.535404],[118.883103,40.538819],[118.887436,40.542459],[118.891611,40.540103],[118.899103,40.540124],[118.907748,40.534692],[118.919338,40.530857],[118.927439,40.530554],[118.928592,40.532052],[118.942331,40.535169],[118.951938,40.531667],[118.961968,40.532228],[118.965995,40.536595],[118.961957,40.547973],[118.959367,40.549933],[118.959242,40.553145],[118.962052,40.553324],[118.962066,40.55591],[118.953152,40.555602],[118.952168,40.558213],[118.971012,40.562001],[118.973993,40.560772],[118.980196,40.561655],[118.983349,40.563671],[118.985839,40.573328],[118.998366,40.578932],[119.013098,40.577089],[119.022778,40.587536],[119.027293,40.589846],[119.036515,40.589626],[119.048004,40.598149],[119.063423,40.606167],[119.070494,40.605496],[119.07347,40.602979],[119.073184,40.598495],[119.078322,40.596961],[119.077822,40.590968],[119.087281,40.588723],[119.093571,40.593538],[119.098411,40.593468],[119.099827,40.594655],[119.099217,40.597792],[119.103442,40.599629],[119.105985,40.603911],[119.11566,40.603668],[119.122211,40.606362],[119.126116,40.604055],[119.134943,40.605495],[119.149743,40.614602],[119.158463,40.614393],[119.157672,40.604013],[119.162566,40.600041],[119.167982,40.601821],[119.178201,40.609337],[119.185423,40.60984],[119.201088,40.604171],[119.228139,40.60462],[119.230809,40.603862],[119.235924,40.5971]]]}},{"type":"Feature","properties":{"dt_adcode":"130322"},"geometry":{"type":"Polygon","coordinates":[[[119.319026,39.429565],[119.306212,39.432026],[119.283511,39.423232],[119.270036,39.423866],[119.251905,39.433244],[119.237552,39.445293],[119.224201,39.451474],[119.214401,39.462181],[119.20961,39.463794],[119.202229,39.46355],[119.185756,39.458994],[119.167641,39.461585],[119.155749,39.460781],[119.137963,39.46584],[119.112875,39.466273],[119.093497,39.468877],[119.089528,39.47217],[119.08095,39.475176],[119.071098,39.476396],[119.064566,39.473731],[119.054796,39.463852],[119.054585,39.459874],[119.051816,39.459178],[119.02924,39.46418],[119.018332,39.464318],[119.016138,39.466655],[119.013142,39.464663],[119.011956,39.467976],[119.004874,39.467475],[119.007603,39.476478],[119.015571,39.481685],[119.013069,39.491933],[119.017499,39.492645],[119.012827,39.494872],[119.015459,39.496997],[119.011958,39.505305],[119.008787,39.506191],[119.008888,39.508437],[119.011481,39.507945],[119.008128,39.509343],[119.002904,39.509244],[119.001971,39.511274],[119.001779,39.509541],[118.989179,39.510501],[118.988201,39.513529],[118.974859,39.513287],[118.973218,39.515307],[118.968477,39.515238],[118.971047,39.514731],[118.969468,39.511779],[118.967767,39.513467],[118.967897,39.517145],[118.966558,39.511919],[118.966219,39.515173],[118.961476,39.515887],[118.960775,39.517972],[118.96211,39.520379],[118.966517,39.519415],[118.964877,39.521455],[118.96826,39.520901],[118.965007,39.523371],[118.963907,39.522095],[118.960314,39.522284],[118.963742,39.523448],[118.956718,39.524157],[118.956827,39.52621],[118.965055,39.524153],[118.965517,39.526162],[118.960543,39.526822],[118.96065,39.527916],[118.966689,39.527281],[118.966068,39.529521],[118.969874,39.528781],[118.983032,39.532313],[118.983299,39.538963],[118.95895,39.54489],[118.945216,39.544799],[118.946531,39.548341],[118.945778,39.551327],[118.948958,39.551808],[118.944945,39.552318],[118.945872,39.556493],[118.944123,39.558241],[118.906149,39.551166],[118.898762,39.547139],[118.895147,39.547043],[118.885166,39.552398],[118.885851,39.55906],[118.882049,39.566914],[118.871656,39.57003],[118.871933,39.571884],[118.868871,39.570646],[118.869706,39.572608],[118.865334,39.57461],[118.861328,39.574781],[118.861221,39.578801],[118.858547,39.581223],[118.859107,39.586739],[118.857258,39.586654],[118.856763,39.5901],[118.851335,39.590229],[118.85113,39.59394],[118.853197,39.594089],[118.852924,39.596874],[118.851427,39.596951],[118.844265,39.611381],[118.844565,39.615006],[118.849608,39.620953],[118.84988,39.623506],[118.824602,39.64867],[118.82792,39.652061],[118.827933,39.656957],[118.822221,39.669007],[118.816624,39.669272],[118.8135,39.671076],[118.810528,39.67456],[118.812632,39.676088],[118.809258,39.675844],[118.805867,39.678274],[118.807642,39.678832],[118.806748,39.680379],[118.80413,39.679969],[118.801627,39.685665],[118.803286,39.689321],[118.799288,39.689874],[118.800607,39.693813],[118.794949,39.697586],[118.793503,39.708881],[118.791791,39.711436],[118.791669,39.719436],[118.786743,39.715765],[118.784341,39.721589],[118.781757,39.740601],[118.777093,39.750289],[118.77446,39.7642],[118.793831,39.770995],[118.805456,39.762824],[118.801076,39.758058],[118.806974,39.753101],[118.811471,39.752031],[118.811843,39.749148],[118.810662,39.748561],[118.81221,39.748478],[118.813448,39.751125],[118.815572,39.751029],[118.815593,39.745989],[118.818363,39.74589],[118.818364,39.743596],[118.822198,39.744271],[118.828341,39.741488],[118.828755,39.739106],[118.826919,39.738675],[118.829396,39.737684],[118.828175,39.734978],[118.835254,39.733252],[118.832893,39.730863],[118.834567,39.727572],[118.855279,39.722937],[118.855094,39.724601],[118.861612,39.7258],[118.859552,39.728072],[118.865641,39.729277],[118.864868,39.731899],[118.869873,39.73263],[118.873782,39.731326],[118.874334,39.728121],[118.871962,39.727947],[118.870868,39.725458],[118.873327,39.724399],[118.876065,39.726427],[118.876654,39.719101],[118.880907,39.718398],[118.884101,39.714579],[118.884331,39.711788],[118.888367,39.713557],[118.891602,39.711233],[118.895444,39.711124],[118.895188,39.713687],[118.899414,39.714091],[118.898679,39.718013],[118.903012,39.718833],[118.902227,39.723278],[118.9276,39.723322],[118.932659,39.721884],[118.934167,39.72419],[118.941065,39.724683],[118.940659,39.723649],[118.945583,39.723192],[118.946233,39.724439],[118.948997,39.723881],[118.947084,39.720178],[118.950206,39.720369],[118.950289,39.717454],[118.962754,39.716331],[118.962423,39.718233],[118.972526,39.721067],[118.980086,39.72047],[118.983377,39.728858],[118.984151,39.727662],[118.986322,39.728641],[118.995404,39.726559],[118.998184,39.723987],[119.002162,39.725413],[119.005571,39.731091],[119.004449,39.732814],[119.008038,39.734478],[119.007375,39.736692],[119.011453,39.738275],[119.012501,39.736853],[119.012272,39.738256],[119.012987,39.737364],[119.016137,39.739082],[119.015291,39.741409],[119.016692,39.741924],[119.016549,39.743921],[119.014733,39.744051],[119.015496,39.747097],[119.011536,39.74853],[119.011433,39.753348],[119.025857,39.751146],[119.025791,39.75348],[119.028066,39.752928],[119.028017,39.754542],[119.034674,39.757225],[119.038791,39.751106],[119.040308,39.753811],[119.050063,39.753911],[119.051345,39.756572],[119.055646,39.754496],[119.054225,39.757782],[119.058521,39.757202],[119.065355,39.759138],[119.065484,39.760626],[119.073638,39.761899],[119.073493,39.763472],[119.080311,39.7644],[119.079792,39.766708],[119.0896,39.768679],[119.090881,39.766617],[119.085855,39.764306],[119.091699,39.76589],[119.090909,39.767523],[119.092938,39.770694],[119.104459,39.769442],[119.115854,39.776176],[119.117496,39.781602],[119.126034,39.786539],[119.133803,39.786971],[119.14007,39.784702],[119.141653,39.781793],[119.146129,39.78063],[119.155017,39.784348],[119.155852,39.786128],[119.160136,39.785714],[119.162509,39.788983],[119.174119,39.793814],[119.175925,39.790031],[119.173976,39.785261],[119.181121,39.783638],[119.184585,39.78836],[119.197077,39.793555],[119.191622,39.793869],[119.191481,39.796409],[119.197859,39.795881],[119.196954,39.797117],[119.198922,39.797137],[119.196828,39.798093],[119.198821,39.798904],[119.197582,39.799537],[119.199036,39.800725],[119.20199,39.799569],[119.227605,39.804257],[119.226466,39.802434],[119.230114,39.792442],[119.229811,39.787716],[119.236021,39.783923],[119.239412,39.776676],[119.238568,39.771629],[119.241315,39.768675],[119.248028,39.768934],[119.248813,39.766863],[119.265524,39.764562],[119.26569,39.762923],[119.269576,39.768173],[119.275263,39.768102],[119.286788,39.759195],[119.291168,39.754287],[119.289896,39.751914],[119.299686,39.747209],[119.299962,39.743314],[119.30199,39.740509],[119.309556,39.739512],[119.309322,39.737349],[119.311924,39.735493],[119.318626,39.73913],[119.318219,39.736223],[119.320154,39.735924],[119.317664,39.733595],[119.319502,39.730887],[119.322775,39.733268],[119.326565,39.733534],[119.328495,39.729867],[119.339969,39.725515],[119.349721,39.721959],[119.358103,39.721742],[119.352606,39.702559],[119.347681,39.692609],[119.334905,39.656164],[119.312749,39.605878],[119.270018,39.498598],[119.287598,39.482598],[119.304212,39.459992],[119.319026,39.429565]]]}},{"type":"Feature","properties":{"dt_adcode":"130324"},"geometry":{"type":"Polygon","coordinates":[[[118.835201,39.859013],[118.852898,39.882546],[118.858332,39.914036],[118.866343,39.931512],[118.870757,39.930922],[118.871076,39.934567],[118.878221,39.934328],[118.886117,39.948815],[118.884019,39.965692],[118.882199,39.969205],[118.884272,39.981204],[118.881786,39.993742],[118.884918,40.006735],[118.879465,40.01398],[118.868415,40.019784],[118.865608,40.023795],[118.865847,40.060936],[118.87343,40.064398],[118.900534,40.086517],[118.906505,40.087997],[118.913704,40.087277],[118.916709,40.089157],[118.919533,40.098274],[118.923149,40.126153],[118.921562,40.127567],[118.916587,40.127286],[118.917206,40.130443],[118.91909,40.130966],[118.917511,40.133391],[118.922699,40.132804],[118.925443,40.138975],[118.924462,40.147402],[118.926181,40.151968],[118.923189,40.152951],[118.935269,40.15087],[118.940638,40.151701],[118.941663,40.153867],[118.946198,40.151211],[118.948238,40.14744],[118.956491,40.159784],[118.972112,40.160984],[118.979269,40.15997],[118.978538,40.140298],[118.999884,40.134055],[119.012424,40.137426],[119.019043,40.140889],[119.022558,40.140721],[119.028807,40.129004],[119.03259,40.125049],[119.037452,40.122284],[119.041737,40.127078],[119.052187,40.122432],[119.059122,40.113563],[119.059185,40.10777],[119.070867,40.099366],[119.096029,40.093365],[119.12166,40.101056],[119.124105,40.094171],[119.129593,40.089391],[119.129615,40.076723],[119.125263,40.07261],[119.125159,40.06509],[119.131139,40.060058],[119.125632,40.05415],[119.123746,40.049582],[119.120977,40.049356],[119.115396,40.043251],[119.116386,40.038664],[119.120905,40.036984],[119.129658,40.038176],[119.129169,40.033074],[119.127278,40.032839],[119.128719,40.030708],[119.127302,40.03059],[119.129241,40.026294],[119.129149,40.016633],[119.130671,40.016261],[119.130668,40.013125],[119.132623,40.013921],[119.137022,40.011551],[119.136787,40.010051],[119.140876,40.006853],[119.151673,39.990166],[119.143086,39.98961],[119.139845,39.991116],[119.136308,39.987157],[119.132252,39.987483],[119.126892,39.983946],[119.117329,39.982537],[119.113796,39.984124],[119.110678,39.983106],[119.107463,39.986883],[119.103484,39.988491],[119.093976,39.985581],[119.091231,39.98783],[119.081728,39.990377],[119.075242,39.989414],[119.079944,39.975365],[119.079257,39.970238],[119.08444,39.969194],[119.092461,39.970189],[119.090501,39.967046],[119.093326,39.965442],[119.093909,39.963209],[119.091569,39.960343],[119.092494,39.957985],[119.090061,39.955374],[119.09099,39.951711],[119.089125,39.950383],[119.091077,39.947689],[119.08967,39.943738],[119.092756,39.941184],[119.093761,39.937815],[119.100953,39.939679],[119.106666,39.939963],[119.107268,39.938599],[119.104699,39.934031],[119.100687,39.931178],[119.102167,39.928135],[119.100109,39.924784],[119.094834,39.922963],[119.093026,39.923983],[119.095822,39.927036],[119.089874,39.925499],[119.086907,39.919277],[119.083201,39.91763],[119.085387,39.915049],[119.086743,39.915948],[119.087257,39.914792],[119.088761,39.916577],[119.092484,39.913918],[119.08868,39.912596],[119.087229,39.913888],[119.08624,39.909262],[119.084346,39.909049],[119.084874,39.906086],[119.087924,39.906305],[119.085659,39.905732],[119.087765,39.903141],[119.083595,39.904013],[119.081594,39.901003],[119.08355,39.898628],[119.081273,39.898545],[119.080243,39.895607],[119.075222,39.892975],[119.077116,39.891087],[119.075366,39.889957],[119.07745,39.888836],[119.076172,39.888073],[119.078768,39.888332],[119.076779,39.887399],[119.076938,39.885686],[119.084407,39.882979],[119.086858,39.884341],[119.086707,39.887346],[119.090648,39.887134],[119.092032,39.8888],[119.093563,39.887627],[119.092972,39.888784],[119.097381,39.88949],[119.098738,39.886279],[119.10256,39.884662],[119.100357,39.879212],[119.102221,39.878696],[119.102937,39.872894],[119.106329,39.870328],[119.105448,39.861324],[119.115615,39.866234],[119.11913,39.865175],[119.119421,39.862762],[119.130696,39.849828],[119.132881,39.844603],[119.138981,39.838949],[119.134932,39.835829],[119.137826,39.831521],[119.138919,39.825932],[119.14189,39.822658],[119.140571,39.817015],[119.145162,39.812405],[119.143994,39.809343],[119.145328,39.807512],[119.142853,39.802992],[119.14441,39.801925],[119.141169,39.79838],[119.138859,39.797581],[119.13768,39.794801],[119.129726,39.791501],[119.134143,39.789687],[119.133803,39.786971],[119.126034,39.786539],[119.121982,39.784514],[119.117184,39.781269],[119.115854,39.776176],[119.104459,39.769442],[119.092938,39.770694],[119.090909,39.767523],[119.091699,39.76589],[119.085855,39.764306],[119.090881,39.766617],[119.0896,39.768679],[119.079792,39.766708],[119.080311,39.7644],[119.073493,39.763472],[119.073638,39.761899],[119.065484,39.760626],[119.065355,39.759138],[119.058521,39.757202],[119.054225,39.757782],[119.055646,39.754496],[119.051345,39.756572],[119.050063,39.753911],[119.040308,39.753811],[119.038791,39.751106],[119.034674,39.757225],[119.028017,39.754542],[119.028066,39.752928],[119.025791,39.75348],[119.025857,39.751146],[119.011433,39.753348],[119.011536,39.74853],[119.015496,39.747097],[119.014733,39.744051],[119.016549,39.743921],[119.016692,39.741924],[119.015291,39.741409],[119.016137,39.739082],[119.012987,39.737364],[119.012272,39.738256],[119.012501,39.736853],[119.011453,39.738275],[119.007375,39.736692],[119.008038,39.734478],[119.004449,39.732814],[119.005571,39.731091],[119.002162,39.725413],[119.000271,39.72564],[118.999533,39.724109],[118.995404,39.726559],[118.986322,39.728641],[118.984151,39.727662],[118.983377,39.728858],[118.980086,39.72047],[118.972526,39.721067],[118.962423,39.718233],[118.962754,39.716331],[118.950289,39.717454],[118.950206,39.720369],[118.947084,39.720178],[118.948997,39.723881],[118.946233,39.724439],[118.945583,39.723192],[118.940659,39.723649],[118.941065,39.724683],[118.934167,39.72419],[118.932659,39.721884],[118.9276,39.723322],[118.902227,39.723278],[118.903012,39.718833],[118.898679,39.718013],[118.899414,39.714091],[118.895188,39.713687],[118.895444,39.711124],[118.891602,39.711233],[118.888367,39.713557],[118.884331,39.711788],[118.884101,39.714579],[118.880907,39.718398],[118.876654,39.719101],[118.876065,39.726427],[118.873327,39.724399],[118.870868,39.725458],[118.871962,39.727947],[118.874334,39.728121],[118.873782,39.731326],[118.869873,39.73263],[118.864868,39.731899],[118.865641,39.729277],[118.859552,39.728072],[118.861612,39.7258],[118.855094,39.724601],[118.855279,39.722937],[118.834567,39.727572],[118.832893,39.730863],[118.835254,39.733252],[118.828175,39.734978],[118.829396,39.737684],[118.826919,39.738675],[118.828755,39.739106],[118.828341,39.741488],[118.822198,39.744271],[118.818364,39.743596],[118.818363,39.74589],[118.815593,39.745989],[118.815572,39.751029],[118.813448,39.751125],[118.81221,39.748478],[118.810662,39.748561],[118.811843,39.749148],[118.811471,39.752031],[118.806974,39.753101],[118.801076,39.758058],[118.805456,39.762824],[118.793831,39.770995],[118.800204,39.775679],[118.797963,39.790439],[118.816088,39.793375],[118.825624,39.798133],[118.817969,39.805165],[118.815007,39.81067],[118.816819,39.825859],[118.826132,39.839663],[118.838188,39.847961],[118.839123,39.850637],[118.835201,39.859013]]]}},{"type":"Feature","properties":{"dt_adcode":"130402"},"geometry":{"type":"Polygon","coordinates":[[[114.475464,36.603564],[114.488808,36.604209],[114.5399,36.599066],[114.539531,36.595234],[114.552847,36.593912],[114.552031,36.58646],[114.557138,36.586146],[114.561161,36.593798],[114.565194,36.595915],[114.578491,36.597559],[114.584328,36.605515],[114.59407,36.611647],[114.608578,36.614537],[114.627421,36.614969],[114.626844,36.610722],[114.63335,36.610753],[114.634667,36.603351],[114.639231,36.601574],[114.64085,36.586157],[114.642749,36.582271],[114.647419,36.581487],[114.647136,36.578234],[114.649374,36.578156],[114.649212,36.574825],[114.647056,36.573257],[114.639277,36.573828],[114.638863,36.570358],[114.624737,36.569774],[114.623228,36.56511],[114.632748,36.560222],[114.630037,36.5523],[114.632671,36.55154],[114.633077,36.544835],[114.641739,36.542154],[114.644708,36.532106],[114.643672,36.525678],[114.63949,36.519901],[114.629954,36.512229],[114.626616,36.50738],[114.633932,36.493718],[114.634983,36.481127],[114.622859,36.475257],[114.608929,36.476248],[114.598923,36.481406],[114.588375,36.484277],[114.576009,36.483828],[114.576266,36.485691],[114.573605,36.487071],[114.563735,36.488486],[114.562077,36.484693],[114.550603,36.486726],[114.547774,36.490559],[114.548313,36.49496],[114.545309,36.497099],[114.527661,36.49555],[114.51958,36.498455],[114.513589,36.496775],[114.512671,36.494454],[114.516243,36.471711],[114.512403,36.467153],[114.505641,36.452836],[114.501891,36.440136],[114.497831,36.434466],[114.496287,36.43435],[114.494039,36.427165],[114.48942,36.41969],[114.488536,36.411167],[114.483788,36.402209],[114.487197,36.39833],[114.490764,36.403974],[114.493967,36.404088],[114.489059,36.379838],[114.486671,36.380096],[114.484597,36.370613],[114.468291,36.370336],[114.469044,36.372723],[114.467767,36.373259],[114.439625,36.375643],[114.439913,36.381645],[114.432231,36.385238],[114.406911,36.387794],[114.408198,36.401232],[114.388758,36.404342],[114.392404,36.41655],[114.383924,36.416031],[114.372256,36.418104],[114.371452,36.40508],[114.354835,36.40685],[114.352376,36.405531],[114.337258,36.405028],[114.335811,36.413071],[114.332979,36.415039],[114.32328,36.416973],[114.317744,36.424812],[114.31999,36.435815],[114.317158,36.463017],[114.337,36.463153],[114.337244,36.466158],[114.359302,36.466228],[114.362906,36.471957],[114.351564,36.496803],[114.376766,36.489897],[114.376637,36.487068],[114.385048,36.487275],[114.39037,36.49038],[114.390113,36.503285],[114.395047,36.523671],[114.395306,36.533004],[114.393508,36.540463],[114.391225,36.542411],[114.391714,36.54445],[114.383364,36.547059],[114.381665,36.549823],[114.357519,36.557147],[114.369767,36.579395],[114.385903,36.577328],[114.386075,36.582015],[114.407819,36.590688],[114.409311,36.58392],[114.40852,36.576493],[114.409423,36.574005],[114.412594,36.573468],[114.413632,36.575307],[114.413841,36.571063],[114.41631,36.573526],[114.42239,36.573339],[114.42111,36.571871],[114.424703,36.571223],[114.425904,36.573228],[114.43,36.571887],[114.432032,36.574841],[114.433396,36.568657],[114.458734,36.568398],[114.459349,36.577232],[114.467196,36.577797],[114.474874,36.597329],[114.475464,36.603564]]]}},{"type":"Feature","properties":{"dt_adcode":"130403"},"geometry":{"type":"Polygon","coordinates":[[[114.475464,36.603564],[114.476231,36.611384],[114.475309,36.612504],[114.472798,36.611615],[114.473501,36.619528],[114.467718,36.620744],[114.468508,36.633536],[114.471208,36.630814],[114.472153,36.634034],[114.473483,36.634017],[114.47327,36.637394],[114.475238,36.63731],[114.47576,36.64598],[114.478013,36.645937],[114.479605,36.64895],[114.479927,36.655432],[114.465089,36.653178],[114.45545,36.653901],[114.452562,36.651471],[114.452718,36.649504],[114.450788,36.649214],[114.434809,36.651557],[114.428537,36.647318],[114.427929,36.643017],[114.425296,36.643693],[114.423644,36.637667],[114.412424,36.643575],[114.414588,36.654386],[114.410984,36.656106],[114.398908,36.657074],[114.388823,36.666369],[114.381068,36.6685],[114.379352,36.6643],[114.375483,36.662903],[114.349943,36.675674],[114.345409,36.670538],[114.32224,36.67259],[114.320285,36.678038],[114.323304,36.680527],[114.323778,36.686098],[114.321856,36.69081],[114.326098,36.698686],[114.326621,36.710031],[114.324664,36.716348],[114.331711,36.717669],[114.336748,36.722664],[114.342401,36.721872],[114.343933,36.720697],[114.339104,36.712218],[114.346803,36.701229],[114.349203,36.704708],[114.357122,36.701467],[114.357211,36.699622],[114.36312,36.698932],[114.365137,36.701934],[114.380451,36.702966],[114.381499,36.706666],[114.389836,36.706672],[114.413652,36.711799],[114.45312,36.713849],[114.453981,36.721146],[114.487825,36.720735],[114.487069,36.711897],[114.490595,36.711509],[114.491042,36.709931],[114.501245,36.708712],[114.502259,36.705295],[114.50436,36.707266],[114.50505,36.713119],[114.505587,36.7115],[114.508415,36.711482],[114.522314,36.721959],[114.528732,36.720641],[114.52947,36.723523],[114.54821,36.72571],[114.559566,36.72536],[114.595496,36.719127],[114.605157,36.71031],[114.613784,36.714012],[114.695237,36.70899],[114.705589,36.702301],[114.705364,36.697153],[114.717381,36.696189],[114.728468,36.680362],[114.723783,36.669278],[114.738314,36.66669],[114.74406,36.671182],[114.749808,36.672712],[114.769909,36.684076],[114.767233,36.687821],[114.768021,36.693712],[114.77255,36.703756],[114.807912,36.698113],[114.814376,36.69048],[114.810936,36.671231],[114.813014,36.662721],[114.806446,36.66169],[114.807079,36.65562],[114.793114,36.654229],[114.792499,36.650873],[114.789156,36.650674],[114.789064,36.647604],[114.753226,36.631893],[114.724633,36.623445],[114.716908,36.623445],[114.717122,36.619691],[114.722229,36.619519],[114.7224,36.617176],[114.716783,36.610933],[114.705723,36.591954],[114.704287,36.584259],[114.695717,36.584887],[114.695852,36.587922],[114.684895,36.590121],[114.68594,36.594938],[114.684346,36.59855],[114.681549,36.598664],[114.676653,36.597276],[114.674443,36.594566],[114.667251,36.591216],[114.665779,36.582742],[114.662283,36.576454],[114.649303,36.576579],[114.649374,36.578156],[114.647136,36.578234],[114.647419,36.581487],[114.642749,36.582271],[114.64085,36.586157],[114.639231,36.601574],[114.634667,36.603351],[114.63335,36.610753],[114.626844,36.610722],[114.627421,36.614969],[114.608578,36.614537],[114.59407,36.611647],[114.584328,36.605515],[114.578491,36.597559],[114.565194,36.595915],[114.561161,36.593798],[114.557138,36.586146],[114.552031,36.58646],[114.552847,36.593912],[114.539531,36.595234],[114.5399,36.599066],[114.488808,36.604209],[114.475464,36.603564]]]}},{"type":"Feature","properties":{"dt_adcode":"130404"},"geometry":{"type":"Polygon","coordinates":[[[114.32224,36.67259],[114.345409,36.670538],[114.349943,36.675674],[114.375483,36.662903],[114.379352,36.6643],[114.381068,36.6685],[114.388823,36.666369],[114.398908,36.657074],[114.410984,36.656106],[114.414588,36.654386],[114.412424,36.643575],[114.423644,36.637667],[114.425296,36.643693],[114.427929,36.643017],[114.428537,36.647318],[114.434809,36.651557],[114.450788,36.649214],[114.452718,36.649504],[114.452562,36.651471],[114.45545,36.653901],[114.465089,36.653178],[114.479927,36.655432],[114.479605,36.64895],[114.478013,36.645937],[114.47576,36.64598],[114.475238,36.63731],[114.47327,36.637394],[114.473483,36.634017],[114.472153,36.634034],[114.471208,36.630814],[114.468508,36.633536],[114.467718,36.620744],[114.473475,36.619567],[114.472798,36.611615],[114.475309,36.612504],[114.476231,36.611384],[114.474874,36.597329],[114.467196,36.577797],[114.459349,36.577232],[114.458734,36.568398],[114.433396,36.568657],[114.432032,36.574841],[114.43,36.571887],[114.425904,36.573228],[114.424703,36.571223],[114.42111,36.571871],[114.42239,36.573339],[114.41631,36.573526],[114.413841,36.571063],[114.413632,36.575307],[114.412594,36.573468],[114.409423,36.574005],[114.40852,36.576493],[114.409311,36.58392],[114.407819,36.590688],[114.386075,36.582015],[114.385903,36.577328],[114.369767,36.579395],[114.357519,36.557147],[114.381665,36.549823],[114.383364,36.547059],[114.391714,36.54445],[114.391225,36.542411],[114.393508,36.540463],[114.395306,36.533004],[114.395047,36.523671],[114.390113,36.503285],[114.39037,36.49038],[114.385048,36.487275],[114.376637,36.487068],[114.376766,36.489897],[114.351564,36.496803],[114.361961,36.474303],[114.362648,36.469817],[114.359302,36.466228],[114.337244,36.466158],[114.337,36.463153],[114.317158,36.463017],[114.31999,36.435815],[114.31922,36.428217],[114.289351,36.434432],[114.284201,36.437816],[114.292309,36.454603],[114.288641,36.455447],[114.288765,36.459166],[114.292814,36.459786],[114.293431,36.461703],[114.316465,36.461441],[114.316037,36.462953],[114.310322,36.464425],[114.308874,36.476783],[114.302532,36.480572],[114.292534,36.4822],[114.289465,36.485146],[114.288694,36.478599],[114.282251,36.479598],[114.280556,36.477821],[114.273116,36.479927],[114.27367,36.486592],[114.271267,36.487759],[114.270386,36.495247],[114.271846,36.500009],[114.284581,36.499603],[114.288607,36.507157],[114.286944,36.516193],[114.284515,36.517789],[114.28484,36.523092],[114.277182,36.530514],[114.272524,36.530036],[114.271652,36.534312],[114.276185,36.536886],[114.281826,36.537441],[114.285193,36.540035],[114.283994,36.550933],[114.281471,36.550444],[114.280944,36.552051],[114.282302,36.553836],[114.290601,36.554501],[114.289212,36.555847],[114.289085,36.565335],[114.286289,36.567973],[114.283596,36.575169],[114.291465,36.579487],[114.288169,36.583172],[114.299168,36.587611],[114.299568,36.59041],[114.296614,36.589284],[114.294762,36.593093],[114.298804,36.595555],[114.296936,36.599554],[114.294698,36.599093],[114.287778,36.603243],[114.27891,36.604761],[114.275521,36.611431],[114.27504,36.6197],[114.286039,36.620092],[114.288981,36.617695],[114.294578,36.618718],[114.296048,36.625315],[114.303486,36.624242],[114.309466,36.639526],[114.301749,36.642119],[114.308056,36.651914],[114.314738,36.6519],[114.317026,36.653629],[114.32294,36.666919],[114.32224,36.67259]]]}},{"type":"Feature","properties":{"dt_adcode":"130406"},"geometry":{"type":"Polygon","coordinates":[[[114.290469,36.450976],[114.275089,36.445052],[114.266965,36.43374],[114.251934,36.434557],[114.254005,36.430732],[114.254311,36.424519],[114.244121,36.421022],[114.248497,36.41781],[114.247573,36.409491],[114.251732,36.408566],[114.251424,36.404869],[114.262363,36.40456],[114.261901,36.396549],[114.257021,36.387963],[114.257218,36.384957],[114.262363,36.376982],[114.26416,36.376708],[114.262708,36.374339],[114.258063,36.373596],[114.257038,36.371344],[114.252224,36.37138],[114.252516,36.366852],[114.247796,36.366463],[114.24355,36.35785],[114.237096,36.355567],[114.229393,36.336308],[114.222768,36.337079],[114.220163,36.348768],[114.215182,36.343431],[114.209857,36.341761],[114.195704,36.34318],[114.160891,36.359459],[114.145258,36.363602],[114.125147,36.365619],[114.117114,36.370083],[114.107442,36.39743],[114.102076,36.421636],[114.102698,36.481671],[114.098136,36.495352],[114.094944,36.498691],[114.105539,36.498302],[114.106127,36.50245],[114.101326,36.508637],[114.062093,36.509679],[114.060642,36.511278],[114.054404,36.510568],[114.053657,36.512663],[114.060334,36.518129],[114.058612,36.521701],[114.069749,36.524607],[114.069462,36.529132],[114.071589,36.532687],[114.07806,36.533452],[114.081058,36.536423],[114.086541,36.53525],[114.090811,36.538356],[114.092277,36.544929],[114.086823,36.54956],[114.085103,36.554726],[114.086758,36.55662],[114.08425,36.563767],[114.088729,36.571922],[114.100171,36.571916],[114.105586,36.567436],[114.105086,36.561771],[114.107264,36.558282],[114.109326,36.557028],[114.121217,36.556643],[114.120913,36.56079],[114.125146,36.569066],[114.126807,36.571333],[114.130895,36.571322],[114.131893,36.574461],[114.136294,36.569308],[114.143804,36.567237],[114.143887,36.552028],[114.154665,36.552874],[114.176404,36.549193],[114.18972,36.542604],[114.199327,36.543413],[114.228578,36.55226],[114.234383,36.559209],[114.239388,36.559333],[114.239641,36.561209],[114.252624,36.55915],[114.252384,36.556422],[114.254674,36.555321],[114.254701,36.552872],[114.261106,36.552125],[114.260512,36.547906],[114.2626,36.547504],[114.262372,36.542955],[114.264204,36.540556],[114.268559,36.544527],[114.268967,36.550722],[114.283994,36.550933],[114.285193,36.540035],[114.281826,36.537441],[114.276185,36.536886],[114.271652,36.534312],[114.27155,36.530892],[114.277182,36.530514],[114.28484,36.523092],[114.284515,36.517789],[114.286944,36.516193],[114.288607,36.507157],[114.284581,36.499603],[114.271088,36.499669],[114.270679,36.491479],[114.271267,36.487759],[114.27367,36.486592],[114.273116,36.479927],[114.280556,36.477821],[114.282251,36.479598],[114.288694,36.478599],[114.289465,36.485146],[114.292534,36.4822],[114.302532,36.480572],[114.308874,36.476783],[114.310322,36.464425],[114.316037,36.462953],[114.316465,36.461441],[114.313591,36.460893],[114.293431,36.461703],[114.292814,36.459786],[114.288765,36.459166],[114.288641,36.455447],[114.292309,36.454603],[114.290469,36.450976]]]}},{"type":"Feature","properties":{"dt_adcode":"130407"},"geometry":{"type":"Polygon","coordinates":[[[114.649303,36.576579],[114.662283,36.576454],[114.665779,36.582742],[114.667251,36.591216],[114.674443,36.594566],[114.676653,36.597276],[114.681549,36.598664],[114.684346,36.59855],[114.68594,36.594938],[114.684895,36.590121],[114.695852,36.587922],[114.695717,36.584887],[114.704287,36.584259],[114.705723,36.591954],[114.716783,36.610933],[114.7224,36.617176],[114.722229,36.619519],[114.717122,36.619691],[114.716908,36.623445],[114.724633,36.623445],[114.753226,36.631893],[114.789064,36.647604],[114.789156,36.650674],[114.792499,36.650873],[114.793114,36.654229],[114.807079,36.65562],[114.806446,36.66169],[114.827026,36.663629],[114.831441,36.665009],[114.832049,36.667583],[114.846027,36.666562],[114.849113,36.67433],[114.853661,36.672444],[114.860888,36.673024],[114.870084,36.671388],[114.874953,36.668585],[114.874049,36.664616],[114.877303,36.66491],[114.877899,36.668408],[114.893186,36.667826],[114.903478,36.665592],[114.903496,36.660783],[114.901326,36.660594],[114.901241,36.657241],[114.903288,36.656086],[114.903014,36.64977],[114.905963,36.646624],[114.917375,36.645349],[114.920645,36.647179],[114.924711,36.6468],[114.926117,36.64638],[114.925718,36.644538],[114.937752,36.643404],[114.94471,36.645025],[114.945928,36.648635],[114.950935,36.644656],[114.955197,36.643897],[114.954581,36.641432],[114.959136,36.640333],[114.958749,36.635982],[114.96263,36.63501],[114.963177,36.637224],[114.97231,36.637482],[114.97374,36.637151],[114.97345,36.634014],[114.977489,36.633526],[114.982557,36.637709],[114.982366,36.636438],[114.989684,36.636563],[114.992211,36.638673],[114.992261,36.641115],[114.995689,36.641156],[115.001806,36.638144],[115.005544,36.633503],[115.010688,36.632627],[115.010133,36.62731],[115.028368,36.621632],[115.034086,36.616396],[115.03411,36.611653],[115.0375,36.610612],[115.034791,36.608983],[115.034066,36.605251],[115.031444,36.60587],[115.026776,36.603077],[115.020613,36.603289],[115.015354,36.583148],[115.007383,36.581513],[115.007014,36.57682],[115.010458,36.574452],[115.008796,36.568097],[115.009985,36.567855],[115.011022,36.570284],[115.013575,36.570243],[115.01429,36.562989],[115.011531,36.563333],[115.010481,36.559603],[115.00414,36.556687],[115.003495,36.551942],[114.995632,36.55247],[114.988854,36.536114],[114.983195,36.536755],[114.982338,36.534749],[114.974159,36.534957],[114.971305,36.526947],[114.963114,36.528001],[114.962326,36.526161],[114.955171,36.528111],[114.953684,36.524789],[114.948338,36.522174],[114.958059,36.522302],[114.960653,36.510366],[114.954301,36.504927],[114.952279,36.504826],[114.950703,36.501412],[114.94754,36.502167],[114.946486,36.505669],[114.931399,36.504954],[114.928886,36.494411],[114.925773,36.49493],[114.925354,36.491628],[114.921166,36.491974],[114.918445,36.484104],[114.913849,36.483306],[114.913281,36.48029],[114.911691,36.479595],[114.903174,36.481681],[114.902549,36.488625],[114.897729,36.493696],[114.892506,36.496189],[114.885351,36.496598],[114.860291,36.49085],[114.855787,36.499074],[114.848389,36.50058],[114.775622,36.496906],[114.76945,36.498429],[114.768544,36.502741],[114.763929,36.50518],[114.752775,36.505608],[114.746651,36.500073],[114.740849,36.501004],[114.740805,36.505704],[114.728475,36.506694],[114.725008,36.506241],[114.723445,36.494529],[114.719917,36.492211],[114.708772,36.491913],[114.703357,36.494122],[114.698842,36.492695],[114.688709,36.493188],[114.683844,36.496081],[114.682922,36.493249],[114.677424,36.493667],[114.670597,36.489583],[114.662126,36.488306],[114.657771,36.483149],[114.635192,36.486399],[114.633932,36.493718],[114.626616,36.50738],[114.629954,36.512229],[114.63949,36.519901],[114.643672,36.525678],[114.644708,36.532106],[114.641739,36.542154],[114.633077,36.544835],[114.632671,36.55154],[114.630037,36.5523],[114.632748,36.560222],[114.623228,36.56511],[114.624737,36.569774],[114.638863,36.570358],[114.639277,36.573828],[114.647056,36.573257],[114.649303,36.576579]]]}},{"type":"Feature","properties":{"dt_adcode":"130408"},"geometry":{"type":"Polygon","coordinates":[[[114.813014,36.662721],[114.810936,36.671231],[114.814376,36.69048],[114.807912,36.698113],[114.77255,36.703756],[114.768021,36.693712],[114.767233,36.687821],[114.769909,36.684076],[114.749808,36.672712],[114.74406,36.671182],[114.738314,36.66669],[114.723783,36.669278],[114.728468,36.680362],[114.717381,36.696189],[114.705364,36.697153],[114.705589,36.702301],[114.695237,36.70899],[114.613784,36.714012],[114.605157,36.71031],[114.595496,36.719127],[114.559566,36.72536],[114.54821,36.72571],[114.52947,36.723523],[114.528732,36.720641],[114.522314,36.721959],[114.508415,36.711482],[114.505587,36.7115],[114.50505,36.713119],[114.50436,36.707266],[114.502259,36.705295],[114.501245,36.708712],[114.491042,36.709931],[114.490595,36.711509],[114.487069,36.711897],[114.487825,36.720735],[114.453981,36.721146],[114.45312,36.713849],[114.413652,36.711799],[114.389836,36.706672],[114.381499,36.706666],[114.380451,36.702966],[114.365137,36.701934],[114.36312,36.698932],[114.357211,36.699622],[114.357122,36.701467],[114.349203,36.704708],[114.346803,36.701229],[114.339104,36.712218],[114.341945,36.718869],[114.347389,36.723089],[114.348011,36.727959],[114.353384,36.73537],[114.361972,36.738803],[114.374867,36.74904],[114.376672,36.748898],[114.378033,36.755662],[114.380802,36.757043],[114.37702,36.768537],[114.378253,36.774787],[114.368848,36.77868],[114.36609,36.784473],[114.36224,36.786637],[114.365258,36.78823],[114.373614,36.80192],[114.375456,36.829287],[114.359874,36.85155],[114.381314,36.849486],[114.406328,36.841933],[114.408021,36.841903],[114.40927,36.84711],[114.413051,36.846641],[114.412821,36.842184],[114.415439,36.843464],[114.418457,36.840151],[114.428829,36.838873],[114.430987,36.839131],[114.433013,36.842022],[114.448249,36.841919],[114.448752,36.845005],[114.451606,36.846762],[114.462306,36.847649],[114.462841,36.841933],[114.472861,36.840724],[114.474899,36.83573],[114.478909,36.833229],[114.507748,36.827944],[114.517379,36.829175],[114.546474,36.839285],[114.555247,36.845988],[114.555937,36.862585],[114.553639,36.864329],[114.554321,36.869975],[114.552922,36.870682],[114.554708,36.871041],[114.556128,36.875576],[114.554171,36.879827],[114.552153,36.880183],[114.551736,36.884097],[114.557281,36.88415],[114.558802,36.888769],[114.566516,36.888549],[114.567049,36.891334],[114.579614,36.889876],[114.580866,36.895103],[114.58838,36.893603],[114.588431,36.891766],[114.599061,36.892227],[114.600796,36.888949],[114.605267,36.890462],[114.610009,36.895608],[114.626501,36.895419],[114.629578,36.897859],[114.629841,36.901164],[114.636874,36.901387],[114.637675,36.89794],[114.648862,36.898426],[114.652083,36.89972],[114.652099,36.902781],[114.657098,36.903316],[114.658846,36.905791],[114.663307,36.905984],[114.66519,36.910691],[114.669807,36.911041],[114.671071,36.917459],[114.681926,36.914146],[114.694041,36.913573],[114.700177,36.915936],[114.700163,36.917641],[114.707161,36.918047],[114.709209,36.921741],[114.707855,36.923117],[114.708963,36.926722],[114.714716,36.928068],[114.7149,36.932722],[114.718082,36.932731],[114.718161,36.938128],[114.728738,36.938648],[114.730865,36.94269],[114.734596,36.942964],[114.736193,36.939144],[114.739257,36.93683],[114.743092,36.936495],[114.743407,36.9323],[114.751921,36.931065],[114.753229,36.92865],[114.759232,36.927752],[114.759452,36.92539],[114.764633,36.927546],[114.762145,36.921368],[114.759554,36.919199],[114.761538,36.910922],[114.765431,36.909479],[114.766768,36.89712],[114.76314,36.890902],[114.757759,36.887419],[114.722724,36.881144],[114.716643,36.873985],[114.721903,36.873119],[114.722807,36.869075],[114.7412,36.866929],[114.743147,36.86419],[114.747334,36.863883],[114.747292,36.860831],[114.752443,36.860898],[114.752156,36.855992],[114.749795,36.856517],[114.749007,36.847842],[114.755818,36.837223],[114.767871,36.829985],[114.770525,36.822674],[114.770966,36.809843],[114.773966,36.79818],[114.780314,36.790665],[114.800562,36.787141],[114.832708,36.785964],[114.855237,36.779447],[114.863701,36.774375],[114.863891,36.772505],[114.876272,36.771483],[114.875809,36.766274],[114.879121,36.76576],[114.877874,36.757207],[114.874126,36.75731],[114.87137,36.755229],[114.873291,36.749444],[114.870612,36.74249],[114.867537,36.743824],[114.865461,36.741205],[114.863905,36.741395],[114.863425,36.735862],[114.868094,36.734829],[114.867846,36.723408],[114.865541,36.720716],[114.862606,36.720893],[114.861143,36.714611],[114.858094,36.712777],[114.857585,36.710626],[114.858871,36.709964],[114.858471,36.708031],[114.86088,36.708039],[114.862562,36.700833],[114.866512,36.700524],[114.867482,36.702067],[114.867372,36.693169],[114.859144,36.692934],[114.85064,36.687968],[114.848596,36.682382],[114.850733,36.681644],[114.846075,36.675983],[114.849113,36.67433],[114.846027,36.666562],[114.832049,36.667583],[114.831441,36.665009],[114.827026,36.663629],[114.813014,36.662721]]]}},{"type":"Feature","properties":{"dt_adcode":"130423"},"geometry":{"type":"Polygon","coordinates":[[[114.748014,36.150973],[114.74186,36.152382],[114.74209,36.154522],[114.734409,36.155784],[114.730238,36.148786],[114.724225,36.1474],[114.72421,36.143603],[114.721605,36.143684],[114.720677,36.14007],[114.712616,36.140855],[114.713183,36.144406],[114.701642,36.146363],[114.702185,36.14876],[114.69863,36.14851],[114.698232,36.145994],[114.692391,36.146218],[114.691136,36.138391],[114.682258,36.139589],[114.681096,36.137016],[114.676998,36.137061],[114.677866,36.139271],[114.655153,36.140249],[114.653487,36.13867],[114.641059,36.137404],[114.640463,36.135776],[114.63717,36.135632],[114.636313,36.128384],[114.630714,36.127778],[114.630393,36.124257],[114.619434,36.123533],[114.619648,36.12653],[114.610814,36.128317],[114.610757,36.126062],[114.608025,36.126764],[114.607322,36.121659],[114.605613,36.122979],[114.604637,36.121447],[114.602265,36.124351],[114.599588,36.123912],[114.598421,36.121093],[114.593472,36.121295],[114.591864,36.11996],[114.590991,36.121088],[114.588757,36.118463],[114.582591,36.121336],[114.584243,36.128305],[114.586743,36.127097],[114.58832,36.129428],[114.591415,36.130097],[114.586789,36.132985],[114.586881,36.14091],[114.575454,36.143271],[114.575622,36.145363],[114.571685,36.145646],[114.571678,36.149259],[114.568183,36.14918],[114.568046,36.152306],[114.558571,36.153005],[114.558045,36.150779],[114.55682,36.150869],[114.557331,36.153028],[114.556356,36.151926],[114.552113,36.153636],[114.552777,36.154903],[114.547921,36.156629],[114.543613,36.161799],[114.531688,36.161913],[114.532869,36.171538],[114.529566,36.171506],[114.529453,36.173383],[114.526246,36.173494],[114.525357,36.170696],[114.504919,36.172422],[114.505553,36.177517],[114.489611,36.178443],[114.489652,36.180186],[114.485772,36.181016],[114.485976,36.183984],[114.483893,36.183861],[114.479735,36.178273],[114.473764,36.18363],[114.4742,36.186298],[114.466191,36.197716],[114.460212,36.201092],[114.431134,36.202616],[114.417516,36.205892],[114.408411,36.22456],[114.392353,36.221144],[114.385553,36.221737],[114.367527,36.225509],[114.367764,36.229261],[114.363563,36.229524],[114.363203,36.227414],[114.356075,36.230328],[114.354861,36.240924],[114.346816,36.245488],[114.347027,36.252714],[114.344797,36.252868],[114.345149,36.255799],[114.354053,36.256432],[114.353748,36.264432],[114.37176,36.268619],[114.376671,36.273033],[114.390145,36.271779],[114.389988,36.281728],[114.393581,36.281978],[114.393938,36.291898],[114.402519,36.295871],[114.401033,36.310443],[114.406303,36.312813],[114.414395,36.310008],[114.418079,36.3104],[114.422971,36.331117],[114.425357,36.333259],[114.428295,36.333329],[114.428154,36.336324],[114.425833,36.336647],[114.425799,36.342976],[114.423314,36.343151],[114.423568,36.346477],[114.429086,36.346555],[114.42973,36.34981],[114.436778,36.348982],[114.437011,36.351027],[114.439847,36.351102],[114.439625,36.375643],[114.467767,36.373259],[114.469044,36.372723],[114.468291,36.370336],[114.484597,36.370613],[114.486671,36.380096],[114.489059,36.379838],[114.493967,36.404088],[114.490764,36.403974],[114.488855,36.399935],[114.486056,36.398382],[114.483788,36.402209],[114.487596,36.409126],[114.495123,36.408129],[114.49512,36.406427],[114.504831,36.407689],[114.506455,36.406733],[114.506334,36.403841],[114.509485,36.403495],[114.507201,36.387349],[114.511736,36.389799],[114.521777,36.389347],[114.522117,36.404662],[114.544136,36.404299],[114.544587,36.394375],[114.550389,36.394794],[114.556943,36.391975],[114.584608,36.38961],[114.581645,36.374484],[114.58206,36.365325],[114.588284,36.356087],[114.599924,36.356178],[114.600733,36.362331],[114.616807,36.362372],[114.617364,36.365738],[114.626225,36.364971],[114.625761,36.35772],[114.636616,36.35644],[114.63642,36.35361],[114.649208,36.352231],[114.649917,36.357544],[114.657141,36.358247],[114.658074,36.364399],[114.666823,36.363994],[114.66765,36.365854],[114.685186,36.364758],[114.684814,36.361369],[114.694501,36.362832],[114.694458,36.357701],[114.702782,36.356359],[114.702622,36.353403],[114.704354,36.353257],[114.704228,36.347922],[114.707553,36.34801],[114.707922,36.352149],[114.713824,36.351554],[114.713759,36.348679],[114.724385,36.344771],[114.722353,36.327928],[114.729736,36.327303],[114.744466,36.322783],[114.747258,36.322692],[114.748136,36.324489],[114.756146,36.324364],[114.756613,36.318654],[114.764227,36.318504],[114.761269,36.302304],[114.755371,36.30349],[114.75447,36.300601],[114.751612,36.300931],[114.751986,36.292862],[114.744078,36.272408],[114.741757,36.254296],[114.743841,36.246296],[114.752415,36.234453],[114.752588,36.230081],[114.754398,36.229753],[114.749092,36.213647],[114.746632,36.213078],[114.749519,36.212601],[114.748041,36.206715],[114.74955,36.206472],[114.760148,36.214864],[114.765463,36.209533],[114.771974,36.196798],[114.768058,36.178084],[114.771525,36.171587],[114.77658,36.169263],[114.773942,36.164258],[114.769888,36.162771],[114.763793,36.163667],[114.764783,36.165851],[114.761573,36.166457],[114.760598,36.154306],[114.752823,36.156957],[114.748901,36.153969],[114.748014,36.150973]]]}},{"type":"Feature","properties":{"dt_adcode":"130424"},"geometry":{"type":"Polygon","coordinates":[[[114.832639,36.382098],[114.83017,36.382078],[114.830402,36.373312],[114.826331,36.373012],[114.824507,36.366147],[114.823188,36.365901],[114.822042,36.360474],[114.825955,36.359694],[114.825143,36.355856],[114.822828,36.354723],[114.823787,36.354161],[114.819548,36.347629],[114.807549,36.334498],[114.804384,36.325342],[114.798719,36.325446],[114.79669,36.320456],[114.791446,36.320769],[114.790073,36.313835],[114.784953,36.308238],[114.776083,36.302755],[114.767286,36.30387],[114.762737,36.291591],[114.751986,36.292862],[114.751612,36.300931],[114.75447,36.300601],[114.755371,36.30349],[114.761269,36.302304],[114.764227,36.318504],[114.756613,36.318654],[114.756146,36.324364],[114.748136,36.324489],[114.747258,36.322692],[114.744466,36.322783],[114.729736,36.327303],[114.722353,36.327928],[114.724385,36.344771],[114.713759,36.348679],[114.713824,36.351554],[114.707922,36.352149],[114.707553,36.34801],[114.704228,36.347922],[114.704354,36.353257],[114.702622,36.353403],[114.702782,36.356359],[114.694458,36.357701],[114.694501,36.362832],[114.684814,36.361369],[114.685186,36.364758],[114.66765,36.365854],[114.666823,36.363994],[114.658074,36.364399],[114.657141,36.358247],[114.649917,36.357544],[114.649208,36.352231],[114.63642,36.35361],[114.636616,36.35644],[114.625761,36.35772],[114.626225,36.364971],[114.617364,36.365738],[114.616807,36.362372],[114.600733,36.362331],[114.599924,36.356178],[114.588284,36.356087],[114.58206,36.365325],[114.581645,36.374484],[114.584608,36.38961],[114.556943,36.391975],[114.550389,36.394794],[114.544587,36.394375],[114.544136,36.404299],[114.522117,36.404662],[114.521777,36.389347],[114.511736,36.389799],[114.507201,36.387349],[114.509485,36.403495],[114.506334,36.403841],[114.506455,36.406733],[114.504831,36.407689],[114.49512,36.406427],[114.495123,36.408129],[114.487596,36.409126],[114.48942,36.41969],[114.494039,36.427165],[114.496287,36.43435],[114.497831,36.434466],[114.501891,36.440136],[114.505641,36.452836],[114.512403,36.467153],[114.516243,36.471711],[114.512671,36.494454],[114.515949,36.498009],[114.523108,36.498083],[114.527661,36.49555],[114.545309,36.497099],[114.548313,36.49496],[114.547774,36.490559],[114.550603,36.486726],[114.562077,36.484693],[114.563735,36.488486],[114.573605,36.487071],[114.576266,36.485691],[114.576009,36.483828],[114.588375,36.484277],[114.598923,36.481406],[114.608929,36.476248],[114.622859,36.475257],[114.634983,36.481127],[114.635192,36.486399],[114.657771,36.483149],[114.662126,36.488306],[114.670597,36.489583],[114.677424,36.493667],[114.682922,36.493249],[114.683844,36.496081],[114.688709,36.493188],[114.698842,36.492695],[114.703357,36.494122],[114.708772,36.491913],[114.719917,36.492211],[114.723445,36.494529],[114.725008,36.506241],[114.728475,36.506694],[114.740805,36.505704],[114.740849,36.501004],[114.746651,36.500073],[114.752775,36.505608],[114.763929,36.50518],[114.768544,36.502741],[114.76945,36.498429],[114.775622,36.496906],[114.848389,36.50058],[114.855787,36.499074],[114.860291,36.49085],[114.858366,36.468799],[114.853286,36.441283],[114.854801,36.432583],[114.863603,36.429659],[114.881819,36.429293],[114.892167,36.423679],[114.886452,36.411473],[114.881673,36.407783],[114.864753,36.402179],[114.841588,36.399525],[114.832294,36.395348],[114.827983,36.388727],[114.830183,36.388515],[114.830251,36.383591],[114.832639,36.382098]]]}},{"type":"Feature","properties":{"dt_adcode":"130425"},"geometry":{"type":"Polygon","coordinates":[[[115.286364,36.476386],[115.294638,36.474999],[115.288904,36.470001],[115.292024,36.459744],[115.294899,36.459362],[115.299284,36.465427],[115.302861,36.465713],[115.308016,36.462617],[115.306557,36.459151],[115.312476,36.458977],[115.311735,36.457355],[115.315292,36.456144],[115.314724,36.455033],[115.317076,36.454027],[115.315134,36.450671],[115.317809,36.450028],[115.317675,36.442574],[115.316073,36.438896],[115.317238,36.437961],[115.314536,36.437386],[115.314552,36.435883],[115.317178,36.435635],[115.316906,36.432571],[115.312063,36.433574],[115.308869,36.430774],[115.305444,36.422607],[115.297794,36.417782],[115.297437,36.413472],[115.313509,36.40663],[115.324881,36.405096],[115.339986,36.398093],[115.348589,36.384634],[115.349579,36.363109],[115.361017,36.348979],[115.368714,36.342611],[115.370478,36.332773],[115.359779,36.318735],[115.361248,36.310729],[115.366649,36.308927],[115.379378,36.313807],[115.394639,36.322588],[115.415007,36.326564],[115.422104,36.323841],[115.422931,36.322184],[115.419382,36.310898],[115.422164,36.311528],[115.420405,36.307738],[115.422135,36.306884],[115.421193,36.303039],[115.422955,36.302598],[115.417075,36.29279],[115.420152,36.289872],[115.419731,36.288528],[115.430943,36.284438],[115.42991,36.282062],[115.431596,36.279261],[115.436669,36.277814],[115.436349,36.276352],[115.446115,36.273768],[115.446682,36.275452],[115.449823,36.274256],[115.45516,36.277268],[115.462702,36.276106],[115.462632,36.272539],[115.464795,36.271157],[115.465171,36.268583],[115.467828,36.267884],[115.468393,36.262867],[115.470371,36.26259],[115.46831,36.261957],[115.466897,36.258274],[115.466168,36.259158],[115.46449,36.251341],[115.474732,36.248424],[115.474476,36.246951],[115.476517,36.246509],[115.475974,36.218891],[115.479104,36.209557],[115.479104,36.203093],[115.475971,36.193036],[115.480657,36.171739],[115.483553,36.14897],[115.469988,36.152885],[115.465843,36.159081],[115.463915,36.171274],[115.45434,36.171664],[115.451301,36.169731],[115.450926,36.152095],[115.449644,36.150157],[115.434257,36.15018],[115.431301,36.149167],[115.423652,36.140356],[115.420052,36.13842],[115.412764,36.13796],[115.407786,36.13956],[115.406738,36.142607],[115.404359,36.142527],[115.404356,36.144106],[115.409207,36.148292],[115.407111,36.148546],[115.407213,36.155],[115.404617,36.155624],[115.406593,36.159843],[115.405081,36.159916],[115.399834,36.148046],[115.397022,36.147772],[115.40047,36.143887],[115.400137,36.140233],[115.397885,36.1382],[115.397824,36.135467],[115.395581,36.135529],[115.392627,36.129184],[115.376828,36.127875],[115.374053,36.120393],[115.372661,36.109265],[115.369242,36.102703],[115.359805,36.095301],[115.342874,36.0877],[115.333251,36.09059],[115.323252,36.086786],[115.318902,36.086962],[115.307984,36.090729],[115.303366,36.095616],[115.296984,36.107194],[115.301978,36.12299],[115.301143,36.1301],[115.2981,36.132403],[115.27933,36.137829],[115.276741,36.140412],[115.264086,36.158827],[115.260396,36.171568],[115.249034,36.185973],[115.242118,36.191239],[115.222935,36.198228],[115.213348,36.203502],[115.202957,36.204041],[115.202189,36.208227],[115.207417,36.209595],[115.206913,36.212988],[115.205027,36.212808],[115.205372,36.209606],[115.201371,36.2095],[115.201776,36.212761],[115.19644,36.210183],[115.196993,36.207593],[115.19843,36.207706],[115.196376,36.202293],[115.194486,36.200171],[115.191977,36.200499],[115.191813,36.198641],[115.189779,36.198861],[115.189219,36.195561],[115.185674,36.195207],[115.184296,36.193455],[115.182745,36.195159],[115.181901,36.193319],[115.170689,36.190973],[115.156873,36.19469],[115.156683,36.201895],[115.150237,36.207261],[115.142863,36.209673],[115.124977,36.209969],[115.111139,36.219534],[115.099046,36.222304],[115.089804,36.23763],[115.07728,36.326712],[115.072116,36.333545],[115.053818,36.347838],[115.045774,36.358765],[115.028624,36.369151],[115.02174,36.384483],[115.021583,36.388743],[115.016066,36.397037],[115.006975,36.395868],[115.00706,36.401273],[115.00522,36.39676],[115.003748,36.397195],[115.003253,36.400776],[114.995644,36.401848],[114.996246,36.405512],[114.987847,36.406214],[114.98773,36.41031],[114.990378,36.410477],[114.991033,36.412917],[114.988534,36.413076],[114.988444,36.415996],[114.98109,36.421462],[114.978061,36.427639],[114.979308,36.431698],[114.976283,36.432057],[114.976752,36.434652],[114.983623,36.434475],[114.991259,36.438108],[114.994346,36.445613],[115.009326,36.445712],[115.009191,36.443966],[115.011261,36.443204],[115.011829,36.445397],[115.013748,36.4457],[115.013598,36.44009],[115.024447,36.440573],[115.025586,36.437914],[115.032564,36.439201],[115.035387,36.446233],[115.03997,36.447561],[115.040244,36.450944],[115.044211,36.450974],[115.049999,36.453585],[115.060001,36.477943],[115.063343,36.477331],[115.064343,36.480758],[115.069394,36.480026],[115.074498,36.488754],[115.076096,36.488642],[115.077739,36.494904],[115.080316,36.494536],[115.083904,36.497463],[115.087723,36.496285],[115.088312,36.497588],[115.095594,36.497374],[115.096343,36.499676],[115.100799,36.500358],[115.10275,36.502853],[115.105231,36.50246],[115.106302,36.505619],[115.107678,36.505324],[115.107318,36.504015],[115.114312,36.502578],[115.114171,36.500935],[115.116011,36.501193],[115.115565,36.499605],[115.116582,36.501229],[115.117778,36.500604],[115.117189,36.49716],[115.119733,36.496831],[115.119127,36.493271],[115.1308,36.483209],[115.159763,36.473011],[115.170027,36.463648],[115.179953,36.460247],[115.204868,36.460771],[115.228148,36.452599],[115.239761,36.453102],[115.261574,36.458452],[115.286364,36.476386]]]}},{"type":"Feature","properties":{"dt_adcode":"130426"},"geometry":{"type":"Polygon","coordinates":[[[113.569689,36.585901],[113.563308,36.589103],[113.543731,36.590204],[113.539744,36.594088],[113.545274,36.616882],[113.544289,36.623468],[113.535449,36.629245],[113.509431,36.631257],[113.493454,36.635231],[113.486864,36.635219],[113.479116,36.640648],[113.475519,36.647037],[113.477059,36.655211],[113.486341,36.667202],[113.50201,36.681544],[113.507813,36.696905],[113.507045,36.704855],[113.498157,36.704856],[113.477514,36.697271],[113.466943,36.699291],[113.465369,36.707781],[113.477699,36.726408],[113.490353,36.737826],[113.499371,36.740591],[113.536214,36.732367],[113.542909,36.738617],[113.543516,36.74434],[113.54933,36.7523],[113.562928,36.756685],[113.57553,36.758394],[113.582358,36.757931],[113.590341,36.753872],[113.599959,36.752895],[113.610962,36.757105],[113.641313,36.778123],[113.655761,36.785702],[113.680953,36.790131],[113.679128,36.798649],[113.673894,36.807504],[113.677486,36.815707],[113.684105,36.824771],[113.676463,36.838498],[113.674664,36.845388],[113.676282,36.855646],[113.68998,36.869323],[113.691946,36.876302],[113.696929,36.882287],[113.702581,36.885194],[113.710522,36.887348],[113.718547,36.880673],[113.729138,36.882309],[113.73158,36.878622],[113.732686,36.871745],[113.731922,36.859098],[113.738248,36.857507],[113.742071,36.851118],[113.743841,36.850584],[113.751842,36.851484],[113.754374,36.853806],[113.763423,36.849142],[113.769169,36.84268],[113.769968,36.834879],[113.773299,36.831094],[113.773773,36.824151],[113.779005,36.806604],[113.773777,36.78629],[113.775717,36.780139],[113.782356,36.778231],[113.802718,36.783062],[113.834369,36.775058],[113.854412,36.772519],[113.861639,36.769697],[113.866106,36.764518],[113.876546,36.735843],[113.882002,36.727021],[113.88914,36.718919],[113.896159,36.714033],[113.905184,36.70094],[113.907134,36.694329],[113.905061,36.688549],[113.895956,36.680074],[113.89697,36.67574],[113.900689,36.670853],[113.901606,36.656946],[113.892229,36.638686],[113.887557,36.638421],[113.883585,36.634172],[113.877368,36.619953],[113.863889,36.61401],[113.861023,36.610613],[113.865905,36.602228],[113.864101,36.599999],[113.864525,36.592039],[113.871318,36.585777],[113.888662,36.574306],[113.886055,36.559639],[113.878514,36.536365],[113.878062,36.519357],[113.885334,36.510503],[113.889223,36.509498],[113.902196,36.524754],[113.90254,36.530819],[113.907786,36.541099],[113.914457,36.545612],[113.92245,36.545347],[113.929978,36.541857],[113.933745,36.524062],[113.943091,36.501807],[113.949817,36.497159],[113.974492,36.485395],[113.980548,36.485016],[113.979347,36.477262],[113.969939,36.468766],[113.962301,36.466737],[113.958752,36.462287],[113.957499,36.449189],[113.953733,36.442668],[113.949055,36.438195],[113.932805,36.430221],[113.928393,36.426217],[113.926039,36.420428],[113.927688,36.406018],[113.921887,36.401059],[113.901665,36.389533],[113.897866,36.382838],[113.898608,36.379812],[113.899729,36.377314],[113.907377,36.374572],[113.906054,36.372497],[113.900893,36.372623],[113.898403,36.368425],[113.898817,36.366146],[113.909714,36.367785],[113.914594,36.365233],[113.924792,36.364052],[113.929733,36.3614],[113.936779,36.362653],[113.94356,36.360874],[113.95298,36.363874],[113.960624,36.362538],[113.964737,36.363613],[113.976966,36.35769],[113.976298,36.353696],[113.979803,36.344099],[113.984424,36.342863],[113.991265,36.346028],[113.994498,36.344198],[113.993279,36.339459],[113.994372,36.337032],[114.000246,36.336232],[114.002569,36.334445],[114.00142,36.330977],[113.994022,36.329547],[113.991667,36.326841],[113.991287,36.322049],[113.994419,36.317588],[113.994177,36.315086],[113.990866,36.314644],[113.982185,36.317692],[113.977846,36.329249],[113.968649,36.339144],[113.969426,36.343611],[113.964211,36.352581],[113.956636,36.357683],[113.952767,36.358112],[113.947817,36.355516],[113.94503,36.350109],[113.948067,36.346337],[113.960734,36.344387],[113.957246,36.336226],[113.953836,36.335564],[113.941785,36.338173],[113.935341,36.336571],[113.933987,36.335216],[113.933322,36.322221],[113.9316,36.319489],[113.91119,36.314783],[113.908566,36.316157],[113.901127,36.337005],[113.891102,36.343955],[113.887843,36.351794],[113.88194,36.353858],[113.861771,36.351869],[113.850686,36.348882],[113.849343,36.346825],[113.849559,36.339588],[113.851368,36.336344],[113.859582,36.332132],[113.859672,36.330552],[113.856971,36.32936],[113.835183,36.334392],[113.821739,36.331283],[113.814725,36.331725],[113.80779,36.338518],[113.801905,36.337457],[113.797569,36.347171],[113.788506,36.349868],[113.777153,36.350043],[113.777005,36.352026],[113.780623,36.356833],[113.778612,36.359805],[113.772144,36.355087],[113.764398,36.355634],[113.759488,36.359292],[113.756583,36.364766],[113.753337,36.366431],[113.74221,36.364425],[113.742699,36.356244],[113.739286,36.355191],[113.732658,36.357363],[113.732198,36.359105],[113.734558,36.362794],[113.731466,36.363373],[113.731623,36.372625],[113.729601,36.381619],[113.718917,36.397513],[113.713844,36.41446],[113.708361,36.423339],[113.681598,36.422792],[113.670198,36.425094],[113.64357,36.445582],[113.629224,36.454661],[113.617404,36.457934],[113.594426,36.457498],[113.587239,36.461006],[113.584431,36.466848],[113.583583,36.476189],[113.581053,36.483649],[113.570851,36.486246],[113.563666,36.491269],[113.554452,36.491207],[113.547665,36.487078],[113.546686,36.487736],[113.547249,36.492587],[113.554411,36.494687],[113.554246,36.500085],[113.556381,36.502581],[113.556332,36.510833],[113.559977,36.5187],[113.560454,36.525346],[113.558684,36.527206],[113.559945,36.528639],[113.563608,36.527343],[113.563783,36.52981],[113.559462,36.530995],[113.554974,36.534629],[113.547307,36.534331],[113.545278,36.536068],[113.545874,36.54097],[113.549655,36.54141],[113.553646,36.53732],[113.566965,36.54416],[113.580891,36.541058],[113.585249,36.543535],[113.589668,36.550532],[113.588143,36.562721],[113.569689,36.585901]],[[113.747162,36.603079],[113.74269,36.596711],[113.746119,36.595071],[113.744622,36.589371],[113.748499,36.589416],[113.746843,36.582701],[113.739637,36.583516],[113.738436,36.580475],[113.739669,36.57854],[113.750281,36.574493],[113.751422,36.571593],[113.754859,36.571863],[113.755805,36.578526],[113.761989,36.575033],[113.768436,36.576418],[113.762883,36.581305],[113.763565,36.582463],[113.758067,36.585977],[113.762193,36.590702],[113.765987,36.590469],[113.765968,36.593611],[113.762796,36.595894],[113.762363,36.599813],[113.76791,36.605874],[113.771161,36.606788],[113.772149,36.608459],[113.770505,36.611149],[113.775784,36.612988],[113.778874,36.61912],[113.77848,36.623576],[113.782257,36.623438],[113.783697,36.630967],[113.787639,36.633933],[113.787468,36.63841],[113.785186,36.640843],[113.774755,36.640308],[113.771896,36.633453],[113.772234,36.629849],[113.76571,36.627692],[113.765765,36.630987],[113.771607,36.635449],[113.774041,36.640563],[113.759886,36.645823],[113.754266,36.642557],[113.754321,36.635066],[113.757248,36.627505],[113.758071,36.6194],[113.766105,36.617149],[113.756017,36.609468],[113.754422,36.606115],[113.752234,36.606984],[113.747162,36.603079]]]}},{"type":"Feature","properties":{"dt_adcode":"130427"},"geometry":{"type":"Polygon","coordinates":[[[114.054404,36.510568],[114.101326,36.508637],[114.106127,36.50245],[114.105539,36.498302],[114.09495,36.498944],[114.098136,36.495352],[114.102698,36.481671],[114.102076,36.421636],[114.107442,36.39743],[114.114454,36.375543],[114.117114,36.370083],[114.125147,36.365619],[114.152928,36.362106],[114.195704,36.34318],[114.209857,36.341761],[114.215182,36.343431],[114.220163,36.348768],[114.222768,36.337079],[114.229393,36.336308],[114.237096,36.355567],[114.24355,36.35785],[114.247796,36.366463],[114.252516,36.366852],[114.252224,36.37138],[114.257038,36.371344],[114.258063,36.373596],[114.262708,36.374339],[114.26416,36.376708],[114.262363,36.376982],[114.257218,36.384957],[114.257021,36.387963],[114.261901,36.396549],[114.262363,36.40456],[114.251424,36.404869],[114.251732,36.408566],[114.247573,36.409491],[114.248497,36.41781],[114.244121,36.421022],[114.254311,36.424519],[114.254005,36.430732],[114.251934,36.434557],[114.266965,36.43374],[114.275089,36.445052],[114.290469,36.450976],[114.284201,36.437816],[114.289351,36.434432],[114.31922,36.428217],[114.317744,36.424812],[114.318989,36.42167],[114.32328,36.416973],[114.332979,36.415039],[114.335811,36.413071],[114.337258,36.405028],[114.352376,36.405531],[114.354835,36.40685],[114.371452,36.40508],[114.372256,36.418104],[114.383924,36.416031],[114.392404,36.41655],[114.388758,36.404342],[114.408198,36.401232],[114.406911,36.387794],[114.432231,36.385238],[114.439913,36.381645],[114.439847,36.351102],[114.437011,36.351027],[114.436778,36.348982],[114.42973,36.34981],[114.429086,36.346555],[114.423568,36.346477],[114.423314,36.343151],[114.425799,36.342976],[114.425833,36.336647],[114.428154,36.336324],[114.428295,36.333329],[114.425357,36.333259],[114.422971,36.331117],[114.418079,36.3104],[114.414395,36.310008],[114.406303,36.312813],[114.401033,36.310443],[114.402519,36.295871],[114.393938,36.291898],[114.393581,36.281978],[114.389988,36.281728],[114.390145,36.271779],[114.376671,36.273033],[114.37176,36.268619],[114.353748,36.264432],[114.354053,36.256432],[114.329222,36.255913],[114.32835,36.248176],[114.323344,36.248469],[114.321946,36.250617],[114.314518,36.251956],[114.309919,36.250062],[114.30962,36.246619],[114.290092,36.247153],[114.290634,36.249392],[114.273871,36.254768],[114.267377,36.259734],[114.256476,36.264016],[114.252355,36.26239],[114.250928,36.258225],[114.2476,36.254933],[114.241032,36.251369],[114.237974,36.25131],[114.235589,36.252782],[114.23241,36.260504],[114.223853,36.26811],[114.2237,36.270868],[114.211032,36.273012],[114.208698,36.26805],[114.209218,36.265519],[114.204893,36.258445],[114.206722,36.253729],[114.202997,36.245592],[114.199865,36.24499],[114.197344,36.247021],[114.185629,36.248688],[114.18173,36.243527],[114.178111,36.242224],[114.176702,36.242902],[114.177214,36.244262],[114.173835,36.243266],[114.17233,36.245281],[114.173141,36.246316],[114.17155,36.24592],[114.17179,36.244027],[114.169941,36.243647],[114.169929,36.244986],[114.168829,36.2437],[114.173076,36.248782],[114.173253,36.254493],[114.171227,36.25538],[114.175353,36.259537],[114.175896,36.264693],[114.171629,36.267433],[114.16681,36.267259],[114.166915,36.26997],[114.164827,36.269574],[114.162812,36.265172],[114.162692,36.267518],[114.154442,36.268383],[114.154172,36.270212],[114.150208,36.272452],[114.147809,36.271399],[114.148183,36.273271],[114.142236,36.276107],[114.140481,36.279328],[114.135069,36.279224],[114.134564,36.277989],[114.130721,36.281725],[114.131101,36.279831],[114.128474,36.280372],[114.128944,36.278326],[114.126107,36.277736],[114.128244,36.274893],[114.123309,36.276428],[114.124299,36.273879],[114.121447,36.272716],[114.11796,36.274497],[114.108614,36.273827],[114.10808,36.272397],[114.107732,36.274039],[114.097558,36.275236],[114.092636,36.277783],[114.090244,36.276374],[114.090142,36.272635],[114.086125,36.272718],[114.085359,36.270098],[114.082221,36.269407],[114.079439,36.271684],[114.068083,36.272858],[114.060551,36.276516],[114.058267,36.285369],[114.048582,36.295105],[114.044157,36.294897],[114.042627,36.297316],[114.044549,36.300411],[114.043196,36.30316],[114.039745,36.30259],[114.037795,36.303954],[114.049,36.305026],[114.050116,36.307608],[114.047971,36.310316],[114.054236,36.31429],[114.058108,36.31353],[114.061562,36.318105],[114.059569,36.320232],[114.058148,36.327181],[114.055715,36.33],[114.051396,36.33035],[114.045173,36.325938],[114.039035,36.327308],[114.028998,36.326555],[114.026589,36.324705],[114.025644,36.329801],[114.030596,36.335368],[114.032611,36.341404],[114.032271,36.347512],[114.02773,36.353484],[114.023723,36.354971],[114.015185,36.35297],[114.014194,36.345484],[114.010664,36.342453],[114.008501,36.342537],[114.003139,36.34528],[113.999622,36.350209],[113.985848,36.357573],[113.980749,36.359057],[113.976966,36.35769],[113.964737,36.363613],[113.960624,36.362538],[113.95298,36.363874],[113.94356,36.360874],[113.936779,36.362653],[113.929733,36.3614],[113.924792,36.364052],[113.914594,36.365233],[113.909714,36.367785],[113.898817,36.366146],[113.898403,36.368425],[113.900893,36.372623],[113.906054,36.372497],[113.907377,36.374572],[113.899729,36.377314],[113.898608,36.379812],[113.897866,36.382838],[113.901665,36.389533],[113.921887,36.401059],[113.927688,36.406018],[113.926039,36.420428],[113.928393,36.426217],[113.932805,36.430221],[113.949055,36.438195],[113.953733,36.442668],[113.957499,36.449189],[113.958752,36.462287],[113.962301,36.466737],[113.969939,36.468766],[113.979347,36.477262],[113.980548,36.485016],[113.986348,36.494539],[113.992186,36.49827],[113.996181,36.506248],[114.001981,36.508033],[114.015253,36.498919],[114.024339,36.498373],[114.025047,36.501769],[114.031609,36.505297],[114.037117,36.504986],[114.046957,36.498515],[114.050986,36.509084],[114.054404,36.510568]]]}},{"type":"Feature","properties":{"dt_adcode":"130430"},"geometry":{"type":"Polygon","coordinates":[[[115.325561,36.869661],[115.311165,36.846074],[115.307511,36.837111],[115.307562,36.82978],[115.310763,36.820405],[115.323001,36.815498],[115.322315,36.801457],[115.328961,36.790043],[115.325577,36.785841],[115.321157,36.783471],[115.332136,36.777096],[115.332579,36.770609],[115.320352,36.759089],[115.315818,36.752649],[115.317017,36.741659],[115.325098,36.722455],[115.324558,36.71604],[115.318636,36.712322],[115.31687,36.707561],[115.307653,36.707024],[115.305941,36.704234],[115.297173,36.706758],[115.296472,36.703325],[115.293854,36.703714],[115.292913,36.701711],[115.298306,36.699928],[115.296281,36.690553],[115.298575,36.687342],[115.301623,36.684708],[115.308288,36.683196],[115.313801,36.677463],[115.312584,36.671022],[115.307652,36.666776],[115.295829,36.669524],[115.293389,36.67057],[115.294467,36.673526],[115.288299,36.675015],[115.289544,36.676932],[115.286584,36.678027],[115.286668,36.68084],[115.280605,36.683196],[115.281588,36.685484],[115.279649,36.68608],[115.278761,36.683828],[115.276605,36.684235],[115.277338,36.686583],[115.275058,36.687049],[115.274433,36.684783],[115.270498,36.684905],[115.268151,36.680761],[115.261554,36.681911],[115.256952,36.676597],[115.251561,36.677374],[115.250541,36.674873],[115.247263,36.675626],[115.246407,36.673686],[115.24255,36.674641],[115.23733,36.671869],[115.233956,36.66567],[115.234959,36.641158],[115.228749,36.634032],[115.220052,36.632335],[115.217323,36.644537],[115.209013,36.655967],[115.200453,36.662586],[115.18565,36.669648],[115.181917,36.676278],[115.177562,36.690244],[115.172686,36.697103],[115.159598,36.700727],[115.1272,36.701071],[115.124556,36.712283],[115.125919,36.721224],[115.125274,36.737486],[115.115038,36.739157],[115.115743,36.743426],[115.118232,36.743281],[115.118536,36.745938],[115.120529,36.745662],[115.122531,36.754891],[115.118515,36.759458],[115.102631,36.763155],[115.10224,36.760477],[115.099629,36.762838],[115.10005,36.764879],[115.096611,36.765736],[115.097414,36.773195],[115.093896,36.780499],[115.095499,36.790365],[115.088361,36.790828],[115.087958,36.79239],[115.087746,36.790813],[115.083825,36.789321],[115.079861,36.791009],[115.081523,36.794478],[115.089169,36.799744],[115.093802,36.799653],[115.095906,36.802337],[115.098745,36.802552],[115.099239,36.81078],[115.081705,36.819292],[115.078164,36.826695],[115.079001,36.834629],[115.078372,36.835878],[115.077352,36.832698],[115.077785,36.840114],[115.080202,36.839504],[115.080489,36.845049],[115.082358,36.846116],[115.10705,36.842431],[115.105067,36.847235],[115.109028,36.847294],[115.109904,36.852035],[115.113172,36.851835],[115.113529,36.854993],[115.10968,36.855464],[115.108075,36.857112],[115.109245,36.859435],[115.102355,36.862411],[115.095952,36.863221],[115.088643,36.860676],[115.081439,36.861709],[115.077919,36.866207],[115.071859,36.86649],[115.071961,36.870513],[115.068843,36.872662],[115.061551,36.875313],[115.069447,36.875749],[115.067922,36.876648],[115.068581,36.877952],[115.061758,36.875869],[115.058142,36.878633],[115.056606,36.883048],[115.057578,36.888883],[115.05935,36.888998],[115.061442,36.895451],[115.068294,36.899696],[115.069391,36.906274],[115.067595,36.907408],[115.073037,36.914678],[115.077464,36.919719],[115.083675,36.918334],[115.084156,36.92378],[115.089663,36.924618],[115.089609,36.927664],[115.094898,36.927],[115.094737,36.937993],[115.096814,36.947821],[115.100702,36.955954],[115.102438,36.955677],[115.104124,36.959027],[115.107385,36.95903],[115.107331,36.955784],[115.109679,36.956013],[115.110071,36.958792],[115.111618,36.958462],[115.116511,36.951138],[115.120207,36.949175],[115.125032,36.936492],[115.109631,36.932135],[115.10608,36.92926],[115.106531,36.923988],[115.111417,36.916099],[115.125089,36.906049],[115.136586,36.900747],[115.143218,36.899157],[115.156304,36.899588],[115.161543,36.902466],[115.16624,36.901516],[115.166125,36.894394],[115.169678,36.892443],[115.170442,36.881517],[115.174375,36.88017],[115.167998,36.875498],[115.166621,36.864148],[115.160302,36.863819],[115.156859,36.860713],[115.157056,36.857002],[115.160397,36.851017],[115.176413,36.850825],[115.176879,36.854367],[115.178907,36.856172],[115.200537,36.868405],[115.209357,36.86936],[115.217226,36.865548],[115.233934,36.86735],[115.283321,36.86257],[115.299851,36.868402],[115.314134,36.870558],[115.325561,36.869661]]]}},{"type":"Feature","properties":{"dt_adcode":"130431"},"geometry":{"type":"Polygon","coordinates":[[[114.971412,36.950418],[114.972301,36.943177],[114.975097,36.942871],[114.975837,36.941221],[114.976175,36.927488],[114.975104,36.925206],[114.970839,36.922944],[114.970001,36.919879],[114.972305,36.918194],[114.97216,36.915709],[114.967232,36.915937],[114.966692,36.912034],[114.96938,36.910296],[114.968072,36.904172],[114.973649,36.902398],[114.973628,36.894663],[114.969934,36.894642],[114.969456,36.890904],[114.97069,36.891359],[114.970716,36.889149],[114.969384,36.887366],[114.957071,36.888791],[114.954831,36.886182],[114.954442,36.882497],[114.952085,36.8849],[114.949757,36.878766],[114.952434,36.877109],[114.94888,36.86769],[114.958905,36.862902],[114.956858,36.856212],[114.953709,36.855525],[114.95304,36.848199],[114.949646,36.848206],[114.949257,36.840657],[114.952669,36.839744],[114.952818,36.833079],[114.950264,36.828875],[114.947303,36.829366],[114.947095,36.827195],[114.944148,36.827271],[114.943806,36.82445],[114.951246,36.811595],[114.94129,36.809499],[114.930523,36.789676],[114.923571,36.792563],[114.919408,36.79002],[114.914884,36.767173],[114.915485,36.765385],[114.922676,36.763367],[114.923282,36.759769],[114.926852,36.759848],[114.927001,36.757418],[114.923996,36.756719],[114.923714,36.750982],[114.920568,36.746578],[114.913866,36.74408],[114.898622,36.743094],[114.897268,36.74569],[114.896517,36.743884],[114.896124,36.745975],[114.893708,36.746747],[114.893632,36.752222],[114.885925,36.754339],[114.882884,36.748383],[114.873291,36.749444],[114.87137,36.755229],[114.874126,36.75731],[114.877874,36.757207],[114.878997,36.759991],[114.879121,36.76576],[114.875809,36.766274],[114.876272,36.771483],[114.863891,36.772505],[114.863701,36.774375],[114.857842,36.77854],[114.832708,36.785964],[114.800562,36.787141],[114.780314,36.790665],[114.773966,36.79818],[114.770966,36.809843],[114.770525,36.822674],[114.767871,36.829985],[114.755818,36.837223],[114.749007,36.847842],[114.749795,36.856517],[114.752156,36.855992],[114.752443,36.860898],[114.747292,36.860831],[114.747334,36.863883],[114.743147,36.86419],[114.7412,36.866929],[114.722807,36.869075],[114.721903,36.873119],[114.716643,36.873985],[114.722724,36.881144],[114.757759,36.887419],[114.76314,36.890902],[114.766768,36.89712],[114.765893,36.907681],[114.765431,36.909479],[114.761538,36.910922],[114.759554,36.919199],[114.762145,36.921368],[114.764633,36.927546],[114.772699,36.92848],[114.781781,36.917278],[114.787501,36.913959],[114.80119,36.916733],[114.804517,36.924766],[114.807245,36.924301],[114.808492,36.929232],[114.81635,36.928931],[114.818161,36.934932],[114.824601,36.941845],[114.830223,36.946925],[114.838146,36.950889],[114.83658,36.959706],[114.843303,36.960385],[114.848857,36.967144],[114.861768,36.965912],[114.862729,36.969695],[114.870172,36.970012],[114.870212,36.967178],[114.87242,36.96614],[114.886422,36.964806],[114.888141,36.968025],[114.892466,36.969649],[114.898609,36.965499],[114.907658,36.965593],[114.91921,36.961402],[114.916326,36.953843],[114.923356,36.952526],[114.924807,36.954544],[114.934184,36.952402],[114.942266,36.950221],[114.941473,36.948188],[114.947647,36.946666],[114.949623,36.948776],[114.952393,36.947338],[114.953303,36.949696],[114.961576,36.950671],[114.962527,36.953783],[114.967006,36.952829],[114.968035,36.950203],[114.971412,36.950418]]]}},{"type":"Feature","properties":{"dt_adcode":"130432"},"geometry":{"type":"Polygon","coordinates":[[[115.119733,36.496831],[115.117189,36.49716],[115.117778,36.500604],[115.116582,36.501229],[115.115565,36.499605],[115.116011,36.501193],[115.114171,36.500935],[115.114312,36.502578],[115.107318,36.504015],[115.107678,36.505324],[115.106302,36.505619],[115.105231,36.50246],[115.10275,36.502853],[115.100799,36.500358],[115.096343,36.499676],[115.095594,36.497374],[115.088312,36.497588],[115.087723,36.496285],[115.083904,36.497463],[115.080316,36.494536],[115.077739,36.494904],[115.076096,36.488642],[115.074498,36.488754],[115.069394,36.480026],[115.064343,36.480758],[115.063343,36.477331],[115.060001,36.477943],[115.049999,36.453585],[115.044211,36.450974],[115.040244,36.450944],[115.03997,36.447561],[115.035387,36.446233],[115.032564,36.439201],[115.025586,36.437914],[115.024447,36.440573],[115.013598,36.44009],[115.013748,36.4457],[115.011829,36.445397],[115.011261,36.443204],[115.009191,36.443966],[115.009326,36.445712],[114.994346,36.445613],[114.991259,36.438108],[114.983623,36.434475],[114.976752,36.434652],[114.976283,36.432057],[114.975452,36.435769],[114.968754,36.439543],[114.959598,36.437998],[114.957807,36.431969],[114.951003,36.429548],[114.945266,36.429696],[114.946824,36.431553],[114.943621,36.434059],[114.935103,36.433261],[114.934976,36.431834],[114.932141,36.431192],[114.930174,36.421714],[114.926203,36.421441],[114.925754,36.418746],[114.923331,36.41944],[114.923218,36.421796],[114.917738,36.42309],[114.908468,36.422503],[114.907187,36.421694],[114.906161,36.413384],[114.908523,36.412639],[114.908171,36.409892],[114.909628,36.408749],[114.912143,36.41054],[114.911979,36.408163],[114.917154,36.40726],[114.914901,36.393223],[114.918252,36.392472],[114.912071,36.390677],[114.908691,36.38786],[114.9076,36.381677],[114.900931,36.37722],[114.902762,36.376337],[114.895612,36.372026],[114.881161,36.370978],[114.881879,36.37454],[114.87707,36.373608],[114.876934,36.374912],[114.871691,36.375306],[114.871712,36.378012],[114.868448,36.378154],[114.869031,36.382708],[114.85937,36.383683],[114.858704,36.3852],[114.855536,36.385632],[114.854324,36.38274],[114.849892,36.383897],[114.845389,36.380698],[114.841734,36.381174],[114.840046,36.376736],[114.838068,36.376922],[114.832808,36.379211],[114.832723,36.382594],[114.830251,36.383591],[114.830183,36.388515],[114.827983,36.388727],[114.832294,36.395348],[114.841588,36.399525],[114.864753,36.402179],[114.881673,36.407783],[114.886452,36.411473],[114.892167,36.423679],[114.881819,36.429293],[114.863603,36.429659],[114.854801,36.432583],[114.853286,36.441283],[114.858366,36.468799],[114.860291,36.49085],[114.885351,36.496598],[114.892506,36.496189],[114.897729,36.493696],[114.902549,36.488625],[114.903174,36.481681],[114.911691,36.479595],[114.913281,36.48029],[114.913849,36.483306],[114.918445,36.484104],[114.921166,36.491974],[114.925354,36.491628],[114.925773,36.49493],[114.928886,36.494411],[114.931399,36.504954],[114.946486,36.505669],[114.94754,36.502167],[114.950703,36.501412],[114.952279,36.504826],[114.954301,36.504927],[114.960653,36.510366],[114.958059,36.522302],[114.948545,36.522649],[114.953684,36.524789],[114.955171,36.528111],[114.962326,36.526161],[114.963114,36.528001],[114.971305,36.526947],[114.973158,36.533571],[114.975839,36.535736],[114.982338,36.534749],[114.983195,36.536755],[114.988854,36.536114],[114.995632,36.55247],[115.003495,36.551942],[115.00414,36.556687],[115.010481,36.559603],[115.011531,36.563333],[115.01429,36.562989],[115.013575,36.570243],[115.011022,36.570284],[115.009985,36.567855],[115.008796,36.568097],[115.010458,36.574452],[115.007014,36.57682],[115.007383,36.581513],[115.015354,36.583148],[115.020613,36.603289],[115.026776,36.603077],[115.031444,36.60587],[115.034066,36.605251],[115.034791,36.608983],[115.038771,36.611167],[115.043602,36.610441],[115.04359,36.607626],[115.053647,36.607714],[115.053911,36.604464],[115.056559,36.604278],[115.056491,36.601226],[115.059233,36.601273],[115.059306,36.597632],[115.068721,36.597402],[115.070568,36.5962],[115.069832,36.593058],[115.0756,36.592443],[115.077486,36.594821],[115.082976,36.593741],[115.084007,36.595968],[115.087068,36.595579],[115.087506,36.596866],[115.095411,36.594891],[115.09541,36.59333],[115.098069,36.594959],[115.098051,36.59205],[115.105063,36.590547],[115.108166,36.603881],[115.119769,36.602661],[115.119662,36.601189],[115.132054,36.599271],[115.132932,36.603009],[115.137239,36.602257],[115.138105,36.605844],[115.142061,36.604994],[115.144924,36.61846],[115.153945,36.61854],[115.154521,36.620258],[115.154671,36.618189],[115.162999,36.615797],[115.160901,36.610143],[115.162134,36.609936],[115.161988,36.607443],[115.159345,36.607847],[115.156093,36.603159],[115.149252,36.604293],[115.146295,36.602449],[115.147356,36.600473],[115.145665,36.593586],[115.137964,36.594245],[115.137107,36.589454],[115.141746,36.586798],[115.149335,36.587599],[115.148686,36.584904],[115.157291,36.581678],[115.168252,36.579796],[115.169512,36.582652],[115.174409,36.581944],[115.173969,36.58027],[115.183811,36.576379],[115.181215,36.571105],[115.178302,36.569244],[115.176426,36.56419],[115.173855,36.541222],[115.171773,36.54098],[115.17454,36.538713],[115.166069,36.538978],[115.165197,36.536254],[115.161067,36.536875],[115.160604,36.531055],[115.143462,36.530347],[115.134577,36.52619],[115.125601,36.517671],[115.119733,36.496831]]]}},{"type":"Feature","properties":{"dt_adcode":"130433"},"geometry":{"type":"Polygon","coordinates":[[[115.332136,36.777096],[115.335667,36.775806],[115.339103,36.779461],[115.345104,36.778922],[115.349784,36.786786],[115.352753,36.785806],[115.355728,36.779521],[115.359451,36.779314],[115.360126,36.775566],[115.363238,36.773413],[115.362899,36.771056],[115.371119,36.770097],[115.370855,36.768343],[115.394827,36.762781],[115.404777,36.762724],[115.410099,36.76558],[115.410396,36.767862],[115.423642,36.766055],[115.426871,36.75833],[115.44094,36.760747],[115.445788,36.758281],[115.446213,36.755319],[115.463405,36.752144],[115.465857,36.756339],[115.478341,36.754691],[115.478407,36.751165],[115.47548,36.744228],[115.466933,36.734453],[115.462307,36.734936],[115.460961,36.731382],[115.465844,36.727668],[115.463752,36.726012],[115.459352,36.726062],[115.457157,36.722856],[115.455821,36.719992],[115.459316,36.719494],[115.45978,36.71741],[115.456363,36.714177],[115.45023,36.713151],[115.449921,36.705799],[115.452199,36.703439],[115.444799,36.700954],[115.444144,36.698512],[115.446691,36.69463],[115.443975,36.692439],[115.444931,36.690407],[115.441857,36.689848],[115.440532,36.692447],[115.436436,36.692275],[115.430797,36.688223],[115.420582,36.686769],[115.419917,36.680675],[115.410935,36.674949],[115.407756,36.663796],[115.392069,36.659921],[115.386308,36.656295],[115.388235,36.651257],[115.387962,36.646433],[115.379209,36.633671],[115.368141,36.623446],[115.366044,36.621959],[115.355131,36.627395],[115.353471,36.620238],[115.344676,36.611382],[115.350745,36.606668],[115.34149,36.603479],[115.340279,36.599397],[115.340371,36.595231],[115.351557,36.594985],[115.351556,36.592795],[115.350526,36.590072],[115.345407,36.591158],[115.343113,36.587304],[115.337833,36.588982],[115.334996,36.584168],[115.334942,36.573818],[115.331941,36.564198],[115.330887,36.54938],[115.322797,36.540766],[115.312165,36.533637],[115.307465,36.527432],[115.300477,36.525955],[115.300382,36.531743],[115.297127,36.53345],[115.293599,36.532742],[115.288332,36.528513],[115.288834,36.52431],[115.295187,36.523209],[115.291882,36.516434],[115.296503,36.508842],[115.295939,36.506416],[115.289744,36.497805],[115.286091,36.498166],[115.284312,36.500106],[115.281691,36.495758],[115.272847,36.497385],[115.271448,36.491413],[115.273118,36.490827],[115.272643,36.488122],[115.275808,36.488647],[115.276067,36.486952],[115.283519,36.486401],[115.282823,36.478417],[115.286364,36.476386],[115.269487,36.463067],[115.261574,36.458452],[115.252223,36.455664],[115.228148,36.452599],[115.204868,36.460771],[115.179953,36.460247],[115.170027,36.463648],[115.159763,36.473011],[115.1308,36.483209],[115.119127,36.493271],[115.121306,36.50608],[115.125601,36.517671],[115.134577,36.52619],[115.143462,36.530347],[115.160604,36.531055],[115.161067,36.536875],[115.165197,36.536254],[115.166069,36.538978],[115.17454,36.538713],[115.171773,36.54098],[115.173855,36.541222],[115.176426,36.56419],[115.178302,36.569244],[115.183479,36.574148],[115.183811,36.576379],[115.182141,36.577408],[115.183286,36.580208],[115.192246,36.579783],[115.194716,36.58672],[115.198884,36.589014],[115.203135,36.601823],[115.218949,36.611091],[115.218057,36.617272],[115.206115,36.620907],[115.205303,36.625481],[115.200452,36.628934],[115.201011,36.637164],[115.220052,36.632335],[115.228749,36.634032],[115.234959,36.641158],[115.233956,36.66567],[115.23733,36.671869],[115.24255,36.674641],[115.246407,36.673686],[115.247263,36.675626],[115.250541,36.674873],[115.251561,36.677374],[115.256952,36.676597],[115.261554,36.681911],[115.268151,36.680761],[115.270498,36.684905],[115.274433,36.684783],[115.275058,36.687049],[115.277338,36.686583],[115.276605,36.684235],[115.278761,36.683828],[115.279649,36.68608],[115.281588,36.685484],[115.280605,36.683196],[115.286668,36.68084],[115.286584,36.678027],[115.289544,36.676932],[115.288299,36.675015],[115.294467,36.673526],[115.293389,36.67057],[115.305706,36.666689],[115.311273,36.668887],[115.313801,36.677463],[115.308288,36.683196],[115.301623,36.684708],[115.298575,36.687342],[115.296281,36.690553],[115.298306,36.699928],[115.292913,36.701711],[115.293854,36.703714],[115.296472,36.703325],[115.297173,36.706758],[115.305941,36.704234],[115.307653,36.707024],[115.31687,36.707561],[115.318636,36.712322],[115.324558,36.71604],[115.325098,36.722455],[115.317017,36.741659],[115.315818,36.752649],[115.320352,36.759089],[115.332579,36.770609],[115.332136,36.777096]]]}},{"type":"Feature","properties":{"dt_adcode":"130434"},"geometry":{"type":"Polygon","coordinates":[[[114.751986,36.292862],[114.762737,36.291591],[114.767286,36.30387],[114.776083,36.302755],[114.784953,36.308238],[114.790073,36.313835],[114.791446,36.320769],[114.79669,36.320456],[114.798719,36.325446],[114.804384,36.325342],[114.807549,36.334498],[114.819548,36.347629],[114.823787,36.354161],[114.822828,36.354723],[114.825143,36.355856],[114.825955,36.359694],[114.822042,36.360474],[114.826331,36.373012],[114.830402,36.373312],[114.83017,36.382078],[114.832639,36.382098],[114.833334,36.378696],[114.840046,36.376736],[114.841734,36.381174],[114.845389,36.380698],[114.849892,36.383897],[114.854324,36.38274],[114.855536,36.385632],[114.858704,36.3852],[114.85937,36.383683],[114.869031,36.382708],[114.868448,36.378154],[114.871712,36.378012],[114.871691,36.375306],[114.876934,36.374912],[114.87707,36.373608],[114.881879,36.37454],[114.881161,36.370978],[114.895612,36.372026],[114.902762,36.376337],[114.900931,36.37722],[114.9076,36.381677],[114.908691,36.38786],[114.912071,36.390677],[114.918252,36.392472],[114.914901,36.393223],[114.917154,36.40726],[114.911979,36.408163],[114.912143,36.41054],[114.909628,36.408749],[114.908171,36.409892],[114.908523,36.412639],[114.906161,36.413384],[114.907187,36.421694],[114.917738,36.42309],[114.923218,36.421796],[114.923331,36.41944],[114.925754,36.418746],[114.926203,36.421441],[114.930174,36.421714],[114.932141,36.431192],[114.934976,36.431834],[114.935103,36.433261],[114.943621,36.434059],[114.946824,36.431553],[114.945266,36.429696],[114.951003,36.429548],[114.957807,36.431969],[114.959598,36.437998],[114.968754,36.439543],[114.975452,36.435769],[114.976283,36.432057],[114.979308,36.431698],[114.978061,36.427639],[114.98109,36.421462],[114.988444,36.415996],[114.988534,36.413076],[114.991033,36.412917],[114.990378,36.410477],[114.98773,36.41031],[114.987847,36.406214],[114.996246,36.405512],[114.995644,36.401848],[115.003253,36.400776],[115.003748,36.397195],[115.00522,36.39676],[115.00706,36.401273],[115.006975,36.395868],[115.016066,36.397037],[115.021583,36.388743],[115.02174,36.384483],[115.028624,36.369151],[115.045774,36.358765],[115.053818,36.347838],[115.072116,36.333545],[115.07728,36.326712],[115.089804,36.23763],[115.099046,36.222304],[115.111139,36.219534],[115.124977,36.209969],[115.115477,36.206237],[115.110399,36.199406],[115.10458,36.172212],[115.0995,36.171658],[115.069549,36.179433],[115.062702,36.178221],[115.059647,36.175539],[115.047241,36.158983],[115.049373,36.147307],[115.044459,36.127721],[115.04701,36.117223],[115.046281,36.112774],[114.998437,36.069713],[114.989311,36.065889],[114.974849,36.06676],[114.967819,36.070496],[114.958727,36.067558],[114.954564,36.067808],[114.949725,36.062816],[114.944628,36.063223],[114.93385,36.055822],[114.932144,36.050089],[114.91862,36.048449],[114.914873,36.050186],[114.91469,36.051986],[114.926476,36.089436],[114.92638,36.093406],[114.922036,36.103144],[114.913263,36.107664],[114.913756,36.110524],[114.906913,36.11758],[114.912221,36.139536],[114.914407,36.139423],[114.907832,36.141045],[114.907484,36.139676],[114.893404,36.140043],[114.895131,36.143083],[114.892611,36.145242],[114.892086,36.14379],[114.883263,36.14512],[114.882373,36.142775],[114.879091,36.143473],[114.879456,36.147828],[114.877041,36.148446],[114.876729,36.146138],[114.868495,36.146634],[114.865412,36.144357],[114.858658,36.144322],[114.856703,36.137206],[114.858951,36.135801],[114.857489,36.127731],[114.846492,36.128216],[114.84636,36.130792],[114.841646,36.131714],[114.841274,36.129088],[114.839078,36.129241],[114.839082,36.130746],[114.831572,36.130334],[114.83069,36.127067],[114.828094,36.127581],[114.827303,36.124659],[114.825856,36.125242],[114.825152,36.123688],[114.808677,36.127716],[114.809155,36.129752],[114.805387,36.129114],[114.805676,36.130423],[114.802799,36.130956],[114.803437,36.13375],[114.802344,36.133858],[114.801263,36.13131],[114.795555,36.131769],[114.795393,36.129742],[114.790881,36.130032],[114.791119,36.132031],[114.787768,36.133],[114.778638,36.133168],[114.777972,36.128046],[114.77211,36.128561],[114.771317,36.12453],[114.764241,36.125551],[114.765486,36.13164],[114.762558,36.132129],[114.762912,36.134896],[114.751561,36.138692],[114.752018,36.141301],[114.750523,36.141732],[114.751576,36.146594],[114.747837,36.148546],[114.748901,36.153969],[114.752823,36.156957],[114.760598,36.154306],[114.761573,36.166457],[114.764783,36.165851],[114.763793,36.163667],[114.769888,36.162771],[114.773942,36.164258],[114.77658,36.169263],[114.771525,36.171587],[114.768058,36.178084],[114.771974,36.196798],[114.765463,36.209533],[114.760148,36.214864],[114.74955,36.206472],[114.748041,36.206715],[114.749519,36.212601],[114.746632,36.213078],[114.749092,36.213647],[114.754398,36.229753],[114.752588,36.230081],[114.752415,36.234453],[114.743841,36.246296],[114.741757,36.254296],[114.741932,36.262997],[114.751986,36.292862]]]}},{"type":"Feature","properties":{"dt_adcode":"130435"},"geometry":{"type":"Polygon","coordinates":[[[115.220052,36.632335],[115.201011,36.637164],[115.200452,36.628934],[115.205303,36.625481],[115.206115,36.620907],[115.218057,36.617272],[115.218949,36.611091],[115.203135,36.601823],[115.198884,36.589014],[115.194716,36.58672],[115.192246,36.579783],[115.183286,36.580208],[115.182141,36.577408],[115.173969,36.58027],[115.174409,36.581944],[115.17272,36.582363],[115.169512,36.582652],[115.168252,36.579796],[115.152055,36.582809],[115.148686,36.584904],[115.149335,36.587599],[115.141746,36.586798],[115.137107,36.589454],[115.137964,36.594245],[115.145665,36.593586],[115.147356,36.600473],[115.146295,36.602449],[115.149252,36.604293],[115.156093,36.603159],[115.159345,36.607847],[115.161988,36.607443],[115.162134,36.609936],[115.160901,36.610143],[115.162999,36.615797],[115.154671,36.618189],[115.154521,36.620258],[115.153945,36.61854],[115.144924,36.61846],[115.142061,36.604994],[115.138105,36.605844],[115.137239,36.602257],[115.132932,36.603009],[115.132054,36.599271],[115.119662,36.601189],[115.119769,36.602661],[115.108166,36.603881],[115.105063,36.590547],[115.098051,36.59205],[115.098069,36.594959],[115.09541,36.59333],[115.095411,36.594891],[115.087506,36.596866],[115.087068,36.595579],[115.084007,36.595968],[115.082976,36.593741],[115.077486,36.594821],[115.0756,36.592443],[115.072604,36.592343],[115.069832,36.593058],[115.070568,36.5962],[115.068721,36.597402],[115.059306,36.597632],[115.059233,36.601273],[115.056491,36.601226],[115.056559,36.604278],[115.053911,36.604464],[115.053647,36.607714],[115.04359,36.607626],[115.043602,36.610441],[115.035002,36.611002],[115.033342,36.612905],[115.034086,36.616396],[115.028368,36.621632],[115.010133,36.62731],[115.010688,36.632627],[115.005544,36.633503],[115.001806,36.638144],[114.995689,36.641156],[114.992261,36.641115],[114.992211,36.638673],[114.989684,36.636563],[114.982366,36.636438],[114.982557,36.637709],[114.977489,36.633526],[114.97345,36.634014],[114.97374,36.637151],[114.97231,36.637482],[114.963177,36.637224],[114.96263,36.63501],[114.958749,36.635982],[114.959136,36.640333],[114.954581,36.641432],[114.955197,36.643897],[114.950935,36.644656],[114.945928,36.648635],[114.94471,36.645025],[114.937752,36.643404],[114.925718,36.644538],[114.926117,36.64638],[114.924711,36.6468],[114.920645,36.647179],[114.917375,36.645349],[114.905963,36.646624],[114.903014,36.64977],[114.903288,36.656086],[114.901241,36.657241],[114.901326,36.660594],[114.903496,36.660783],[114.903478,36.665592],[114.893186,36.667826],[114.877899,36.668408],[114.877303,36.66491],[114.874049,36.664616],[114.874953,36.668585],[114.870084,36.671388],[114.860888,36.673024],[114.853661,36.672444],[114.846075,36.675983],[114.850733,36.681644],[114.848596,36.682382],[114.851806,36.689342],[114.859144,36.692934],[114.867372,36.693169],[114.867482,36.702067],[114.866512,36.700524],[114.862562,36.700833],[114.86088,36.708039],[114.858471,36.708031],[114.858871,36.709964],[114.857585,36.710626],[114.858094,36.712777],[114.861143,36.714611],[114.862606,36.720893],[114.865541,36.720716],[114.867846,36.723408],[114.868094,36.734829],[114.863425,36.735862],[114.863905,36.741395],[114.865461,36.741205],[114.867537,36.743824],[114.870392,36.742256],[114.873291,36.749444],[114.883889,36.748936],[114.885925,36.754339],[114.893632,36.752222],[114.893708,36.746747],[114.896124,36.745975],[114.896517,36.743884],[114.897268,36.74569],[114.898622,36.743094],[114.910486,36.743096],[114.920568,36.746578],[114.923714,36.750982],[114.923996,36.756719],[114.927001,36.757418],[114.926852,36.759848],[114.923282,36.759769],[114.922676,36.763367],[114.915485,36.765385],[114.914884,36.767173],[114.919408,36.79002],[114.923571,36.792563],[114.930523,36.789676],[114.94129,36.809499],[114.951246,36.811595],[114.943806,36.82445],[114.944148,36.827271],[114.947095,36.827195],[114.947303,36.829366],[114.950264,36.828875],[114.952818,36.833079],[114.952669,36.839744],[114.949257,36.840657],[114.949646,36.848206],[114.95304,36.848199],[114.953709,36.855525],[114.956858,36.856212],[114.958905,36.862902],[114.94888,36.86769],[114.952434,36.877109],[114.949757,36.878766],[114.952085,36.8849],[114.954442,36.882497],[114.954831,36.886182],[114.957071,36.888791],[114.969384,36.887366],[114.970716,36.889149],[114.97069,36.891359],[114.969456,36.890904],[114.969934,36.894642],[114.973628,36.894663],[114.973649,36.902398],[114.968072,36.904172],[114.96938,36.910296],[114.966692,36.912034],[114.967232,36.915937],[114.97216,36.915709],[114.972305,36.918194],[114.970001,36.919879],[114.970839,36.922944],[114.975104,36.925206],[114.976175,36.927488],[114.975837,36.941221],[114.975097,36.942871],[114.972301,36.943177],[114.971412,36.950418],[114.98197,36.951491],[114.985628,36.950502],[114.985899,36.95467],[114.987798,36.955108],[114.989323,36.952407],[114.989872,36.955788],[114.996568,36.957302],[114.997181,36.955796],[115.002429,36.954072],[115.010601,36.958339],[115.021597,36.961435],[115.037932,36.961598],[115.05889,36.956978],[115.086328,36.960091],[115.097836,36.964557],[115.098477,36.961906],[115.103024,36.959045],[115.102438,36.955677],[115.100702,36.955954],[115.096814,36.947821],[115.094737,36.937993],[115.094898,36.927],[115.089609,36.927664],[115.089663,36.924618],[115.084156,36.92378],[115.083675,36.918334],[115.077464,36.919719],[115.073037,36.914678],[115.067595,36.907408],[115.069391,36.906274],[115.068294,36.899696],[115.061442,36.895451],[115.05935,36.888998],[115.057578,36.888883],[115.056606,36.883048],[115.058142,36.878633],[115.061758,36.875869],[115.068581,36.877952],[115.067922,36.876648],[115.069447,36.875749],[115.061551,36.875313],[115.068843,36.872662],[115.071961,36.870513],[115.071859,36.86649],[115.077919,36.866207],[115.081439,36.861709],[115.088643,36.860676],[115.095952,36.863221],[115.102355,36.862411],[115.109245,36.859435],[115.108075,36.857112],[115.10968,36.855464],[115.113529,36.854993],[115.113172,36.851835],[115.109904,36.852035],[115.109028,36.847294],[115.105067,36.847235],[115.10705,36.842431],[115.082358,36.846116],[115.080489,36.845049],[115.080202,36.839504],[115.077785,36.840114],[115.077352,36.832698],[115.078372,36.835878],[115.079001,36.834629],[115.078164,36.826695],[115.081705,36.819292],[115.099239,36.81078],[115.098745,36.802552],[115.095906,36.802337],[115.093802,36.799653],[115.089169,36.799744],[115.081523,36.794478],[115.079861,36.791009],[115.083825,36.789321],[115.087746,36.790813],[115.087958,36.79239],[115.088361,36.790828],[115.095499,36.790365],[115.093896,36.780499],[115.097414,36.773195],[115.096611,36.765736],[115.10005,36.764879],[115.099629,36.762838],[115.10224,36.760477],[115.102631,36.763155],[115.118515,36.759458],[115.122531,36.754891],[115.120529,36.745662],[115.118536,36.745938],[115.118232,36.743281],[115.115743,36.743426],[115.115038,36.739157],[115.125274,36.737486],[115.125919,36.721224],[115.124556,36.712283],[115.1272,36.701071],[115.159598,36.700727],[115.172686,36.697103],[115.177562,36.690244],[115.181917,36.676278],[115.18565,36.669648],[115.200453,36.662586],[115.209013,36.655967],[115.217323,36.644537],[115.220052,36.632335]]]}},{"type":"Feature","properties":{"dt_adcode":"130481"},"geometry":{"type":"Polygon","coordinates":[[[113.980548,36.485016],[113.974492,36.485395],[113.949817,36.497159],[113.943091,36.501807],[113.933745,36.524062],[113.929978,36.541857],[113.92245,36.545347],[113.914457,36.545612],[113.907786,36.541099],[113.90254,36.530819],[113.902196,36.524754],[113.889223,36.509498],[113.885334,36.510503],[113.879567,36.516244],[113.878062,36.519357],[113.878514,36.536365],[113.886055,36.559639],[113.888662,36.574306],[113.871318,36.585777],[113.864525,36.592039],[113.864101,36.599999],[113.865905,36.602228],[113.861023,36.610613],[113.863889,36.61401],[113.877368,36.619953],[113.883585,36.634172],[113.887557,36.638421],[113.892229,36.638686],[113.901606,36.656946],[113.900689,36.670853],[113.89697,36.67574],[113.895956,36.680074],[113.905061,36.688549],[113.907134,36.694329],[113.905184,36.70094],[113.896159,36.714033],[113.88914,36.718919],[113.882002,36.727021],[113.876546,36.735843],[113.866106,36.764518],[113.861639,36.769697],[113.854412,36.772519],[113.834369,36.775058],[113.802718,36.783062],[113.782356,36.778231],[113.775717,36.780139],[113.773777,36.78629],[113.779005,36.806604],[113.773773,36.824151],[113.773299,36.831094],[113.769968,36.834879],[113.769786,36.841241],[113.766517,36.846139],[113.754374,36.853806],[113.754466,36.855014],[113.758604,36.8631],[113.764993,36.863996],[113.769932,36.858534],[113.770429,36.854942],[113.772941,36.855134],[113.77465,36.860842],[113.770312,36.865584],[113.77128,36.869847],[113.772329,36.871133],[113.779881,36.868733],[113.785928,36.869361],[113.791142,36.874991],[113.794001,36.882102],[113.792833,36.894725],[113.778824,36.918706],[113.780232,36.923383],[113.784811,36.927003],[113.784856,36.933406],[113.773892,36.931705],[113.769726,36.936883],[113.761676,36.956059],[113.763601,36.960954],[113.777481,36.968552],[113.782561,36.980531],[113.791753,36.987679],[113.794941,36.994985],[113.80502,37.002263],[113.828754,37.01205],[113.859468,37.015065],[113.877356,37.013424],[113.88387,37.010889],[113.894354,37.000761],[113.901211,36.996806],[113.941762,36.983357],[113.946054,36.974122],[113.967984,36.959613],[113.984429,36.941506],[113.991102,36.914896],[113.998736,36.906709],[114.000833,36.90186],[114.028158,36.881223],[114.039358,36.879364],[114.063658,36.87934],[114.074051,36.874704],[114.090003,36.861018],[114.086123,36.856806],[114.086883,36.850616],[114.080686,36.847267],[114.081533,36.845066],[114.090425,36.846263],[114.10048,36.839053],[114.11095,36.84],[114.115404,36.844365],[114.134133,36.839862],[114.162261,36.841157],[114.182666,36.843938],[114.207385,36.844477],[114.225909,36.843084],[114.238074,36.846944],[114.252684,36.856541],[114.264344,36.858076],[114.273241,36.855222],[114.288097,36.844055],[114.299969,36.845421],[114.304524,36.857031],[114.307725,36.859583],[114.311439,36.855067],[114.324694,36.852365],[114.32451,36.849455],[114.330311,36.849919],[114.336078,36.846746],[114.342746,36.849843],[114.353563,36.852069],[114.359874,36.85155],[114.375456,36.829287],[114.373614,36.80192],[114.365258,36.78823],[114.36224,36.786637],[114.36609,36.784473],[114.368848,36.77868],[114.378253,36.774787],[114.37702,36.768537],[114.380802,36.757043],[114.378033,36.755662],[114.376672,36.748898],[114.374867,36.74904],[114.361972,36.738803],[114.353384,36.73537],[114.348011,36.727959],[114.347389,36.723089],[114.345133,36.721274],[114.336748,36.722664],[114.331711,36.717669],[114.324664,36.716348],[114.326621,36.710031],[114.326098,36.698686],[114.321856,36.69081],[114.323778,36.686098],[114.323304,36.680527],[114.320285,36.678038],[114.32294,36.666919],[114.317026,36.653629],[114.314738,36.6519],[114.308056,36.651914],[114.301749,36.642119],[114.309466,36.639526],[114.303486,36.624242],[114.296048,36.625315],[114.294578,36.618718],[114.288981,36.617695],[114.286039,36.620092],[114.27504,36.6197],[114.275521,36.611431],[114.27891,36.604761],[114.287778,36.603243],[114.294698,36.599093],[114.296936,36.599554],[114.298804,36.595555],[114.294762,36.593093],[114.296614,36.589284],[114.299568,36.59041],[114.299168,36.587611],[114.288169,36.583172],[114.291465,36.579487],[114.283596,36.575169],[114.286289,36.567973],[114.289085,36.565335],[114.289212,36.555847],[114.290601,36.554501],[114.282302,36.553836],[114.281471,36.550444],[114.268967,36.550722],[114.268559,36.544527],[114.264204,36.540556],[114.262372,36.542955],[114.2626,36.547504],[114.260512,36.547906],[114.261106,36.552125],[114.254701,36.552872],[114.254674,36.555321],[114.252384,36.556422],[114.252624,36.55915],[114.239641,36.561209],[114.239388,36.559333],[114.234383,36.559209],[114.228578,36.55226],[114.199327,36.543413],[114.18972,36.542604],[114.176404,36.549193],[114.154665,36.552874],[114.143887,36.552028],[114.143804,36.567237],[114.136294,36.569308],[114.131893,36.574461],[114.130895,36.571322],[114.126807,36.571333],[114.125146,36.569066],[114.120913,36.56079],[114.121217,36.556643],[114.109326,36.557028],[114.107264,36.558282],[114.105086,36.561771],[114.105586,36.567436],[114.100171,36.571916],[114.088729,36.571922],[114.08425,36.563767],[114.086758,36.55662],[114.085103,36.554726],[114.086823,36.54956],[114.092277,36.544929],[114.090811,36.538356],[114.086541,36.53525],[114.081058,36.536423],[114.07806,36.533452],[114.071589,36.532687],[114.069462,36.529132],[114.069749,36.524607],[114.058612,36.521701],[114.060334,36.518129],[114.053657,36.512663],[114.054688,36.510088],[114.050986,36.509084],[114.046957,36.498515],[114.037117,36.504986],[114.031609,36.505297],[114.025047,36.501769],[114.024339,36.498373],[114.015253,36.498919],[114.000419,36.508209],[113.996181,36.506248],[113.992186,36.49827],[113.986348,36.494539],[113.980548,36.485016]]]}},{"type":"Feature","properties":{"dt_adcode":"130502"},"geometry":{"type":"Polygon","coordinates":[[[114.492686,37.007172],[114.496774,37.012608],[114.50287,37.013374],[114.494148,37.033319],[114.496846,37.039902],[114.491037,37.039676],[114.489853,37.047151],[114.487631,37.049013],[114.487681,37.053274],[114.496468,37.088236],[114.498532,37.086978],[114.501231,37.087757],[114.501616,37.094345],[114.498316,37.095133],[114.499116,37.098469],[114.48966,37.098101],[114.488714,37.104456],[114.490003,37.106627],[114.486421,37.106643],[114.483176,37.112326],[114.483661,37.114927],[114.488433,37.114739],[114.488931,37.120046],[114.487393,37.121857],[114.500194,37.127474],[114.508939,37.127117],[114.510724,37.143359],[114.505498,37.171326],[114.52078,37.171363],[114.558385,37.176472],[114.565191,37.179043],[114.574166,37.190582],[114.578819,37.186038],[114.604487,37.170252],[114.616315,37.171365],[114.625675,37.168274],[114.627269,37.165293],[114.624419,37.165269],[114.623579,37.160013],[114.621136,37.160286],[114.618893,37.158426],[114.618641,37.153876],[114.626236,37.153087],[114.627105,37.149182],[114.632865,37.146435],[114.635868,37.13378],[114.643366,37.13316],[114.644619,37.129329],[114.644396,37.125239],[114.642974,37.122898],[114.639959,37.122122],[114.638558,37.11573],[114.630326,37.115634],[114.630809,37.107401],[114.628487,37.102278],[114.629069,37.096617],[114.635091,37.093479],[114.635742,37.091736],[114.6283,37.084],[114.630807,37.082361],[114.632542,37.068933],[114.634671,37.068237],[114.635163,37.064346],[114.62912,37.064223],[114.6271,37.060127],[114.629066,37.056724],[114.627574,37.047559],[114.629092,37.045139],[114.631283,37.044995],[114.6312,37.042826],[114.629979,37.041001],[114.624044,37.040894],[114.623136,37.039666],[114.625274,37.030993],[114.618087,37.030828],[114.617383,37.028494],[114.612475,37.027997],[114.609652,37.023063],[114.609588,37.018961],[114.60205,37.013893],[114.603691,37.000566],[114.596776,36.998951],[114.594727,36.990905],[114.590928,36.987453],[114.592108,36.984005],[114.593754,36.983794],[114.597962,36.986191],[114.597867,36.987842],[114.595759,36.988048],[114.596204,36.989434],[114.604399,36.989221],[114.609905,36.990953],[114.610589,36.993651],[114.613731,36.993849],[114.615192,36.997032],[114.622494,36.992624],[114.622673,36.986693],[114.631333,36.987369],[114.631175,36.982178],[114.61878,36.98208],[114.618537,36.97988],[114.613478,36.979775],[114.612768,36.974529],[114.605264,36.97011],[114.606841,36.963419],[114.605863,36.957236],[114.609657,36.954503],[114.615477,36.954164],[114.615605,36.956227],[114.629365,36.95898],[114.629053,36.964907],[114.6323,36.965891],[114.632234,36.958719],[114.639322,36.957751],[114.644706,36.950195],[114.644631,36.944458],[114.630984,36.935168],[114.621808,36.936907],[114.619316,36.940357],[114.614908,36.940262],[114.611074,36.936045],[114.606666,36.939112],[114.606091,36.943616],[114.600628,36.943616],[114.600053,36.939974],[114.594878,36.937674],[114.596986,36.934128],[114.592769,36.931157],[114.592099,36.933937],[114.586055,36.932695],[114.587594,36.92282],[114.569491,36.911089],[114.569301,36.902035],[114.559461,36.902276],[114.545877,36.908713],[114.543501,36.912469],[114.539207,36.914233],[114.539054,36.918833],[114.508808,36.9196],[114.506204,36.916139],[114.499107,36.916069],[114.496762,36.918084],[114.496657,36.921616],[114.500602,36.921842],[114.501387,36.929474],[114.497277,36.931867],[114.49648,36.93524],[114.486544,36.935547],[114.485746,36.938307],[114.483192,36.93988],[114.476656,36.939566],[114.463114,36.947262],[114.458207,36.946832],[114.456062,36.948301],[114.45496,36.957116],[114.457531,36.958585],[114.484956,36.958708],[114.485078,36.953198],[114.492791,36.956626],[114.500382,36.956994],[114.506259,36.955157],[114.510789,36.95834],[114.509442,36.969849],[114.511768,36.973399],[114.511768,36.977195],[114.508933,36.978272],[114.511891,36.982215],[114.507973,36.986377],[114.507585,36.995],[114.50205,36.994076],[114.501793,36.997781],[114.492645,36.997799],[114.491326,37.002073],[114.492686,37.007172]]]}},{"type":"Feature","properties":{"dt_adcode":"130503"},"geometry":{"type":"Polygon","coordinates":[[[114.487393,37.121857],[114.488931,37.120046],[114.488433,37.114739],[114.483661,37.114927],[114.484554,37.108316],[114.486421,37.106643],[114.490003,37.106627],[114.488714,37.104456],[114.48966,37.098101],[114.499116,37.098469],[114.498316,37.095133],[114.501616,37.094345],[114.502026,37.088728],[114.498532,37.086978],[114.496468,37.088236],[114.487681,37.053274],[114.487631,37.049013],[114.489853,37.047151],[114.491037,37.039676],[114.496846,37.039902],[114.494148,37.033319],[114.50287,37.013374],[114.496774,37.012608],[114.496484,37.010771],[114.493266,37.008866],[114.491783,36.99869],[114.501793,36.997781],[114.50205,36.994076],[114.507585,36.995],[114.507973,36.986377],[114.511891,36.982215],[114.508933,36.978272],[114.511768,36.977195],[114.511768,36.973399],[114.509442,36.969849],[114.510789,36.95834],[114.506259,36.955157],[114.500382,36.956994],[114.492791,36.956626],[114.485078,36.953198],[114.484956,36.958708],[114.457531,36.958585],[114.45496,36.957116],[114.456062,36.948301],[114.452634,36.947199],[114.450797,36.942424],[114.441499,36.945325],[114.439166,36.948179],[114.434046,36.949014],[114.425821,36.947077],[114.418965,36.950627],[114.418108,36.957851],[114.413578,36.958953],[114.410487,36.964026],[114.385645,36.969844],[114.379136,36.968537],[114.371231,36.972007],[114.358958,36.972529],[114.321298,36.971921],[114.308396,36.9738],[114.298601,36.977334],[114.271363,36.981322],[114.224624,36.977991],[114.220848,36.981609],[114.219601,36.987092],[114.233612,37.014306],[114.236465,37.029006],[114.233433,37.038824],[114.224787,37.042616],[114.218551,37.040707],[114.204852,37.026568],[114.192345,37.025052],[114.172303,37.029402],[114.163762,37.029075],[114.156565,37.026714],[114.153877,37.024929],[114.151175,37.016695],[114.145627,37.010532],[114.140709,37.008532],[114.139009,37.004623],[114.142243,37.003244],[114.140611,37.00208],[114.142482,36.994571],[114.147238,36.990171],[114.1408,36.98686],[114.135535,36.986226],[114.133685,36.989555],[114.129368,36.99205],[114.123343,36.991786],[114.12212,36.988999],[114.116808,36.989371],[114.114481,36.990614],[114.114642,36.992481],[114.108789,36.992919],[114.108784,36.996455],[114.101656,36.991814],[114.098908,36.993153],[114.102576,37.002632],[114.088526,37.010676],[114.080495,37.011928],[114.067757,37.005774],[114.054334,37.004406],[114.047141,37.005889],[114.028347,37.013588],[114.017702,37.028068],[114.004,37.035397],[113.982029,37.038277],[113.958104,37.047999],[113.948314,37.048444],[113.906766,37.046758],[113.887443,37.042184],[113.878277,37.03871],[113.852259,37.024381],[113.837243,37.012873],[113.828754,37.01205],[113.813149,37.00628],[113.794941,36.994985],[113.791442,37.00021],[113.778743,37.007316],[113.771888,37.016824],[113.775642,37.025925],[113.790174,37.042941],[113.790348,37.054959],[113.788236,37.059813],[113.768764,37.062521],[113.758151,37.075649],[113.762055,37.087514],[113.765446,37.094345],[113.770467,37.09869],[113.773519,37.106941],[113.773182,37.11577],[113.767369,37.144616],[113.77316,37.151887],[113.803402,37.158707],[113.812224,37.165194],[113.819832,37.167639],[113.83193,37.167526],[113.836111,37.175652],[113.836588,37.189492],[113.853094,37.21508],[113.858236,37.220096],[113.870651,37.225509],[113.886425,37.239145],[113.886878,37.259932],[113.894791,37.271378],[113.901529,37.288042],[113.903143,37.29621],[113.902173,37.309966],[113.904229,37.315542],[113.909963,37.322359],[113.921166,37.3307],[113.919729,37.340342],[113.928455,37.347413],[113.932964,37.346346],[113.943027,37.340272],[113.951789,37.342389],[113.959834,37.348983],[113.962661,37.355642],[113.961809,37.362904],[113.975381,37.357241],[114.005609,37.356488],[114.035382,37.343012],[114.052902,37.331627],[114.094356,37.319661],[114.097832,37.319337],[114.115075,37.324768],[114.145602,37.33066],[114.176588,37.340876],[114.183717,37.327666],[114.188016,37.313281],[114.192152,37.306908],[114.19821,37.304231],[114.204477,37.305909],[114.210693,37.309873],[114.229773,37.314683],[114.235041,37.30902],[114.239026,37.295773],[114.247312,37.28213],[114.258066,37.274017],[114.274441,37.25773],[114.288857,37.253801],[114.324391,37.257722],[114.339113,37.253808],[114.360528,37.244705],[114.367794,37.239987],[114.392569,37.217615],[114.401943,37.205816],[114.411799,37.19905],[114.424771,37.193234],[114.455181,37.187116],[114.477276,37.180198],[114.488214,37.174787],[114.505498,37.171326],[114.510724,37.143359],[114.508939,37.127117],[114.500194,37.127474],[114.487393,37.121857]]]}},{"type":"Feature","properties":{"dt_adcode":"130505"},"geometry":{"type":"Polygon","coordinates":[[[114.589519,37.223072],[114.59248,37.22478],[114.598745,37.222524],[114.598706,37.215778],[114.626758,37.219725],[114.628168,37.216814],[114.632603,37.216596],[114.632326,37.21337],[114.633929,37.212743],[114.642921,37.213433],[114.64476,37.216088],[114.647477,37.215783],[114.653352,37.212746],[114.646801,37.212292],[114.64627,37.205879],[114.654303,37.205041],[114.653337,37.202199],[114.663517,37.20797],[114.669476,37.201344],[114.679213,37.205833],[114.678986,37.209798],[114.685748,37.214008],[114.685919,37.220144],[114.703446,37.221304],[114.704211,37.223047],[114.711789,37.223214],[114.714112,37.225993],[114.742028,37.229863],[114.75113,37.236133],[114.765271,37.2516],[114.774756,37.273213],[114.779249,37.280114],[114.784357,37.284278],[114.792349,37.286853],[114.798953,37.285294],[114.820093,37.27846],[114.819671,37.274526],[114.822836,37.273242],[114.820267,37.271499],[114.835495,37.266683],[114.83788,37.270719],[114.843063,37.269114],[114.84265,37.267692],[114.853049,37.266405],[114.852603,37.264252],[114.849343,37.26465],[114.846549,37.2565],[114.842563,37.251906],[114.845913,37.251789],[114.847331,37.245935],[114.858032,37.244475],[114.863334,37.241474],[114.867604,37.243106],[114.876918,37.242628],[114.877733,37.234701],[114.883653,37.230346],[114.883056,37.224888],[114.878355,37.223894],[114.879166,37.216286],[114.887539,37.21431],[114.897931,37.205389],[114.893795,37.20545],[114.893466,37.204061],[114.898368,37.203568],[114.898547,37.197819],[114.898034,37.193932],[114.895443,37.191944],[114.895407,37.181741],[114.896764,37.18006],[114.894954,37.17896],[114.89399,37.173145],[114.899973,37.172329],[114.904076,37.169584],[114.904249,37.16728],[114.91282,37.166631],[114.914507,37.170588],[114.922345,37.167341],[114.92811,37.162954],[114.907939,37.159487],[114.90558,37.15514],[114.893603,37.144828],[114.890097,37.145109],[114.894185,37.143131],[114.899835,37.145169],[114.900302,37.143506],[114.905505,37.142031],[114.907669,37.139457],[114.907314,37.136924],[114.910976,37.135129],[114.910077,37.128444],[114.911206,37.126211],[114.918977,37.120247],[114.912776,37.117617],[114.916132,37.109618],[114.915504,37.101107],[114.912908,37.101134],[114.912695,37.09787],[114.90931,37.09778],[114.908824,37.094641],[114.906484,37.094367],[114.906318,37.091445],[114.9117,37.088664],[114.910945,37.085675],[114.906576,37.083988],[114.902865,37.084603],[114.898971,37.086151],[114.898503,37.088139],[114.897738,37.086208],[114.894198,37.086791],[114.894842,37.088644],[114.884112,37.0909],[114.874854,37.090656],[114.873949,37.088945],[114.866456,37.090592],[114.865628,37.088049],[114.861882,37.089139],[114.860615,37.087206],[114.857038,37.087476],[114.856887,37.091],[114.838057,37.092239],[114.839071,37.097023],[114.833007,37.097727],[114.833067,37.099761],[114.828081,37.096367],[114.819215,37.096791],[114.811634,37.092658],[114.801144,37.094476],[114.800136,37.092892],[114.795891,37.093581],[114.795717,37.095976],[114.790837,37.096551],[114.778767,37.077071],[114.776429,37.070829],[114.774036,37.07377],[114.767296,37.074283],[114.766392,37.072384],[114.755786,37.071811],[114.751631,37.075651],[114.740697,37.075806],[114.740715,37.078449],[114.738696,37.079098],[114.727358,37.079887],[114.725984,37.086526],[114.720608,37.091129],[114.711697,37.088309],[114.708742,37.083712],[114.701109,37.082073],[114.692263,37.082821],[114.690911,37.08754],[114.68623,37.090211],[114.68565,37.092073],[114.685508,37.094999],[114.689473,37.096238],[114.689503,37.099636],[114.686422,37.099576],[114.682602,37.103507],[114.676364,37.105875],[114.664287,37.104426],[114.662256,37.101874],[114.66232,37.098946],[114.650777,37.097961],[114.642146,37.090608],[114.635742,37.091736],[114.635091,37.093479],[114.629069,37.096617],[114.628487,37.102278],[114.630809,37.107401],[114.630326,37.115634],[114.638558,37.11573],[114.639959,37.122122],[114.642974,37.122898],[114.644396,37.125239],[114.644619,37.129329],[114.643366,37.13316],[114.635868,37.13378],[114.632865,37.146435],[114.627105,37.149182],[114.626236,37.153087],[114.618641,37.153876],[114.618893,37.158426],[114.621136,37.160286],[114.623579,37.160013],[114.624419,37.165269],[114.627269,37.165293],[114.626981,37.166827],[114.623747,37.169314],[114.616315,37.171365],[114.604487,37.170252],[114.578819,37.186038],[114.574166,37.190582],[114.587526,37.216131],[114.589519,37.223072]]]}},{"type":"Feature","properties":{"dt_adcode":"130506"},"geometry":{"type":"Polygon","coordinates":[[[114.900695,37.08623],[114.899958,37.082427],[114.905602,37.082517],[114.905128,37.080084],[114.900695,37.076751],[114.896104,37.075856],[114.895865,37.074429],[114.892077,37.07381],[114.894942,37.069983],[114.894686,37.068467],[114.891341,37.067983],[114.890357,37.062113],[114.894426,37.061559],[114.894907,37.064606],[114.899507,37.064796],[114.908117,37.052963],[114.899482,37.051341],[114.896857,37.045166],[114.891413,37.046129],[114.890043,37.038963],[114.886359,37.0387],[114.881493,37.024074],[114.884525,37.013016],[114.882552,37.008421],[114.879438,37.008432],[114.879122,37.001887],[114.87456,37.001504],[114.8725,36.993113],[114.869093,36.993467],[114.868258,36.991273],[114.870317,36.990539],[114.870185,36.985462],[114.872424,36.983703],[114.879307,36.981198],[114.879455,36.979001],[114.88159,36.98058],[114.889819,36.976497],[114.888002,36.972642],[114.890428,36.97206],[114.89014,36.969483],[114.886422,36.964806],[114.87242,36.96614],[114.870212,36.967178],[114.870172,36.970012],[114.865638,36.970263],[114.862729,36.969695],[114.861768,36.965912],[114.847368,36.966682],[114.846735,36.963168],[114.843303,36.960385],[114.83658,36.959706],[114.838146,36.950889],[114.830223,36.946925],[114.824601,36.941845],[114.818161,36.934932],[114.81635,36.928931],[114.808492,36.929232],[114.807245,36.924301],[114.804517,36.924766],[114.802354,36.917869],[114.797131,36.915049],[114.7905,36.915409],[114.787501,36.913959],[114.781781,36.917278],[114.772699,36.92848],[114.765849,36.928216],[114.759452,36.92539],[114.759232,36.927752],[114.753229,36.92865],[114.751921,36.931065],[114.743407,36.9323],[114.743092,36.936495],[114.739257,36.93683],[114.736193,36.939144],[114.734596,36.942964],[114.730865,36.94269],[114.728738,36.938648],[114.718161,36.938128],[114.718082,36.932731],[114.7149,36.932722],[114.714716,36.928068],[114.708963,36.926722],[114.707855,36.923117],[114.709209,36.921741],[114.707161,36.918047],[114.700163,36.917641],[114.700177,36.915936],[114.695896,36.913614],[114.681926,36.914146],[114.659399,36.921237],[114.655849,36.923624],[114.655167,36.927862],[114.643211,36.925316],[114.639212,36.927343],[114.637939,36.933011],[114.633816,36.933157],[114.630984,36.935168],[114.644631,36.944458],[114.644706,36.950195],[114.639322,36.957751],[114.632234,36.958719],[114.6323,36.965891],[114.629053,36.964907],[114.629365,36.95898],[114.615605,36.956227],[114.615477,36.954164],[114.609657,36.954503],[114.605863,36.957236],[114.606841,36.963419],[114.605264,36.97011],[114.612768,36.974529],[114.613478,36.979775],[114.618537,36.97988],[114.61878,36.98208],[114.631175,36.982178],[114.631333,36.987369],[114.622673,36.986693],[114.622494,36.992624],[114.615192,36.997032],[114.613731,36.993849],[114.610589,36.993651],[114.609905,36.990953],[114.604399,36.989221],[114.596204,36.989434],[114.595759,36.988048],[114.597867,36.987842],[114.597962,36.986191],[114.593754,36.983794],[114.591075,36.985744],[114.592504,36.990139],[114.594727,36.990905],[114.596776,36.998951],[114.603691,37.000566],[114.60205,37.013893],[114.609588,37.018961],[114.609652,37.023063],[114.612475,37.027997],[114.617383,37.028494],[114.618087,37.030828],[114.625274,37.030993],[114.623136,37.039666],[114.624044,37.040894],[114.629979,37.041001],[114.6312,37.042826],[114.631283,37.044995],[114.629092,37.045139],[114.627574,37.047559],[114.629066,37.056724],[114.6271,37.060127],[114.62912,37.064223],[114.635163,37.064346],[114.634671,37.068237],[114.632542,37.068933],[114.630807,37.082361],[114.6283,37.084],[114.635742,37.091736],[114.642146,37.090608],[114.650777,37.097961],[114.66232,37.098946],[114.662256,37.101874],[114.664287,37.104426],[114.676364,37.105875],[114.682602,37.103507],[114.686422,37.099576],[114.689503,37.099636],[114.689473,37.096238],[114.685508,37.094999],[114.68565,37.092073],[114.68623,37.090211],[114.690911,37.08754],[114.692263,37.082821],[114.701109,37.082073],[114.708742,37.083712],[114.711697,37.088309],[114.720608,37.091129],[114.725984,37.086526],[114.727358,37.079887],[114.738696,37.079098],[114.740715,37.078449],[114.740697,37.075806],[114.751631,37.075651],[114.755786,37.071811],[114.766392,37.072384],[114.767296,37.074283],[114.774036,37.07377],[114.777231,37.070878],[114.778767,37.077071],[114.790837,37.096551],[114.795717,37.095976],[114.795891,37.093581],[114.800136,37.092892],[114.801144,37.094476],[114.811634,37.092658],[114.819215,37.096791],[114.828081,37.096367],[114.833067,37.099761],[114.833007,37.097727],[114.839071,37.097023],[114.838057,37.092239],[114.856887,37.091],[114.857038,37.087476],[114.860615,37.087206],[114.861882,37.089139],[114.865628,37.088049],[114.866456,37.090592],[114.873949,37.088945],[114.874854,37.090656],[114.884112,37.0909],[114.894842,37.088644],[114.894198,37.086791],[114.897738,37.086208],[114.898503,37.088139],[114.898971,37.086151],[114.900695,37.08623]]]}},{"type":"Feature","properties":{"dt_adcode":"130522"},"geometry":{"type":"Polygon","coordinates":[[[114.61321,37.55552],[114.604144,37.545841],[114.607081,37.54413],[114.610331,37.544681],[114.611335,37.541171],[114.60893,37.539291],[114.60776,37.534958],[114.611761,37.524553],[114.606206,37.523993],[114.607456,37.51184],[114.611583,37.506458],[114.610447,37.50325],[114.607559,37.504086],[114.604854,37.497704],[114.605013,37.493037],[114.602657,37.492816],[114.602482,37.490197],[114.616804,37.488934],[114.628079,37.490585],[114.622606,37.479343],[114.624168,37.457234],[114.625638,37.454083],[114.628166,37.453642],[114.626311,37.450587],[114.625731,37.439044],[114.626543,37.435274],[114.63219,37.432576],[114.629457,37.425606],[114.627538,37.423117],[114.62169,37.422549],[114.621263,37.414927],[114.614436,37.414923],[114.613564,37.41145],[114.609737,37.411519],[114.609121,37.413863],[114.58899,37.415258],[114.58305,37.411938],[114.571274,37.417327],[114.567758,37.415461],[114.566974,37.411873],[114.562556,37.409203],[114.566452,37.390004],[114.565469,37.387386],[114.570769,37.385295],[114.572589,37.378307],[114.564549,37.375521],[114.556148,37.375401],[114.545791,37.379606],[114.545482,37.377718],[114.541933,37.377273],[114.525287,37.379104],[114.524876,37.377077],[114.524044,37.379231],[114.522962,37.376788],[114.517567,37.377488],[114.509826,37.372162],[114.506804,37.365881],[114.500626,37.366299],[114.496947,37.361584],[114.492819,37.359338],[114.491207,37.355787],[114.492439,37.357431],[114.4925,37.355442],[114.492949,37.357455],[114.493084,37.354736],[114.494041,37.358043],[114.493726,37.353176],[114.496038,37.353864],[114.496471,37.350014],[114.489806,37.351291],[114.477107,37.348807],[114.469964,37.349408],[114.468022,37.351374],[114.467898,37.356257],[114.465585,37.357223],[114.465923,37.360959],[114.463313,37.360841],[114.462636,37.359029],[114.464814,37.366355],[114.463657,37.368896],[114.45655,37.372692],[114.451294,37.37362],[114.449274,37.375757],[114.444325,37.375141],[114.444923,37.373314],[114.443303,37.373164],[114.439298,37.376952],[114.441605,37.379441],[114.438121,37.3827],[114.435607,37.381727],[114.421789,37.382944],[114.4181,37.37279],[114.414512,37.37014],[114.414574,37.366043],[114.409874,37.363752],[114.412476,37.361793],[114.410323,37.357432],[114.410834,37.351486],[114.401264,37.351312],[114.399425,37.350609],[114.398988,37.34771],[114.390959,37.348531],[114.386365,37.349923],[114.386749,37.351358],[114.384252,37.35307],[114.383955,37.359338],[114.370124,37.359537],[114.369175,37.367091],[114.366937,37.371429],[114.368286,37.373573],[114.366211,37.37225],[114.364411,37.374638],[114.354726,37.379304],[114.330344,37.376647],[114.323281,37.37787],[114.31413,37.381254],[114.308162,37.385966],[114.303506,37.385447],[114.295618,37.388141],[114.28997,37.392656],[114.287147,37.399006],[114.287803,37.401336],[114.279053,37.4077],[114.273167,37.407524],[114.271995,37.406333],[114.273552,37.404665],[114.272042,37.403441],[114.26631,37.406701],[114.262576,37.406849],[114.259356,37.404201],[114.259343,37.400171],[114.250359,37.391682],[114.245266,37.358402],[114.239007,37.355804],[114.224174,37.366855],[114.214691,37.368117],[114.1962,37.361951],[114.183574,37.363181],[114.169652,37.372412],[114.158861,37.382136],[114.149619,37.39944],[114.14233,37.405764],[114.09051,37.431806],[114.08817,37.440805],[114.072651,37.438892],[114.069244,37.447288],[114.074213,37.457431],[114.077201,37.459121],[114.079766,37.467188],[114.085475,37.473188],[114.096447,37.490947],[114.101661,37.495487],[114.10344,37.496396],[114.111704,37.494964],[114.116523,37.488234],[114.126095,37.4814],[114.127871,37.488336],[114.133756,37.498896],[114.139372,37.497808],[114.145613,37.503141],[114.156178,37.505274],[114.157522,37.509203],[114.153338,37.510841],[114.154235,37.514375],[114.161004,37.511612],[114.162902,37.513386],[114.162284,37.516376],[114.156609,37.518374],[114.156898,37.521464],[114.158476,37.523231],[114.164324,37.521492],[114.166472,37.526016],[114.166101,37.528212],[114.155131,37.529971],[114.15284,37.535249],[114.157357,37.531979],[114.162699,37.531082],[114.16942,37.530709],[114.171751,37.532852],[114.176255,37.531087],[114.184595,37.530797],[114.196095,37.523274],[114.20127,37.524032],[114.205931,37.522677],[114.216213,37.510775],[114.220576,37.512686],[114.225094,37.511427],[114.226606,37.508897],[114.237652,37.508721],[114.239431,37.506761],[114.24858,37.506385],[114.255422,37.504069],[114.256505,37.500629],[114.259548,37.500802],[114.261493,37.497425],[114.265864,37.497487],[114.267461,37.49932],[114.271104,37.497702],[114.272923,37.494477],[114.282749,37.496741],[114.282992,37.494329],[114.286586,37.492841],[114.286319,37.501954],[114.290932,37.501853],[114.296011,37.505742],[114.301831,37.507033],[114.301251,37.508916],[114.303603,37.507802],[114.306988,37.501977],[114.31087,37.499965],[114.312014,37.502378],[114.316475,37.504443],[114.321776,37.501414],[114.334662,37.502943],[114.339299,37.505687],[114.340141,37.510657],[114.353768,37.514414],[114.354279,37.519187],[114.358272,37.519199],[114.370194,37.513619],[114.374117,37.522351],[114.372719,37.52964],[114.38552,37.531798],[114.387227,37.535341],[114.395037,37.541726],[114.401645,37.544011],[114.410037,37.5496],[114.421136,37.549918],[114.443361,37.555954],[114.453524,37.56033],[114.458461,37.563542],[114.458649,37.56522],[114.461976,37.565829],[114.47184,37.572249],[114.483478,37.576833],[114.501149,37.578239],[114.519943,37.574632],[114.539304,37.565867],[114.576259,37.554296],[114.594969,37.553109],[114.61321,37.55552]]]}},{"type":"Feature","properties":{"dt_adcode":"130523"},"geometry":{"type":"Polygon","coordinates":[[[114.145602,37.33066],[114.115075,37.324768],[114.097832,37.319337],[114.089556,37.320261],[114.059867,37.328758],[114.046214,37.334951],[114.035382,37.343012],[114.005609,37.356488],[113.975381,37.357241],[113.961809,37.362904],[113.964438,37.37908],[113.973881,37.403123],[113.995342,37.421117],[114.006138,37.421696],[114.014509,37.424602],[114.022694,37.435468],[114.028854,37.434872],[114.046997,37.438067],[114.061909,37.443466],[114.068719,37.441743],[114.074232,37.438356],[114.08817,37.440805],[114.09051,37.431806],[114.14233,37.405764],[114.149619,37.39944],[114.158861,37.382136],[114.169652,37.372412],[114.183574,37.363181],[114.1962,37.361951],[114.214691,37.368117],[114.224174,37.366855],[114.239007,37.355804],[114.245266,37.358402],[114.250359,37.391682],[114.259343,37.400171],[114.259356,37.404201],[114.262576,37.406849],[114.26631,37.406701],[114.272042,37.403441],[114.273552,37.404665],[114.271995,37.406333],[114.273167,37.407524],[114.279053,37.4077],[114.287803,37.401336],[114.287147,37.399006],[114.28997,37.392656],[114.295618,37.388141],[114.303506,37.385447],[114.308162,37.385966],[114.319276,37.379101],[114.330344,37.376647],[114.354726,37.379304],[114.364411,37.374638],[114.366211,37.37225],[114.368286,37.373573],[114.366937,37.371429],[114.369175,37.367091],[114.370124,37.359537],[114.383955,37.359338],[114.384252,37.35307],[114.386749,37.351358],[114.386365,37.349923],[114.398005,37.347616],[114.401264,37.351312],[114.410834,37.351486],[114.410323,37.357432],[114.412476,37.361793],[114.409874,37.363752],[114.414574,37.366043],[114.414512,37.37014],[114.4181,37.37279],[114.421789,37.382944],[114.435607,37.381727],[114.438121,37.3827],[114.441605,37.379441],[114.439298,37.376952],[114.443303,37.373164],[114.444923,37.373314],[114.444325,37.375141],[114.449274,37.375757],[114.451294,37.37362],[114.460283,37.371214],[114.464814,37.366355],[114.462636,37.359029],[114.463313,37.360841],[114.465923,37.360959],[114.465585,37.357223],[114.467898,37.356257],[114.468022,37.351374],[114.472488,37.34862],[114.489806,37.351291],[114.496471,37.350014],[114.496038,37.353864],[114.493726,37.353176],[114.494041,37.358043],[114.493084,37.354736],[114.492949,37.357455],[114.4925,37.355442],[114.492439,37.357431],[114.491207,37.355787],[114.492819,37.359338],[114.496947,37.361584],[114.500626,37.366299],[114.506804,37.365881],[114.509826,37.372162],[114.517567,37.377488],[114.522962,37.376788],[114.524044,37.379231],[114.524876,37.377077],[114.525287,37.379104],[114.541933,37.377273],[114.545482,37.377718],[114.545791,37.379606],[114.556148,37.375401],[114.564549,37.375521],[114.582749,37.381433],[114.599247,37.383188],[114.601508,37.382686],[114.600925,37.375654],[114.607747,37.377197],[114.616867,37.376137],[114.621104,37.374713],[114.621327,37.372606],[114.617355,37.360706],[114.611583,37.360782],[114.611135,37.354461],[114.609436,37.354485],[114.609537,37.35746],[114.606621,37.357436],[114.606682,37.354004],[114.60519,37.357402],[114.603594,37.357407],[114.602981,37.353771],[114.600208,37.354474],[114.592704,37.348463],[114.592174,37.345443],[114.588264,37.346146],[114.58661,37.341718],[114.58302,37.341761],[114.58036,37.332924],[114.588403,37.312144],[114.595384,37.306026],[114.631426,37.297569],[114.642179,37.292588],[114.647139,37.292023],[114.650494,37.288483],[114.650501,37.284304],[114.64598,37.283136],[114.639225,37.278044],[114.639831,37.275096],[114.637444,37.274925],[114.634989,37.264289],[114.627139,37.262642],[114.62394,37.263767],[114.61272,37.256931],[114.605097,37.249064],[114.589519,37.223072],[114.587526,37.216131],[114.574166,37.190582],[114.565191,37.179043],[114.558385,37.176472],[114.511088,37.170836],[114.499089,37.171888],[114.488214,37.174787],[114.477276,37.180198],[114.455181,37.187116],[114.424771,37.193234],[114.411799,37.19905],[114.401943,37.205816],[114.392569,37.217615],[114.367794,37.239987],[114.360528,37.244705],[114.339113,37.253808],[114.324391,37.257722],[114.288857,37.253801],[114.274441,37.25773],[114.258066,37.274017],[114.247312,37.28213],[114.239026,37.295773],[114.235041,37.30902],[114.229773,37.314683],[114.210693,37.309873],[114.204477,37.305909],[114.19821,37.304231],[114.192152,37.306908],[114.188016,37.313281],[114.183717,37.327666],[114.176588,37.340876],[114.145602,37.33066]]]}},{"type":"Feature","properties":{"dt_adcode":"130524"},"geometry":{"type":"Polygon","coordinates":[[[114.61321,37.55552],[114.646775,37.556214],[114.674925,37.564108],[114.687039,37.565167],[114.687777,37.57274],[114.694868,37.5813],[114.698792,37.589364],[114.707346,37.615804],[114.714849,37.617194],[114.717252,37.621409],[114.716006,37.625983],[114.716991,37.627134],[114.725981,37.630678],[114.764317,37.624434],[114.771297,37.6019],[114.783773,37.570155],[114.783416,37.552636],[114.777725,37.533224],[114.781896,37.526917],[114.787215,37.498116],[114.778647,37.482496],[114.771396,37.476427],[114.764342,37.473152],[114.764041,37.453171],[114.766971,37.449683],[114.772657,37.449122],[114.77212,37.43701],[114.761289,37.438672],[114.760177,37.431724],[114.752917,37.428973],[114.750856,37.423956],[114.721172,37.426899],[114.719525,37.429779],[114.701794,37.434949],[114.692764,37.433631],[114.678982,37.429506],[114.656082,37.409848],[114.650689,37.406878],[114.645766,37.405945],[114.629836,37.408335],[114.629748,37.412593],[114.625245,37.413476],[114.624116,37.416942],[114.621474,37.417329],[114.62169,37.422549],[114.627538,37.423117],[114.632087,37.430676],[114.63219,37.432576],[114.626543,37.435274],[114.625731,37.439044],[114.626311,37.450587],[114.628166,37.453642],[114.625638,37.454083],[114.624168,37.457234],[114.622606,37.479343],[114.628079,37.490585],[114.616804,37.488934],[114.602482,37.490197],[114.602657,37.492816],[114.605013,37.493037],[114.604854,37.497704],[114.607559,37.504086],[114.610447,37.50325],[114.611583,37.506458],[114.607456,37.51184],[114.606206,37.523993],[114.611761,37.524553],[114.60776,37.534958],[114.60893,37.539291],[114.611335,37.541171],[114.610331,37.544681],[114.607081,37.54413],[114.604144,37.545841],[114.61321,37.55552]]]}},{"type":"Feature","properties":{"dt_adcode":"130525"},"geometry":{"type":"Polygon","coordinates":[[[115.018044,37.406685],[115.015007,37.406512],[115.014817,37.40507],[115.020565,37.404846],[115.018305,37.386262],[115.008268,37.382193],[114.995044,37.368728],[114.990984,37.369415],[114.99006,37.365978],[114.983476,37.367838],[114.979895,37.359245],[114.980309,37.350842],[114.975731,37.342441],[114.969276,37.340896],[114.969446,37.336332],[114.974265,37.334513],[114.972561,37.332734],[114.972232,37.328294],[114.975683,37.327937],[114.976453,37.323661],[114.973296,37.321766],[114.973341,37.324811],[114.971087,37.325549],[114.969105,37.32279],[114.969202,37.326001],[114.967772,37.326557],[114.965967,37.324956],[114.957277,37.325971],[114.954008,37.328314],[114.955994,37.333349],[114.948797,37.336488],[114.946727,37.332391],[114.946514,37.324843],[114.9512,37.323737],[114.948891,37.319468],[114.95215,37.318262],[114.952607,37.314535],[114.955313,37.313989],[114.942116,37.298368],[114.924971,37.282734],[114.916413,37.284137],[114.916427,37.280516],[114.913343,37.280591],[114.914314,37.278024],[114.906809,37.280796],[114.904247,37.276238],[114.901396,37.276574],[114.900827,37.272006],[114.890327,37.273251],[114.882557,37.27723],[114.875768,37.276186],[114.875062,37.269416],[114.868058,37.266613],[114.878151,37.266493],[114.877666,37.263142],[114.881476,37.263022],[114.881244,37.26035],[114.883498,37.260271],[114.883873,37.255819],[114.886981,37.255757],[114.885282,37.252208],[114.875563,37.250832],[114.875671,37.253679],[114.873893,37.253664],[114.873474,37.251812],[114.868569,37.252666],[114.869169,37.254808],[114.866176,37.255243],[114.864539,37.250511],[114.855712,37.251779],[114.856049,37.253251],[114.851723,37.255794],[114.852574,37.258018],[114.847464,37.259897],[114.849343,37.26465],[114.852603,37.264252],[114.853049,37.266405],[114.84265,37.267692],[114.843063,37.269114],[114.83788,37.270719],[114.835495,37.266683],[114.829074,37.268426],[114.820267,37.271499],[114.822836,37.273242],[114.819671,37.274526],[114.820093,37.27846],[114.792349,37.286853],[114.784357,37.284278],[114.779249,37.280114],[114.765271,37.2516],[114.75113,37.236133],[114.742028,37.229863],[114.714112,37.225993],[114.711789,37.223214],[114.704211,37.223047],[114.703446,37.221304],[114.685919,37.220144],[114.685748,37.214008],[114.678986,37.209798],[114.679213,37.205833],[114.669476,37.201344],[114.663517,37.20797],[114.653337,37.202199],[114.654303,37.205041],[114.64627,37.205879],[114.646801,37.212292],[114.653352,37.212746],[114.647477,37.215783],[114.64476,37.216088],[114.642921,37.213433],[114.633929,37.212743],[114.632326,37.21337],[114.632603,37.216596],[114.628168,37.216814],[114.626758,37.219725],[114.598706,37.215778],[114.598745,37.222524],[114.59248,37.22478],[114.589519,37.223072],[114.605097,37.249064],[114.61272,37.256931],[114.62394,37.263767],[114.627139,37.262642],[114.634989,37.264289],[114.637444,37.274925],[114.639831,37.275096],[114.639225,37.278044],[114.64598,37.283136],[114.64926,37.283041],[114.650494,37.288483],[114.647139,37.292023],[114.642179,37.292588],[114.631426,37.297569],[114.595384,37.306026],[114.588403,37.312144],[114.58036,37.332924],[114.58302,37.341761],[114.58661,37.341718],[114.588264,37.346146],[114.592174,37.345443],[114.592704,37.348463],[114.600208,37.354474],[114.602981,37.353771],[114.603594,37.357407],[114.60519,37.357402],[114.606682,37.354004],[114.606621,37.357436],[114.609537,37.35746],[114.609436,37.354485],[114.611135,37.354461],[114.611583,37.360782],[114.617355,37.360706],[114.620445,37.367737],[114.621104,37.374713],[114.607747,37.377197],[114.600925,37.375654],[114.601508,37.382686],[114.599247,37.383188],[114.582749,37.381433],[114.572589,37.378307],[114.570769,37.385295],[114.565469,37.387386],[114.566452,37.390004],[114.562556,37.409203],[114.566974,37.411873],[114.567758,37.415461],[114.571274,37.417327],[114.58305,37.411938],[114.58899,37.415258],[114.609121,37.413863],[114.609737,37.411519],[114.613564,37.41145],[114.614436,37.414923],[114.619656,37.414036],[114.621474,37.417329],[114.624116,37.416942],[114.625245,37.413476],[114.629748,37.412593],[114.629836,37.408335],[114.645766,37.405945],[114.656082,37.409848],[114.678982,37.429506],[114.692764,37.433631],[114.701794,37.434949],[114.719525,37.429779],[114.721172,37.426899],[114.750856,37.423956],[114.752917,37.428973],[114.760177,37.431724],[114.761289,37.438672],[114.77212,37.43701],[114.772657,37.449122],[114.766971,37.449683],[114.764041,37.453171],[114.764342,37.473152],[114.771396,37.476427],[114.778647,37.482496],[114.787215,37.498116],[114.781896,37.526917],[114.777725,37.533224],[114.783416,37.552636],[114.789501,37.54821],[114.795931,37.539551],[114.812721,37.528663],[114.818827,37.522289],[114.825756,37.518664],[114.839716,37.50271],[114.8444,37.495182],[114.867035,37.473095],[114.871948,37.469914],[114.879056,37.469272],[114.880332,37.466614],[114.88368,37.465443],[114.897606,37.464663],[114.897473,37.466675],[114.906165,37.470792],[114.910254,37.469332],[114.909606,37.467364],[114.912993,37.465795],[114.909189,37.460905],[114.905024,37.462611],[114.904365,37.460158],[114.906818,37.45496],[114.901651,37.455019],[114.901716,37.456796],[114.899631,37.456839],[114.89655,37.454352],[114.880866,37.454076],[114.880245,37.452264],[114.873664,37.451089],[114.874575,37.45693],[114.865109,37.459069],[114.858415,37.462483],[114.858413,37.463774],[114.862634,37.464793],[114.86071,37.468284],[114.853053,37.46628],[114.851827,37.463476],[114.832193,37.471304],[114.831799,37.469607],[114.840034,37.466327],[114.839464,37.463768],[114.845924,37.46252],[114.845311,37.460112],[114.867868,37.454592],[114.870872,37.447404],[114.874253,37.44421],[114.885574,37.448465],[114.886865,37.444649],[114.898205,37.445428],[114.897661,37.448197],[114.909664,37.449084],[114.914362,37.445724],[114.925377,37.44367],[114.934892,37.439463],[114.95222,37.442649],[114.957017,37.440527],[114.959821,37.442565],[114.97622,37.433578],[114.979137,37.435399],[114.978994,37.433464],[114.983133,37.43317],[114.983398,37.426053],[114.98642,37.426111],[114.994402,37.421831],[115.00282,37.410109],[115.012666,37.409932],[115.018242,37.408046],[115.018044,37.406685]]]}},{"type":"Feature","properties":{"dt_adcode":"130528"},"geometry":{"type":"Polygon","coordinates":[[[115.256464,37.645794],[115.246029,37.644854],[115.238845,37.647369],[115.226865,37.648632],[115.226865,37.652565],[115.223549,37.652352],[115.22337,37.654866],[115.220323,37.65433],[115.221008,37.646957],[115.202946,37.637138],[115.196959,37.630473],[115.193579,37.621759],[115.192971,37.61098],[115.191581,37.60884],[115.183764,37.607369],[115.18334,37.605068],[115.179642,37.604864],[115.179277,37.601851],[115.172741,37.60057],[115.17306,37.598928],[115.180589,37.597022],[115.181734,37.592682],[115.186555,37.592122],[115.18958,37.586955],[115.188334,37.583411],[115.189564,37.578742],[115.191759,37.577112],[115.193431,37.581266],[115.195774,37.580205],[115.195671,37.577562],[115.200574,37.572474],[115.20013,37.568024],[115.188323,37.563104],[115.187586,37.560235],[115.171171,37.546206],[115.152411,37.540941],[115.145361,37.542097],[115.144693,37.540116],[115.142162,37.539281],[115.140571,37.530674],[115.124943,37.523938],[115.098982,37.528063],[115.096392,37.514398],[115.099982,37.513166],[115.096593,37.508148],[115.099911,37.507677],[115.099323,37.505815],[115.105107,37.504396],[115.108998,37.500872],[115.103723,37.49372],[115.096104,37.475124],[115.088264,37.447816],[115.088602,37.441178],[115.098056,37.435911],[115.108614,37.436743],[115.113646,37.433785],[115.116422,37.428487],[115.121809,37.426438],[115.116168,37.409027],[115.112749,37.405116],[115.107306,37.403485],[115.089198,37.403614],[115.067619,37.406346],[115.067419,37.409699],[115.061026,37.412243],[115.056649,37.410331],[115.048942,37.412323],[115.039134,37.411858],[115.031365,37.415441],[115.01833,37.417598],[115.018131,37.411307],[115.021308,37.410037],[115.020747,37.406581],[115.012666,37.409932],[115.00282,37.410109],[114.994402,37.421831],[114.98642,37.426111],[114.983398,37.426053],[114.983133,37.43317],[114.978994,37.433464],[114.979137,37.435399],[114.97622,37.433578],[114.959821,37.442565],[114.957017,37.440527],[114.95222,37.442649],[114.934892,37.439463],[114.925377,37.44367],[114.914362,37.445724],[114.909664,37.449084],[114.897661,37.448197],[114.898205,37.445428],[114.886865,37.444649],[114.885574,37.448465],[114.874253,37.44421],[114.870872,37.447404],[114.867868,37.454592],[114.845311,37.460112],[114.845924,37.46252],[114.839464,37.463768],[114.840034,37.466327],[114.831799,37.469607],[114.832193,37.471304],[114.851827,37.463476],[114.853053,37.46628],[114.86071,37.468284],[114.862634,37.464793],[114.858413,37.463774],[114.858415,37.462483],[114.865109,37.459069],[114.874575,37.45693],[114.873664,37.451089],[114.880245,37.452264],[114.880866,37.454076],[114.89655,37.454352],[114.899631,37.456839],[114.901716,37.456796],[114.901651,37.455019],[114.906818,37.45496],[114.904365,37.460158],[114.905024,37.462611],[114.909189,37.460905],[114.912993,37.465795],[114.909606,37.467364],[114.910254,37.469332],[114.906165,37.470792],[114.897473,37.466675],[114.897606,37.464663],[114.88368,37.465443],[114.880332,37.466614],[114.879056,37.469272],[114.871948,37.469914],[114.867035,37.473095],[114.8444,37.495182],[114.839716,37.50271],[114.825756,37.518664],[114.818827,37.522289],[114.812721,37.528663],[114.795931,37.539551],[114.789501,37.54821],[114.783416,37.552636],[114.783773,37.570155],[114.771297,37.6019],[114.764317,37.624434],[114.781885,37.627174],[114.781223,37.630824],[114.796562,37.627593],[114.798417,37.632598],[114.80064,37.631062],[114.803781,37.634174],[114.801801,37.642713],[114.805329,37.650894],[114.808214,37.652379],[114.808599,37.659826],[114.814681,37.661134],[114.817443,37.664526],[114.817971,37.668131],[114.820388,37.669837],[114.826785,37.669975],[114.829162,37.675488],[114.832283,37.673342],[114.831157,37.677886],[114.841497,37.676131],[114.842883,37.678796],[114.840853,37.686057],[114.842513,37.6855],[114.846474,37.690521],[114.847794,37.696726],[114.856172,37.698197],[114.861226,37.696725],[114.863488,37.702715],[114.871017,37.702148],[114.871336,37.706761],[114.873495,37.705333],[114.875885,37.706277],[114.881389,37.716125],[114.887935,37.715971],[114.895996,37.712522],[114.897633,37.713309],[114.898043,37.716759],[114.900386,37.717707],[114.903838,37.724356],[114.904056,37.729313],[114.908519,37.728682],[114.914602,37.730281],[114.919366,37.728048],[114.931827,37.728874],[114.933318,37.732747],[114.935102,37.726666],[114.938601,37.726081],[114.938906,37.721825],[114.96018,37.720054],[114.967867,37.724647],[114.971576,37.729405],[114.976205,37.730401],[114.979739,37.738641],[114.983197,37.738434],[114.983723,37.741897],[114.98753,37.742685],[114.987905,37.738246],[114.990804,37.735747],[115.001777,37.734707],[115.004417,37.736389],[115.005885,37.741065],[115.011876,37.741772],[115.012508,37.751544],[115.009051,37.751708],[115.007556,37.754475],[115.011346,37.75452],[115.014294,37.752069],[115.014725,37.748954],[115.01911,37.74902],[115.023996,37.745548],[115.032048,37.745143],[115.03329,37.743782],[115.032086,37.73975],[115.041021,37.733561],[115.055737,37.740111],[115.056629,37.741963],[115.069236,37.744605],[115.067284,37.754623],[115.069884,37.754982],[115.066796,37.770943],[115.068579,37.771249],[115.068705,37.773433],[115.085288,37.779235],[115.084558,37.783848],[115.072064,37.786136],[115.069455,37.789921],[115.072287,37.794126],[115.086191,37.796028],[115.093026,37.795115],[115.092909,37.797554],[115.097212,37.797488],[115.097468,37.807828],[115.108479,37.810015],[115.108772,37.812657],[115.119708,37.812803],[115.122978,37.811474],[115.124572,37.804949],[115.130198,37.803986],[115.131189,37.79979],[115.134004,37.799151],[115.135238,37.801027],[115.143566,37.801889],[115.143422,37.805101],[115.146412,37.804482],[115.145948,37.807252],[115.151858,37.807854],[115.152425,37.804202],[115.149583,37.804193],[115.149976,37.801046],[115.152809,37.801414],[115.154578,37.793998],[115.161969,37.78668],[115.159562,37.7864],[115.160265,37.780262],[115.149643,37.775062],[115.152746,37.759535],[115.154754,37.759629],[115.155666,37.762899],[115.160442,37.759272],[115.167899,37.758517],[115.170283,37.751467],[115.172589,37.749348],[115.177301,37.750537],[115.186976,37.745544],[115.188054,37.74803],[115.193063,37.748857],[115.193095,37.747341],[115.197664,37.746943],[115.199386,37.740564],[115.208754,37.740364],[115.213196,37.736239],[115.219078,37.737384],[115.219306,37.73448],[115.227295,37.73258],[115.227776,37.729502],[115.229644,37.729541],[115.230038,37.725811],[115.234314,37.726011],[115.235054,37.722898],[115.243262,37.72265],[115.243235,37.718683],[115.245414,37.716958],[115.248126,37.703819],[115.252852,37.701974],[115.25853,37.689289],[115.261459,37.688207],[115.262219,37.674496],[115.253801,37.671394],[115.257516,37.654136],[115.256464,37.645794]]]}},{"type":"Feature","properties":{"dt_adcode":"130529"},"geometry":{"type":"Polygon","coordinates":[[[114.847464,37.259897],[114.852574,37.258018],[114.851723,37.255794],[114.856049,37.253251],[114.855712,37.251779],[114.864539,37.250511],[114.866176,37.255243],[114.869169,37.254808],[114.868569,37.252666],[114.873474,37.251812],[114.873893,37.253664],[114.875671,37.253679],[114.875563,37.250832],[114.885282,37.252208],[114.886981,37.255757],[114.883873,37.255819],[114.883498,37.260271],[114.881244,37.26035],[114.881476,37.263022],[114.877666,37.263142],[114.878151,37.266493],[114.868058,37.266613],[114.875062,37.269416],[114.875768,37.276186],[114.879076,37.277659],[114.890327,37.273251],[114.900827,37.272006],[114.901396,37.276574],[114.904247,37.276238],[114.906809,37.280796],[114.914314,37.278024],[114.913343,37.280591],[114.916427,37.280516],[114.916413,37.284137],[114.924971,37.282734],[114.942116,37.298368],[114.955313,37.313989],[114.952607,37.314535],[114.95215,37.318262],[114.948891,37.319468],[114.9512,37.323737],[114.946514,37.324843],[114.946727,37.332391],[114.948797,37.336488],[114.955994,37.333349],[114.954008,37.328314],[114.957277,37.325971],[114.965967,37.324956],[114.967772,37.326557],[114.969202,37.326001],[114.969105,37.32279],[114.971087,37.325549],[114.973341,37.324811],[114.973296,37.321766],[114.976453,37.323661],[114.975683,37.327937],[114.972232,37.328294],[114.972561,37.332734],[114.974265,37.334513],[114.969446,37.336332],[114.969276,37.340896],[114.975731,37.342441],[114.980309,37.350842],[114.979895,37.359245],[114.983476,37.367838],[114.99006,37.365978],[114.990984,37.369415],[114.995044,37.368728],[115.008268,37.382193],[115.018305,37.386262],[115.020565,37.404846],[115.014817,37.40507],[115.015007,37.406512],[115.020747,37.406581],[115.021308,37.410037],[115.018131,37.411307],[115.01833,37.417598],[115.031365,37.415441],[115.039134,37.411858],[115.048942,37.412323],[115.056649,37.410331],[115.061026,37.412243],[115.067419,37.409699],[115.067619,37.406346],[115.089198,37.403614],[115.107306,37.403485],[115.112749,37.405116],[115.116168,37.409027],[115.121809,37.426438],[115.154679,37.413776],[115.160699,37.40153],[115.161415,37.394872],[115.174001,37.393676],[115.177334,37.39785],[115.181259,37.411239],[115.192869,37.41059],[115.19139,37.403012],[115.194054,37.402905],[115.192726,37.396704],[115.194451,37.369686],[115.19328,37.359275],[115.172647,37.352075],[115.173183,37.345987],[115.178683,37.340371],[115.201715,37.334628],[115.207754,37.330545],[115.209261,37.321172],[115.207613,37.311231],[115.203272,37.305089],[115.203592,37.301393],[115.211701,37.289991],[115.217672,37.288436],[115.224695,37.298051],[115.227962,37.279271],[115.226279,37.273771],[115.222004,37.270088],[115.214004,37.267085],[115.188263,37.264261],[115.169657,37.265126],[115.163949,37.263508],[115.156576,37.253858],[115.154903,37.248355],[115.154088,37.241938],[115.155846,37.235529],[115.165087,37.226371],[115.166609,37.226689],[115.167506,37.230057],[115.172609,37.231164],[115.174041,37.227901],[115.178954,37.226312],[115.180738,37.222811],[115.183629,37.222336],[115.183045,37.218412],[115.178379,37.212778],[115.171084,37.211034],[115.165849,37.212531],[115.161301,37.211954],[115.126657,37.196696],[115.121253,37.192549],[115.119871,37.183766],[115.123438,37.17957],[115.131642,37.176064],[115.12989,37.170183],[115.122863,37.170092],[115.119211,37.167701],[115.117026,37.154702],[115.113268,37.14926],[115.121394,37.147246],[115.119763,37.14026],[115.115781,37.140582],[115.116347,37.134693],[115.114196,37.129216],[115.105979,37.128271],[115.104444,37.130961],[115.095142,37.132412],[115.094529,37.130747],[115.093635,37.131591],[115.091223,37.129842],[115.089779,37.12477],[115.051292,37.128762],[115.043771,37.134671],[115.015559,37.134288],[114.996161,37.14923],[114.985783,37.153261],[114.956702,37.159645],[114.92811,37.162954],[114.922345,37.167341],[114.914507,37.170588],[114.91282,37.166631],[114.904249,37.16728],[114.904076,37.169584],[114.899973,37.172329],[114.89399,37.173145],[114.894954,37.17896],[114.896764,37.18006],[114.895407,37.181741],[114.895443,37.191944],[114.898034,37.193932],[114.898547,37.197819],[114.898368,37.203568],[114.893466,37.204061],[114.893795,37.20545],[114.897931,37.205389],[114.887539,37.21431],[114.879166,37.216286],[114.878355,37.223894],[114.883056,37.224888],[114.883653,37.230346],[114.877733,37.234701],[114.876918,37.242628],[114.867604,37.243106],[114.863334,37.241474],[114.858032,37.244475],[114.847331,37.245935],[114.845913,37.251789],[114.842563,37.251906],[114.844393,37.255262],[114.845723,37.255032],[114.847464,37.259897]]]}},{"type":"Feature","properties":{"dt_adcode":"130530"},"geometry":{"type":"MultiPolygon","coordinates":[[[[115.292183,37.399217],[115.288814,37.391952],[115.285953,37.392404],[115.285197,37.396892],[115.275536,37.398934],[115.27506,37.404166],[115.277687,37.404124],[115.278952,37.408044],[115.281701,37.406484],[115.282326,37.409699],[115.28473,37.409092],[115.284621,37.406695],[115.285849,37.406733],[115.286196,37.409071],[115.291008,37.408359],[115.292183,37.399217]]],[[[115.193167,37.562287],[115.201922,37.55596],[115.215395,37.562276],[115.218362,37.559864],[115.224842,37.568299],[115.237246,37.575476],[115.247159,37.577653],[115.282601,37.575974],[115.30721,37.563927],[115.314456,37.558704],[115.325471,37.550303],[115.330421,37.544149],[115.343516,37.536798],[115.354102,37.523753],[115.360854,37.523945],[115.36169,37.527597],[115.358333,37.536616],[115.359441,37.558705],[115.36466,37.559525],[115.367572,37.551334],[115.370818,37.551273],[115.3738,37.548143],[115.372172,37.544087],[115.377918,37.541112],[115.405771,37.535978],[115.40861,37.532484],[115.410058,37.523271],[115.415517,37.522999],[115.414569,37.520576],[115.417527,37.52035],[115.4172,37.516299],[115.422708,37.516929],[115.42268,37.514006],[115.425531,37.513776],[115.425448,37.510983],[115.429359,37.511614],[115.431069,37.510432],[115.430989,37.506796],[115.428119,37.507353],[115.428542,37.503808],[115.431996,37.50456],[115.43587,37.511758],[115.43567,37.508973],[115.442375,37.508056],[115.441164,37.504203],[115.455309,37.501798],[115.455269,37.499644],[115.448392,37.500224],[115.447681,37.496211],[115.438506,37.496104],[115.436216,37.496777],[115.435878,37.499658],[115.432582,37.500143],[115.431353,37.497429],[115.436178,37.494322],[115.42899,37.495919],[115.424397,37.492893],[115.421674,37.495714],[115.423233,37.499758],[115.426138,37.500247],[115.426066,37.50627],[115.417467,37.50552],[115.402043,37.510138],[115.399936,37.507389],[115.400377,37.502664],[115.398465,37.502027],[115.397966,37.497357],[115.402675,37.497149],[115.402983,37.494489],[115.409485,37.494472],[115.412541,37.495233],[115.413649,37.497766],[115.416848,37.497532],[115.416563,37.493722],[115.409887,37.491914],[115.408014,37.487346],[115.412953,37.487268],[115.413065,37.484813],[115.414515,37.484453],[115.416415,37.487389],[115.42158,37.487347],[115.420995,37.485484],[115.417295,37.485544],[115.415183,37.481837],[115.409406,37.480434],[115.410688,37.476453],[115.422584,37.474957],[115.42316,37.485534],[115.425125,37.485424],[115.428276,37.479652],[115.427682,37.476241],[115.433377,37.474302],[115.431486,37.469581],[115.419363,37.467415],[115.404156,37.462068],[115.360069,37.461423],[115.347179,37.454954],[115.344672,37.450869],[115.345098,37.448169],[115.343032,37.446494],[115.327197,37.447933],[115.322336,37.441787],[115.307759,37.442118],[115.306704,37.439264],[115.30289,37.439055],[115.304002,37.433273],[115.309005,37.433185],[115.308836,37.429901],[115.311717,37.42663],[115.319568,37.425334],[115.316909,37.414174],[115.320087,37.410159],[115.324444,37.410774],[115.324385,37.404325],[115.321229,37.404531],[115.321124,37.406399],[115.31845,37.406777],[115.316836,37.404186],[115.306754,37.405589],[115.305117,37.40792],[115.300132,37.40972],[115.301484,37.413554],[115.295376,37.415995],[115.295445,37.423521],[115.30058,37.424246],[115.300472,37.430517],[115.298118,37.432651],[115.29366,37.432884],[115.293796,37.438735],[115.291072,37.438983],[115.290325,37.440879],[115.288349,37.4409],[115.288542,37.443438],[115.285943,37.443847],[115.283953,37.443266],[115.283591,37.440764],[115.283993,37.429878],[115.280662,37.427512],[115.279345,37.429382],[115.276868,37.42826],[115.260058,37.4338],[115.222986,37.435725],[115.216341,37.433919],[115.212664,37.435859],[115.208716,37.435654],[115.19979,37.4301],[115.198717,37.426351],[115.190083,37.423029],[115.15971,37.419229],[115.159321,37.426165],[115.156153,37.427956],[115.153466,37.423465],[115.146876,37.420814],[115.147114,37.418216],[115.14423,37.418078],[115.116422,37.428487],[115.113646,37.433785],[115.108614,37.436743],[115.098056,37.435911],[115.088602,37.441178],[115.088264,37.447816],[115.096104,37.475124],[115.103723,37.49372],[115.108998,37.500872],[115.105107,37.504396],[115.099323,37.505815],[115.099911,37.507677],[115.096593,37.508148],[115.099982,37.513166],[115.096392,37.514398],[115.098982,37.528063],[115.116604,37.525677],[115.119771,37.523839],[115.129907,37.525528],[115.140571,37.530674],[115.142162,37.539281],[115.144693,37.540116],[115.145361,37.542097],[115.152411,37.540941],[115.171171,37.546206],[115.187586,37.560235],[115.193167,37.562287]]]]}},{"type":"Feature","properties":{"dt_adcode":"130531"},"geometry":{"type":"Polygon","coordinates":[[[115.126728,36.979434],[115.127437,36.983027],[115.126264,36.984985],[115.124363,36.985019],[115.123749,36.988728],[115.124169,36.991416],[115.125529,36.991193],[115.125841,36.996351],[115.123844,36.999295],[115.121586,36.999459],[115.120172,37.004005],[115.117152,37.004324],[115.119747,37.01627],[115.113382,37.016055],[115.112204,37.039687],[115.110458,37.045566],[115.115822,37.048786],[115.114835,37.055464],[115.107381,37.055961],[115.111466,37.070408],[115.109367,37.070499],[115.109943,37.075331],[115.115334,37.074546],[115.116691,37.076562],[115.116019,37.0901],[115.109979,37.093967],[115.110333,37.11259],[115.104323,37.118812],[115.105979,37.128271],[115.114196,37.129216],[115.116347,37.134693],[115.115781,37.140582],[115.119763,37.14026],[115.120263,37.141817],[115.121394,37.147246],[115.113268,37.14926],[115.117026,37.154702],[115.119211,37.167701],[115.122863,37.170092],[115.12989,37.170183],[115.131441,37.173315],[115.131642,37.176064],[115.123438,37.17957],[115.119871,37.183766],[115.121253,37.192549],[115.126657,37.196696],[115.161301,37.211954],[115.174899,37.211574],[115.180993,37.214802],[115.183629,37.222336],[115.180738,37.222811],[115.178954,37.226312],[115.174041,37.227901],[115.172609,37.231164],[115.170762,37.231274],[115.167506,37.230057],[115.166609,37.226689],[115.165087,37.226371],[115.155846,37.235529],[115.154088,37.241938],[115.154903,37.248355],[115.156576,37.253858],[115.163949,37.263508],[115.169657,37.265126],[115.188263,37.264261],[115.214004,37.267085],[115.222004,37.270088],[115.226279,37.273771],[115.227962,37.279271],[115.224695,37.298051],[115.256899,37.297838],[115.261145,37.292458],[115.272974,37.283114],[115.279916,37.272611],[115.274045,37.247731],[115.274631,37.235085],[115.278951,37.227147],[115.284271,37.226411],[115.2871,37.220726],[115.300402,37.218851],[115.301773,37.214951],[115.301306,37.21243],[115.298049,37.211947],[115.297639,37.209044],[115.295257,37.209147],[115.294984,37.206886],[115.288587,37.207641],[115.285484,37.206016],[115.281644,37.208415],[115.274868,37.199042],[115.269715,37.196494],[115.256271,37.193459],[115.243947,37.193869],[115.237977,37.186972],[115.236597,37.178261],[115.231521,37.164268],[115.227946,37.14134],[115.234571,37.134719],[115.238889,37.120454],[115.246463,37.111659],[115.257199,37.106863],[115.26458,37.107291],[115.266847,37.108798],[115.274572,37.122414],[115.280595,37.125055],[115.285897,37.120253],[115.288539,37.11527],[115.277358,37.091671],[115.279286,37.071885],[115.278181,37.064097],[115.275669,37.05308],[115.268325,37.034947],[115.259248,37.021614],[115.237854,37.016034],[115.229891,37.009591],[115.233073,37.003186],[115.23852,36.999768],[115.248011,36.987199],[115.24708,36.979791],[115.240873,36.979354],[115.241806,36.974689],[115.239094,36.974979],[115.239019,36.971214],[115.243116,36.971277],[115.246428,36.969291],[115.248723,36.963511],[115.248085,36.955453],[115.237944,36.951853],[115.230345,36.952914],[115.229146,36.954632],[115.226542,36.954642],[115.226556,36.952351],[115.224028,36.952408],[115.223128,36.9548],[115.222723,36.951548],[115.204256,36.951499],[115.204373,36.938816],[115.206568,36.938147],[115.207102,36.943888],[115.210034,36.943753],[115.209912,36.942159],[115.218009,36.942356],[115.217982,36.939978],[115.22025,36.939697],[115.220084,36.942165],[115.231194,36.942298],[115.231425,36.939837],[115.240093,36.940711],[115.242905,36.943866],[115.249829,36.939154],[115.255478,36.937947],[115.255731,36.935109],[115.257815,36.935466],[115.255373,36.926436],[115.250164,36.925944],[115.247998,36.922575],[115.248032,36.91671],[115.251817,36.916503],[115.251133,36.912314],[115.248556,36.913601],[115.246994,36.910475],[115.234918,36.910826],[115.231957,36.908212],[115.217418,36.906701],[115.215663,36.901804],[115.209061,36.903079],[115.208494,36.905894],[115.202877,36.906737],[115.202457,36.901479],[115.223018,36.898733],[115.217818,36.88627],[115.223774,36.886994],[115.225738,36.886316],[115.225645,36.883822],[115.223707,36.876416],[115.216448,36.877789],[115.217226,36.865548],[115.209357,36.86936],[115.200537,36.868405],[115.178907,36.856172],[115.176879,36.854367],[115.176413,36.850825],[115.163556,36.850338],[115.158898,36.852011],[115.156859,36.860713],[115.160302,36.863819],[115.166621,36.864148],[115.167998,36.875498],[115.174375,36.88017],[115.170442,36.881517],[115.169678,36.892443],[115.166125,36.894394],[115.16624,36.901516],[115.161543,36.902466],[115.156304,36.899588],[115.143218,36.899157],[115.136586,36.900747],[115.118367,36.910389],[115.111417,36.916099],[115.106531,36.923988],[115.10608,36.92926],[115.109631,36.932135],[115.125032,36.936492],[115.120207,36.949175],[115.116511,36.951138],[115.111618,36.958462],[115.110071,36.958792],[115.109169,36.955652],[115.107331,36.955784],[115.107152,36.957326],[115.107514,36.959765],[115.110316,36.959554],[115.112866,36.962685],[115.119831,36.963859],[115.124376,36.972802],[115.133136,36.973769],[115.133181,36.975767],[115.135048,36.97578],[115.135058,36.978983],[115.126728,36.979434]]]}},{"type":"Feature","properties":{"dt_adcode":"130532"},"geometry":{"type":"Polygon","coordinates":[[[115.105979,37.128271],[115.104323,37.118812],[115.110333,37.11259],[115.109979,37.093967],[115.116019,37.0901],[115.116691,37.076562],[115.115334,37.074546],[115.109943,37.075331],[115.109367,37.070499],[115.111466,37.070408],[115.107381,37.055961],[115.114835,37.055464],[115.115822,37.048786],[115.110458,37.045566],[115.112204,37.039687],[115.113382,37.016055],[115.119747,37.01627],[115.117152,37.004324],[115.120172,37.004005],[115.121586,36.999459],[115.123844,36.999295],[115.125841,36.996351],[115.125529,36.991193],[115.124169,36.991416],[115.123749,36.988728],[115.124363,36.985019],[115.126264,36.984985],[115.127437,36.983027],[115.126728,36.979434],[115.135162,36.978901],[115.135048,36.97578],[115.133181,36.975767],[115.133136,36.973769],[115.124376,36.972802],[115.118657,36.963065],[115.112866,36.962685],[115.110316,36.959554],[115.103211,36.958404],[115.096674,36.964541],[115.086328,36.960091],[115.05889,36.956978],[115.037932,36.961598],[115.021597,36.961435],[115.010601,36.958339],[115.002429,36.954072],[114.997181,36.955796],[114.996568,36.957302],[114.991882,36.956551],[114.989872,36.955788],[114.989323,36.952407],[114.987798,36.955108],[114.985899,36.95467],[114.985628,36.950502],[114.98197,36.951491],[114.968035,36.950203],[114.967006,36.952829],[114.962527,36.953783],[114.961576,36.950671],[114.953303,36.949696],[114.952393,36.947338],[114.949623,36.948776],[114.947647,36.946666],[114.941473,36.948188],[114.942266,36.950221],[114.934184,36.952402],[114.924807,36.954544],[114.923356,36.952526],[114.916326,36.953843],[114.91921,36.961402],[114.907658,36.965593],[114.898609,36.965499],[114.892466,36.969649],[114.89014,36.969483],[114.890428,36.97206],[114.888002,36.972642],[114.889819,36.976497],[114.88159,36.98058],[114.879455,36.979001],[114.879307,36.981198],[114.870185,36.985462],[114.870317,36.990539],[114.868258,36.991273],[114.869093,36.993467],[114.8725,36.993113],[114.87456,37.001504],[114.879122,37.001887],[114.879438,37.008432],[114.882552,37.008421],[114.884525,37.013016],[114.881493,37.024074],[114.886359,37.0387],[114.890043,37.038963],[114.891413,37.046129],[114.896857,37.045166],[114.899482,37.051341],[114.908117,37.052963],[114.899507,37.064796],[114.894907,37.064606],[114.894426,37.061559],[114.890357,37.062113],[114.890229,37.064006],[114.891341,37.067983],[114.894686,37.068467],[114.892077,37.07381],[114.895865,37.074429],[114.896104,37.075856],[114.900695,37.076751],[114.905128,37.080084],[114.905602,37.082517],[114.899958,37.082427],[114.900695,37.08623],[114.906576,37.083988],[114.910945,37.085675],[114.9117,37.088664],[114.906318,37.091445],[114.906484,37.094367],[114.908824,37.094641],[114.90931,37.09778],[114.912695,37.09787],[114.912908,37.101134],[114.915504,37.101107],[114.916132,37.109618],[114.912776,37.117617],[114.918977,37.120247],[114.911206,37.126211],[114.910077,37.128444],[114.910976,37.135129],[114.907314,37.136924],[114.907669,37.139457],[114.905505,37.142031],[114.900302,37.143506],[114.899835,37.145169],[114.894185,37.143131],[114.890097,37.145109],[114.893603,37.144828],[114.90558,37.15514],[114.907939,37.159487],[114.92811,37.162954],[114.96648,37.157895],[114.996161,37.14923],[115.015559,37.134288],[115.043771,37.134671],[115.051292,37.128762],[115.089779,37.12477],[115.091223,37.129842],[115.093635,37.131591],[115.094529,37.130747],[115.095142,37.132412],[115.104444,37.130961],[115.105979,37.128271]]]}},{"type":"Feature","properties":{"dt_adcode":"130533"},"geometry":{"type":"Polygon","coordinates":[[[115.576606,36.938919],[115.563881,36.940037],[115.519778,36.935032],[115.509824,36.931839],[115.500467,36.923601],[115.487115,36.915822],[115.476874,36.916285],[115.462069,36.920409],[115.452694,36.921036],[115.447802,36.916061],[115.445876,36.910555],[115.41312,36.903393],[115.404857,36.899706],[115.397892,36.899349],[115.383044,36.894784],[115.378044,36.891591],[115.369997,36.890096],[115.367465,36.88838],[115.368236,36.88148],[115.363394,36.873778],[115.347558,36.875897],[115.323055,36.881857],[115.319864,36.881556],[115.310713,36.875716],[115.306499,36.870719],[115.283321,36.86257],[115.233934,36.86735],[115.217226,36.865548],[115.216448,36.877789],[115.223707,36.876416],[115.225645,36.883822],[115.225738,36.886316],[115.223774,36.886994],[115.217818,36.88627],[115.223018,36.898733],[115.202457,36.901479],[115.202877,36.906737],[115.208494,36.905894],[115.209061,36.903079],[115.215663,36.901804],[115.217418,36.906701],[115.231957,36.908212],[115.234918,36.910826],[115.246994,36.910475],[115.248556,36.913601],[115.251133,36.912314],[115.251817,36.916503],[115.248032,36.91671],[115.247998,36.922575],[115.250164,36.925944],[115.255373,36.926436],[115.257815,36.935466],[115.255731,36.935109],[115.255478,36.937947],[115.249829,36.939154],[115.242905,36.943866],[115.240093,36.940711],[115.231425,36.939837],[115.231194,36.942298],[115.220084,36.942165],[115.22025,36.939697],[115.217982,36.939978],[115.218009,36.942356],[115.209912,36.942159],[115.210034,36.943753],[115.207102,36.943888],[115.206568,36.938147],[115.204373,36.938816],[115.204256,36.951499],[115.222723,36.951548],[115.223128,36.9548],[115.224028,36.952408],[115.226556,36.952351],[115.226542,36.954642],[115.229146,36.954632],[115.230345,36.952914],[115.237944,36.951853],[115.248085,36.955453],[115.248723,36.963511],[115.246428,36.969291],[115.243116,36.971277],[115.239019,36.971214],[115.239094,36.974979],[115.241806,36.974689],[115.240873,36.979354],[115.24708,36.979791],[115.248011,36.987199],[115.23852,36.999768],[115.233073,37.003186],[115.229891,37.009591],[115.237854,37.016034],[115.259248,37.021614],[115.268325,37.034947],[115.275669,37.05308],[115.278181,37.064097],[115.279286,37.071885],[115.277358,37.091671],[115.288539,37.11527],[115.285897,37.120253],[115.280595,37.125055],[115.274572,37.122414],[115.266847,37.108798],[115.26458,37.107291],[115.257199,37.106863],[115.246463,37.111659],[115.238889,37.120454],[115.234571,37.134719],[115.227946,37.14134],[115.231521,37.164268],[115.236597,37.178261],[115.237977,37.186972],[115.243947,37.193869],[115.256271,37.193459],[115.269715,37.196494],[115.274868,37.199042],[115.281644,37.208415],[115.285484,37.206016],[115.288587,37.207641],[115.294984,37.206886],[115.295257,37.209147],[115.297639,37.209044],[115.298049,37.211947],[115.301306,37.21243],[115.301773,37.214951],[115.300402,37.218851],[115.2871,37.220726],[115.284271,37.226411],[115.278951,37.227147],[115.274631,37.235085],[115.274045,37.247731],[115.279916,37.272611],[115.272974,37.283114],[115.261145,37.292458],[115.256899,37.297838],[115.362923,37.284945],[115.410308,37.284669],[115.419774,37.280792],[115.434738,37.261808],[115.44362,37.245753],[115.441922,37.236846],[115.451577,37.23548],[115.472356,37.211873],[115.474363,37.207065],[115.472397,37.195835],[115.462158,37.180946],[115.472766,37.165594],[115.475859,37.16458],[115.475362,37.16166],[115.472537,37.161941],[115.471282,37.15648],[115.466906,37.153607],[115.463485,37.153831],[115.462706,37.150915],[115.465517,37.142245],[115.467673,37.140961],[115.468037,37.137096],[115.472052,37.137018],[115.473052,37.140443],[115.484742,37.138751],[115.486236,37.137185],[115.485731,37.135047],[115.490645,37.129896],[115.498345,37.128312],[115.501044,37.132651],[115.504597,37.132126],[115.513349,37.135771],[115.515909,37.14058],[115.51643,37.160743],[115.520417,37.164406],[115.52641,37.165774],[115.534678,37.165303],[115.542966,37.162546],[115.564413,37.142602],[115.574156,37.124728],[115.581607,37.104563],[115.587397,37.093926],[115.57534,37.093104],[115.563359,37.086234],[115.549395,37.075009],[115.545422,37.068829],[115.540609,37.049127],[115.526991,37.022561],[115.518536,37.013248],[115.518493,37.010356],[115.515578,37.009869],[115.51322,37.001696],[115.517619,37.000735],[115.517959,36.998396],[115.520142,36.998172],[115.518205,36.985869],[115.519626,36.978932],[115.521438,36.979573],[115.522635,36.975023],[115.529953,36.975448],[115.533061,36.972024],[115.537269,36.972097],[115.53945,36.978649],[115.546627,36.977824],[115.546978,36.981133],[115.549886,36.982255],[115.554504,36.981052],[115.553043,36.974671],[115.55574,36.960876],[115.569269,36.954014],[115.573549,36.949434],[115.576606,36.938919]]]}},{"type":"Feature","properties":{"dt_adcode":"130534"},"geometry":{"type":"Polygon","coordinates":[[[115.761342,37.184292],[115.769967,37.141545],[115.774267,37.133751],[115.786547,37.123894],[115.827385,37.105976],[115.838498,37.093351],[115.853918,37.05927],[115.831161,37.044706],[115.824531,37.031045],[115.820915,37.029403],[115.81263,37.029299],[115.813878,37.020697],[115.813019,37.018933],[115.809013,37.018874],[115.810648,37.014501],[115.808998,37.010821],[115.797904,37.005622],[115.790898,37.005995],[115.776472,36.9921],[115.777375,36.986604],[115.786363,36.9831],[115.788664,36.980181],[115.784027,36.97921],[115.784341,36.970739],[115.787799,36.970024],[115.791746,36.975273],[115.796828,36.967991],[115.786373,36.950128],[115.782804,36.946074],[115.776099,36.942743],[115.772759,36.936832],[115.768239,36.940249],[115.762644,36.939312],[115.761464,36.935157],[115.765303,36.929038],[115.762082,36.92667],[115.755857,36.927929],[115.747292,36.930907],[115.729594,36.941211],[115.702154,36.944379],[115.695283,36.942074],[115.670693,36.928272],[115.663821,36.926648],[115.649237,36.929593],[115.640943,36.92889],[115.626091,36.924734],[115.612663,36.925628],[115.576606,36.938919],[115.573549,36.949434],[115.569269,36.954014],[115.55574,36.960876],[115.553043,36.974671],[115.554504,36.981052],[115.549886,36.982255],[115.546978,36.981133],[115.546627,36.977824],[115.53945,36.978649],[115.537269,36.972097],[115.533061,36.972024],[115.529953,36.975448],[115.522635,36.975023],[115.521438,36.979573],[115.519626,36.978932],[115.518205,36.985869],[115.520142,36.998172],[115.513221,37.002558],[115.515578,37.009869],[115.518493,37.010356],[115.518536,37.013248],[115.526991,37.022561],[115.540609,37.049127],[115.545422,37.068829],[115.549395,37.075009],[115.563359,37.086234],[115.57534,37.093104],[115.596252,37.096002],[115.623519,37.090394],[115.646003,37.093327],[115.656577,37.099016],[115.666171,37.106725],[115.668269,37.115059],[115.667288,37.131982],[115.686659,37.13962],[115.719084,37.144998],[115.726506,37.150783],[115.718913,37.167916],[115.746519,37.176977],[115.757039,37.183554],[115.761342,37.184292]]]}},{"type":"Feature","properties":{"dt_adcode":"130535"},"geometry":{"type":"Polygon","coordinates":[[[115.301966,36.868721],[115.306499,36.870719],[115.310713,36.875716],[115.319864,36.881556],[115.323055,36.881857],[115.347558,36.875897],[115.363394,36.873778],[115.368236,36.88148],[115.367465,36.88838],[115.369997,36.890096],[115.378044,36.891591],[115.383044,36.894784],[115.397892,36.899349],[115.404857,36.899706],[115.41312,36.903393],[115.445876,36.910555],[115.447802,36.916061],[115.452694,36.921036],[115.462069,36.920409],[115.476874,36.916285],[115.487115,36.915822],[115.500467,36.923601],[115.509824,36.931839],[115.519778,36.935032],[115.563881,36.940037],[115.576606,36.938919],[115.612663,36.925628],[115.626091,36.924734],[115.640943,36.92889],[115.649237,36.929593],[115.663821,36.926648],[115.670693,36.928272],[115.695283,36.942074],[115.702154,36.944379],[115.718168,36.943491],[115.729594,36.941211],[115.747292,36.930907],[115.762082,36.92667],[115.763954,36.920254],[115.76872,36.921001],[115.768673,36.915798],[115.76482,36.913443],[115.765167,36.909092],[115.759782,36.909096],[115.757379,36.902553],[115.754395,36.903066],[115.754473,36.904994],[115.751994,36.906139],[115.747166,36.902396],[115.742241,36.904558],[115.743719,36.907756],[115.740957,36.906773],[115.73579,36.897416],[115.726142,36.893612],[115.715902,36.886532],[115.700322,36.867764],[115.700539,36.860205],[115.695435,36.849657],[115.688841,36.842026],[115.692159,36.828684],[115.688423,36.823728],[115.687202,36.815953],[115.684156,36.812949],[115.686314,36.811089],[115.685874,36.808162],[115.680532,36.809409],[115.680582,36.811671],[115.672036,36.809136],[115.665,36.81246],[115.650446,36.807521],[115.641714,36.802582],[115.639084,36.797647],[115.631954,36.798952],[115.619667,36.792083],[115.585469,36.781399],[115.579273,36.774981],[115.572111,36.775342],[115.568339,36.780091],[115.561366,36.784268],[115.561307,36.775754],[115.552637,36.775871],[115.550192,36.778236],[115.548768,36.783524],[115.540363,36.784613],[115.537258,36.782637],[115.536847,36.772648],[115.533515,36.771053],[115.528228,36.774077],[115.525601,36.77247],[115.526979,36.766506],[115.525857,36.763744],[115.511642,36.766866],[115.506523,36.770448],[115.502903,36.770195],[115.494048,36.765695],[115.491417,36.761604],[115.479293,36.759724],[115.478341,36.754691],[115.465857,36.756339],[115.463405,36.752144],[115.446213,36.755319],[115.445788,36.758281],[115.44094,36.760747],[115.426871,36.75833],[115.423642,36.766055],[115.410396,36.767862],[115.410099,36.76558],[115.404777,36.762724],[115.394827,36.762781],[115.370855,36.768343],[115.371119,36.770097],[115.362899,36.771056],[115.363238,36.773413],[115.360126,36.775566],[115.359451,36.779314],[115.355728,36.779521],[115.352121,36.786296],[115.348833,36.78645],[115.345104,36.778922],[115.339103,36.779461],[115.335667,36.775806],[115.321157,36.783471],[115.325577,36.785841],[115.328961,36.790043],[115.322315,36.801457],[115.323001,36.815498],[115.310763,36.820405],[115.307562,36.82978],[115.307511,36.837111],[115.311165,36.846074],[115.325561,36.869661],[115.314134,36.870558],[115.301966,36.868721]]]}},{"type":"Feature","properties":{"dt_adcode":"130581"},"geometry":{"type":"Polygon","coordinates":[[[115.604654,37.325903],[115.596667,37.316846],[115.590656,37.312484],[115.592684,37.306986],[115.599867,37.301955],[115.623412,37.297894],[115.63031,37.294475],[115.6309,37.288066],[115.6246,37.279796],[115.632932,37.277073],[115.66539,37.277411],[115.672583,37.275831],[115.675774,37.258888],[115.678051,37.254654],[115.684527,37.255287],[115.686287,37.260308],[115.68972,37.26246],[115.696329,37.262289],[115.698474,37.257132],[115.710611,37.249924],[115.713419,37.243651],[115.733248,37.2256],[115.747123,37.217014],[115.762205,37.216976],[115.756348,37.209854],[115.765359,37.1915],[115.761342,37.184292],[115.757039,37.183554],[115.746519,37.176977],[115.718913,37.167916],[115.726506,37.150783],[115.719084,37.144998],[115.686659,37.13962],[115.667288,37.131982],[115.668269,37.115059],[115.666171,37.106725],[115.656577,37.099016],[115.646003,37.093327],[115.633816,37.090787],[115.623519,37.090394],[115.596252,37.096002],[115.587397,37.093926],[115.581607,37.104563],[115.574156,37.124728],[115.564413,37.142602],[115.542966,37.162546],[115.534678,37.165303],[115.520417,37.164406],[115.51643,37.160743],[115.515909,37.14058],[115.513349,37.135771],[115.504597,37.132126],[115.501044,37.132651],[115.498345,37.128312],[115.490645,37.129896],[115.485731,37.135047],[115.486236,37.137185],[115.484742,37.138751],[115.473052,37.140443],[115.472052,37.137018],[115.468037,37.137096],[115.467673,37.140961],[115.465517,37.142245],[115.462706,37.150915],[115.463485,37.153831],[115.466906,37.153607],[115.471282,37.15648],[115.472537,37.161941],[115.475362,37.16166],[115.475859,37.16458],[115.472766,37.165594],[115.462158,37.180946],[115.472397,37.195835],[115.474363,37.207065],[115.472356,37.211873],[115.451577,37.23548],[115.441922,37.236846],[115.44362,37.245753],[115.434738,37.261808],[115.419774,37.280792],[115.410308,37.284669],[115.362923,37.284945],[115.256899,37.297838],[115.224695,37.298051],[115.217672,37.288436],[115.211701,37.289991],[115.203592,37.301393],[115.203272,37.305089],[115.207613,37.311231],[115.209261,37.321172],[115.207754,37.330545],[115.201715,37.334628],[115.178683,37.340371],[115.173183,37.345987],[115.172647,37.352075],[115.19328,37.359275],[115.194451,37.369686],[115.192726,37.396704],[115.194054,37.402905],[115.19139,37.403012],[115.192869,37.41059],[115.181259,37.411239],[115.177334,37.39785],[115.174001,37.393676],[115.161415,37.394872],[115.160699,37.40153],[115.154679,37.413776],[115.14423,37.418078],[115.147114,37.418216],[115.146876,37.420814],[115.153466,37.423465],[115.156153,37.427956],[115.159321,37.426165],[115.15971,37.419229],[115.190083,37.423029],[115.198717,37.426351],[115.19979,37.4301],[115.208716,37.435654],[115.212664,37.435859],[115.216341,37.433919],[115.222986,37.435725],[115.260058,37.4338],[115.276868,37.42826],[115.279345,37.429382],[115.280662,37.427512],[115.283993,37.429878],[115.283591,37.440764],[115.283953,37.443266],[115.285943,37.443847],[115.288542,37.443438],[115.288349,37.4409],[115.290325,37.440879],[115.291072,37.438983],[115.293796,37.438735],[115.29366,37.432884],[115.298118,37.432651],[115.300472,37.430517],[115.30058,37.424246],[115.295445,37.423521],[115.295376,37.415995],[115.301484,37.413554],[115.300132,37.40972],[115.305117,37.40792],[115.306754,37.405589],[115.316836,37.404186],[115.31845,37.406777],[115.321124,37.406399],[115.321229,37.404531],[115.324385,37.404325],[115.324444,37.410774],[115.320087,37.410159],[115.316909,37.414174],[115.319568,37.425334],[115.311717,37.42663],[115.308836,37.429901],[115.309005,37.433185],[115.304002,37.433273],[115.30289,37.439055],[115.306704,37.439264],[115.307759,37.442118],[115.322336,37.441787],[115.327197,37.447933],[115.343032,37.446494],[115.345098,37.448169],[115.356451,37.439398],[115.391063,37.427903],[115.407831,37.410794],[115.420559,37.393198],[115.428624,37.387952],[115.47536,37.381388],[115.506605,37.369023],[115.523844,37.347947],[115.525868,37.341989],[115.526186,37.332826],[115.52936,37.326873],[115.535656,37.323664],[115.555125,37.317712],[115.571457,37.31566],[115.577184,37.316126],[115.584613,37.320266],[115.599211,37.332889],[115.605806,37.333362],[115.604654,37.325903]],[[115.286196,37.409071],[115.285849,37.406733],[115.284621,37.406695],[115.28473,37.409092],[115.282326,37.409699],[115.281701,37.406484],[115.278952,37.408044],[115.277687,37.404124],[115.27506,37.404166],[115.274902,37.400438],[115.276261,37.39838],[115.285197,37.396892],[115.285953,37.392404],[115.288814,37.391952],[115.290767,37.394244],[115.292556,37.403079],[115.290752,37.403619],[115.291008,37.408359],[115.286196,37.409071]]]}},{"type":"Feature","properties":{"dt_adcode":"130582"},"geometry":{"type":"Polygon","coordinates":[[[114.456062,36.948301],[114.458207,36.946832],[114.463114,36.947262],[114.476656,36.939566],[114.483192,36.93988],[114.485746,36.938307],[114.486544,36.935547],[114.49648,36.93524],[114.497277,36.931867],[114.501387,36.929474],[114.500602,36.921842],[114.496657,36.921616],[114.496762,36.918084],[114.499107,36.916069],[114.506204,36.916139],[114.508808,36.9196],[114.539054,36.918833],[114.539207,36.914233],[114.543501,36.912469],[114.545877,36.908713],[114.559461,36.902276],[114.569301,36.902035],[114.569491,36.911089],[114.587594,36.92282],[114.586055,36.932695],[114.592099,36.933937],[114.592769,36.931157],[114.596986,36.934128],[114.594878,36.937674],[114.600053,36.939974],[114.600628,36.943616],[114.606091,36.943616],[114.606666,36.939112],[114.611074,36.936045],[114.614908,36.940262],[114.619316,36.940357],[114.621808,36.936907],[114.637939,36.933011],[114.639212,36.927343],[114.643211,36.925316],[114.655167,36.927862],[114.656457,36.922803],[114.671071,36.917459],[114.670991,36.913475],[114.668779,36.910311],[114.66519,36.910691],[114.663307,36.905984],[114.658846,36.905791],[114.657098,36.903316],[114.652099,36.902781],[114.652083,36.89972],[114.648862,36.898426],[114.637675,36.89794],[114.636874,36.901387],[114.629841,36.901164],[114.629578,36.897859],[114.626501,36.895419],[114.610009,36.895608],[114.605267,36.890462],[114.600796,36.888949],[114.599061,36.892227],[114.588431,36.891766],[114.58838,36.893603],[114.580866,36.895103],[114.579614,36.889876],[114.567049,36.891334],[114.566516,36.888549],[114.558802,36.888769],[114.557281,36.88415],[114.551736,36.884097],[114.552153,36.880183],[114.554171,36.879827],[114.556128,36.875576],[114.554708,36.871041],[114.552922,36.870682],[114.554321,36.869975],[114.553639,36.864329],[114.555937,36.862585],[114.555247,36.845988],[114.546474,36.839285],[114.517379,36.829175],[114.507748,36.827944],[114.478909,36.833229],[114.474899,36.83573],[114.472861,36.840724],[114.462841,36.841933],[114.462306,36.847649],[114.451606,36.846762],[114.448752,36.845005],[114.448249,36.841919],[114.433013,36.842022],[114.430987,36.839131],[114.421172,36.839461],[114.417732,36.84048],[114.416422,36.843182],[114.412821,36.842184],[114.413051,36.846641],[114.40927,36.84711],[114.408021,36.841903],[114.406328,36.841933],[114.381314,36.849486],[114.367863,36.850898],[114.353563,36.852069],[114.342746,36.849843],[114.336078,36.846746],[114.330311,36.849919],[114.32451,36.849455],[114.324694,36.852365],[114.311439,36.855067],[114.307725,36.859583],[114.304524,36.857031],[114.299969,36.845421],[114.292437,36.844351],[114.286539,36.844666],[114.273241,36.855222],[114.264344,36.858076],[114.252684,36.856541],[114.238074,36.846944],[114.225909,36.843084],[114.207385,36.844477],[114.182666,36.843938],[114.162261,36.841157],[114.134133,36.839862],[114.115404,36.844365],[114.11095,36.84],[114.10048,36.839053],[114.090425,36.846263],[114.081533,36.845066],[114.080686,36.847267],[114.086883,36.850616],[114.086123,36.856806],[114.090003,36.861018],[114.074051,36.874704],[114.063658,36.87934],[114.039358,36.879364],[114.028158,36.881223],[114.000833,36.90186],[113.998736,36.906709],[113.991102,36.914896],[113.984429,36.941506],[113.967984,36.959613],[113.946054,36.974122],[113.941762,36.983357],[113.901211,36.996806],[113.894354,37.000761],[113.88387,37.010889],[113.877356,37.013424],[113.859468,37.015065],[113.837243,37.012873],[113.852259,37.024381],[113.878277,37.03871],[113.887443,37.042184],[113.906766,37.046758],[113.938537,37.048664],[113.958104,37.047999],[113.982029,37.038277],[114.004,37.035397],[114.017702,37.028068],[114.028347,37.013588],[114.047141,37.005889],[114.054334,37.004406],[114.067757,37.005774],[114.080495,37.011928],[114.088526,37.010676],[114.102576,37.002632],[114.098908,36.993153],[114.101656,36.991814],[114.108784,36.996455],[114.108789,36.992919],[114.114642,36.992481],[114.114481,36.990614],[114.116808,36.989371],[114.12212,36.988999],[114.123343,36.991786],[114.129368,36.99205],[114.133685,36.989555],[114.135535,36.986226],[114.1408,36.98686],[114.147238,36.990171],[114.142482,36.994571],[114.140611,37.00208],[114.142243,37.003244],[114.139009,37.004623],[114.140709,37.008532],[114.145627,37.010532],[114.151175,37.016695],[114.153877,37.024929],[114.156565,37.026714],[114.163762,37.029075],[114.172303,37.029402],[114.192345,37.025052],[114.204852,37.026568],[114.218551,37.040707],[114.224787,37.042616],[114.233433,37.038824],[114.236465,37.029006],[114.233612,37.014306],[114.219601,36.987092],[114.220848,36.981609],[114.224624,36.977991],[114.271363,36.981322],[114.298601,36.977334],[114.308396,36.9738],[114.321298,36.971921],[114.371231,36.972007],[114.379136,36.968537],[114.385645,36.969844],[114.410487,36.964026],[114.413578,36.958953],[114.418108,36.957851],[114.418965,36.950627],[114.425821,36.947077],[114.434046,36.949014],[114.439166,36.948179],[114.441499,36.945325],[114.450797,36.942424],[114.452634,36.947199],[114.456062,36.948301]]]}},{"type":"Feature","properties":{"dt_adcode":"130602"},"geometry":{"type":"Polygon","coordinates":[[[115.478114,38.938583],[115.480142,38.926353],[115.485224,38.926106],[115.483536,38.924958],[115.482785,38.920614],[115.485938,38.920767],[115.48627,38.919194],[115.484961,38.913963],[115.482867,38.91384],[115.482761,38.912393],[115.490401,38.90817],[115.489972,38.886494],[115.491674,38.880162],[115.489379,38.873769],[115.46885,38.850383],[115.449759,38.840634],[115.451994,38.836188],[115.452021,38.829426],[115.439899,38.83027],[115.442421,38.824514],[115.433951,38.824607],[115.433854,38.832955],[115.426288,38.831224],[115.428032,38.820943],[115.424596,38.820928],[115.424532,38.818255],[115.419921,38.818331],[115.420056,38.824154],[115.418161,38.824563],[115.418007,38.828668],[115.403494,38.823727],[115.402038,38.816714],[115.389703,38.814817],[115.382768,38.811154],[115.382849,38.809527],[115.369816,38.808872],[115.370226,38.812507],[115.368227,38.81203],[115.367839,38.815452],[115.363898,38.815074],[115.363406,38.820083],[115.354123,38.820792],[115.352639,38.824742],[115.346648,38.826613],[115.346722,38.828689],[115.341989,38.829797],[115.342271,38.831809],[115.35478,38.832458],[115.365321,38.839105],[115.365412,38.847114],[115.360954,38.848142],[115.358553,38.852203],[115.355672,38.853464],[115.359108,38.854321],[115.347318,38.854334],[115.337861,38.857311],[115.338408,38.866453],[115.336748,38.871734],[115.343148,38.874615],[115.339367,38.875995],[115.34274,38.879488],[115.343326,38.887355],[115.356098,38.888781],[115.356869,38.88997],[115.356968,38.897946],[115.3598,38.903552],[115.357832,38.914249],[115.361525,38.914633],[115.361701,38.918653],[115.365917,38.919169],[115.361971,38.919989],[115.362539,38.924282],[115.364354,38.927143],[115.368623,38.926497],[115.369065,38.928984],[115.366641,38.929132],[115.367514,38.932503],[115.370691,38.931738],[115.372197,38.935324],[115.373246,38.939774],[115.369399,38.940741],[115.371789,38.949496],[115.375063,38.949398],[115.373723,38.954855],[115.391675,38.956739],[115.395741,38.955252],[115.395993,38.953406],[115.401369,38.953259],[115.404164,38.950221],[115.4108,38.950231],[115.413391,38.946167],[115.420219,38.948217],[115.426128,38.947943],[115.425793,38.944608],[115.427896,38.944299],[115.442652,38.946124],[115.443641,38.948506],[115.445621,38.947825],[115.445745,38.951785],[115.448529,38.952527],[115.448622,38.954661],[115.452829,38.95296],[115.453293,38.955002],[115.457593,38.95262],[115.458088,38.945381],[115.461796,38.93781],[115.464619,38.937423],[115.465585,38.942218],[115.474084,38.943391],[115.478114,38.938583]]]}},{"type":"Feature","properties":{"dt_adcode":"130606"},"geometry":{"type":"Polygon","coordinates":[[[115.382849,38.809527],[115.382768,38.811154],[115.389703,38.814817],[115.402038,38.816714],[115.403494,38.823727],[115.418007,38.828668],[115.418161,38.824563],[115.420056,38.824154],[115.419921,38.818331],[115.424532,38.818255],[115.424596,38.820928],[115.428032,38.820943],[115.426288,38.831224],[115.433854,38.832955],[115.433951,38.824607],[115.442421,38.824514],[115.439899,38.83027],[115.452021,38.829426],[115.451994,38.836188],[115.449759,38.840634],[115.46885,38.850383],[115.489379,38.873769],[115.491674,38.880162],[115.489972,38.886494],[115.491314,38.904215],[115.490207,38.904428],[115.490401,38.90817],[115.482761,38.912393],[115.482867,38.91384],[115.484961,38.913963],[115.48627,38.919194],[115.485938,38.920767],[115.482785,38.920614],[115.483536,38.924958],[115.485224,38.926106],[115.480142,38.926353],[115.479294,38.931033],[115.485599,38.930256],[115.484963,38.933206],[115.482243,38.933577],[115.482526,38.939511],[115.478236,38.939632],[115.477015,38.941348],[115.477063,38.947257],[115.485066,38.946052],[115.487426,38.957106],[115.487419,38.955993],[115.491902,38.955914],[115.491829,38.95458],[115.498125,38.954169],[115.497512,38.945917],[115.505315,38.942528],[115.505185,38.939643],[115.507878,38.939687],[115.508556,38.942112],[115.515681,38.940757],[115.519817,38.938988],[115.519765,38.935782],[115.523402,38.933422],[115.53017,38.932536],[115.530777,38.937069],[115.540974,38.935851],[115.543716,38.937699],[115.561889,38.933298],[115.561794,38.931676],[115.570755,38.931392],[115.57791,38.921298],[115.584251,38.920804],[115.58898,38.917192],[115.589154,38.913896],[115.593134,38.91175],[115.592826,38.908172],[115.594219,38.906824],[115.590272,38.886014],[115.596582,38.883473],[115.597163,38.879493],[115.601215,38.87513],[115.603604,38.875018],[115.603728,38.873103],[115.602134,38.872977],[115.601652,38.867829],[115.599796,38.865351],[115.598902,38.867832],[115.591104,38.869467],[115.589691,38.861935],[115.58345,38.861763],[115.581789,38.854014],[115.578727,38.852731],[115.579282,38.849337],[115.581521,38.849112],[115.58135,38.846416],[115.57978,38.846278],[115.579487,38.838394],[115.581171,38.837966],[115.581224,38.835671],[115.577742,38.8354],[115.577729,38.832443],[115.569278,38.832169],[115.570556,38.815646],[115.573128,38.815289],[115.572677,38.811382],[115.577331,38.808841],[115.574896,38.807637],[115.575055,38.805231],[115.571072,38.804837],[115.568499,38.80017],[115.56943,38.798654],[115.567876,38.797721],[115.556366,38.797157],[115.552847,38.795639],[115.55297,38.792569],[115.533057,38.790339],[115.531796,38.788627],[115.517282,38.786982],[115.511476,38.78442],[115.510492,38.786001],[115.506794,38.786349],[115.505872,38.789676],[115.499456,38.795986],[115.492674,38.797333],[115.492006,38.800193],[115.489513,38.800668],[115.488079,38.800241],[115.488264,38.797409],[115.480693,38.797619],[115.470096,38.7941],[115.469951,38.79212],[115.473258,38.792031],[115.473217,38.790433],[115.462897,38.788126],[115.462561,38.786226],[115.456844,38.786237],[115.456406,38.783891],[115.451553,38.783867],[115.448283,38.785216],[115.447553,38.790436],[115.445126,38.789212],[115.441746,38.790613],[115.438704,38.798494],[115.429513,38.799152],[115.429203,38.804058],[115.422677,38.80067],[115.417885,38.801128],[115.414311,38.799576],[115.412165,38.797289],[115.41268,38.793496],[115.405189,38.788809],[115.405055,38.786622],[115.401803,38.786644],[115.394427,38.78304],[115.393532,38.78374],[115.395061,38.784942],[115.3832,38.785623],[115.383878,38.788016],[115.381061,38.787742],[115.381491,38.795054],[115.38533,38.794821],[115.386609,38.796199],[115.386607,38.809087],[115.382849,38.809527]]]}},{"type":"Feature","properties":{"dt_adcode":"130607"},"geometry":{"type":"Polygon","coordinates":[[[115.343569,39.124891],[115.325212,39.092705],[115.331672,39.050825],[115.344593,39.043602],[115.346985,39.044799],[115.345907,39.048147],[115.347224,39.049181],[115.356761,39.047824],[115.36436,39.050069],[115.366411,39.047606],[115.370126,39.047019],[115.372563,39.049629],[115.372474,39.055215],[115.375818,39.059595],[115.383158,39.053188],[115.387829,39.051866],[115.39075,39.046409],[115.393939,39.045665],[115.395344,39.043224],[115.393654,39.040543],[115.396308,39.040223],[115.394766,39.037384],[115.396853,39.036974],[115.397434,39.034994],[115.399203,39.034715],[115.400256,39.037374],[115.403162,39.035934],[115.402913,39.033599],[115.408727,39.032254],[115.405222,39.032067],[115.404494,39.028547],[115.399611,39.029375],[115.399594,39.031047],[115.393306,39.030989],[115.396253,39.029901],[115.395926,39.024931],[115.398915,39.024844],[115.395509,39.023973],[115.398683,39.016155],[115.404883,39.011828],[115.435746,39.011044],[115.440909,39.007549],[115.446282,39.007428],[115.450483,39.008075],[115.450625,39.012023],[115.454369,39.012862],[115.455088,39.014861],[115.466318,39.015427],[115.467745,39.010216],[115.461794,39.008236],[115.462359,39.002015],[115.463086,39.000319],[115.46547,39.000763],[115.468741,38.993231],[115.480336,38.982206],[115.489025,38.957403],[115.486099,38.955584],[115.485066,38.946052],[115.477063,38.947257],[115.477015,38.941348],[115.478236,38.939632],[115.482526,38.939511],[115.482243,38.933577],[115.484963,38.933206],[115.485599,38.930256],[115.479294,38.931033],[115.478114,38.938583],[115.474084,38.943391],[115.465585,38.942218],[115.464619,38.937423],[115.461796,38.93781],[115.458088,38.945381],[115.457593,38.95262],[115.453293,38.955002],[115.452829,38.95296],[115.448622,38.954661],[115.448529,38.952527],[115.445745,38.951785],[115.445621,38.947825],[115.443641,38.948506],[115.442652,38.946124],[115.427896,38.944299],[115.425793,38.944608],[115.426128,38.947943],[115.420219,38.948217],[115.413391,38.946167],[115.4108,38.950231],[115.404164,38.950221],[115.401369,38.953259],[115.395993,38.953406],[115.395741,38.955252],[115.391675,38.956739],[115.373723,38.954855],[115.375063,38.949398],[115.371789,38.949496],[115.369399,38.940741],[115.373246,38.939774],[115.372197,38.935324],[115.370691,38.931738],[115.367514,38.932503],[115.366641,38.929132],[115.369065,38.928984],[115.368623,38.926497],[115.364354,38.927143],[115.362539,38.924282],[115.361971,38.919989],[115.365917,38.919169],[115.361701,38.918653],[115.361525,38.914633],[115.357832,38.914249],[115.3598,38.903552],[115.356968,38.897946],[115.356869,38.88997],[115.356098,38.888781],[115.343326,38.887355],[115.34274,38.879488],[115.339367,38.875995],[115.343148,38.874615],[115.336748,38.871734],[115.338408,38.866453],[115.337861,38.857311],[115.347318,38.854334],[115.359108,38.854321],[115.355672,38.853464],[115.358553,38.852203],[115.360954,38.848142],[115.365412,38.847114],[115.365321,38.839105],[115.359281,38.834339],[115.35478,38.832458],[115.342271,38.831809],[115.341989,38.829797],[115.346722,38.828689],[115.346648,38.826613],[115.352639,38.824742],[115.354123,38.820792],[115.363406,38.820083],[115.363898,38.815074],[115.367839,38.815452],[115.368227,38.81203],[115.370226,38.812507],[115.369816,38.808872],[115.385914,38.809926],[115.386309,38.795397],[115.381491,38.795054],[115.381061,38.787742],[115.380266,38.786114],[115.377254,38.786373],[115.376065,38.783129],[115.368211,38.784201],[115.364998,38.780964],[115.349585,38.781337],[115.341051,38.789395],[115.324484,38.789752],[115.324238,38.787113],[115.319097,38.785399],[115.31949,38.783389],[115.317666,38.781851],[115.311759,38.779683],[115.312022,38.769051],[115.31053,38.764053],[115.308392,38.763451],[115.308184,38.758671],[115.31383,38.757253],[115.313508,38.747616],[115.304527,38.749546],[115.306016,38.763851],[115.293756,38.762724],[115.289898,38.754828],[115.284214,38.753665],[115.284141,38.744053],[115.281117,38.732041],[115.274874,38.728094],[115.271341,38.727786],[115.268725,38.750997],[115.259017,38.748038],[115.239365,38.745789],[115.237761,38.757201],[115.240046,38.759128],[115.241264,38.766145],[115.239752,38.767801],[115.235934,38.767543],[115.23552,38.771774],[115.23327,38.773706],[115.235625,38.780524],[115.239849,38.781558],[115.239712,38.787453],[115.244867,38.804892],[115.253338,38.806466],[115.253893,38.809005],[115.264424,38.808476],[115.264649,38.811617],[115.261718,38.811984],[115.262572,38.818297],[115.258702,38.818475],[115.257758,38.823504],[115.254879,38.827112],[115.255588,38.838999],[115.252367,38.841642],[115.249952,38.846676],[115.246863,38.847183],[115.243493,38.850196],[115.243886,38.857894],[115.256822,38.869179],[115.265534,38.869746],[115.275547,38.874248],[115.275806,38.877123],[115.277372,38.876517],[115.284416,38.883474],[115.282099,38.895043],[115.286781,38.901759],[115.288899,38.901936],[115.288465,38.906123],[115.286119,38.909669],[115.276204,38.917599],[115.270219,38.917564],[115.262066,38.910438],[115.261986,38.908699],[115.255162,38.908982],[115.254714,38.896708],[115.24133,38.896817],[115.236192,38.902428],[115.222059,38.907217],[115.21496,38.920379],[115.211196,38.924359],[115.211442,38.929673],[115.214466,38.936372],[115.213112,38.939389],[115.211427,38.939956],[115.203097,38.93594],[115.197569,38.941799],[115.186193,38.943557],[115.183279,38.942554],[115.177384,38.944721],[115.18058,38.949597],[115.169318,38.96567],[115.170648,38.969864],[115.175051,38.970427],[115.181494,38.974906],[115.181498,38.982612],[115.174672,38.994636],[115.173937,39.002602],[115.172117,39.001586],[115.164622,39.007078],[115.15837,39.007742],[115.157024,39.009588],[115.151154,39.006789],[115.147533,39.007053],[115.147981,39.009906],[115.130928,39.01103],[115.127636,39.007114],[115.127928,39.004485],[115.123562,39.001472],[115.112947,39.002289],[115.110183,39.001018],[115.09941,39.008408],[115.085558,39.013865],[115.077996,39.009154],[115.074528,39.011392],[115.055015,39.006567],[115.05482,39.009643],[115.045964,39.008823],[115.042618,39.011435],[115.040918,39.015198],[115.03551,39.017145],[115.032785,39.02018],[115.027719,39.017294],[115.023051,39.019129],[115.017173,39.016342],[115.017238,39.014269],[115.015175,39.012879],[115.011887,39.017564],[115.002506,39.016332],[114.993853,39.023414],[114.9929,39.027199],[114.986899,39.028953],[114.986039,39.033737],[114.982644,39.035576],[114.980326,39.036309],[114.976081,39.034216],[114.972906,39.036317],[114.963537,39.035779],[114.961423,39.041144],[114.964664,39.044329],[114.962049,39.046118],[114.960623,39.057833],[114.96941,39.068496],[114.970967,39.076049],[114.966766,39.080906],[114.961688,39.082177],[114.958494,39.085357],[114.957436,39.08945],[114.959641,39.092435],[114.959651,39.095752],[114.95595,39.096149],[114.95462,39.099511],[114.956211,39.102489],[114.959198,39.103677],[114.959165,39.107036],[114.960887,39.108647],[114.959806,39.110301],[114.961487,39.112806],[114.96766,39.117524],[114.977945,39.117694],[114.982595,39.121158],[114.989903,39.122297],[114.991289,39.120741],[114.990105,39.118551],[114.991169,39.115405],[114.995614,39.114221],[115.00317,39.106235],[115.013469,39.107328],[115.018026,39.112446],[115.025304,39.10921],[115.031296,39.098801],[115.030741,39.095146],[115.033349,39.095076],[115.039464,39.088741],[115.035163,39.084648],[115.039134,39.07724],[115.044607,39.072575],[115.053301,39.075006],[115.05385,39.066146],[115.049641,39.06414],[115.049657,39.062361],[115.05353,39.059706],[115.054096,39.056278],[115.060692,39.056662],[115.059513,39.052988],[115.067916,39.052891],[115.068376,39.055633],[115.07668,39.059748],[115.089139,39.061411],[115.09458,39.05969],[115.098123,39.062611],[115.101756,39.062294],[115.102939,39.064368],[115.107086,39.064687],[115.10926,39.067973],[115.11569,39.065366],[115.114465,39.060621],[115.116566,39.05693],[115.115924,39.054884],[115.123823,39.04831],[115.12837,39.046759],[115.152519,39.046738],[115.162464,39.049075],[115.178404,39.07067],[115.184528,39.074584],[115.197157,39.072116],[115.206625,39.063215],[115.221356,39.054113],[115.233495,39.054991],[115.246829,39.05795],[115.251256,39.060663],[115.254156,39.066634],[115.252924,39.073731],[115.245766,39.087439],[115.245437,39.092016],[115.246852,39.098439],[115.259154,39.10782],[115.256627,39.113744],[115.262414,39.119804],[115.274042,39.120568],[115.280533,39.119401],[115.306387,39.126794],[115.320882,39.122459],[115.343569,39.124891]]]}},{"type":"Feature","properties":{"dt_adcode":"130608"},"geometry":{"type":"Polygon","coordinates":[[[115.475848,38.571955],[115.471006,38.576439],[115.468578,38.576628],[115.465999,38.575716],[115.463764,38.561177],[115.457742,38.561324],[115.458076,38.566069],[115.45164,38.566196],[115.449149,38.565204],[115.44671,38.560713],[115.440912,38.55999],[115.43428,38.561452],[115.432632,38.564138],[115.433529,38.566794],[115.431548,38.567843],[115.426871,38.568014],[115.426769,38.56476],[115.424275,38.564757],[115.423023,38.565913],[115.423816,38.571009],[115.420883,38.571586],[115.421777,38.575831],[115.417726,38.576544],[115.415603,38.574712],[115.414909,38.576576],[115.40126,38.577338],[115.401747,38.570355],[115.393266,38.569359],[115.392481,38.5714],[115.381098,38.571991],[115.379633,38.567369],[115.363171,38.570115],[115.362191,38.567826],[115.35085,38.567533],[115.348261,38.563059],[115.344304,38.560742],[115.341105,38.561068],[115.335204,38.555527],[115.329488,38.55626],[115.326183,38.55088],[115.31259,38.550917],[115.308574,38.554894],[115.305337,38.561396],[115.305038,38.578343],[115.298896,38.583503],[115.299684,38.587466],[115.308211,38.595782],[115.309036,38.601258],[115.294637,38.625903],[115.290378,38.647867],[115.283919,38.65195],[115.275428,38.651448],[115.264283,38.656882],[115.260158,38.66075],[115.260861,38.694232],[115.256441,38.69764],[115.265581,38.703534],[115.274929,38.704161],[115.273846,38.719517],[115.268056,38.728396],[115.260761,38.727994],[115.259216,38.70355],[115.247046,38.701982],[115.244635,38.704559],[115.23655,38.704406],[115.237377,38.724684],[115.233927,38.737703],[115.234062,38.744544],[115.247206,38.746217],[115.248056,38.74765],[115.259017,38.748038],[115.268725,38.750997],[115.270836,38.728722],[115.274874,38.728094],[115.281117,38.732041],[115.282706,38.735366],[115.284214,38.753665],[115.289898,38.754828],[115.293756,38.762724],[115.306016,38.763851],[115.304527,38.749546],[115.313508,38.747616],[115.31383,38.757253],[115.308184,38.758671],[115.308392,38.763451],[115.31053,38.764053],[115.312022,38.769051],[115.311759,38.779683],[115.317666,38.781851],[115.31949,38.783389],[115.319097,38.785399],[115.324238,38.787113],[115.325567,38.790127],[115.341051,38.789395],[115.349585,38.781337],[115.364998,38.780964],[115.368211,38.784201],[115.376065,38.783129],[115.377254,38.786373],[115.380266,38.786114],[115.382549,38.788223],[115.383878,38.788016],[115.3832,38.785623],[115.395061,38.784942],[115.393532,38.78374],[115.394427,38.78304],[115.401803,38.786644],[115.405055,38.786622],[115.405189,38.788809],[115.41268,38.793496],[115.412165,38.797289],[115.414311,38.799576],[115.417885,38.801128],[115.422677,38.80067],[115.429203,38.804058],[115.429513,38.799152],[115.438704,38.798494],[115.441746,38.790613],[115.445126,38.789212],[115.447553,38.790436],[115.448283,38.785216],[115.451553,38.783867],[115.456406,38.783891],[115.456844,38.786237],[115.462561,38.786226],[115.462897,38.788126],[115.473217,38.790433],[115.473258,38.792031],[115.469951,38.79212],[115.470096,38.7941],[115.480693,38.797619],[115.488264,38.797409],[115.488079,38.800241],[115.489513,38.800668],[115.492006,38.800193],[115.492674,38.797333],[115.499456,38.795986],[115.505872,38.789676],[115.506794,38.786349],[115.510492,38.786001],[115.511476,38.78442],[115.517282,38.786982],[115.531796,38.788627],[115.533057,38.790339],[115.55297,38.792569],[115.552847,38.795639],[115.556366,38.797157],[115.567876,38.797721],[115.56943,38.798654],[115.568499,38.80017],[115.571072,38.804837],[115.575055,38.805231],[115.574896,38.807637],[115.577331,38.808841],[115.572677,38.811382],[115.573128,38.815289],[115.570556,38.815646],[115.569278,38.832169],[115.577729,38.832443],[115.577742,38.8354],[115.581224,38.835671],[115.581171,38.837966],[115.579487,38.838394],[115.57978,38.846278],[115.58135,38.846416],[115.581521,38.849112],[115.579282,38.849337],[115.578727,38.852731],[115.581789,38.854014],[115.58345,38.861763],[115.589691,38.861935],[115.591104,38.869467],[115.598902,38.867832],[115.599796,38.865351],[115.601652,38.867829],[115.602134,38.872977],[115.603728,38.873103],[115.603604,38.875018],[115.601215,38.87513],[115.597163,38.879493],[115.596582,38.883473],[115.590272,38.886014],[115.59002,38.889556],[115.594219,38.906824],[115.592826,38.908172],[115.593134,38.91175],[115.589154,38.913896],[115.58898,38.917192],[115.595141,38.917052],[115.595549,38.919335],[115.599318,38.919288],[115.600276,38.924087],[115.608914,38.922429],[115.62015,38.925965],[115.640127,38.92213],[115.652752,38.924004],[115.672739,38.922932],[115.682151,38.92044],[115.68658,38.915994],[115.689813,38.919886],[115.693125,38.914289],[115.692573,38.911251],[115.698465,38.911356],[115.697772,38.909191],[115.696418,38.909287],[115.695876,38.905062],[115.701804,38.903538],[115.703583,38.905425],[115.700291,38.898853],[115.703327,38.898217],[115.703907,38.894506],[115.712256,38.885952],[115.730426,38.88234],[115.729878,38.879589],[115.735565,38.878956],[115.740316,38.881407],[115.740195,38.883199],[115.761469,38.880744],[115.763076,38.877397],[115.761126,38.875086],[115.763198,38.870816],[115.761492,38.866762],[115.753647,38.861407],[115.75373,38.857926],[115.749113,38.85869],[115.746918,38.861019],[115.742133,38.854743],[115.741331,38.85607],[115.737897,38.855159],[115.733204,38.850747],[115.722087,38.85165],[115.714058,38.847895],[115.704751,38.847366],[115.701576,38.848977],[115.695252,38.847715],[115.693679,38.832429],[115.682811,38.832118],[115.683211,38.826796],[115.686311,38.826975],[115.688554,38.825234],[115.688432,38.823259],[115.693088,38.822889],[115.689313,38.812734],[115.685568,38.809621],[115.680188,38.812386],[115.661696,38.799751],[115.660441,38.805711],[115.658338,38.806005],[115.655274,38.803321],[115.653069,38.794679],[115.656877,38.796133],[115.658379,38.792196],[115.656034,38.786576],[115.656686,38.783882],[115.652455,38.778677],[115.672652,38.776329],[115.673852,38.774165],[115.682077,38.773334],[115.681541,38.766413],[115.683445,38.76524],[115.68475,38.769121],[115.686548,38.768963],[115.684147,38.764572],[115.656114,38.767668],[115.657132,38.769892],[115.666188,38.769377],[115.666968,38.774385],[115.662858,38.775459],[115.662396,38.771747],[115.659836,38.772002],[115.660027,38.774034],[115.651582,38.775371],[115.651694,38.767242],[115.643504,38.757855],[115.643838,38.754342],[115.641442,38.754266],[115.641518,38.749479],[115.646966,38.748843],[115.648083,38.745658],[115.652347,38.746197],[115.649923,38.739835],[115.650067,38.729948],[115.627315,38.727479],[115.630619,38.708183],[115.628667,38.707552],[115.629595,38.703437],[115.627066,38.702836],[115.62566,38.696099],[115.621331,38.695397],[115.623679,38.688236],[115.637474,38.686653],[115.645,38.68208],[115.64654,38.6829],[115.646626,38.681159],[115.651168,38.680779],[115.65074,38.679419],[115.653781,38.677996],[115.649807,38.671791],[115.64552,38.669844],[115.645494,38.667177],[115.642169,38.667179],[115.642104,38.669185],[115.63799,38.668862],[115.637685,38.671329],[115.626275,38.670555],[115.625053,38.672275],[115.622054,38.671845],[115.61872,38.667941],[115.608923,38.665908],[115.602389,38.65802],[115.603866,38.650128],[115.596191,38.648467],[115.596508,38.644337],[115.589198,38.642727],[115.587774,38.636552],[115.583313,38.635698],[115.580417,38.630983],[115.577437,38.63096],[115.577309,38.627449],[115.569243,38.624932],[115.567498,38.616551],[115.572228,38.616383],[115.572531,38.606569],[115.569048,38.595351],[115.562942,38.592148],[115.531814,38.583241],[115.504792,38.577086],[115.485311,38.575046],[115.475848,38.571955]]]}},{"type":"Feature","properties":{"dt_adcode":"130609"},"geometry":{"type":"Polygon","coordinates":[[[115.436314,39.010914],[115.421319,39.012207],[115.406842,39.011123],[115.398683,39.016155],[115.395509,39.023973],[115.398915,39.024844],[115.395926,39.024931],[115.396253,39.029901],[115.393306,39.030989],[115.399594,39.031047],[115.399611,39.029375],[115.404494,39.028547],[115.405222,39.032067],[115.408727,39.032254],[115.402913,39.033599],[115.403162,39.035934],[115.400256,39.037374],[115.399203,39.034715],[115.397434,39.034994],[115.396853,39.036974],[115.394766,39.037384],[115.396308,39.040223],[115.393654,39.040543],[115.395344,39.043224],[115.393939,39.045665],[115.39075,39.046409],[115.387829,39.051866],[115.383158,39.053188],[115.376156,39.059467],[115.372474,39.055215],[115.372563,39.049629],[115.370126,39.047019],[115.366411,39.047606],[115.36436,39.050069],[115.356761,39.047824],[115.347224,39.049181],[115.345907,39.048147],[115.346985,39.044799],[115.344593,39.043602],[115.331672,39.050825],[115.325212,39.092705],[115.343569,39.124891],[115.354708,39.135955],[115.372627,39.145902],[115.380844,39.150069],[115.389987,39.149886],[115.400585,39.148559],[115.417979,39.141749],[115.428568,39.140413],[115.435027,39.143178],[115.453714,39.162453],[115.463368,39.165734],[115.47126,39.160042],[115.486446,39.159093],[115.486713,39.164639],[115.490188,39.161254],[115.490213,39.1644],[115.492651,39.164154],[115.501828,39.157216],[115.514582,39.160182],[115.514557,39.155181],[115.516344,39.152884],[115.515614,39.149362],[115.518976,39.148552],[115.517579,39.139735],[115.518857,39.137417],[115.530349,39.137183],[115.530414,39.136069],[115.581431,39.119903],[115.606419,39.114225],[115.645263,39.12235],[115.669701,39.125641],[115.687403,39.120437],[115.699796,39.111544],[115.716593,39.105633],[115.730132,39.103373],[115.75454,39.102952],[115.761124,39.098352],[115.769376,39.05426],[115.770051,39.043707],[115.767203,39.017616],[115.770289,39.010248],[115.783577,38.999776],[115.77013,38.978293],[115.768749,38.9655],[115.765817,38.956798],[115.750554,38.942606],[115.745848,38.93596],[115.742536,38.938144],[115.737876,38.926861],[115.737702,38.922076],[115.735579,38.922192],[115.737745,38.919288],[115.743512,38.917803],[115.750441,38.910037],[115.749258,38.909133],[115.748418,38.895926],[115.751522,38.894972],[115.753154,38.89067],[115.751181,38.882283],[115.752374,38.880942],[115.740195,38.883199],[115.740316,38.881407],[115.735565,38.878956],[115.729878,38.879589],[115.730426,38.88234],[115.712256,38.885952],[115.703907,38.894506],[115.703327,38.898217],[115.700291,38.898853],[115.703583,38.905425],[115.701804,38.903538],[115.695876,38.905062],[115.696418,38.909287],[115.697772,38.909191],[115.698465,38.911356],[115.692573,38.911251],[115.693125,38.914289],[115.689813,38.919886],[115.68658,38.915994],[115.682151,38.92044],[115.672739,38.922932],[115.652752,38.924004],[115.640127,38.92213],[115.62015,38.925965],[115.608914,38.922429],[115.600276,38.924087],[115.599318,38.919288],[115.595549,38.919335],[115.595141,38.917052],[115.587498,38.917228],[115.584251,38.920804],[115.57791,38.921298],[115.570755,38.931392],[115.561794,38.931676],[115.561889,38.933298],[115.543716,38.937699],[115.540974,38.935851],[115.530777,38.937069],[115.53017,38.932536],[115.521087,38.934535],[115.519817,38.938988],[115.515681,38.940757],[115.508556,38.942112],[115.507878,38.939687],[115.505185,38.939643],[115.505315,38.942528],[115.497512,38.945917],[115.498125,38.954169],[115.487419,38.955993],[115.489025,38.957403],[115.487359,38.964109],[115.486167,38.964081],[115.480336,38.982206],[115.468741,38.993231],[115.46547,39.000763],[115.463086,39.000319],[115.461794,39.008236],[115.467745,39.010216],[115.466318,39.015427],[115.455088,39.014861],[115.454369,39.012862],[115.450625,39.012023],[115.450483,39.008075],[115.446282,39.007428],[115.440909,39.007549],[115.436314,39.010914]]]}},{"type":"Feature","properties":{"dt_adcode":"130623"},"geometry":{"type":"Polygon","coordinates":[[[115.023453,39.693398],[115.031985,39.702404],[115.041456,39.707074],[115.050061,39.709213],[115.071177,39.709392],[115.10954,39.700735],[115.121748,39.695542],[115.126527,39.691445],[115.138725,39.688645],[115.144557,39.682985],[115.156461,39.676433],[115.167219,39.672828],[115.173576,39.673142],[115.179164,39.679595],[115.180413,39.691248],[115.177642,39.700452],[115.179401,39.703262],[115.18775,39.703889],[115.198915,39.701945],[115.215014,39.708067],[115.231834,39.721514],[115.238125,39.730379],[115.243975,39.733309],[115.247335,39.737491],[115.250867,39.738842],[115.252694,39.737103],[115.256333,39.738329],[115.26022,39.737555],[115.278236,39.744999],[115.283189,39.745193],[115.289349,39.754089],[115.291964,39.762257],[115.301946,39.771063],[115.303567,39.775143],[115.307966,39.778883],[115.312362,39.779704],[115.312966,39.783556],[115.333113,39.789552],[115.33787,39.788957],[115.342947,39.790653],[115.342735,39.792206],[115.336419,39.796329],[115.33008,39.806561],[115.332998,39.810816],[115.343506,39.81723],[115.345218,39.821849],[115.343195,39.828078],[115.344168,39.840766],[115.348893,39.843845],[115.351413,39.848666],[115.3587,39.852811],[115.362991,39.858881],[115.365692,39.867926],[115.364092,39.871577],[115.364948,39.874589],[115.361819,39.877905],[115.364512,39.885317],[115.385684,39.885899],[115.399889,39.891334],[115.401645,39.903819],[115.406665,39.911845],[115.413099,39.929489],[115.419764,39.94335],[115.422462,39.944234],[115.426773,39.950082],[115.429314,39.94952],[115.438458,39.952557],[115.444072,39.951651],[115.447043,39.948798],[115.452316,39.948194],[115.463491,39.940453],[115.480689,39.935844],[115.486404,39.927369],[115.487087,39.923955],[115.49345,39.920351],[115.494271,39.918183],[115.498938,39.917945],[115.506902,39.913879],[115.509089,39.910309],[115.522808,39.899278],[115.511022,39.887871],[115.509025,39.88417],[115.510702,39.880992],[115.516667,39.88041],[115.526308,39.875651],[115.529196,39.875951],[115.527629,39.870104],[115.521819,39.868016],[115.522475,39.858977],[115.516447,39.848178],[115.510861,39.844957],[115.512564,39.843736],[115.51431,39.837719],[115.526509,39.83524],[115.530486,39.82992],[115.535667,39.83064],[115.546402,39.825986],[115.547734,39.822844],[115.563469,39.816423],[115.567375,39.816178],[115.569297,39.813792],[115.566378,39.809781],[115.566776,39.804776],[115.56229,39.803707],[115.560298,39.800264],[115.552213,39.794703],[115.54401,39.795685],[115.539425,39.794751],[115.536285,39.792128],[115.514727,39.789021],[115.50711,39.783666],[115.49237,39.796063],[115.483239,39.798681],[115.47561,39.791665],[115.458536,39.782438],[115.452753,39.781964],[115.443487,39.785695],[115.433816,39.782144],[115.431171,39.775757],[115.425204,39.773682],[115.427243,39.769602],[115.430919,39.772077],[115.435409,39.769932],[115.434411,39.763852],[115.435884,39.758007],[115.439887,39.752095],[115.449415,39.748394],[115.452671,39.748753],[115.467323,39.740205],[115.470568,39.742398],[115.481952,39.742511],[115.492432,39.738709],[115.492207,39.735732],[115.488877,39.733167],[115.488176,39.730039],[115.490286,39.727346],[115.491287,39.714134],[115.493396,39.708281],[115.490058,39.701788],[115.493093,39.701619],[115.499156,39.696397],[115.49751,39.693093],[115.499813,39.690378],[115.49698,39.689379],[115.498149,39.687686],[115.496471,39.685703],[115.493411,39.686082],[115.493315,39.683867],[115.48878,39.681626],[115.489779,39.678134],[115.487841,39.677307],[115.488074,39.674459],[115.486638,39.67359],[115.491515,39.669092],[115.482598,39.663031],[115.479649,39.659062],[115.478186,39.652312],[115.478523,39.650323],[115.484162,39.651397],[115.493596,39.648891],[115.49677,39.65255],[115.506703,39.652129],[115.509694,39.649398],[115.511501,39.644388],[115.515641,39.642782],[115.515857,39.641236],[115.522446,39.639966],[115.520344,39.633179],[115.521865,39.629532],[115.520404,39.628464],[115.523403,39.620381],[115.514367,39.613509],[115.512438,39.609825],[115.512126,39.605133],[115.515471,39.594673],[115.514303,39.591993],[115.516681,39.591318],[115.518826,39.593074],[115.518308,39.597152],[115.530595,39.602869],[115.531019,39.606281],[115.533882,39.608612],[115.534004,39.613209],[115.545977,39.618758],[115.551878,39.614069],[115.555322,39.608683],[115.563234,39.607057],[115.56752,39.599344],[115.574103,39.596391],[115.571858,39.591571],[115.579882,39.589494],[115.586608,39.589571],[115.588863,39.594006],[115.592445,39.596643],[115.598716,39.597761],[115.600461,39.601138],[115.608029,39.600131],[115.618439,39.604064],[115.625944,39.599399],[115.632557,39.597696],[115.634417,39.598167],[115.634156,39.603524],[115.637242,39.604235],[115.641823,39.603217],[115.644213,39.598779],[115.648344,39.598907],[115.650274,39.600989],[115.657275,39.600081],[115.665565,39.605692],[115.667592,39.609637],[115.666862,39.61554],[115.673281,39.608524],[115.685311,39.603676],[115.689294,39.599043],[115.689267,39.592947],[115.694224,39.587781],[115.694998,39.58447],[115.693432,39.580326],[115.699131,39.577807],[115.697217,39.577704],[115.698861,39.577546],[115.699243,39.569802],[115.696443,39.571103],[115.694477,39.570219],[115.694981,39.56725],[115.692076,39.565786],[115.698729,39.563245],[115.705121,39.563243],[115.706451,39.561713],[115.710164,39.563017],[115.715562,39.560367],[115.718352,39.561044],[115.717136,39.560209],[115.72022,39.554747],[115.718508,39.553807],[115.722706,39.552323],[115.720602,39.551318],[115.722714,39.544739],[115.721514,39.543496],[115.72347,39.544892],[115.726945,39.543901],[115.726772,39.548138],[115.728232,39.546638],[115.738525,39.546325],[115.739089,39.544498],[115.736892,39.544023],[115.73928,39.540291],[115.737639,39.539843],[115.741893,39.536316],[115.744419,39.525355],[115.751865,39.516804],[115.752073,39.511724],[115.75413,39.512202],[115.755033,39.515346],[115.757549,39.515906],[115.759588,39.513887],[115.765322,39.514854],[115.768747,39.508879],[115.770828,39.510966],[115.768748,39.514436],[115.771799,39.511695],[115.771044,39.505174],[115.774416,39.500678],[115.777909,39.490621],[115.769569,39.492549],[115.766569,39.496371],[115.759626,39.492588],[115.756757,39.494009],[115.759002,39.482646],[115.753338,39.485237],[115.752616,39.477594],[115.750883,39.479308],[115.74845,39.475939],[115.750426,39.47157],[115.745781,39.471934],[115.743697,39.466829],[115.747451,39.466981],[115.753171,39.46451],[115.756027,39.461185],[115.761992,39.450355],[115.76831,39.443397],[115.768546,39.440869],[115.78296,39.421555],[115.784899,39.416623],[115.790478,39.417153],[115.791432,39.414341],[115.799455,39.415641],[115.800645,39.409834],[115.797177,39.406188],[115.810631,39.389532],[115.801393,39.388778],[115.797482,39.385997],[115.797042,39.383371],[115.794579,39.38302],[115.793887,39.377865],[115.811711,39.375619],[115.814652,39.373413],[115.814375,39.370044],[115.812058,39.368941],[115.818691,39.362646],[115.818268,39.359786],[115.810096,39.359267],[115.809221,39.347954],[115.80056,39.34762],[115.800979,39.345569],[115.797621,39.345703],[115.795793,39.343144],[115.795333,39.339674],[115.790421,39.339798],[115.79186,39.329166],[115.787986,39.331257],[115.772563,39.329765],[115.7595,39.325465],[115.757878,39.321727],[115.75523,39.320575],[115.725326,39.321392],[115.713901,39.301043],[115.705293,39.295713],[115.699245,39.296046],[115.687884,39.301033],[115.686299,39.302573],[115.688138,39.309374],[115.681257,39.316438],[115.675439,39.316288],[115.656684,39.310621],[115.652141,39.311979],[115.650341,39.315046],[115.645219,39.314978],[115.639039,39.310518],[115.632114,39.310089],[115.622017,39.317888],[115.615807,39.320002],[115.618467,39.324442],[115.621822,39.326556],[115.622372,39.334182],[115.60701,39.342399],[115.604092,39.352917],[115.605789,39.355734],[115.600579,39.355947],[115.598326,39.363304],[115.605404,39.36582],[115.608349,39.369458],[115.614335,39.370003],[115.616794,39.371853],[115.617634,39.381525],[115.607,39.38541],[115.594314,39.384],[115.589718,39.385034],[115.583116,39.391118],[115.582669,39.396562],[115.585791,39.400243],[115.587095,39.40716],[115.583215,39.429609],[115.567047,39.450026],[115.565566,39.456368],[115.566351,39.464688],[115.559811,39.47761],[115.561684,39.485843],[115.546713,39.496853],[115.547065,39.500092],[115.543143,39.503427],[115.526199,39.50211],[115.523671,39.505623],[115.519386,39.505621],[115.514653,39.508291],[115.505236,39.509813],[115.491922,39.509295],[115.485862,39.514447],[115.47889,39.51488],[115.473692,39.523271],[115.474854,39.528334],[115.462197,39.542343],[115.46399,39.54598],[115.463068,39.548859],[115.450359,39.555242],[115.440739,39.555363],[115.42996,39.549639],[115.427905,39.543652],[115.431694,39.539719],[115.426676,39.533432],[115.425404,39.528626],[115.421717,39.525669],[115.422717,39.522954],[115.419634,39.51869],[115.408232,39.520153],[115.396422,39.516369],[115.38871,39.511204],[115.382704,39.511216],[115.382244,39.506299],[115.374997,39.503441],[115.375255,39.499317],[115.373565,39.497008],[115.364049,39.495511],[115.358223,39.496747],[115.356277,39.502867],[115.34767,39.509995],[115.340318,39.508392],[115.332922,39.514191],[115.330133,39.518771],[115.332635,39.524333],[115.341307,39.527805],[115.341584,39.531175],[115.33693,39.538037],[115.329422,39.539071],[115.328179,39.542484],[115.32952,39.544318],[115.324738,39.549003],[115.314857,39.550205],[115.310449,39.546872],[115.303541,39.546242],[115.293695,39.553504],[115.28641,39.556528],[115.284296,39.555356],[115.266459,39.558546],[115.25285,39.558282],[115.244639,39.561262],[115.242833,39.563392],[115.233066,39.558796],[115.228504,39.550043],[115.222754,39.547507],[115.215716,39.549643],[115.214909,39.560138],[115.20632,39.565179],[115.192085,39.570216],[115.18788,39.568885],[115.175949,39.572737],[115.173169,39.57517],[115.161221,39.574257],[115.157351,39.577946],[115.156152,39.581562],[115.151271,39.583583],[115.141957,39.582956],[115.128456,39.590552],[115.120912,39.590126],[115.110083,39.599024],[115.097817,39.584482],[115.105035,39.576569],[115.117936,39.579519],[115.121879,39.576947],[115.121807,39.571784],[115.118199,39.566384],[115.121946,39.56577],[115.132622,39.558608],[115.133497,39.556549],[115.132231,39.553949],[115.125936,39.550836],[115.122939,39.543683],[115.115722,39.540987],[115.109458,39.541652],[115.105199,39.54031],[115.101049,39.546149],[115.076619,39.545056],[115.067322,39.547968],[115.047037,39.546664],[115.035784,39.541191],[115.034367,39.54399],[115.0225,39.546898],[115.021152,39.549529],[115.010642,39.555306],[115.006031,39.555264],[114.999739,39.560946],[115.002022,39.566221],[115.010291,39.569369],[115.013085,39.575616],[115.016975,39.578201],[115.016108,39.580024],[115.020259,39.584142],[115.017016,39.58825],[115.009929,39.588989],[115.003542,39.595639],[115.004656,39.597713],[115.002731,39.599905],[115.003079,39.604569],[115.009697,39.606039],[115.013802,39.604733],[115.025046,39.611827],[115.030128,39.612941],[115.045343,39.622527],[115.04526,39.626316],[115.047381,39.630542],[115.051431,39.63107],[115.060546,39.636646],[115.059055,39.646348],[115.047389,39.653112],[115.040788,39.65923],[115.023453,39.693398]]]}},{"type":"Feature","properties":{"dt_adcode":"130624"},"geometry":{"type":"Polygon","coordinates":[[[114.537449,38.954893],[114.530768,38.952046],[114.530659,38.948015],[114.52032,38.933975],[114.525977,38.921123],[114.524905,38.915611],[114.513553,38.913226],[114.494562,38.913299],[114.49559,38.905289],[114.510619,38.881358],[114.515804,38.868345],[114.519303,38.85211],[114.518031,38.841331],[114.524375,38.82924],[114.531836,38.819683],[114.533997,38.812829],[114.529837,38.800651],[114.525891,38.776106],[114.518152,38.768481],[114.506759,38.764432],[114.504787,38.759894],[114.502149,38.758659],[114.490762,38.761558],[114.484829,38.759263],[114.479704,38.759339],[114.472906,38.763551],[114.468826,38.762608],[114.47172,38.752532],[114.468515,38.750941],[114.459196,38.753118],[114.447193,38.759502],[114.435613,38.761949],[114.419495,38.76197],[114.417973,38.757812],[114.418905,38.753171],[114.430264,38.747501],[114.431417,38.739716],[114.429063,38.732394],[114.423471,38.731579],[114.42265,38.726716],[114.418211,38.723535],[114.413862,38.714096],[114.413653,38.709511],[114.419046,38.702245],[114.413473,38.7039],[114.409147,38.70205],[114.402771,38.703502],[114.400636,38.702477],[114.396993,38.704213],[114.396509,38.701566],[114.394488,38.700257],[114.394341,38.695732],[114.376622,38.688414],[114.366418,38.686211],[114.34823,38.687557],[114.341152,38.690201],[114.326527,38.703273],[114.317684,38.706574],[114.311528,38.706489],[114.263976,38.698934],[114.238115,38.692399],[114.212821,38.688184],[114.182181,38.676578],[114.153757,38.674919],[114.146898,38.678705],[114.128368,38.668888],[114.128597,38.664098],[114.125043,38.659664],[114.11808,38.661451],[114.110382,38.657791],[114.099001,38.661238],[114.086119,38.658384],[114.079651,38.665267],[114.079386,38.671175],[114.072898,38.672106],[114.067235,38.670626],[114.064724,38.678521],[114.05482,38.680411],[114.053141,38.682026],[114.053672,38.685971],[114.052134,38.686405],[114.039246,38.680181],[114.033907,38.682625],[114.031573,38.688156],[114.028647,38.688518],[114.021642,38.682626],[114.017047,38.682234],[114.012523,38.686417],[113.991679,38.676774],[113.988183,38.6817],[113.981283,38.683586],[113.975905,38.687059],[113.969978,38.696203],[113.964604,38.699785],[113.952633,38.698503],[113.947369,38.70095],[113.938287,38.700479],[113.929705,38.702446],[113.932729,38.705951],[113.93235,38.713596],[113.915159,38.723346],[113.900943,38.735997],[113.893729,38.738513],[113.883276,38.746696],[113.864689,38.745987],[113.839574,38.758387],[113.839213,38.768835],[113.835882,38.779129],[113.835148,38.787303],[113.836568,38.795954],[113.840584,38.802483],[113.853644,38.810171],[113.857626,38.81832],[113.855542,38.828954],[113.835632,38.842565],[113.817019,38.846096],[113.801326,38.854872],[113.795457,38.86056],[113.790409,38.871254],[113.776203,38.88565],[113.775141,38.919078],[113.767545,38.959644],[113.768968,38.970145],[113.776736,38.986956],[113.78334,38.989301],[113.806782,38.9897],[113.830515,39.011803],[113.846317,39.021528],[113.870494,39.04081],[113.878443,39.044161],[113.884421,39.051655],[113.884855,39.057861],[113.888018,39.064481],[113.898028,39.067633],[113.920085,39.062865],[113.930278,39.063464],[113.933023,39.071058],[113.942878,39.08744],[113.949058,39.094229],[113.961764,39.100844],[113.98437,39.095377],[113.995104,39.095482],[114.000459,39.100741],[114.006475,39.122877],[114.029342,39.133429],[114.043415,39.137344],[114.050818,39.135872],[114.052992,39.131556],[114.055694,39.117169],[114.064429,39.094153],[114.071088,39.09123],[114.075391,39.091558],[114.080237,39.095445],[114.079917,39.093769],[114.085272,39.093282],[114.084928,39.08901],[114.096817,39.083699],[114.101406,39.075979],[114.102896,39.062259],[114.108714,39.052266],[114.126646,39.050911],[114.157186,39.061162],[114.167484,39.059459],[114.180894,39.049085],[114.189703,39.048278],[114.205386,39.054426],[114.226356,39.066516],[114.242611,39.066702],[114.252259,39.07351],[114.25857,39.074037],[114.268251,39.071651],[114.291021,39.075181],[114.300123,39.079218],[114.304393,39.076937],[114.308168,39.077414],[114.320509,39.070519],[114.325607,39.075001],[114.33259,39.076709],[114.341599,39.074481],[114.352809,39.076939],[114.389126,39.068425],[114.418548,39.065564],[114.422783,39.063136],[114.427915,39.057151],[114.432019,39.049799],[114.440311,39.052204],[114.459694,39.046189],[114.463284,39.042637],[114.461764,39.040567],[114.463567,39.039859],[114.462701,39.035786],[114.467287,39.030884],[114.473335,39.028276],[114.472599,39.024284],[114.474723,39.018482],[114.481873,39.0181],[114.483499,39.019302],[114.512606,39.015851],[114.519098,39.012935],[114.52623,39.006347],[114.531382,38.996314],[114.53297,38.972498],[114.535741,38.960347],[114.538895,38.957281],[114.537449,38.954893]]]}},{"type":"Feature","properties":{"dt_adcode":"130626"},"geometry":{"type":"Polygon","coordinates":[[[115.512658,39.160381],[115.525243,39.165914],[115.534584,39.176224],[115.532302,39.211436],[115.538396,39.210205],[115.539941,39.218717],[115.533543,39.219282],[115.545525,39.23257],[115.569861,39.24747],[115.591852,39.264679],[115.596376,39.276015],[115.591204,39.277371],[115.592326,39.279024],[115.596489,39.278683],[115.5968,39.281518],[115.592691,39.281871],[115.595564,39.284959],[115.596294,39.288466],[115.605737,39.289745],[115.61216,39.288953],[115.611575,39.286394],[115.612885,39.285933],[115.620359,39.287076],[115.629705,39.286178],[115.630066,39.288728],[115.632236,39.288902],[115.632693,39.292245],[115.642729,39.292078],[115.641315,39.295901],[115.638768,39.296322],[115.639072,39.298747],[115.635489,39.298727],[115.634923,39.301134],[115.631586,39.301823],[115.631802,39.307298],[115.63328,39.309687],[115.639039,39.310518],[115.647615,39.315216],[115.650341,39.315046],[115.652141,39.311979],[115.656684,39.310621],[115.675439,39.316288],[115.681984,39.316213],[115.688138,39.309374],[115.686299,39.302573],[115.687884,39.301033],[115.699245,39.296046],[115.705293,39.295713],[115.713901,39.301043],[115.725326,39.321392],[115.75523,39.320575],[115.757878,39.321727],[115.7595,39.325465],[115.778169,39.330877],[115.787986,39.331257],[115.791999,39.3285],[115.796094,39.327924],[115.795792,39.324456],[115.80157,39.324132],[115.801196,39.321054],[115.803197,39.320693],[115.804892,39.309856],[115.811853,39.305372],[115.816533,39.30564],[115.816706,39.300864],[115.821554,39.300642],[115.825294,39.304312],[115.829135,39.304077],[115.832224,39.301406],[115.836201,39.302018],[115.838043,39.303467],[115.841442,39.303101],[115.841126,39.305092],[115.848886,39.304075],[115.849894,39.302034],[115.850804,39.305769],[115.870287,39.305731],[115.870347,39.308098],[115.871911,39.308409],[115.874739,39.307928],[115.874811,39.306427],[115.88059,39.305785],[115.881307,39.307754],[115.88767,39.306311],[115.887003,39.30781],[115.889528,39.307865],[115.889871,39.310912],[115.892197,39.310788],[115.892425,39.307555],[115.898072,39.307766],[115.898071,39.304644],[115.907131,39.304747],[115.906494,39.300661],[115.909993,39.300061],[115.909657,39.297134],[115.905621,39.297418],[115.906902,39.295134],[115.910164,39.294851],[115.909751,39.292429],[115.895356,39.287115],[115.892657,39.274416],[115.896461,39.268441],[115.894041,39.268739],[115.893351,39.265221],[115.896272,39.266555],[115.899097,39.263708],[115.897716,39.266964],[115.902844,39.260666],[115.908853,39.257052],[115.909215,39.258296],[115.913585,39.257069],[115.913082,39.254575],[115.916581,39.254822],[115.932232,39.246787],[115.931849,39.242813],[115.925486,39.240517],[115.932859,39.231351],[115.937159,39.232592],[115.934629,39.230398],[115.93634,39.226818],[115.946942,39.224384],[115.947159,39.231919],[115.955083,39.232689],[115.954313,39.219026],[115.961598,39.21804],[115.961763,39.215502],[115.965997,39.215265],[115.966413,39.210987],[115.974894,39.208811],[115.974656,39.204113],[115.9627,39.2033],[115.960251,39.19967],[115.960708,39.196353],[115.963498,39.194984],[115.962296,39.187175],[115.96399,39.187103],[115.965247,39.176904],[115.961332,39.175861],[115.958811,39.154606],[115.961129,39.153626],[115.960802,39.150207],[115.956116,39.150409],[115.959557,39.138853],[115.949812,39.111527],[115.947437,39.106484],[115.927412,39.09914],[115.909476,39.09891],[115.899197,39.103267],[115.895656,39.107526],[115.892651,39.125241],[115.904068,39.135162],[115.899176,39.138691],[115.886676,39.13493],[115.877803,39.130301],[115.841406,39.125338],[115.835538,39.126265],[115.806209,39.123786],[115.769219,39.118996],[115.75454,39.102952],[115.730132,39.103373],[115.708039,39.108356],[115.699796,39.111544],[115.687403,39.120437],[115.669701,39.125641],[115.645263,39.12235],[115.606419,39.114225],[115.581431,39.119903],[115.530414,39.136069],[115.530349,39.137183],[115.518857,39.137417],[115.517579,39.139735],[115.518976,39.148552],[115.515614,39.149362],[115.516344,39.152884],[115.514557,39.155181],[115.514582,39.160182],[115.512658,39.160381]]]}},{"type":"Feature","properties":{"dt_adcode":"130627"},"geometry":{"type":"Polygon","coordinates":[[[114.846894,38.646925],[114.842279,38.64038],[114.82688,38.637296],[114.815499,38.638133],[114.810155,38.644511],[114.802039,38.662547],[114.786284,38.667091],[114.794564,38.671409],[114.793821,38.679942],[114.791113,38.680529],[114.787247,38.684651],[114.783651,38.69654],[114.770759,38.702676],[114.769583,38.707846],[114.764174,38.714732],[114.754802,38.716457],[114.746936,38.723234],[114.740815,38.724019],[114.7346,38.729872],[114.735112,38.739102],[114.730028,38.744777],[114.729084,38.750763],[114.730016,38.755339],[114.736001,38.756386],[114.735777,38.761574],[114.739388,38.763377],[114.737167,38.772206],[114.742321,38.77512],[114.730882,38.781738],[114.723976,38.778909],[114.718179,38.780712],[114.706855,38.792281],[114.706911,38.795241],[114.709802,38.802666],[114.714311,38.801869],[114.719233,38.805068],[114.719281,38.807687],[114.72517,38.812096],[114.726977,38.812643],[114.728936,38.806009],[114.739971,38.80903],[114.742309,38.813467],[114.733855,38.828807],[114.726973,38.832058],[114.727228,38.834172],[114.724477,38.83737],[114.726562,38.840644],[114.723556,38.853209],[114.723564,38.857954],[114.724889,38.858998],[114.719951,38.85896],[114.717509,38.853852],[114.712276,38.850664],[114.704844,38.858736],[114.701104,38.871969],[114.705787,38.879548],[114.702695,38.882058],[114.699983,38.888419],[114.702898,38.889104],[114.705262,38.892588],[114.704293,38.896573],[114.705776,38.898444],[114.697589,38.917429],[114.689281,38.922373],[114.678962,38.924772],[114.642817,38.923657],[114.615847,38.931439],[114.611057,38.936911],[114.605612,38.938683],[114.600564,38.935364],[114.58915,38.939105],[114.571227,38.941911],[114.561537,38.944112],[114.539143,38.953538],[114.537449,38.954893],[114.538895,38.957281],[114.535741,38.960347],[114.53297,38.972498],[114.531382,38.996314],[114.52623,39.006347],[114.519098,39.012935],[114.512606,39.015851],[114.483499,39.019302],[114.476938,39.017895],[114.473418,39.019446],[114.473335,39.028276],[114.479096,39.029982],[114.484605,39.035106],[114.485726,39.038999],[114.488463,39.040426],[114.493099,39.053505],[114.499054,39.05542],[114.505962,39.061303],[114.505555,39.063451],[114.503114,39.064586],[114.504572,39.067218],[114.514791,39.062798],[114.548041,39.064951],[114.555838,39.070975],[114.559321,39.090251],[114.564136,39.100374],[114.574513,39.111238],[114.586154,39.117306],[114.609831,39.125109],[114.623519,39.133967],[114.631341,39.1423],[114.642417,39.149758],[114.658873,39.153154],[114.684514,39.154375],[114.72468,39.150014],[114.736256,39.143724],[114.756263,39.124449],[114.766052,39.11835],[114.775507,39.114767],[114.800776,39.114048],[114.852137,39.100668],[114.856172,39.088406],[114.859274,39.085816],[114.867917,39.085293],[114.872369,39.08265],[114.873854,39.075176],[114.886322,39.066757],[114.886044,39.062554],[114.891797,39.059757],[114.893361,39.054769],[114.883427,39.04228],[114.87799,39.032653],[114.877881,39.029432],[114.873089,39.027257],[114.872608,39.023996],[114.868205,39.022124],[114.867793,39.019979],[114.862259,39.020185],[114.855947,39.023529],[114.847836,39.023191],[114.84191,39.0203],[114.840664,39.017396],[114.842236,39.014149],[114.845579,39.013535],[114.845902,39.011602],[114.850823,39.007709],[114.8555,39.005921],[114.862888,38.996369],[114.86988,38.992452],[114.869824,38.987715],[114.873888,38.985086],[114.88251,38.983541],[114.885275,38.977344],[114.896062,38.976364],[114.908564,38.979504],[114.914793,38.974125],[114.912829,38.964334],[114.905454,38.960682],[114.90473,38.958972],[114.906362,38.953798],[114.902834,38.949378],[114.896722,38.945966],[114.897367,38.941878],[114.892344,38.940134],[114.890516,38.93758],[114.891397,38.930588],[114.897334,38.926685],[114.897686,38.925561],[114.895732,38.925467],[114.897093,38.920501],[114.906063,38.916404],[114.914138,38.908709],[114.917143,38.911456],[114.921937,38.911955],[114.925896,38.91538],[114.927736,38.914209],[114.931768,38.907225],[114.94752,38.891653],[114.947484,38.882813],[114.954791,38.880576],[114.960431,38.875886],[114.961523,38.874223],[114.958743,38.870164],[114.966319,38.865893],[114.968183,38.858765],[114.974736,38.854462],[114.978633,38.854385],[114.985355,38.849323],[114.987941,38.846125],[114.98648,38.844056],[114.987233,38.841331],[114.992267,38.838453],[115.010541,38.840919],[115.017883,38.847293],[115.022788,38.847673],[115.02753,38.850472],[115.033932,38.842716],[115.036571,38.841626],[115.046986,38.842306],[115.046852,38.833628],[115.053116,38.833464],[115.051906,38.827475],[115.054262,38.818995],[115.05249,38.811909],[115.057599,38.81297],[115.057142,38.806103],[115.052282,38.804099],[115.05235,38.794449],[115.061286,38.788292],[115.063724,38.770781],[115.069079,38.765558],[115.068346,38.761693],[115.062558,38.758713],[115.063452,38.754809],[115.055122,38.754575],[115.052309,38.751069],[115.052392,38.749],[115.055086,38.748778],[115.055049,38.747398],[115.032964,38.74846],[115.03248,38.742332],[115.030106,38.742056],[115.031395,38.740587],[115.02957,38.733772],[115.033464,38.73135],[115.033458,38.726577],[115.041477,38.726071],[115.042487,38.722944],[115.041799,38.711737],[115.035562,38.709899],[115.031683,38.706258],[115.032149,38.702998],[115.038688,38.702514],[115.038666,38.695143],[115.060127,38.697295],[115.060407,38.669815],[115.058769,38.666666],[115.052634,38.664921],[115.05208,38.653982],[115.058161,38.654749],[115.059564,38.651542],[115.058384,38.641466],[115.05214,38.638557],[115.04774,38.632917],[115.046327,38.624425],[115.040683,38.623902],[115.040135,38.620523],[115.037407,38.620629],[115.036721,38.618644],[115.036571,38.620805],[115.032792,38.621129],[115.034293,38.622728],[115.029776,38.622975],[115.025719,38.627687],[115.025801,38.629776],[115.030166,38.630866],[115.028657,38.632006],[115.03186,38.631883],[115.034772,38.635042],[115.036537,38.642236],[115.03958,38.646021],[115.037619,38.646441],[115.033676,38.645717],[115.033676,38.644314],[115.017845,38.644924],[115.016164,38.641415],[115.017241,38.628986],[115.01035,38.627421],[115.009838,38.623383],[114.988761,38.62384],[114.987621,38.624897],[114.988228,38.629885],[114.979257,38.630956],[114.980097,38.635507],[114.986478,38.637654],[114.982886,38.638715],[114.984132,38.640956],[114.982485,38.642391],[114.987618,38.645901],[114.98353,38.648447],[114.985923,38.650075],[114.986395,38.661333],[114.979834,38.66112],[114.978148,38.664919],[114.978965,38.667921],[114.975239,38.67241],[114.969633,38.670678],[114.960917,38.670749],[114.959486,38.667557],[114.940179,38.667981],[114.937935,38.659496],[114.92669,38.656564],[114.925259,38.654704],[114.918263,38.656585],[114.916437,38.659609],[114.893486,38.661405],[114.893493,38.664994],[114.888846,38.667276],[114.888218,38.663914],[114.886802,38.66346],[114.874523,38.66559],[114.8706,38.669028],[114.857802,38.668884],[114.852548,38.666432],[114.851868,38.659634],[114.850016,38.658651],[114.846894,38.646925]]]}},{"type":"Feature","properties":{"dt_adcode":"130628"},"geometry":{"type":"Polygon","coordinates":[[[115.820149,38.527475],[115.823985,38.554651],[115.833303,38.559918],[115.832695,38.579971],[115.842822,38.590099],[115.847267,38.590128],[115.847127,38.595416],[115.848504,38.595497],[115.848099,38.599953],[115.844372,38.603032],[115.83943,38.604247],[115.84186,38.608298],[115.82914,38.610972],[115.829464,38.622315],[115.826547,38.628634],[115.823792,38.628878],[115.823549,38.631065],[115.817878,38.631551],[115.81569,38.634306],[115.812287,38.635278],[115.811739,38.637334],[115.80613,38.637466],[115.804753,38.640464],[115.798595,38.641112],[115.796569,38.632929],[115.793733,38.631875],[115.787171,38.631551],[115.785513,38.62982],[115.782066,38.630498],[115.781136,38.628836],[115.777286,38.629364],[115.77761,38.630984],[115.758003,38.631956],[115.756463,38.629364],[115.750387,38.630498],[115.75063,38.632929],[115.748361,38.633496],[115.739101,38.643886],[115.731788,38.647766],[115.714529,38.642692],[115.70107,38.644481],[115.688764,38.650855],[115.676819,38.652192],[115.670052,38.65126],[115.668781,38.649827],[115.6641,38.650914],[115.662265,38.653567],[115.655299,38.654162],[115.65484,38.657837],[115.650979,38.658376],[115.651194,38.663974],[115.649077,38.663622],[115.647448,38.667197],[115.645494,38.667177],[115.64552,38.669844],[115.649807,38.671791],[115.652803,38.675662],[115.653373,38.679172],[115.646626,38.681159],[115.64654,38.6829],[115.645,38.68208],[115.637474,38.686653],[115.623679,38.688236],[115.621331,38.695397],[115.62566,38.696099],[115.627066,38.702836],[115.629595,38.703437],[115.628667,38.707552],[115.630619,38.708183],[115.627315,38.727479],[115.650067,38.729948],[115.649923,38.739835],[115.652808,38.747536],[115.655859,38.745744],[115.661589,38.751591],[115.666751,38.751677],[115.670729,38.755655],[115.671554,38.759571],[115.678596,38.759601],[115.679852,38.762883],[115.685841,38.764291],[115.685808,38.761672],[115.690718,38.761001],[115.690344,38.754621],[115.689053,38.753419],[115.683461,38.754382],[115.680723,38.747708],[115.676102,38.748594],[115.673188,38.736564],[115.680245,38.733446],[115.680397,38.731453],[115.682303,38.732564],[115.690072,38.729122],[115.691974,38.730109],[115.693624,38.727656],[115.693644,38.730168],[115.694974,38.730056],[115.695977,38.727196],[115.69721,38.735192],[115.698914,38.731998],[115.699844,38.734856],[115.703801,38.733406],[115.707429,38.734849],[115.714349,38.731447],[115.716519,38.734393],[115.722007,38.73216],[115.725634,38.737742],[115.734539,38.738079],[115.735694,38.744937],[115.743204,38.744098],[115.744055,38.748612],[115.738858,38.749084],[115.740536,38.753496],[115.744645,38.753529],[115.744216,38.757947],[115.747319,38.76568],[115.745371,38.766232],[115.746586,38.769983],[115.756714,38.766348],[115.758615,38.763908],[115.76425,38.764921],[115.784469,38.759261],[115.784665,38.760694],[115.78691,38.76023],[115.78843,38.764013],[115.791461,38.7645],[115.793758,38.772411],[115.798453,38.773618],[115.798404,38.775549],[115.804481,38.775883],[115.805868,38.782337],[115.807453,38.782439],[115.807614,38.779358],[115.813562,38.77965],[115.814005,38.773962],[115.819923,38.770599],[115.821102,38.766627],[115.829964,38.766831],[115.8417,38.760116],[115.850125,38.758296],[115.854537,38.763752],[115.859085,38.76365],[115.872049,38.768286],[115.883035,38.769788],[115.888188,38.75988],[115.899461,38.761627],[115.901982,38.754627],[115.904343,38.759506],[115.92895,38.761252],[115.927471,38.765144],[115.940528,38.771515],[115.939966,38.773896],[115.947591,38.775149],[115.945978,38.772251],[115.940757,38.77082],[115.944826,38.758588],[115.948868,38.760481],[115.960923,38.756424],[115.961428,38.752931],[115.957786,38.751954],[115.957295,38.748522],[115.951862,38.746709],[115.951627,38.741732],[115.949456,38.739195],[115.950253,38.737594],[115.944029,38.73545],[115.944198,38.732076],[115.948906,38.727033],[115.950533,38.720598],[115.953075,38.718209],[115.958107,38.717839],[115.959307,38.715634],[115.961088,38.717099],[115.961965,38.712788],[115.963726,38.713086],[115.966294,38.708979],[115.962805,38.707959],[115.961546,38.702281],[115.955036,38.702917],[115.955676,38.689931],[115.960158,38.689202],[115.95882,38.681784],[115.959906,38.679891],[115.962088,38.679702],[115.962857,38.675448],[115.96894,38.677225],[115.965429,38.667437],[115.973524,38.668487],[115.970004,38.656087],[115.973876,38.649812],[115.974988,38.640304],[115.973395,38.63551],[115.963628,38.633489],[115.964086,38.630935],[115.946277,38.628789],[115.945567,38.630136],[115.946088,38.62714],[115.951122,38.627963],[115.954238,38.619357],[115.959072,38.618347],[115.96323,38.61317],[115.964201,38.607684],[115.961304,38.597086],[115.960575,38.584411],[115.966108,38.572823],[115.95236,38.571154],[115.948059,38.564246],[115.94583,38.564213],[115.943503,38.560938],[115.944193,38.559281],[115.939379,38.558424],[115.937802,38.553765],[115.934747,38.551963],[115.935708,38.548732],[115.933829,38.548511],[115.934068,38.546692],[115.939168,38.54519],[115.939034,38.542232],[115.942362,38.540829],[115.942131,38.537627],[115.940527,38.536848],[115.940719,38.530499],[115.938618,38.530805],[115.938969,38.532977],[115.935461,38.531265],[115.935918,38.533376],[115.933719,38.530404],[115.932054,38.530795],[115.931525,38.532962],[115.926862,38.532522],[115.927461,38.530136],[115.922674,38.532129],[115.921249,38.52923],[115.91831,38.529792],[115.917133,38.526104],[115.900746,38.526809],[115.897011,38.524126],[115.890794,38.525826],[115.891032,38.530423],[115.885137,38.532762],[115.885812,38.533924],[115.883844,38.535618],[115.878489,38.535536],[115.873071,38.528471],[115.858471,38.530272],[115.853243,38.526628],[115.855146,38.526375],[115.855773,38.527804],[115.868795,38.525034],[115.868486,38.522568],[115.881691,38.515086],[115.877542,38.51018],[115.868465,38.511553],[115.868874,38.512953],[115.865598,38.512707],[115.866111,38.514158],[115.863838,38.515405],[115.850058,38.519472],[115.848271,38.519578],[115.847833,38.518064],[115.829754,38.521121],[115.82703,38.525054],[115.820149,38.527475]]]}},{"type":"Feature","properties":{"dt_adcode":"130629"},"geometry":{"type":"Polygon","coordinates":[[[115.949812,39.111527],[115.974262,39.106292],[115.979929,39.107156],[115.980766,39.111321],[115.987696,39.110911],[115.990716,39.11387],[115.993537,39.112815],[115.993064,39.108966],[116.00122,39.103072],[116.009513,39.100846],[116.026803,39.100666],[116.039617,39.092904],[116.042696,39.089799],[116.041967,39.086915],[116.035014,39.08738],[116.037824,39.085544],[116.034328,39.081463],[116.030867,39.081239],[116.029084,39.077768],[116.031461,39.074995],[116.033231,39.065541],[116.035121,39.063233],[116.03667,39.064735],[116.037189,39.060891],[116.044782,39.061638],[116.047239,39.056996],[116.047362,39.049655],[116.049087,39.045825],[116.057688,39.041016],[116.052901,39.039275],[116.054205,39.037976],[116.065076,39.036769],[116.065511,39.034512],[116.06175,39.030662],[116.062622,39.027849],[116.072308,39.026411],[116.07282,39.024506],[116.075344,39.024491],[116.074381,39.019874],[116.069491,39.019878],[116.068629,39.018338],[116.054239,39.020808],[116.048287,39.004049],[116.053417,38.998944],[116.050715,38.998451],[116.051661,38.990892],[116.046438,38.991693],[116.043781,38.984515],[116.04998,38.983221],[116.043009,38.973459],[116.032474,38.969445],[116.025879,38.969983],[116.023965,38.952602],[116.022113,38.953162],[116.022879,38.959054],[116.014742,38.96026],[116.014439,38.965527],[116.006448,38.968709],[116.003988,38.973634],[115.996675,38.981196],[115.997288,38.987912],[116.003394,38.995058],[116.003935,38.999426],[116.009344,38.999395],[116.009466,39.004782],[116.006173,39.005845],[116.004344,39.010208],[116.001118,39.010131],[115.999208,39.014236],[115.982178,39.014386],[115.981117,39.011466],[115.974487,39.012371],[115.971749,39.007899],[115.969941,39.007786],[115.968035,39.008765],[115.970034,39.01272],[115.968079,39.014103],[115.957782,39.015821],[115.954855,39.013353],[115.948502,39.014122],[115.940632,39.012456],[115.94095,39.015777],[115.943993,39.016075],[115.945878,39.026344],[115.939191,39.03004],[115.939268,39.033479],[115.937014,39.03478],[115.927301,39.036606],[115.910266,39.034543],[115.904384,39.029053],[115.889987,39.008674],[115.883529,39.005014],[115.837244,38.991114],[115.800943,38.971235],[115.784838,38.964602],[115.768749,38.9655],[115.77013,38.978293],[115.783577,38.999776],[115.770289,39.010248],[115.767203,39.017616],[115.770051,39.043707],[115.769376,39.05426],[115.761124,39.098352],[115.75454,39.102952],[115.769219,39.118996],[115.806209,39.123786],[115.835538,39.126265],[115.841406,39.125338],[115.877803,39.130301],[115.886676,39.13493],[115.899176,39.138691],[115.904068,39.135162],[115.892651,39.125241],[115.895656,39.107526],[115.899197,39.103267],[115.909476,39.09891],[115.927412,39.09914],[115.947437,39.106484],[115.949812,39.111527]]]}},{"type":"Feature","properties":{"dt_adcode":"130630"},"geometry":{"type":"Polygon","coordinates":[[[114.349017,39.076642],[114.36186,39.094142],[114.362897,39.100549],[114.369667,39.107543],[114.370143,39.110408],[114.368581,39.118396],[114.369742,39.121412],[114.366833,39.129164],[114.36078,39.13397],[114.360212,39.139306],[114.370903,39.146887],[114.377998,39.149074],[114.37654,39.155731],[114.379358,39.166762],[114.388176,39.176992],[114.418003,39.171641],[114.426411,39.173886],[114.430275,39.172697],[114.433981,39.175403],[114.443608,39.174146],[114.445844,39.182767],[114.44435,39.186019],[114.447612,39.191504],[114.453162,39.192639],[114.464723,39.187914],[114.466027,39.191871],[114.470129,39.193623],[114.472256,39.198037],[114.473511,39.202546],[114.471629,39.207741],[114.475971,39.216299],[114.47425,39.219938],[114.46787,39.223644],[114.467372,39.225875],[114.461099,39.226889],[114.45731,39.225209],[114.452833,39.228845],[114.446709,39.230554],[114.440079,39.229013],[114.43523,39.229978],[114.424152,39.235278],[114.424738,39.238274],[114.415941,39.242861],[114.417329,39.245773],[114.427211,39.248778],[114.429721,39.253508],[114.432349,39.254208],[114.437646,39.260409],[114.436589,39.263144],[114.431138,39.265548],[114.425468,39.277471],[114.426186,39.281644],[114.424895,39.284813],[114.433627,39.294443],[114.433704,39.298626],[114.430374,39.306544],[114.433764,39.30971],[114.434908,39.316524],[114.437663,39.316744],[114.438603,39.319414],[114.448697,39.320551],[114.448801,39.32612],[114.452383,39.328881],[114.459788,39.327719],[114.466628,39.329683],[114.467404,39.337333],[114.47442,39.340869],[114.474529,39.343096],[114.479146,39.34624],[114.480456,39.35053],[114.469483,39.355186],[114.471732,39.362988],[114.471611,39.369401],[114.468319,39.389067],[114.47089,39.408783],[114.49397,39.433716],[114.496823,39.438549],[114.504629,39.46025],[114.504809,39.467676],[114.501835,39.472635],[114.501944,39.476755],[114.512519,39.479547],[114.514921,39.478744],[114.523278,39.485119],[114.532172,39.485909],[114.532372,39.488215],[114.536587,39.492164],[114.537097,39.498084],[114.539052,39.50083],[114.536207,39.512382],[114.547746,39.525986],[114.557326,39.53201],[114.556903,39.539488],[114.559131,39.544269],[114.557329,39.550665],[114.563184,39.554995],[114.564002,39.559436],[114.5669,39.563038],[114.567142,39.567956],[114.574494,39.581131],[114.585704,39.585659],[114.587303,39.582872],[114.595873,39.580176],[114.597949,39.575054],[114.606049,39.567101],[114.617675,39.5652],[114.615799,39.561362],[114.616764,39.559947],[114.633557,39.555849],[114.640967,39.564671],[114.648078,39.588947],[114.655001,39.599208],[114.66263,39.596738],[114.666718,39.589756],[114.680718,39.588037],[114.704982,39.591316],[114.712054,39.59437],[114.712802,39.600318],[114.711055,39.606719],[114.712804,39.614289],[114.716727,39.618688],[114.720634,39.619485],[114.73541,39.616298],[114.760616,39.617061],[114.783801,39.609477],[114.792391,39.608625],[114.811271,39.610828],[114.821621,39.610211],[114.830247,39.605914],[114.838428,39.589194],[114.844811,39.586851],[114.848873,39.589174],[114.850624,39.598483],[114.856255,39.605172],[114.865647,39.610046],[114.874965,39.621329],[114.882273,39.627558],[114.891059,39.634718],[114.93085,39.656844],[114.936352,39.663703],[114.949984,39.666576],[114.956834,39.665266],[114.961893,39.666084],[114.978304,39.676279],[114.987367,39.677997],[115.011458,39.67474],[115.020271,39.685354],[115.023453,39.693398],[115.040788,39.65923],[115.047389,39.653112],[115.059055,39.646348],[115.060677,39.638056],[115.059451,39.634918],[115.054535,39.634075],[115.051431,39.63107],[115.046716,39.629929],[115.045527,39.622887],[115.041989,39.619723],[115.013802,39.604733],[115.009089,39.606008],[115.003459,39.604931],[115.002639,39.603091],[115.002731,39.599905],[115.004622,39.598066],[115.003542,39.595639],[115.009929,39.588989],[115.017016,39.58825],[115.020259,39.584142],[115.016108,39.580024],[115.016975,39.578201],[115.013085,39.575616],[115.010291,39.569369],[115.002022,39.566221],[114.999744,39.561349],[115.000456,39.559297],[115.006031,39.555264],[115.010642,39.555306],[115.017327,39.552009],[115.0225,39.546898],[115.034367,39.54399],[115.035784,39.541191],[115.035555,39.536754],[115.030533,39.534495],[115.027649,39.530923],[115.015719,39.522993],[115.018252,39.521188],[115.018004,39.515321],[115.014697,39.510988],[115.015225,39.506487],[115.017936,39.504587],[115.016531,39.501086],[115.018728,39.495344],[115.018064,39.492288],[115.022151,39.488972],[115.028311,39.487079],[115.030888,39.48796],[115.038295,39.482896],[115.049201,39.483507],[115.054635,39.476799],[115.074654,39.478158],[115.078589,39.473513],[115.082193,39.475238],[115.086218,39.474861],[115.088469,39.467416],[115.083851,39.464428],[115.081207,39.453618],[115.065978,39.444313],[115.061713,39.43728],[115.042269,39.434911],[115.032298,39.435918],[115.02937,39.42728],[115.03468,39.422812],[115.035857,39.417293],[115.034567,39.41602],[115.040039,39.411154],[115.039238,39.406704],[115.044103,39.402109],[115.044316,39.399945],[115.036537,39.392604],[115.03438,39.386928],[115.027197,39.382236],[115.025067,39.371679],[115.029447,39.368372],[115.030238,39.358584],[115.032344,39.355299],[115.026732,39.349035],[115.008393,39.340252],[114.991797,39.337299],[114.985034,39.332654],[114.964838,39.312982],[114.948427,39.300919],[114.941006,39.303365],[114.918674,39.317828],[114.912186,39.317774],[114.901411,39.307153],[114.889626,39.283475],[114.879731,39.274243],[114.874182,39.270771],[114.860118,39.266323],[114.855179,39.261702],[114.852986,39.249555],[114.855843,39.233769],[114.863566,39.224341],[114.874396,39.220779],[114.874971,39.217033],[114.868367,39.208475],[114.871828,39.198496],[114.883692,39.189774],[114.898882,39.187366],[114.902302,39.185263],[114.902037,39.183454],[114.898272,39.181945],[114.893996,39.176087],[114.893427,39.171071],[114.872529,39.16192],[114.867603,39.154056],[114.867923,39.147833],[114.864888,39.13999],[114.868554,39.135752],[114.878011,39.13323],[114.882565,39.128644],[114.882754,39.12651],[114.892199,39.120082],[114.891766,39.114393],[114.894893,39.107475],[114.893153,39.105485],[114.878846,39.104638],[114.874118,39.101061],[114.852137,39.100668],[114.800776,39.114048],[114.775507,39.114767],[114.766052,39.11835],[114.756263,39.124449],[114.736256,39.143724],[114.72468,39.150014],[114.69425,39.154033],[114.658873,39.153154],[114.642417,39.149758],[114.631341,39.1423],[114.623519,39.133967],[114.609831,39.125109],[114.586154,39.117306],[114.574513,39.111238],[114.564136,39.100374],[114.559321,39.090251],[114.555838,39.070975],[114.548041,39.064951],[114.514791,39.062798],[114.504572,39.067218],[114.503114,39.064586],[114.505555,39.063451],[114.505962,39.061303],[114.499054,39.05542],[114.493099,39.053505],[114.488463,39.040426],[114.485726,39.038999],[114.484605,39.035106],[114.479096,39.029982],[114.474411,39.028154],[114.467287,39.030884],[114.462701,39.035786],[114.463567,39.039859],[114.461764,39.040567],[114.463284,39.042637],[114.459694,39.046189],[114.440311,39.052204],[114.432019,39.049799],[114.427915,39.057151],[114.419607,39.065155],[114.389126,39.068425],[114.372254,39.073236],[114.349017,39.076642]]]}},{"type":"Feature","properties":{"dt_adcode":"130631"},"geometry":{"type":"Polygon","coordinates":[[[115.263823,38.511138],[115.264257,38.512517],[115.261753,38.513233],[115.261799,38.510961],[115.256931,38.512704],[115.255826,38.531214],[115.24178,38.532937],[115.234423,38.552066],[115.233099,38.572671],[115.236222,38.582758],[115.234957,38.595354],[115.231992,38.601756],[115.189792,38.628148],[115.183282,38.646477],[115.150849,38.647461],[115.142892,38.624522],[115.127234,38.614138],[115.11849,38.61226],[115.110141,38.612028],[115.101743,38.619512],[115.097961,38.620145],[115.084132,38.614907],[115.077917,38.614286],[115.061276,38.616843],[115.044479,38.62312],[115.044614,38.624514],[115.046327,38.624425],[115.04774,38.632917],[115.05214,38.638557],[115.058384,38.641466],[115.059564,38.651542],[115.058161,38.654749],[115.05208,38.653982],[115.052634,38.664921],[115.058769,38.666666],[115.060407,38.669815],[115.060127,38.697295],[115.038666,38.695143],[115.038688,38.702514],[115.032149,38.702998],[115.031683,38.706258],[115.035562,38.709899],[115.041799,38.711737],[115.042487,38.722944],[115.041477,38.726071],[115.033458,38.726577],[115.033464,38.73135],[115.02957,38.733772],[115.031395,38.740587],[115.030106,38.742056],[115.03248,38.742332],[115.032964,38.74846],[115.055049,38.747398],[115.055086,38.748778],[115.052392,38.749],[115.052309,38.751069],[115.055122,38.754575],[115.063452,38.754809],[115.062558,38.758713],[115.068346,38.761693],[115.069079,38.765558],[115.063724,38.770781],[115.061286,38.788292],[115.05235,38.794449],[115.052863,38.804762],[115.05821,38.806233],[115.077021,38.803718],[115.079514,38.80662],[115.083906,38.806228],[115.084918,38.798138],[115.087527,38.795912],[115.090931,38.797151],[115.090339,38.788695],[115.094078,38.787262],[115.094321,38.774979],[115.099171,38.772163],[115.106948,38.772165],[115.111979,38.774768],[115.117282,38.772058],[115.123426,38.771939],[115.126991,38.767293],[115.155089,38.766806],[115.157918,38.770059],[115.174538,38.769892],[115.183955,38.771271],[115.184283,38.774078],[115.189551,38.774282],[115.194157,38.763672],[115.20759,38.760426],[115.20782,38.756015],[115.206221,38.753553],[115.210785,38.748692],[115.224851,38.742697],[115.230956,38.742444],[115.234062,38.744544],[115.233927,38.737703],[115.237377,38.724684],[115.23655,38.704406],[115.244635,38.704559],[115.247046,38.701982],[115.259216,38.70355],[115.260761,38.727994],[115.268056,38.728396],[115.273846,38.719517],[115.274929,38.704161],[115.265581,38.703534],[115.256441,38.69764],[115.260861,38.694232],[115.260158,38.66075],[115.264283,38.656882],[115.275428,38.651448],[115.283919,38.65195],[115.290378,38.647867],[115.294637,38.625903],[115.309036,38.601258],[115.308211,38.595782],[115.299684,38.587466],[115.298896,38.583503],[115.305038,38.578343],[115.305918,38.57119],[115.304368,38.570856],[115.304548,38.564711],[115.308574,38.554894],[115.300046,38.550447],[115.298619,38.544254],[115.304869,38.5207],[115.302868,38.51382],[115.294701,38.510114],[115.286528,38.509388],[115.263823,38.511138]]]}},{"type":"Feature","properties":{"dt_adcode":"130632"},"geometry":{"type":"Polygon","coordinates":[[[116.030031,38.969557],[116.031178,38.954195],[116.035903,38.948698],[116.032726,38.947048],[116.035753,38.943362],[116.039777,38.945585],[116.03825,38.943396],[116.041797,38.94063],[116.041277,38.938621],[116.050405,38.936994],[116.050431,38.935131],[116.054431,38.932641],[116.058739,38.932076],[116.065226,38.934571],[116.068412,38.925591],[116.074362,38.926643],[116.077929,38.921645],[116.081122,38.920875],[116.089201,38.92549],[116.088353,38.927549],[116.083931,38.926005],[116.083327,38.929698],[116.092289,38.934382],[116.097556,38.93047],[116.103512,38.933062],[116.111571,38.931701],[116.11342,38.932439],[116.113925,38.934962],[116.115946,38.935015],[116.116107,38.937561],[116.119867,38.937866],[116.120748,38.94007],[116.123119,38.929875],[116.120569,38.925759],[116.123719,38.926911],[116.125602,38.920819],[116.110971,38.915395],[116.112759,38.909716],[116.085534,38.91066],[116.075245,38.90678],[116.074349,38.904359],[116.055132,38.900709],[116.041675,38.895166],[116.038652,38.891696],[116.04661,38.887698],[116.041586,38.87847],[116.050349,38.875174],[116.050403,38.872903],[116.048722,38.860697],[116.035529,38.829484],[116.045951,38.819537],[116.045348,38.818276],[116.039416,38.811528],[116.028971,38.814274],[116.024239,38.813076],[116.016551,38.808693],[116.006665,38.799255],[115.999759,38.796811],[116.001323,38.795206],[116.001418,38.790273],[115.996492,38.790781],[115.997844,38.784575],[115.994467,38.784552],[115.991912,38.781423],[115.995118,38.777954],[115.987167,38.774188],[115.983473,38.770552],[115.984299,38.76912],[115.980592,38.769589],[115.975296,38.761777],[115.970636,38.763411],[115.970998,38.760559],[115.968039,38.755902],[115.960923,38.756424],[115.947903,38.760595],[115.944826,38.758588],[115.940757,38.77082],[115.945978,38.772251],[115.947591,38.775149],[115.946252,38.775789],[115.939966,38.773896],[115.940528,38.771515],[115.927471,38.765144],[115.92895,38.761252],[115.904343,38.759506],[115.903031,38.758503],[115.903128,38.754749],[115.901982,38.754627],[115.899461,38.761627],[115.888188,38.75988],[115.885168,38.767456],[115.883035,38.769788],[115.879466,38.770074],[115.859085,38.76365],[115.854537,38.763752],[115.849131,38.758274],[115.8417,38.760116],[115.829964,38.766831],[115.821102,38.766627],[115.819923,38.770599],[115.814005,38.773962],[115.813562,38.77965],[115.807614,38.779358],[115.807453,38.782439],[115.805868,38.782337],[115.804481,38.775883],[115.798404,38.775549],[115.798453,38.773618],[115.793758,38.772411],[115.791461,38.7645],[115.78843,38.764013],[115.78691,38.76023],[115.784665,38.760694],[115.784469,38.759261],[115.76425,38.764921],[115.758615,38.763908],[115.756714,38.766348],[115.746586,38.769983],[115.745371,38.766232],[115.747319,38.76568],[115.744216,38.757947],[115.744645,38.753529],[115.740536,38.753496],[115.738858,38.749084],[115.744055,38.748612],[115.743204,38.744098],[115.735694,38.744937],[115.734539,38.738079],[115.725634,38.737742],[115.722007,38.73216],[115.716519,38.734393],[115.714349,38.731447],[115.707429,38.734849],[115.703801,38.733406],[115.699844,38.734856],[115.698914,38.731998],[115.69721,38.735192],[115.695977,38.727196],[115.694974,38.730056],[115.693644,38.730168],[115.693624,38.727656],[115.691974,38.730109],[115.690072,38.729122],[115.682303,38.732564],[115.680397,38.731453],[115.680245,38.733446],[115.673188,38.736564],[115.676102,38.748594],[115.680723,38.747708],[115.683461,38.754382],[115.689053,38.753419],[115.690344,38.754621],[115.690718,38.761001],[115.685808,38.761672],[115.686577,38.764245],[115.679852,38.762883],[115.678596,38.759601],[115.671554,38.759571],[115.670729,38.755655],[115.666751,38.751677],[115.661589,38.751591],[115.655859,38.745744],[115.652808,38.747536],[115.652347,38.746197],[115.648083,38.745658],[115.646966,38.748843],[115.641518,38.749479],[115.641442,38.754266],[115.643838,38.754342],[115.643504,38.757855],[115.651694,38.767242],[115.651582,38.775371],[115.660027,38.774034],[115.659836,38.772002],[115.662396,38.771747],[115.662858,38.775459],[115.666968,38.774385],[115.666188,38.769377],[115.657132,38.769892],[115.656114,38.767668],[115.684147,38.764572],[115.685347,38.765404],[115.686548,38.768963],[115.68475,38.769121],[115.683445,38.76524],[115.681541,38.766413],[115.682077,38.773334],[115.673852,38.774165],[115.672652,38.776329],[115.652455,38.778677],[115.656686,38.783882],[115.656034,38.786576],[115.658379,38.792196],[115.656877,38.796133],[115.653069,38.794679],[115.655274,38.803321],[115.658338,38.806005],[115.660441,38.805711],[115.661696,38.799751],[115.680188,38.812386],[115.685568,38.809621],[115.689313,38.812734],[115.693088,38.822889],[115.688432,38.823259],[115.688554,38.825234],[115.686311,38.826975],[115.683211,38.826796],[115.682811,38.832118],[115.693679,38.832429],[115.695252,38.847715],[115.701576,38.848977],[115.704751,38.847366],[115.714058,38.847895],[115.722087,38.85165],[115.733204,38.850747],[115.737897,38.855159],[115.741331,38.85607],[115.742133,38.854743],[115.746918,38.861019],[115.749113,38.85869],[115.75373,38.857926],[115.753647,38.861407],[115.761492,38.866762],[115.763277,38.871803],[115.761126,38.875086],[115.763076,38.877397],[115.761469,38.880744],[115.75127,38.881527],[115.753154,38.89067],[115.751522,38.894972],[115.748418,38.895926],[115.749258,38.909133],[115.750441,38.910037],[115.743512,38.917803],[115.737745,38.919288],[115.735579,38.922192],[115.737702,38.922076],[115.737876,38.926861],[115.742536,38.938144],[115.745848,38.93596],[115.750554,38.942606],[115.76141,38.951535],[115.765817,38.956798],[115.768749,38.9655],[115.784838,38.964602],[115.800943,38.971235],[115.837244,38.991114],[115.883529,39.005014],[115.889987,39.008674],[115.904384,39.029053],[115.910266,39.034543],[115.927301,39.036606],[115.937014,39.03478],[115.939268,39.033479],[115.939191,39.03004],[115.945878,39.026344],[115.943993,39.016075],[115.94095,39.015777],[115.940632,39.012456],[115.948502,39.014122],[115.954855,39.013353],[115.957782,39.015821],[115.968079,39.014103],[115.970034,39.01272],[115.968035,39.008765],[115.969941,39.007786],[115.971749,39.007899],[115.974487,39.012371],[115.981117,39.011466],[115.982178,39.014386],[115.999208,39.014236],[116.001118,39.010131],[116.004344,39.010208],[116.006173,39.005845],[116.009466,39.004782],[116.009344,38.999395],[116.003935,38.999426],[116.003394,38.995058],[115.997288,38.987912],[115.996675,38.981196],[116.003988,38.973634],[116.006448,38.968709],[116.014439,38.965527],[116.014742,38.96026],[116.022879,38.959054],[116.022533,38.952636],[116.024694,38.95373],[116.025879,38.969983],[116.030031,38.969557]]]}},{"type":"Feature","properties":{"dt_adcode":"130633"},"geometry":{"type":"Polygon","coordinates":[[[115.63328,39.309687],[115.631586,39.301823],[115.634923,39.301134],[115.635489,39.298727],[115.639072,39.298747],[115.638768,39.296322],[115.641315,39.295901],[115.642729,39.292078],[115.632693,39.292245],[115.632236,39.288902],[115.630066,39.288728],[115.629705,39.286178],[115.620359,39.287076],[115.612885,39.285933],[115.611575,39.286394],[115.61216,39.288953],[115.605737,39.289745],[115.596294,39.288466],[115.595564,39.284959],[115.592691,39.281871],[115.5968,39.281518],[115.596489,39.278683],[115.592326,39.279024],[115.591204,39.277371],[115.596376,39.276015],[115.591852,39.264679],[115.569861,39.24747],[115.545525,39.23257],[115.533543,39.219282],[115.539941,39.218717],[115.538396,39.210205],[115.532302,39.211436],[115.534584,39.176224],[115.525243,39.165914],[115.501828,39.157216],[115.492651,39.164154],[115.490213,39.1644],[115.490188,39.161254],[115.486713,39.164639],[115.486446,39.159093],[115.47126,39.160042],[115.463368,39.165734],[115.453714,39.162453],[115.435027,39.143178],[115.428568,39.140413],[115.417979,39.141749],[115.400585,39.148559],[115.380844,39.150069],[115.354708,39.135955],[115.343569,39.124891],[115.320882,39.122459],[115.306387,39.126794],[115.280533,39.119401],[115.274042,39.120568],[115.262414,39.119804],[115.256627,39.113744],[115.259154,39.10782],[115.246852,39.098439],[115.245437,39.092016],[115.245766,39.087439],[115.252924,39.073731],[115.254156,39.066634],[115.251256,39.060663],[115.246829,39.05795],[115.233495,39.054991],[115.221356,39.054113],[115.206625,39.063215],[115.197157,39.072116],[115.184528,39.074584],[115.178404,39.07067],[115.162464,39.049075],[115.152519,39.046738],[115.12837,39.046759],[115.123823,39.04831],[115.115924,39.054884],[115.116566,39.05693],[115.114465,39.060621],[115.11569,39.065366],[115.10926,39.067973],[115.107086,39.064687],[115.102939,39.064368],[115.101756,39.062294],[115.098123,39.062611],[115.09458,39.05969],[115.089139,39.061411],[115.07668,39.059748],[115.068376,39.055633],[115.067916,39.052891],[115.059513,39.052988],[115.060692,39.056662],[115.054096,39.056278],[115.05353,39.059706],[115.049657,39.062361],[115.049641,39.06414],[115.05385,39.066146],[115.053301,39.075006],[115.044607,39.072575],[115.039134,39.07724],[115.035163,39.084648],[115.039247,39.088211],[115.03876,39.090187],[115.033349,39.095076],[115.030741,39.095146],[115.031296,39.098801],[115.029693,39.102404],[115.025445,39.107388],[115.025932,39.108524],[115.021034,39.112186],[115.016965,39.112226],[115.013469,39.107328],[115.00317,39.106235],[114.995614,39.114221],[114.991169,39.115405],[114.990105,39.118551],[114.991289,39.120741],[114.989661,39.122298],[114.982595,39.121158],[114.977945,39.117694],[114.96766,39.117524],[114.961977,39.112999],[114.959332,39.115427],[114.959227,39.117958],[114.950533,39.120149],[114.927037,39.116572],[114.909254,39.110226],[114.904978,39.111897],[114.894813,39.10792],[114.891766,39.114393],[114.892913,39.118531],[114.891473,39.120877],[114.882754,39.12651],[114.882565,39.128644],[114.878011,39.13323],[114.868554,39.135752],[114.864888,39.13999],[114.867923,39.147833],[114.867603,39.154056],[114.872529,39.16192],[114.893427,39.171071],[114.893996,39.176087],[114.898272,39.181945],[114.902037,39.183454],[114.902302,39.185263],[114.898882,39.187366],[114.883692,39.189774],[114.871828,39.198496],[114.868367,39.208475],[114.874971,39.217033],[114.874396,39.220779],[114.863566,39.224341],[114.855843,39.233769],[114.852986,39.249555],[114.855179,39.261702],[114.860118,39.266323],[114.874182,39.270771],[114.879731,39.274243],[114.889626,39.283475],[114.901411,39.307153],[114.912186,39.317774],[114.918674,39.317828],[114.941006,39.303365],[114.948427,39.300919],[114.964838,39.312982],[114.985034,39.332654],[114.991797,39.337299],[115.009209,39.340528],[115.025924,39.348524],[115.031942,39.354284],[115.029447,39.368372],[115.025067,39.371679],[115.025287,39.376447],[115.027429,39.382642],[115.03438,39.386928],[115.036537,39.392604],[115.044353,39.400794],[115.039238,39.406704],[115.040039,39.411154],[115.034567,39.41602],[115.035857,39.417293],[115.03468,39.422812],[115.02937,39.42728],[115.032298,39.435918],[115.042269,39.434911],[115.061713,39.43728],[115.065978,39.444313],[115.081207,39.453618],[115.083851,39.464428],[115.08849,39.467746],[115.087947,39.470896],[115.086185,39.471902],[115.086672,39.474434],[115.085058,39.475254],[115.078589,39.473513],[115.074654,39.478158],[115.054635,39.476799],[115.049201,39.483507],[115.039421,39.482582],[115.030734,39.488028],[115.028311,39.487079],[115.022151,39.488972],[115.018064,39.492288],[115.018728,39.495344],[115.016531,39.501086],[115.017888,39.504843],[115.01496,39.507059],[115.014773,39.511306],[115.018034,39.515706],[115.018204,39.521412],[115.015719,39.522993],[115.027649,39.530923],[115.030533,39.534495],[115.035555,39.536754],[115.035784,39.541191],[115.047037,39.546664],[115.067322,39.547968],[115.076619,39.545056],[115.101049,39.546149],[115.105199,39.54031],[115.109458,39.541652],[115.115722,39.540987],[115.122939,39.543683],[115.125936,39.550836],[115.132231,39.553949],[115.133497,39.556549],[115.132622,39.558608],[115.121946,39.56577],[115.118199,39.566384],[115.121807,39.571784],[115.121879,39.576947],[115.117936,39.579519],[115.105035,39.576569],[115.097817,39.584482],[115.104866,39.591324],[115.109352,39.599103],[115.120912,39.590126],[115.128456,39.590552],[115.141957,39.582956],[115.151271,39.583583],[115.156152,39.581562],[115.157351,39.577946],[115.161221,39.574257],[115.173169,39.57517],[115.175949,39.572737],[115.18788,39.568885],[115.192085,39.570216],[115.20632,39.565179],[115.214909,39.560138],[115.215716,39.549643],[115.222754,39.547507],[115.228504,39.550043],[115.233066,39.558796],[115.242833,39.563392],[115.244639,39.561262],[115.25285,39.558282],[115.266459,39.558546],[115.284296,39.555356],[115.28641,39.556528],[115.293695,39.553504],[115.303541,39.546242],[115.310449,39.546872],[115.314857,39.550205],[115.324738,39.549003],[115.32952,39.544318],[115.328179,39.542484],[115.329422,39.539071],[115.33693,39.538037],[115.341888,39.529644],[115.341307,39.527805],[115.332635,39.524333],[115.330382,39.517722],[115.340318,39.508392],[115.348237,39.509624],[115.356277,39.502867],[115.358223,39.496747],[115.363081,39.495599],[115.373565,39.497008],[115.375255,39.499317],[115.374997,39.503441],[115.382244,39.506299],[115.382704,39.511216],[115.38871,39.511204],[115.396422,39.516369],[115.408232,39.520153],[115.419634,39.51869],[115.422717,39.522954],[115.421717,39.525669],[115.425404,39.528626],[115.426676,39.533432],[115.431694,39.539719],[115.427905,39.543652],[115.430315,39.550048],[115.443158,39.555904],[115.454861,39.554081],[115.463068,39.548859],[115.46399,39.54598],[115.462197,39.542343],[115.474854,39.528334],[115.473692,39.523271],[115.47889,39.51488],[115.485862,39.514447],[115.491922,39.509295],[115.505236,39.509813],[115.514653,39.508291],[115.519386,39.505621],[115.523671,39.505623],[115.526199,39.50211],[115.543143,39.503427],[115.547065,39.500092],[115.546713,39.496853],[115.561684,39.485843],[115.559811,39.47761],[115.566351,39.464688],[115.565566,39.456368],[115.567047,39.450026],[115.583215,39.429609],[115.587095,39.40716],[115.585791,39.400243],[115.582669,39.396562],[115.583116,39.391118],[115.589718,39.385034],[115.594314,39.384],[115.607,39.38541],[115.617634,39.381525],[115.616794,39.371853],[115.614335,39.370003],[115.608349,39.369458],[115.605404,39.36582],[115.598326,39.363304],[115.600579,39.355947],[115.605789,39.355734],[115.604092,39.352917],[115.60701,39.342399],[115.622372,39.334182],[115.621822,39.326556],[115.618467,39.324442],[115.615807,39.320002],[115.619231,39.319543],[115.63328,39.309687]]]}},{"type":"Feature","properties":{"dt_adcode":"130634"},"geometry":{"type":"Polygon","coordinates":[[[114.813673,38.490737],[114.783342,38.497261],[114.765284,38.496648],[114.744109,38.488659],[114.735523,38.48201],[114.735617,38.480626],[114.733011,38.48074],[114.716351,38.490842],[114.702096,38.489114],[114.680998,38.479404],[114.673671,38.473447],[114.667948,38.483043],[114.65389,38.498266],[114.651872,38.504696],[114.642513,38.512961],[114.632947,38.51669],[114.622754,38.529331],[114.622258,38.537418],[114.614841,38.542417],[114.603211,38.562131],[114.595718,38.568913],[114.593663,38.575657],[114.589439,38.580269],[114.585604,38.588431],[114.584291,38.596409],[114.570672,38.593634],[114.571338,38.591982],[114.56964,38.591194],[114.567062,38.592339],[114.563251,38.590658],[114.55713,38.592891],[114.547224,38.591337],[114.541238,38.593846],[114.53338,38.588431],[114.530263,38.584178],[114.527621,38.59065],[114.528373,38.592484],[114.542671,38.599604],[114.549437,38.604402],[114.552139,38.608717],[114.552252,38.612991],[114.5459,38.620274],[114.545601,38.623485],[114.539878,38.630806],[114.536926,38.632311],[114.536343,38.649256],[114.52213,38.65371],[114.503498,38.674891],[114.48206,38.685249],[114.482954,38.689714],[114.477931,38.692844],[114.472999,38.693195],[114.469564,38.691439],[114.452668,38.699399],[114.444304,38.694277],[114.435328,38.693336],[114.424681,38.697956],[114.419046,38.702245],[114.413653,38.709511],[114.413862,38.714096],[114.418211,38.723535],[114.42265,38.726716],[114.423976,38.732022],[114.429063,38.732394],[114.431417,38.739716],[114.430264,38.747501],[114.418905,38.753171],[114.417973,38.757812],[114.419495,38.76197],[114.435613,38.761949],[114.447193,38.759502],[114.459196,38.753118],[114.468515,38.750941],[114.47172,38.752532],[114.468826,38.762608],[114.472906,38.763551],[114.479704,38.759339],[114.484829,38.759263],[114.490762,38.761558],[114.502149,38.758659],[114.504787,38.759894],[114.506759,38.764432],[114.518152,38.768481],[114.525891,38.776106],[114.529837,38.800651],[114.533997,38.812829],[114.531836,38.819683],[114.524375,38.82924],[114.518031,38.841331],[114.519303,38.85211],[114.515804,38.868345],[114.510619,38.881358],[114.49559,38.905289],[114.494562,38.913299],[114.513553,38.913226],[114.524905,38.915611],[114.525977,38.921123],[114.52032,38.933975],[114.530659,38.948015],[114.530768,38.952046],[114.537449,38.954893],[114.561537,38.944112],[114.58915,38.939105],[114.600564,38.935364],[114.605612,38.938683],[114.611057,38.936911],[114.615847,38.931439],[114.642817,38.923657],[114.678962,38.924772],[114.689281,38.922373],[114.697589,38.917429],[114.705776,38.898444],[114.704293,38.896573],[114.705262,38.892588],[114.702898,38.889104],[114.699983,38.888419],[114.702695,38.882058],[114.705787,38.879548],[114.701104,38.871969],[114.704844,38.858736],[114.712276,38.850664],[114.717509,38.853852],[114.719951,38.85896],[114.724889,38.858998],[114.723564,38.857954],[114.723556,38.853209],[114.726562,38.840644],[114.724477,38.83737],[114.727228,38.834172],[114.726973,38.832058],[114.733855,38.828807],[114.742309,38.813467],[114.739971,38.80903],[114.728936,38.806009],[114.726977,38.812643],[114.72517,38.812096],[114.719281,38.807687],[114.719233,38.805068],[114.714311,38.801869],[114.709802,38.802666],[114.706911,38.795241],[114.706855,38.792281],[114.718179,38.780712],[114.723976,38.778909],[114.730882,38.781738],[114.742321,38.77512],[114.737167,38.772206],[114.739388,38.763377],[114.735777,38.761574],[114.736001,38.756386],[114.730016,38.755339],[114.729084,38.750763],[114.730028,38.744777],[114.735112,38.739102],[114.733927,38.733986],[114.736163,38.727219],[114.740815,38.724019],[114.746936,38.723234],[114.754802,38.716457],[114.764174,38.714732],[114.769583,38.707846],[114.770759,38.702676],[114.783651,38.69654],[114.787247,38.684651],[114.791113,38.680529],[114.793821,38.679942],[114.794564,38.671409],[114.786284,38.667091],[114.802039,38.662547],[114.810155,38.644511],[114.815499,38.638133],[114.82688,38.637296],[114.842279,38.64038],[114.846894,38.646925],[114.881714,38.630972],[114.887203,38.625531],[114.875374,38.616893],[114.880184,38.608799],[114.879044,38.602401],[114.875399,38.601517],[114.873565,38.594643],[114.878434,38.59132],[114.888657,38.588666],[114.878338,38.573376],[114.874007,38.57037],[114.870573,38.571028],[114.869481,38.56788],[114.863236,38.567454],[114.862369,38.564676],[114.859773,38.563799],[114.860791,38.561014],[114.867244,38.559435],[114.86817,38.557499],[114.863501,38.556889],[114.863223,38.544541],[114.86149,38.544397],[114.860199,38.541785],[114.862191,38.541406],[114.861264,38.536881],[114.855476,38.535323],[114.850479,38.536263],[114.848129,38.525419],[114.841937,38.525172],[114.841605,38.521047],[114.838628,38.520803],[114.837636,38.513599],[114.822569,38.513447],[114.821603,38.508736],[114.812468,38.506873],[114.811515,38.503543],[114.812543,38.501889],[114.816559,38.500312],[114.816738,38.494282],[114.814177,38.494028],[114.813673,38.490737]]]}},{"type":"Feature","properties":{"dt_adcode":"130635"},"geometry":{"type":"Polygon","coordinates":[[[115.715957,38.438404],[115.725323,38.414382],[115.731463,38.392642],[115.731269,38.388818],[115.726973,38.381606],[115.710125,38.377338],[115.708593,38.370029],[115.705346,38.369629],[115.706762,38.362108],[115.703282,38.361466],[115.703321,38.355827],[115.700236,38.356169],[115.699787,38.349947],[115.696943,38.349851],[115.691088,38.346101],[115.669859,38.347446],[115.666316,38.345877],[115.664821,38.341641],[115.650125,38.340812],[115.645732,38.342554],[115.644029,38.34627],[115.630803,38.347186],[115.614785,38.351053],[115.601982,38.358133],[115.599935,38.364318],[115.6046,38.377408],[115.613386,38.377593],[115.613235,38.382584],[115.611288,38.383718],[115.61125,38.38576],[115.608319,38.385381],[115.605375,38.387061],[115.604841,38.396836],[115.602508,38.403473],[115.592888,38.415829],[115.576582,38.423378],[115.564246,38.421724],[115.562415,38.419102],[115.5588,38.419563],[115.559565,38.422714],[115.556162,38.421357],[115.5588,38.429736],[115.563211,38.428926],[115.562446,38.42636],[115.564131,38.426073],[115.566767,38.433426],[115.571313,38.433201],[115.571718,38.435587],[115.575769,38.436262],[115.575801,38.438345],[115.577164,38.438378],[115.577119,38.440898],[115.573247,38.44174],[115.573079,38.44703],[115.566447,38.447429],[115.563176,38.449941],[115.535976,38.457943],[115.526277,38.454146],[115.520269,38.455757],[115.520226,38.468393],[115.525633,38.472846],[115.526812,38.477908],[115.527081,38.485004],[115.524159,38.493252],[115.517442,38.508144],[115.512502,38.513916],[115.5138,38.518556],[115.512579,38.522002],[115.507606,38.526999],[115.49951,38.528949],[115.499493,38.532013],[115.493319,38.534252],[115.492216,38.539401],[115.490593,38.540006],[115.491848,38.541332],[115.487568,38.542794],[115.480698,38.557186],[115.478944,38.565891],[115.475848,38.571955],[115.485311,38.575046],[115.504792,38.577086],[115.531814,38.583241],[115.562942,38.592148],[115.569048,38.595351],[115.572531,38.606569],[115.572228,38.616383],[115.567498,38.616551],[115.569243,38.624932],[115.577309,38.627449],[115.577437,38.63096],[115.580417,38.630983],[115.583313,38.635698],[115.587774,38.636552],[115.589198,38.642727],[115.596508,38.644337],[115.596191,38.648467],[115.603866,38.650128],[115.602389,38.65802],[115.608923,38.665908],[115.61872,38.667941],[115.622054,38.671845],[115.625053,38.672275],[115.626275,38.670555],[115.637685,38.671329],[115.63799,38.668862],[115.642104,38.669185],[115.642169,38.667179],[115.647448,38.667197],[115.649077,38.663622],[115.651194,38.663974],[115.650979,38.658376],[115.65484,38.657837],[115.655299,38.654162],[115.662265,38.653567],[115.6641,38.650914],[115.668781,38.649827],[115.670052,38.65126],[115.68144,38.652209],[115.688764,38.650855],[115.70107,38.644481],[115.714529,38.642692],[115.731788,38.647766],[115.739101,38.643886],[115.748361,38.633496],[115.75063,38.632929],[115.750387,38.630498],[115.756463,38.629364],[115.758003,38.631956],[115.765052,38.631146],[115.7657,38.632199],[115.77761,38.630984],[115.777286,38.629364],[115.781136,38.628836],[115.782066,38.630498],[115.785513,38.62982],[115.787171,38.631551],[115.796569,38.632929],[115.798595,38.641112],[115.804753,38.640464],[115.80613,38.637466],[115.811739,38.637334],[115.812287,38.635278],[115.81569,38.634306],[115.817878,38.631551],[115.823549,38.631065],[115.823792,38.628878],[115.826547,38.628634],[115.826466,38.626609],[115.828654,38.625799],[115.82914,38.610972],[115.84186,38.608298],[115.83943,38.604247],[115.844372,38.603032],[115.848099,38.599953],[115.848504,38.595497],[115.847127,38.595416],[115.847267,38.590128],[115.842822,38.590099],[115.832695,38.579971],[115.833303,38.559918],[115.823985,38.554651],[115.820149,38.527475],[115.813437,38.526519],[115.791386,38.51199],[115.778004,38.493671],[115.770426,38.488176],[115.756157,38.485423],[115.745663,38.481288],[115.724693,38.454684],[115.718574,38.449173],[115.715957,38.438404]]]}},{"type":"Feature","properties":{"dt_adcode":"130636"},"geometry":{"type":"Polygon","coordinates":[[[114.961752,39.113041],[114.959806,39.110301],[114.960887,39.108647],[114.959165,39.107036],[114.959198,39.103677],[114.956211,39.102489],[114.954719,39.098313],[114.95595,39.096149],[114.959651,39.095752],[114.959641,39.092435],[114.957436,39.08945],[114.958494,39.085357],[114.961688,39.082177],[114.966766,39.080906],[114.970967,39.076049],[114.96941,39.068496],[114.960623,39.057833],[114.962049,39.046118],[114.964664,39.044329],[114.961423,39.041144],[114.963537,39.035779],[114.972906,39.036317],[114.976081,39.034216],[114.980326,39.036309],[114.982644,39.035576],[114.986039,39.033737],[114.986899,39.028953],[114.9929,39.027199],[114.993853,39.023414],[115.002506,39.016332],[115.011887,39.017564],[115.015175,39.012879],[115.017238,39.014269],[115.017173,39.016342],[115.023051,39.019129],[115.027719,39.017294],[115.032785,39.02018],[115.03551,39.017145],[115.040918,39.015198],[115.042618,39.011435],[115.045964,39.008823],[115.05482,39.009643],[115.055015,39.006567],[115.074528,39.011392],[115.077996,39.009154],[115.085558,39.013865],[115.09941,39.008408],[115.110183,39.001018],[115.112947,39.002289],[115.123562,39.001472],[115.127928,39.004485],[115.127636,39.007114],[115.130928,39.01103],[115.147981,39.009906],[115.147533,39.007053],[115.151154,39.006789],[115.157024,39.009588],[115.15837,39.007742],[115.164622,39.007078],[115.172117,39.001586],[115.173937,39.002602],[115.174672,38.994636],[115.181498,38.982612],[115.181494,38.974906],[115.175051,38.970427],[115.170648,38.969864],[115.169318,38.96567],[115.18058,38.949597],[115.177384,38.944721],[115.183279,38.942554],[115.186193,38.943557],[115.197569,38.941799],[115.203097,38.93594],[115.211427,38.939956],[115.213112,38.939389],[115.214466,38.936372],[115.211442,38.929673],[115.211196,38.924359],[115.21496,38.920379],[115.222059,38.907217],[115.236192,38.902428],[115.24133,38.896817],[115.254714,38.896708],[115.255162,38.908982],[115.261986,38.908699],[115.262066,38.910438],[115.270219,38.917564],[115.276204,38.917599],[115.286119,38.909669],[115.288465,38.906123],[115.288899,38.901936],[115.286781,38.901759],[115.282099,38.895043],[115.284416,38.883474],[115.277372,38.876517],[115.275806,38.877123],[115.275547,38.874248],[115.265534,38.869746],[115.256822,38.869179],[115.243886,38.857894],[115.243493,38.850196],[115.246863,38.847183],[115.249952,38.846676],[115.252367,38.841642],[115.255588,38.838999],[115.254879,38.827112],[115.257758,38.823504],[115.258702,38.818475],[115.262572,38.818297],[115.261718,38.811984],[115.264649,38.811617],[115.264424,38.808476],[115.253893,38.809005],[115.253338,38.806466],[115.244867,38.804892],[115.239712,38.787453],[115.239849,38.781558],[115.235625,38.780524],[115.23327,38.773706],[115.23552,38.771774],[115.235934,38.767543],[115.239752,38.767801],[115.241264,38.766145],[115.240046,38.759128],[115.237761,38.757201],[115.239365,38.745789],[115.231841,38.744209],[115.230956,38.742444],[115.224851,38.742697],[115.210785,38.748692],[115.206221,38.753553],[115.20782,38.756015],[115.20759,38.760426],[115.194157,38.763672],[115.189551,38.774282],[115.184283,38.774078],[115.183955,38.771271],[115.174538,38.769892],[115.157918,38.770059],[115.155089,38.766806],[115.126991,38.767293],[115.123426,38.771939],[115.117282,38.772058],[115.111979,38.774768],[115.106948,38.772165],[115.099171,38.772163],[115.094321,38.774979],[115.094078,38.787262],[115.090339,38.788695],[115.090931,38.797151],[115.087527,38.795912],[115.084918,38.798138],[115.083906,38.806228],[115.079642,38.806664],[115.078261,38.804352],[115.075231,38.803706],[115.057142,38.806103],[115.057599,38.81297],[115.05249,38.811909],[115.054262,38.818995],[115.051906,38.827475],[115.053116,38.833464],[115.046852,38.833628],[115.046986,38.842306],[115.036571,38.841626],[115.033932,38.842716],[115.029498,38.849614],[115.026856,38.850458],[115.022788,38.847673],[115.017883,38.847293],[115.010541,38.840919],[114.992267,38.838453],[114.987233,38.841331],[114.98648,38.844056],[114.987941,38.846125],[114.985355,38.849323],[114.978633,38.854385],[114.974736,38.854462],[114.968183,38.858765],[114.966319,38.865893],[114.958743,38.870164],[114.961523,38.874223],[114.960431,38.875886],[114.954791,38.880576],[114.947484,38.882813],[114.94752,38.891653],[114.931768,38.907225],[114.927736,38.914209],[114.925896,38.91538],[114.921937,38.911955],[114.917143,38.911456],[114.914138,38.908709],[114.906063,38.916404],[114.897093,38.920501],[114.895732,38.925467],[114.897686,38.925561],[114.897334,38.926685],[114.891397,38.930588],[114.890516,38.93758],[114.892344,38.940134],[114.897367,38.941878],[114.896722,38.945966],[114.902834,38.949378],[114.906362,38.953798],[114.90473,38.958972],[114.905454,38.960682],[114.912829,38.964334],[114.914793,38.974125],[114.908564,38.979504],[114.896062,38.976364],[114.885275,38.977344],[114.88251,38.983541],[114.873888,38.985086],[114.869824,38.987715],[114.86988,38.992452],[114.862888,38.996369],[114.8555,39.005921],[114.850823,39.007709],[114.845902,39.011602],[114.845579,39.013535],[114.842236,39.014149],[114.840664,39.017396],[114.84191,39.0203],[114.847836,39.023191],[114.855947,39.023529],[114.862259,39.020185],[114.867793,39.019979],[114.868205,39.022124],[114.872608,39.023996],[114.873089,39.027257],[114.877881,39.029432],[114.87799,39.032653],[114.883427,39.04228],[114.893361,39.054769],[114.891797,39.059757],[114.886044,39.062554],[114.886322,39.066757],[114.873854,39.075176],[114.872369,39.08265],[114.867917,39.085293],[114.859274,39.085816],[114.856172,39.088406],[114.852137,39.100668],[114.874118,39.101061],[114.878846,39.104638],[114.893153,39.105485],[114.895952,39.109022],[114.904978,39.111897],[114.909254,39.110226],[114.927037,39.116572],[114.950533,39.120149],[114.959227,39.117958],[114.959332,39.115427],[114.961752,39.113041]]]}},{"type":"Feature","properties":{"dt_adcode":"130637"},"geometry":{"type":"Polygon","coordinates":[[[115.314506,38.55076],[115.326183,38.55088],[115.329488,38.55626],[115.335204,38.555527],[115.341105,38.561068],[115.344304,38.560742],[115.348261,38.563059],[115.35085,38.567533],[115.362191,38.567826],[115.363171,38.570115],[115.379633,38.567369],[115.381098,38.571991],[115.392481,38.5714],[115.393266,38.569359],[115.401747,38.570355],[115.40126,38.577338],[115.414909,38.576576],[115.415603,38.574712],[115.417726,38.576544],[115.421777,38.575831],[115.420883,38.571586],[115.423816,38.571009],[115.423023,38.565913],[115.424275,38.564757],[115.426769,38.56476],[115.426871,38.568014],[115.431548,38.567843],[115.433529,38.566794],[115.432632,38.564138],[115.43428,38.561452],[115.440912,38.55999],[115.44671,38.560713],[115.449149,38.565204],[115.45164,38.566196],[115.458076,38.566069],[115.457742,38.561324],[115.463764,38.561177],[115.465999,38.575716],[115.471006,38.576439],[115.473768,38.574646],[115.478944,38.565891],[115.480698,38.557186],[115.487568,38.542794],[115.491848,38.541332],[115.490593,38.540006],[115.492216,38.539401],[115.493319,38.534252],[115.49764,38.533516],[115.499493,38.532013],[115.49951,38.528949],[115.507606,38.526999],[115.512579,38.522002],[115.5138,38.518556],[115.512502,38.513916],[115.517442,38.508144],[115.524159,38.493252],[115.527081,38.485004],[115.526812,38.477908],[115.525633,38.472846],[115.520226,38.468393],[115.520269,38.455757],[115.526277,38.454146],[115.535976,38.457943],[115.563176,38.449941],[115.566447,38.447429],[115.573079,38.44703],[115.573247,38.44174],[115.577119,38.440898],[115.577164,38.438378],[115.575801,38.438345],[115.575769,38.436262],[115.571718,38.435587],[115.571313,38.433201],[115.566767,38.433426],[115.564131,38.426073],[115.562446,38.42636],[115.563211,38.428926],[115.5588,38.429736],[115.556162,38.421357],[115.559565,38.422714],[115.5588,38.419563],[115.562415,38.419102],[115.564246,38.421724],[115.576582,38.423378],[115.592888,38.415829],[115.602508,38.403473],[115.604841,38.396836],[115.605375,38.387061],[115.608319,38.385381],[115.61125,38.38576],[115.611288,38.383718],[115.613235,38.382584],[115.613386,38.377593],[115.6046,38.377408],[115.601957,38.372105],[115.599935,38.364318],[115.601982,38.358133],[115.614785,38.351053],[115.630803,38.347186],[115.644029,38.34627],[115.645732,38.342554],[115.650125,38.340812],[115.651597,38.331288],[115.649053,38.329319],[115.64594,38.329547],[115.644982,38.326097],[115.62167,38.33009],[115.621862,38.332916],[115.618809,38.333527],[115.616929,38.333191],[115.616829,38.330886],[115.612859,38.331306],[115.608906,38.329326],[115.605782,38.330472],[115.604825,38.327753],[115.60185,38.327486],[115.601376,38.330529],[115.590517,38.332788],[115.591234,38.338109],[115.58597,38.338875],[115.585717,38.340391],[115.578675,38.34281],[115.578371,38.340549],[115.574945,38.342206],[115.573316,38.34027],[115.576215,38.338895],[115.576864,38.327897],[115.575774,38.326364],[115.563626,38.326402],[115.561653,38.331126],[115.555781,38.33221],[115.556656,38.33462],[115.555232,38.334921],[115.550918,38.332897],[115.547705,38.318193],[115.539259,38.317777],[115.53786,38.320085],[115.537379,38.316194],[115.519735,38.315918],[115.516085,38.317689],[115.519368,38.319163],[115.516654,38.319036],[115.516368,38.320486],[115.517471,38.326094],[115.519678,38.326209],[115.519184,38.330031],[115.516235,38.329341],[115.515246,38.330562],[115.516836,38.357342],[115.500388,38.360329],[115.501504,38.361428],[115.496043,38.362844],[115.494774,38.362028],[115.494543,38.354749],[115.496538,38.354163],[115.495099,38.343026],[115.493491,38.341125],[115.490789,38.339053],[115.483981,38.338687],[115.482662,38.339004],[115.483099,38.34046],[115.478121,38.341661],[115.476484,38.338475],[115.472471,38.339018],[115.471506,38.340149],[115.473831,38.353519],[115.479769,38.352884],[115.483209,38.358229],[115.488692,38.358853],[115.490619,38.363617],[115.491384,38.372592],[115.485782,38.373139],[115.482673,38.377783],[115.487323,38.4007],[115.491165,38.40087],[115.490791,38.406743],[115.502319,38.405505],[115.502138,38.410935],[115.467573,38.416167],[115.467592,38.417296],[115.461328,38.418139],[115.462123,38.421354],[115.455539,38.422637],[115.452158,38.421108],[115.451634,38.41683],[115.454057,38.414734],[115.453497,38.410398],[115.445644,38.406406],[115.434398,38.407462],[115.423613,38.411556],[115.415113,38.42229],[115.401103,38.428418],[115.396067,38.442593],[115.390363,38.470734],[115.385359,38.479416],[115.372442,38.490336],[115.364764,38.504268],[115.364417,38.511821],[115.36668,38.525117],[115.358131,38.536516],[115.347793,38.538435],[115.336136,38.536467],[115.333167,38.539392],[115.316941,38.53812],[115.314506,38.55076]]]}},{"type":"Feature","properties":{"dt_adcode":"130638"},"geometry":{"type":"Polygon","coordinates":[[[116.208842,38.921574],[116.180101,38.936577],[116.15621,38.944822],[116.152059,38.948381],[116.144352,38.945175],[116.144493,38.942826],[116.140874,38.941694],[116.140446,38.939501],[116.130025,38.935945],[116.122374,38.935206],[116.120748,38.94007],[116.119867,38.937866],[116.116107,38.937561],[116.115946,38.935015],[116.113925,38.934962],[116.11342,38.932439],[116.111571,38.931701],[116.103512,38.933062],[116.097556,38.93047],[116.092289,38.934382],[116.083327,38.929698],[116.083931,38.926005],[116.088353,38.927549],[116.089201,38.92549],[116.081122,38.920875],[116.077929,38.921645],[116.074362,38.926643],[116.068412,38.925591],[116.065226,38.934571],[116.058739,38.932076],[116.052333,38.93341],[116.050405,38.936994],[116.041277,38.938621],[116.041797,38.94063],[116.03825,38.943396],[116.039777,38.945585],[116.035753,38.943362],[116.032726,38.947048],[116.035903,38.948698],[116.031178,38.954195],[116.030031,38.969557],[116.043009,38.973459],[116.04998,38.983221],[116.043781,38.984515],[116.046438,38.991693],[116.051661,38.990892],[116.050715,38.998451],[116.053417,38.998944],[116.048287,39.004049],[116.053381,39.019271],[116.054239,39.020808],[116.068629,39.018338],[116.069491,39.019878],[116.074381,39.019874],[116.075344,39.024491],[116.07282,39.024506],[116.072308,39.026411],[116.062622,39.027849],[116.06175,39.030662],[116.065511,39.034512],[116.065076,39.036769],[116.054205,39.037976],[116.052901,39.039275],[116.057688,39.041016],[116.049087,39.045825],[116.047362,39.049655],[116.047239,39.056996],[116.044782,39.061638],[116.037189,39.060891],[116.03667,39.064735],[116.035121,39.063233],[116.033231,39.065541],[116.031461,39.074995],[116.029084,39.077768],[116.030867,39.081239],[116.034328,39.081463],[116.037824,39.085544],[116.035014,39.08738],[116.041967,39.086915],[116.042696,39.089799],[116.031648,39.097346],[116.032254,39.098919],[116.039142,39.100282],[116.03886,39.102286],[116.045407,39.100679],[116.044484,39.109239],[116.047541,39.109593],[116.048256,39.105847],[116.055419,39.106312],[116.070591,39.101953],[116.072249,39.1046],[116.082165,39.104119],[116.091294,39.107314],[116.09455,39.112805],[116.08878,39.141674],[116.097064,39.154033],[116.109751,39.162255],[116.117106,39.164298],[116.121607,39.162861],[116.120642,39.160064],[116.128388,39.159996],[116.128948,39.162573],[116.141068,39.160494],[116.141561,39.162466],[116.15261,39.160848],[116.1518,39.157077],[116.154483,39.1569],[116.179364,39.160595],[116.191636,39.157129],[116.209203,39.147659],[116.221824,39.147833],[116.262436,39.13812],[116.263147,39.127297],[116.279637,39.110466],[116.279509,39.108935],[116.29138,39.106341],[116.291059,39.103977],[116.299191,39.103149],[116.305339,39.098099],[116.317574,39.077917],[116.318382,39.067148],[116.316627,39.051408],[116.31862,39.037439],[116.330822,39.039338],[116.325197,39.032966],[116.324193,39.035311],[116.320601,39.035244],[116.319675,39.032164],[116.306034,39.031736],[116.301703,39.022336],[116.311293,39.021437],[116.310344,39.019112],[116.305914,39.018654],[116.309071,39.016105],[116.299386,39.018614],[116.293771,39.007317],[116.296575,39.00679],[116.295959,39.003018],[116.300735,39.001735],[116.29929,38.999021],[116.301807,38.998049],[116.299595,38.993644],[116.305009,38.992224],[116.306356,38.994518],[116.310069,38.993426],[116.313951,38.998799],[116.318208,38.998769],[116.316474,38.994703],[116.321526,38.998119],[116.333768,38.990364],[116.331582,38.98747],[116.335359,38.984003],[116.333366,38.979126],[116.330716,38.977071],[116.327994,38.977698],[116.326111,38.973127],[116.316769,38.96553],[116.316183,38.962727],[116.306297,38.967015],[116.305142,38.968057],[116.307034,38.969896],[116.301095,38.974254],[116.297456,38.974589],[116.291201,38.964543],[116.291404,38.948658],[116.279324,38.942815],[116.272837,38.942509],[116.260628,38.936078],[116.256236,38.936501],[116.253024,38.932054],[116.237657,38.928136],[116.237189,38.931531],[116.245356,38.934078],[116.245508,38.945381],[116.243762,38.945564],[116.243652,38.949353],[116.235382,38.949002],[116.235349,38.942791],[116.228091,38.942191],[116.227288,38.929674],[116.232176,38.929019],[116.232291,38.925917],[116.229555,38.924351],[116.208842,38.921574]]]}},{"type":"Feature","properties":{"dt_adcode":"130681"},"geometry":{"type":"Polygon","coordinates":[[[116.116822,39.376212],[116.116778,39.358078],[116.113773,39.352603],[116.088796,39.352205],[116.086694,39.357382],[116.07435,39.359669],[116.073057,39.363091],[116.058926,39.363451],[116.05558,39.367136],[116.048414,39.367981],[116.045059,39.366134],[116.043478,39.362108],[116.032276,39.361532],[116.031659,39.355213],[116.02283,39.356166],[116.022751,39.35889],[116.017473,39.359552],[116.016868,39.365814],[115.997557,39.366989],[115.994233,39.368609],[115.991615,39.364727],[115.984791,39.364992],[115.984619,39.363168],[115.970708,39.363068],[115.969063,39.359518],[115.953666,39.364727],[115.952281,39.367088],[115.940374,39.369372],[115.937915,39.375123],[115.898058,39.374896],[115.899812,39.379296],[115.884025,39.381529],[115.883339,39.379341],[115.874858,39.381704],[115.873645,39.378346],[115.856933,39.3805],[115.855783,39.382734],[115.847802,39.385969],[115.839995,39.383528],[115.839217,39.387473],[115.823393,39.386219],[115.823861,39.382904],[115.822128,39.38439],[115.808369,39.381743],[115.806071,39.376294],[115.797988,39.376435],[115.793887,39.377865],[115.794579,39.38302],[115.797042,39.383371],[115.797482,39.385997],[115.801393,39.388778],[115.810631,39.389532],[115.797177,39.406188],[115.800645,39.409834],[115.799455,39.415641],[115.791432,39.414341],[115.790478,39.417153],[115.784899,39.416623],[115.78296,39.421555],[115.768546,39.440869],[115.76831,39.443397],[115.761992,39.450355],[115.756027,39.461185],[115.753171,39.46451],[115.747451,39.466981],[115.743697,39.466829],[115.745781,39.471934],[115.750426,39.47157],[115.74845,39.475939],[115.750883,39.479308],[115.752616,39.477594],[115.753338,39.485237],[115.759002,39.482646],[115.756757,39.494009],[115.759626,39.492588],[115.766569,39.496371],[115.769569,39.492549],[115.777909,39.490621],[115.774416,39.500678],[115.771044,39.505174],[115.771799,39.511695],[115.767421,39.515869],[115.776542,39.512716],[115.77792,39.513827],[115.786499,39.510029],[115.806031,39.510068],[115.805615,39.508349],[115.807806,39.507816],[115.808447,39.509743],[115.804914,39.511468],[115.820324,39.509718],[115.828686,39.507049],[115.830253,39.509348],[115.82776,39.511584],[115.829413,39.511451],[115.829483,39.512879],[115.826272,39.514192],[115.823562,39.512134],[115.824125,39.513827],[115.822152,39.514139],[115.821044,39.517075],[115.822646,39.517381],[115.819763,39.518532],[115.824437,39.518767],[115.824109,39.522401],[115.819721,39.523173],[115.821304,39.523145],[115.819124,39.530151],[115.822751,39.53054],[115.824318,39.534214],[115.828395,39.535462],[115.828699,39.541309],[115.842149,39.541566],[115.846036,39.543291],[115.846876,39.551252],[115.851369,39.550449],[115.852928,39.553746],[115.85549,39.554988],[115.862017,39.548547],[115.866036,39.549848],[115.866347,39.546357],[115.872314,39.546097],[115.873302,39.548835],[115.882962,39.548116],[115.883586,39.551107],[115.887685,39.550665],[115.888744,39.555607],[115.887166,39.556196],[115.89306,39.556223],[115.893407,39.561871],[115.892315,39.564672],[115.890668,39.563939],[115.890443,39.568606],[115.896018,39.569909],[115.899313,39.568779],[115.901039,39.570299],[115.902114,39.567394],[115.907857,39.566876],[115.908135,39.568096],[115.906244,39.568496],[115.911398,39.568943],[115.912754,39.572835],[115.910695,39.573259],[115.915632,39.58306],[115.908741,39.584027],[115.909662,39.58829],[115.906798,39.590018],[115.910192,39.600833],[115.912171,39.599183],[115.923751,39.597287],[115.924185,39.593845],[115.930213,39.593381],[115.929987,39.589942],[115.932585,39.589811],[115.932428,39.587271],[115.934166,39.588072],[115.934965,39.581817],[115.938102,39.581704],[115.937948,39.577473],[115.943181,39.577385],[115.943085,39.57468],[115.949154,39.573293],[115.950414,39.566362],[115.954989,39.566097],[115.954832,39.563913],[115.957286,39.563697],[115.957546,39.560919],[115.959582,39.560845],[115.959878,39.563589],[115.963472,39.563641],[115.963411,39.565495],[115.967589,39.564602],[115.967519,39.569207],[115.968912,39.570991],[115.974571,39.570836],[115.974727,39.569595],[115.976172,39.570016],[115.975659,39.572862],[115.979263,39.572425],[115.976373,39.575977],[115.977738,39.57939],[115.977077,39.590933],[115.978279,39.590949],[115.978445,39.59569],[115.990999,39.593788],[115.990818,39.589899],[115.991881,39.589911],[115.990713,39.586473],[115.99336,39.58352],[115.996949,39.58321],[115.995192,39.577072],[116.007612,39.57721],[116.009659,39.578627],[116.01058,39.583021],[116.013698,39.583034],[116.014048,39.588076],[116.01639,39.588135],[116.020675,39.585981],[116.026223,39.587408],[116.024753,39.578906],[116.026129,39.578454],[116.02477,39.575607],[116.030631,39.575446],[116.032869,39.574614],[116.032729,39.572391],[116.03528,39.57182],[116.09907,39.575173],[116.099582,39.577283],[116.102012,39.576137],[116.101369,39.580057],[116.106031,39.576153],[116.106044,39.57099],[116.113785,39.570669],[116.116835,39.574201],[116.121458,39.574925],[116.121526,39.570557],[116.130306,39.569451],[116.130375,39.567745],[116.138415,39.568882],[116.139106,39.571331],[116.143529,39.570857],[116.145798,39.575434],[116.147008,39.575274],[116.146713,39.571936],[116.149614,39.573081],[116.151794,39.583408],[116.154124,39.586022],[116.155786,39.585498],[116.155188,39.583667],[116.160409,39.584175],[116.160617,39.583137],[116.176917,39.585903],[116.177065,39.590009],[116.180692,39.590645],[116.190776,39.589428],[116.190577,39.587379],[116.194014,39.587182],[116.193988,39.589192],[116.196863,39.588983],[116.196403,39.586088],[116.19849,39.586046],[116.198906,39.589188],[116.19933,39.586352],[116.200568,39.589025],[116.200421,39.586398],[116.201547,39.588897],[116.201512,39.586366],[116.202136,39.588913],[116.204049,39.588806],[116.203191,39.583772],[116.206239,39.583224],[116.208113,39.577723],[116.221175,39.578929],[116.227868,39.566062],[116.236462,39.568391],[116.234676,39.563938],[116.240649,39.564091],[116.243008,39.558368],[116.246182,39.557164],[116.242495,39.552971],[116.245713,39.550461],[116.243562,39.54912],[116.246516,39.539783],[116.244849,39.534107],[116.24635,39.53398],[116.245608,39.530137],[116.248349,39.529709],[116.246235,39.527304],[116.246474,39.5253],[116.243524,39.52423],[116.246706,39.519531],[116.244694,39.517344],[116.237882,39.516641],[116.23,39.505077],[116.222752,39.501983],[116.224311,39.508688],[116.220814,39.509471],[116.220871,39.511634],[116.206563,39.511899],[116.20499,39.507058],[116.203447,39.506886],[116.204038,39.503042],[116.191196,39.501802],[116.189598,39.49641],[116.182138,39.49632],[116.180522,39.494509],[116.179914,39.486559],[116.174846,39.486753],[116.174685,39.484768],[116.171511,39.484735],[116.171459,39.478616],[116.164766,39.478447],[116.161246,39.472199],[116.151299,39.471012],[116.146128,39.459414],[116.14448,39.451141],[116.135148,39.437076],[116.140316,39.436372],[116.139303,39.433479],[116.140971,39.433183],[116.141086,39.42991],[116.133993,39.430889],[116.132106,39.429445],[116.13302,39.405522],[116.126834,39.387374],[116.116822,39.376212]]]}},{"type":"Feature","properties":{"dt_adcode":"130682"},"geometry":{"type":"Polygon","coordinates":[[[115.044614,38.624514],[115.044479,38.62312],[115.047601,38.621728],[115.066683,38.615698],[115.084132,38.614907],[115.097961,38.620145],[115.101743,38.619512],[115.110141,38.612028],[115.11849,38.61226],[115.127234,38.614138],[115.142892,38.624522],[115.150849,38.647461],[115.183282,38.646477],[115.189792,38.628148],[115.231992,38.601756],[115.234957,38.595354],[115.236222,38.582758],[115.233099,38.572671],[115.234423,38.552066],[115.24178,38.532937],[115.255826,38.531214],[115.256931,38.512704],[115.261799,38.510961],[115.261753,38.513233],[115.264257,38.512517],[115.241259,38.478904],[115.24991,38.468539],[115.252044,38.468007],[115.253283,38.469629],[115.256413,38.463014],[115.245283,38.460998],[115.241119,38.451996],[115.238903,38.454461],[115.234174,38.454893],[115.229162,38.430431],[115.233461,38.428862],[115.231959,38.420462],[115.228331,38.412285],[115.203564,38.41268],[115.200869,38.415899],[115.200997,38.411304],[115.207881,38.408916],[115.215279,38.408573],[115.220746,38.398747],[115.217745,38.397032],[115.216255,38.390547],[115.212814,38.38924],[115.21076,38.389561],[115.21053,38.391076],[115.201232,38.390174],[115.201326,38.386648],[115.198129,38.384598],[115.195937,38.379159],[115.192773,38.379884],[115.187203,38.378008],[115.187532,38.373385],[115.179976,38.370721],[115.184665,38.36934],[115.188028,38.364539],[115.20107,38.362318],[115.204752,38.357461],[115.21326,38.354877],[115.216139,38.345682],[115.214789,38.34219],[115.211049,38.340009],[115.214329,38.332597],[115.21208,38.324269],[115.228163,38.318357],[115.226018,38.30934],[115.228193,38.307217],[115.228001,38.304718],[115.238089,38.303527],[115.239706,38.296818],[115.242968,38.296701],[115.245579,38.291449],[115.245941,38.281782],[115.240042,38.278984],[115.223454,38.279054],[115.222399,38.272643],[115.225885,38.269867],[115.225127,38.268274],[115.227187,38.26797],[115.227101,38.266353],[115.223934,38.266833],[115.223406,38.263772],[115.225127,38.262881],[115.221736,38.26042],[115.219938,38.251147],[115.215204,38.24627],[115.212486,38.246304],[115.210178,38.236518],[115.208403,38.237589],[115.207543,38.235262],[115.194213,38.236731],[115.190451,38.238859],[115.189873,38.242394],[115.186165,38.243038],[115.185997,38.248511],[115.179373,38.249127],[115.180068,38.250196],[115.171946,38.253002],[115.171553,38.256034],[115.168573,38.259575],[115.15231,38.256775],[115.144476,38.257199],[115.108103,38.26456],[115.085877,38.276774],[115.079984,38.283825],[115.075848,38.285085],[115.075584,38.288278],[115.071641,38.289442],[115.071523,38.293197],[115.064738,38.293321],[115.058636,38.290749],[115.056744,38.288319],[115.065111,38.27943],[115.064247,38.27325],[115.066504,38.272546],[115.066176,38.264699],[115.056488,38.258476],[115.049947,38.259821],[115.045721,38.255884],[115.043865,38.256154],[115.045174,38.26112],[115.040453,38.262667],[115.038427,38.266178],[115.03189,38.267115],[115.015564,38.26422],[115.007612,38.260861],[115.000464,38.25353],[114.992199,38.255018],[114.989066,38.258128],[114.990946,38.265087],[114.989057,38.273588],[114.985695,38.27279],[114.981072,38.274175],[114.977775,38.277734],[114.97432,38.278019],[114.974716,38.279425],[114.968908,38.278946],[114.970068,38.281081],[114.948162,38.278084],[114.939784,38.281851],[114.927657,38.283376],[114.9207,38.277192],[114.920104,38.272869],[114.915904,38.273154],[114.915248,38.266336],[114.916494,38.264835],[114.90989,38.260994],[114.909467,38.262118],[114.886175,38.265307],[114.883534,38.268484],[114.884411,38.274629],[114.882028,38.280884],[114.883319,38.284855],[114.891782,38.292016],[114.903583,38.295597],[114.903597,38.301435],[114.906971,38.309612],[114.916418,38.312856],[114.92012,38.31616],[114.922871,38.315613],[114.927516,38.327977],[114.930799,38.328708],[114.9356,38.327283],[114.941336,38.337042],[114.943017,38.343199],[114.9329,38.344219],[114.932917,38.348575],[114.930476,38.35023],[114.92993,38.35382],[114.928069,38.353833],[114.930006,38.367654],[114.925647,38.370143],[114.923526,38.378431],[114.923418,38.388218],[114.92089,38.391763],[114.910377,38.393763],[114.910748,38.40253],[114.902325,38.403438],[114.882276,38.424141],[114.869366,38.430083],[114.869094,38.433248],[114.86486,38.432971],[114.864565,38.430401],[114.864044,38.434031],[114.86278,38.434197],[114.856066,38.431205],[114.853993,38.435909],[114.854266,38.439358],[114.856816,38.441121],[114.858194,38.444892],[114.856021,38.453611],[114.854333,38.451883],[114.851387,38.452434],[114.847415,38.454993],[114.847074,38.460616],[114.841013,38.460806],[114.83788,38.435743],[114.834841,38.433896],[114.829157,38.433743],[114.829728,38.444322],[114.823364,38.446401],[114.819129,38.449903],[114.820072,38.458647],[114.828204,38.458451],[114.830845,38.46032],[114.831668,38.464906],[114.828076,38.465816],[114.824865,38.469574],[114.819613,38.484476],[114.813673,38.490737],[114.814177,38.494028],[114.816738,38.494282],[114.816559,38.500312],[114.812543,38.501889],[114.811519,38.505872],[114.821603,38.508736],[114.822569,38.513447],[114.837636,38.513599],[114.838628,38.520803],[114.841605,38.521047],[114.841937,38.525172],[114.848129,38.525419],[114.850479,38.536263],[114.855476,38.535323],[114.861264,38.536881],[114.862191,38.541406],[114.860199,38.541785],[114.86149,38.544397],[114.863223,38.544541],[114.863501,38.556889],[114.86817,38.557499],[114.867244,38.559435],[114.860791,38.561014],[114.859773,38.563799],[114.862369,38.564676],[114.863236,38.567454],[114.869481,38.56788],[114.870573,38.571028],[114.874007,38.57037],[114.878338,38.573376],[114.888657,38.588666],[114.878434,38.59132],[114.873565,38.594643],[114.875399,38.601517],[114.879044,38.602401],[114.880184,38.608799],[114.875374,38.616893],[114.887203,38.625531],[114.881714,38.630972],[114.846894,38.646925],[114.850016,38.658651],[114.851868,38.659634],[114.852548,38.666432],[114.86174,38.669525],[114.8706,38.669028],[114.874523,38.66559],[114.886802,38.66346],[114.888218,38.663914],[114.888846,38.667276],[114.893493,38.664994],[114.893486,38.661405],[114.916437,38.659609],[114.918263,38.656585],[114.925259,38.654704],[114.92669,38.656564],[114.937935,38.659496],[114.940179,38.667981],[114.959486,38.667557],[114.960917,38.670749],[114.969633,38.670678],[114.975239,38.67241],[114.978965,38.667921],[114.978148,38.664919],[114.979834,38.66112],[114.986395,38.661333],[114.985923,38.650075],[114.98353,38.648447],[114.987618,38.645901],[114.982485,38.642391],[114.984132,38.640956],[114.982886,38.638715],[114.986478,38.637654],[114.980097,38.635507],[114.979257,38.630956],[114.988228,38.629885],[114.987621,38.624897],[114.988761,38.62384],[115.009838,38.623383],[115.01035,38.627421],[115.017241,38.628986],[115.016164,38.641415],[115.017845,38.644924],[115.033676,38.644314],[115.033676,38.645717],[115.037619,38.646441],[115.03958,38.646021],[115.036537,38.642236],[115.034772,38.635042],[115.03186,38.631883],[115.028657,38.632006],[115.030166,38.630866],[115.025801,38.629776],[115.025719,38.627687],[115.029776,38.622975],[115.034293,38.622728],[115.032792,38.621129],[115.036571,38.620805],[115.036721,38.618644],[115.037407,38.620629],[115.040135,38.620523],[115.040683,38.623902],[115.044614,38.624514]]]}},{"type":"Feature","properties":{"dt_adcode":"130683"},"geometry":{"type":"Polygon","coordinates":[[[115.32986,38.248138],[115.309428,38.245276],[115.304138,38.241291],[115.302778,38.235282],[115.292578,38.23474],[115.273591,38.240297],[115.271539,38.242274],[115.271576,38.244803],[115.274325,38.256152],[115.268508,38.259866],[115.264014,38.260554],[115.261263,38.265056],[115.261142,38.272873],[115.26873,38.272705],[115.268473,38.275197],[115.26607,38.275131],[115.265597,38.277506],[115.265812,38.287663],[115.261821,38.286602],[115.25221,38.290944],[115.250962,38.287527],[115.245684,38.286869],[115.243986,38.295708],[115.239706,38.296818],[115.238089,38.303527],[115.228001,38.304718],[115.228193,38.307217],[115.226018,38.30934],[115.228163,38.318357],[115.21208,38.324269],[115.214329,38.332597],[115.211049,38.340009],[115.214789,38.34219],[115.216139,38.345682],[115.21326,38.354877],[115.204752,38.357461],[115.20107,38.362318],[115.188028,38.364539],[115.184665,38.36934],[115.179976,38.370721],[115.187532,38.373385],[115.187203,38.378008],[115.192773,38.379884],[115.195937,38.379159],[115.198129,38.384598],[115.201326,38.386648],[115.201232,38.390174],[115.21053,38.391076],[115.21076,38.389561],[115.212814,38.38924],[115.216255,38.390547],[115.217745,38.397032],[115.220746,38.398747],[115.215279,38.408573],[115.207881,38.408916],[115.200997,38.411304],[115.200869,38.415899],[115.203564,38.41268],[115.210872,38.412095],[115.228331,38.412285],[115.229943,38.414168],[115.233461,38.428862],[115.229162,38.430431],[115.234174,38.454893],[115.238903,38.454461],[115.241119,38.451996],[115.245283,38.460998],[115.256413,38.463014],[115.253283,38.469629],[115.252044,38.468007],[115.24991,38.468539],[115.241259,38.478904],[115.263823,38.511138],[115.286528,38.509388],[115.294701,38.510114],[115.302868,38.51382],[115.304869,38.5207],[115.298619,38.544254],[115.300046,38.550447],[115.308574,38.554894],[115.314506,38.55076],[115.316941,38.53812],[115.333167,38.539392],[115.336136,38.536467],[115.347793,38.538435],[115.358131,38.536516],[115.36668,38.525117],[115.364417,38.511821],[115.364764,38.504268],[115.372442,38.490336],[115.385359,38.479416],[115.390363,38.470734],[115.396067,38.442593],[115.401103,38.428418],[115.415113,38.42229],[115.423613,38.411556],[115.434398,38.407462],[115.445644,38.406406],[115.453497,38.410398],[115.454057,38.414734],[115.451634,38.41683],[115.452158,38.421108],[115.455539,38.422637],[115.462123,38.421354],[115.461328,38.418139],[115.467592,38.417296],[115.467573,38.416167],[115.502138,38.410935],[115.502319,38.405505],[115.490791,38.406743],[115.491165,38.40087],[115.487323,38.4007],[115.486372,38.397531],[115.482673,38.377783],[115.485782,38.373139],[115.491384,38.372592],[115.488692,38.358853],[115.483209,38.358229],[115.479769,38.352884],[115.473831,38.353519],[115.471506,38.340149],[115.476484,38.338475],[115.474941,38.334499],[115.482531,38.334922],[115.483942,38.330584],[115.48315,38.328026],[115.470527,38.33127],[115.464595,38.330234],[115.462084,38.327332],[115.436427,38.331117],[115.42237,38.335436],[115.420896,38.337945],[115.407553,38.334305],[115.406422,38.323703],[115.402477,38.320126],[115.392362,38.324281],[115.390849,38.328332],[115.381801,38.327545],[115.377152,38.320977],[115.377861,38.318094],[115.381504,38.317899],[115.383083,38.299071],[115.389539,38.299521],[115.389788,38.292241],[115.394468,38.291472],[115.39362,38.285587],[115.387641,38.282794],[115.373573,38.281735],[115.372181,38.283394],[115.369097,38.283424],[115.367004,38.277423],[115.361676,38.275731],[115.361851,38.27187],[115.356191,38.271774],[115.356488,38.262972],[115.359334,38.262017],[115.359615,38.256447],[115.352893,38.253977],[115.349561,38.248097],[115.340386,38.245271],[115.329981,38.244588],[115.32986,38.248138]]]}},{"type":"Feature","properties":{"dt_adcode":"130684"},"geometry":{"type":"Polygon","coordinates":[[[116.221824,39.147833],[116.209203,39.147659],[116.191636,39.157129],[116.179364,39.160595],[116.154483,39.1569],[116.1518,39.157077],[116.15261,39.160848],[116.141561,39.162466],[116.141068,39.160494],[116.128948,39.162573],[116.128388,39.159996],[116.120642,39.160064],[116.121607,39.162861],[116.117106,39.164298],[116.103261,39.158834],[116.097064,39.154033],[116.091446,39.146943],[116.08878,39.141674],[116.09455,39.112805],[116.091294,39.107314],[116.082165,39.104119],[116.073382,39.104886],[116.070591,39.101953],[116.055419,39.106312],[116.048256,39.105847],[116.047541,39.109593],[116.044484,39.109239],[116.045407,39.100679],[116.03886,39.102286],[116.039142,39.100282],[116.032254,39.098919],[116.031648,39.097346],[116.023152,39.101522],[116.009513,39.100846],[116.00122,39.103072],[115.993064,39.108966],[115.993537,39.112815],[115.990716,39.11387],[115.987696,39.110911],[115.980766,39.111321],[115.979929,39.107156],[115.974262,39.106292],[115.949812,39.111527],[115.959557,39.138853],[115.956116,39.150409],[115.960802,39.150207],[115.961129,39.153626],[115.958811,39.154606],[115.961332,39.175861],[115.965247,39.176904],[115.96399,39.187103],[115.962296,39.187175],[115.963498,39.194984],[115.960708,39.196353],[115.960251,39.19967],[115.9627,39.2033],[115.974656,39.204113],[115.974894,39.208811],[115.966413,39.210987],[115.965997,39.215265],[115.961763,39.215502],[115.961598,39.21804],[115.954313,39.219026],[115.955083,39.232689],[115.947159,39.231919],[115.946942,39.224384],[115.93634,39.226818],[115.934629,39.230398],[115.937159,39.232592],[115.932859,39.231351],[115.925486,39.240517],[115.931849,39.242813],[115.932232,39.246787],[115.916581,39.254822],[115.913082,39.254575],[115.913585,39.257069],[115.909215,39.258296],[115.908853,39.257052],[115.902844,39.260666],[115.897716,39.266964],[115.899097,39.263708],[115.896272,39.266555],[115.893351,39.265221],[115.894041,39.268739],[115.896461,39.268441],[115.892657,39.274416],[115.895356,39.287115],[115.909751,39.292429],[115.910164,39.294851],[115.906902,39.295134],[115.905621,39.297418],[115.909657,39.297134],[115.909993,39.300061],[115.906494,39.300661],[115.907131,39.304747],[115.898071,39.304644],[115.898072,39.307766],[115.892425,39.307555],[115.892197,39.310788],[115.889871,39.310912],[115.889528,39.307865],[115.887003,39.30781],[115.88767,39.306311],[115.881307,39.307754],[115.88059,39.305785],[115.874811,39.306427],[115.874739,39.307928],[115.871911,39.308409],[115.870347,39.308098],[115.870287,39.305731],[115.850804,39.305769],[115.849894,39.302034],[115.848886,39.304075],[115.841126,39.305092],[115.841442,39.303101],[115.838043,39.303467],[115.836201,39.302018],[115.832224,39.301406],[115.829135,39.304077],[115.825294,39.304312],[115.821554,39.300642],[115.816706,39.300864],[115.816533,39.30564],[115.811853,39.305372],[115.804892,39.309856],[115.803197,39.320693],[115.801196,39.321054],[115.80157,39.324132],[115.795792,39.324456],[115.796094,39.327924],[115.791999,39.3285],[115.791574,39.337027],[115.79018,39.337219],[115.790421,39.339798],[115.795333,39.339674],[115.795793,39.343144],[115.797621,39.345703],[115.800979,39.345569],[115.80056,39.34762],[115.809221,39.347954],[115.810096,39.359267],[115.818268,39.359786],[115.818691,39.362646],[115.812058,39.368941],[115.814375,39.370044],[115.814652,39.373413],[115.811711,39.375619],[115.806223,39.375812],[115.808369,39.381743],[115.822128,39.38439],[115.823861,39.382904],[115.823393,39.386219],[115.839217,39.387473],[115.839995,39.383528],[115.847802,39.385969],[115.855783,39.382734],[115.856933,39.3805],[115.873645,39.378346],[115.874858,39.381704],[115.883339,39.379341],[115.884025,39.381529],[115.899812,39.379296],[115.898058,39.374896],[115.937915,39.375123],[115.940374,39.369372],[115.952281,39.367088],[115.953666,39.364727],[115.969063,39.359518],[115.970708,39.363068],[115.984619,39.363168],[115.984791,39.364992],[115.991615,39.364727],[115.994233,39.368609],[115.997557,39.366989],[116.016868,39.365814],[116.017473,39.359552],[116.022751,39.35889],[116.02283,39.356166],[116.031659,39.355213],[116.032276,39.361532],[116.043478,39.362108],[116.045059,39.366134],[116.048414,39.367981],[116.05558,39.367136],[116.058926,39.363451],[116.073057,39.363091],[116.07435,39.359669],[116.086694,39.357382],[116.088796,39.352205],[116.113773,39.352603],[116.116778,39.358078],[116.117637,39.364813],[116.121576,39.363433],[116.123142,39.365116],[116.127418,39.359446],[116.125292,39.355601],[116.128328,39.354481],[116.129458,39.358659],[116.134267,39.35517],[116.135799,39.351809],[116.140463,39.351584],[116.1425,39.354735],[116.168831,39.355259],[116.174334,39.355104],[116.175694,39.354488],[116.175278,39.351829],[116.180211,39.351398],[116.184763,39.354065],[116.185497,39.357729],[116.192405,39.356832],[116.198257,39.351311],[116.20874,39.330199],[116.208946,39.314397],[116.204459,39.301359],[116.203451,39.27732],[116.196038,39.263393],[116.196356,39.259208],[116.201102,39.251896],[116.196486,39.240481],[116.186112,39.222434],[116.18696,39.216244],[116.191937,39.21187],[116.197807,39.212072],[116.206586,39.207451],[116.209487,39.200341],[116.207016,39.176759],[116.209283,39.162316],[116.211309,39.157271],[116.221824,39.147833]]]}},{"type":"Feature","properties":{"dt_adcode":"130702"},"geometry":{"type":"Polygon","coordinates":[[[114.975526,40.688559],[114.964538,40.69019],[114.954163,40.698887],[114.945496,40.699323],[114.939754,40.702616],[114.936539,40.701644],[114.924399,40.709597],[114.914709,40.722511],[114.911288,40.722901],[114.911817,40.718143],[114.909034,40.716796],[114.904149,40.723102],[114.900133,40.722465],[114.885355,40.732194],[114.878174,40.728872],[114.871489,40.731058],[114.862214,40.73688],[114.861198,40.730785],[114.859653,40.73222],[114.859581,40.729945],[114.853274,40.737376],[114.850836,40.732842],[114.849057,40.735904],[114.854029,40.748854],[114.85951,40.752991],[114.860426,40.758551],[114.87349,40.767871],[114.874935,40.778299],[114.882543,40.80107],[114.880895,40.812863],[114.888431,40.820563],[114.895715,40.831486],[114.896967,40.838329],[114.896166,40.846092],[114.903567,40.846767],[114.914239,40.840065],[114.916929,40.836697],[114.921851,40.835479],[114.926209,40.836443],[114.935276,40.830039],[114.941711,40.830297],[114.975314,40.814711],[114.984739,40.815674],[114.988416,40.822433],[114.994824,40.822137],[114.99867,40.824087],[115.00294,40.822745],[115.011382,40.825362],[115.016477,40.823834],[115.017969,40.821269],[115.022627,40.82127],[115.025375,40.818575],[115.029277,40.817767],[115.028746,40.816281],[115.033064,40.815264],[115.036401,40.81202],[115.050809,40.811524],[115.063173,40.816186],[115.075851,40.816154],[115.082714,40.819508],[115.08874,40.819862],[115.096689,40.825856],[115.098515,40.829957],[115.103681,40.833058],[115.106601,40.831754],[115.110427,40.833044],[115.115227,40.830931],[115.11908,40.82686],[115.122371,40.819501],[115.138448,40.816096],[115.140852,40.813257],[115.146449,40.811522],[115.155813,40.811364],[115.154768,40.805646],[115.166337,40.797842],[115.175192,40.798216],[115.177589,40.800005],[115.184488,40.798874],[115.188735,40.800083],[115.201633,40.797203],[115.205245,40.797844],[115.210314,40.795072],[115.226361,40.796001],[115.236725,40.792966],[115.245656,40.798816],[115.25186,40.795879],[115.2592,40.797745],[115.260599,40.776466],[115.26223,40.769445],[115.264204,40.768698],[115.262531,40.764699],[115.256265,40.763205],[115.252403,40.756119],[115.251972,40.750332],[115.260814,40.742268],[115.25442,40.734171],[115.25502,40.731212],[115.259999,40.725391],[115.259956,40.715209],[115.262316,40.710102],[115.263818,40.701873],[115.262831,40.701124],[115.25502,40.698586],[115.25016,40.699678],[115.231664,40.708359],[115.187675,40.721534],[115.178824,40.735896],[115.170841,40.742269],[115.165777,40.742887],[115.16007,40.740773],[115.149339,40.74331],[115.146764,40.738302],[115.142686,40.735278],[115.141913,40.723018],[115.140068,40.720026],[115.131269,40.719862],[115.120193,40.712056],[115.112768,40.712186],[115.107491,40.714073],[115.087318,40.712398],[115.083344,40.706354],[115.084118,40.7004],[115.082443,40.699651],[115.086348,40.69604],[115.083752,40.677295],[115.079604,40.677282],[115.074088,40.68399],[115.063355,40.68477],[115.060087,40.679933],[115.05218,40.676682],[115.045312,40.671325],[115.034715,40.669831],[115.023378,40.664122],[115.016438,40.664049],[115.015311,40.664734],[115.015909,40.668803],[115.005043,40.679167],[114.994524,40.683869],[114.988412,40.683092],[114.979817,40.685433],[114.975526,40.688559]]]}},{"type":"Feature","properties":{"dt_adcode":"130703"},"geometry":{"type":"Polygon","coordinates":[[[114.789774,40.702566],[114.796007,40.704744],[114.796179,40.708446],[114.794724,40.70827],[114.797428,40.712721],[114.794239,40.713901],[114.7964,40.715341],[114.804848,40.712463],[114.807193,40.717229],[114.803857,40.717264],[114.803047,40.718899],[114.806117,40.722275],[114.803604,40.723562],[114.808108,40.726574],[114.806223,40.729416],[114.805804,40.734663],[114.80155,40.741468],[114.79702,40.742989],[114.806298,40.746005],[114.812423,40.753781],[114.817788,40.753603],[114.818281,40.756803],[114.826421,40.757462],[114.824521,40.759774],[114.826126,40.759814],[114.825767,40.761351],[114.830899,40.762441],[114.823724,40.771556],[114.82059,40.778852],[114.824225,40.781741],[114.83022,40.780288],[114.833861,40.783296],[114.836797,40.788529],[114.836486,40.795286],[114.840645,40.79855],[114.841732,40.802692],[114.837055,40.81113],[114.835618,40.82066],[114.829146,40.829091],[114.8268,40.836435],[114.81885,40.839429],[114.812371,40.851144],[114.808907,40.85246],[114.801424,40.84234],[114.800221,40.830652],[114.788721,40.828963],[114.787002,40.832327],[114.786659,40.839664],[114.78108,40.849405],[114.777818,40.852456],[114.771123,40.852132],[114.7675,40.858286],[114.765956,40.86997],[114.770591,40.876851],[114.770762,40.885936],[114.77574,40.885806],[114.776942,40.883989],[114.782779,40.891646],[114.788852,40.893599],[114.788914,40.897253],[114.791171,40.898128],[114.793222,40.902478],[114.798024,40.903173],[114.797674,40.911672],[114.800629,40.912873],[114.79812,40.918237],[114.799084,40.924359],[114.797154,40.930847],[114.798984,40.934271],[114.799094,40.941353],[114.790247,40.940446],[114.791939,40.946686],[114.791264,40.950465],[114.800039,40.952866],[114.801791,40.957315],[114.805464,40.95971],[114.807919,40.96574],[114.810559,40.965533],[114.814424,40.962264],[114.813806,40.952938],[114.819575,40.946131],[114.821578,40.939996],[114.823944,40.938297],[114.828441,40.929851],[114.836911,40.923931],[114.838934,40.917054],[114.840624,40.916055],[114.844476,40.917761],[114.850836,40.914814],[114.863235,40.914457],[114.875715,40.909034],[114.877416,40.904707],[114.876603,40.902435],[114.883556,40.895611],[114.882024,40.89029],[114.8795,40.888588],[114.880189,40.886284],[114.884709,40.882812],[114.890054,40.882391],[114.897072,40.874646],[114.898486,40.876084],[114.901776,40.874242],[114.901794,40.870889],[114.903597,40.868835],[114.902652,40.865174],[114.913427,40.862968],[114.923954,40.857183],[114.935825,40.854875],[114.929051,40.839932],[114.930324,40.833581],[114.926209,40.836443],[114.921851,40.835479],[114.916929,40.836697],[114.914239,40.840065],[114.903567,40.846767],[114.899553,40.847389],[114.896062,40.845948],[114.896967,40.838329],[114.895715,40.831486],[114.888431,40.820563],[114.880895,40.812863],[114.882543,40.80107],[114.874935,40.778299],[114.87349,40.767871],[114.860426,40.758551],[114.85951,40.752991],[114.854029,40.748854],[114.849057,40.735904],[114.850671,40.732908],[114.852929,40.737412],[114.859581,40.729945],[114.859653,40.73222],[114.861198,40.730785],[114.862214,40.73688],[114.871489,40.731058],[114.878174,40.728872],[114.885355,40.732194],[114.900133,40.722465],[114.904149,40.723102],[114.909034,40.716796],[114.911817,40.718143],[114.911288,40.722901],[114.914709,40.722511],[114.924399,40.709597],[114.936539,40.701644],[114.939754,40.702616],[114.945496,40.699323],[114.954163,40.698887],[114.964169,40.690389],[114.973317,40.686853],[114.972445,40.683683],[114.968668,40.681941],[114.964596,40.672256],[114.943027,40.674607],[114.92906,40.668006],[114.929064,40.666287],[114.939509,40.661943],[114.938098,40.659389],[114.940481,40.651617],[114.942445,40.650572],[114.941793,40.648904],[114.934761,40.65137],[114.93166,40.644642],[114.909852,40.651738],[114.886462,40.655546],[114.8654,40.662555],[114.851409,40.665339],[114.849585,40.667895],[114.843834,40.67045],[114.853855,40.669636],[114.861235,40.672407],[114.850926,40.676263],[114.851034,40.673782],[114.840379,40.675425],[114.840937,40.677524],[114.845701,40.677394],[114.845035,40.678923],[114.838083,40.681624],[114.837396,40.678207],[114.833427,40.679444],[114.831066,40.680763],[114.830079,40.684228],[114.827961,40.685152],[114.826474,40.683942],[114.810895,40.694859],[114.794223,40.699694],[114.789774,40.702566]]]}},{"type":"Feature","properties":{"dt_adcode":"130705"},"geometry":{"type":"Polygon","coordinates":[[[115.497931,40.685379],[115.511064,40.682093],[115.521144,40.672786],[115.525455,40.673513],[115.526189,40.671128],[115.523721,40.666663],[115.527012,40.665013],[115.519837,40.65991],[115.523497,40.655229],[115.525123,40.649885],[115.514237,40.646048],[115.516238,40.639371],[115.506238,40.633146],[115.504614,40.626371],[115.499875,40.61909],[115.500046,40.614388],[115.493814,40.607448],[115.506821,40.599853],[115.511067,40.593747],[115.511341,40.588069],[115.509337,40.584398],[115.515323,40.579338],[115.512521,40.574501],[115.512999,40.571672],[115.507721,40.56421],[115.504953,40.562879],[115.489932,40.565061],[115.486404,40.570082],[115.480134,40.571661],[115.473643,40.579921],[115.466012,40.58127],[115.458548,40.57314],[115.454214,40.572666],[115.450971,40.56895],[115.445186,40.568121],[115.440352,40.571122],[115.440557,40.576253],[115.438396,40.581673],[115.436508,40.585222],[115.434178,40.5859],[115.434705,40.594113],[115.431538,40.593931],[115.428443,40.600506],[115.425687,40.601478],[115.43059,40.606477],[115.411276,40.600171],[115.403796,40.603198],[115.401674,40.606699],[115.391686,40.605872],[115.37947,40.608749],[115.375642,40.607207],[115.367921,40.613137],[115.36067,40.624405],[115.351624,40.624642],[115.345916,40.630134],[115.339031,40.631878],[115.326003,40.62859],[115.322987,40.625757],[115.305598,40.62489],[115.305454,40.621122],[115.302783,40.619932],[115.295556,40.620234],[115.285422,40.612776],[115.284991,40.609059],[115.280097,40.606179],[115.280111,40.602832],[115.267776,40.596018],[115.252894,40.597102],[115.251921,40.595211],[115.241465,40.595769],[115.239317,40.589779],[115.230145,40.591388],[115.224738,40.588771],[115.219587,40.583884],[115.218334,40.580331],[115.215526,40.578963],[115.22058,40.575085],[115.216754,40.572579],[115.216789,40.569489],[115.215039,40.569239],[115.212667,40.563142],[115.209987,40.560662],[115.206201,40.560559],[115.201813,40.554174],[115.194044,40.552555],[115.190269,40.553365],[115.188793,40.550175],[115.184608,40.548457],[115.173319,40.547967],[115.170211,40.544986],[115.168935,40.542478],[115.175263,40.54187],[115.173576,40.535274],[115.165654,40.529869],[115.166774,40.525404],[115.15554,40.52175],[115.153065,40.51934],[115.152961,40.5151],[115.150866,40.513649],[115.134271,40.518642],[115.132593,40.516275],[115.131704,40.512328],[115.133939,40.507649],[115.144583,40.504854],[115.147992,40.502365],[115.155339,40.502522],[115.157501,40.505141],[115.162648,40.502477],[115.165776,40.506222],[115.1714,40.509122],[115.17833,40.506183],[115.189717,40.50601],[115.185085,40.50412],[115.179475,40.498411],[115.18102,40.493128],[115.1731,40.483532],[115.171619,40.476026],[115.158964,40.46825],[115.161881,40.463482],[115.158955,40.454752],[115.153544,40.454775],[115.150598,40.456967],[115.146772,40.452956],[115.139948,40.453006],[115.132257,40.448748],[115.132739,40.441423],[115.135166,40.436689],[115.134639,40.42901],[115.11879,40.422551],[115.115883,40.425543],[115.112808,40.425154],[115.111075,40.42195],[115.112378,40.418217],[115.119427,40.410899],[115.113295,40.394794],[115.103891,40.378961],[115.096417,40.376175],[115.094911,40.381836],[115.096166,40.383339],[115.089588,40.384771],[115.091598,40.386324],[115.090097,40.387089],[115.090233,40.389276],[115.083657,40.389362],[115.079456,40.392025],[115.073021,40.399693],[115.069125,40.400714],[115.064848,40.396078],[115.065872,40.391942],[115.062145,40.387616],[115.055849,40.383946],[115.043475,40.380833],[115.041559,40.371971],[115.043847,40.370848],[115.042449,40.36632],[115.045296,40.362468],[115.043257,40.35827],[115.038406,40.360322],[115.03408,40.358454],[115.035546,40.355608],[115.023083,40.352084],[115.009613,40.355868],[115.00457,40.358775],[115.001439,40.353584],[114.983248,40.357925],[114.967466,40.358128],[114.962425,40.356029],[114.962404,40.354447],[114.966494,40.352565],[114.964034,40.348014],[114.95521,40.347544],[114.951482,40.339788],[114.951235,40.330258],[114.952954,40.329666],[114.953447,40.327274],[114.947937,40.32139],[114.956373,40.318974],[114.955506,40.312055],[114.961947,40.311619],[114.966528,40.314762],[114.975567,40.314991],[114.979109,40.316964],[114.984397,40.313056],[114.982531,40.308535],[114.988538,40.309408],[114.988126,40.307224],[114.985314,40.298971],[114.982066,40.297304],[114.97625,40.297327],[114.977809,40.294589],[114.976962,40.291003],[114.970447,40.289769],[114.971396,40.284788],[114.968936,40.280653],[114.959011,40.274375],[114.967812,40.267907],[114.94567,40.260381],[114.939063,40.254501],[114.928469,40.253759],[114.934156,40.251356],[114.931955,40.250116],[114.93381,40.245598],[114.937179,40.242798],[114.944646,40.229327],[114.95283,40.224675],[114.95721,40.218916],[114.967478,40.210388],[114.969059,40.204809],[114.965673,40.201948],[114.964386,40.196735],[114.962762,40.197665],[114.962222,40.196199],[114.97574,40.174499],[114.971212,40.173087],[114.96644,40.178697],[114.962019,40.176738],[114.961481,40.171789],[114.950266,40.173375],[114.942387,40.168368],[114.933525,40.170561],[114.92522,40.161248],[114.913273,40.160881],[114.907069,40.163646],[114.91051,40.165953],[114.916378,40.174833],[114.901488,40.18439],[114.896117,40.183699],[114.890362,40.187641],[114.886723,40.186209],[114.881086,40.187876],[114.878466,40.187445],[114.877482,40.182893],[114.863823,40.175156],[114.854139,40.172257],[114.847848,40.164261],[114.843368,40.163161],[114.833219,40.164013],[114.831869,40.161669],[114.833609,40.158464],[114.83234,40.157292],[114.830385,40.158245],[114.817615,40.154884],[114.814836,40.157851],[114.814642,40.160918],[114.808674,40.161765],[114.80125,40.166779],[114.810689,40.171721],[114.810553,40.178262],[114.813397,40.184168],[114.812858,40.190313],[114.811043,40.197821],[114.807507,40.200652],[114.806965,40.204045],[114.803134,40.206801],[114.801888,40.210075],[114.803175,40.215446],[114.799414,40.216695],[114.79743,40.219465],[114.796892,40.230467],[114.798156,40.235171],[114.794763,40.238948],[114.793713,40.243456],[114.796357,40.244917],[114.798946,40.244279],[114.803843,40.248823],[114.802624,40.252346],[114.793149,40.264225],[114.799426,40.269334],[114.799212,40.274426],[114.785789,40.278348],[114.78522,40.281774],[114.786902,40.28419],[114.785814,40.286695],[114.788206,40.288369],[114.786184,40.29219],[114.779464,40.29703],[114.780366,40.302307],[114.777448,40.313897],[114.781886,40.32578],[114.778589,40.338282],[114.770448,40.346676],[114.758425,40.35254],[114.752078,40.360089],[114.742255,40.358886],[114.731349,40.367999],[114.726153,40.366744],[114.72048,40.370348],[114.717605,40.368664],[114.71198,40.368628],[114.710466,40.370598],[114.704508,40.369518],[114.703521,40.372114],[114.707943,40.37248],[114.713637,40.375899],[114.717899,40.38269],[114.714069,40.385681],[114.711928,40.390019],[114.71484,40.391604],[114.718317,40.398047],[114.717172,40.402154],[114.706217,40.410515],[114.706169,40.415371],[114.702101,40.419666],[114.701736,40.42579],[114.714485,40.428593],[114.712147,40.435099],[114.728305,40.435028],[114.724209,40.439684],[114.725768,40.442842],[114.728494,40.444872],[114.740709,40.445771],[114.740848,40.447826],[114.745584,40.451391],[114.743344,40.456154],[114.745947,40.458696],[114.744974,40.463947],[114.747075,40.468015],[114.751752,40.47126],[114.758742,40.469366],[114.762496,40.472166],[114.760237,40.475196],[114.760472,40.483874],[114.754166,40.4879],[114.751698,40.493147],[114.752436,40.497206],[114.757679,40.497267],[114.761342,40.495491],[114.777576,40.498631],[114.780515,40.496691],[114.786659,40.497291],[114.788287,40.498691],[114.787874,40.502868],[114.789937,40.507166],[114.801829,40.509537],[114.80161,40.525017],[114.79584,40.528941],[114.789524,40.52705],[114.785371,40.527827],[114.783507,40.53044],[114.785136,40.539337],[114.783552,40.542771],[114.789128,40.547804],[114.786533,40.565419],[114.79476,40.580817],[114.793206,40.586247],[114.793944,40.594874],[114.790403,40.600051],[114.793236,40.600519],[114.796195,40.610201],[114.79076,40.615943],[114.788004,40.623201],[114.782337,40.631548],[114.774895,40.636705],[114.776461,40.638221],[114.773054,40.643489],[114.778061,40.644453],[114.779141,40.647737],[114.781634,40.649234],[114.782487,40.657954],[114.789091,40.659453],[114.793416,40.663049],[114.793922,40.66645],[114.800976,40.668541],[114.795796,40.671995],[114.789018,40.672487],[114.780373,40.677103],[114.778283,40.676314],[114.774993,40.682936],[114.768739,40.683591],[114.76879,40.68923],[114.780523,40.695997],[114.774246,40.698244],[114.781241,40.70634],[114.794223,40.699694],[114.810895,40.694859],[114.826474,40.683942],[114.827961,40.685152],[114.830079,40.684228],[114.831066,40.680763],[114.833427,40.679444],[114.837396,40.678207],[114.838083,40.681624],[114.845035,40.678923],[114.845701,40.677394],[114.840937,40.677524],[114.840379,40.675425],[114.851034,40.673782],[114.850926,40.676263],[114.861235,40.672407],[114.853855,40.669636],[114.843834,40.67045],[114.849585,40.667895],[114.851409,40.665339],[114.8654,40.662555],[114.886462,40.655546],[114.909852,40.651738],[114.93166,40.644642],[114.934761,40.65137],[114.941793,40.648904],[114.942445,40.650572],[114.940481,40.651617],[114.938098,40.659389],[114.939509,40.661943],[114.929064,40.666287],[114.92906,40.668006],[114.943027,40.674607],[114.96483,40.672359],[114.968668,40.681941],[114.972445,40.683683],[114.972345,40.688176],[114.975526,40.688559],[114.979817,40.685433],[114.988412,40.683092],[114.994524,40.683869],[115.005043,40.679167],[115.015909,40.668803],[115.015311,40.664734],[115.016438,40.664049],[115.023378,40.664122],[115.034715,40.669831],[115.045312,40.671325],[115.05218,40.676682],[115.060087,40.679933],[115.063355,40.68477],[115.074088,40.68399],[115.079604,40.677282],[115.083752,40.677295],[115.086348,40.69604],[115.082443,40.699651],[115.084118,40.7004],[115.083344,40.706354],[115.087318,40.712398],[115.107491,40.714073],[115.112768,40.712186],[115.120193,40.712056],[115.131269,40.719862],[115.140068,40.720026],[115.141913,40.723018],[115.142686,40.735278],[115.146764,40.738302],[115.149339,40.74331],[115.16007,40.740773],[115.165777,40.742887],[115.170841,40.742269],[115.178824,40.735896],[115.187675,40.721534],[115.231664,40.708359],[115.25502,40.698586],[115.263818,40.701873],[115.259956,40.715209],[115.259999,40.725391],[115.25502,40.731212],[115.25442,40.734171],[115.260814,40.742268],[115.251972,40.750332],[115.252403,40.756119],[115.256265,40.763205],[115.262531,40.764699],[115.264204,40.768698],[115.26223,40.769445],[115.260599,40.776466],[115.2592,40.797745],[115.265066,40.798993],[115.278185,40.810339],[115.290686,40.803816],[115.298637,40.804526],[115.305851,40.802113],[115.310452,40.799872],[115.313548,40.795476],[115.328431,40.792905],[115.335291,40.793354],[115.335841,40.795046],[115.339655,40.796302],[115.350606,40.792308],[115.35305,40.79351],[115.362138,40.788065],[115.36922,40.779832],[115.377807,40.777516],[115.3899,40.778821],[115.390667,40.782076],[115.397625,40.782974],[115.401075,40.785696],[115.405587,40.785505],[115.427354,40.794654],[115.438853,40.792732],[115.452191,40.794679],[115.459582,40.786713],[115.453238,40.774557],[115.453105,40.770362],[115.448012,40.768111],[115.446014,40.764593],[115.446225,40.757794],[115.457299,40.751886],[115.462597,40.745124],[115.476912,40.740296],[115.478567,40.738287],[115.486198,40.737353],[115.495367,40.730786],[115.496135,40.722685],[115.493161,40.718668],[115.493449,40.715497],[115.489713,40.706736],[115.490382,40.701144],[115.500076,40.695096],[115.497327,40.691713],[115.498879,40.687392],[115.497931,40.685379]]]}},{"type":"Feature","properties":{"dt_adcode":"130706"},"geometry":{"type":"Polygon","coordinates":[[[115.496626,40.564369],[115.484748,40.551788],[115.477075,40.547455],[115.475723,40.540873],[115.465548,40.531659],[115.45373,40.525856],[115.446411,40.525597],[115.440653,40.52],[115.433682,40.518701],[115.4243,40.513809],[115.422039,40.510913],[115.422736,40.504009],[115.42079,40.50019],[115.412915,40.501158],[115.402689,40.499472],[115.399105,40.501568],[115.387221,40.5031],[115.383571,40.508069],[115.370065,40.509673],[115.365384,40.508418],[115.359708,40.512344],[115.354235,40.512147],[115.345845,40.518704],[115.341383,40.513498],[115.341997,40.508736],[115.336075,40.501822],[115.33091,40.498502],[115.329939,40.494203],[115.331918,40.491079],[115.330871,40.485571],[115.322641,40.483407],[115.316889,40.473425],[115.305981,40.466568],[115.298487,40.46934],[115.293061,40.463504],[115.289194,40.47196],[115.285483,40.468913],[115.285503,40.462226],[115.290815,40.454558],[115.290966,40.451699],[115.276091,40.450313],[115.275796,40.452124],[115.273224,40.451912],[115.272886,40.453894],[115.265222,40.45078],[115.258371,40.451977],[115.251136,40.447073],[115.253446,40.44254],[115.247856,40.440395],[115.247885,40.438527],[115.24465,40.440629],[115.238466,40.43984],[115.237602,40.441711],[115.24126,40.442729],[115.239751,40.445569],[115.236726,40.447067],[115.241726,40.449395],[115.233292,40.449419],[115.232737,40.450612],[115.232051,40.449416],[115.228797,40.451519],[115.224481,40.449099],[115.223767,40.45121],[115.219558,40.452098],[115.218842,40.452815],[115.221498,40.454232],[115.21929,40.457864],[115.220936,40.457902],[115.216648,40.464011],[115.216536,40.469704],[115.210949,40.469981],[115.207326,40.472184],[115.206926,40.475545],[115.211224,40.483021],[115.224616,40.487498],[115.222945,40.491315],[115.197463,40.489709],[115.188658,40.484292],[115.186989,40.479374],[115.180552,40.47746],[115.178789,40.475329],[115.17176,40.47529],[115.1731,40.483532],[115.18102,40.493128],[115.179475,40.498411],[115.185085,40.50412],[115.189651,40.506076],[115.17833,40.506183],[115.1714,40.509122],[115.165776,40.506222],[115.162648,40.502477],[115.157501,40.505141],[115.155339,40.502522],[115.147992,40.502365],[115.144583,40.504854],[115.133939,40.507649],[115.131704,40.512328],[115.134271,40.518642],[115.146251,40.514384],[115.152194,40.514055],[115.153065,40.51934],[115.15554,40.52175],[115.166774,40.525404],[115.165654,40.529869],[115.173848,40.535644],[115.175011,40.542397],[115.168736,40.542608],[115.173319,40.547967],[115.184608,40.548457],[115.19003,40.550972],[115.190269,40.553365],[115.194044,40.552555],[115.201813,40.554174],[115.206201,40.560559],[115.210488,40.56107],[115.215039,40.569239],[115.216789,40.569489],[115.216754,40.572579],[115.22058,40.575085],[115.215526,40.578963],[115.218334,40.580331],[115.219587,40.583884],[115.224738,40.588771],[115.230145,40.591388],[115.239317,40.589779],[115.241465,40.595769],[115.251921,40.595211],[115.252894,40.597102],[115.267776,40.596018],[115.280111,40.602832],[115.280097,40.606179],[115.284991,40.609059],[115.285422,40.612776],[115.295556,40.620234],[115.302783,40.619932],[115.305454,40.621122],[115.305598,40.62489],[115.322987,40.625757],[115.326003,40.62859],[115.338434,40.631813],[115.345916,40.630134],[115.351624,40.624642],[115.36067,40.624405],[115.367921,40.613137],[115.375642,40.607207],[115.37947,40.608749],[115.391686,40.605872],[115.401674,40.606699],[115.403796,40.603198],[115.411276,40.600171],[115.43059,40.606477],[115.425687,40.601478],[115.428443,40.600506],[115.431538,40.593931],[115.434705,40.594113],[115.434178,40.5859],[115.436508,40.585222],[115.438396,40.581673],[115.440557,40.576253],[115.440352,40.571122],[115.445186,40.568121],[115.450971,40.56895],[115.454214,40.572666],[115.458548,40.57314],[115.466012,40.58127],[115.473643,40.579921],[115.480134,40.571661],[115.486404,40.570082],[115.489932,40.565061],[115.496626,40.564369]]]}},{"type":"Feature","properties":{"dt_adcode":"130708"},"geometry":{"type":"Polygon","coordinates":[[[114.451233,40.951946],[114.483117,40.954675],[114.491544,40.959602],[114.497093,40.967631],[114.51474,40.980104],[114.519074,40.979401],[114.527124,40.982111],[114.530087,40.986942],[114.529189,40.996675],[114.531585,40.998771],[114.536826,40.999071],[114.546109,40.995477],[114.553895,40.994579],[114.57396,40.997873],[114.586089,40.994878],[114.592378,40.995926],[114.600763,40.999969],[114.6273,41.002569],[114.669492,41.020333],[114.694049,41.018686],[114.713514,41.012547],[114.741366,41.014793],[114.74854,41.010054],[114.753179,41.008873],[114.755223,41.010229],[114.785861,40.993573],[114.799484,40.982657],[114.805841,40.970089],[114.806917,40.963877],[114.805464,40.95971],[114.801791,40.957315],[114.799659,40.952598],[114.791792,40.9511],[114.789974,40.941102],[114.791981,40.939886],[114.799094,40.941353],[114.798984,40.934271],[114.797154,40.930847],[114.799084,40.924359],[114.79812,40.918237],[114.800629,40.912873],[114.797674,40.911672],[114.798024,40.903173],[114.793222,40.902478],[114.791171,40.898128],[114.788914,40.897253],[114.788852,40.893599],[114.782779,40.891646],[114.776942,40.883989],[114.77574,40.885806],[114.770762,40.885936],[114.770591,40.876851],[114.765956,40.86997],[114.7675,40.858286],[114.771123,40.852132],[114.777818,40.852456],[114.78108,40.849405],[114.786659,40.839664],[114.787002,40.832327],[114.788721,40.828963],[114.800221,40.830652],[114.801424,40.84234],[114.808907,40.85246],[114.812371,40.851144],[114.81885,40.839429],[114.8268,40.836435],[114.829146,40.829091],[114.835618,40.82066],[114.837055,40.81113],[114.841711,40.803363],[114.840969,40.799038],[114.836486,40.795286],[114.836797,40.788529],[114.833861,40.783296],[114.83022,40.780288],[114.824225,40.781741],[114.82059,40.778852],[114.823724,40.771556],[114.830899,40.762441],[114.825767,40.761351],[114.826126,40.759814],[114.824521,40.759774],[114.826421,40.757462],[114.818281,40.756803],[114.817788,40.753603],[114.812423,40.753781],[114.806298,40.746005],[114.79702,40.742989],[114.80155,40.741468],[114.805804,40.734663],[114.806223,40.729416],[114.808155,40.727011],[114.803604,40.723562],[114.806117,40.722275],[114.803047,40.718899],[114.803585,40.717566],[114.807193,40.717229],[114.804848,40.712463],[114.796307,40.715339],[114.794134,40.713804],[114.797428,40.712721],[114.794724,40.70827],[114.796179,40.708446],[114.796007,40.704744],[114.789774,40.702566],[114.782616,40.705351],[114.76441,40.71699],[114.760189,40.721329],[114.746212,40.725545],[114.735361,40.725304],[114.718724,40.720417],[114.698928,40.720717],[114.688243,40.715203],[114.682612,40.706801],[114.669106,40.697458],[114.651462,40.693284],[114.619951,40.690288],[114.618031,40.68874],[114.603297,40.686903],[114.596511,40.683742],[114.588602,40.684324],[114.563249,40.677757],[114.556342,40.678366],[114.543657,40.675849],[114.529872,40.676315],[114.506111,40.681089],[114.492368,40.680808],[114.462279,40.695959],[114.433435,40.703583],[114.401724,40.707343],[114.379658,40.715809],[114.361876,40.715346],[114.353816,40.718894],[114.355357,40.729455],[114.352862,40.731588],[114.356766,40.732242],[114.373327,40.741554],[114.380906,40.749056],[114.386105,40.781252],[114.389103,40.790711],[114.386273,40.802566],[114.371845,40.826771],[114.37004,40.843687],[114.37371,40.859582],[114.383999,40.8676],[114.389662,40.869786],[114.414912,40.890027],[114.420082,40.897462],[114.429074,40.916665],[114.430859,40.929259],[114.440582,40.944606],[114.44398,40.948355],[114.451233,40.951946]]]}},{"type":"Feature","properties":{"dt_adcode":"130709"},"geometry":{"type":"Polygon","coordinates":[[[115.572896,41.259358],[115.571745,41.25486],[115.569215,41.252981],[115.516096,41.242898],[115.510426,41.239758],[115.50797,41.235453],[115.502396,41.231466],[115.496473,41.225003],[115.493559,41.218791],[115.493419,41.209857],[115.508614,41.187525],[115.513972,41.174969],[115.513815,41.16626],[115.515388,41.162833],[115.525286,41.154234],[115.527308,41.143933],[115.519654,41.132331],[115.50952,41.112059],[115.500978,41.101377],[115.496965,41.092036],[115.495752,41.079282],[115.50431,41.072706],[115.507759,41.064946],[115.505493,41.057138],[115.497849,41.046305],[115.492409,41.030453],[115.49129,41.00868],[115.481013,40.977662],[115.483957,40.963762],[115.486417,40.963358],[115.490511,40.966286],[115.498399,40.968092],[115.505995,40.961738],[115.514927,40.959433],[115.515936,40.956736],[115.514027,40.951974],[115.519029,40.951355],[115.521592,40.948249],[115.515727,40.945499],[115.513956,40.940813],[115.511371,40.939502],[115.518141,40.927536],[115.513976,40.920228],[115.514235,40.912187],[115.512886,40.909209],[115.509655,40.90831],[115.487971,40.891342],[115.459708,40.875289],[115.452331,40.866972],[115.446553,40.854316],[115.444515,40.834133],[115.439307,40.823081],[115.433879,40.793857],[115.428851,40.794826],[115.423706,40.793668],[115.416533,40.789267],[115.410402,40.788316],[115.405414,40.785452],[115.400795,40.785621],[115.396878,40.782759],[115.390667,40.782076],[115.3899,40.778821],[115.379704,40.777351],[115.36922,40.779832],[115.362138,40.788065],[115.35305,40.79351],[115.350606,40.792308],[115.339655,40.796302],[115.335841,40.795046],[115.335291,40.793354],[115.328431,40.792905],[115.313548,40.795476],[115.310452,40.799872],[115.305851,40.802113],[115.298637,40.804526],[115.290686,40.803816],[115.278185,40.810339],[115.265066,40.798993],[115.25186,40.795879],[115.245656,40.798816],[115.236725,40.792966],[115.226361,40.796001],[115.210314,40.795072],[115.205245,40.797844],[115.201633,40.797203],[115.188735,40.800083],[115.184488,40.798874],[115.177589,40.800005],[115.175192,40.798216],[115.168345,40.797466],[115.154768,40.805646],[115.155813,40.811364],[115.146449,40.811522],[115.140852,40.813257],[115.138448,40.816096],[115.122019,40.819681],[115.11908,40.82686],[115.115227,40.830931],[115.110427,40.833044],[115.106601,40.831754],[115.103681,40.833058],[115.098515,40.829957],[115.096689,40.825856],[115.08874,40.819862],[115.082714,40.819508],[115.075851,40.816154],[115.063173,40.816186],[115.050809,40.811524],[115.036401,40.81202],[115.033064,40.815264],[115.028746,40.816281],[115.029277,40.817767],[115.025375,40.818575],[115.022627,40.82127],[115.017969,40.821269],[115.016477,40.823834],[115.011382,40.825362],[115.00294,40.822745],[114.99867,40.824087],[114.994824,40.822137],[114.988416,40.822433],[114.984739,40.815674],[114.975314,40.814711],[114.949143,40.827265],[114.941711,40.830297],[114.935276,40.830039],[114.930324,40.833581],[114.929051,40.839932],[114.935825,40.854875],[114.923954,40.857183],[114.913427,40.862968],[114.902652,40.865174],[114.903597,40.868835],[114.901794,40.870889],[114.901776,40.874242],[114.898486,40.876084],[114.897072,40.874646],[114.890054,40.882391],[114.884709,40.882812],[114.880189,40.886284],[114.8795,40.888588],[114.882024,40.89029],[114.883556,40.895611],[114.876603,40.902435],[114.876269,40.908542],[114.863235,40.914457],[114.850836,40.914814],[114.844476,40.917761],[114.840624,40.916055],[114.838934,40.917054],[114.836911,40.923931],[114.828441,40.929851],[114.823944,40.938297],[114.821578,40.939996],[114.819575,40.946131],[114.813806,40.952938],[114.814791,40.961655],[114.813136,40.963843],[114.817165,40.961624],[114.818504,40.966242],[114.822272,40.968999],[114.833265,40.972244],[114.837485,40.968531],[114.840699,40.972026],[114.842956,40.972166],[114.843671,40.976388],[114.841981,40.980083],[114.832812,40.982093],[114.827962,40.986301],[114.816187,40.988143],[114.803755,40.996082],[114.799656,41.00696],[114.800657,41.008296],[114.796672,41.024906],[114.798719,41.028458],[114.812804,41.037053],[114.813553,41.039263],[114.818265,41.038381],[114.821616,41.042591],[114.832245,41.043341],[114.83808,41.040038],[114.847368,41.038425],[114.853074,41.04198],[114.863282,41.044904],[114.876832,41.045661],[114.881895,41.045041],[114.884226,41.042247],[114.892645,41.041319],[114.895624,41.039345],[114.900593,41.041234],[114.905704,41.039285],[114.906702,41.046744],[114.911547,41.048533],[114.914189,41.047831],[114.916044,41.051323],[114.920557,41.052533],[114.927077,41.046428],[114.939661,41.039412],[114.947884,41.039019],[114.946305,41.042163],[114.952481,41.045601],[114.952109,41.049094],[114.955605,41.051304],[114.955933,41.054655],[114.957868,41.05638],[114.960508,41.055965],[114.964032,41.059762],[114.962718,41.064016],[114.971709,41.066507],[114.970959,41.071325],[114.974662,41.096868],[114.977454,41.100808],[114.992856,41.112827],[114.998023,41.12033],[115.001771,41.1319],[115.030849,41.1439],[115.057987,41.180766],[115.06986,41.190839],[115.06926,41.194269],[115.065623,41.199067],[115.060463,41.200886],[115.054081,41.201564],[115.031851,41.198082],[115.026683,41.200356],[115.025176,41.205152],[115.036768,41.219361],[115.05689,41.236544],[115.063605,41.246384],[115.073959,41.252798],[115.096131,41.24594],[115.109792,41.247303],[115.114956,41.249125],[115.128958,41.262814],[115.133502,41.264408],[115.138053,41.263937],[115.146216,41.260031],[115.160403,41.24467],[115.171869,41.236175],[115.183664,41.233395],[115.234931,41.251055],[115.258881,41.246877],[115.274976,41.247535],[115.285597,41.245463],[115.309341,41.250687],[115.316381,41.256628],[115.32034,41.257534],[115.329156,41.255926],[115.337336,41.25089],[115.340042,41.245857],[115.340275,41.2342],[115.347854,41.230305],[115.353928,41.230524],[115.360628,41.231661],[115.37865,41.24374],[115.411738,41.242273],[115.443039,41.252189],[115.446383,41.254459],[115.446418,41.258116],[115.448576,41.261761],[115.456271,41.270516],[115.459613,41.272549],[115.465988,41.271535],[115.468513,41.273953],[115.468541,41.276909],[115.473576,41.279905],[115.469676,41.282383],[115.469722,41.286121],[115.472685,41.290296],[115.479157,41.291597],[115.493921,41.288703],[115.498137,41.294263],[115.511929,41.284641],[115.518785,41.284246],[115.522477,41.280829],[115.529677,41.283314],[115.530943,41.285912],[115.543582,41.286697],[115.551457,41.288921],[115.552479,41.284185],[115.5477,41.281376],[115.547565,41.274775],[115.558339,41.263311],[115.565356,41.260551],[115.570596,41.26109],[115.572896,41.259358]]]}},{"type":"Feature","properties":{"dt_adcode":"130722"},"geometry":{"type":"Polygon","coordinates":[[[114.806635,40.964929],[114.805841,40.970089],[114.799484,40.982657],[114.796027,40.986406],[114.785861,40.993573],[114.755223,41.010229],[114.753179,41.008873],[114.74854,41.010054],[114.741366,41.014793],[114.713514,41.012547],[114.694049,41.018686],[114.673439,41.020608],[114.669492,41.020333],[114.639096,41.008504],[114.6273,41.002569],[114.600763,40.999969],[114.592378,40.995926],[114.586089,40.994878],[114.57396,40.997873],[114.553895,40.994579],[114.546109,40.995477],[114.536826,40.999071],[114.531585,40.998771],[114.529189,40.996675],[114.530087,40.986942],[114.527124,40.982111],[114.519074,40.979401],[114.51474,40.980104],[114.497093,40.967631],[114.491544,40.959602],[114.483117,40.954675],[114.451233,40.951946],[114.430581,40.972905],[114.420571,40.979493],[114.412334,40.990426],[114.407173,40.994514],[114.398373,40.997895],[114.383549,40.999174],[114.367752,41.006157],[114.358869,41.017524],[114.354472,41.036239],[114.355527,41.053851],[114.359033,41.068965],[114.358661,41.08288],[114.354016,41.083395],[114.349291,41.086899],[114.358959,41.091549],[114.362274,41.08889],[114.362136,41.087139],[114.366762,41.086024],[114.369146,41.082114],[114.372536,41.084514],[114.372263,41.089087],[114.369865,41.091249],[114.3711,41.093169],[114.372651,41.092923],[114.372918,41.095638],[114.371731,41.097801],[114.369651,41.096614],[114.367052,41.097543],[114.367011,41.10066],[114.370871,41.099966],[114.370693,41.101285],[114.359051,41.107976],[114.354777,41.119429],[114.355574,41.122115],[114.359002,41.119061],[114.368477,41.127577],[114.375021,41.130145],[114.370577,41.135502],[114.375266,41.141283],[114.359516,41.154023],[114.317403,41.176789],[114.300253,41.193114],[114.294684,41.203362],[114.277907,41.243473],[114.278983,41.256974],[114.287714,41.265269],[114.310651,41.281898],[114.317818,41.296817],[114.317445,41.3039],[114.309379,41.320754],[114.289773,41.334775],[114.269707,41.353313],[114.268669,41.351188],[114.260134,41.354084],[114.253058,41.366068],[114.251596,41.375117],[114.239881,41.382248],[114.234835,41.382008],[114.226904,41.385476],[114.224874,41.392553],[114.219223,41.396443],[114.226873,41.402131],[114.22932,41.41074],[114.224301,41.413052],[114.228871,41.416852],[114.222044,41.419102],[114.223219,41.421334],[114.226205,41.420423],[114.227376,41.422777],[114.224461,41.423913],[114.224625,41.426428],[114.221214,41.427798],[114.224826,41.428718],[114.211191,41.433364],[114.224063,41.446008],[114.200226,41.45842],[114.193223,41.451566],[114.182882,41.457025],[114.18522,41.459201],[114.181377,41.463705],[114.184567,41.466818],[114.18959,41.463158],[114.193066,41.464033],[114.19744,41.469065],[114.200748,41.467781],[114.204864,41.47071],[114.198751,41.477006],[114.202183,41.479694],[114.191724,41.487696],[114.191584,41.489692],[114.194944,41.493932],[114.200094,41.496172],[114.198637,41.497343],[114.203429,41.498514],[114.213913,41.51155],[114.219049,41.510871],[114.232221,41.512952],[114.250389,41.509152],[114.253599,41.512413],[114.252442,41.526547],[114.254188,41.528858],[114.257969,41.528282],[114.256047,41.525169],[114.258144,41.524161],[114.272774,41.52792],[114.274316,41.533492],[114.287246,41.533567],[114.293279,41.531871],[114.299191,41.533721],[114.30246,41.531326],[114.309658,41.532529],[114.308879,41.534369],[114.306609,41.534803],[114.307351,41.536505],[114.31137,41.536102],[114.317102,41.539268],[114.323728,41.536877],[114.327176,41.542138],[114.326779,41.546433],[114.329424,41.548048],[114.330357,41.551003],[114.341793,41.556081],[114.344091,41.564619],[114.349771,41.5658],[114.359172,41.572354],[114.368632,41.576113],[114.387825,41.561457],[114.39855,41.55658],[114.422119,41.531736],[114.430331,41.530689],[114.43675,41.526601],[114.445651,41.514522],[114.451207,41.503567],[114.458544,41.496501],[114.485334,41.483534],[114.489906,41.479886],[114.490243,41.475999],[114.502462,41.461165],[114.504673,41.44837],[114.508639,41.442201],[114.533576,41.429436],[114.543892,41.428311],[114.546264,41.437685],[114.550184,41.442491],[114.557756,41.444108],[114.579632,41.442785],[114.601814,41.444908],[114.656294,41.461826],[114.70509,41.470965],[114.80406,41.481928],[114.824399,41.494264],[114.84231,41.509116],[114.850201,41.51894],[114.870273,41.515504],[114.877579,41.512073],[114.882458,41.503392],[114.882466,41.497678],[114.888249,41.493561],[114.913218,41.494266],[114.930893,41.492457],[114.948593,41.487462],[114.955008,41.488616],[114.965711,41.492535],[114.968159,41.495967],[114.966931,41.499164],[114.955324,41.505304],[114.93639,41.507092],[114.93273,41.510058],[114.930904,41.512109],[114.931209,41.517593],[114.937619,41.525377],[114.948312,41.530652],[114.951976,41.530893],[114.95504,41.529301],[114.964198,41.516751],[114.971846,41.513114],[114.980402,41.512685],[114.994173,41.522324],[115.000921,41.525089],[115.035507,41.532041],[115.063627,41.526374],[115.07064,41.521127],[115.075214,41.51519],[115.088011,41.507652],[115.141302,41.504385],[115.154699,41.508233],[115.187541,41.509033],[115.20787,41.500965],[115.265663,41.491668],[115.274158,41.485485],[115.280822,41.475873],[115.286889,41.471289],[115.299063,41.465564],[115.308752,41.454124],[115.315676,41.439489],[115.324186,41.432396],[115.33026,41.429876],[115.350075,41.426426],[115.363447,41.419783],[115.377153,41.417927],[115.384446,41.414938],[115.404112,41.398657],[115.411914,41.384912],[115.424882,41.371601],[115.441808,41.362836],[115.443922,41.36031],[115.447186,41.352292],[115.450023,41.328044],[115.455371,41.315214],[115.456486,41.304002],[115.460414,41.295231],[115.458041,41.292238],[115.45794,41.289215],[115.451205,41.288049],[115.452493,41.278039],[115.459613,41.272549],[115.448576,41.261761],[115.446418,41.258116],[115.446383,41.254459],[115.437572,41.249933],[115.426641,41.247699],[115.418429,41.243848],[115.406582,41.242065],[115.37865,41.24374],[115.360628,41.231661],[115.347854,41.230305],[115.340275,41.2342],[115.340042,41.245857],[115.337336,41.25089],[115.329156,41.255926],[115.32034,41.257534],[115.316381,41.256628],[115.309341,41.250687],[115.285597,41.245463],[115.274976,41.247535],[115.258881,41.246877],[115.234931,41.251055],[115.204583,41.239721],[115.183664,41.233395],[115.18033,41.233631],[115.171869,41.236175],[115.160403,41.24467],[115.146216,41.260031],[115.138053,41.263937],[115.133502,41.264408],[115.128958,41.262814],[115.114956,41.249125],[115.109792,41.247303],[115.096131,41.24594],[115.073959,41.252798],[115.067869,41.249357],[115.063605,41.246384],[115.05689,41.236544],[115.036768,41.219361],[115.025176,41.205152],[115.026683,41.200356],[115.031851,41.198082],[115.054081,41.201564],[115.060463,41.200886],[115.065623,41.199067],[115.06926,41.194269],[115.06986,41.190839],[115.057987,41.180766],[115.030849,41.1439],[115.001771,41.1319],[114.998023,41.12033],[114.992856,41.112827],[114.977454,41.100808],[114.974662,41.096868],[114.970959,41.071325],[114.971709,41.066507],[114.962718,41.064016],[114.964032,41.059762],[114.960508,41.055965],[114.957868,41.05638],[114.955933,41.054655],[114.955605,41.051304],[114.952109,41.049094],[114.952481,41.045601],[114.946305,41.042163],[114.947884,41.039019],[114.939661,41.039412],[114.927077,41.046428],[114.920557,41.052533],[114.916044,41.051323],[114.914189,41.047831],[114.911547,41.048533],[114.906702,41.046744],[114.905704,41.039285],[114.900593,41.041234],[114.895624,41.039345],[114.892645,41.041319],[114.884226,41.042247],[114.881895,41.045041],[114.869996,41.045699],[114.85453,41.042543],[114.847368,41.038425],[114.83808,41.040038],[114.832245,41.043341],[114.821616,41.042591],[114.818265,41.038381],[114.813553,41.039263],[114.812804,41.037053],[114.806807,41.034454],[114.7966,41.025373],[114.800657,41.008296],[114.799656,41.00696],[114.80356,40.996342],[114.816187,40.988143],[114.827962,40.986301],[114.832812,40.982093],[114.841981,40.980083],[114.843722,40.97566],[114.842956,40.972166],[114.840699,40.972026],[114.837485,40.968531],[114.833689,40.972312],[114.822272,40.968999],[114.818504,40.966242],[114.817165,40.961624],[114.813731,40.963916],[114.812039,40.963388],[114.810559,40.965533],[114.806635,40.964929]]]}},{"type":"Feature","properties":{"dt_adcode":"130723"},"geometry":{"type":"Polygon","coordinates":[[[114.229377,41.512949],[114.231,41.513681],[114.231755,41.546545],[114.223318,41.562646],[114.221231,41.573767],[114.221603,41.581944],[114.225787,41.583333],[114.237226,41.596218],[114.231121,41.607122],[114.227674,41.609321],[114.226879,41.618948],[114.228866,41.620912],[114.237049,41.622463],[114.259316,41.623371],[114.215209,41.684548],[114.221088,41.688999],[114.216174,41.695428],[114.219294,41.700231],[114.228054,41.696728],[114.237543,41.698642],[114.23286,41.707621],[114.237045,41.708813],[114.232118,41.71437],[114.232512,41.717684],[114.215929,41.729664],[114.206728,41.738403],[114.208162,41.741646],[114.213288,41.745474],[114.216107,41.754849],[114.21524,41.756464],[114.206315,41.758555],[114.206748,41.760747],[114.204685,41.762766],[114.208383,41.771366],[114.199896,41.779368],[114.199748,41.78334],[114.201759,41.786318],[114.200409,41.789237],[114.204048,41.79432],[114.211805,41.798027],[114.216501,41.806438],[114.243437,41.83278],[114.282245,41.863727],[114.30791,41.895579],[114.330428,41.916954],[114.325715,41.92436],[114.325766,41.925784],[114.329172,41.926077],[114.325602,41.92904],[114.331192,41.929419],[114.343216,41.926944],[114.349379,41.929813],[114.351592,41.935501],[114.347728,41.93624],[114.347005,41.938626],[114.351238,41.941383],[114.35158,41.943485],[114.3481,41.947607],[114.353763,41.954531],[114.355745,41.953214],[114.356403,41.949702],[114.360344,41.948819],[114.362342,41.950715],[114.365754,41.948205],[114.371627,41.950202],[114.371062,41.953371],[114.373555,41.95662],[114.380864,41.957151],[114.387126,41.952589],[114.389067,41.954818],[114.390672,41.952878],[114.394735,41.952952],[114.421706,41.942165],[114.430098,41.945547],[114.451144,41.949178],[114.461471,41.952566],[114.477996,41.951252],[114.476345,41.953578],[114.477136,41.955736],[114.487436,41.967232],[114.497912,41.971441],[114.510341,41.972964],[114.511716,41.981961],[114.509327,41.982852],[114.501403,41.992789],[114.493425,41.993888],[114.484762,41.999176],[114.482162,42.005572],[114.481656,42.008511],[114.483455,42.009816],[114.482107,42.012586],[114.48753,42.014076],[114.47565,42.019666],[114.47242,42.023657],[114.468337,42.025585],[114.472351,42.029273],[114.466128,42.033764],[114.466093,42.037988],[114.474318,42.047971],[114.479904,42.064294],[114.486928,42.062678],[114.493247,42.058842],[114.495261,42.060268],[114.495754,42.063189],[114.499133,42.063596],[114.502388,42.067151],[114.501515,42.070121],[114.505051,42.079148],[114.50132,42.082814],[114.500792,42.086323],[114.504178,42.089074],[114.508193,42.098252],[114.51148,42.101222],[114.510953,42.110915],[114.514669,42.112652],[114.543371,42.122803],[114.560288,42.132422],[114.57131,42.133732],[114.592041,42.129028],[114.624844,42.112201],[114.643411,42.109545],[114.647733,42.109626],[114.675514,42.120403],[114.685199,42.119235],[114.687131,42.121308],[114.691427,42.122158],[114.706754,42.121008],[114.711459,42.115217],[114.726134,42.117047],[114.736538,42.116521],[114.738601,42.115173],[114.740636,42.117631],[114.744175,42.115583],[114.754889,42.115743],[114.756675,42.118087],[114.765345,42.118694],[114.772921,42.123084],[114.776027,42.122143],[114.776142,42.129161],[114.777698,42.130456],[114.783338,42.131828],[114.783588,42.130298],[114.789381,42.130989],[114.794072,42.149294],[114.828374,42.147651],[114.827092,42.142466],[114.822912,42.140363],[114.825475,42.139826],[114.830921,42.13344],[114.836616,42.130107],[114.842326,42.121994],[114.847179,42.120746],[114.845124,42.118134],[114.847156,42.116506],[114.847372,42.113748],[114.851098,42.113848],[114.850521,42.111202],[114.856271,42.1099],[114.855874,42.107736],[114.858598,42.107191],[114.858288,42.105646],[114.861294,42.102564],[114.860633,42.10092],[114.863224,42.095609],[114.858861,42.092979],[114.859446,42.081966],[114.862789,42.076687],[114.860275,42.0702],[114.86087,42.054833],[114.869965,42.054027],[114.870784,42.052273],[114.86891,42.049631],[114.871793,42.049225],[114.873999,42.042259],[114.879602,42.040664],[114.880464,42.043303],[114.881107,42.039942],[114.883519,42.040077],[114.881999,42.03831],[114.885084,42.037374],[114.887139,42.033762],[114.886173,42.033006],[114.889483,42.030842],[114.887526,42.028231],[114.887405,42.023861],[114.875274,42.022952],[114.875212,42.021289],[114.879771,42.019944],[114.885733,42.021085],[114.889734,42.013699],[114.893072,42.011539],[114.894903,42.011826],[114.895491,42.014259],[114.901805,42.015551],[114.909854,42.003217],[114.917065,41.980273],[114.917175,41.971183],[114.914,41.970415],[114.913353,41.968819],[114.916293,41.963042],[114.915503,41.958959],[114.921675,41.952809],[114.926025,41.951219],[114.925124,41.946869],[114.930402,41.945969],[114.933235,41.94353],[114.929342,41.941439],[114.932857,41.937382],[114.92859,41.93626],[114.916147,41.936982],[114.920078,41.934888],[114.91712,41.931725],[114.920472,41.924533],[114.916955,41.924286],[114.916708,41.922663],[114.92107,41.918366],[114.920844,41.917277],[114.915645,41.918134],[114.915063,41.916664],[114.916715,41.911737],[114.924056,41.908149],[114.925576,41.902896],[114.925422,41.899598],[114.922596,41.898479],[114.921065,41.895346],[114.923372,41.889901],[114.921546,41.875929],[114.939182,41.846174],[114.926389,41.834157],[114.922337,41.825151],[114.915008,41.823617],[114.908796,41.817989],[114.900246,41.81706],[114.888069,41.811149],[114.877933,41.814382],[114.876664,41.812593],[114.868847,41.81353],[114.869921,41.807829],[114.866305,41.804585],[114.868061,41.80278],[114.875293,41.802051],[114.872007,41.799058],[114.87446,41.798119],[114.875379,41.793689],[114.883257,41.783507],[114.889821,41.777641],[114.896179,41.767672],[114.899813,41.756289],[114.899734,41.746914],[114.895081,41.736559],[114.895194,41.731532],[114.900232,41.712392],[114.902902,41.689337],[114.90225,41.678584],[114.895589,41.636418],[114.889967,41.628798],[114.879153,41.621567],[114.874463,41.613502],[114.86577,41.607444],[114.860736,41.600975],[114.861809,41.594361],[114.863706,41.591636],[114.867691,41.590545],[114.869008,41.587026],[114.862644,41.556411],[114.852308,41.540876],[114.853233,41.526937],[114.849291,41.516653],[114.845653,41.512544],[114.824399,41.494264],[114.80406,41.481928],[114.70509,41.470965],[114.656294,41.461826],[114.601814,41.444908],[114.579632,41.442785],[114.557756,41.444108],[114.550184,41.442491],[114.546264,41.437685],[114.543892,41.428311],[114.538133,41.428073],[114.521421,41.434907],[114.508639,41.442201],[114.504673,41.44837],[114.502462,41.461165],[114.490243,41.475999],[114.489906,41.479886],[114.485334,41.483534],[114.458544,41.496501],[114.451207,41.503567],[114.445651,41.514522],[114.43675,41.526601],[114.430331,41.530689],[114.422119,41.531736],[114.39855,41.55658],[114.387825,41.561457],[114.368632,41.576113],[114.359172,41.572354],[114.349771,41.5658],[114.344091,41.564619],[114.341793,41.556081],[114.330357,41.551003],[114.329424,41.548048],[114.326779,41.546433],[114.327176,41.542138],[114.323728,41.536877],[114.317102,41.539268],[114.31137,41.536102],[114.307351,41.536505],[114.306609,41.534803],[114.308879,41.534369],[114.309658,41.532529],[114.30246,41.531326],[114.299191,41.533721],[114.293279,41.531871],[114.287246,41.533567],[114.274316,41.533492],[114.272774,41.52792],[114.258144,41.524161],[114.256047,41.525169],[114.257969,41.528282],[114.254188,41.528858],[114.252442,41.526547],[114.253599,41.512413],[114.250389,41.509152],[114.229377,41.512949]]]}},{"type":"Feature","properties":{"dt_adcode":"130724"},"geometry":{"type":"Polygon","coordinates":[[[116.048105,41.38999],[116.046387,41.387501],[116.040113,41.386722],[116.037359,41.382533],[116.028206,41.376047],[116.03168,41.370925],[116.032072,41.367392],[116.025782,41.359496],[116.023252,41.353394],[116.025014,41.347559],[116.021559,41.341666],[116.016718,41.337597],[116.019006,41.328438],[116.016007,41.323834],[115.997067,41.308212],[115.995276,41.303422],[115.99003,41.3032],[115.985525,41.308497],[115.98198,41.306892],[115.976557,41.307931],[115.968822,41.30698],[115.968112,41.297956],[115.965676,41.295464],[115.966962,41.288165],[115.964997,41.286199],[115.966303,41.281024],[115.959191,41.271406],[115.95768,41.26103],[115.950091,41.261707],[115.952041,41.257821],[115.957754,41.253056],[115.959775,41.253059],[115.962411,41.249502],[115.962421,41.247217],[115.96049,41.246534],[115.958211,41.241039],[115.955534,41.238804],[115.928297,41.242559],[115.927251,41.239903],[115.919637,41.234977],[115.911713,41.236181],[115.903074,41.234336],[115.89735,41.242278],[115.892207,41.244014],[115.891555,41.248175],[115.887309,41.25487],[115.887772,41.258821],[115.87364,41.267534],[115.871454,41.273066],[115.847332,41.279595],[115.840249,41.279036],[115.83536,41.275224],[115.826147,41.277435],[115.822946,41.281816],[115.823219,41.285765],[115.820706,41.288872],[115.819704,41.294981],[115.814857,41.297455],[115.810937,41.303351],[115.804675,41.308425],[115.803982,41.311584],[115.805628,41.314284],[115.801386,41.318834],[115.799142,41.328571],[115.795104,41.33196],[115.785288,41.33381],[115.779661,41.341846],[115.770296,41.346686],[115.766966,41.355006],[115.75707,41.358568],[115.751297,41.368156],[115.745671,41.367926],[115.732152,41.371092],[115.725373,41.371303],[115.720327,41.366171],[115.716984,41.366144],[115.717815,41.362579],[115.715944,41.359966],[115.706528,41.357827],[115.701442,41.360608],[115.690638,41.352398],[115.685835,41.347764],[115.677612,41.3282],[115.672809,41.32334],[115.660108,41.318152],[115.637446,41.317352],[115.618018,41.306012],[115.609317,41.299276],[115.595292,41.284706],[115.584918,41.266761],[115.581223,41.266098],[115.580884,41.263208],[115.576235,41.260208],[115.565356,41.260551],[115.558339,41.263311],[115.550633,41.270813],[115.54721,41.275852],[115.5477,41.281376],[115.552479,41.284185],[115.552243,41.287945],[115.55061,41.289201],[115.543582,41.286697],[115.530943,41.285912],[115.529677,41.283314],[115.522477,41.280829],[115.518785,41.284246],[115.511929,41.284641],[115.498445,41.294266],[115.493921,41.288703],[115.479157,41.291597],[115.473589,41.290914],[115.469604,41.285453],[115.469958,41.281734],[115.473576,41.279905],[115.468541,41.276909],[115.467887,41.272947],[115.464774,41.271131],[115.459613,41.272549],[115.452493,41.278039],[115.451205,41.288049],[115.45794,41.289215],[115.458041,41.292238],[115.460414,41.295231],[115.456486,41.304002],[115.455371,41.315214],[115.450023,41.328044],[115.447186,41.352292],[115.441808,41.362836],[115.424882,41.371601],[115.411914,41.384912],[115.404112,41.398657],[115.384446,41.414938],[115.377153,41.417927],[115.363447,41.419783],[115.350075,41.426426],[115.33026,41.429876],[115.324186,41.432396],[115.315676,41.439489],[115.308752,41.454124],[115.299063,41.465564],[115.286889,41.471289],[115.280822,41.475873],[115.274158,41.485485],[115.265663,41.491668],[115.20787,41.500965],[115.187541,41.509033],[115.154699,41.508233],[115.141302,41.504385],[115.088011,41.507652],[115.075214,41.51519],[115.07064,41.521127],[115.063627,41.526374],[115.035507,41.532041],[115.000921,41.525089],[114.994173,41.522324],[114.980402,41.512685],[114.971846,41.513114],[114.964198,41.516751],[114.95504,41.529301],[114.951976,41.530893],[114.948312,41.530652],[114.937619,41.525377],[114.931209,41.517593],[114.930904,41.512109],[114.93273,41.510058],[114.93639,41.507092],[114.955324,41.505304],[114.966931,41.499164],[114.968159,41.495967],[114.965711,41.492535],[114.955008,41.488616],[114.948593,41.487462],[114.930893,41.492457],[114.913218,41.494266],[114.888249,41.493561],[114.882466,41.497678],[114.882458,41.503392],[114.877579,41.512073],[114.870273,41.515504],[114.850201,41.51894],[114.853233,41.526937],[114.852308,41.540876],[114.862644,41.556411],[114.869008,41.587026],[114.867691,41.590545],[114.879851,41.592075],[114.887639,41.597894],[114.893876,41.605296],[114.898101,41.607182],[114.920964,41.609333],[114.938309,41.613239],[114.977871,41.611564],[115.025018,41.615288],[115.038594,41.610928],[115.055943,41.602268],[115.060539,41.602104],[115.073601,41.607092],[115.079455,41.61363],[115.087784,41.613429],[115.0877,41.622887],[115.099151,41.623946],[115.11348,41.615785],[115.120353,41.613658],[115.124728,41.615617],[115.142412,41.61606],[115.152617,41.61054],[115.167246,41.605943],[115.184637,41.604933],[115.195064,41.602066],[115.205772,41.591727],[115.204201,41.571413],[115.239587,41.576543],[115.257613,41.581123],[115.266439,41.592854],[115.264491,41.613037],[115.270772,41.62088],[115.281087,41.625567],[115.290311,41.622929],[115.302023,41.600205],[115.310891,41.592719],[115.366083,41.596104],[115.377538,41.602974],[115.365091,41.612324],[115.345491,41.635658],[115.354748,41.649856],[115.35605,41.657638],[115.360944,41.661337],[115.36244,41.668139],[115.355509,41.672169],[115.336852,41.675116],[115.331393,41.683094],[115.319,41.691502],[115.326636,41.702251],[115.336036,41.708989],[115.347019,41.712322],[115.366326,41.712546],[115.430042,41.728728],[115.488777,41.760915],[115.500604,41.764869],[115.519769,41.767802],[115.533573,41.77174],[115.609919,41.813117],[115.61949,41.821082],[115.630776,41.824972],[115.643849,41.823005],[115.648423,41.824874],[115.653902,41.829036],[115.65935,41.848312],[115.6742,41.856317],[115.684067,41.865389],[115.688164,41.867728],[115.694584,41.867548],[115.713098,41.863847],[115.721974,41.866432],[115.725919,41.870117],[115.726815,41.8731],[115.726417,41.88201],[115.727878,41.888422],[115.732448,41.891889],[115.741333,41.89355],[115.756731,41.886797],[115.765914,41.888912],[115.782361,41.898151],[115.795852,41.911147],[115.810944,41.912331],[115.815448,41.928702],[115.828839,41.936989],[115.837095,41.937703],[115.849722,41.928839],[115.863191,41.927749],[115.876017,41.931229],[115.896462,41.942287],[115.916381,41.945133],[115.920704,41.942409],[115.921684,41.93442],[115.925747,41.924615],[115.949712,41.881107],[115.954373,41.874281],[115.963639,41.867026],[115.967101,41.856306],[115.97362,41.845841],[115.994954,41.828623],[116.000963,41.81583],[116.002739,41.802182],[116.007292,41.798572],[116.006113,41.79644],[116.00858,41.796808],[116.00863,41.795207],[116.013818,41.79074],[116.010576,41.786429],[116.015289,41.781416],[116.016629,41.77707],[116.033878,41.776859],[116.034018,41.78266],[116.083978,41.781775],[116.069144,41.757772],[116.067895,41.750012],[116.06486,41.744282],[116.056334,41.733714],[116.035224,41.722155],[116.01439,41.71538],[115.972892,41.680102],[115.956398,41.671755],[115.936301,41.65631],[115.909991,41.642934],[115.929279,41.596092],[115.926474,41.587306],[115.928919,41.585696],[115.930065,41.58187],[115.924021,41.574802],[115.92478,41.568644],[115.934507,41.566211],[115.942353,41.562325],[115.958765,41.550362],[115.973889,41.529657],[115.975508,41.517552],[115.980799,41.502726],[115.982138,41.485122],[115.977609,41.476174],[115.976729,41.470909],[115.979819,41.466814],[115.989616,41.464366],[115.997603,41.457338],[116.000068,41.454384],[116.002888,41.442282],[116.001999,41.43976],[116.004481,41.43292],[116.010926,41.427707],[116.022868,41.424816],[116.025629,41.422322],[116.030244,41.416638],[116.031836,41.406351],[116.036154,41.39769],[116.041986,41.392242],[116.048105,41.38999]]]}},{"type":"Feature","properties":{"dt_adcode":"130725"},"geometry":{"type":"Polygon","coordinates":[[[114.356766,40.732242],[114.332651,40.731459],[114.308348,40.736392],[114.28691,40.745519],[114.276593,40.747346],[114.275942,40.748709],[114.260918,40.747912],[114.238572,40.749946],[114.21265,40.759938],[114.202998,40.761104],[114.192207,40.760423],[114.167988,40.750061],[114.155493,40.747047],[114.134744,40.737285],[114.127813,40.74658],[114.104188,40.768061],[114.103485,40.770793],[114.107103,40.779107],[114.105846,40.780676],[114.104424,40.797594],[114.10121,40.797427],[114.095794,40.793389],[114.090489,40.795832],[114.080163,40.790554],[114.074346,40.794433],[114.072001,40.800139],[114.064993,40.808156],[114.060586,40.810532],[114.055117,40.821679],[114.054829,40.825682],[114.04486,40.830837],[114.057122,40.84289],[114.06969,40.846934],[114.07355,40.857322],[114.069457,40.861803],[114.055331,40.86788],[114.052829,40.870308],[114.051325,40.875592],[114.055444,40.877749],[114.051489,40.883863],[114.0509,40.889696],[114.052226,40.893379],[114.04218,40.904304],[114.041381,40.917375],[114.038741,40.920086],[114.042537,40.920124],[114.046767,40.923592],[114.057466,40.925099],[114.055357,40.929246],[114.047837,40.93457],[114.040744,40.931494],[114.021971,40.935446],[114.013176,40.934636],[114.000776,40.947519],[113.997914,40.946702],[113.995087,40.938884],[113.991116,40.940201],[113.982143,40.951027],[113.976443,40.961189],[113.975471,40.976538],[113.972965,40.982991],[113.963613,40.992986],[113.956151,40.996319],[113.922599,41.024365],[113.905691,41.034061],[113.868476,41.068877],[113.849853,41.080919],[113.823387,41.093113],[113.819304,41.097543],[113.820342,41.101646],[113.828286,41.104689],[113.843946,41.103235],[113.863383,41.106051],[113.877911,41.115605],[113.883664,41.124877],[113.90732,41.152804],[113.911095,41.16577],[113.914574,41.170058],[113.920406,41.172007],[113.939772,41.170293],[113.961072,41.171304],[113.973636,41.174297],[113.984491,41.179839],[113.996804,41.19245],[114.001021,41.208399],[114.000616,41.223982],[114.006687,41.229386],[114.010688,41.224386],[114.016236,41.23206],[114.014896,41.236157],[114.006763,41.24351],[114.006574,41.251553],[113.997934,41.258496],[113.995047,41.259202],[113.99446,41.265824],[113.992153,41.269997],[113.987513,41.270474],[113.986566,41.269238],[113.985361,41.270472],[113.97683,41.266653],[113.976745,41.264556],[113.980317,41.263611],[113.97783,41.259616],[113.978085,41.254705],[113.974522,41.254171],[113.971652,41.249218],[113.971449,41.239552],[113.966348,41.240316],[113.96174,41.24515],[113.962134,41.253946],[113.95298,41.254271],[113.954064,41.257817],[113.951782,41.264484],[113.953916,41.26563],[113.948402,41.265828],[113.954514,41.266824],[113.953908,41.269586],[113.950165,41.269096],[113.953552,41.270697],[113.953691,41.276936],[113.951207,41.282887],[113.955864,41.283016],[113.956354,41.286344],[113.936268,41.294778],[113.922561,41.291131],[113.918691,41.296101],[113.914582,41.294376],[113.910266,41.298385],[113.910173,41.300587],[113.901413,41.311008],[113.899464,41.315691],[113.904958,41.319749],[113.909317,41.3184],[113.912895,41.322876],[113.919309,41.325686],[113.926648,41.326326],[113.928018,41.333809],[113.923426,41.338698],[113.924726,41.344206],[113.928943,41.347593],[113.932495,41.354345],[113.937497,41.356653],[113.938143,41.359382],[113.938065,41.36865],[113.934929,41.369361],[113.93617,41.373936],[113.934007,41.376792],[113.936448,41.377648],[113.936439,41.382798],[113.938523,41.383078],[113.937591,41.384069],[113.942288,41.387074],[113.944008,41.39081],[113.946655,41.390141],[113.948707,41.391804],[113.944399,41.392751],[113.943866,41.394529],[113.941286,41.395383],[113.933817,41.394262],[113.918223,41.403789],[113.871183,41.41334],[113.876699,41.428524],[113.883692,41.437329],[113.909919,41.447094],[113.919667,41.454578],[113.929319,41.482909],[113.931987,41.486586],[113.937022,41.487138],[113.942818,41.483995],[113.953785,41.483692],[113.960529,41.490482],[113.973281,41.498358],[113.977531,41.506634],[113.991413,41.509979],[114.001625,41.514305],[114.004362,41.519316],[114.016467,41.519824],[114.020066,41.522566],[114.025701,41.523873],[114.032156,41.529578],[114.033764,41.527796],[114.038296,41.527466],[114.037165,41.528811],[114.03983,41.528581],[114.038664,41.529386],[114.040776,41.531012],[114.040218,41.533239],[114.047524,41.529213],[114.047801,41.527626],[114.057511,41.52633],[114.061609,41.530181],[114.065292,41.528336],[114.068476,41.528765],[114.06841,41.531285],[114.069759,41.531961],[114.072759,41.530602],[114.082302,41.530622],[114.08465,41.529046],[114.087499,41.532326],[114.091031,41.532644],[114.1012,41.537752],[114.113586,41.53715],[114.119523,41.534471],[114.127591,41.536374],[114.133515,41.531416],[114.202816,41.518923],[114.213913,41.51155],[114.203429,41.498514],[114.198637,41.497343],[114.200094,41.496172],[114.194944,41.493932],[114.191584,41.489692],[114.192543,41.486877],[114.202183,41.479694],[114.198751,41.477006],[114.204864,41.47071],[114.200748,41.467781],[114.19744,41.469065],[114.193066,41.464033],[114.18959,41.463158],[114.184567,41.466818],[114.181377,41.463705],[114.18522,41.459201],[114.182882,41.457025],[114.193223,41.451566],[114.200226,41.45842],[114.224063,41.446008],[114.211191,41.433364],[114.224826,41.428718],[114.221214,41.427798],[114.224625,41.426428],[114.224461,41.423913],[114.227376,41.422777],[114.226205,41.420423],[114.223219,41.421334],[114.222044,41.419102],[114.228871,41.416852],[114.224301,41.413052],[114.22932,41.41074],[114.227114,41.40283],[114.219223,41.396443],[114.224874,41.392553],[114.226179,41.38599],[114.234835,41.382008],[114.239881,41.382248],[114.251596,41.375117],[114.253058,41.366068],[114.260134,41.354084],[114.268669,41.351188],[114.269707,41.353313],[114.289773,41.334775],[114.309379,41.320754],[114.313082,41.315067],[114.317445,41.3039],[114.317818,41.296817],[114.314852,41.288564],[114.310651,41.281898],[114.287714,41.265269],[114.278983,41.256974],[114.277907,41.243473],[114.290037,41.213155],[114.300253,41.193114],[114.317403,41.176789],[114.359516,41.154023],[114.375266,41.141283],[114.370577,41.135502],[114.375021,41.130145],[114.368477,41.127577],[114.359002,41.119061],[114.355574,41.122115],[114.354777,41.119429],[114.359051,41.107976],[114.370693,41.101285],[114.370871,41.099966],[114.367011,41.10066],[114.367052,41.097543],[114.369651,41.096614],[114.371731,41.097801],[114.372918,41.095638],[114.372651,41.092923],[114.3711,41.093169],[114.369865,41.091249],[114.372263,41.089087],[114.372536,41.084514],[114.369146,41.082114],[114.366762,41.086024],[114.362136,41.087139],[114.362274,41.08889],[114.358959,41.091549],[114.349291,41.086899],[114.354016,41.083395],[114.358661,41.08288],[114.359033,41.068965],[114.355527,41.053851],[114.354472,41.036239],[114.358869,41.017524],[114.367752,41.006157],[114.374739,41.002548],[114.383549,40.999174],[114.403529,40.996781],[114.407173,40.994514],[114.412334,40.990426],[114.420571,40.979493],[114.430581,40.972905],[114.451233,40.951946],[114.44398,40.948355],[114.440582,40.944606],[114.430859,40.929259],[114.429074,40.916665],[114.420082,40.897462],[114.414912,40.890027],[114.389662,40.869786],[114.383999,40.8676],[114.37371,40.859582],[114.37004,40.843687],[114.371845,40.826771],[114.386273,40.802566],[114.389103,40.790711],[114.386105,40.781252],[114.380906,40.749056],[114.373327,40.741554],[114.356766,40.732242]]]}},{"type":"Feature","properties":{"dt_adcode":"130726"},"geometry":{"type":"Polygon","coordinates":[[[114.411213,39.646667],[114.406208,39.659716],[114.408058,39.671416],[114.407702,39.735731],[114.408899,39.746677],[114.41336,39.747792],[114.411687,39.747867],[114.411092,39.749651],[114.414513,39.749725],[114.410228,39.761706],[114.410656,39.766437],[114.416992,39.776986],[114.415041,39.783971],[114.408824,39.78236],[114.407836,39.786925],[114.409588,39.790613],[114.406248,39.790135],[114.405061,39.792997],[114.402249,39.793],[114.398348,39.800608],[114.397402,39.811377],[114.390312,39.819295],[114.39327,39.823503],[114.402306,39.82553],[114.404021,39.827333],[114.403652,39.829977],[114.406919,39.83262],[114.397928,39.844929],[114.398313,39.856455],[114.39967,39.856681],[114.395427,39.867225],[114.387535,39.866753],[114.381955,39.869584],[114.380167,39.867919],[114.364719,39.866651],[114.347819,39.862719],[114.335619,39.863126],[114.327467,39.865574],[114.315831,39.859904],[114.309559,39.859669],[114.302209,39.86241],[114.294941,39.861249],[114.288646,39.857932],[114.285079,39.858985],[114.286748,39.861599],[114.285413,39.865932],[114.286815,39.871042],[114.282414,39.873927],[114.276977,39.874496],[114.272851,39.870798],[114.254321,39.866365],[114.245516,39.861894],[114.237839,39.862303],[114.228436,39.860364],[114.225241,39.857034],[114.226856,39.852694],[114.225483,39.851421],[114.221756,39.857171],[114.221194,39.861663],[114.219231,39.863021],[114.215762,39.862051],[114.214237,39.86455],[114.208546,39.867364],[114.207975,39.86954],[114.203009,39.871494],[114.199438,39.878778],[114.20451,39.885177],[114.222169,39.893833],[114.224526,39.896626],[114.227738,39.895893],[114.229406,39.898542],[114.22742,39.903807],[114.225135,39.903729],[114.223841,39.905414],[114.226672,39.905505],[114.226736,39.907618],[114.224697,39.909261],[114.222971,39.907263],[114.221511,39.9081],[114.221159,39.910242],[114.222634,39.911262],[114.220632,39.914269],[114.216096,39.917681],[114.212297,39.915222],[114.211941,39.926424],[114.214343,39.931218],[114.213013,39.935695],[114.20875,39.938681],[114.198634,39.941418],[114.198541,39.944325],[114.205965,39.954452],[114.216332,39.958725],[114.222649,39.95855],[114.233368,39.966158],[114.238329,39.965559],[114.239709,39.962467],[114.244597,39.960929],[114.246331,39.958143],[114.247507,39.946622],[114.240317,39.935278],[114.240908,39.93306],[114.244123,39.932316],[114.257233,39.934218],[114.277378,39.94194],[114.286419,39.940911],[114.307908,39.94926],[114.318485,39.950842],[114.330321,39.950021],[114.331337,39.953799],[114.339393,39.961996],[114.338104,39.967481],[114.335563,39.970746],[114.336856,39.978641],[114.341361,39.982461],[114.35285,39.984734],[114.354383,39.986469],[114.352202,39.993965],[114.364906,40.000218],[114.375039,40.002795],[114.385812,40.014824],[114.393463,40.018361],[114.401552,40.017643],[114.407596,40.012464],[114.408469,40.007877],[114.406341,39.993417],[114.412416,39.992308],[114.427178,39.994061],[114.430591,39.992274],[114.437026,39.995324],[114.459789,39.989631],[114.468093,39.989247],[114.485804,40.001241],[114.496051,40.025184],[114.507262,40.033879],[114.514065,40.037544],[114.528597,40.037562],[114.541344,40.040097],[114.552894,40.045596],[114.561767,40.052922],[114.563062,40.089923],[114.570727,40.101136],[114.576072,40.103889],[114.582321,40.104134],[114.601729,40.095746],[114.607986,40.094627],[114.616939,40.094431],[114.635734,40.097938],[114.650047,40.103254],[114.670301,40.120027],[114.673277,40.123241],[114.675036,40.133071],[114.665356,40.159974],[114.663834,40.166596],[114.665306,40.174824],[114.682334,40.181298],[114.696361,40.191186],[114.709219,40.196955],[114.722976,40.196549],[114.730103,40.193],[114.754392,40.191819],[114.758816,40.192936],[114.763609,40.198036],[114.767184,40.198955],[114.77257,40.19554],[114.78353,40.181526],[114.781597,40.179513],[114.783693,40.174562],[114.788339,40.173692],[114.789107,40.171346],[114.796977,40.166848],[114.80125,40.166779],[114.808674,40.161765],[114.814642,40.160918],[114.814836,40.157851],[114.817973,40.154835],[114.830385,40.158245],[114.83234,40.157292],[114.833609,40.158464],[114.831956,40.162639],[114.833852,40.164298],[114.843368,40.163161],[114.847848,40.164261],[114.854139,40.172257],[114.863823,40.175156],[114.877482,40.182893],[114.879143,40.187714],[114.886723,40.186209],[114.890362,40.187641],[114.895734,40.183785],[114.901488,40.18439],[114.909378,40.178467],[114.913159,40.17745],[114.916378,40.174833],[114.915732,40.172553],[114.907054,40.163258],[114.913273,40.160881],[114.92522,40.161248],[114.933525,40.170561],[114.942387,40.168368],[114.950266,40.173375],[114.961481,40.171789],[114.962019,40.176738],[114.966854,40.178631],[114.971212,40.173087],[114.97574,40.174499],[114.974654,40.165716],[114.977341,40.160717],[114.985009,40.158921],[114.990201,40.155414],[114.994671,40.155204],[115.002768,40.148491],[115.013245,40.142585],[115.01653,40.135515],[115.012023,40.126364],[115.003322,40.114692],[115.001211,40.107146],[115.003006,40.101213],[115.019739,40.081392],[115.022126,40.07478],[115.021844,40.065979],[115.024097,40.059053],[115.031871,40.052021],[115.031801,40.048588],[115.035364,40.044498],[115.034829,40.03374],[115.043513,40.025655],[115.045478,40.021242],[115.045393,40.016077],[115.055834,39.997987],[115.057751,39.990799],[115.062194,39.988829],[115.063626,39.986119],[115.06504,39.982807],[115.065069,39.974187],[115.063428,39.971694],[115.064371,39.96736],[115.062569,39.962975],[115.068753,39.958914],[115.070484,39.952831],[115.068026,39.947751],[115.063457,39.944191],[115.049623,39.942918],[115.043396,39.938611],[115.040679,39.927584],[115.034217,39.919056],[115.029816,39.915885],[115.033118,39.900602],[115.027643,39.882929],[115.018526,39.87048],[115.013625,39.8551],[115.014477,39.831993],[115.016384,39.821716],[115.030437,39.790274],[115.011833,39.747985],[115.007813,39.734668],[115.011272,39.718223],[115.023453,39.693398],[115.020271,39.685354],[115.011458,39.67474],[114.987367,39.677997],[114.978304,39.676279],[114.961893,39.666084],[114.956834,39.665266],[114.949984,39.666576],[114.936352,39.663703],[114.93085,39.656844],[114.891059,39.634718],[114.882273,39.627558],[114.874965,39.621329],[114.865647,39.610046],[114.856255,39.605172],[114.850624,39.598483],[114.848873,39.589174],[114.844811,39.586851],[114.838428,39.589194],[114.830247,39.605914],[114.821621,39.610211],[114.811271,39.610828],[114.792391,39.608625],[114.783801,39.609477],[114.760616,39.617061],[114.74167,39.615968],[114.726003,39.618977],[114.716727,39.618688],[114.712804,39.614289],[114.711055,39.606719],[114.712802,39.600318],[114.712054,39.59437],[114.704982,39.591316],[114.680718,39.588037],[114.666718,39.589756],[114.66263,39.596738],[114.655001,39.599208],[114.648078,39.588947],[114.640967,39.564671],[114.632992,39.555769],[114.616764,39.559947],[114.615799,39.561362],[114.617675,39.5652],[114.606049,39.567101],[114.597949,39.575054],[114.595873,39.580176],[114.587303,39.582872],[114.585264,39.585769],[114.574494,39.581131],[114.567142,39.567956],[114.5669,39.563038],[114.563442,39.558186],[114.564892,39.566288],[114.568922,39.573957],[114.566395,39.578843],[114.560816,39.581156],[114.557002,39.581412],[114.534988,39.572406],[114.532981,39.568576],[114.530388,39.567728],[114.529859,39.56378],[114.52566,39.565478],[114.515353,39.565001],[114.504947,39.589081],[114.505083,39.595343],[114.502247,39.598539],[114.50189,39.601962],[114.495806,39.608199],[114.474764,39.613742],[114.444427,39.610473],[114.431657,39.614051],[114.411213,39.646667]]]}},{"type":"Feature","properties":{"dt_adcode":"130727"},"geometry":{"type":"Polygon","coordinates":[[[114.703907,40.373021],[114.704508,40.369518],[114.710466,40.370598],[114.71198,40.368628],[114.717605,40.368664],[114.72048,40.370348],[114.726153,40.366744],[114.731349,40.367999],[114.742255,40.358886],[114.752078,40.360089],[114.758425,40.35254],[114.770448,40.346676],[114.778589,40.338282],[114.781886,40.32578],[114.777448,40.313897],[114.780366,40.302307],[114.779464,40.29703],[114.786184,40.29219],[114.788206,40.288369],[114.785814,40.286695],[114.786902,40.28419],[114.78522,40.281774],[114.785789,40.278348],[114.799212,40.274426],[114.799426,40.269334],[114.793149,40.264225],[114.802624,40.252346],[114.803843,40.248823],[114.798946,40.244279],[114.796357,40.244917],[114.793713,40.243456],[114.794763,40.238948],[114.798156,40.235171],[114.796892,40.230467],[114.79743,40.219465],[114.799414,40.216695],[114.803175,40.215446],[114.801888,40.210075],[114.803134,40.206801],[114.806965,40.204045],[114.807507,40.200652],[114.811913,40.195609],[114.813397,40.184168],[114.810553,40.178262],[114.810689,40.171721],[114.804447,40.167879],[114.796977,40.166848],[114.789107,40.171346],[114.788339,40.173692],[114.783693,40.174562],[114.781597,40.179513],[114.78353,40.181526],[114.77257,40.19554],[114.767184,40.198955],[114.763609,40.198036],[114.758816,40.192936],[114.754392,40.191819],[114.730103,40.193],[114.722976,40.196549],[114.709219,40.196955],[114.696361,40.191186],[114.682334,40.181298],[114.668882,40.177123],[114.665306,40.174824],[114.663834,40.166596],[114.675036,40.133071],[114.673277,40.123241],[114.670301,40.120027],[114.650047,40.103254],[114.635734,40.097938],[114.616939,40.094431],[114.607986,40.094627],[114.601729,40.095746],[114.582321,40.104134],[114.576072,40.103889],[114.570727,40.101136],[114.563062,40.089923],[114.561767,40.052922],[114.552894,40.045596],[114.541344,40.040097],[114.528597,40.037562],[114.514065,40.037544],[114.507262,40.033879],[114.496051,40.025184],[114.485804,40.001241],[114.468093,39.989247],[114.459789,39.989631],[114.437026,39.995324],[114.430591,39.992274],[114.427178,39.994061],[114.412416,39.992308],[114.406341,39.993417],[114.408469,40.007877],[114.407596,40.012464],[114.401552,40.017643],[114.393463,40.018361],[114.385812,40.014824],[114.375039,40.002795],[114.364906,40.000218],[114.352202,39.993965],[114.354383,39.986469],[114.35285,39.984734],[114.341361,39.982461],[114.336856,39.978641],[114.335563,39.970746],[114.338104,39.967481],[114.339393,39.961996],[114.331337,39.953799],[114.330321,39.950021],[114.318485,39.950842],[114.307908,39.94926],[114.286419,39.940911],[114.277378,39.94194],[114.257233,39.934218],[114.244123,39.932316],[114.240908,39.93306],[114.240317,39.935278],[114.247507,39.946622],[114.246331,39.958143],[114.244597,39.960929],[114.239709,39.962467],[114.238329,39.965559],[114.233368,39.966158],[114.222649,39.95855],[114.216332,39.958725],[114.206671,39.954892],[114.198541,39.944325],[114.198634,39.941418],[114.20875,39.938681],[114.213416,39.934992],[114.214343,39.931218],[114.212111,39.92716],[114.210901,39.917204],[114.205891,39.91105],[114.200219,39.908228],[114.191859,39.907231],[114.182946,39.899439],[114.174155,39.897619],[114.14352,39.902277],[114.102865,39.912849],[114.086821,39.910721],[114.072604,39.920693],[114.067772,39.922304],[114.053939,39.921509],[114.047371,39.91613],[114.034887,39.943065],[114.032916,39.953952],[114.028266,39.959293],[114.029433,39.985377],[114.024717,39.989816],[114.021256,39.991792],[114.016521,39.991062],[114.007982,39.993361],[114.006331,39.991854],[114.000932,39.991713],[113.994367,39.994734],[113.955517,40.002199],[113.947336,40.004807],[113.945672,40.007457],[113.936487,40.009635],[113.932014,40.009465],[113.923825,40.003333],[113.914635,40.005942],[113.910662,40.011731],[113.911621,40.018933],[113.916147,40.024428],[113.922483,40.026597],[113.939757,40.02583],[113.94697,40.027303],[113.958831,40.033499],[113.970524,40.043587],[113.975572,40.051044],[113.977616,40.066389],[113.981041,40.071123],[113.978597,40.09094],[113.973724,40.097889],[113.979842,40.112281],[113.99633,40.110868],[114.019927,40.102459],[114.023312,40.093332],[114.035162,40.079592],[114.035147,40.065017],[114.043822,40.056877],[114.049494,40.058482],[114.061254,40.066057],[114.074544,40.069974],[114.084632,40.071005],[114.090977,40.075105],[114.091777,40.086761],[114.101726,40.099831],[114.101206,40.108747],[114.089102,40.121474],[114.085827,40.127004],[114.081725,40.13805],[114.081339,40.146595],[114.078528,40.155403],[114.068039,40.179773],[114.078817,40.186039],[114.092097,40.189078],[114.09798,40.193691],[114.105228,40.193919],[114.107359,40.192594],[114.110462,40.193689],[114.116851,40.18875],[114.123396,40.188696],[114.1239,40.182663],[114.122338,40.178908],[114.135935,40.175397],[114.145081,40.177379],[114.180052,40.191539],[114.193343,40.194991],[114.204922,40.196126],[114.224402,40.193069],[114.233559,40.195755],[114.235864,40.198319],[114.236897,40.212057],[114.240157,40.221953],[114.249608,40.234485],[114.25522,40.236195],[114.272704,40.231976],[114.293106,40.230116],[114.303231,40.231928],[114.316455,40.239751],[114.324455,40.242665],[114.35571,40.2495],[114.362578,40.250102],[114.381593,40.245457],[114.400455,40.245136],[114.430342,40.25483],[114.446366,40.258078],[114.46993,40.268061],[114.496051,40.292009],[114.510937,40.302978],[114.526447,40.323558],[114.530564,40.336193],[114.53066,40.343283],[114.605521,40.363025],[114.624721,40.358072],[114.642072,40.365464],[114.658824,40.376054],[114.664227,40.377219],[114.689112,40.378147],[114.693928,40.372014],[114.6981,40.373709],[114.703907,40.373021]]]}},{"type":"Feature","properties":{"dt_adcode":"130728"},"geometry":{"type":"Polygon","coordinates":[[[114.53066,40.343283],[114.530608,40.345111],[114.520615,40.350223],[114.505308,40.35343],[114.499327,40.354025],[114.486369,40.348345],[114.470814,40.349707],[114.459829,40.357765],[114.451999,40.369754],[114.446538,40.372873],[114.439099,40.371599],[114.43086,40.36711],[114.413954,40.362236],[114.410779,40.35829],[114.403724,40.353813],[114.390388,40.351282],[114.387257,40.353833],[114.383284,40.354267],[114.383398,40.359294],[114.381208,40.362877],[114.375134,40.363606],[114.368125,40.3608],[114.363851,40.364665],[114.35892,40.364419],[114.352941,40.368543],[114.344448,40.36954],[114.322358,40.365417],[114.31442,40.369596],[114.307502,40.388658],[114.295072,40.409178],[114.29445,40.415352],[114.286254,40.424893],[114.288322,40.431314],[114.299263,40.439025],[114.298727,40.445604],[114.286557,40.450355],[114.284261,40.459986],[114.275436,40.458035],[114.272086,40.460008],[114.269191,40.46424],[114.270469,40.467672],[114.267207,40.474213],[114.268944,40.477503],[114.274446,40.481634],[114.27349,40.489981],[114.282588,40.495172],[114.279659,40.501645],[114.286097,40.51109],[114.285994,40.527119],[114.292687,40.531941],[114.297004,40.537486],[114.294337,40.546551],[114.295263,40.54939],[114.293438,40.551405],[114.289519,40.550272],[114.279977,40.551036],[114.273334,40.554081],[114.276156,40.565671],[114.279193,40.566842],[114.276468,40.573373],[114.283109,40.586002],[114.282953,40.5908],[114.27796,40.59619],[114.258243,40.61066],[114.25401,40.611264],[114.246032,40.607214],[114.236134,40.607019],[114.224466,40.611932],[114.218672,40.620286],[114.21501,40.623397],[114.211049,40.623861],[114.208982,40.62913],[114.216144,40.63438],[114.214441,40.640118],[114.208172,40.645336],[114.206704,40.652448],[114.195977,40.658167],[114.179839,40.67505],[114.175758,40.689165],[114.165812,40.69948],[114.162345,40.713564],[114.160389,40.716607],[114.151226,40.72309],[114.148437,40.726791],[114.147278,40.733455],[114.139525,40.739941],[114.192207,40.760423],[114.208417,40.760765],[114.238572,40.749946],[114.260918,40.747912],[114.275942,40.748709],[114.276593,40.747346],[114.28691,40.745519],[114.308348,40.736392],[114.332651,40.731459],[114.352862,40.731588],[114.355357,40.729455],[114.353816,40.718894],[114.361876,40.715346],[114.379658,40.715809],[114.401724,40.707343],[114.433435,40.703583],[114.462279,40.695959],[114.492368,40.680808],[114.506111,40.681089],[114.529872,40.676315],[114.543657,40.675849],[114.556342,40.678366],[114.563249,40.677757],[114.588602,40.684324],[114.596511,40.683742],[114.603297,40.686903],[114.618031,40.68874],[114.619951,40.690288],[114.651462,40.693284],[114.669106,40.697458],[114.682612,40.706801],[114.688243,40.715203],[114.698928,40.720717],[114.718724,40.720417],[114.735361,40.725304],[114.746212,40.725545],[114.760189,40.721329],[114.76441,40.71699],[114.781241,40.70634],[114.774246,40.698244],[114.780523,40.695997],[114.76879,40.68923],[114.768739,40.683591],[114.774993,40.682936],[114.778283,40.676314],[114.780373,40.677103],[114.789018,40.672487],[114.795796,40.671995],[114.800976,40.668541],[114.793922,40.66645],[114.793416,40.663049],[114.789091,40.659453],[114.782487,40.657954],[114.781634,40.649234],[114.779141,40.647737],[114.778061,40.644453],[114.773054,40.643489],[114.776461,40.638221],[114.774895,40.636705],[114.782337,40.631548],[114.788004,40.623201],[114.79076,40.615943],[114.796195,40.610201],[114.793236,40.600519],[114.790403,40.600051],[114.793944,40.594874],[114.793206,40.586247],[114.79476,40.580817],[114.786533,40.565419],[114.789128,40.547804],[114.783552,40.542771],[114.785136,40.539337],[114.783507,40.53044],[114.785371,40.527827],[114.789524,40.52705],[114.79584,40.528941],[114.80161,40.525017],[114.801829,40.509537],[114.789937,40.507166],[114.787874,40.502868],[114.788287,40.498691],[114.786659,40.497291],[114.780515,40.496691],[114.777576,40.498631],[114.761342,40.495491],[114.757679,40.497267],[114.752436,40.497206],[114.751698,40.493147],[114.754166,40.4879],[114.760472,40.483874],[114.760237,40.475196],[114.762496,40.472166],[114.758742,40.469366],[114.751752,40.47126],[114.747075,40.468015],[114.744974,40.463947],[114.745947,40.458696],[114.743344,40.456154],[114.745584,40.451391],[114.740848,40.447826],[114.740709,40.445771],[114.728494,40.444872],[114.725768,40.442842],[114.724209,40.439684],[114.728305,40.435028],[114.712147,40.435099],[114.714485,40.428593],[114.701736,40.42579],[114.702101,40.419666],[114.706169,40.415371],[114.706217,40.410515],[114.718245,40.400177],[114.71484,40.391604],[114.711928,40.390019],[114.714069,40.385681],[114.717828,40.383245],[114.713233,40.377096],[114.714109,40.37632],[114.707943,40.37248],[114.6981,40.373709],[114.694269,40.371966],[114.689112,40.378147],[114.664227,40.377219],[114.658824,40.376054],[114.642072,40.365464],[114.624721,40.358072],[114.605521,40.363025],[114.53066,40.343283]]]}},{"type":"Feature","properties":{"dt_adcode":"130730"},"geometry":{"type":"Polygon","coordinates":[[[115.739703,40.512918],[115.740979,40.510826],[115.736037,40.503827],[115.743079,40.494964],[115.74472,40.498695],[115.764324,40.49924],[115.768088,40.498353],[115.773792,40.494064],[115.778109,40.494556],[115.782209,40.492069],[115.781714,40.489308],[115.778074,40.486827],[115.776192,40.482703],[115.776677,40.477514],[115.771552,40.472849],[115.769948,40.469142],[115.772447,40.461462],[115.775314,40.462137],[115.776129,40.46059],[115.773666,40.459618],[115.773398,40.458577],[115.775733,40.458922],[115.771632,40.451884],[115.774289,40.447507],[115.770864,40.447144],[115.770422,40.444161],[115.77428,40.444233],[115.776065,40.441744],[115.779255,40.442631],[115.780581,40.440246],[115.786672,40.437071],[115.78993,40.432477],[115.796877,40.432525],[115.798037,40.428864],[115.794884,40.42737],[115.836553,40.385686],[115.837453,40.381261],[115.840629,40.381098],[115.841434,40.377866],[115.844143,40.378196],[115.846869,40.375086],[115.849007,40.375234],[115.848888,40.376713],[115.855967,40.37712],[115.856054,40.375804],[115.860417,40.375671],[115.862278,40.369277],[115.858252,40.368441],[115.862053,40.368387],[115.859091,40.367762],[115.861879,40.367046],[115.861966,40.365422],[115.858086,40.364768],[115.85929,40.3624],[115.863264,40.362199],[115.864572,40.363916],[115.862528,40.360854],[115.86445,40.359331],[115.872755,40.359597],[115.87622,40.362146],[115.878065,40.359361],[115.883177,40.359547],[115.885256,40.357022],[115.890925,40.357894],[115.892996,40.355553],[115.909545,40.35762],[115.91831,40.353893],[115.920028,40.347459],[115.924257,40.341753],[115.921425,40.33866],[115.922883,40.332904],[115.927216,40.329604],[115.922752,40.324742],[115.92639,40.319594],[115.929239,40.321053],[115.932558,40.319619],[115.932905,40.317848],[115.935712,40.316714],[115.93658,40.313368],[115.943812,40.310952],[115.942142,40.305748],[115.939586,40.303595],[115.945879,40.296194],[115.944706,40.292164],[115.946114,40.289041],[115.950079,40.289221],[115.951704,40.282013],[115.955123,40.27942],[115.955079,40.277123],[115.960229,40.274916],[115.959359,40.273937],[115.96162,40.269219],[115.968939,40.263944],[115.963943,40.258002],[115.960009,40.256656],[115.952301,40.256636],[115.948796,40.254077],[115.942709,40.253563],[115.93367,40.255339],[115.92447,40.251723],[115.915882,40.245949],[115.91662,40.242389],[115.91412,40.240257],[115.91359,40.235777],[115.911967,40.234483],[115.906691,40.234122],[115.898087,40.236421],[115.897644,40.233391],[115.891991,40.228154],[115.884874,40.217172],[115.883305,40.217074],[115.884759,40.21181],[115.883174,40.209599],[115.885202,40.206348],[115.882749,40.203014],[115.877212,40.200763],[115.876475,40.19407],[115.873703,40.19268],[115.872091,40.187191],[115.863907,40.18587],[115.855154,40.188871],[115.848081,40.183982],[115.85421,40.179934],[115.844297,40.167603],[115.846754,40.163175],[115.849654,40.164294],[115.850857,40.163046],[115.848312,40.161206],[115.853566,40.154164],[115.853695,40.149958],[115.851911,40.148043],[115.846389,40.147089],[115.834237,40.150241],[115.835751,40.145433],[115.821626,40.152804],[115.806563,40.153259],[115.786939,40.170419],[115.787009,40.178714],[115.777043,40.177573],[115.773029,40.176191],[115.768206,40.165554],[115.762222,40.162613],[115.756894,40.164306],[115.754317,40.163246],[115.749542,40.152988],[115.754107,40.148579],[115.754844,40.145458],[115.749254,40.137713],[115.736098,40.129932],[115.724222,40.128805],[115.710619,40.13459],[115.699775,40.13215],[115.705636,40.129382],[115.711044,40.128935],[115.712061,40.126896],[115.702175,40.128191],[115.696843,40.126789],[115.692286,40.132236],[115.68698,40.130529],[115.681196,40.132676],[115.673984,40.129784],[115.657735,40.1281],[115.657796,40.129646],[115.654517,40.131302],[115.644586,40.126638],[115.644621,40.124311],[115.641864,40.121052],[115.643767,40.117048],[115.641785,40.115878],[115.635935,40.1158],[115.631677,40.117848],[115.625055,40.116296],[115.62198,40.118716],[115.616222,40.117145],[115.610031,40.119656],[115.599114,40.120016],[115.594463,40.115633],[115.594436,40.108979],[115.592398,40.110183],[115.590706,40.096393],[115.581914,40.095232],[115.578543,40.096369],[115.57558,40.100977],[115.567766,40.096548],[115.566433,40.098356],[115.563922,40.098169],[115.553732,40.091665],[115.555877,40.085301],[115.555479,40.082628],[115.552769,40.081571],[115.552172,40.079246],[115.543926,40.07587],[115.537888,40.077774],[115.52802,40.076307],[115.514954,40.066935],[115.509706,40.065471],[115.506357,40.071278],[115.506286,40.073842],[115.508705,40.076609],[115.507168,40.083296],[115.513205,40.086059],[115.506933,40.098059],[115.505714,40.112625],[115.502102,40.11895],[115.496108,40.122624],[115.492932,40.131838],[115.490398,40.133126],[115.485231,40.141597],[115.483497,40.14892],[115.487014,40.157739],[115.478126,40.164961],[115.47864,40.171003],[115.476495,40.173419],[115.473389,40.185817],[115.470614,40.187516],[115.471302,40.193892],[115.474874,40.197837],[115.474554,40.203943],[115.479015,40.210857],[115.476939,40.212555],[115.476581,40.217911],[115.473228,40.216454],[115.467142,40.218851],[115.465011,40.227375],[115.456413,40.233128],[115.449359,40.241215],[115.447831,40.246051],[115.448673,40.252114],[115.446226,40.255622],[115.454225,40.265779],[115.465004,40.283802],[115.461238,40.299105],[115.466317,40.300795],[115.469416,40.3],[115.470896,40.304089],[115.469784,40.308292],[115.473846,40.309946],[115.474089,40.312838],[115.480506,40.313877],[115.483062,40.319469],[115.492294,40.317149],[115.498548,40.336309],[115.473593,40.344696],[115.46532,40.342475],[115.462324,40.344414],[115.460387,40.341309],[115.461167,40.334894],[115.460046,40.334288],[115.451803,40.343501],[115.450151,40.340784],[115.444953,40.340722],[115.443564,40.335561],[115.431162,40.33647],[115.43036,40.335193],[115.428434,40.344303],[115.423632,40.351418],[115.447136,40.35602],[115.438173,40.36071],[115.436751,40.363262],[115.424837,40.364482],[115.425029,40.366477],[115.421319,40.369263],[115.412373,40.372049],[115.405657,40.371481],[115.403081,40.374329],[115.396461,40.373935],[115.365081,40.381517],[115.34972,40.386934],[115.341563,40.393053],[115.336531,40.392259],[115.332763,40.39439],[115.331993,40.396828],[115.317549,40.408494],[115.315199,40.413681],[115.311829,40.415379],[115.305272,40.42617],[115.300274,40.429255],[115.301067,40.43071],[115.2966,40.438447],[115.2908,40.443834],[115.291061,40.453699],[115.285723,40.461606],[115.285483,40.468913],[115.289194,40.47196],[115.293061,40.463504],[115.298487,40.46934],[115.305981,40.466568],[115.316889,40.473425],[115.322641,40.483407],[115.330871,40.485571],[115.331918,40.491079],[115.329939,40.494203],[115.33091,40.498502],[115.336075,40.501822],[115.341997,40.508736],[115.341383,40.513498],[115.345845,40.518704],[115.354235,40.512147],[115.359708,40.512344],[115.365384,40.508418],[115.370065,40.509673],[115.383571,40.508069],[115.387221,40.5031],[115.399105,40.501568],[115.402689,40.499472],[115.412915,40.501158],[115.42079,40.50019],[115.422736,40.504009],[115.422039,40.510913],[115.4243,40.513809],[115.433682,40.518701],[115.440653,40.52],[115.446411,40.525597],[115.45373,40.525856],[115.465548,40.531659],[115.475723,40.540873],[115.477075,40.547455],[115.484748,40.551788],[115.496626,40.564369],[115.504953,40.562879],[115.50898,40.565285],[115.512999,40.571672],[115.513201,40.576641],[115.515978,40.579596],[115.519298,40.577567],[115.532564,40.577546],[115.534857,40.575998],[115.576163,40.569557],[115.590508,40.564667],[115.611576,40.570266],[115.618739,40.565432],[115.626227,40.563341],[115.634598,40.565249],[115.637755,40.572972],[115.636019,40.57783],[115.638454,40.581311],[115.640823,40.581096],[115.661332,40.574611],[115.664385,40.574636],[115.668022,40.577295],[115.671376,40.572899],[115.670749,40.56881],[115.672364,40.564682],[115.679471,40.563803],[115.686152,40.568115],[115.691381,40.577917],[115.700811,40.586563],[115.720382,40.587609],[115.729045,40.582538],[115.731095,40.578414],[115.731884,40.569035],[115.728919,40.548257],[115.722,40.532064],[115.726292,40.525517],[115.728029,40.519087],[115.732538,40.517342],[115.737523,40.512812],[115.739703,40.512918]]]}},{"type":"Feature","properties":{"dt_adcode":"130731"},"geometry":{"type":"Polygon","coordinates":[[[115.426773,39.950082],[115.422462,39.944234],[115.419764,39.94335],[115.413099,39.929489],[115.406665,39.911845],[115.401645,39.903819],[115.399889,39.891334],[115.385684,39.885899],[115.364512,39.885317],[115.361819,39.877905],[115.364948,39.874589],[115.364092,39.871577],[115.365692,39.867926],[115.362991,39.858881],[115.3587,39.852811],[115.351413,39.848666],[115.348893,39.843845],[115.344168,39.840766],[115.343195,39.828078],[115.345218,39.821849],[115.343506,39.81723],[115.332998,39.810816],[115.33008,39.806561],[115.336419,39.796329],[115.342735,39.792206],[115.342947,39.790653],[115.33787,39.788957],[115.333113,39.789552],[115.312966,39.783556],[115.312362,39.779704],[115.307966,39.778883],[115.303567,39.775143],[115.301946,39.771063],[115.291964,39.762257],[115.289349,39.754089],[115.283189,39.745193],[115.278236,39.744999],[115.26022,39.737555],[115.256333,39.738329],[115.252694,39.737103],[115.250867,39.738842],[115.247335,39.737491],[115.243975,39.733309],[115.238125,39.730379],[115.231834,39.721514],[115.215014,39.708067],[115.198915,39.701945],[115.18775,39.703889],[115.179401,39.703262],[115.177642,39.700452],[115.180413,39.691248],[115.179164,39.679595],[115.173576,39.673142],[115.167219,39.672828],[115.156461,39.676433],[115.144557,39.682985],[115.138725,39.688645],[115.126527,39.691445],[115.121748,39.695542],[115.10954,39.700735],[115.071177,39.709392],[115.050061,39.709213],[115.041456,39.707074],[115.031985,39.702404],[115.023453,39.693398],[115.011272,39.718223],[115.007813,39.734668],[115.011833,39.747985],[115.030437,39.790274],[115.016384,39.821716],[115.014477,39.831993],[115.013625,39.8551],[115.018526,39.87048],[115.027643,39.882929],[115.033118,39.900602],[115.029816,39.915885],[115.034217,39.919056],[115.040679,39.927584],[115.043396,39.938611],[115.049623,39.942918],[115.063457,39.944191],[115.068026,39.947751],[115.070484,39.952831],[115.068753,39.958914],[115.062569,39.962975],[115.064371,39.96736],[115.063428,39.971694],[115.065069,39.974187],[115.06504,39.982807],[115.063626,39.986119],[115.062194,39.988829],[115.057751,39.990799],[115.055834,39.997987],[115.045393,40.016077],[115.045478,40.021242],[115.043513,40.025655],[115.034829,40.03374],[115.035364,40.044498],[115.031801,40.048588],[115.031871,40.052021],[115.024097,40.059053],[115.021844,40.065979],[115.022126,40.07478],[115.019739,40.081392],[115.003006,40.101213],[115.001211,40.107146],[115.003322,40.114692],[115.012023,40.126364],[115.01653,40.135515],[115.01504,40.140307],[115.010247,40.145089],[115.002768,40.148491],[114.994671,40.155204],[114.990201,40.155414],[114.985009,40.158921],[114.976432,40.161533],[114.974573,40.166459],[114.975604,40.174871],[114.97328,40.176609],[114.962222,40.196199],[114.962762,40.197665],[114.964386,40.196735],[114.965673,40.201948],[114.969059,40.204809],[114.967478,40.210388],[114.95721,40.218916],[114.95283,40.224675],[114.944646,40.229327],[114.937179,40.242798],[114.93381,40.245598],[114.931955,40.250116],[114.934156,40.251356],[114.928469,40.253759],[114.939063,40.254501],[114.94567,40.260381],[114.967812,40.267907],[114.959011,40.274375],[114.968936,40.280653],[114.971396,40.284788],[114.970447,40.289769],[114.976962,40.291003],[114.977809,40.294589],[114.97625,40.297327],[114.982921,40.297533],[114.985973,40.300624],[114.988538,40.309408],[114.982531,40.308535],[114.984397,40.313056],[114.979389,40.316852],[114.975567,40.314991],[114.967504,40.315016],[114.963381,40.311976],[114.95734,40.31141],[114.955506,40.312055],[114.956373,40.318974],[114.947937,40.32139],[114.953447,40.327274],[114.952954,40.329666],[114.951235,40.330258],[114.951482,40.339788],[114.95521,40.347544],[114.964034,40.348014],[114.966499,40.352426],[114.962404,40.354447],[114.962532,40.356257],[114.967466,40.358128],[114.978536,40.358421],[114.998103,40.355324],[115.001439,40.353584],[115.00457,40.358775],[115.009613,40.355868],[115.023083,40.352084],[115.035546,40.355608],[115.03408,40.358454],[115.038406,40.360322],[115.043257,40.35827],[115.045296,40.362468],[115.042449,40.36632],[115.043847,40.370848],[115.041559,40.371971],[115.043475,40.380833],[115.055849,40.383946],[115.062145,40.387616],[115.065872,40.391942],[115.064848,40.396078],[115.069125,40.400714],[115.073021,40.399693],[115.079456,40.392025],[115.083657,40.389362],[115.090233,40.389276],[115.090097,40.387089],[115.091598,40.386324],[115.089588,40.384771],[115.096166,40.383339],[115.094911,40.381836],[115.096417,40.376175],[115.103229,40.378536],[115.113202,40.394605],[115.119427,40.410899],[115.112378,40.418217],[115.111075,40.42195],[115.112808,40.425154],[115.115883,40.425543],[115.11879,40.422551],[115.134639,40.42901],[115.135166,40.436689],[115.132739,40.441423],[115.132447,40.449002],[115.14138,40.453417],[115.146772,40.452956],[115.150598,40.456967],[115.153544,40.454775],[115.158955,40.454752],[115.161881,40.463482],[115.158964,40.46825],[115.168718,40.474967],[115.178789,40.475329],[115.180552,40.47746],[115.186989,40.479374],[115.188247,40.483737],[115.192384,40.487666],[115.206839,40.49125],[115.221338,40.491974],[115.224616,40.487498],[115.212031,40.483981],[115.206926,40.475545],[115.207221,40.472464],[115.210949,40.469981],[115.216536,40.469704],[115.216648,40.464011],[115.220936,40.457902],[115.21929,40.457864],[115.221498,40.454232],[115.218842,40.452815],[115.219558,40.452098],[115.223767,40.45121],[115.224481,40.449099],[115.228797,40.451519],[115.232051,40.449416],[115.232737,40.450612],[115.233292,40.449419],[115.241726,40.449395],[115.236726,40.447067],[115.239751,40.445569],[115.24126,40.442729],[115.237602,40.441711],[115.238466,40.43984],[115.24465,40.440629],[115.245919,40.438809],[115.248542,40.438655],[115.247856,40.440395],[115.253446,40.44254],[115.251136,40.447073],[115.258371,40.451977],[115.265222,40.45078],[115.272886,40.453894],[115.273224,40.451912],[115.275796,40.452124],[115.276091,40.450313],[115.290966,40.451699],[115.290335,40.444792],[115.2966,40.438447],[115.301067,40.43071],[115.300274,40.429255],[115.305272,40.42617],[115.311829,40.415379],[115.315199,40.413681],[115.317549,40.408494],[115.331993,40.396828],[115.332763,40.39439],[115.336531,40.392259],[115.341563,40.393053],[115.34972,40.386934],[115.365081,40.381517],[115.396461,40.373935],[115.403081,40.374329],[115.405657,40.371481],[115.411536,40.372198],[115.420884,40.369523],[115.425029,40.366477],[115.424837,40.364482],[115.436148,40.363506],[115.438173,40.36071],[115.447136,40.35602],[115.423632,40.351418],[115.428434,40.344303],[115.43036,40.335193],[115.431162,40.33647],[115.443564,40.335561],[115.444953,40.340722],[115.450151,40.340784],[115.451803,40.343501],[115.460046,40.334288],[115.461167,40.334894],[115.460387,40.341309],[115.462324,40.344414],[115.46532,40.342475],[115.473593,40.344696],[115.498267,40.336608],[115.492294,40.317149],[115.483062,40.319469],[115.480506,40.313877],[115.474089,40.312838],[115.473846,40.309946],[115.469784,40.308292],[115.470896,40.304089],[115.469416,40.3],[115.466317,40.300795],[115.461238,40.299105],[115.465004,40.283802],[115.454225,40.265779],[115.446226,40.255622],[115.448673,40.252114],[115.447831,40.246051],[115.449359,40.241215],[115.456413,40.233128],[115.465011,40.227375],[115.467142,40.218851],[115.473228,40.216454],[115.476581,40.217911],[115.476939,40.212555],[115.479015,40.210857],[115.474554,40.203943],[115.474874,40.197837],[115.471302,40.193892],[115.470614,40.187516],[115.473389,40.185817],[115.476495,40.173419],[115.47864,40.171003],[115.478126,40.164961],[115.487014,40.157739],[115.483497,40.14892],[115.485231,40.141597],[115.490398,40.133126],[115.492932,40.131838],[115.496108,40.122624],[115.502102,40.11895],[115.505714,40.112625],[115.506933,40.098059],[115.513205,40.086059],[115.507168,40.083296],[115.508705,40.076609],[115.506286,40.073842],[115.506357,40.071278],[115.510423,40.062912],[115.505443,40.055639],[115.501397,40.05523],[115.500955,40.052484],[115.490026,40.047542],[115.488331,40.046132],[115.489002,40.043748],[115.483833,40.039447],[115.479319,40.03811],[115.47835,40.035968],[115.468409,40.0319],[115.460664,40.032179],[115.459677,40.030609],[115.454527,40.029704],[115.452075,40.020794],[115.442088,40.010549],[115.443118,40.006628],[115.449198,40.001987],[115.448167,40.000747],[115.450313,39.993044],[115.443896,39.994642],[115.436817,39.991432],[115.428521,39.984335],[115.427636,39.979466],[115.425884,39.978816],[115.423411,39.969825],[115.426914,39.965304],[115.423738,39.955701],[115.426773,39.950082]]]}},{"type":"Feature","properties":{"dt_adcode":"130732"},"geometry":{"type":"Polygon","coordinates":[[[115.572896,41.259358],[115.580731,41.26304],[115.581223,41.266098],[115.584918,41.266761],[115.595292,41.284706],[115.609317,41.299276],[115.618018,41.306012],[115.637446,41.317352],[115.660108,41.318152],[115.672809,41.32334],[115.677612,41.3282],[115.685835,41.347764],[115.690638,41.352398],[115.701442,41.360608],[115.706528,41.357827],[115.715944,41.359966],[115.717815,41.362579],[115.716984,41.366144],[115.720327,41.366171],[115.725373,41.371303],[115.732152,41.371092],[115.745671,41.367926],[115.751297,41.368156],[115.75707,41.358568],[115.766966,41.355006],[115.770296,41.346686],[115.779661,41.341846],[115.785288,41.33381],[115.795104,41.33196],[115.799142,41.328571],[115.801386,41.318834],[115.805628,41.314284],[115.803982,41.311584],[115.804675,41.308425],[115.810937,41.303351],[115.814857,41.297455],[115.819704,41.294981],[115.820706,41.288872],[115.823219,41.285765],[115.822946,41.281816],[115.826147,41.277435],[115.83536,41.275224],[115.840249,41.279036],[115.847332,41.279595],[115.871454,41.273066],[115.87364,41.267534],[115.887772,41.258821],[115.887309,41.25487],[115.891555,41.248175],[115.892207,41.244014],[115.89735,41.242278],[115.903074,41.234336],[115.911713,41.236181],[115.919637,41.234977],[115.927251,41.239903],[115.928297,41.242559],[115.955004,41.238698],[115.958211,41.241039],[115.962555,41.248843],[115.959775,41.253059],[115.957754,41.253056],[115.952041,41.257821],[115.950091,41.261707],[115.95768,41.26103],[115.959191,41.271406],[115.966303,41.281024],[115.964997,41.286199],[115.966962,41.288165],[115.965676,41.295464],[115.968112,41.297956],[115.968822,41.30698],[115.976557,41.307931],[115.98198,41.306892],[115.985525,41.308497],[115.99003,41.3032],[115.995276,41.303422],[115.997067,41.308212],[116.016007,41.323834],[116.019006,41.328438],[116.016718,41.337597],[116.021559,41.341666],[116.025014,41.347559],[116.023252,41.353394],[116.025782,41.359496],[116.032072,41.367392],[116.03168,41.370925],[116.028206,41.376047],[116.037359,41.382533],[116.040113,41.386722],[116.046387,41.387501],[116.048105,41.38999],[116.06947,41.387371],[116.077101,41.384893],[116.087491,41.376939],[116.092979,41.375362],[116.141615,41.373436],[116.166647,41.360908],[116.174831,41.356331],[116.178811,41.352158],[116.182619,41.347909],[116.183299,41.342548],[116.19149,41.341144],[116.19758,41.336888],[116.198504,41.333242],[116.202101,41.331544],[116.203344,41.326142],[116.213631,41.323801],[116.209958,41.321093],[116.207143,41.314811],[116.209163,41.307081],[116.199289,41.302201],[116.198776,41.295138],[116.193363,41.293013],[116.191658,41.288179],[116.193197,41.277887],[116.203894,41.249306],[116.213634,41.233299],[116.235813,41.209994],[116.235829,41.204047],[116.223746,41.190533],[116.221042,41.183899],[116.221665,41.177947],[116.227131,41.171091],[116.231074,41.168811],[116.242587,41.167453],[116.245926,41.163576],[116.243859,41.144352],[116.233297,41.130836],[116.23451,41.127864],[116.238159,41.120781],[116.245442,41.114157],[116.269297,41.102245],[116.270438,41.096603],[116.279027,41.090906],[116.277651,41.082266],[116.283907,41.07744],[116.285298,41.073062],[116.2916,41.069996],[116.296181,41.062449],[116.284204,41.057453],[116.273105,41.044021],[116.266777,41.042364],[116.264758,41.038221],[116.267425,41.032521],[116.272182,41.03111],[116.274377,41.027716],[116.273853,41.022459],[116.281083,41.016556],[116.285331,41.010391],[116.287772,41.000789],[116.286268,40.995984],[116.288093,40.993696],[116.298393,40.986638],[116.324766,40.986035],[116.333553,40.984466],[116.338416,40.978763],[116.338111,40.974871],[116.341764,40.964817],[116.364875,40.943685],[116.364301,40.940991],[116.361865,40.940262],[116.359664,40.936283],[116.350129,40.936049],[116.339897,40.929423],[116.338313,40.924789],[116.334206,40.92125],[116.335449,40.912899],[116.334438,40.90463],[116.342234,40.899884],[116.344939,40.894425],[116.364162,40.882169],[116.366605,40.876639],[116.374882,40.871538],[116.381731,40.863462],[116.3897,40.86181],[116.391776,40.85484],[116.399306,40.850492],[116.401859,40.846796],[116.405478,40.840151],[116.406727,40.833014],[116.415492,40.829074],[116.422145,40.822898],[116.437403,40.820386],[116.438235,40.815959],[116.440522,40.813706],[116.440868,40.807928],[116.450335,40.802635],[116.452152,40.798067],[116.456568,40.798657],[116.459044,40.795942],[116.459467,40.790381],[116.461423,40.788548],[116.460695,40.782273],[116.465844,40.774521],[116.465359,40.772437],[116.453958,40.765877],[116.444414,40.769208],[116.437725,40.766872],[116.431841,40.768247],[116.424852,40.767445],[116.416491,40.769374],[116.414297,40.777914],[116.407849,40.780416],[116.404159,40.7787],[116.393442,40.778591],[116.379833,40.772328],[116.370974,40.772447],[116.367686,40.770874],[116.361199,40.772649],[116.352038,40.770275],[116.345401,40.772951],[116.330157,40.773765],[116.317011,40.772229],[116.313175,40.770198],[116.307946,40.763739],[116.31112,40.755105],[116.310632,40.751959],[116.308901,40.751917],[116.304762,40.75565],[116.29924,40.756311],[116.29465,40.758858],[116.290209,40.764295],[116.286941,40.762763],[116.281405,40.763934],[116.277373,40.761624],[116.273448,40.762889],[116.27416,40.766339],[116.269887,40.770706],[116.269576,40.777164],[116.264948,40.779703],[116.264098,40.782948],[116.261007,40.782943],[116.258265,40.787742],[116.247637,40.791804],[116.245216,40.788387],[116.241652,40.78798],[116.239406,40.784611],[116.235027,40.783128],[116.235624,40.775135],[116.231332,40.770865],[116.229971,40.762409],[116.23381,40.759091],[116.223314,40.753798],[116.220481,40.74918],[116.220272,40.744272],[116.218158,40.74232],[116.213246,40.740142],[116.210561,40.741709],[116.204707,40.739938],[116.205694,40.733034],[116.19809,40.727074],[116.192281,40.724774],[116.190775,40.721198],[116.184931,40.715845],[116.185606,40.714184],[116.181122,40.712438],[116.180931,40.710418],[116.17791,40.707896],[116.176213,40.70055],[116.171339,40.695986],[116.173571,40.693402],[116.173692,40.689037],[116.171484,40.681666],[116.168194,40.678636],[116.164634,40.663372],[116.152038,40.663219],[116.143179,40.666903],[116.134855,40.667087],[116.125226,40.654094],[116.110598,40.646931],[116.113217,40.640124],[116.120413,40.633281],[116.121721,40.629149],[116.104393,40.626988],[116.101034,40.627778],[116.098874,40.630579],[116.089644,40.627278],[116.086604,40.624197],[116.07669,40.619887],[116.074456,40.617652],[116.072535,40.611261],[116.062718,40.610315],[116.058281,40.607006],[116.050189,40.605899],[116.044575,40.602025],[116.033214,40.600375],[116.030044,40.597365],[116.028302,40.599267],[116.030132,40.602034],[116.030045,40.605391],[116.028504,40.607324],[116.026553,40.604795],[116.02556,40.60672],[116.019445,40.601395],[116.015674,40.600476],[116.016823,40.597289],[116.009949,40.589211],[116.005681,40.586771],[116.004992,40.583915],[115.997066,40.584256],[115.995245,40.579869],[115.983443,40.578766],[115.981432,40.579633],[115.975704,40.589107],[115.971988,40.602364],[115.965695,40.601068],[115.967723,40.604408],[115.966818,40.606286],[115.955098,40.609535],[115.948322,40.608809],[115.94467,40.611088],[115.934283,40.613461],[115.927637,40.612703],[115.918797,40.617075],[115.907801,40.617298],[115.89877,40.60867],[115.893776,40.606171],[115.88892,40.597831],[115.885401,40.595229],[115.868049,40.595953],[115.864334,40.592158],[115.854888,40.590158],[115.846181,40.593049],[115.843384,40.590869],[115.827744,40.587342],[115.82054,40.567934],[115.821535,40.563303],[115.820037,40.559493],[115.814151,40.557249],[115.805251,40.558645],[115.799085,40.557694],[115.792208,40.561299],[115.784705,40.558372],[115.777008,40.552903],[115.774866,40.548983],[115.770175,40.547999],[115.763887,40.540572],[115.753206,40.538752],[115.755635,40.531023],[115.749594,40.527239],[115.743794,40.518461],[115.74309,40.513854],[115.739703,40.512918],[115.737523,40.512812],[115.732538,40.517342],[115.728029,40.519087],[115.726292,40.525517],[115.722,40.532064],[115.728919,40.548257],[115.731884,40.569035],[115.731095,40.578414],[115.729045,40.582538],[115.720382,40.587609],[115.700811,40.586563],[115.691381,40.577917],[115.686152,40.568115],[115.679471,40.563803],[115.672364,40.564682],[115.670749,40.56881],[115.671376,40.572899],[115.668022,40.577295],[115.664385,40.574636],[115.661332,40.574611],[115.640823,40.581096],[115.638454,40.581311],[115.636019,40.57783],[115.637755,40.572972],[115.634598,40.565249],[115.626227,40.563341],[115.618739,40.565432],[115.611576,40.570266],[115.590508,40.564667],[115.576163,40.569557],[115.534857,40.575998],[115.532564,40.577546],[115.519298,40.577567],[115.515323,40.579338],[115.509337,40.584398],[115.511472,40.591584],[115.508194,40.598373],[115.493814,40.607448],[115.500046,40.614388],[115.499875,40.61909],[115.504614,40.626371],[115.506238,40.633146],[115.516238,40.639371],[115.514237,40.646048],[115.525123,40.649885],[115.523497,40.655229],[115.519837,40.65991],[115.527012,40.665013],[115.523721,40.666663],[115.526061,40.672656],[115.524768,40.673758],[115.521144,40.672786],[115.511064,40.682093],[115.497931,40.685379],[115.498879,40.687392],[115.497327,40.691713],[115.500076,40.695096],[115.490382,40.701144],[115.489713,40.706736],[115.493449,40.715497],[115.493161,40.718668],[115.496036,40.722286],[115.495727,40.730257],[115.492733,40.733882],[115.486198,40.737353],[115.478567,40.738287],[115.476912,40.740296],[115.462597,40.745124],[115.457299,40.751886],[115.447189,40.756461],[115.446014,40.764593],[115.448012,40.768111],[115.453105,40.770362],[115.453238,40.774557],[115.459468,40.787075],[115.452191,40.794679],[115.438853,40.792732],[115.433879,40.793857],[115.43406,40.797829],[115.439307,40.823081],[115.444515,40.834133],[115.446553,40.854316],[115.452331,40.866972],[115.459708,40.875289],[115.487971,40.891342],[115.509655,40.90831],[115.512886,40.909209],[115.514235,40.912187],[115.513976,40.920228],[115.518141,40.927536],[115.511371,40.939502],[115.513956,40.940813],[115.515727,40.945499],[115.521592,40.948249],[115.519029,40.951355],[115.514027,40.951974],[115.515936,40.956736],[115.514927,40.959433],[115.505995,40.961738],[115.498399,40.968092],[115.490511,40.966286],[115.486417,40.963358],[115.483957,40.963762],[115.481013,40.977662],[115.49129,41.00868],[115.492409,41.030453],[115.497849,41.046305],[115.505493,41.057138],[115.507759,41.064946],[115.50431,41.072706],[115.495752,41.079282],[115.496965,41.092036],[115.500978,41.101377],[115.50952,41.112059],[115.519654,41.132331],[115.527308,41.143933],[115.525286,41.154234],[115.515388,41.162833],[115.513815,41.16626],[115.513972,41.174969],[115.508614,41.187525],[115.493419,41.209857],[115.493559,41.218791],[115.496473,41.225003],[115.502396,41.231466],[115.50797,41.235453],[115.510426,41.239758],[115.516096,41.242898],[115.569215,41.252981],[115.571745,41.25486],[115.572896,41.259358]]]}},{"type":"Feature","properties":{"dt_adcode":"130802"},"geometry":{"type":"Polygon","coordinates":[[[117.862838,41.089827],[117.868904,41.090744],[117.872445,41.087873],[117.941194,41.089262],[117.933985,41.116814],[117.960864,41.138423],[117.964898,41.138681],[117.971678,41.136677],[117.978273,41.137697],[117.984982,41.124523],[118.004879,41.118884],[118.03372,41.095731],[118.03784,41.090686],[118.039906,41.075541],[118.064149,41.036196],[118.057454,41.027908],[118.024853,41.001815],[118.026326,40.997757],[118.035718,40.995099],[118.041533,40.989928],[118.062646,40.962637],[118.063027,40.951874],[118.058042,40.942846],[118.061138,40.937969],[118.065868,40.935558],[118.065458,40.927104],[118.062057,40.919414],[118.053148,40.910486],[118.048805,40.901901],[118.061282,40.900657],[118.082053,40.895726],[118.077417,40.882489],[118.087889,40.868601],[118.129431,40.853151],[118.11278,40.821203],[118.094756,40.822241],[118.07802,40.801322],[118.079222,40.780788],[118.06721,40.766359],[118.049186,40.755827],[117.987216,40.73567],[117.915462,40.73658],[117.914948,40.75258],[117.920167,40.777754],[117.931083,40.801196],[117.930191,40.835154],[117.925098,40.832948],[117.920372,40.832893],[117.917724,40.835325],[117.912947,40.835616],[117.912515,40.837816],[117.906206,40.843156],[117.904425,40.841721],[117.896263,40.842139],[117.892231,40.844851],[117.886359,40.841563],[117.881756,40.842393],[117.876131,40.839447],[117.876277,40.836884],[117.873542,40.836634],[117.865186,40.840276],[117.857972,40.846354],[117.853392,40.847219],[117.847884,40.857628],[117.848004,40.864119],[117.846296,40.866404],[117.84651,40.871138],[117.853509,40.879735],[117.870851,40.885593],[117.869032,40.891211],[117.87046,40.892834],[117.878175,40.893254],[117.890044,40.885227],[117.898944,40.884266],[117.897144,40.892839],[117.900392,40.895433],[117.89634,40.907453],[117.897104,40.916005],[117.885229,40.93376],[117.885284,40.940122],[117.880175,40.943684],[117.871584,40.953505],[117.873673,40.962269],[117.870082,40.976057],[117.871874,40.977811],[117.871614,40.980435],[117.867418,40.988583],[117.870174,40.996489],[117.863248,41.002355],[117.858573,41.002977],[117.859162,41.006501],[117.855886,41.009617],[117.85537,41.016344],[117.851206,41.025441],[117.856542,41.03239],[117.852376,41.038249],[117.854476,41.042064],[117.854457,41.045257],[117.852981,41.046188],[117.854614,41.04961],[117.853724,41.056493],[117.859602,41.070081],[117.857983,41.077169],[117.860501,41.080755],[117.862838,41.089827]]]}},{"type":"Feature","properties":{"dt_adcode":"130803"},"geometry":{"type":"Polygon","coordinates":[[[117.774407,41.043555],[117.771573,41.05251],[117.774852,41.064371],[117.770339,41.094169],[117.771669,41.114514],[117.768437,41.133542],[117.771448,41.146776],[117.777969,41.154708],[117.779903,41.159945],[117.780521,41.174809],[117.778268,41.182846],[117.772158,41.194587],[117.772878,41.200298],[117.774777,41.204163],[117.798857,41.196771],[117.826121,41.198007],[117.832975,41.193108],[117.843541,41.178093],[117.833386,41.166701],[117.831655,41.161944],[117.832381,41.157812],[117.844419,41.143073],[117.847369,41.134757],[117.851073,41.129856],[117.854722,41.103447],[117.861297,41.095741],[117.861331,41.091223],[117.862838,41.089827],[117.860501,41.080755],[117.857983,41.077169],[117.859602,41.070081],[117.853724,41.056493],[117.854614,41.04961],[117.852981,41.046188],[117.854457,41.045257],[117.854476,41.042064],[117.852376,41.038249],[117.856542,41.03239],[117.851263,41.025181],[117.85537,41.016344],[117.855886,41.009617],[117.859162,41.006501],[117.858573,41.002977],[117.863248,41.002355],[117.870174,40.996489],[117.867418,40.988583],[117.871614,40.980435],[117.871874,40.977811],[117.870082,40.976057],[117.873673,40.962269],[117.871584,40.953505],[117.880175,40.943684],[117.885284,40.940122],[117.885229,40.93376],[117.897104,40.916005],[117.89634,40.907453],[117.900392,40.895433],[117.897144,40.892839],[117.899181,40.884398],[117.890044,40.885227],[117.878175,40.893254],[117.871836,40.893217],[117.869032,40.891211],[117.870851,40.885593],[117.853509,40.879735],[117.84651,40.871138],[117.847884,40.857628],[117.853067,40.849897],[117.853245,40.847404],[117.857972,40.846354],[117.865186,40.840276],[117.873968,40.8365],[117.872556,40.82946],[117.863279,40.818836],[117.813971,40.804607],[117.79858,40.807476],[117.795372,40.805914],[117.790778,40.806354],[117.783386,40.802886],[117.770191,40.80107],[117.749814,40.804552],[117.758938,40.820345],[117.76014,40.829051],[117.757738,40.838402],[117.751301,40.837363],[117.754389,40.849249],[117.747868,40.861196],[117.742376,40.867103],[117.755079,40.880667],[117.75628,40.88521],[117.767694,40.892222],[117.76744,40.901369],[117.763487,40.908883],[117.770227,40.919578],[117.756621,40.918483],[117.745283,40.9253],[117.743567,40.924781],[117.745112,40.91596],[117.732728,40.915899],[117.727259,40.921279],[117.682456,40.898057],[117.676791,40.898446],[117.659968,40.907139],[117.652587,40.907398],[117.645205,40.91168],[117.636751,40.922319],[117.63581,40.937685],[117.645083,40.943068],[117.652563,40.944042],[117.666171,40.962546],[117.677522,40.970474],[117.677191,40.988211],[117.682316,40.997182],[117.681201,40.999837],[117.683433,41.000874],[117.688074,40.997971],[117.691419,40.99845],[117.698629,41.008943],[117.700517,41.013606],[117.699316,41.016067],[117.700861,41.017881],[117.703092,41.019564],[117.708585,41.019435],[117.719918,41.02669],[117.728329,41.028892],[117.735549,41.03499],[117.737265,41.041853],[117.745676,41.042753],[117.748594,41.041717],[117.756834,41.045342],[117.758036,41.047932],[117.761126,41.049226],[117.774407,41.043555]]]}},{"type":"Feature","properties":{"dt_adcode":"130804"},"geometry":{"type":"MultiPolygon","coordinates":[[[[117.733155,40.562914],[117.736937,40.561841],[117.735132,40.558432],[117.736771,40.55451],[117.746001,40.552467],[117.748628,40.547339],[117.747546,40.54294],[117.752134,40.541169],[117.752533,40.536039],[117.75614,40.529736],[117.761446,40.531412],[117.766032,40.530169],[117.767142,40.526631],[117.765121,40.524964],[117.765904,40.518868],[117.763551,40.514203],[117.759301,40.515323],[117.750798,40.514054],[117.7465,40.510891],[117.74253,40.510159],[117.73574,40.511611],[117.731982,40.510776],[117.730929,40.512985],[117.726381,40.514882],[117.717473,40.515025],[117.714179,40.508071],[117.702651,40.501679],[117.70256,40.496209],[117.69262,40.493198],[117.689992,40.49053],[117.668951,40.491469],[117.663777,40.48707],[117.656104,40.485707],[117.654707,40.479311],[117.650702,40.475658],[117.636585,40.47933],[117.630936,40.483291],[117.62817,40.491579],[117.621975,40.493509],[117.617839,40.49784],[117.606934,40.50125],[117.60555,40.503981],[117.607266,40.507799],[117.602533,40.509921],[117.601803,40.512083],[117.604231,40.515629],[117.593931,40.520088],[117.58909,40.524337],[117.582011,40.523613],[117.585156,40.528754],[117.590133,40.529071],[117.599923,40.536151],[117.603634,40.535317],[117.611367,40.539203],[117.622536,40.532831],[117.62684,40.532688],[117.62908,40.529914],[117.638354,40.531331],[117.636126,40.532006],[117.640804,40.533493],[117.646899,40.53883],[117.637199,40.542716],[117.630532,40.560395],[117.630824,40.567257],[117.638376,40.570953],[117.641872,40.570568],[117.646106,40.572699],[117.649844,40.570437],[117.655704,40.572933],[117.664017,40.573109],[117.673995,40.566691],[117.675189,40.569352],[117.677014,40.566975],[117.68085,40.567948],[117.683884,40.566578],[117.683593,40.563469],[117.67822,40.563791],[117.676886,40.557334],[117.681713,40.557192],[117.68698,40.552333],[117.696168,40.553628],[117.701979,40.551456],[117.713666,40.559551],[117.713397,40.561724],[117.717001,40.56541],[117.723003,40.566196],[117.727836,40.561561],[117.733155,40.562914]]],[[[117.873625,40.610294],[117.884132,40.597115],[117.886548,40.584731],[117.885324,40.570336],[117.882819,40.565796],[117.876373,40.55925],[117.87121,40.556347],[117.851268,40.549074],[117.826902,40.544842],[117.812981,40.538171],[117.799213,40.539269],[117.79302,40.543694],[117.788074,40.551303],[117.787867,40.555425],[117.784714,40.562324],[117.770673,40.57988],[117.770293,40.590176],[117.772262,40.598158],[117.775956,40.602689],[117.783255,40.606948],[117.789287,40.608241],[117.797975,40.607443],[117.813449,40.601743],[117.819474,40.603035],[117.824019,40.604807],[117.834486,40.617469],[117.846024,40.624171],[117.849946,40.624803],[117.861458,40.61641],[117.873625,40.610294]]]]}},{"type":"Feature","properties":{"dt_adcode":"130821"},"geometry":{"type":"Polygon","coordinates":[[[118.272146,41.47129],[118.28547,41.467892],[118.300192,41.460355],[118.32708,41.450823],[118.343119,41.435959],[118.348684,41.428326],[118.348344,41.417122],[118.343984,41.404147],[118.344514,41.40139],[118.34594,41.398171],[118.358873,41.392262],[118.361767,41.386729],[118.358262,41.381973],[118.348259,41.373886],[118.349142,41.342762],[118.351106,41.337011],[118.365279,41.32216],[118.380195,41.312096],[118.388944,41.309442],[118.399635,41.311099],[118.419866,41.287419],[118.439062,41.270598],[118.439529,41.26624],[118.429105,41.262543],[118.42568,41.259861],[118.420459,41.248055],[118.414588,41.244502],[118.414224,41.242677],[118.416244,41.239436],[118.436511,41.228089],[118.444461,41.220394],[118.448157,41.212999],[118.445671,41.201376],[118.44449,41.183096],[118.446818,41.170465],[118.454167,41.163688],[118.464229,41.147247],[118.479347,41.138014],[118.480989,41.132719],[118.480469,41.125866],[118.474449,41.117064],[118.41782,41.095256],[118.411243,41.088273],[118.399695,41.057572],[118.385464,41.028284],[118.383543,41.014816],[118.367598,40.988745],[118.370431,40.982298],[118.411903,40.972931],[118.418738,40.968924],[118.418677,40.966861],[118.415884,40.964625],[118.410115,40.963579],[118.398649,40.964459],[118.381162,40.95673],[118.378946,40.953561],[118.376369,40.928658],[118.364232,40.917403],[118.359369,40.906717],[118.358663,40.893463],[118.364383,40.882621],[118.364252,40.878273],[118.360086,40.870556],[118.359171,40.860272],[118.364049,40.851505],[118.370934,40.849344],[118.394786,40.848508],[118.425025,40.850509],[118.450747,40.854147],[118.454428,40.865973],[118.454143,40.876047],[118.456266,40.885847],[118.461181,40.888956],[118.479415,40.885153],[118.486125,40.887997],[118.488781,40.895491],[118.493363,40.897685],[118.500512,40.895474],[118.509207,40.884997],[118.515084,40.880752],[118.533033,40.87763],[118.547185,40.87802],[118.554341,40.875814],[118.557474,40.870491],[118.563073,40.848409],[118.561184,40.837002],[118.551911,40.820262],[118.534908,40.797047],[118.535547,40.788792],[118.540216,40.775424],[118.540353,40.770619],[118.537895,40.759688],[118.533077,40.74995],[118.509047,40.731234],[118.483229,40.702717],[118.45141,40.702896],[118.441851,40.70468],[118.424676,40.703621],[118.380203,40.686979],[118.374327,40.682264],[118.372117,40.669031],[118.369213,40.662673],[118.352828,40.649417],[118.322652,40.638416],[118.305945,40.634086],[118.285666,40.630493],[118.273504,40.626557],[118.259944,40.625856],[118.247138,40.619651],[118.244649,40.61649],[118.244544,40.612829],[118.246296,40.610973],[118.241153,40.609912],[118.220788,40.611615],[118.214856,40.614233],[118.208128,40.620522],[118.201778,40.623945],[118.170887,40.624379],[118.165154,40.630657],[118.163794,40.633621],[118.167244,40.634687],[118.180895,40.646639],[118.187589,40.65072],[118.199271,40.653169],[118.201832,40.660296],[118.193443,40.664286],[118.181238,40.662645],[118.175305,40.655434],[118.166698,40.650072],[118.148123,40.655397],[118.141288,40.664975],[118.137328,40.664885],[118.135184,40.66863],[118.123645,40.670872],[118.112393,40.677219],[118.09715,40.681328],[118.059491,40.681818],[118.041349,40.680652],[118.029159,40.67598],[118.026651,40.672125],[118.024803,40.658873],[118.021092,40.655023],[118.010169,40.651616],[117.991014,40.639771],[117.966826,40.633403],[117.950521,40.632439],[117.942617,40.629325],[117.938287,40.624802],[117.930067,40.620779],[117.907407,40.616712],[117.895377,40.616407],[117.873625,40.610294],[117.857909,40.618747],[117.854672,40.621307],[117.854438,40.624743],[117.859989,40.630657],[117.859256,40.632653],[117.861798,40.64197],[117.864688,40.644569],[117.862278,40.654014],[117.866286,40.656299],[117.868537,40.662496],[117.870791,40.66336],[117.877342,40.672787],[117.870099,40.675041],[117.86803,40.677985],[117.867757,40.686716],[117.866099,40.687852],[117.865689,40.693071],[117.863784,40.693688],[117.862731,40.696696],[117.862171,40.703475],[117.856003,40.707316],[117.852236,40.711782],[117.846282,40.713454],[117.841061,40.711371],[117.816434,40.711963],[117.802216,40.707347],[117.781275,40.697778],[117.772379,40.689649],[117.762403,40.673071],[117.722725,40.661597],[117.715996,40.656858],[117.704325,40.645987],[117.699244,40.633227],[117.692779,40.626188],[117.688203,40.623487],[117.675831,40.622907],[117.670742,40.624553],[117.662165,40.633318],[117.654049,40.634533],[117.616285,40.612686],[117.6084,40.609557],[117.578352,40.603479],[117.577099,40.59196],[117.569045,40.591817],[117.566447,40.594978],[117.566346,40.59793],[117.563964,40.599392],[117.557652,40.596213],[117.551883,40.59687],[117.547468,40.593583],[117.54502,40.587023],[117.537031,40.583523],[117.521343,40.570299],[117.517691,40.570559],[117.502767,40.582264],[117.511701,40.592599],[117.518274,40.596975],[117.518188,40.600341],[117.522296,40.604824],[117.526197,40.612721],[117.53368,40.619836],[117.536163,40.624324],[117.533707,40.627836],[117.52306,40.628951],[117.519023,40.633275],[117.515624,40.633959],[117.511829,40.63744],[117.502647,40.652334],[117.513854,40.655988],[117.514279,40.661073],[117.505754,40.667165],[117.517481,40.679656],[117.521893,40.692183],[117.523927,40.705884],[117.523383,40.709321],[117.520141,40.712332],[117.514477,40.71446],[117.513371,40.719962],[117.515568,40.725884],[117.514436,40.730248],[117.503112,40.752573],[117.500597,40.763583],[117.505052,40.778399],[117.504319,40.7887],[117.506853,40.796676],[117.509612,40.799387],[117.519816,40.803957],[117.526476,40.805723],[117.594819,40.804132],[117.617696,40.817726],[117.633966,40.816303],[117.636169,40.817293],[117.651037,40.813193],[117.663255,40.821682],[117.666246,40.817474],[117.676891,40.818686],[117.679204,40.815128],[117.682691,40.814591],[117.686951,40.809669],[117.701941,40.800662],[117.706624,40.79903],[117.712254,40.800191],[117.714409,40.796739],[117.723983,40.798046],[117.728508,40.804019],[117.736328,40.806594],[117.740428,40.803889],[117.755982,40.80435],[117.770191,40.80107],[117.783386,40.802886],[117.790778,40.806354],[117.795372,40.805914],[117.79858,40.807476],[117.813971,40.804607],[117.863279,40.818836],[117.872556,40.82946],[117.873968,40.8365],[117.876522,40.837248],[117.876131,40.839447],[117.881756,40.842393],[117.886359,40.841563],[117.892605,40.844826],[117.896263,40.842139],[117.904425,40.841721],[117.906206,40.843156],[117.912515,40.837816],[117.912947,40.835616],[117.917724,40.835325],[117.920372,40.832893],[117.925098,40.832948],[117.930191,40.835154],[117.931083,40.801196],[117.920167,40.777754],[117.914948,40.75258],[117.915462,40.73658],[117.987216,40.73567],[118.049186,40.755827],[118.06721,40.766359],[118.079222,40.780788],[118.07802,40.801322],[118.094756,40.822241],[118.11278,40.821203],[118.129431,40.853151],[118.087889,40.868601],[118.077417,40.882489],[118.082053,40.895726],[118.061282,40.900657],[118.048805,40.901901],[118.053148,40.910486],[118.062057,40.919414],[118.065458,40.927104],[118.065868,40.935558],[118.061138,40.937969],[118.058042,40.942846],[118.063027,40.951874],[118.062646,40.962637],[118.041533,40.989928],[118.035718,40.995099],[118.026326,40.997757],[118.024853,41.001815],[118.057454,41.027908],[118.064149,41.036196],[118.039906,41.075541],[118.03784,41.090686],[118.03372,41.095731],[118.004879,41.118884],[117.984982,41.124523],[117.978273,41.137697],[117.971678,41.136677],[117.964898,41.138681],[117.960864,41.138423],[117.933985,41.116814],[117.941194,41.089262],[117.872445,41.087873],[117.868904,41.090744],[117.862404,41.089972],[117.861297,41.095741],[117.854722,41.103447],[117.851073,41.129856],[117.847369,41.134757],[117.844419,41.143073],[117.832381,41.157812],[117.831655,41.161944],[117.836295,41.17074],[117.843541,41.178093],[117.87464,41.175376],[117.887082,41.176579],[117.894632,41.175341],[117.900597,41.171146],[117.914174,41.168227],[117.936356,41.169565],[117.968189,41.166011],[117.983138,41.168144],[118.002858,41.17778],[118.005124,41.183021],[118.00502,41.191257],[117.993751,41.203042],[117.99086,41.209705],[117.992838,41.215866],[117.998779,41.221977],[118.004817,41.232211],[118.005611,41.239524],[118.003079,41.247788],[118.003629,41.257853],[118.001662,41.264505],[117.992143,41.27398],[117.98691,41.284102],[117.988392,41.294838],[117.993462,41.302792],[117.994839,41.308955],[117.99079,41.31769],[117.990321,41.323643],[117.999303,41.341393],[117.998825,41.34689],[117.991275,41.362294],[117.989727,41.373976],[117.994466,41.380334],[118.00984,41.384524],[118.015652,41.397039],[118.036825,41.412829],[118.04453,41.415489],[118.050874,41.413133],[118.053501,41.408522],[118.055083,41.398673],[118.053219,41.385654],[118.054654,41.381979],[118.063291,41.374326],[118.075913,41.367306],[118.090089,41.362092],[118.100419,41.361267],[118.116874,41.362858],[118.123324,41.365508],[118.137033,41.378331],[118.139917,41.384004],[118.140881,41.397031],[118.145056,41.405653],[118.176757,41.432127],[118.199037,41.447077],[118.219681,41.457024],[118.259871,41.46828],[118.269931,41.468579],[118.272146,41.47129]]]}},{"type":"Feature","properties":{"dt_adcode":"130822"},"geometry":{"type":"Polygon","coordinates":[[[117.223876,40.375719],[117.226946,40.378924],[117.228491,40.386408],[117.235761,40.389892],[117.23715,40.39425],[117.240699,40.394418],[117.240179,40.398378],[117.236396,40.401259],[117.237612,40.407206],[117.23408,40.417154],[117.23946,40.420029],[117.241412,40.422859],[117.243877,40.422841],[117.246734,40.426878],[117.250259,40.428105],[117.258188,40.435768],[117.261055,40.440128],[117.264052,40.441466],[117.252866,40.445859],[117.252276,40.450354],[117.246902,40.452231],[117.243301,40.455424],[117.235361,40.457461],[117.23321,40.463203],[117.23629,40.465449],[117.237159,40.469148],[117.230913,40.470469],[117.225778,40.475854],[117.226299,40.479423],[117.228459,40.481301],[117.217925,40.494596],[117.212056,40.494691],[117.208459,40.497823],[117.208572,40.501097],[117.214459,40.506924],[117.212517,40.507796],[117.213523,40.512219],[117.219506,40.514374],[117.23025,40.511105],[117.239282,40.516739],[117.244359,40.515177],[117.247136,40.511781],[117.255567,40.514927],[117.262898,40.51297],[117.264115,40.517265],[117.255127,40.527968],[117.25201,40.536327],[117.247418,40.540241],[117.250804,40.542246],[117.249546,40.548187],[117.259637,40.552872],[117.269465,40.560445],[117.273472,40.561494],[117.279252,40.560339],[117.286157,40.565348],[117.297456,40.567664],[117.299553,40.566803],[117.311833,40.578022],[117.317865,40.578263],[117.318909,40.576714],[117.325446,40.578147],[117.32986,40.575636],[117.334621,40.57647],[117.343153,40.581737],[117.348611,40.580909],[117.350196,40.582193],[117.353015,40.578832],[117.365911,40.575962],[117.367103,40.572959],[117.369426,40.572084],[117.369356,40.570126],[117.372087,40.570225],[117.372609,40.568315],[117.375444,40.567807],[117.377879,40.563614],[117.387652,40.56078],[117.389625,40.561503],[117.393172,40.567186],[117.400592,40.569344],[117.403589,40.574252],[117.411804,40.572142],[117.413297,40.569892],[117.415172,40.570882],[117.421758,40.569359],[117.429983,40.576129],[117.429801,40.579295],[117.423208,40.581444],[117.420633,40.590366],[117.421779,40.593557],[117.414751,40.600721],[117.412738,40.605125],[117.419188,40.61711],[117.429998,40.628743],[117.431759,40.627538],[117.431559,40.625597],[117.448884,40.628127],[117.447672,40.630535],[117.451483,40.632183],[117.452645,40.637406],[117.451606,40.640431],[117.454022,40.642536],[117.451451,40.646572],[117.456474,40.64916],[117.449494,40.650571],[117.448913,40.65148],[117.450559,40.651981],[117.463747,40.652701],[117.461676,40.650574],[117.464049,40.648682],[117.467667,40.650233],[117.472495,40.644636],[117.475696,40.644337],[117.475583,40.639894],[117.477988,40.635336],[117.48464,40.634897],[117.486153,40.633503],[117.48995,40.636024],[117.501236,40.636733],[117.500951,40.642246],[117.505025,40.646143],[117.504809,40.648779],[117.51201,40.637192],[117.515823,40.63381],[117.519023,40.633275],[117.52306,40.628951],[117.527411,40.629468],[117.534062,40.627591],[117.536111,40.62412],[117.526197,40.612721],[117.522296,40.604824],[117.518188,40.600341],[117.518274,40.596975],[117.511701,40.592599],[117.502767,40.582264],[117.517691,40.570559],[117.521222,40.570263],[117.537031,40.583523],[117.54502,40.587023],[117.547468,40.593583],[117.551883,40.59687],[117.557652,40.596213],[117.563964,40.599392],[117.566346,40.59793],[117.566447,40.594978],[117.569045,40.591817],[117.577099,40.59196],[117.578352,40.603479],[117.6084,40.609557],[117.616285,40.612686],[117.654049,40.634533],[117.662165,40.633318],[117.670742,40.624553],[117.675831,40.622907],[117.688203,40.623487],[117.692779,40.626188],[117.699244,40.633227],[117.704325,40.645987],[117.715996,40.656858],[117.722725,40.661597],[117.762403,40.673071],[117.772379,40.689649],[117.781275,40.697778],[117.802216,40.707347],[117.816434,40.711963],[117.841061,40.711371],[117.847885,40.713334],[117.852236,40.711782],[117.856003,40.707316],[117.862171,40.703475],[117.862731,40.696696],[117.863784,40.693688],[117.865689,40.693071],[117.866099,40.687852],[117.867757,40.686716],[117.86803,40.677985],[117.870099,40.675041],[117.877342,40.672787],[117.870791,40.66336],[117.868537,40.662496],[117.866286,40.656299],[117.862278,40.654014],[117.864688,40.644569],[117.861798,40.64197],[117.859256,40.632653],[117.859989,40.630657],[117.854438,40.624743],[117.854672,40.621307],[117.849946,40.624803],[117.839982,40.621741],[117.82988,40.612731],[117.824019,40.604807],[117.819474,40.603035],[117.813449,40.601743],[117.797975,40.607443],[117.789287,40.608241],[117.783255,40.606948],[117.775956,40.602689],[117.772262,40.598158],[117.770293,40.590176],[117.770673,40.57988],[117.784714,40.562324],[117.787867,40.555425],[117.788074,40.551303],[117.79302,40.543694],[117.799213,40.539269],[117.804296,40.538519],[117.812981,40.538171],[117.826902,40.544842],[117.851268,40.549074],[117.87121,40.556347],[117.876373,40.55925],[117.882819,40.565796],[117.885324,40.570336],[117.886548,40.584731],[117.884132,40.597115],[117.873625,40.610294],[117.895377,40.616407],[117.907407,40.616712],[117.930067,40.620779],[117.938287,40.624802],[117.942617,40.629325],[117.950521,40.632439],[117.966826,40.633403],[117.991014,40.639771],[118.010169,40.651616],[118.021092,40.655023],[118.024803,40.658873],[118.026651,40.672125],[118.029159,40.67598],[118.041349,40.680652],[118.09715,40.681328],[118.112393,40.677219],[118.123645,40.670872],[118.135184,40.66863],[118.137154,40.664976],[118.140805,40.665249],[118.14358,40.663341],[118.148123,40.655397],[118.166698,40.650072],[118.175305,40.655434],[118.181238,40.662645],[118.193443,40.664286],[118.201832,40.660296],[118.200785,40.65552],[118.199271,40.653169],[118.187589,40.65072],[118.167244,40.634687],[118.163794,40.633621],[118.170616,40.624472],[118.201778,40.623945],[118.208128,40.620522],[118.214856,40.614233],[118.220788,40.611615],[118.22765,40.610131],[118.246296,40.610973],[118.252132,40.607407],[118.255775,40.602264],[118.252209,40.597336],[118.247299,40.595191],[118.234755,40.594755],[118.223804,40.589296],[118.220199,40.583976],[118.209394,40.577029],[118.207224,40.570104],[118.21405,40.567283],[118.217565,40.572203],[118.218104,40.577284],[118.222342,40.579421],[118.236186,40.5714],[118.240241,40.56642],[118.240272,40.560882],[118.239525,40.559153],[118.232317,40.555784],[118.231306,40.551973],[118.243665,40.544088],[118.258382,40.538368],[118.260555,40.534713],[118.247847,40.522545],[118.230081,40.520487],[118.215927,40.512833],[118.202206,40.51255],[118.200228,40.510712],[118.201151,40.507921],[118.199441,40.503796],[118.196685,40.503843],[118.191743,40.500813],[118.194423,40.495961],[118.192891,40.493748],[118.192184,40.475078],[118.185579,40.469175],[118.185523,40.465419],[118.196027,40.458394],[118.197975,40.448553],[118.200424,40.445292],[118.205922,40.442387],[118.192156,40.431377],[118.176101,40.428311],[118.173807,40.423079],[118.164191,40.424842],[118.156401,40.423149],[118.153396,40.408393],[118.157462,40.404405],[118.16667,40.401249],[118.167413,40.396831],[118.164665,40.396348],[118.164108,40.39865],[118.15943,40.400395],[118.158613,40.395605],[118.152635,40.394937],[118.141989,40.380058],[118.13382,40.375145],[118.129444,40.367474],[118.128646,40.362412],[118.121833,40.354664],[118.09589,40.353674],[118.090177,40.355537],[118.077677,40.352864],[118.074974,40.349965],[118.072868,40.331233],[118.064286,40.321042],[118.04552,40.312073],[118.035769,40.304251],[118.015696,40.298558],[118.005478,40.293431],[118.000862,40.292583],[117.987276,40.295638],[117.976313,40.294518],[117.967181,40.292111],[117.954421,40.283319],[117.949613,40.284884],[117.946171,40.28925],[117.935123,40.284793],[117.911711,40.286322],[117.906157,40.283387],[117.904733,40.273824],[117.900942,40.27069],[117.888362,40.272564],[117.883812,40.270423],[117.864036,40.269081],[117.856087,40.26342],[117.849412,40.261725],[117.844098,40.261435],[117.833971,40.26435],[117.827184,40.259883],[117.81813,40.258944],[117.807801,40.261918],[117.799343,40.254408],[117.778777,40.244376],[117.768139,40.244939],[117.750237,40.229386],[117.726656,40.235799],[117.714549,40.241657],[117.706235,40.237039],[117.694119,40.238168],[117.685644,40.226766],[117.677056,40.220919],[117.655628,40.215406],[117.646242,40.205194],[117.620661,40.206871],[117.610308,40.199802],[117.609951,40.195279],[117.601817,40.192301],[117.593166,40.192385],[117.583897,40.195326],[117.575454,40.192804],[117.572525,40.194623],[117.572127,40.201586],[117.567311,40.205357],[117.562366,40.206065],[117.564471,40.211014],[117.569184,40.213893],[117.571653,40.21925],[117.569358,40.22494],[117.567461,40.225356],[117.569826,40.225569],[117.564266,40.229051],[117.554481,40.229686],[117.550906,40.228044],[117.548206,40.230416],[117.548509,40.232603],[117.546631,40.23292],[117.534527,40.229938],[117.504526,40.227225],[117.4992,40.230961],[117.490994,40.233269],[117.488978,40.232533],[117.484074,40.235299],[117.481091,40.241732],[117.474481,40.240873],[117.472846,40.243186],[117.465404,40.246738],[117.457812,40.248309],[117.447446,40.253086],[117.438851,40.252999],[117.434177,40.248112],[117.429972,40.246536],[117.419459,40.249891],[117.417905,40.24832],[117.415744,40.248776],[117.412653,40.243516],[117.414962,40.240984],[117.415361,40.23686],[117.41247,40.236466],[117.405357,40.230181],[117.403022,40.231082],[117.403005,40.233431],[117.397758,40.235196],[117.39516,40.234252],[117.39297,40.230018],[117.386824,40.227105],[117.36978,40.233548],[117.361357,40.232811],[117.355996,40.22965],[117.35161,40.229451],[117.348242,40.234576],[117.345466,40.234944],[117.343456,40.242902],[117.33987,40.246194],[117.342204,40.256504],[117.337496,40.263654],[117.336149,40.277196],[117.331746,40.289664],[117.323727,40.284548],[117.316799,40.285109],[117.316876,40.282022],[117.314013,40.280042],[117.29533,40.278345],[117.292547,40.28415],[117.294653,40.290891],[117.293314,40.296741],[117.287209,40.302117],[117.274351,40.308548],[117.274691,40.314404],[117.272257,40.317429],[117.272771,40.322682],[117.271285,40.325282],[117.274876,40.332604],[117.267941,40.33563],[117.259948,40.336027],[117.26113,40.33878],[117.256866,40.341966],[117.253593,40.355117],[117.254201,40.357561],[117.249852,40.358704],[117.24776,40.364105],[117.243741,40.366429],[117.242753,40.369799],[117.23706,40.370632],[117.226191,40.369043],[117.224118,40.371234],[117.223876,40.375719]],[[117.642229,40.570691],[117.638376,40.570953],[117.630724,40.567011],[117.630532,40.560395],[117.635609,40.549141],[117.635233,40.545549],[117.637618,40.542467],[117.646899,40.53883],[117.640804,40.533493],[117.636126,40.532006],[117.638354,40.531331],[117.62908,40.529914],[117.62684,40.532688],[117.622536,40.532831],[117.611367,40.539203],[117.603634,40.535317],[117.599923,40.536151],[117.590133,40.529071],[117.585156,40.528754],[117.582018,40.524427],[117.58909,40.524337],[117.593931,40.520088],[117.604231,40.515629],[117.601803,40.512083],[117.602533,40.509921],[117.607266,40.507799],[117.60555,40.503981],[117.606508,40.501618],[117.617839,40.49784],[117.621975,40.493509],[117.62817,40.491579],[117.630936,40.483291],[117.636585,40.47933],[117.650702,40.475658],[117.654707,40.479311],[117.656104,40.485707],[117.663777,40.48707],[117.668951,40.491469],[117.689992,40.49053],[117.69262,40.493198],[117.702878,40.496449],[117.702651,40.501679],[117.714179,40.508071],[117.717473,40.515025],[117.726381,40.514882],[117.730929,40.512985],[117.732326,40.510676],[117.73574,40.511611],[117.742874,40.510157],[117.750798,40.514054],[117.759301,40.515323],[117.763471,40.514128],[117.765904,40.518868],[117.765078,40.524722],[117.767185,40.526934],[117.766032,40.530169],[117.761446,40.531412],[117.75614,40.529736],[117.752533,40.536039],[117.752134,40.541169],[117.747546,40.54294],[117.748628,40.547339],[117.74648,40.551725],[117.7437,40.553616],[117.736771,40.55451],[117.735132,40.558432],[117.736937,40.561841],[117.734583,40.563399],[117.727836,40.561561],[117.723003,40.566196],[117.717001,40.56541],[117.713397,40.561724],[117.713666,40.559551],[117.701979,40.551456],[117.696168,40.553628],[117.68698,40.552333],[117.681713,40.557192],[117.676886,40.557334],[117.67822,40.563791],[117.683593,40.563469],[117.683884,40.566578],[117.68085,40.567948],[117.677014,40.566975],[117.675189,40.569352],[117.673995,40.566691],[117.664017,40.573109],[117.655704,40.572933],[117.649844,40.570437],[117.645879,40.5727],[117.642229,40.570691]]]}},{"type":"Feature","properties":{"dt_adcode":"130824"},"geometry":{"type":"Polygon","coordinates":[[[117.774777,41.204163],[117.772158,41.194587],[117.778268,41.182846],[117.780521,41.174809],[117.779903,41.159945],[117.777969,41.154708],[117.771448,41.146776],[117.768437,41.133542],[117.771669,41.114514],[117.770339,41.094169],[117.774852,41.064371],[117.771573,41.05251],[117.774407,41.043555],[117.761126,41.049226],[117.758036,41.047932],[117.756834,41.045342],[117.748594,41.041717],[117.745676,41.042753],[117.737265,41.041853],[117.735549,41.03499],[117.728329,41.028892],[117.719918,41.02669],[117.708585,41.019435],[117.703092,41.019564],[117.700861,41.017881],[117.699316,41.016067],[117.700517,41.013606],[117.698629,41.008943],[117.691419,40.99845],[117.688074,40.997971],[117.683433,41.000874],[117.681201,40.999837],[117.682316,40.997182],[117.677191,40.988211],[117.677522,40.970474],[117.666171,40.962546],[117.652563,40.944042],[117.645083,40.943068],[117.63581,40.937685],[117.636751,40.922319],[117.645205,40.91168],[117.652587,40.907398],[117.659968,40.907139],[117.676791,40.898446],[117.682456,40.898057],[117.727259,40.921279],[117.732728,40.915899],[117.745112,40.91596],[117.743567,40.924781],[117.745283,40.9253],[117.756621,40.918483],[117.770227,40.919578],[117.763487,40.908883],[117.76744,40.901369],[117.767694,40.892222],[117.75628,40.88521],[117.755079,40.880667],[117.742376,40.867103],[117.747868,40.861196],[117.754389,40.849249],[117.751301,40.837363],[117.757738,40.838402],[117.76014,40.829051],[117.758938,40.820345],[117.749814,40.804552],[117.740879,40.803821],[117.735961,40.806563],[117.728508,40.804019],[117.723983,40.798046],[117.714409,40.796739],[117.712254,40.800191],[117.706624,40.79903],[117.701941,40.800662],[117.686951,40.809669],[117.682691,40.814591],[117.679204,40.815128],[117.676891,40.818686],[117.666246,40.817474],[117.663255,40.821682],[117.651037,40.813193],[117.636169,40.817293],[117.633966,40.816303],[117.617696,40.817726],[117.594819,40.804132],[117.526476,40.805723],[117.509612,40.799387],[117.505288,40.792806],[117.505052,40.778399],[117.500597,40.763583],[117.503112,40.752573],[117.514436,40.730248],[117.515568,40.725884],[117.513371,40.719962],[117.514477,40.71446],[117.520141,40.712332],[117.523383,40.709321],[117.523927,40.705884],[117.521893,40.692183],[117.517481,40.679656],[117.505754,40.667165],[117.495828,40.674209],[117.484733,40.677086],[117.482397,40.679026],[117.467368,40.673249],[117.458089,40.676731],[117.453759,40.676666],[117.45382,40.67773],[117.442229,40.676612],[117.437342,40.683594],[117.432712,40.681627],[117.426443,40.685299],[117.409234,40.687289],[117.397942,40.683877],[117.387001,40.684177],[117.378774,40.678931],[117.371486,40.679951],[117.359756,40.673926],[117.342662,40.673639],[117.336872,40.667278],[117.336724,40.663282],[117.317946,40.657761],[117.286249,40.660933],[117.278606,40.664469],[117.277963,40.668434],[117.273174,40.67022],[117.2679,40.676537],[117.261402,40.681151],[117.241631,40.676664],[117.235262,40.679717],[117.232877,40.68378],[117.218707,40.689476],[117.217329,40.691966],[117.210064,40.692176],[117.207126,40.695004],[117.196918,40.694348],[117.193088,40.696504],[117.185533,40.695971],[117.183497,40.697621],[117.180941,40.694086],[117.177233,40.69335],[117.169765,40.698919],[117.164497,40.699659],[117.15915,40.696263],[117.148751,40.698986],[117.138226,40.697159],[117.12879,40.700914],[117.116981,40.700171],[117.110653,40.708239],[117.095564,40.705718],[117.086053,40.702051],[117.081157,40.702615],[117.076799,40.700034],[117.06431,40.701549],[117.058346,40.701533],[117.054896,40.699802],[117.044486,40.70036],[117.036223,40.697529],[117.035944,40.694835],[117.031053,40.692138],[117.027846,40.694352],[117.018944,40.696059],[117.013424,40.69408],[117.006038,40.694579],[116.98818,40.703156],[116.979941,40.702833],[116.977109,40.705766],[116.969622,40.706363],[116.965118,40.709588],[116.967001,40.714526],[116.963115,40.718544],[116.95613,40.722581],[116.955433,40.724451],[116.952028,40.724236],[116.942705,40.729862],[116.940705,40.739784],[116.926552,40.744889],[116.923041,40.752074],[116.928067,40.756527],[116.922565,40.768754],[116.925095,40.772895],[116.904563,40.777289],[116.898598,40.776738],[116.895196,40.780367],[116.892453,40.780325],[116.891352,40.783788],[116.8953,40.782352],[116.894946,40.790683],[116.896691,40.796434],[116.88908,40.798349],[116.886504,40.802091],[116.880206,40.804361],[116.882168,40.814179],[116.876418,40.818725],[116.876176,40.821197],[116.869734,40.821657],[116.861187,40.825514],[116.862028,40.828402],[116.857886,40.833721],[116.849082,40.836716],[116.84819,40.839315],[116.840028,40.838887],[116.837222,40.841916],[116.831824,40.842577],[116.826011,40.841207],[116.823472,40.842688],[116.823759,40.844695],[116.820735,40.848271],[116.813257,40.84831],[116.805942,40.840838],[116.802492,40.842385],[116.802494,40.850943],[116.796851,40.855012],[116.796522,40.862362],[116.790671,40.865437],[116.789422,40.868301],[116.785528,40.870073],[116.779561,40.877116],[116.772351,40.878528],[116.769323,40.882986],[116.762127,40.880769],[116.759548,40.88146],[116.75815,40.885869],[116.759263,40.890248],[116.75056,40.891555],[116.736309,40.897581],[116.73044,40.897763],[116.726154,40.901178],[116.723676,40.906305],[116.716874,40.910167],[116.71342,40.91031],[116.71711,40.921696],[116.722426,40.927285],[116.713893,40.929415],[116.711491,40.931831],[116.712275,40.934821],[116.707219,40.934036],[116.702789,40.936513],[116.701981,40.941199],[116.689378,40.950807],[116.686925,40.963213],[116.682921,40.965199],[116.677681,40.971453],[116.677925,40.975976],[116.68146,40.980909],[116.685309,40.982649],[116.682558,40.986015],[116.683074,41.000486],[116.691414,41.007856],[116.690544,41.012607],[116.694531,41.014095],[116.698815,41.021296],[116.700164,41.021325],[116.703976,41.018056],[116.708701,41.016912],[116.712955,41.011628],[116.726394,41.001285],[116.730594,40.999851],[116.745162,41.001013],[116.751157,40.998864],[116.76313,40.983812],[116.778837,40.972809],[116.792245,40.966636],[116.804232,40.953396],[116.810828,40.951678],[116.822274,40.951245],[116.864803,40.961451],[116.871122,40.960652],[116.88688,40.952598],[116.91859,40.941762],[116.941288,40.932024],[116.952178,40.931625],[116.977289,40.939255],[116.99204,40.935835],[117.010048,40.939004],[117.019701,40.937486],[117.037067,40.930137],[117.044178,40.924995],[117.052271,40.922351],[117.063114,40.920348],[117.093127,40.921666],[117.110259,40.927975],[117.123203,40.935276],[117.131948,40.944021],[117.139884,40.955297],[117.159874,40.966322],[117.160854,40.968588],[117.159304,40.97594],[117.154521,40.9861],[117.156801,40.990857],[117.160528,40.994209],[117.191513,41.008192],[117.204418,41.023239],[117.210294,41.027231],[117.214465,41.034005],[117.217258,41.04447],[117.223163,41.049146],[117.237259,41.054346],[117.254889,41.056503],[117.262402,41.054757],[117.281434,41.045007],[117.305573,41.041576],[117.321057,41.041746],[117.331243,41.046357],[117.356098,41.069904],[117.36414,41.073866],[117.377519,41.074523],[117.388954,41.080239],[117.391571,41.085214],[117.390104,41.094397],[117.393766,41.11879],[117.399833,41.134678],[117.395864,41.142083],[117.391458,41.145833],[117.390399,41.149741],[117.392199,41.157249],[117.397797,41.168572],[117.399572,41.191177],[117.415432,41.21691],[117.433722,41.234806],[117.439714,41.24862],[117.446794,41.259203],[117.456721,41.265148],[117.463101,41.265451],[117.494797,41.255756],[117.499466,41.25152],[117.50096,41.235931],[117.504348,41.229896],[117.514948,41.222542],[117.539024,41.212332],[117.547875,41.206846],[117.550124,41.202675],[117.550496,41.196949],[117.548936,41.188296],[117.550822,41.182528],[117.552891,41.181337],[117.561661,41.181351],[117.570393,41.194862],[117.58459,41.201383],[117.591883,41.201894],[117.606035,41.199511],[117.611357,41.195955],[117.617687,41.187809],[117.625158,41.184896],[117.63763,41.185309],[117.668552,41.19081],[117.710577,41.185318],[117.716751,41.187694],[117.721185,41.191709],[117.730616,41.206132],[117.738436,41.211438],[117.752528,41.214306],[117.757961,41.21372],[117.774777,41.204163]]]}},{"type":"Feature","properties":{"dt_adcode":"130825"},"geometry":{"type":"Polygon","coordinates":[[[118.159327,41.675995],[118.169011,41.67079],[118.187435,41.664769],[118.196133,41.659592],[118.206857,41.650722],[118.21393,41.642142],[118.215193,41.632976],[118.209891,41.617742],[118.209994,41.610656],[118.215361,41.595697],[118.226031,41.585004],[118.243486,41.577176],[118.27085,41.57355],[118.281583,41.564471],[118.293792,41.564294],[118.30159,41.569667],[118.306763,41.568906],[118.308815,41.565675],[118.312198,41.56654],[118.313275,41.561493],[118.302926,41.552723],[118.303047,41.546545],[118.303507,41.541505],[118.308071,41.530462],[118.315948,41.517771],[118.315791,41.512517],[118.30124,41.495568],[118.295432,41.48513],[118.276438,41.482435],[118.26962,41.478874],[118.272146,41.47129],[118.269931,41.468579],[118.259871,41.46828],[118.219681,41.457024],[118.199037,41.447077],[118.176757,41.432127],[118.145056,41.405653],[118.140881,41.397031],[118.139917,41.384004],[118.137033,41.378331],[118.123324,41.365508],[118.109867,41.362049],[118.090089,41.362092],[118.075913,41.367306],[118.063291,41.374326],[118.054654,41.381979],[118.053219,41.385654],[118.055083,41.398673],[118.053501,41.408522],[118.050874,41.413133],[118.04453,41.415489],[118.036825,41.412829],[118.015652,41.397039],[118.00984,41.384524],[117.994466,41.380334],[117.991042,41.377393],[117.989727,41.373976],[117.991275,41.362294],[117.998825,41.34689],[117.999303,41.341393],[117.990321,41.323643],[117.99079,41.31769],[117.994839,41.308955],[117.993462,41.302792],[117.988392,41.294838],[117.98691,41.284102],[117.992143,41.27398],[118.001662,41.264505],[118.003629,41.257853],[118.003079,41.247788],[118.005611,41.239524],[118.004817,41.232211],[117.998779,41.221977],[117.992838,41.215866],[117.99086,41.209705],[117.993751,41.203042],[118.00502,41.191257],[118.005124,41.183021],[118.002858,41.17778],[117.983138,41.168144],[117.975179,41.166168],[117.936356,41.169565],[117.914174,41.168227],[117.900597,41.171146],[117.894632,41.175341],[117.887082,41.176579],[117.87464,41.175376],[117.843541,41.178093],[117.832975,41.193108],[117.826121,41.198007],[117.798857,41.196771],[117.781998,41.20133],[117.769159,41.206351],[117.757961,41.21372],[117.752528,41.214306],[117.738436,41.211438],[117.730616,41.206132],[117.721185,41.191709],[117.716751,41.187694],[117.710577,41.185318],[117.668552,41.19081],[117.63763,41.185309],[117.625158,41.184896],[117.617687,41.187809],[117.611357,41.195955],[117.606035,41.199511],[117.591883,41.201894],[117.58459,41.201383],[117.570393,41.194862],[117.561661,41.181351],[117.552891,41.181337],[117.550822,41.182528],[117.548936,41.188296],[117.550496,41.196949],[117.550124,41.202675],[117.547875,41.206846],[117.539024,41.212332],[117.514948,41.222542],[117.504348,41.229896],[117.50096,41.235931],[117.499466,41.25152],[117.494797,41.255756],[117.463101,41.265451],[117.456721,41.265148],[117.446794,41.259203],[117.430513,41.230301],[117.415432,41.21691],[117.406766,41.204518],[117.398512,41.187311],[117.397797,41.168572],[117.390816,41.15293],[117.391458,41.145833],[117.38513,41.1471],[117.373521,41.153046],[117.335363,41.180993],[117.313744,41.212953],[117.30775,41.231815],[117.308909,41.238428],[117.31514,41.250659],[117.324325,41.260323],[117.326032,41.265321],[117.324109,41.270846],[117.319661,41.274126],[117.314238,41.275601],[117.302674,41.284052],[117.294218,41.294038],[117.2977,41.305865],[117.297362,41.313421],[117.295631,41.315738],[117.283046,41.321465],[117.273911,41.32964],[117.276912,41.345138],[117.263487,41.360943],[117.262924,41.370558],[117.258748,41.381158],[117.235815,41.39511],[117.23173,41.399769],[117.231375,41.406865],[117.226623,41.409931],[117.210428,41.416214],[117.203174,41.417281],[117.187986,41.426062],[117.167742,41.446605],[117.158629,41.464399],[117.149564,41.46619],[117.136466,41.474454],[117.130248,41.479606],[117.125652,41.487465],[117.10627,41.499953],[117.089508,41.500486],[117.064687,41.498163],[117.034709,41.507317],[117.023915,41.504734],[117.017313,41.499578],[117.010624,41.491442],[116.986502,41.483793],[116.979134,41.482982],[116.971795,41.483089],[116.959666,41.486243],[116.923777,41.50097],[116.909526,41.503952],[116.894981,41.496652],[116.886702,41.494969],[116.881862,41.495967],[116.879625,41.502635],[116.882411,41.514017],[116.882307,41.520643],[116.880765,41.529814],[116.877548,41.534446],[116.839034,41.549536],[116.812999,41.554346],[116.803978,41.55839],[116.799281,41.564179],[116.798484,41.56831],[116.803807,41.573242],[116.824535,41.574024],[116.842002,41.577594],[116.862964,41.585903],[116.871998,41.592371],[116.877019,41.59708],[116.877532,41.6037],[116.874179,41.623874],[116.888258,41.635508],[116.896294,41.638576],[116.899802,41.643311],[116.900219,41.647191],[116.897694,41.654316],[116.871949,41.671218],[116.863784,41.68348],[116.852875,41.696013],[116.851031,41.705874],[116.854516,41.720206],[116.849718,41.733319],[116.847485,41.750495],[116.847833,41.761919],[116.852193,41.774868],[116.849544,41.788168],[116.840448,41.801123],[116.821528,41.8122],[116.816807,41.817998],[116.813455,41.828569],[116.829509,41.823253],[116.839559,41.822162],[116.872021,41.813809],[116.891042,41.805478],[116.911115,41.801028],[116.920917,41.800641],[116.959129,41.805764],[116.961986,41.798866],[116.959641,41.792957],[116.959719,41.785644],[116.963238,41.780564],[116.986108,41.774973],[117.01389,41.759724],[117.020159,41.754148],[117.032189,41.736829],[117.045926,41.734338],[117.054891,41.736255],[117.059977,41.73229],[117.060446,41.728167],[117.057004,41.717026],[117.058266,41.708776],[117.078858,41.692214],[117.084338,41.691204],[117.092085,41.69404],[117.093851,41.700861],[117.094236,41.721198],[117.099401,41.738016],[117.099543,41.760179],[117.10341,41.765823],[117.111479,41.769104],[117.119074,41.76736],[117.130405,41.767824],[117.13803,41.776132],[117.15048,41.782508],[117.178163,41.778961],[117.182201,41.780702],[117.192607,41.790084],[117.212011,41.79402],[117.217005,41.797116],[117.225001,41.806777],[117.237962,41.817937],[117.271241,41.831452],[117.279864,41.832426],[117.292335,41.829449],[117.300617,41.829295],[117.343872,41.835814],[117.389105,41.838376],[117.410493,41.836341],[117.422556,41.83151],[117.440128,41.811462],[117.449337,41.804625],[117.459832,41.799583],[117.463034,41.795617],[117.465456,41.787564],[117.471322,41.781478],[117.496916,41.780621],[117.529801,41.786883],[117.534645,41.78608],[117.536098,41.784214],[117.535414,41.782401],[117.529601,41.774548],[117.529176,41.771589],[117.536994,41.761107],[117.576288,41.751918],[117.586125,41.745978],[117.593695,41.736884],[117.604862,41.733431],[117.617801,41.735419],[117.630548,41.739939],[117.638163,41.738859],[117.644561,41.73072],[117.649035,41.699313],[117.657828,41.689977],[117.662647,41.688045],[117.691645,41.685595],[117.748276,41.692545],[117.75582,41.697165],[117.758424,41.707848],[117.76272,41.715058],[117.770778,41.717603],[117.777159,41.716987],[117.78962,41.708671],[117.79357,41.708111],[117.822759,41.712831],[117.839819,41.712378],[117.868574,41.694236],[117.889556,41.686134],[117.904886,41.687343],[117.927578,41.69523],[117.936492,41.696151],[117.949594,41.694691],[117.962286,41.690962],[117.976396,41.691319],[117.98729,41.694496],[118.000607,41.690759],[118.014456,41.679002],[118.021441,41.677699],[118.057681,41.679116],[118.061273,41.677425],[118.06443,41.672999],[118.063299,41.668686],[118.050577,41.646599],[118.043689,41.624811],[118.046951,41.609876],[118.05191,41.598778],[118.055416,41.59526],[118.060548,41.593994],[118.071521,41.593262],[118.083297,41.596389],[118.088466,41.608372],[118.087166,41.625324],[118.092613,41.63661],[118.100764,41.646911],[118.106725,41.65018],[118.12086,41.652076],[118.139618,41.649023],[118.149863,41.658789],[118.159327,41.675995]]]}},{"type":"Feature","properties":{"dt_adcode":"130826"},"geometry":{"type":"Polygon","coordinates":[[[116.690156,41.946466],[116.699431,41.942889],[116.71554,41.943978],[116.727438,41.933646],[116.714555,41.93258],[116.715825,41.930164],[116.725541,41.925459],[116.746022,41.921968],[116.752998,41.919123],[116.766342,41.903151],[116.780573,41.896988],[116.789437,41.896384],[116.798748,41.890053],[116.803921,41.87877],[116.805497,41.869606],[116.799826,41.853707],[116.800839,41.846605],[116.81206,41.833159],[116.816807,41.817998],[116.821528,41.8122],[116.840448,41.801123],[116.849544,41.788168],[116.852193,41.774868],[116.847833,41.761919],[116.847485,41.750495],[116.849718,41.733319],[116.854516,41.720206],[116.851031,41.705874],[116.852875,41.696013],[116.863784,41.68348],[116.871949,41.671218],[116.897694,41.654316],[116.900219,41.647191],[116.899802,41.643311],[116.896294,41.638576],[116.888258,41.635508],[116.874179,41.623874],[116.877532,41.6037],[116.877019,41.59708],[116.871998,41.592371],[116.862964,41.585903],[116.83371,41.575231],[116.803807,41.573242],[116.798484,41.56831],[116.799281,41.564179],[116.803978,41.55839],[116.812999,41.554346],[116.839034,41.549536],[116.877548,41.534446],[116.880765,41.529814],[116.882307,41.520643],[116.882411,41.514017],[116.879625,41.502635],[116.881862,41.495967],[116.886702,41.494969],[116.894981,41.496652],[116.909526,41.503952],[116.923777,41.50097],[116.959666,41.486243],[116.971795,41.483089],[116.979134,41.482982],[116.986502,41.483793],[117.010624,41.491442],[117.017313,41.499578],[117.023915,41.504734],[117.034709,41.507317],[117.064687,41.498163],[117.089508,41.500486],[117.10627,41.499953],[117.125652,41.487465],[117.130248,41.479606],[117.136466,41.474454],[117.149564,41.46619],[117.158629,41.464399],[117.167742,41.446605],[117.187986,41.426062],[117.203174,41.417281],[117.210428,41.416214],[117.231375,41.406865],[117.23173,41.399769],[117.235815,41.39511],[117.258748,41.381158],[117.262924,41.370558],[117.263487,41.360943],[117.276912,41.345138],[117.273911,41.32964],[117.275936,41.326632],[117.283046,41.321465],[117.295631,41.315738],[117.297362,41.313421],[117.2977,41.305865],[117.294218,41.294038],[117.297976,41.288484],[117.314238,41.275601],[117.319661,41.274126],[117.324109,41.270846],[117.326032,41.265321],[117.324325,41.260323],[117.31514,41.250659],[117.308909,41.238428],[117.30775,41.231815],[117.313744,41.212953],[117.335363,41.180993],[117.373521,41.153046],[117.38513,41.1471],[117.391458,41.145833],[117.397306,41.13999],[117.399833,41.134678],[117.393766,41.11879],[117.390104,41.094397],[117.391571,41.085214],[117.388954,41.080239],[117.377519,41.074523],[117.36414,41.073866],[117.356098,41.069904],[117.331243,41.046357],[117.321057,41.041746],[117.305573,41.041576],[117.281434,41.045007],[117.262402,41.054757],[117.254889,41.056503],[117.237259,41.054346],[117.223163,41.049146],[117.217258,41.04447],[117.214465,41.034005],[117.210294,41.027231],[117.204418,41.023239],[117.191513,41.008192],[117.160528,40.994209],[117.156801,40.990857],[117.154521,40.9861],[117.159304,40.97594],[117.160854,40.968588],[117.159874,40.966322],[117.139884,40.955297],[117.131948,40.944021],[117.123203,40.935276],[117.110259,40.927975],[117.093127,40.921666],[117.063114,40.920348],[117.052271,40.922351],[117.044178,40.924995],[117.037067,40.930137],[117.019701,40.937486],[117.010048,40.939004],[116.99204,40.935835],[116.977289,40.939255],[116.952178,40.931625],[116.941288,40.932024],[116.91859,40.941762],[116.88688,40.952598],[116.871122,40.960652],[116.864803,40.961451],[116.822274,40.951245],[116.804232,40.953396],[116.792245,40.966636],[116.778837,40.972809],[116.76313,40.983812],[116.751157,40.998864],[116.745162,41.001013],[116.730594,40.999851],[116.726394,41.001285],[116.712955,41.011628],[116.708701,41.016912],[116.698815,41.021296],[116.695743,41.025388],[116.696048,41.030749],[116.691349,41.037503],[116.692254,41.040815],[116.689635,41.044507],[116.682879,41.041784],[116.676985,41.042737],[116.673269,41.046374],[116.665208,41.046685],[116.66049,41.049204],[116.651144,41.057781],[116.643644,41.059728],[116.640938,41.058287],[116.637563,41.060697],[116.630858,41.060798],[116.624815,41.054749],[116.615698,41.053079],[116.617878,41.049041],[116.61442,41.043987],[116.613619,41.037206],[116.622021,41.03023],[116.620778,41.022944],[116.622968,41.020874],[116.621907,41.015756],[116.618638,41.01359],[116.614692,41.002854],[116.614509,41.000508],[116.61722,40.998086],[116.614516,40.983306],[116.601791,40.975749],[116.598188,40.974677],[116.588481,40.977003],[116.569167,40.991637],[116.563319,40.993645],[116.561223,40.993453],[116.559274,40.989174],[116.555602,40.9875],[116.547222,40.988083],[116.542506,40.990292],[116.535627,40.988681],[116.528204,40.982411],[116.519572,40.981567],[116.518958,40.977798],[116.516285,40.975204],[116.493457,40.977917],[116.485605,40.982458],[116.475536,40.978406],[116.464133,40.984494],[116.455996,40.981141],[116.455952,40.977253],[116.453553,40.975147],[116.453527,40.97178],[116.451674,40.969729],[116.453292,40.964583],[116.447454,40.953837],[116.454823,40.949528],[116.455367,40.945426],[116.461945,40.936646],[116.461642,40.932429],[116.467215,40.931326],[116.468426,40.925098],[116.473599,40.919737],[116.477611,40.90239],[116.474046,40.896014],[116.464337,40.896333],[116.460339,40.900191],[116.450738,40.901339],[116.448486,40.899927],[116.436608,40.899389],[116.430715,40.903448],[116.419467,40.90247],[116.413723,40.899762],[116.404758,40.905735],[116.398532,40.906024],[116.396309,40.911266],[116.391271,40.914586],[116.384886,40.922851],[116.384131,40.928337],[116.380898,40.930497],[116.379933,40.935778],[116.376404,40.939679],[116.370336,40.943663],[116.365075,40.943234],[116.341764,40.964817],[116.338111,40.974871],[116.338416,40.978763],[116.333553,40.984466],[116.324766,40.986035],[116.298393,40.986638],[116.288093,40.993696],[116.286268,40.995984],[116.287772,41.000789],[116.285331,41.010391],[116.281083,41.016556],[116.273853,41.022459],[116.274216,41.028204],[116.271949,41.031329],[116.267425,41.032521],[116.264756,41.038366],[116.266924,41.04251],[116.273569,41.044444],[116.275125,41.047988],[116.284204,41.057453],[116.296181,41.062449],[116.2916,41.069996],[116.285298,41.073062],[116.283907,41.07744],[116.277651,41.082266],[116.279027,41.090906],[116.270438,41.096603],[116.269297,41.102245],[116.245442,41.114157],[116.238159,41.120781],[116.236027,41.124666],[116.233297,41.130836],[116.243859,41.144352],[116.245926,41.163576],[116.242587,41.167453],[116.231074,41.168811],[116.227131,41.171091],[116.221665,41.177947],[116.221042,41.183899],[116.223746,41.190533],[116.235829,41.204047],[116.235813,41.209994],[116.213634,41.233299],[116.199012,41.259591],[116.193197,41.277887],[116.191658,41.288179],[116.193363,41.293013],[116.198776,41.295138],[116.199966,41.302885],[116.209163,41.307081],[116.207143,41.314811],[116.209958,41.321093],[116.213587,41.323882],[116.203344,41.326142],[116.202101,41.331544],[116.198504,41.333242],[116.19758,41.336888],[116.19149,41.341144],[116.183299,41.342548],[116.182619,41.347909],[116.174831,41.356331],[116.141615,41.373436],[116.092979,41.375362],[116.087491,41.376939],[116.077101,41.384893],[116.06947,41.387371],[116.048105,41.38999],[116.038922,41.394736],[116.031836,41.406351],[116.030244,41.416638],[116.025629,41.422322],[116.022868,41.424816],[116.010926,41.427707],[116.004481,41.43292],[116.001999,41.43976],[116.002888,41.442282],[116.000068,41.454384],[115.989616,41.464366],[115.979819,41.466814],[115.976729,41.470909],[115.977609,41.476174],[115.982138,41.485122],[115.980799,41.502726],[115.975508,41.517552],[115.973889,41.529657],[115.958765,41.550362],[115.942353,41.562325],[115.934507,41.566211],[115.92478,41.568644],[115.924021,41.574802],[115.930065,41.58187],[115.928919,41.585696],[115.926474,41.587306],[115.929279,41.596092],[115.909991,41.642934],[115.936301,41.65631],[115.956398,41.671755],[115.972892,41.680102],[116.01439,41.71538],[116.035224,41.722155],[116.056334,41.733714],[116.06486,41.744282],[116.067895,41.750012],[116.069144,41.757772],[116.081042,41.776381],[116.099034,41.776671],[116.107805,41.786618],[116.112616,41.787549],[116.123471,41.799554],[116.120239,41.803157],[116.129197,41.806632],[116.129665,41.809713],[116.127679,41.814658],[116.116409,41.826289],[116.108076,41.830486],[116.105965,41.833142],[116.106977,41.838941],[116.110945,41.845514],[116.106893,41.848297],[116.107738,41.850692],[116.123108,41.86178],[116.134737,41.863856],[116.156768,41.861607],[116.163174,41.86482],[116.165296,41.869386],[116.171112,41.868937],[116.178165,41.862544],[116.193161,41.861836],[116.199307,41.864283],[116.198891,41.866053],[116.204884,41.870779],[116.204323,41.876753],[116.21267,41.884022],[116.207778,41.891514],[116.214751,41.89854],[116.211361,41.906833],[116.215667,41.907891],[116.220701,41.912336],[116.220486,41.917423],[116.222445,41.920504],[116.230004,41.923463],[116.229436,41.928539],[116.225338,41.93001],[116.2241,41.932415],[116.227678,41.934225],[116.229431,41.938159],[116.233391,41.941435],[116.2422,41.943297],[116.260898,41.950642],[116.269485,41.956148],[116.284228,41.959388],[116.294981,41.965134],[116.298355,41.968116],[116.306506,41.991361],[116.310317,41.997177],[116.316772,42.001776],[116.327239,42.005692],[116.348182,42.005307],[116.359579,42.008764],[116.373729,42.009944],[116.393734,41.996268],[116.409095,41.994003],[116.414327,41.98692],[116.411244,41.971831],[116.400191,41.959026],[116.386673,41.952377],[116.386055,41.948718],[116.387906,41.946663],[116.39681,41.941877],[116.413384,41.941894],[116.427496,41.938922],[116.437924,41.940517],[116.453854,41.945986],[116.464882,41.952359],[116.472541,41.959888],[116.477135,41.969476],[116.482655,41.975862],[116.496422,41.979711],[116.50621,41.97739],[116.510792,41.974178],[116.533679,41.938907],[116.547427,41.930179],[116.553226,41.928565],[116.574674,41.929886],[116.589095,41.934889],[116.597069,41.935563],[116.638843,41.930069],[116.641856,41.931122],[116.650505,41.942617],[116.661923,41.94749],[116.669177,41.948264],[116.678689,41.945768],[116.690156,41.946466]]]}},{"type":"Feature","properties":{"dt_adcode":"130827"},"geometry":{"type":"Polygon","coordinates":[[[118.205922,40.442387],[118.200424,40.445292],[118.197975,40.448553],[118.196027,40.458394],[118.185523,40.465419],[118.185579,40.469175],[118.192184,40.475078],[118.192891,40.493748],[118.194423,40.495961],[118.191743,40.500813],[118.196685,40.503843],[118.199441,40.503796],[118.201151,40.507921],[118.200228,40.510712],[118.202794,40.512816],[118.215927,40.512833],[118.230081,40.520487],[118.247847,40.522545],[118.260849,40.535639],[118.256936,40.539186],[118.244856,40.543504],[118.231559,40.551597],[118.232317,40.555784],[118.239525,40.559153],[118.240272,40.560882],[118.240241,40.56642],[118.236186,40.5714],[118.221506,40.579274],[118.218104,40.577284],[118.217565,40.572203],[118.212722,40.567234],[118.210526,40.567781],[118.210428,40.569595],[118.207224,40.570104],[118.209394,40.577029],[118.220199,40.583976],[118.222422,40.588319],[118.23299,40.594204],[118.247299,40.595191],[118.255358,40.599989],[118.253849,40.605752],[118.244544,40.612829],[118.244649,40.61649],[118.249914,40.621895],[118.259944,40.625856],[118.273504,40.626557],[118.322652,40.638416],[118.352828,40.649417],[118.369213,40.662673],[118.372117,40.669031],[118.374327,40.682264],[118.380203,40.686979],[118.424676,40.703621],[118.441851,40.70468],[118.469703,40.702305],[118.483229,40.702717],[118.485694,40.704725],[118.490707,40.697514],[118.497856,40.691091],[118.504901,40.688333],[118.521119,40.688693],[118.540574,40.677043],[118.550109,40.675804],[118.554246,40.680013],[118.555727,40.684996],[118.554456,40.694645],[118.555789,40.696888],[118.591566,40.707599],[118.604026,40.714976],[118.611319,40.716115],[118.61997,40.714469],[118.634101,40.719061],[118.642442,40.732988],[118.647269,40.738103],[118.652497,40.739771],[118.656108,40.739434],[118.663085,40.734868],[118.667965,40.725113],[118.671671,40.721337],[118.677275,40.719106],[118.681305,40.720812],[118.682898,40.727396],[118.688024,40.7325],[118.699431,40.731231],[118.71654,40.724291],[118.732919,40.725825],[118.73729,40.723171],[118.736663,40.712433],[118.743569,40.706947],[118.753641,40.693803],[118.75766,40.690238],[118.77262,40.688817],[118.784527,40.691609],[118.797546,40.698248],[118.808352,40.712964],[118.821562,40.722788],[118.841473,40.728936],[118.857056,40.737986],[118.895343,40.754802],[118.896218,40.753589],[118.907847,40.756549],[118.918492,40.754344],[118.926163,40.750015],[118.934276,40.750975],[118.943713,40.749972],[118.949808,40.747532],[118.955087,40.742774],[118.958702,40.73208],[118.958168,40.728935],[118.960311,40.727884],[118.961022,40.720227],[118.982104,40.70687],[118.986668,40.70219],[118.987411,40.698188],[118.989908,40.697675],[118.992685,40.699381],[118.998844,40.696034],[119.001849,40.696005],[119.012439,40.687239],[119.019892,40.692049],[119.027998,40.692199],[119.038343,40.686451],[119.039679,40.683749],[119.049069,40.681355],[119.052453,40.674059],[119.051521,40.670217],[119.054705,40.667488],[119.054544,40.664735],[119.058472,40.665023],[119.06319,40.662961],[119.07005,40.670064],[119.076477,40.67244],[119.08484,40.670425],[119.095099,40.66333],[119.100189,40.662754],[119.109304,40.664604],[119.138167,40.67855],[119.153323,40.688691],[119.165518,40.692731],[119.176229,40.690166],[119.184826,40.680334],[119.18583,40.675733],[119.173202,40.654318],[119.164914,40.649956],[119.144671,40.633837],[119.149237,40.627804],[119.154387,40.624258],[119.15438,40.620092],[119.158876,40.618853],[119.158463,40.614393],[119.14926,40.61445],[119.134943,40.605495],[119.126116,40.604055],[119.122211,40.606362],[119.11566,40.603668],[119.105985,40.603911],[119.103442,40.599629],[119.099217,40.597792],[119.099827,40.594655],[119.098411,40.593468],[119.093571,40.593538],[119.087281,40.588723],[119.077822,40.590968],[119.078322,40.596961],[119.073184,40.598495],[119.07347,40.602979],[119.070494,40.605496],[119.063423,40.606167],[119.048004,40.598149],[119.036515,40.589626],[119.027293,40.589846],[119.022778,40.587536],[119.013098,40.577089],[119.001787,40.579058],[118.995126,40.577945],[118.985395,40.572942],[118.983349,40.563671],[118.980196,40.561655],[118.973993,40.560772],[118.971012,40.562001],[118.952015,40.55801],[118.953152,40.555602],[118.962066,40.55591],[118.962052,40.553324],[118.959242,40.553145],[118.959367,40.549933],[118.961957,40.547973],[118.965995,40.536595],[118.961968,40.532228],[118.951938,40.531667],[118.942331,40.535169],[118.928592,40.532052],[118.927439,40.530554],[118.919338,40.530857],[118.907748,40.534692],[118.899103,40.540124],[118.891611,40.540103],[118.887436,40.542459],[118.883103,40.538819],[118.87275,40.535404],[118.865313,40.529991],[118.8639,40.527157],[118.856847,40.529462],[118.850425,40.526696],[118.837328,40.527737],[118.830212,40.533473],[118.822209,40.532214],[118.807068,40.519349],[118.801037,40.517702],[118.798802,40.512019],[118.794892,40.510758],[118.790281,40.495555],[118.792129,40.492412],[118.78657,40.488049],[118.7812,40.486458],[118.772951,40.479739],[118.754684,40.479879],[118.753072,40.476486],[118.748482,40.475016],[118.736729,40.475892],[118.722126,40.474189],[118.713396,40.478816],[118.712752,40.482708],[118.709778,40.486768],[118.702794,40.49139],[118.699286,40.491024],[118.688834,40.480176],[118.680359,40.475662],[118.678508,40.471278],[118.675936,40.471535],[118.676465,40.467805],[118.670798,40.466249],[118.670561,40.45839],[118.667178,40.456349],[118.663534,40.448292],[118.657146,40.450582],[118.637195,40.444514],[118.624182,40.437601],[118.618369,40.430467],[118.618377,40.425204],[118.622624,40.415464],[118.643778,40.380962],[118.645255,40.369945],[118.643698,40.363587],[118.640174,40.354551],[118.635949,40.350239],[118.61608,40.331752],[118.608229,40.328302],[118.605052,40.324442],[118.598714,40.309973],[118.596927,40.308453],[118.582331,40.308462],[118.574494,40.29414],[118.56894,40.287549],[118.564186,40.289984],[118.55255,40.289373],[118.548406,40.2945],[118.534919,40.297191],[118.532593,40.300609],[118.533658,40.306002],[118.532354,40.319417],[118.534414,40.331793],[118.540305,40.342688],[118.540012,40.361055],[118.543245,40.362741],[118.552861,40.360974],[118.554807,40.36734],[118.558395,40.369284],[118.557266,40.378157],[118.550899,40.385489],[118.560311,40.394832],[118.561366,40.399141],[118.568211,40.402437],[118.569761,40.406923],[118.568091,40.41237],[118.571501,40.414622],[118.553987,40.416585],[118.548402,40.422716],[118.529088,40.408551],[118.523476,40.406266],[118.503211,40.403352],[118.478234,40.408026],[118.470295,40.41241],[118.458433,40.414143],[118.430772,40.411847],[118.414188,40.41734],[118.402661,40.416858],[118.396003,40.42507],[118.393902,40.434791],[118.389847,40.436694],[118.371901,40.4306],[118.360737,40.428798],[118.356321,40.435299],[118.345196,40.431706],[118.329251,40.430368],[118.327546,40.428615],[118.325875,40.420797],[118.314907,40.421532],[118.306593,40.419573],[118.277923,40.425728],[118.273165,40.436519],[118.261342,40.444451],[118.262932,40.452067],[118.261023,40.455562],[118.252936,40.460641],[118.240847,40.464809],[118.239382,40.463304],[118.239701,40.457785],[118.236884,40.453461],[118.230392,40.451326],[118.222707,40.451252],[118.218115,40.447211],[118.205922,40.442387]]]}},{"type":"Feature","properties":{"dt_adcode":"130828"},"geometry":{"type":"Polygon","coordinates":[[[116.694622,41.944359],[116.693766,41.949947],[116.724679,41.952464],[116.727469,41.951066],[116.735743,41.969374],[116.742301,41.977151],[116.742477,41.980543],[116.748646,41.983965],[116.766511,41.990323],[116.787324,41.980196],[116.796212,41.978106],[116.807264,41.978971],[116.817724,41.985099],[116.821121,41.988738],[116.824874,42.000149],[116.831962,42.00537],[116.843614,42.004398],[116.853084,41.999325],[116.864134,42.001559],[116.870922,42.005407],[116.879612,42.018395],[116.877854,42.029832],[116.879816,42.045597],[116.891124,42.078],[116.890628,42.09263],[116.884609,42.110484],[116.877308,42.121029],[116.865032,42.124057],[116.862328,42.132528],[116.859163,42.136182],[116.850212,42.156337],[116.825141,42.155583],[116.789254,42.20025],[116.795147,42.202544],[116.816658,42.197425],[116.858186,42.197224],[116.877543,42.193472],[116.891718,42.193642],[116.903402,42.190855],[116.91082,42.192882],[116.914243,42.196984],[116.917417,42.207718],[116.918523,42.229882],[116.911261,42.247734],[116.910161,42.265332],[116.897452,42.297606],[116.89441,42.326844],[116.890074,42.334903],[116.884959,42.353314],[116.886828,42.366606],[116.899729,42.383862],[116.893687,42.387846],[116.904576,42.39129],[116.912265,42.391664],[116.912551,42.393466],[116.909727,42.395121],[116.912817,42.398005],[116.914083,42.402539],[116.918353,42.402093],[116.927619,42.404884],[116.92916,42.408609],[116.932658,42.407968],[116.934191,42.410828],[116.939149,42.41092],[116.944014,42.415421],[116.950071,42.41493],[116.956046,42.418396],[116.955757,42.419848],[116.964121,42.420814],[116.964777,42.42412],[116.966949,42.424288],[116.967216,42.427521],[116.97018,42.426647],[116.973681,42.428746],[116.972657,42.427149],[116.97456,42.427056],[116.974073,42.425974],[116.976025,42.426403],[116.976073,42.427942],[116.978331,42.426634],[116.979612,42.428403],[116.98187,42.42841],[116.989658,42.425498],[116.995859,42.426949],[116.995602,42.425444],[116.997019,42.427646],[117.000608,42.427585],[116.999448,42.428958],[117.001572,42.429712],[117.001573,42.432917],[117.006655,42.432922],[117.005201,42.433717],[117.009334,42.442296],[117.007587,42.448925],[117.013048,42.450702],[117.016762,42.456513],[117.026017,42.457947],[117.03113,42.456784],[117.036227,42.458591],[117.037864,42.457118],[117.046669,42.45623],[117.046932,42.454116],[117.052579,42.455612],[117.05329,42.458078],[117.055423,42.45673],[117.058393,42.458126],[117.062812,42.457371],[117.061303,42.458775],[117.062091,42.460761],[117.065119,42.459316],[117.06647,42.461461],[117.079291,42.460335],[117.078023,42.462688],[117.083579,42.463953],[117.080209,42.466518],[117.083934,42.467993],[117.085032,42.469897],[117.083285,42.471062],[117.086677,42.474003],[117.08778,42.477744],[117.090636,42.478601],[117.092159,42.481857],[117.095483,42.480926],[117.09544,42.484121],[117.105521,42.481528],[117.104523,42.478895],[117.107676,42.479593],[117.109872,42.476142],[117.112343,42.47631],[117.114501,42.473889],[117.114959,42.475121],[117.117129,42.474815],[117.118965,42.472672],[117.126893,42.474339],[117.128136,42.473804],[117.126163,42.472901],[117.127667,42.471406],[117.130211,42.472608],[117.130167,42.470406],[117.132313,42.471112],[117.135727,42.469167],[117.140612,42.471322],[117.150732,42.470799],[117.153284,42.467541],[117.168694,42.467318],[117.174259,42.46897],[117.176076,42.465521],[117.188437,42.468398],[117.190645,42.467031],[117.195166,42.467978],[117.197724,42.470557],[117.200918,42.46987],[117.200308,42.467451],[117.202692,42.469104],[117.203791,42.467903],[117.204096,42.469527],[117.208237,42.470932],[117.209049,42.474098],[117.215586,42.475566],[117.231829,42.474604],[117.236574,42.472437],[117.240644,42.474642],[117.244514,42.473299],[117.245871,42.474568],[117.250494,42.474174],[117.251481,42.475783],[117.252178,42.473689],[117.255319,42.475521],[117.258766,42.474474],[117.262999,42.476982],[117.264319,42.476372],[117.265209,42.479442],[117.269896,42.480692],[117.271686,42.479679],[117.275807,42.481955],[117.295057,42.476694],[117.295222,42.47471],[117.297835,42.475239],[117.297781,42.473868],[117.301656,42.473335],[117.302778,42.471218],[117.309437,42.472379],[117.315042,42.468847],[117.321204,42.468902],[117.322041,42.467338],[117.324572,42.467544],[117.324356,42.465905],[117.326259,42.465803],[117.330065,42.461886],[117.332542,42.463062],[117.33314,42.460934],[117.33944,42.462437],[117.340443,42.461097],[117.349882,42.460284],[117.355134,42.461784],[117.362467,42.460274],[117.367003,42.461761],[117.370717,42.460489],[117.376243,42.461881],[117.37636,42.460465],[117.390725,42.462066],[117.39694,42.466701],[117.404973,42.467642],[117.413355,42.471507],[117.411759,42.481345],[117.413034,42.487536],[117.417272,42.495043],[117.417308,42.500347],[117.414546,42.50504],[117.416305,42.512333],[117.413419,42.517782],[117.40802,42.519992],[117.386997,42.517396],[117.392642,42.520679],[117.394812,42.524694],[117.394843,42.529682],[117.397182,42.533448],[117.396385,42.536313],[117.407519,42.543868],[117.412884,42.545101],[117.433604,42.556264],[117.434408,42.561707],[117.442696,42.569768],[117.444741,42.575322],[117.444356,42.57744],[117.438456,42.580559],[117.435244,42.585438],[117.45594,42.589434],[117.461348,42.598229],[117.473503,42.602427],[117.484991,42.600811],[117.490446,42.597349],[117.508949,42.597765],[117.516259,42.599851],[117.511615,42.596657],[117.512954,42.594489],[117.530687,42.590266],[117.528212,42.591445],[117.534391,42.595239],[117.537145,42.602956],[117.539931,42.605454],[117.551042,42.609755],[117.558113,42.605477],[117.600286,42.602987],[117.610854,42.592376],[117.64419,42.589808],[117.667337,42.58246],[117.679982,42.585881],[117.687498,42.582892],[117.707256,42.588007],[117.724218,42.5976],[117.729345,42.598071],[117.784565,42.619718],[117.792891,42.618988],[117.801508,42.612699],[117.793651,42.602938],[117.792308,42.598377],[117.797598,42.585286],[117.808828,42.575762],[117.815901,42.5743],[117.829609,42.564977],[117.849599,42.546638],[117.864019,42.528847],[117.876209,42.508111],[117.914206,42.479507],[117.940131,42.462753],[117.954572,42.44499],[117.997621,42.416663],[118.011287,42.404868],[118.019412,42.395183],[118.024428,42.384846],[118.024235,42.377302],[118.02129,42.37162],[118.012736,42.364164],[118.009163,42.358255],[118.008874,42.346601],[118.016285,42.333268],[118.029243,42.318966],[118.03835,42.311778],[118.05519,42.304509],[118.059974,42.298282],[118.052543,42.286019],[118.040208,42.275868],[118.02327,42.267137],[118.00644,42.262964],[117.978628,42.252502],[117.971088,42.248007],[117.96878,42.242086],[117.970799,42.236354],[117.97745,42.229887],[117.995913,42.225813],[118.016094,42.216695],[118.033597,42.199143],[118.052564,42.191847],[118.089073,42.183856],[118.09548,42.18103],[118.106326,42.171966],[118.109222,42.165069],[118.106159,42.154368],[118.089629,42.123046],[118.088855,42.117114],[118.091737,42.109764],[118.097769,42.10511],[118.136522,42.094481],[118.150125,42.086728],[118.155189,42.081157],[118.153878,42.06701],[118.149203,42.06411],[118.138812,42.065874],[118.141028,42.056922],[118.140049,42.054884],[118.130416,42.05069],[118.120857,42.049005],[118.115248,42.045888],[118.114823,42.041548],[118.116547,42.037181],[118.125336,42.032936],[118.141864,42.031312],[118.189054,42.03054],[118.199856,42.033102],[118.204202,42.034858],[118.212722,42.043172],[118.217877,42.052005],[118.220208,42.058595],[118.218009,42.067316],[118.212996,42.074718],[118.212502,42.079067],[118.212564,42.08112],[118.218531,42.085825],[118.22664,42.090264],[118.239311,42.092805],[118.252482,42.090999],[118.261564,42.08584],[118.261407,42.088231],[118.263385,42.088149],[118.271426,42.084327],[118.271419,42.077784],[118.279526,42.069985],[118.279967,42.066206],[118.292856,42.061569],[118.296233,42.05775],[118.297729,42.054316],[118.296469,42.051931],[118.297261,42.048797],[118.287134,42.040523],[118.288421,42.036515],[118.2865,42.034026],[118.277743,42.029127],[118.267522,42.026764],[118.240115,42.024674],[118.23761,42.022883],[118.241181,42.01894],[118.256296,42.010704],[118.261174,42.00949],[118.279329,42.010129],[118.287468,42.006967],[118.292152,42.007332],[118.295357,42.004287],[118.295688,41.998999],[118.298449,41.997513],[118.300713,41.993508],[118.304441,41.990861],[118.313402,41.988564],[118.31399,41.986788],[118.313195,41.98359],[118.309055,41.980593],[118.305973,41.974173],[118.305995,41.964588],[118.309587,41.96089],[118.303936,41.953448],[118.299622,41.951099],[118.301071,41.947349],[118.30602,41.944251],[118.306528,41.940278],[118.287277,41.933824],[118.268878,41.930165],[118.267526,41.921334],[118.264924,41.920159],[118.271126,41.919551],[118.270165,41.917351],[118.279854,41.913541],[118.281662,41.911339],[118.289078,41.909752],[118.291044,41.908452],[118.2903,41.906221],[118.293759,41.905659],[118.304253,41.895139],[118.312706,41.890727],[118.323952,41.880563],[118.334726,41.877758],[118.340222,41.872477],[118.338457,41.867209],[118.334858,41.863319],[118.337379,41.853615],[118.335289,41.845417],[118.331766,41.840666],[118.319812,41.831459],[118.315646,41.825575],[118.31073,41.815128],[118.307893,41.802363],[118.300013,41.784871],[118.292293,41.772863],[118.282281,41.765925],[118.270834,41.762209],[118.264132,41.763218],[118.259879,41.764427],[118.246999,41.774004],[118.242872,41.779097],[118.240896,41.785076],[118.241461,41.794212],[118.236028,41.807558],[118.230646,41.811759],[118.225197,41.813674],[118.219125,41.815374],[118.19676,41.81346],[118.172346,41.814325],[118.165899,41.813291],[118.155961,41.80705],[118.146471,41.795545],[118.140356,41.783982],[118.130674,41.742294],[118.132882,41.733341],[118.135524,41.72987],[118.15233,41.718855],[118.155203,41.712635],[118.155036,41.695033],[118.153711,41.691167],[118.160366,41.678254],[118.149863,41.658789],[118.139618,41.649023],[118.12086,41.652076],[118.106725,41.65018],[118.100764,41.646911],[118.092613,41.63661],[118.087166,41.625324],[118.088466,41.608372],[118.083297,41.596389],[118.07645,41.59405],[118.065401,41.593187],[118.055416,41.59526],[118.05191,41.598778],[118.046951,41.609876],[118.043689,41.624811],[118.050577,41.646599],[118.063299,41.668686],[118.06443,41.672999],[118.061273,41.677425],[118.057681,41.679116],[118.021441,41.677699],[118.014456,41.679002],[118.000607,41.690759],[117.98729,41.694496],[117.976396,41.691319],[117.962286,41.690962],[117.949594,41.694691],[117.936492,41.696151],[117.927578,41.69523],[117.904886,41.687343],[117.889556,41.686134],[117.868574,41.694236],[117.839819,41.712378],[117.822759,41.712831],[117.79357,41.708111],[117.78962,41.708671],[117.777159,41.716987],[117.770778,41.717603],[117.76272,41.715058],[117.758424,41.707848],[117.75582,41.697165],[117.748276,41.692545],[117.691645,41.685595],[117.662647,41.688045],[117.657828,41.689977],[117.649035,41.699313],[117.644561,41.73072],[117.638163,41.738859],[117.630548,41.739939],[117.617801,41.735419],[117.604862,41.733431],[117.593695,41.736884],[117.586125,41.745978],[117.576288,41.751918],[117.536994,41.761107],[117.529176,41.771589],[117.529601,41.774548],[117.535414,41.782401],[117.536098,41.784214],[117.534645,41.78608],[117.529801,41.786883],[117.496916,41.780621],[117.471322,41.781478],[117.465456,41.787564],[117.463034,41.795617],[117.459832,41.799583],[117.449337,41.804625],[117.440128,41.811462],[117.422556,41.83151],[117.416561,41.834833],[117.404094,41.837386],[117.389105,41.838376],[117.343872,41.835814],[117.300617,41.829295],[117.292335,41.829449],[117.279864,41.832426],[117.271241,41.831452],[117.237962,41.817937],[117.225001,41.806777],[117.217005,41.797116],[117.212011,41.79402],[117.192607,41.790084],[117.182201,41.780702],[117.178163,41.778961],[117.15048,41.782508],[117.13803,41.776132],[117.130405,41.767824],[117.119074,41.76736],[117.111479,41.769104],[117.107145,41.767581],[117.101203,41.763809],[117.099543,41.760179],[117.099401,41.738016],[117.094236,41.721198],[117.093851,41.700861],[117.092085,41.69404],[117.084338,41.691204],[117.078858,41.692214],[117.058266,41.708776],[117.057004,41.717026],[117.060446,41.728167],[117.059977,41.73229],[117.054891,41.736255],[117.045926,41.734338],[117.032189,41.736829],[117.020159,41.754148],[117.01389,41.759724],[116.986108,41.774973],[116.963238,41.780564],[116.959719,41.785644],[116.959641,41.792957],[116.961986,41.798866],[116.959129,41.805764],[116.920917,41.800641],[116.911115,41.801028],[116.891042,41.805478],[116.872021,41.813809],[116.839559,41.822162],[116.829509,41.823253],[116.813455,41.828569],[116.81206,41.833159],[116.800839,41.846605],[116.799826,41.853707],[116.805497,41.869606],[116.803921,41.87877],[116.798748,41.890053],[116.789437,41.896384],[116.780573,41.896988],[116.766342,41.903151],[116.752998,41.919123],[116.746022,41.921968],[116.725541,41.925459],[116.715825,41.930164],[116.714555,41.93258],[116.727438,41.933646],[116.71554,41.943978],[116.699431,41.942889],[116.694622,41.944359]]]}},{"type":"Feature","properties":{"dt_adcode":"130881"},"geometry":{"type":"Polygon","coordinates":[[[118.399635,41.311099],[118.405208,41.31421],[118.408993,41.318493],[118.412448,41.33193],[118.430278,41.338713],[118.473278,41.34567],[118.500858,41.345787],[118.519297,41.353866],[118.528125,41.355057],[118.539816,41.350926],[118.551332,41.350916],[118.568742,41.354227],[118.579971,41.354008],[118.598034,41.348854],[118.629915,41.346445],[118.64641,41.347752],[118.663,41.351128],[118.677002,41.350429],[118.695161,41.337986],[118.716525,41.330281],[118.741879,41.324087],[118.755018,41.325433],[118.76336,41.328924],[118.76665,41.33595],[118.770019,41.353043],[118.795459,41.358912],[118.820505,41.368369],[118.816771,41.371673],[118.830915,41.370517],[118.837011,41.373542],[118.843722,41.374537],[118.84613,41.373794],[118.847489,41.369644],[118.840585,41.355621],[118.844939,41.342479],[118.868392,41.312656],[118.87756,41.306051],[118.890713,41.300722],[118.934664,41.304598],[118.941823,41.308347],[118.945434,41.314911],[118.949515,41.318032],[118.953754,41.317263],[118.964427,41.309503],[118.974688,41.306558],[119.011012,41.306551],[119.035107,41.298763],[119.045412,41.297187],[119.062128,41.295698],[119.079203,41.29625],[119.093103,41.293662],[119.126742,41.298368],[119.144579,41.296557],[119.154941,41.297671],[119.174762,41.292823],[119.200688,41.282313],[119.207149,41.284435],[119.210711,41.289381],[119.210799,41.305628],[119.212125,41.308111],[119.224162,41.312612],[119.23943,41.314519],[119.241171,41.298913],[119.246661,41.292108],[119.249371,41.283483],[119.247096,41.274434],[119.242045,41.267104],[119.239537,41.267412],[119.234723,41.263976],[119.237304,41.262376],[119.232901,41.257637],[119.228956,41.256078],[119.219454,41.256697],[119.220036,41.254729],[119.218837,41.255011],[119.216939,41.250496],[119.215895,41.244861],[119.209122,41.244253],[119.210373,41.232601],[119.211918,41.230451],[119.209767,41.225783],[119.204171,41.222721],[119.197493,41.222211],[119.169645,41.222923],[119.165886,41.220041],[119.164759,41.215035],[119.166491,41.212934],[119.180787,41.207074],[119.185185,41.203756],[119.188882,41.198167],[119.186941,41.18815],[119.181753,41.180272],[119.1755,41.175853],[119.158596,41.169651],[119.136058,41.145264],[119.126382,41.138632],[119.095409,41.137527],[119.088677,41.136073],[119.081202,41.131436],[119.079435,41.118429],[119.080631,41.095972],[119.078222,41.088928],[119.073778,41.084223],[119.059839,41.077644],[119.055887,41.077728],[119.050829,41.080349],[119.046239,41.07953],[119.042137,41.075715],[119.037536,41.067346],[119.028359,41.06374],[119.02734,41.066673],[119.029617,41.07028],[119.025182,41.068488],[119.010887,41.067824],[119.005919,41.070394],[119.000163,41.070456],[118.989112,41.074853],[118.986311,41.077467],[118.969846,41.076543],[118.964646,41.079276],[118.958172,41.070152],[118.949099,41.064571],[118.9461,41.058498],[118.940029,41.053211],[118.936858,41.052606],[118.93944,41.044572],[118.93619,41.037491],[118.939936,41.033953],[118.941288,41.027751],[118.951336,41.018804],[118.960699,41.015958],[118.999984,41.010851],[119.013529,41.007617],[119.019376,41.001779],[119.020421,40.997868],[119.015008,40.99157],[119.005114,40.984256],[119.000593,40.967065],[118.992577,40.967448],[118.980842,40.961477],[118.977514,40.961297],[118.977795,40.959099],[118.976478,40.960894],[118.975034,40.960248],[118.976882,40.95894],[118.973609,40.957443],[118.971292,40.959977],[118.966604,40.959142],[118.964276,40.960366],[118.963385,40.958754],[118.944496,40.958234],[118.938197,40.959875],[118.938947,40.962247],[118.937542,40.963279],[118.930216,40.965014],[118.928899,40.963385],[118.919521,40.967076],[118.916699,40.970034],[118.914537,40.965741],[118.902001,40.96076],[118.899025,40.952477],[118.90078,40.947108],[118.897945,40.946336],[118.900075,40.942652],[118.893979,40.931471],[118.895419,40.925631],[118.885359,40.924413],[118.890383,40.91008],[118.889462,40.905938],[118.891753,40.903573],[118.889846,40.901794],[118.888626,40.894168],[118.889943,40.88934],[118.887259,40.882273],[118.884686,40.880393],[118.886017,40.876019],[118.884745,40.871409],[118.880526,40.862291],[118.873409,40.856942],[118.87188,40.852488],[118.873851,40.850413],[118.873136,40.848156],[118.855069,40.840599],[118.8557,40.83708],[118.852007,40.831468],[118.852351,40.826267],[118.850401,40.823683],[118.846328,40.82241],[118.845467,40.813835],[118.849108,40.800944],[118.861333,40.802796],[118.86615,40.794368],[118.876099,40.790144],[118.88042,40.781439],[118.883807,40.780966],[118.884418,40.783211],[118.88669,40.782928],[118.892966,40.777861],[118.901311,40.781253],[118.910966,40.776782],[118.907738,40.775561],[118.907799,40.77026],[118.902951,40.766598],[118.902852,40.761273],[118.896987,40.75893],[118.895343,40.754802],[118.857056,40.737986],[118.841473,40.728936],[118.821562,40.722788],[118.808352,40.712964],[118.797546,40.698248],[118.784527,40.691609],[118.77262,40.688817],[118.75766,40.690238],[118.743569,40.706947],[118.736663,40.712433],[118.73729,40.723171],[118.732919,40.725825],[118.71654,40.724291],[118.699431,40.731231],[118.688024,40.7325],[118.682898,40.727396],[118.681305,40.720812],[118.677275,40.719106],[118.671671,40.721337],[118.667965,40.725113],[118.663085,40.734868],[118.656108,40.739434],[118.652497,40.739771],[118.647269,40.738103],[118.642442,40.732988],[118.634101,40.719061],[118.61997,40.714469],[118.611319,40.716115],[118.604026,40.714976],[118.591566,40.707599],[118.558274,40.698407],[118.554456,40.694645],[118.555727,40.684996],[118.554246,40.680013],[118.552272,40.676873],[118.545894,40.675493],[118.540574,40.677043],[118.521119,40.688693],[118.504901,40.688333],[118.497856,40.691091],[118.490707,40.697514],[118.485694,40.704725],[118.509047,40.731234],[118.533077,40.74995],[118.537895,40.759688],[118.540216,40.775424],[118.535547,40.788792],[118.534908,40.797047],[118.55733,40.829533],[118.561184,40.837002],[118.563073,40.848409],[118.557474,40.870491],[118.554341,40.875814],[118.547185,40.87802],[118.533033,40.87763],[118.515084,40.880752],[118.509207,40.884997],[118.500512,40.895474],[118.493363,40.897685],[118.488781,40.895491],[118.486125,40.887997],[118.479415,40.885153],[118.461181,40.888956],[118.456266,40.885847],[118.454143,40.876047],[118.454428,40.865973],[118.450747,40.854147],[118.425025,40.850509],[118.394786,40.848508],[118.370934,40.849344],[118.364049,40.851505],[118.359171,40.860272],[118.360086,40.870556],[118.364252,40.878273],[118.364383,40.882621],[118.358663,40.893463],[118.359369,40.906717],[118.364232,40.917403],[118.376369,40.928658],[118.378946,40.953561],[118.381162,40.95673],[118.398649,40.964459],[118.410115,40.963579],[118.415884,40.964625],[118.418677,40.966861],[118.418738,40.968924],[118.411903,40.972931],[118.370431,40.982298],[118.367598,40.988745],[118.383543,41.014816],[118.385464,41.028284],[118.399695,41.057572],[118.411243,41.088273],[118.41782,41.095256],[118.474449,41.117064],[118.480469,41.125866],[118.480989,41.132719],[118.479347,41.138014],[118.464229,41.147247],[118.454167,41.163688],[118.446818,41.170465],[118.444377,41.179434],[118.445671,41.201376],[118.448157,41.212999],[118.446175,41.217381],[118.436511,41.228089],[118.416244,41.239436],[118.414224,41.242677],[118.414588,41.244502],[118.420459,41.248055],[118.42568,41.259861],[118.429105,41.262543],[118.439529,41.26624],[118.43991,41.268755],[118.436732,41.273619],[118.419866,41.287419],[118.399635,41.311099]]]}},{"type":"Feature","properties":{"dt_adcode":"130902"},"geometry":{"type":"Polygon","coordinates":[[[116.860941,38.274599],[116.857245,38.281882],[116.858184,38.283587],[116.861736,38.281599],[116.864444,38.282006],[116.860971,38.30142],[116.862697,38.314212],[116.876226,38.344752],[116.876124,38.349576],[116.870442,38.349561],[116.874305,38.351898],[116.881032,38.352664],[116.881351,38.353966],[116.883118,38.35373],[116.882413,38.351828],[116.887396,38.350229],[116.888842,38.356067],[116.892191,38.355685],[116.892603,38.357041],[116.888393,38.358067],[116.886795,38.361356],[116.893125,38.359864],[116.893378,38.364654],[116.896192,38.364669],[116.896723,38.367378],[116.910964,38.361971],[116.915068,38.362445],[116.924432,38.35992],[116.92674,38.36309],[116.930878,38.362839],[116.930247,38.358546],[116.93446,38.35748],[116.934306,38.348219],[116.960581,38.341177],[116.954886,38.338782],[116.95513,38.324899],[116.951248,38.323375],[116.948669,38.317308],[116.949382,38.311419],[116.944369,38.311506],[116.944674,38.301124],[116.948183,38.301841],[116.949028,38.300159],[116.943805,38.293565],[116.945367,38.291121],[116.944422,38.286838],[116.947676,38.285194],[116.946222,38.283136],[116.940218,38.283978],[116.938101,38.272168],[116.930969,38.272993],[116.929392,38.269041],[116.923691,38.27231],[116.919704,38.268109],[116.907449,38.268819],[116.907732,38.26731],[116.915229,38.265774],[116.915213,38.255175],[116.902526,38.252297],[116.901682,38.249643],[116.891919,38.250023],[116.888426,38.248382],[116.888065,38.249609],[116.884042,38.249381],[116.886297,38.257193],[116.872525,38.258467],[116.872565,38.262474],[116.877584,38.263609],[116.878351,38.268516],[116.882003,38.268569],[116.881965,38.27037],[116.878465,38.270559],[116.878851,38.273928],[116.87011,38.274696],[116.870432,38.281535],[116.867697,38.281665],[116.866196,38.278041],[116.867854,38.277677],[116.867693,38.27605],[116.860941,38.274599]]]}},{"type":"Feature","properties":{"dt_adcode":"130903"},"geometry":{"type":"Polygon","coordinates":[[[116.874305,38.351898],[116.870442,38.349561],[116.876124,38.349576],[116.876226,38.344752],[116.862275,38.311377],[116.860971,38.30142],[116.864444,38.282006],[116.857391,38.28294],[116.862421,38.271489],[116.855944,38.271375],[116.852974,38.269659],[116.856489,38.262512],[116.851863,38.258408],[116.858962,38.256255],[116.852424,38.249182],[116.846843,38.249706],[116.845853,38.24438],[116.837303,38.248792],[116.829425,38.248138],[116.827646,38.253606],[116.823389,38.254662],[116.819882,38.252205],[116.817815,38.246009],[116.811535,38.241961],[116.813556,38.235158],[116.812813,38.232812],[116.802955,38.233347],[116.800234,38.228925],[116.793102,38.226507],[116.791964,38.223579],[116.793655,38.219214],[116.788652,38.218889],[116.783963,38.21554],[116.772164,38.219895],[116.77157,38.223372],[116.766679,38.225014],[116.773128,38.23352],[116.779838,38.24987],[116.777116,38.250536],[116.777776,38.253697],[116.781124,38.253741],[116.785413,38.264712],[116.78993,38.263739],[116.790954,38.270103],[116.794356,38.270396],[116.79462,38.274265],[116.772249,38.274208],[116.772511,38.277224],[116.769031,38.276999],[116.767745,38.280039],[116.769259,38.283935],[116.775309,38.283443],[116.780895,38.296169],[116.776868,38.297555],[116.778617,38.302815],[116.775616,38.302968],[116.775195,38.308134],[116.780374,38.309514],[116.7846,38.315269],[116.792276,38.315647],[116.792643,38.318751],[116.789802,38.319677],[116.786581,38.325055],[116.787826,38.329996],[116.785562,38.331454],[116.787599,38.337874],[116.79027,38.342234],[116.801099,38.348003],[116.812328,38.3599],[116.820748,38.378193],[116.824112,38.376711],[116.827323,38.384731],[116.843374,38.395814],[116.842143,38.396673],[116.848718,38.401902],[116.847412,38.402489],[116.848212,38.405964],[116.850696,38.405701],[116.852173,38.409629],[116.856417,38.409422],[116.857959,38.413256],[116.860289,38.414758],[116.876838,38.411874],[116.876546,38.408017],[116.889481,38.405291],[116.88672,38.400526],[116.891821,38.398683],[116.890176,38.395908],[116.882532,38.394121],[116.886642,38.390624],[116.887178,38.388147],[116.881168,38.382484],[116.881069,38.375141],[116.873799,38.373282],[116.874393,38.367568],[116.88097,38.363689],[116.88135,38.360295],[116.879507,38.359222],[116.876213,38.361459],[116.867016,38.361136],[116.869658,38.35546],[116.874305,38.351898]]]}},{"type":"Feature","properties":{"dt_adcode":"130921"},"geometry":{"type":"Polygon","coordinates":[[[116.860941,38.274599],[116.867693,38.27605],[116.867854,38.277677],[116.866196,38.278041],[116.867697,38.281665],[116.870432,38.281535],[116.87011,38.274696],[116.878851,38.273928],[116.878465,38.270559],[116.881965,38.27037],[116.882003,38.268569],[116.878351,38.268516],[116.877584,38.263609],[116.872565,38.262474],[116.872525,38.258467],[116.886297,38.257193],[116.884042,38.249381],[116.888065,38.249609],[116.888426,38.248382],[116.891919,38.250023],[116.901682,38.249643],[116.902526,38.252297],[116.915213,38.255175],[116.915229,38.265774],[116.907732,38.26731],[116.907449,38.268819],[116.919704,38.268109],[116.923691,38.27231],[116.929392,38.269041],[116.930969,38.272993],[116.938101,38.272168],[116.940218,38.283978],[116.946222,38.283136],[116.947676,38.285194],[116.944422,38.286838],[116.945367,38.291121],[116.943805,38.293565],[116.949028,38.300159],[116.948183,38.301841],[116.944674,38.301124],[116.944369,38.311506],[116.949382,38.311419],[116.948669,38.317308],[116.951248,38.323375],[116.95513,38.324899],[116.954886,38.338782],[116.960581,38.341177],[116.934306,38.348219],[116.93446,38.35748],[116.930247,38.358546],[116.930878,38.362839],[116.92674,38.36309],[116.924432,38.35992],[116.915068,38.362445],[116.910964,38.361971],[116.896723,38.367378],[116.896192,38.364669],[116.893378,38.364654],[116.893125,38.359864],[116.886795,38.361356],[116.888393,38.358067],[116.892603,38.357041],[116.892191,38.355685],[116.888842,38.356067],[116.887396,38.350229],[116.882413,38.351828],[116.883118,38.35373],[116.881351,38.353966],[116.87742,38.351552],[116.874305,38.351898],[116.867503,38.358695],[116.868099,38.361753],[116.876917,38.36134],[116.879507,38.359222],[116.88135,38.360295],[116.88097,38.363689],[116.874393,38.367568],[116.873799,38.373282],[116.881069,38.375141],[116.881168,38.382484],[116.887178,38.388147],[116.886642,38.390624],[116.882532,38.394121],[116.889333,38.395539],[116.89186,38.397886],[116.88672,38.400526],[116.892032,38.410852],[116.890404,38.413463],[116.893116,38.418073],[116.88895,38.423489],[116.89485,38.425588],[116.889467,38.431359],[116.89251,38.438581],[116.891627,38.444499],[116.893008,38.4539],[116.891569,38.465417],[116.892386,38.478053],[116.889262,38.482804],[116.897074,38.485734],[116.900269,38.495326],[116.904091,38.499145],[116.907469,38.498255],[116.914162,38.484742],[116.917266,38.483933],[116.919196,38.480326],[116.923446,38.479787],[116.925457,38.481968],[116.932667,38.482474],[116.933831,38.477334],[116.936704,38.478735],[116.945449,38.478468],[116.945024,38.482946],[116.948305,38.479353],[116.950932,38.484073],[116.959244,38.488762],[116.966664,38.490786],[116.968078,38.49318],[116.983919,38.497423],[116.987278,38.496156],[117.014368,38.503456],[117.014343,38.500491],[117.018763,38.501156],[117.020909,38.503988],[117.021549,38.512486],[117.017566,38.512687],[117.017416,38.516303],[117.018731,38.517275],[117.03596,38.525084],[117.05801,38.529954],[117.071877,38.537168],[117.07575,38.541028],[117.085117,38.54478],[117.09175,38.536984],[117.090922,38.522792],[117.091947,38.514536],[117.09504,38.508091],[117.114086,38.495984],[117.118008,38.487009],[117.103332,38.464948],[117.093311,38.442838],[117.093136,38.432988],[117.101066,38.403367],[117.102055,38.392824],[117.087871,38.381741],[117.087757,38.37579],[117.094509,38.361753],[117.113556,38.351936],[117.116358,38.348657],[117.118047,38.334201],[117.12054,38.330716],[117.139601,38.328825],[117.153094,38.321236],[117.145268,38.298233],[117.149625,38.290489],[117.147,38.287495],[117.146163,38.273922],[117.141272,38.260471],[117.141876,38.24581],[117.120813,38.220639],[117.118877,38.21013],[117.119396,38.202129],[117.12538,38.183856],[117.120376,38.183977],[117.120694,38.177604],[117.12584,38.173916],[117.129882,38.174113],[117.13046,38.171903],[117.135381,38.175361],[117.138898,38.174631],[117.140574,38.172603],[117.146405,38.172606],[117.151254,38.165705],[117.150099,38.156074],[117.136503,38.156523],[117.135946,38.158392],[117.131736,38.152398],[117.126112,38.154787],[117.126102,38.148403],[117.124394,38.151213],[117.123214,38.150817],[117.119797,38.146254],[117.119126,38.14212],[117.115544,38.140932],[117.116857,38.139648],[117.116278,38.133496],[117.109414,38.133392],[117.108831,38.131544],[117.10688,38.131481],[117.106768,38.133408],[117.096897,38.133567],[117.096246,38.13162],[117.092055,38.131561],[117.091277,38.125963],[117.083652,38.125813],[117.084023,38.123158],[117.080442,38.123271],[117.081698,38.128297],[117.080074,38.131664],[117.042021,38.122427],[117.039675,38.120517],[117.041825,38.117827],[117.018006,38.102779],[117.005593,38.098406],[117.00359,38.100696],[116.996803,38.101878],[116.996265,38.098174],[116.98638,38.1004],[116.988653,38.099532],[116.988052,38.097634],[116.979571,38.095094],[116.978566,38.091398],[116.966616,38.092424],[116.963436,38.09072],[116.963362,38.083999],[116.959977,38.084149],[116.960217,38.087751],[116.956096,38.08711],[116.955351,38.0856],[116.952561,38.087654],[116.948146,38.087147],[116.95089,38.082424],[116.941186,38.082488],[116.939733,38.087427],[116.943314,38.088009],[116.942992,38.090184],[116.939424,38.090344],[116.937999,38.094261],[116.935499,38.095678],[116.935962,38.099614],[116.929387,38.09974],[116.925949,38.102138],[116.927165,38.108052],[116.905621,38.110288],[116.904052,38.10502],[116.900607,38.104471],[116.897626,38.104807],[116.897439,38.106701],[116.875062,38.106924],[116.871144,38.117956],[116.872289,38.125699],[116.8696,38.126091],[116.868047,38.128619],[116.869403,38.134715],[116.871368,38.135243],[116.872218,38.137662],[116.873082,38.147841],[116.866349,38.148151],[116.860082,38.143871],[116.857343,38.143728],[116.844002,38.149229],[116.828794,38.149154],[116.825866,38.1467],[116.825266,38.143452],[116.813391,38.143641],[116.813076,38.140294],[116.806695,38.141185],[116.806619,38.143197],[116.801473,38.143123],[116.801649,38.147358],[116.805402,38.148472],[116.804387,38.153789],[116.801483,38.15424],[116.79805,38.161734],[116.794278,38.163817],[116.795589,38.166844],[116.783993,38.171111],[116.78067,38.171573],[116.778709,38.168546],[116.770865,38.170472],[116.772509,38.173546],[116.760881,38.176108],[116.757998,38.179165],[116.75798,38.181555],[116.760217,38.183177],[116.759671,38.188374],[116.756042,38.189957],[116.753026,38.187086],[116.753723,38.191165],[116.741488,38.195319],[116.734173,38.185846],[116.723765,38.188983],[116.721229,38.185461],[116.705444,38.191517],[116.703905,38.190924],[116.703229,38.194827],[116.691034,38.196274],[116.689002,38.20073],[116.671376,38.206481],[116.666843,38.204865],[116.661362,38.207629],[116.660313,38.209009],[116.662706,38.213453],[116.661989,38.217653],[116.664992,38.218512],[116.664495,38.220523],[116.66257,38.219823],[116.66023,38.222812],[116.643325,38.217531],[116.638175,38.217],[116.636421,38.218804],[116.63426,38.217618],[116.633158,38.219363],[116.62774,38.218325],[116.618298,38.216411],[116.612711,38.213292],[116.604672,38.216268],[116.602278,38.215796],[116.600764,38.21398],[116.601447,38.20981],[116.597946,38.207013],[116.597884,38.208927],[116.579288,38.209137],[116.57938,38.206363],[116.581535,38.205633],[116.577371,38.202521],[116.57887,38.20158],[116.576048,38.197943],[116.56772,38.197923],[116.542559,38.192643],[116.538763,38.193056],[116.529537,38.188164],[116.527989,38.190381],[116.525174,38.189242],[116.523016,38.194067],[116.523727,38.199949],[116.517437,38.199801],[116.518862,38.215038],[116.515754,38.21491],[116.515626,38.217082],[116.512614,38.2173],[116.502913,38.216032],[116.504637,38.218663],[116.502458,38.218947],[116.502877,38.225684],[116.498651,38.226349],[116.498528,38.231287],[116.496389,38.235645],[116.503143,38.236479],[116.50537,38.24798],[116.496576,38.251078],[116.499035,38.252827],[116.494573,38.259063],[116.479811,38.260316],[116.478413,38.263678],[116.471429,38.266016],[116.467908,38.263704],[116.459226,38.262679],[116.457851,38.265527],[116.46158,38.274706],[116.4647,38.274576],[116.467018,38.283288],[116.468595,38.304714],[116.464853,38.3056],[116.465613,38.307688],[116.464352,38.307926],[116.467169,38.330105],[116.47071,38.330646],[116.471468,38.333417],[116.478967,38.333907],[116.480103,38.339883],[116.484796,38.339683],[116.485844,38.34241],[116.490091,38.342552],[116.490557,38.345251],[116.488695,38.346025],[116.48868,38.348135],[116.493866,38.346954],[116.495312,38.350209],[116.500456,38.349628],[116.50641,38.368752],[116.506593,38.387528],[116.509811,38.39139],[116.516229,38.394774],[116.52525,38.397217],[116.540928,38.398],[116.551142,38.402724],[116.556477,38.412987],[116.560592,38.417307],[116.571674,38.420431],[116.578054,38.419238],[116.582666,38.41531],[116.589526,38.403355],[116.596651,38.404667],[116.604709,38.403898],[116.604539,38.400739],[116.606517,38.402714],[116.6094,38.402599],[116.609601,38.405517],[116.613763,38.40787],[116.613824,38.410611],[116.617237,38.414332],[116.628117,38.414108],[116.638879,38.416092],[116.64631,38.414608],[116.647237,38.415688],[116.646366,38.409904],[116.654885,38.405209],[116.653978,38.397506],[116.656874,38.392789],[116.662579,38.390481],[116.662745,38.386428],[116.673617,38.388956],[116.677143,38.385594],[116.680807,38.386777],[116.681616,38.385607],[116.690051,38.389274],[116.703463,38.391971],[116.71748,38.392808],[116.718322,38.395669],[116.719824,38.395322],[116.719801,38.397634],[116.722321,38.397195],[116.722783,38.399067],[116.732818,38.396872],[116.7424,38.402494],[116.746213,38.406733],[116.750936,38.408431],[116.752333,38.411325],[116.762506,38.412153],[116.763659,38.410348],[116.772537,38.408172],[116.771779,38.406616],[116.776283,38.403805],[116.775624,38.401849],[116.781019,38.400657],[116.780939,38.39885],[116.787484,38.398208],[116.792059,38.40418],[116.80954,38.403602],[116.811901,38.408668],[116.821443,38.411709],[116.82017,38.415262],[116.825039,38.417466],[116.829388,38.416022],[116.827964,38.41388],[116.833824,38.411062],[116.835681,38.411838],[116.834316,38.409703],[116.835709,38.406707],[116.848718,38.401902],[116.842143,38.396673],[116.843374,38.395814],[116.827323,38.384731],[116.824112,38.376711],[116.820748,38.378193],[116.812328,38.3599],[116.801099,38.348003],[116.79027,38.342234],[116.787599,38.337874],[116.785562,38.331454],[116.787826,38.329996],[116.786581,38.325055],[116.789802,38.319677],[116.792643,38.318751],[116.792276,38.315647],[116.7846,38.315269],[116.780374,38.309514],[116.775195,38.308134],[116.775616,38.302968],[116.778617,38.302815],[116.776868,38.297555],[116.780895,38.296169],[116.775309,38.283443],[116.769259,38.283935],[116.767745,38.280039],[116.769031,38.276999],[116.772511,38.277224],[116.772249,38.274208],[116.79462,38.274265],[116.794356,38.270396],[116.790954,38.270103],[116.78993,38.263739],[116.785413,38.264712],[116.781124,38.253741],[116.777776,38.253697],[116.777116,38.250536],[116.779838,38.24987],[116.773128,38.23352],[116.766679,38.225014],[116.77157,38.223372],[116.772164,38.219895],[116.782856,38.215583],[116.788652,38.218889],[116.792993,38.218803],[116.793933,38.22079],[116.791964,38.223579],[116.793102,38.226507],[116.800234,38.228925],[116.802955,38.233347],[116.812813,38.232812],[116.813556,38.235158],[116.811535,38.241961],[116.817815,38.246009],[116.819882,38.252205],[116.823389,38.254662],[116.827646,38.253606],[116.829425,38.248138],[116.837303,38.248792],[116.845853,38.24438],[116.846843,38.249706],[116.852424,38.249182],[116.858962,38.256255],[116.851738,38.258884],[116.856489,38.262512],[116.852974,38.269659],[116.855944,38.271375],[116.862117,38.271132],[116.860941,38.274599]]]}},{"type":"Feature","properties":{"dt_adcode":"130922"},"geometry":{"type":"Polygon","coordinates":[[[116.590869,38.480872],[116.589891,38.483938],[116.597226,38.487032],[116.596938,38.482846],[116.60166,38.482655],[116.601912,38.480381],[116.605107,38.479389],[116.610624,38.479666],[116.609638,38.477093],[116.614096,38.477154],[116.613779,38.47348],[116.620309,38.473945],[116.620856,38.47741],[116.616113,38.477038],[116.616049,38.483215],[116.613911,38.48347],[116.615784,38.486745],[116.612518,38.488583],[116.614054,38.490303],[116.619951,38.490486],[116.627335,38.501065],[116.613904,38.503089],[116.615443,38.508971],[116.618694,38.508815],[116.621199,38.514361],[116.630518,38.513711],[116.628365,38.509349],[116.638273,38.509676],[116.638772,38.506938],[116.64714,38.50648],[116.648229,38.509918],[116.653133,38.510058],[116.652944,38.512562],[116.655462,38.514618],[116.654478,38.51898],[116.659578,38.518594],[116.66204,38.525508],[116.66825,38.530025],[116.669798,38.538519],[116.674798,38.540326],[116.674756,38.543687],[116.672671,38.546551],[116.66545,38.544449],[116.664355,38.54714],[116.659776,38.548119],[116.65675,38.551398],[116.6524,38.551177],[116.652018,38.555893],[116.649657,38.558494],[116.646556,38.553182],[116.6437,38.554139],[116.645637,38.558749],[116.640891,38.557559],[116.641311,38.561381],[116.643223,38.560876],[116.643363,38.564779],[116.655144,38.563832],[116.655925,38.565981],[116.659183,38.56576],[116.660262,38.567488],[116.671625,38.566525],[116.669892,38.572319],[116.666652,38.573199],[116.666145,38.576481],[116.668463,38.5792],[116.661877,38.582301],[116.668347,38.592749],[116.680292,38.592692],[116.687528,38.603125],[116.680559,38.605933],[116.688933,38.609999],[116.693503,38.614878],[116.694841,38.613682],[116.693981,38.610234],[116.702811,38.619123],[116.715055,38.609355],[116.720918,38.612809],[116.733751,38.614035],[116.737311,38.619082],[116.735956,38.621392],[116.741601,38.622929],[116.739704,38.628116],[116.740938,38.62867],[116.738236,38.631343],[116.742789,38.631808],[116.743333,38.634438],[116.755103,38.636206],[116.755326,38.634132],[116.760226,38.635027],[116.763223,38.633853],[116.763287,38.628959],[116.764726,38.62821],[116.764313,38.636502],[116.767689,38.637758],[116.770028,38.642229],[116.775063,38.658435],[116.7743,38.664171],[116.767888,38.674091],[116.765224,38.682742],[116.765433,38.685889],[116.768636,38.686574],[116.768559,38.692935],[116.762474,38.695964],[116.762544,38.701018],[116.757664,38.702443],[116.758029,38.703771],[116.754529,38.700884],[116.753009,38.700988],[116.753009,38.703042],[116.745097,38.702443],[116.745593,38.706002],[116.754434,38.704766],[116.755728,38.708752],[116.762076,38.709038],[116.762476,38.715668],[116.764724,38.715837],[116.76647,38.720083],[116.765853,38.723782],[116.762364,38.724409],[116.761019,38.72744],[116.76213,38.728486],[116.758831,38.732043],[116.763841,38.733766],[116.766351,38.741937],[116.775021,38.742801],[116.778864,38.740623],[116.784512,38.740527],[116.784043,38.738339],[116.787885,38.738296],[116.78825,38.740041],[116.791224,38.74005],[116.791225,38.745066],[116.792846,38.746357],[116.794476,38.746194],[116.793011,38.744403],[116.794354,38.743542],[116.796323,38.743561],[116.796539,38.746691],[116.829757,38.743205],[116.829437,38.741812],[116.831464,38.741591],[116.835545,38.742799],[116.85911,38.741308],[116.860356,38.744982],[116.867341,38.745966],[116.869179,38.737917],[116.868675,38.729885],[116.87014,38.729883],[116.867954,38.722339],[116.866585,38.722476],[116.865874,38.720236],[116.867364,38.719861],[116.866489,38.717001],[116.872844,38.716141],[116.871829,38.712903],[116.875167,38.712625],[116.871906,38.701874],[116.874645,38.696481],[116.872251,38.693949],[116.873006,38.692498],[116.875494,38.693159],[116.875589,38.682686],[116.877566,38.682106],[116.877349,38.680678],[116.895413,38.680359],[116.898303,38.678378],[116.897782,38.680774],[116.917751,38.687566],[116.921228,38.686929],[116.917724,38.679611],[116.927322,38.680069],[116.926801,38.687437],[116.929636,38.687574],[116.930966,38.685726],[116.945592,38.685876],[116.94648,38.688474],[116.951068,38.689403],[116.947211,38.689613],[116.994455,38.695722],[116.992842,38.692283],[117.014465,38.689947],[117.01574,38.700401],[117.042302,38.706487],[117.045245,38.705781],[117.041646,38.701603],[117.038925,38.688444],[117.045374,38.692546],[117.044589,38.686222],[117.053021,38.68668],[117.055094,38.686164],[117.054345,38.684265],[117.063375,38.682954],[117.063261,38.68044],[117.068153,38.680643],[117.061127,38.672972],[117.05605,38.654186],[117.056317,38.644983],[117.051718,38.643502],[117.05218,38.64118],[117.054871,38.642466],[117.055611,38.639242],[117.060757,38.6391],[117.060496,38.635709],[117.064266,38.635711],[117.071556,38.607376],[117.086334,38.606369],[117.087228,38.599861],[117.096876,38.60041],[117.097076,38.595521],[117.093,38.594434],[117.092869,38.592715],[117.095303,38.592907],[117.095255,38.590495],[117.097474,38.590714],[117.099037,38.579653],[117.085117,38.54478],[117.07575,38.541028],[117.071877,38.537168],[117.05801,38.529954],[117.03596,38.525084],[117.018731,38.517275],[117.017416,38.516303],[117.017566,38.512687],[117.021549,38.512486],[117.020909,38.503988],[117.018763,38.501156],[117.014343,38.500491],[117.014368,38.503456],[116.987278,38.496156],[116.983919,38.497423],[116.968078,38.49318],[116.966664,38.490786],[116.959244,38.488762],[116.950932,38.484073],[116.948305,38.479353],[116.945024,38.482946],[116.945449,38.478468],[116.936704,38.478735],[116.933831,38.477334],[116.932667,38.482474],[116.925457,38.481968],[116.923446,38.479787],[116.919196,38.480326],[116.917266,38.483933],[116.914162,38.484742],[116.907469,38.498255],[116.902406,38.498256],[116.897074,38.485734],[116.889262,38.482804],[116.892386,38.478053],[116.891569,38.465417],[116.893008,38.4539],[116.891627,38.444499],[116.89251,38.438581],[116.889467,38.431359],[116.89485,38.425588],[116.88895,38.423489],[116.893116,38.418073],[116.890404,38.413463],[116.892032,38.410852],[116.889481,38.405291],[116.876546,38.408017],[116.876838,38.411874],[116.860289,38.414758],[116.857959,38.413256],[116.856417,38.409422],[116.852173,38.409629],[116.850696,38.405701],[116.848212,38.405964],[116.847412,38.402489],[116.835709,38.406707],[116.834316,38.409703],[116.835681,38.411838],[116.833824,38.411062],[116.827964,38.41388],[116.829388,38.416022],[116.825039,38.417466],[116.82017,38.415262],[116.821443,38.411709],[116.811901,38.408668],[116.80954,38.403602],[116.792059,38.40418],[116.787484,38.398208],[116.784238,38.398282],[116.775624,38.401849],[116.776283,38.403805],[116.771779,38.406616],[116.772537,38.408172],[116.763659,38.410348],[116.762506,38.412153],[116.757785,38.412216],[116.752333,38.411325],[116.750936,38.408431],[116.746213,38.406733],[116.7424,38.402494],[116.732818,38.396872],[116.722783,38.399067],[116.722321,38.397195],[116.719801,38.397634],[116.719824,38.395322],[116.718322,38.395669],[116.71748,38.392808],[116.703463,38.391971],[116.690051,38.389274],[116.681616,38.385607],[116.680807,38.386777],[116.677143,38.385594],[116.673617,38.388956],[116.662745,38.386428],[116.662579,38.390481],[116.656874,38.392789],[116.653978,38.397506],[116.654885,38.405209],[116.646366,38.409904],[116.647237,38.415688],[116.64631,38.414608],[116.638879,38.416092],[116.628117,38.414108],[116.617237,38.414332],[116.621764,38.419372],[116.615519,38.419119],[116.615911,38.425554],[116.619375,38.42638],[116.620035,38.429092],[116.627011,38.430299],[116.628512,38.435969],[116.632081,38.436209],[116.63255,38.439331],[116.635281,38.438147],[116.63676,38.443236],[116.63583,38.444345],[116.637592,38.444929],[116.635748,38.446062],[116.636607,38.447421],[116.641575,38.449167],[116.638881,38.449762],[116.640693,38.454016],[116.641966,38.453781],[116.643224,38.459505],[116.640221,38.459879],[116.641113,38.462252],[116.638363,38.462116],[116.637171,38.463661],[116.636958,38.469108],[116.633303,38.469167],[116.633825,38.472063],[116.625914,38.471387],[116.625448,38.470022],[116.617373,38.470152],[116.617029,38.468315],[116.611068,38.467491],[116.610183,38.464639],[116.603054,38.465091],[116.60068,38.460781],[116.598845,38.46052],[116.598225,38.466335],[116.59421,38.466126],[116.595537,38.475121],[116.59459,38.478339],[116.592184,38.478302],[116.592592,38.480821],[116.590869,38.480872]]]}},{"type":"Feature","properties":{"dt_adcode":"130923"},"geometry":{"type":"Polygon","coordinates":[[[116.563484,38.022123],[116.573785,38.021736],[116.574814,38.02426],[116.578419,38.023979],[116.579524,38.027437],[116.581778,38.025755],[116.60695,38.023601],[116.606669,38.020844],[116.613092,38.020764],[116.621436,38.025465],[116.628333,38.026711],[116.654184,38.028148],[116.681385,37.999491],[116.69287,37.999215],[116.690621,37.996352],[116.692249,37.995464],[116.692484,37.991797],[116.695046,37.991033],[116.694099,37.987554],[116.697134,37.98699],[116.698409,37.98973],[116.701149,37.989002],[116.700922,37.986581],[116.704508,37.985953],[116.704806,37.988485],[116.712836,37.989882],[116.712817,37.985735],[116.719259,37.982052],[116.722406,37.987071],[116.725621,37.985964],[116.724335,37.983186],[116.725329,37.981777],[116.744557,37.980609],[116.743197,37.976473],[116.744565,37.974609],[116.751523,37.976725],[116.754946,37.979471],[116.759173,37.979056],[116.758849,37.974919],[116.768766,37.973133],[116.776431,37.975588],[116.778434,37.974225],[116.780671,37.975874],[116.790013,37.974109],[116.79387,37.977466],[116.798335,37.975556],[116.800784,37.979826],[116.821669,37.965946],[116.822771,37.967726],[116.831801,37.967005],[116.832416,37.960668],[116.850851,37.954297],[116.851147,37.948662],[116.848642,37.947707],[116.846754,37.938551],[116.844574,37.937483],[116.843275,37.931031],[116.846829,37.929104],[116.860361,37.927375],[116.863654,37.922849],[116.859966,37.908302],[116.861954,37.896937],[116.853209,37.896315],[116.852516,37.885305],[116.863931,37.884765],[116.868569,37.882828],[116.870037,37.879541],[116.882446,37.877086],[116.882946,37.874578],[116.886685,37.871965],[116.889933,37.844662],[116.879619,37.843741],[116.84372,37.834471],[116.836682,37.835746],[116.82641,37.841207],[116.819865,37.841461],[116.819727,37.844459],[116.812726,37.843609],[116.811751,37.847921],[116.804921,37.848737],[116.805208,37.849944],[116.803486,37.850406],[116.800961,37.847191],[116.794588,37.84697],[116.795277,37.845878],[116.793267,37.843868],[116.7912,37.844733],[116.790051,37.84278],[116.788156,37.843415],[116.787811,37.839852],[116.785054,37.839682],[116.789936,37.836918],[116.785972,37.831865],[116.786155,37.826311],[116.766845,37.811345],[116.758951,37.801849],[116.757533,37.80251],[116.755733,37.800069],[116.753099,37.80206],[116.748792,37.799876],[116.747313,37.800325],[116.747056,37.803922],[116.744934,37.799232],[116.746863,37.798012],[116.745962,37.795764],[116.753676,37.793004],[116.752326,37.788123],[116.755034,37.787691],[116.753804,37.770516],[116.752559,37.770704],[116.747367,37.759598],[116.744191,37.757339],[116.73912,37.756909],[116.736432,37.759531],[116.73136,37.758855],[116.732949,37.761603],[116.72916,37.762331],[116.729588,37.764894],[116.72317,37.766718],[116.72262,37.764521],[116.719624,37.764822],[116.722069,37.763788],[116.72158,37.762384],[116.718829,37.762319],[116.718217,37.758597],[116.722008,37.758723],[116.719256,37.755853],[116.720112,37.752559],[116.726409,37.752383],[116.721212,37.750729],[116.72452,37.744293],[116.709564,37.735194],[116.708506,37.736308],[116.706601,37.735355],[116.706252,37.739883],[116.703331,37.740069],[116.703808,37.741937],[116.702156,37.739845],[116.70161,37.740661],[116.705203,37.753099],[116.693451,37.756715],[116.69126,37.758269],[116.691771,37.760475],[116.688499,37.760927],[116.688963,37.762791],[116.680879,37.764562],[116.678534,37.756675],[116.67321,37.756874],[116.672543,37.754376],[116.658837,37.755638],[116.658656,37.757632],[116.656873,37.758051],[116.655237,37.756584],[116.651204,37.756971],[116.649826,37.765216],[116.644619,37.767658],[116.645561,37.771043],[116.635581,37.772826],[116.634942,37.770207],[116.631633,37.77091],[116.63081,37.767329],[116.628356,37.767316],[116.629514,37.763129],[116.626885,37.758243],[116.621048,37.758868],[116.620371,37.754756],[116.618971,37.754094],[116.610346,37.756818],[116.606673,37.760583],[116.589067,37.763801],[116.589739,37.767724],[116.584232,37.768772],[116.584429,37.770726],[116.577924,37.772623],[116.578496,37.775884],[116.577194,37.777952],[116.567138,37.782584],[116.557995,37.783413],[116.55715,37.781037],[116.553944,37.781529],[116.553415,37.779092],[116.544129,37.780893],[116.540024,37.783512],[116.531428,37.784559],[116.526969,37.787724],[116.526777,37.785933],[116.525646,37.787846],[116.523232,37.784769],[116.515457,37.78673],[116.515075,37.788313],[116.51235,37.788668],[116.512134,37.790773],[116.501445,37.791304],[116.498294,37.790829],[116.497205,37.787837],[116.492531,37.788728],[116.488898,37.781404],[116.480404,37.785467],[116.475758,37.775623],[116.481004,37.774896],[116.480478,37.772312],[116.475142,37.772324],[116.476332,37.775026],[116.472135,37.774397],[116.473836,37.777127],[116.471192,37.783496],[116.473844,37.787922],[116.472438,37.792743],[116.474667,37.795818],[116.471914,37.802015],[116.465485,37.803409],[116.469845,37.80774],[116.47409,37.809206],[116.470637,37.814721],[116.481403,37.83],[116.480306,37.83305],[116.475823,37.834562],[116.478342,37.841384],[116.475143,37.844134],[116.480152,37.849774],[116.472421,37.854574],[116.47359,37.865985],[116.476398,37.866306],[116.486631,37.859472],[116.48794,37.85973],[116.488984,37.864496],[116.497326,37.861476],[116.501891,37.864258],[116.513581,37.862737],[116.505846,37.870754],[116.513775,37.875613],[116.511758,37.882186],[116.515352,37.89287],[116.526408,37.900038],[116.524213,37.902477],[116.524348,37.904938],[116.529932,37.905507],[116.533755,37.907706],[116.53165,37.914391],[116.537886,37.918465],[116.537332,37.923661],[116.53872,37.927994],[116.545051,37.932251],[116.544613,37.939263],[116.551255,37.946406],[116.558509,37.968257],[116.565249,37.979752],[116.562959,37.983793],[116.564598,37.987676],[116.563484,38.022123]]]}},{"type":"Feature","properties":{"dt_adcode":"130924"},"geometry":{"type":"Polygon","coordinates":[[[117.343619,38.157321],[117.353051,38.157947],[117.355775,38.160337],[117.358846,38.158873],[117.360272,38.161634],[117.363439,38.161738],[117.364696,38.164966],[117.359927,38.166052],[117.363721,38.166433],[117.362391,38.168683],[117.359797,38.168595],[117.359788,38.172014],[117.362146,38.173016],[117.363032,38.179095],[117.36758,38.179982],[117.367108,38.183104],[117.370524,38.183021],[117.374089,38.185276],[117.375642,38.193876],[117.383101,38.194422],[117.382979,38.191354],[117.388711,38.192716],[117.391493,38.189301],[117.393307,38.192693],[117.391432,38.197189],[117.387757,38.199934],[117.387478,38.202079],[117.384188,38.202181],[117.383616,38.207221],[117.380686,38.206907],[117.379918,38.204397],[117.376475,38.205389],[117.378516,38.214634],[117.376766,38.217805],[117.383172,38.219161],[117.386572,38.224801],[117.395725,38.22694],[117.397429,38.223161],[117.401234,38.226475],[117.400042,38.223437],[117.415727,38.223811],[117.416378,38.226416],[117.431953,38.224086],[117.435224,38.224547],[117.43191,38.227611],[117.435496,38.228376],[117.442366,38.226773],[117.442097,38.222966],[117.445947,38.221927],[117.448191,38.224097],[117.454617,38.224619],[117.456061,38.220197],[117.471108,38.217053],[117.471106,38.214279],[117.473384,38.212727],[117.508393,38.215159],[117.521504,38.218128],[117.548706,38.228857],[117.562559,38.226555],[117.571022,38.228468],[117.583123,38.236738],[117.595734,38.241335],[117.609895,38.240761],[117.609162,38.244757],[117.60542,38.244594],[117.605018,38.254202],[117.608485,38.255763],[117.615888,38.25532],[117.610735,38.264],[117.614063,38.264065],[117.61292,38.281406],[117.67146,38.283853],[117.749273,38.267143],[117.761569,38.261642],[117.766314,38.255387],[117.770089,38.253445],[117.775627,38.253163],[117.78524,38.25802],[117.802436,38.253649],[117.811209,38.259672],[117.81617,38.260375],[117.848487,38.255247],[117.823552,38.23564],[117.806766,38.226974],[117.805933,38.217748],[117.795276,38.203198],[117.796106,38.193599],[117.793025,38.185209],[117.789219,38.180758],[117.795557,38.176723],[117.801316,38.175222],[117.80144,38.173466],[117.796473,38.170959],[117.793947,38.167729],[117.781189,38.169277],[117.776632,38.164922],[117.771694,38.166084],[117.769693,38.165017],[117.767596,38.162796],[117.766948,38.158692],[117.771941,38.144371],[117.771015,38.134496],[117.768795,38.131905],[117.760961,38.130858],[117.743201,38.123379],[117.730649,38.108303],[117.729241,38.093796],[117.708054,38.077937],[117.704499,38.076047],[117.696723,38.075812],[117.676832,38.079323],[117.664051,38.072092],[117.644941,38.072392],[117.620071,38.068928],[117.605096,38.073024],[117.587119,38.071453],[117.576214,38.065141],[117.564863,38.063663],[117.563185,38.061955],[117.562573,38.056921],[117.556423,38.057167],[117.557951,38.051817],[117.55498,38.048475],[117.557811,38.047699],[117.557384,38.043541],[117.559387,38.043354],[117.56037,38.040695],[117.545944,38.026836],[117.543356,38.014116],[117.525495,37.99252],[117.520453,37.964811],[117.512808,37.943454],[117.509745,37.939244],[117.496044,37.941302],[117.492776,37.939406],[117.482782,37.942649],[117.480486,37.938809],[117.476967,37.9397],[117.474843,37.934759],[117.467335,37.936556],[117.463155,37.934276],[117.459668,37.948593],[117.462665,37.950184],[117.459964,37.953327],[117.469248,37.962173],[117.471424,37.967257],[117.470816,37.97151],[117.458902,37.973802],[117.456518,37.974894],[117.455251,37.977877],[117.441371,37.977045],[117.438894,37.980639],[117.436557,37.977866],[117.432034,37.978857],[117.43103,37.979841],[117.436759,37.987346],[117.401372,37.989389],[117.399541,37.999265],[117.396938,38.00118],[117.398262,38.004071],[117.403714,38.00406],[117.401625,38.010267],[117.396355,38.010915],[117.395264,38.024633],[117.392598,38.024663],[117.391919,38.020606],[117.388064,38.018712],[117.375764,38.019443],[117.371847,38.035236],[117.378781,38.035269],[117.379878,38.03917],[117.385719,38.039397],[117.386535,38.04494],[117.39831,38.04773],[117.392824,38.055511],[117.392333,38.059143],[117.372694,38.057746],[117.357342,38.059202],[117.356535,38.076516],[117.340566,38.074978],[117.35891,38.090446],[117.355381,38.091148],[117.355573,38.096388],[117.352271,38.097681],[117.351879,38.099637],[117.347494,38.098688],[117.346969,38.100649],[117.343529,38.099744],[117.339272,38.101941],[117.338406,38.104498],[117.329449,38.100371],[117.327776,38.101496],[117.329679,38.105172],[117.325026,38.108455],[117.325983,38.113736],[117.332127,38.117592],[117.32827,38.119389],[117.328255,38.120807],[117.333202,38.121292],[117.33365,38.124184],[117.339534,38.127202],[117.348125,38.135764],[117.352022,38.152134],[117.349817,38.152181],[117.349258,38.149494],[117.346172,38.153546],[117.346996,38.155302],[117.343619,38.157321]]]}},{"type":"Feature","properties":{"dt_adcode":"130925"},"geometry":{"type":"Polygon","coordinates":[[[117.325035,38.109241],[117.329679,38.105172],[117.327776,38.101496],[117.329449,38.100371],[117.338406,38.104498],[117.339272,38.101941],[117.343529,38.099744],[117.346969,38.100649],[117.347494,38.098688],[117.351879,38.099637],[117.352271,38.097681],[117.355573,38.096388],[117.355381,38.091148],[117.35891,38.090446],[117.340566,38.074978],[117.356535,38.076516],[117.357342,38.059202],[117.372694,38.057746],[117.392333,38.059143],[117.392824,38.055511],[117.39831,38.04773],[117.386535,38.04494],[117.385719,38.039397],[117.379878,38.03917],[117.378781,38.035269],[117.371847,38.035236],[117.375764,38.019443],[117.388064,38.018712],[117.391919,38.020606],[117.392598,38.024663],[117.395264,38.024633],[117.396355,38.010915],[117.401625,38.010267],[117.403714,38.00406],[117.398262,38.004071],[117.396938,38.00118],[117.399541,37.999265],[117.401372,37.989389],[117.436759,37.987346],[117.43103,37.979841],[117.432034,37.978857],[117.436557,37.977866],[117.438894,37.980639],[117.441371,37.977045],[117.455251,37.977877],[117.456518,37.974894],[117.458902,37.973802],[117.470816,37.97151],[117.471424,37.967257],[117.469248,37.962173],[117.459964,37.953327],[117.462665,37.950184],[117.459668,37.948593],[117.463155,37.934276],[117.467335,37.936556],[117.474843,37.934759],[117.476967,37.9397],[117.480486,37.938809],[117.482782,37.942649],[117.492776,37.939406],[117.496044,37.941302],[117.509745,37.939244],[117.492731,37.927485],[117.48116,37.914847],[117.466824,37.890756],[117.438572,37.853871],[117.423594,37.847263],[117.406301,37.8435],[117.400773,37.844816],[117.381934,37.854524],[117.364682,37.854146],[117.34852,37.861366],[117.338731,37.863062],[117.317877,37.860864],[117.299993,37.850925],[117.287127,37.847951],[117.271393,37.839921],[117.264345,37.838261],[117.208808,37.843741],[117.185329,37.849786],[117.175939,37.847615],[117.169206,37.841593],[117.163683,37.839799],[117.150155,37.839585],[117.089342,37.849499],[117.067671,37.847847],[117.050724,37.841371],[117.049761,37.842752],[117.04275,37.840243],[117.044574,37.837591],[117.04214,37.836404],[117.04056,37.839313],[117.037281,37.838045],[117.036851,37.846753],[117.030599,37.849639],[117.032029,37.860355],[117.027101,37.860496],[117.024097,37.864095],[117.029275,37.873575],[117.034584,37.875952],[117.032132,37.889686],[117.028854,37.891206],[117.027636,37.911915],[117.029074,37.922942],[117.033576,37.924765],[117.033437,37.942679],[117.039284,37.943376],[117.039407,37.94666],[117.037935,37.952589],[117.034409,37.951732],[117.031208,37.956211],[117.023895,37.958499],[117.019881,37.964506],[117.008112,37.967363],[117.00667,37.969841],[117.003474,37.969777],[117.002952,37.976952],[117.009917,37.978819],[117.012864,37.986963],[117.029062,37.990685],[117.033732,37.995589],[117.039931,37.993948],[117.038913,37.991468],[117.054322,37.984354],[117.059344,37.979968],[117.064784,37.967489],[117.071677,37.96353],[117.083994,37.960434],[117.085551,37.963717],[117.13219,37.963717],[117.133159,37.96035],[117.136484,37.960392],[117.148565,37.948311],[117.156732,37.945326],[117.179815,37.94386],[117.192891,37.947329],[117.202286,37.954529],[117.204696,37.958843],[117.202955,37.972606],[117.19567,37.998125],[117.191789,38.006195],[117.174202,38.022926],[117.163564,38.040936],[117.160333,38.052428],[117.160463,38.059527],[117.186055,38.093735],[117.191238,38.106713],[117.204524,38.118889],[117.217024,38.120771],[117.247197,38.121735],[117.277871,38.116991],[117.305958,38.108509],[117.309987,38.108903],[117.318518,38.104056],[117.318484,38.109432],[117.325035,38.109241]]]}},{"type":"Feature","properties":{"dt_adcode":"130926"},"geometry":{"type":"Polygon","coordinates":[[[115.705289,38.367526],[115.705346,38.369629],[115.708593,38.370029],[115.710125,38.377338],[115.726973,38.381606],[115.730962,38.387332],[115.731463,38.392642],[115.725323,38.414382],[115.715957,38.438404],[115.718574,38.449173],[115.724693,38.454684],[115.745663,38.481288],[115.756157,38.485423],[115.770426,38.488176],[115.778004,38.493671],[115.791386,38.51199],[115.800725,38.519193],[115.815774,38.52739],[115.82703,38.525054],[115.829754,38.521121],[115.847833,38.518064],[115.848271,38.519578],[115.850058,38.519472],[115.863838,38.515405],[115.866111,38.514158],[115.865598,38.512707],[115.868874,38.512953],[115.868465,38.511553],[115.877542,38.51018],[115.881691,38.515086],[115.868486,38.522568],[115.868795,38.525034],[115.855773,38.527804],[115.855146,38.526375],[115.853243,38.526628],[115.858471,38.530272],[115.873071,38.528471],[115.878489,38.535536],[115.883844,38.535618],[115.885812,38.533924],[115.885137,38.532762],[115.891032,38.530423],[115.890794,38.525826],[115.897011,38.524126],[115.900746,38.526809],[115.917133,38.526104],[115.91831,38.529792],[115.921249,38.52923],[115.922674,38.532129],[115.927461,38.530136],[115.926862,38.532522],[115.931525,38.532962],[115.932054,38.530795],[115.933719,38.530404],[115.935918,38.533376],[115.935461,38.531265],[115.938969,38.532977],[115.938618,38.530805],[115.943225,38.530068],[115.941544,38.527789],[115.943953,38.526174],[115.943811,38.524269],[115.940244,38.515433],[115.93726,38.515714],[115.934909,38.506738],[115.930543,38.505437],[115.925229,38.49815],[115.927699,38.491964],[115.932526,38.4915],[115.933522,38.487254],[115.936298,38.485963],[115.935429,38.483473],[115.939227,38.482883],[115.938949,38.478773],[115.943825,38.479436],[115.948182,38.482942],[115.95185,38.482504],[115.953955,38.48519],[115.955341,38.482323],[115.959302,38.482847],[115.960044,38.484773],[115.970017,38.485278],[115.99625,38.48314],[115.990261,38.4651],[115.992916,38.464741],[115.998146,38.469334],[116.031574,38.463388],[116.034922,38.461035],[116.03415,38.459724],[116.026435,38.457915],[116.024961,38.452287],[116.02731,38.452083],[116.027644,38.448754],[116.033271,38.448374],[116.032625,38.445337],[116.03743,38.444299],[116.036936,38.440044],[116.040142,38.439909],[116.039954,38.437582],[116.035012,38.434974],[116.029099,38.434749],[116.027839,38.427396],[116.023855,38.42641],[116.020909,38.422219],[116.020714,38.418823],[116.026884,38.413147],[116.051714,38.412695],[116.052421,38.408854],[116.050095,38.409072],[116.045383,38.403884],[116.051548,38.400004],[116.050471,38.397707],[116.039323,38.398815],[116.037739,38.395302],[116.041891,38.393253],[116.03714,38.388517],[116.039339,38.387993],[116.040141,38.385122],[116.036511,38.374149],[116.038348,38.373803],[116.037045,38.368701],[116.040331,38.367908],[116.038326,38.363004],[116.038854,38.359352],[116.041544,38.360938],[116.039353,38.358169],[116.034265,38.355837],[116.033611,38.353269],[116.025811,38.34897],[116.02173,38.339521],[116.025558,38.337575],[116.023466,38.334252],[116.025018,38.331434],[116.023777,38.327243],[116.019045,38.327402],[116.009526,38.320606],[116.00159,38.320743],[116.002892,38.323148],[115.999014,38.325516],[115.992211,38.326088],[115.991069,38.329014],[115.985765,38.330349],[115.979879,38.328514],[115.978598,38.332059],[115.975375,38.332117],[115.968606,38.337327],[115.966983,38.337852],[115.961921,38.334907],[115.959189,38.338034],[115.955666,38.338395],[115.949209,38.331221],[115.94826,38.322677],[115.94555,38.31751],[115.938454,38.316508],[115.935842,38.311143],[115.931547,38.307397],[115.915389,38.308723],[115.912781,38.296435],[115.910311,38.296466],[115.909934,38.294186],[115.907251,38.296034],[115.904182,38.295187],[115.90054,38.285792],[115.896827,38.2859],[115.896086,38.281097],[115.892156,38.280838],[115.891336,38.276473],[115.882507,38.274146],[115.878234,38.276122],[115.875781,38.285721],[115.873435,38.285886],[115.869687,38.289212],[115.871687,38.292633],[115.868011,38.293423],[115.868609,38.299363],[115.866182,38.299359],[115.86548,38.304516],[115.860032,38.306553],[115.857718,38.305605],[115.857564,38.298233],[115.851266,38.299981],[115.851338,38.301876],[115.842639,38.303169],[115.844264,38.307772],[115.850191,38.309432],[115.850326,38.314208],[115.847974,38.318551],[115.84605,38.317698],[115.844534,38.320989],[115.848279,38.335573],[115.850059,38.336864],[115.8457,38.337295],[115.845843,38.340098],[115.843424,38.340641],[115.844083,38.344053],[115.841681,38.343967],[115.841549,38.346071],[115.829138,38.346975],[115.827989,38.344902],[115.804661,38.345459],[115.783284,38.358334],[115.753145,38.362298],[115.752466,38.371542],[115.738754,38.369562],[115.738051,38.364661],[115.735456,38.363997],[115.734034,38.359212],[115.731272,38.358287],[115.717479,38.359752],[115.710718,38.36232],[115.709382,38.367109],[115.705289,38.367526]]]}},{"type":"Feature","properties":{"dt_adcode":"130927"},"geometry":{"type":"Polygon","coordinates":[[[117.037281,37.838045],[117.035262,37.835747],[117.036375,37.833994],[117.027159,37.83237],[117.008867,37.833878],[116.976618,37.841057],[116.950325,37.839735],[116.919359,37.845906],[116.889933,37.844662],[116.886685,37.871965],[116.882946,37.874578],[116.882446,37.877086],[116.870037,37.879541],[116.868569,37.882828],[116.863931,37.884765],[116.852516,37.885305],[116.853209,37.896315],[116.861954,37.896937],[116.859966,37.908302],[116.863654,37.922849],[116.860361,37.927375],[116.846829,37.929104],[116.843275,37.931031],[116.844574,37.937483],[116.846754,37.938551],[116.848642,37.947707],[116.851147,37.948662],[116.850851,37.954297],[116.832416,37.960668],[116.831801,37.967005],[116.822771,37.967726],[116.821669,37.965946],[116.800784,37.979826],[116.798335,37.975556],[116.79387,37.977466],[116.790013,37.974109],[116.780671,37.975874],[116.778434,37.974225],[116.776431,37.975588],[116.768766,37.973133],[116.758849,37.974919],[116.759173,37.979056],[116.754946,37.979471],[116.751523,37.976725],[116.744565,37.974609],[116.743197,37.976473],[116.744557,37.980609],[116.725329,37.981777],[116.724335,37.983186],[116.725621,37.985964],[116.722406,37.987071],[116.719259,37.982052],[116.712817,37.985735],[116.712836,37.989882],[116.704806,37.988485],[116.704508,37.985953],[116.700922,37.986581],[116.701149,37.989002],[116.698409,37.98973],[116.697134,37.98699],[116.694099,37.987554],[116.695046,37.991033],[116.692484,37.991797],[116.692249,37.995464],[116.690621,37.996352],[116.69287,37.999215],[116.681385,37.999491],[116.654184,38.028148],[116.628333,38.026711],[116.621436,38.025465],[116.613092,38.020764],[116.608769,38.020542],[116.606669,38.020844],[116.60695,38.023601],[116.581778,38.025755],[116.579524,38.027437],[116.578419,38.023979],[116.574814,38.02426],[116.573785,38.021736],[116.564682,38.021654],[116.562898,38.025329],[116.557952,38.027343],[116.554496,38.037112],[116.547844,38.042504],[116.547942,38.044099],[116.550711,38.0456],[116.561273,38.0439],[116.564983,38.045654],[116.566653,38.044688],[116.566126,38.043086],[116.580436,38.040513],[116.579726,38.035773],[116.587538,38.034832],[116.588685,38.038981],[116.592742,38.039406],[116.596625,38.050142],[116.600759,38.054704],[116.615292,38.052119],[116.616956,38.053961],[116.620352,38.0519],[116.61832,38.043608],[116.626196,38.042113],[116.630531,38.049254],[116.63643,38.048776],[116.638894,38.050657],[116.645813,38.049752],[116.646003,38.046959],[116.656015,38.047259],[116.655268,38.058284],[116.656912,38.059553],[116.65825,38.065781],[116.667371,38.068852],[116.666006,38.073455],[116.67803,38.078056],[116.673556,38.080534],[116.673658,38.083254],[116.670837,38.083444],[116.671603,38.087597],[116.667674,38.088032],[116.666585,38.09254],[116.661781,38.092509],[116.661204,38.093896],[116.65787,38.092285],[116.653818,38.094873],[116.652834,38.100904],[116.646609,38.106177],[116.642389,38.104211],[116.640266,38.106641],[116.63563,38.104293],[116.634598,38.105737],[116.630822,38.105146],[116.628918,38.10711],[116.625786,38.107276],[116.62463,38.109248],[116.627878,38.110851],[116.629114,38.11589],[116.63196,38.116934],[116.641816,38.114231],[116.642671,38.120945],[116.650549,38.12591],[116.649094,38.1298],[116.650775,38.13164],[116.660185,38.131118],[116.663919,38.13743],[116.673262,38.133311],[116.676418,38.136923],[116.685396,38.138863],[116.682455,38.144212],[116.683471,38.14499],[116.691759,38.144521],[116.694217,38.148179],[116.700456,38.148039],[116.703511,38.150584],[116.711138,38.151881],[116.72533,38.16041],[116.732394,38.162526],[116.733456,38.164684],[116.729902,38.165937],[116.729254,38.167611],[116.737833,38.166143],[116.738381,38.167672],[116.735218,38.172128],[116.741928,38.175125],[116.741756,38.180489],[116.745354,38.177951],[116.749091,38.179383],[116.748565,38.183887],[116.750279,38.184938],[116.75897,38.180969],[116.757998,38.179165],[116.760881,38.176108],[116.772509,38.173546],[116.770865,38.170472],[116.778709,38.168546],[116.78067,38.171573],[116.783993,38.171111],[116.795589,38.166844],[116.794278,38.163817],[116.79805,38.161734],[116.801483,38.15424],[116.804387,38.153789],[116.805402,38.148472],[116.801649,38.147358],[116.801473,38.143123],[116.806619,38.143197],[116.806695,38.141185],[116.813076,38.140294],[116.813391,38.143641],[116.825266,38.143452],[116.825866,38.1467],[116.828794,38.149154],[116.844002,38.149229],[116.857343,38.143728],[116.860082,38.143871],[116.866349,38.148151],[116.873082,38.147841],[116.872218,38.137662],[116.871368,38.135243],[116.869403,38.134715],[116.868047,38.128619],[116.8696,38.126091],[116.872289,38.125699],[116.871144,38.117956],[116.875062,38.106924],[116.897439,38.106701],[116.897626,38.104807],[116.900607,38.104471],[116.904052,38.10502],[116.905621,38.110288],[116.927165,38.108052],[116.925949,38.102138],[116.929387,38.09974],[116.935962,38.099614],[116.935499,38.095678],[116.937999,38.094261],[116.939424,38.090344],[116.942992,38.090184],[116.943314,38.088009],[116.939733,38.087427],[116.941186,38.082488],[116.95089,38.082424],[116.948146,38.087147],[116.952561,38.087654],[116.955351,38.0856],[116.956096,38.08711],[116.960217,38.087751],[116.959977,38.084149],[116.963362,38.083999],[116.963436,38.09072],[116.966616,38.092424],[116.978566,38.091398],[116.979571,38.095094],[116.988052,38.097634],[116.988653,38.099532],[116.98638,38.1004],[116.996265,38.098174],[116.996803,38.101878],[117.00359,38.100696],[117.005593,38.098406],[117.018006,38.102779],[117.020997,38.099584],[117.018361,38.094093],[117.024094,38.084539],[117.024516,38.080985],[117.021134,38.077524],[117.023682,38.07714],[117.023149,38.074604],[117.014853,38.071404],[117.016971,38.062043],[117.024073,38.062011],[117.025151,38.057581],[117.037479,38.054606],[117.04036,38.040726],[117.045347,38.04069],[117.045764,38.038138],[117.039901,38.037251],[117.039896,38.033353],[117.035215,38.030956],[117.035312,38.028606],[117.028442,38.028164],[117.028192,38.025051],[117.031045,38.025031],[117.033174,38.014104],[117.0354,38.012014],[117.038723,38.01314],[117.039617,38.010977],[117.037511,38.002854],[117.033296,38.001067],[117.036284,38.000161],[117.031392,37.991832],[117.012864,37.986963],[117.009917,37.978819],[117.002504,37.976123],[117.003474,37.969777],[117.00667,37.969841],[117.008112,37.967363],[117.019881,37.964506],[117.023895,37.958499],[117.031208,37.956211],[117.034409,37.951732],[117.037935,37.952589],[117.039284,37.943376],[117.033437,37.942679],[117.033576,37.924765],[117.029074,37.922942],[117.027636,37.911915],[117.028854,37.891206],[117.032132,37.889686],[117.034584,37.875952],[117.029275,37.873575],[117.024097,37.864095],[117.027101,37.860496],[117.032029,37.860355],[117.030599,37.849639],[117.036851,37.846753],[117.037281,37.838045]]]}},{"type":"Feature","properties":{"dt_adcode":"130928"},"geometry":{"type":"Polygon","coordinates":[[[116.335932,37.581254],[116.336682,37.582912],[116.33139,37.585138],[116.329683,37.590056],[116.330582,37.593448],[116.335379,37.596725],[116.335619,37.599455],[116.328077,37.605089],[116.328317,37.607284],[116.332548,37.609707],[116.341464,37.609044],[116.342087,37.615463],[116.350672,37.61128],[116.354594,37.611087],[116.360341,37.620451],[116.367581,37.614662],[116.375218,37.617253],[116.375863,37.620863],[116.373049,37.626386],[116.375703,37.62954],[116.374922,37.639464],[116.370015,37.643009],[116.368891,37.645857],[116.365137,37.647149],[116.368569,37.651046],[116.36926,37.655219],[116.376698,37.654031],[116.378634,37.657887],[116.378203,37.660789],[116.371102,37.664331],[116.371009,37.666508],[116.37983,37.669611],[116.379305,37.671906],[116.375761,37.673184],[116.37707,37.675578],[116.383504,37.67098],[116.38532,37.671938],[116.381393,37.681848],[116.386878,37.68744],[116.386558,37.696412],[116.387984,37.697198],[116.391374,37.693787],[116.394246,37.693953],[116.391594,37.700734],[116.40306,37.709449],[116.415088,37.725272],[116.413411,37.733931],[116.416759,37.733641],[116.42006,37.729551],[116.422689,37.730527],[116.421664,37.733949],[116.423748,37.735634],[116.43434,37.734649],[116.43496,37.739079],[116.430413,37.744821],[116.431583,37.748259],[116.424298,37.74957],[116.424371,37.751297],[116.438844,37.752035],[116.439658,37.753362],[116.437716,37.757743],[116.440092,37.759934],[116.446246,37.757712],[116.451207,37.758719],[116.45293,37.761496],[116.45246,37.766452],[116.456387,37.767149],[116.458487,37.769322],[116.456323,37.774974],[116.45703,37.777231],[116.460688,37.778864],[116.473836,37.777127],[116.472135,37.774397],[116.476332,37.775026],[116.475142,37.772324],[116.479949,37.771794],[116.481004,37.774896],[116.475758,37.775623],[116.480404,37.785467],[116.488898,37.781404],[116.492531,37.788728],[116.497205,37.787837],[116.498294,37.790829],[116.501445,37.791304],[116.512134,37.790773],[116.51235,37.788668],[116.521088,37.785099],[116.523232,37.784769],[116.525646,37.787846],[116.526777,37.785933],[116.526969,37.787724],[116.531428,37.784559],[116.540024,37.783512],[116.544129,37.780893],[116.553415,37.779092],[116.553944,37.781529],[116.55715,37.781037],[116.557995,37.783413],[116.567138,37.782584],[116.577194,37.777952],[116.578496,37.775884],[116.577924,37.772623],[116.584429,37.770726],[116.584232,37.768772],[116.589739,37.767724],[116.589067,37.763801],[116.607609,37.760267],[116.610346,37.756818],[116.614385,37.756373],[116.614159,37.755031],[116.618971,37.754094],[116.620371,37.754756],[116.621048,37.758868],[116.626885,37.758243],[116.629514,37.763129],[116.628356,37.767316],[116.63081,37.767329],[116.631633,37.77091],[116.634942,37.770207],[116.635581,37.772826],[116.645561,37.771043],[116.644619,37.767658],[116.649826,37.765216],[116.651204,37.756971],[116.655237,37.756584],[116.656873,37.758051],[116.658656,37.757632],[116.658837,37.755638],[116.672543,37.754376],[116.67321,37.756874],[116.678534,37.756675],[116.680879,37.764562],[116.688963,37.762791],[116.688499,37.760927],[116.691771,37.760475],[116.69126,37.758269],[116.693451,37.756715],[116.702711,37.754843],[116.70242,37.753458],[116.705631,37.752514],[116.702984,37.748147],[116.701776,37.738957],[116.698791,37.738762],[116.699044,37.736767],[116.701553,37.73541],[116.697743,37.733915],[116.699357,37.730656],[116.690119,37.727848],[116.689803,37.729973],[116.679767,37.728783],[116.680402,37.724857],[116.678369,37.725803],[116.675764,37.723106],[116.666451,37.694076],[116.660066,37.682256],[116.653657,37.677555],[116.651687,37.679539],[116.646445,37.676236],[116.647235,37.679962],[116.642821,37.680062],[116.642785,37.68214],[116.641026,37.682316],[116.640057,37.680202],[116.63837,37.680414],[116.636468,37.675863],[116.638369,37.67232],[116.642173,37.67237],[116.638656,37.667521],[116.640845,37.66646],[116.630806,37.65273],[116.60719,37.628026],[116.609742,37.626341],[116.606679,37.623834],[116.604512,37.625107],[116.598421,37.620773],[116.580309,37.613253],[116.574646,37.609992],[116.569963,37.604278],[116.557686,37.598949],[116.556562,37.59685],[116.560045,37.596355],[116.560907,37.597705],[116.563521,37.596501],[116.556918,37.589289],[116.544718,37.581607],[116.54142,37.570593],[116.519603,37.559889],[116.508614,37.543192],[116.498482,37.536885],[116.485301,37.523309],[116.481012,37.521217],[116.465346,37.518576],[116.456131,37.5137],[116.446733,37.500557],[116.439608,37.478866],[116.434128,37.47335],[116.427206,37.478114],[116.414092,37.491011],[116.406161,37.505706],[116.402159,37.509851],[116.38868,37.516317],[116.383306,37.52354],[116.378362,37.521583],[116.374454,37.523121],[116.376023,37.524373],[116.372041,37.524054],[116.37162,37.526214],[116.36894,37.526378],[116.37085,37.532142],[116.367887,37.533825],[116.374963,37.541955],[116.379369,37.544133],[116.378821,37.546601],[116.376856,37.546574],[116.376333,37.556677],[116.373143,37.558122],[116.375002,37.558315],[116.375509,37.560761],[116.379362,37.559656],[116.379643,37.563255],[116.367665,37.566278],[116.369206,37.568857],[116.363854,37.570327],[116.360281,37.564998],[116.356144,37.566029],[116.353095,37.561024],[116.351314,37.561881],[116.352859,37.564674],[116.343511,37.56603],[116.344948,37.570483],[116.342434,37.570562],[116.341517,37.574924],[116.337214,37.576623],[116.337516,37.580198],[116.335932,37.581254]]]}},{"type":"Feature","properties":{"dt_adcode":"130929"},"geometry":{"type":"Polygon","coordinates":[[[116.502913,38.216032],[116.499365,38.214797],[116.49843,38.206845],[116.500997,38.206068],[116.499945,38.203596],[116.492519,38.202069],[116.493022,38.195538],[116.488965,38.190912],[116.488724,38.187733],[116.484178,38.187501],[116.484563,38.185266],[116.466919,38.182132],[116.467408,38.185628],[116.457154,38.191203],[116.449815,38.200416],[116.431764,38.202617],[116.426111,38.202077],[116.424722,38.197005],[116.4204,38.196961],[116.418879,38.195307],[116.418592,38.197358],[116.415373,38.19749],[116.414138,38.194933],[116.409111,38.196829],[116.40609,38.200996],[116.401058,38.20199],[116.395422,38.19757],[116.383467,38.193967],[116.37421,38.198361],[116.364576,38.195423],[116.348173,38.186019],[116.346361,38.187679],[116.343122,38.187097],[116.342615,38.188463],[116.339552,38.186166],[116.333802,38.191022],[116.327456,38.186687],[116.318281,38.187994],[116.313402,38.186282],[116.315089,38.194732],[116.317221,38.194572],[116.317674,38.197033],[116.303715,38.198228],[116.304564,38.200603],[116.303194,38.201219],[116.295502,38.201653],[116.29534,38.198084],[116.291954,38.19513],[116.291825,38.191744],[116.294272,38.191876],[116.29378,38.187323],[116.291977,38.181914],[116.289606,38.181298],[116.288349,38.173386],[116.289978,38.146448],[116.288751,38.138666],[116.284927,38.133189],[116.277923,38.129325],[116.246211,38.118012],[116.226121,38.103689],[116.213988,38.102656],[116.210959,38.103876],[116.210248,38.108939],[116.203985,38.10787],[116.203663,38.105452],[116.194056,38.108042],[116.193723,38.107071],[116.186021,38.11014],[116.184943,38.113157],[116.182587,38.11252],[116.18242,38.110847],[116.170982,38.109655],[116.16674,38.110189],[116.166827,38.112117],[116.161946,38.112298],[116.160257,38.111735],[116.161099,38.092836],[116.155381,38.093659],[116.151738,38.090323],[116.151967,38.085212],[116.149409,38.083779],[116.149476,38.07923],[116.145443,38.077842],[116.139931,38.081514],[116.132531,38.082222],[116.130962,38.080847],[116.126532,38.083455],[116.121849,38.082616],[116.12156,38.084297],[116.11742,38.082807],[116.117579,38.08647],[116.112701,38.083379],[116.098322,38.080811],[116.09112,38.074495],[116.087638,38.075274],[116.088098,38.077228],[116.085136,38.075665],[116.082585,38.071037],[116.077085,38.070878],[116.076892,38.065967],[116.074534,38.065629],[116.074286,38.062465],[116.062312,38.063079],[116.054713,38.059601],[116.055489,38.071744],[116.047086,38.072876],[116.047871,38.077847],[116.043752,38.077905],[116.044082,38.08092],[116.037653,38.080613],[116.03767,38.082928],[116.03149,38.082757],[116.033716,38.089155],[116.029694,38.094084],[116.031814,38.100695],[116.048563,38.114209],[116.053565,38.122268],[116.054923,38.134605],[116.050631,38.135596],[116.051508,38.13947],[116.049746,38.146045],[116.047497,38.146476],[116.036688,38.140902],[116.029617,38.141523],[116.024688,38.136542],[116.010513,38.136433],[116.002446,38.12946],[115.994337,38.128325],[115.995273,38.130494],[115.99348,38.130625],[115.986726,38.125852],[115.980682,38.127564],[115.976151,38.13278],[115.973917,38.132448],[115.973232,38.135815],[115.972647,38.133703],[115.970674,38.133318],[115.970448,38.136073],[115.971683,38.136681],[115.968931,38.138551],[115.961507,38.138401],[115.96105,38.140461],[115.938701,38.144383],[115.936992,38.147275],[115.938266,38.156166],[115.93542,38.167215],[115.91728,38.166908],[115.914117,38.169023],[115.915541,38.167093],[115.915279,38.163434],[115.910071,38.16289],[115.906904,38.159348],[115.900815,38.158547],[115.898821,38.166864],[115.893782,38.166713],[115.88753,38.171298],[115.890706,38.180884],[115.895652,38.182655],[115.899216,38.187474],[115.8995,38.203139],[115.888302,38.204514],[115.888677,38.209329],[115.884329,38.210932],[115.884576,38.214844],[115.871259,38.217586],[115.872489,38.227632],[115.86836,38.228019],[115.86529,38.233529],[115.861196,38.234613],[115.861442,38.239833],[115.85645,38.240874],[115.856031,38.242981],[115.857433,38.24605],[115.861669,38.246799],[115.864494,38.255286],[115.859468,38.258119],[115.857488,38.261336],[115.854253,38.261701],[115.854236,38.265516],[115.850343,38.266298],[115.847049,38.268981],[115.846997,38.271107],[115.837175,38.272467],[115.835315,38.277482],[115.83594,38.279101],[115.839004,38.279143],[115.838919,38.280821],[115.836632,38.280895],[115.837298,38.288556],[115.831207,38.289146],[115.83197,38.293154],[115.829931,38.293359],[115.830161,38.295153],[115.8324,38.295118],[115.833015,38.297995],[115.836403,38.297634],[115.838474,38.301311],[115.84236,38.300924],[115.842639,38.303169],[115.851338,38.301876],[115.851266,38.299981],[115.857564,38.298233],[115.857718,38.305605],[115.862349,38.306034],[115.866124,38.303843],[115.866182,38.299359],[115.868609,38.299363],[115.868011,38.293423],[115.871687,38.292633],[115.869422,38.289805],[115.873435,38.285886],[115.875781,38.285721],[115.878234,38.276122],[115.882507,38.274146],[115.891336,38.276473],[115.892156,38.280838],[115.896086,38.281097],[115.896827,38.2859],[115.90054,38.285792],[115.904182,38.295187],[115.907251,38.296034],[115.909934,38.294186],[115.910311,38.296466],[115.912781,38.296435],[115.915389,38.308723],[115.931547,38.307397],[115.935842,38.311143],[115.938454,38.316508],[115.94555,38.31751],[115.94826,38.322677],[115.949209,38.331221],[115.955666,38.338395],[115.959189,38.338034],[115.961921,38.334907],[115.966983,38.337852],[115.968606,38.337327],[115.975375,38.332117],[115.978598,38.332059],[115.979879,38.328514],[115.985765,38.330349],[115.991069,38.329014],[115.992211,38.326088],[115.999014,38.325516],[116.002892,38.323148],[116.00159,38.320743],[116.012657,38.321629],[116.013273,38.324428],[116.019045,38.327402],[116.023777,38.327243],[116.025018,38.331434],[116.035274,38.329417],[116.047818,38.33029],[116.048283,38.328715],[116.061226,38.327847],[116.069728,38.325036],[116.085407,38.323188],[116.088683,38.321237],[116.096541,38.322585],[116.100125,38.320043],[116.111036,38.31926],[116.12094,38.324724],[116.125639,38.332715],[116.132364,38.339097],[116.139348,38.3425],[116.171273,38.341414],[116.185966,38.368804],[116.193551,38.373799],[116.203725,38.375345],[116.223422,38.368138],[116.272226,38.359896],[116.27709,38.360686],[116.279778,38.356379],[116.289181,38.354356],[116.290887,38.354339],[116.295681,38.361916],[116.298204,38.360822],[116.297376,38.35737],[116.302267,38.355241],[116.300122,38.353041],[116.303609,38.351969],[116.303299,38.350274],[116.309705,38.348766],[116.308379,38.346963],[116.322548,38.343689],[116.323218,38.346024],[116.326335,38.346119],[116.326988,38.348347],[116.334069,38.348669],[116.33423,38.350358],[116.33106,38.350674],[116.329752,38.353191],[116.329723,38.358698],[116.343702,38.365991],[116.363356,38.366169],[116.36432,38.363392],[116.371513,38.361458],[116.374072,38.356219],[116.379594,38.353244],[116.38184,38.355266],[116.381837,38.351333],[116.387341,38.349945],[116.388663,38.351921],[116.393544,38.351415],[116.397108,38.353785],[116.424024,38.351278],[116.426131,38.35912],[116.430087,38.361445],[116.431521,38.358273],[116.43452,38.357066],[116.440738,38.358283],[116.444291,38.355417],[116.441612,38.341763],[116.443551,38.335431],[116.440567,38.325272],[116.447921,38.322638],[116.446725,38.321037],[116.447672,38.318843],[116.451547,38.318381],[116.451122,38.315256],[116.453703,38.314676],[116.45293,38.311124],[116.464811,38.309261],[116.464853,38.3056],[116.468595,38.304714],[116.466493,38.280156],[116.4647,38.274576],[116.46158,38.274706],[116.460768,38.270951],[116.458689,38.270179],[116.458808,38.263035],[116.467908,38.263704],[116.471429,38.266016],[116.478413,38.263678],[116.479811,38.260316],[116.494573,38.259063],[116.499035,38.252827],[116.496576,38.251078],[116.50537,38.24798],[116.503143,38.236479],[116.496389,38.235645],[116.498528,38.231287],[116.498651,38.226349],[116.502877,38.225684],[116.502458,38.218947],[116.504637,38.218663],[116.502913,38.216032]]]}},{"type":"Feature","properties":{"dt_adcode":"130930"},"geometry":{"type":"Polygon","coordinates":[[[117.13219,37.963717],[117.085551,37.963717],[117.083994,37.960434],[117.071677,37.96353],[117.064784,37.967489],[117.059344,37.979968],[117.054322,37.984354],[117.038913,37.991468],[117.039931,37.993948],[117.033732,37.995589],[117.036284,38.000161],[117.033296,38.001067],[117.037511,38.002854],[117.039617,38.010977],[117.038723,38.01314],[117.0354,38.012014],[117.033174,38.014104],[117.031045,38.025031],[117.028192,38.025051],[117.028442,38.028164],[117.035312,38.028606],[117.035215,38.030956],[117.039896,38.033353],[117.039901,38.037251],[117.045764,38.038138],[117.045347,38.04069],[117.04036,38.040726],[117.037479,38.054606],[117.025151,38.057581],[117.024073,38.062011],[117.016971,38.062043],[117.014853,38.071404],[117.023149,38.074604],[117.023682,38.07714],[117.021134,38.077524],[117.024516,38.080985],[117.024094,38.084539],[117.018361,38.094093],[117.020997,38.099584],[117.018006,38.102779],[117.041825,38.117827],[117.039675,38.120517],[117.042021,38.122427],[117.080074,38.131664],[117.081698,38.128297],[117.080442,38.123271],[117.084023,38.123158],[117.083652,38.125813],[117.091277,38.125963],[117.092055,38.131561],[117.096246,38.13162],[117.096897,38.133567],[117.106768,38.133408],[117.10688,38.131481],[117.108831,38.131544],[117.109414,38.133392],[117.116278,38.133496],[117.116857,38.139648],[117.115544,38.140932],[117.119126,38.14212],[117.119797,38.146254],[117.123214,38.150817],[117.124394,38.151213],[117.126102,38.148403],[117.126112,38.154787],[117.131736,38.152398],[117.135946,38.158392],[117.136503,38.156523],[117.150099,38.156074],[117.151254,38.165705],[117.146405,38.172606],[117.140574,38.172603],[117.138898,38.174631],[117.135381,38.175361],[117.13046,38.171903],[117.129882,38.174113],[117.12584,38.173916],[117.120694,38.177604],[117.120376,38.183977],[117.12538,38.183856],[117.119396,38.202129],[117.118877,38.21013],[117.120813,38.220639],[117.138807,38.241852],[117.146825,38.232349],[117.153247,38.219667],[117.158671,38.215241],[117.173428,38.21412],[117.186069,38.208216],[117.194326,38.200776],[117.212974,38.176926],[117.218687,38.172726],[117.232025,38.172538],[117.260889,38.177883],[117.270733,38.176381],[117.281771,38.162511],[117.294339,38.158651],[117.299247,38.158729],[117.298224,38.155875],[117.309008,38.161769],[117.313271,38.159015],[117.315233,38.160959],[117.334838,38.159692],[117.340354,38.15748],[117.340627,38.154804],[117.341704,38.154614],[117.341649,38.157354],[117.346996,38.155302],[117.346172,38.153546],[117.349258,38.149494],[117.349817,38.152181],[117.352022,38.152134],[117.348125,38.135764],[117.339534,38.127202],[117.33365,38.124184],[117.333202,38.121292],[117.328255,38.120807],[117.32827,38.119389],[117.332127,38.117592],[117.325983,38.113736],[117.325035,38.109241],[117.318484,38.109432],[117.318518,38.104056],[117.309987,38.108903],[117.305958,38.108509],[117.277871,38.116991],[117.247197,38.121735],[117.217024,38.120771],[117.204524,38.118889],[117.196576,38.112818],[117.191238,38.106713],[117.186055,38.093735],[117.160463,38.059527],[117.160333,38.052428],[117.163564,38.040936],[117.174202,38.022926],[117.191789,38.006195],[117.19567,37.998125],[117.202955,37.972606],[117.204696,37.958843],[117.202286,37.954529],[117.192891,37.947329],[117.179815,37.94386],[117.16337,37.94455],[117.148565,37.948311],[117.136484,37.960392],[117.133159,37.96035],[117.13219,37.963717]]]}},{"type":"Feature","properties":{"dt_adcode":"130981"},"geometry":{"type":"Polygon","coordinates":[[[116.054713,38.059601],[116.062312,38.063079],[116.074286,38.062465],[116.074534,38.065629],[116.076892,38.065967],[116.077085,38.070878],[116.082585,38.071037],[116.085136,38.075665],[116.088098,38.077228],[116.087638,38.075274],[116.09112,38.074495],[116.098322,38.080811],[116.112701,38.083379],[116.117579,38.08647],[116.11742,38.082807],[116.12156,38.084297],[116.121849,38.082616],[116.126532,38.083455],[116.130962,38.080847],[116.132531,38.082222],[116.139931,38.081514],[116.145443,38.077842],[116.149476,38.07923],[116.149409,38.083779],[116.151967,38.085212],[116.151738,38.090323],[116.155381,38.093659],[116.161099,38.092836],[116.160257,38.111735],[116.161946,38.112298],[116.166827,38.112117],[116.16674,38.110189],[116.170982,38.109655],[116.18242,38.110847],[116.182587,38.11252],[116.184943,38.113157],[116.186021,38.11014],[116.193723,38.107071],[116.194056,38.108042],[116.203663,38.105452],[116.203985,38.10787],[116.210248,38.108939],[116.210959,38.103876],[116.213988,38.102656],[116.226121,38.103689],[116.246211,38.118012],[116.277923,38.129325],[116.284927,38.133189],[116.288751,38.138666],[116.289978,38.146448],[116.288349,38.173386],[116.289606,38.181298],[116.291977,38.181914],[116.294444,38.190342],[116.294272,38.191876],[116.291825,38.191744],[116.291954,38.19513],[116.29534,38.198084],[116.296485,38.201958],[116.304564,38.200603],[116.303715,38.198228],[116.317674,38.197033],[116.317221,38.194572],[116.315089,38.194732],[116.313402,38.186282],[116.318281,38.187994],[116.327456,38.186687],[116.333802,38.191022],[116.339552,38.186166],[116.342615,38.188463],[116.343122,38.187097],[116.346361,38.187679],[116.348173,38.186019],[116.364576,38.195423],[116.37421,38.198361],[116.383467,38.193967],[116.395422,38.19757],[116.401058,38.20199],[116.40609,38.200996],[116.409111,38.196829],[116.414138,38.194933],[116.415373,38.19749],[116.418592,38.197358],[116.418879,38.195307],[116.4204,38.196961],[116.424722,38.197005],[116.426111,38.202077],[116.431764,38.202617],[116.449815,38.200416],[116.457154,38.191203],[116.467408,38.185628],[116.466919,38.182132],[116.484563,38.185266],[116.484178,38.187501],[116.488724,38.187733],[116.488965,38.190912],[116.493022,38.195538],[116.492519,38.202069],[116.499945,38.203596],[116.500997,38.206068],[116.49843,38.206845],[116.499365,38.214797],[116.501453,38.215992],[116.512614,38.2173],[116.515626,38.217082],[116.515754,38.21491],[116.518862,38.215038],[116.517437,38.199801],[116.523727,38.199949],[116.523016,38.194067],[116.524312,38.189779],[116.527989,38.190381],[116.529537,38.188164],[116.538763,38.193056],[116.542559,38.192643],[116.56772,38.197923],[116.576048,38.197943],[116.57887,38.20158],[116.577371,38.202521],[116.581535,38.205633],[116.57938,38.206363],[116.579288,38.209137],[116.597884,38.208927],[116.597946,38.207013],[116.601447,38.20981],[116.600764,38.21398],[116.602278,38.215796],[116.604672,38.216268],[116.612711,38.213292],[116.618298,38.216411],[116.62774,38.218325],[116.633158,38.219363],[116.63426,38.217618],[116.636421,38.218804],[116.638175,38.217],[116.643325,38.217531],[116.66023,38.222812],[116.66257,38.219823],[116.664495,38.220523],[116.664992,38.218512],[116.661989,38.217653],[116.662706,38.213453],[116.660313,38.209009],[116.661362,38.207629],[116.666843,38.204865],[116.671376,38.206481],[116.689002,38.20073],[116.691034,38.196274],[116.703229,38.194827],[116.703905,38.190924],[116.705444,38.191517],[116.721229,38.185461],[116.723765,38.188983],[116.734173,38.185846],[116.741488,38.195319],[116.753723,38.191165],[116.753026,38.187086],[116.756042,38.189957],[116.759671,38.188374],[116.760217,38.183177],[116.758897,38.181681],[116.750279,38.184938],[116.748565,38.183887],[116.749528,38.180751],[116.748056,38.178602],[116.745354,38.177951],[116.741297,38.18022],[116.741928,38.175125],[116.735016,38.171658],[116.73813,38.166432],[116.729254,38.167611],[116.729902,38.165937],[116.733456,38.164684],[116.732394,38.162526],[116.72533,38.16041],[116.711138,38.151881],[116.703511,38.150584],[116.700456,38.148039],[116.694217,38.148179],[116.691759,38.144521],[116.683471,38.14499],[116.682455,38.144212],[116.685396,38.138863],[116.676418,38.136923],[116.673262,38.133311],[116.663919,38.13743],[116.660185,38.131118],[116.650775,38.13164],[116.649094,38.1298],[116.650549,38.12591],[116.642671,38.120945],[116.641816,38.114231],[116.63196,38.116934],[116.629114,38.11589],[116.627878,38.110851],[116.62463,38.109248],[116.625786,38.107276],[116.628918,38.10711],[116.630822,38.105146],[116.634598,38.105737],[116.63563,38.104293],[116.640266,38.106641],[116.642389,38.104211],[116.646609,38.106177],[116.652834,38.100904],[116.653818,38.094873],[116.65787,38.092285],[116.661204,38.093896],[116.661781,38.092509],[116.666585,38.09254],[116.667674,38.088032],[116.671603,38.087597],[116.670837,38.083444],[116.673658,38.083254],[116.673556,38.080534],[116.67803,38.078056],[116.666006,38.073455],[116.667371,38.068852],[116.65825,38.065781],[116.656912,38.059553],[116.655268,38.058284],[116.656015,38.047259],[116.646003,38.046959],[116.645813,38.049752],[116.638894,38.050657],[116.63643,38.048776],[116.630531,38.049254],[116.626196,38.042113],[116.61832,38.043608],[116.620352,38.0519],[116.616956,38.053961],[116.615292,38.052119],[116.600759,38.054704],[116.596625,38.050142],[116.592742,38.039406],[116.588685,38.038981],[116.587538,38.034832],[116.579726,38.035773],[116.580436,38.040513],[116.566126,38.043086],[116.566653,38.044688],[116.564983,38.045654],[116.561273,38.0439],[116.550711,38.0456],[116.547942,38.044099],[116.547844,38.042504],[116.554496,38.037112],[116.557952,38.027343],[116.563399,38.024712],[116.563221,38.019893],[116.546435,38.020279],[116.542674,38.018874],[116.537466,38.020075],[116.536604,38.018618],[116.520576,38.016752],[116.520065,38.019256],[116.515241,38.019287],[116.51234,38.016251],[116.505595,38.017096],[116.506385,38.019312],[116.502065,38.018023],[116.501236,38.015019],[116.498863,38.01353],[116.49361,38.015729],[116.492353,38.019475],[116.488336,38.019922],[116.487085,38.021204],[116.487793,38.024743],[116.484906,38.025408],[116.483497,38.025042],[116.481915,38.020513],[116.482381,38.015684],[116.480414,38.014934],[116.479308,38.011486],[116.472315,38.013323],[116.473992,38.020481],[116.467529,38.023806],[116.466277,38.016659],[116.464255,38.013886],[116.436414,38.012285],[116.417206,38.009453],[116.407938,38.009957],[116.397868,38.013419],[116.370894,38.018569],[116.35116,38.018849],[116.343896,38.017265],[116.327853,38.006994],[116.306764,37.979331],[116.278243,37.962458],[116.276432,37.969481],[116.266298,37.969638],[116.266227,37.961412],[116.262838,37.961007],[116.261762,37.963609],[116.256568,37.965221],[116.246974,37.961413],[116.243764,37.956849],[116.227247,37.951473],[116.209103,37.966392],[116.188067,37.968302],[116.178838,37.965996],[116.174819,37.959338],[116.170155,37.959609],[116.169257,37.957484],[116.168195,37.952109],[116.17336,37.945261],[116.170843,37.933595],[116.164331,37.921816],[116.153942,37.914558],[116.149432,37.917189],[116.139886,37.914021],[116.120831,37.913399],[116.105497,37.910232],[116.091036,37.910944],[116.091054,37.915522],[116.093973,37.922614],[116.100273,37.928663],[116.100714,37.927319],[116.104113,37.928515],[116.10686,37.934309],[116.114071,37.938838],[116.115566,37.94574],[116.120374,37.946564],[116.120998,37.948194],[116.100636,37.948928],[116.088611,37.959483],[116.071888,37.980333],[116.066125,37.991099],[116.062405,38.00506],[116.057492,38.011929],[116.042496,38.024638],[116.049546,38.038377],[116.052499,38.038674],[116.055921,38.036903],[116.055914,38.034763],[116.062851,38.033376],[116.068639,38.035721],[116.070604,38.041116],[116.065463,38.044815],[116.062648,38.043554],[116.059706,38.044746],[116.057916,38.046406],[116.059114,38.049349],[116.050349,38.052444],[116.050585,38.055237],[116.053536,38.054665],[116.054713,38.059601]]]}},{"type":"Feature","properties":{"dt_adcode":"130982"},"geometry":{"type":"Polygon","coordinates":[[[116.208842,38.921574],[116.206904,38.92145],[116.206232,38.914491],[116.203796,38.913582],[116.200042,38.915736],[116.19876,38.913013],[116.202415,38.909719],[116.202449,38.901427],[116.205552,38.901202],[116.204387,38.892429],[116.201804,38.889695],[116.202175,38.887226],[116.206131,38.885662],[116.208426,38.875573],[116.207512,38.873117],[116.211582,38.872567],[116.21221,38.870265],[116.218831,38.871755],[116.220161,38.868131],[116.232107,38.871895],[116.236585,38.863284],[116.248875,38.859626],[116.24751,38.848889],[116.249154,38.845939],[116.27092,38.839095],[116.272688,38.83986],[116.275111,38.838782],[116.274672,38.837416],[116.278794,38.836429],[116.27583,38.827208],[116.281376,38.826241],[116.283415,38.82367],[116.281158,38.819892],[116.273465,38.821804],[116.271971,38.816644],[116.290216,38.811898],[116.310975,38.812404],[116.320243,38.811009],[116.319496,38.808847],[116.321,38.808918],[116.321425,38.81081],[116.338265,38.806877],[116.357872,38.799274],[116.390342,38.789784],[116.409888,38.780542],[116.42297,38.770398],[116.431908,38.755457],[116.435806,38.733216],[116.433118,38.726128],[116.423674,38.71473],[116.406328,38.703593],[116.388446,38.699082],[116.370826,38.692496],[116.36639,38.685408],[116.366876,38.673043],[116.370309,38.662267],[116.346933,38.657648],[116.343825,38.670263],[116.338904,38.668764],[116.32569,38.669918],[116.32403,38.671844],[116.317634,38.671712],[116.317468,38.675431],[116.316078,38.675502],[116.315236,38.671151],[116.308029,38.671018],[116.303846,38.665447],[116.294242,38.668402],[116.28715,38.66902],[116.285486,38.665787],[116.276648,38.668434],[116.266964,38.662506],[116.253385,38.638732],[116.234624,38.626891],[116.224101,38.622351],[116.201882,38.621679],[116.201653,38.619422],[116.198382,38.617814],[116.181722,38.618426],[116.182558,38.610552],[116.174146,38.598838],[116.175769,38.596636],[116.17587,38.591359],[116.184636,38.589027],[116.182437,38.581413],[116.177245,38.580125],[116.172792,38.581432],[116.165824,38.572966],[116.171291,38.570324],[116.169597,38.569634],[116.165134,38.57194],[116.163715,38.568951],[116.166001,38.568437],[116.163711,38.568486],[116.164457,38.564556],[116.161551,38.565099],[116.162647,38.569606],[116.15641,38.571434],[116.152609,38.567951],[116.157091,38.566005],[116.156535,38.564506],[116.153763,38.564384],[116.152948,38.567616],[116.149721,38.568623],[116.149751,38.57236],[116.139579,38.575261],[116.134627,38.578329],[116.127845,38.576209],[116.117797,38.576644],[116.119626,38.580097],[116.122042,38.578825],[116.121988,38.580934],[116.117261,38.582799],[116.115179,38.58223],[116.116307,38.579104],[116.113545,38.577421],[116.105068,38.575711],[116.103779,38.580863],[116.096842,38.580845],[116.091024,38.583956],[116.07991,38.578943],[116.076482,38.581099],[116.059518,38.5812],[116.056074,38.57098],[116.056443,38.569227],[116.059281,38.569426],[116.059884,38.565603],[116.054803,38.564482],[116.054867,38.560796],[116.049263,38.563177],[116.047782,38.567866],[116.045391,38.567139],[116.045284,38.568815],[116.043047,38.568653],[116.045301,38.569153],[116.043953,38.569475],[116.043964,38.574639],[116.039977,38.574771],[116.040044,38.580237],[116.037172,38.580647],[116.036872,38.578673],[116.031258,38.577865],[116.030764,38.574886],[116.02758,38.571792],[116.025315,38.572338],[116.025657,38.566089],[116.027792,38.562561],[116.023341,38.5616],[116.022653,38.563826],[116.018218,38.563566],[116.018431,38.561786],[116.014951,38.561695],[116.009013,38.555234],[116.001688,38.553393],[115.991455,38.557266],[115.978299,38.56549],[115.95875,38.571279],[115.966108,38.572823],[115.960575,38.584411],[115.961304,38.597086],[115.964103,38.609952],[115.959072,38.618347],[115.954238,38.619357],[115.951122,38.627963],[115.946088,38.62714],[115.945567,38.630136],[115.946277,38.628789],[115.964086,38.630935],[115.963628,38.633489],[115.973395,38.63551],[115.974988,38.640304],[115.973876,38.649812],[115.970004,38.656087],[115.973524,38.668487],[115.965429,38.667437],[115.96894,38.677225],[115.962857,38.675448],[115.962088,38.679702],[115.959906,38.679891],[115.95882,38.681784],[115.960158,38.689202],[115.955676,38.689931],[115.955036,38.702917],[115.961546,38.702281],[115.962805,38.707959],[115.966294,38.708979],[115.963726,38.713086],[115.961965,38.712788],[115.961088,38.717099],[115.959307,38.715634],[115.958107,38.717839],[115.953075,38.718209],[115.950533,38.720598],[115.948906,38.727033],[115.944198,38.732076],[115.944029,38.73545],[115.950253,38.737594],[115.949456,38.739195],[115.951627,38.741732],[115.951862,38.746709],[115.957295,38.748522],[115.957786,38.751954],[115.961428,38.752931],[115.960923,38.756424],[115.968039,38.755902],[115.970998,38.760559],[115.970636,38.763411],[115.975296,38.761777],[115.980592,38.769589],[115.984299,38.76912],[115.983473,38.770552],[115.987167,38.774188],[115.995118,38.777954],[115.991912,38.781423],[115.994467,38.784552],[115.997844,38.784575],[115.996492,38.790781],[116.001418,38.790273],[116.001323,38.795206],[115.999759,38.796811],[116.006665,38.799255],[116.016551,38.808693],[116.024239,38.813076],[116.028971,38.814274],[116.039416,38.811528],[116.045348,38.818276],[116.045951,38.819537],[116.035529,38.829484],[116.048722,38.860697],[116.050349,38.875174],[116.041586,38.87847],[116.04661,38.887698],[116.038652,38.891696],[116.045556,38.897766],[116.074349,38.904359],[116.075245,38.90678],[116.085534,38.91066],[116.112759,38.909716],[116.110971,38.915395],[116.125602,38.920819],[116.123719,38.926911],[116.120569,38.925759],[116.123119,38.929875],[116.121202,38.934873],[116.136669,38.937593],[116.140446,38.939501],[116.140874,38.941694],[116.144493,38.942826],[116.144352,38.945175],[116.152059,38.948381],[116.15621,38.944822],[116.180101,38.936577],[116.208842,38.921574]]]}},{"type":"Feature","properties":{"dt_adcode":"130983"},"geometry":{"type":"Polygon","coordinates":[[[117.848487,38.255247],[117.81617,38.260375],[117.811209,38.259672],[117.802436,38.253649],[117.78524,38.25802],[117.775627,38.253163],[117.770089,38.253445],[117.766314,38.255387],[117.761569,38.261642],[117.749273,38.267143],[117.67146,38.283853],[117.61292,38.281406],[117.614063,38.264065],[117.610735,38.264],[117.615888,38.25532],[117.608485,38.255763],[117.605018,38.254202],[117.60542,38.244594],[117.609162,38.244757],[117.609895,38.240761],[117.595734,38.241335],[117.583123,38.236738],[117.571022,38.228468],[117.562559,38.226555],[117.548706,38.228857],[117.521504,38.218128],[117.508393,38.215159],[117.473384,38.212727],[117.471106,38.214279],[117.471108,38.217053],[117.456061,38.220197],[117.454617,38.224619],[117.448191,38.224097],[117.445947,38.221927],[117.442097,38.222966],[117.442366,38.226773],[117.435496,38.228376],[117.43191,38.227611],[117.435224,38.224547],[117.431953,38.224086],[117.416378,38.226416],[117.415727,38.223811],[117.400042,38.223437],[117.401234,38.226475],[117.397429,38.223161],[117.395725,38.22694],[117.386572,38.224801],[117.383172,38.219161],[117.376766,38.217805],[117.378516,38.214634],[117.376475,38.205389],[117.379918,38.204397],[117.380686,38.206907],[117.383616,38.207221],[117.384188,38.202181],[117.387478,38.202079],[117.393307,38.192693],[117.391493,38.189301],[117.388711,38.192716],[117.382979,38.191354],[117.383101,38.194422],[117.374656,38.192961],[117.374089,38.185276],[117.370524,38.183021],[117.367108,38.183104],[117.36758,38.179982],[117.363032,38.179095],[117.362146,38.173016],[117.359788,38.172014],[117.359797,38.168595],[117.362391,38.168683],[117.363721,38.166433],[117.359927,38.166052],[117.364696,38.164966],[117.363439,38.161738],[117.360272,38.161634],[117.358846,38.158873],[117.355775,38.160337],[117.353051,38.157947],[117.341649,38.157354],[117.341704,38.154614],[117.340354,38.15748],[117.334838,38.159692],[117.315233,38.160959],[117.313271,38.159015],[117.309008,38.161769],[117.298224,38.155875],[117.299247,38.158729],[117.294339,38.158651],[117.281771,38.162511],[117.270733,38.176381],[117.260889,38.177883],[117.232025,38.172538],[117.218687,38.172726],[117.212974,38.176926],[117.194326,38.200776],[117.186069,38.208216],[117.173428,38.21412],[117.158671,38.215241],[117.153247,38.219667],[117.146825,38.232349],[117.138807,38.241852],[117.141876,38.24581],[117.141272,38.260471],[117.146163,38.273922],[117.147,38.287495],[117.149625,38.290489],[117.145268,38.298233],[117.153094,38.321236],[117.139601,38.328825],[117.12054,38.330716],[117.118047,38.334201],[117.116358,38.348657],[117.113556,38.351936],[117.094509,38.361753],[117.087757,38.37579],[117.087871,38.381741],[117.102055,38.392824],[117.101066,38.403367],[117.093136,38.432988],[117.093311,38.442838],[117.103332,38.464948],[117.118008,38.487009],[117.114086,38.495984],[117.09504,38.508091],[117.091947,38.514536],[117.090922,38.522792],[117.09175,38.536984],[117.085117,38.54478],[117.099037,38.579653],[117.098195,38.586899],[117.109852,38.584863],[117.109488,38.589114],[117.119549,38.589657],[117.120678,38.59619],[117.122231,38.59625],[117.121658,38.5977],[117.123967,38.597399],[117.1246,38.599938],[117.138313,38.599689],[117.138141,38.603857],[117.147582,38.606628],[117.147878,38.609393],[117.150833,38.609319],[117.149291,38.615786],[117.15112,38.617715],[117.157074,38.617553],[117.156754,38.615574],[117.158296,38.615645],[117.159051,38.618253],[117.160758,38.61835],[117.165333,38.617234],[117.166355,38.614649],[117.176606,38.618229],[117.183858,38.61819],[117.183269,38.621417],[117.185409,38.621435],[117.186439,38.616539],[117.188909,38.617998],[117.189308,38.621367],[117.197809,38.621369],[117.198364,38.624524],[117.200235,38.624343],[117.200235,38.621894],[117.203797,38.626443],[117.203225,38.629692],[117.210284,38.630051],[117.213013,38.640383],[117.220366,38.643764],[117.230304,38.642273],[117.229671,38.635652],[117.226132,38.63411],[117.22505,38.630776],[117.236611,38.631228],[117.230693,38.624007],[117.235117,38.623956],[117.237251,38.619204],[117.246537,38.618661],[117.246711,38.617402],[117.255254,38.614587],[117.254984,38.611774],[117.25765,38.607931],[117.258944,38.608322],[117.259533,38.603056],[117.255122,38.602461],[117.256676,38.598358],[117.245345,38.595312],[117.236509,38.584789],[117.238357,38.581032],[117.261296,38.586728],[117.262355,38.583733],[117.239433,38.578714],[117.245081,38.566928],[117.246488,38.566862],[117.25318,38.556177],[117.263536,38.562283],[117.265392,38.556721],[117.272535,38.55956],[117.292221,38.562418],[117.291596,38.571681],[117.295292,38.572086],[117.29992,38.571471],[117.304079,38.56461],[117.305635,38.556615],[117.308289,38.555578],[117.315504,38.557739],[117.324922,38.564624],[117.346423,38.564917],[117.347432,38.561398],[117.350478,38.561516],[117.350783,38.565819],[117.358042,38.570538],[117.354745,38.580739],[117.368867,38.582468],[117.369047,38.56476],[117.396305,38.574556],[117.409213,38.585136],[117.401206,38.588004],[117.410039,38.59394],[117.415559,38.590618],[117.432433,38.601317],[117.471516,38.611239],[117.474406,38.610911],[117.475444,38.608794],[117.477599,38.610642],[117.480653,38.610261],[117.481578,38.611369],[117.478923,38.617242],[117.495643,38.615523],[117.504214,38.617911],[117.506229,38.616355],[117.505511,38.61357],[117.509575,38.612442],[117.512377,38.614031],[117.517306,38.610101],[117.520281,38.611112],[117.520481,38.613882],[117.522124,38.614211],[117.523853,38.611258],[117.522676,38.606716],[117.527148,38.606165],[117.524016,38.603308],[117.524207,38.601245],[117.527338,38.60059],[117.541439,38.603578],[117.538559,38.610184],[117.542391,38.611893],[117.545783,38.617859],[117.554536,38.617007],[117.557808,38.6138],[117.639026,38.626713],[117.644327,38.607144],[117.645021,38.59386],[117.638541,38.570055],[117.637842,38.54487],[117.643361,38.540299],[117.685294,38.539394],[117.688084,38.53813],[117.688713,38.534567],[117.685998,38.532456],[117.645171,38.527629],[117.641633,38.524262],[117.64788,38.508701],[117.678786,38.477067],[117.710922,38.467788],[117.719024,38.463923],[117.725098,38.457356],[117.728303,38.448594],[117.730516,38.424937],[117.781216,38.373831],[117.804739,38.367101],[117.846408,38.368039],[117.937468,38.387744],[117.950909,38.384727],[117.958013,38.376132],[117.95725,38.361949],[117.948368,38.346485],[117.916684,38.323408],[117.895675,38.301632],[117.860894,38.274586],[117.854927,38.263217],[117.848487,38.255247]]]}},{"type":"Feature","properties":{"dt_adcode":"130984"},"geometry":{"type":"Polygon","coordinates":[[[116.040331,38.367908],[116.037045,38.368701],[116.038348,38.373803],[116.036511,38.374149],[116.036671,38.375561],[116.040141,38.385122],[116.039339,38.387993],[116.03714,38.388517],[116.041891,38.393253],[116.037739,38.395302],[116.039323,38.398815],[116.050471,38.397707],[116.051548,38.400004],[116.045383,38.403884],[116.050095,38.409072],[116.052421,38.408854],[116.051714,38.412695],[116.032606,38.41373],[116.029779,38.412388],[116.022046,38.416371],[116.020714,38.418823],[116.020909,38.422219],[116.023855,38.42641],[116.027839,38.427396],[116.029099,38.434749],[116.035012,38.434974],[116.039954,38.437582],[116.040142,38.439909],[116.036936,38.440044],[116.03743,38.444299],[116.032625,38.445337],[116.033271,38.448374],[116.027644,38.448754],[116.02731,38.452083],[116.024961,38.452287],[116.026435,38.457915],[116.034922,38.461035],[116.031574,38.463388],[115.998146,38.469334],[115.992916,38.464741],[115.990261,38.4651],[115.99625,38.48314],[115.970017,38.485278],[115.960044,38.484773],[115.959302,38.482847],[115.955341,38.482323],[115.953955,38.48519],[115.95185,38.482504],[115.948182,38.482942],[115.943825,38.479436],[115.938949,38.478773],[115.939227,38.482883],[115.935429,38.483473],[115.936298,38.485963],[115.933522,38.487254],[115.932526,38.4915],[115.927699,38.491964],[115.92539,38.495571],[115.925229,38.49815],[115.930543,38.505437],[115.934909,38.506738],[115.93726,38.515714],[115.940244,38.515433],[115.943811,38.524269],[115.943953,38.526174],[115.941544,38.527789],[115.943225,38.530068],[115.940719,38.530499],[115.940527,38.536848],[115.942131,38.537627],[115.942362,38.540829],[115.939034,38.542232],[115.939168,38.54519],[115.934068,38.546692],[115.933829,38.548511],[115.935708,38.548732],[115.934747,38.551963],[115.937802,38.553765],[115.93795,38.557037],[115.944193,38.559281],[115.943503,38.560938],[115.94583,38.564213],[115.948059,38.564246],[115.95236,38.571154],[115.95875,38.571279],[115.978299,38.56549],[115.991455,38.557266],[116.001688,38.553393],[116.009013,38.555234],[116.014951,38.561695],[116.018431,38.561786],[116.018218,38.563566],[116.022653,38.563826],[116.023341,38.5616],[116.027792,38.562561],[116.025657,38.566089],[116.025315,38.572338],[116.02758,38.571792],[116.030764,38.574886],[116.031258,38.577865],[116.036872,38.578673],[116.037172,38.580647],[116.040044,38.580237],[116.039977,38.574771],[116.043964,38.574639],[116.043953,38.569475],[116.045301,38.569153],[116.043047,38.568653],[116.045284,38.568815],[116.045391,38.567139],[116.047782,38.567866],[116.049263,38.563177],[116.054867,38.560796],[116.054803,38.564482],[116.059884,38.565603],[116.059281,38.569426],[116.056443,38.569227],[116.056074,38.57098],[116.059518,38.5812],[116.076482,38.581099],[116.07991,38.578943],[116.091024,38.583956],[116.096842,38.580845],[116.103779,38.580863],[116.105068,38.575711],[116.113545,38.577421],[116.116307,38.579104],[116.115179,38.58223],[116.117261,38.582799],[116.121988,38.580934],[116.122042,38.578825],[116.119626,38.580097],[116.117797,38.576644],[116.127845,38.576209],[116.134627,38.578329],[116.139579,38.575261],[116.149751,38.57236],[116.149721,38.568623],[116.152948,38.567616],[116.153763,38.564384],[116.156535,38.564506],[116.157091,38.566005],[116.152609,38.567951],[116.15641,38.571434],[116.162647,38.569606],[116.161551,38.565099],[116.164457,38.564556],[116.163711,38.568486],[116.166001,38.568437],[116.163715,38.568951],[116.165134,38.57194],[116.169597,38.569634],[116.171291,38.570324],[116.165824,38.572966],[116.172792,38.581432],[116.177245,38.580125],[116.182437,38.581413],[116.184636,38.589027],[116.17587,38.591359],[116.175769,38.596636],[116.174146,38.598838],[116.182558,38.610552],[116.181722,38.618426],[116.198382,38.617814],[116.201653,38.619422],[116.201882,38.621679],[116.224101,38.622351],[116.234624,38.626891],[116.253385,38.638732],[116.266964,38.662506],[116.276648,38.668434],[116.285486,38.665787],[116.28715,38.66902],[116.294242,38.668402],[116.303846,38.665447],[116.308029,38.671018],[116.315236,38.671151],[116.316078,38.675502],[116.317468,38.675431],[116.317634,38.671712],[116.32403,38.671844],[116.32569,38.669918],[116.338904,38.668764],[116.343825,38.670263],[116.346933,38.657648],[116.370309,38.662267],[116.374093,38.639672],[116.377582,38.630115],[116.37884,38.628045],[116.383284,38.628141],[116.381845,38.625918],[116.38626,38.625508],[116.385799,38.623112],[116.380069,38.623543],[116.38197,38.619168],[116.396192,38.607435],[116.419202,38.599308],[116.42721,38.590859],[116.426337,38.586675],[116.454836,38.580334],[116.44805,38.567755],[116.455486,38.557659],[116.455133,38.555746],[116.448478,38.557263],[116.437661,38.554445],[116.437227,38.552359],[116.432181,38.552536],[116.43044,38.547814],[116.433316,38.545651],[116.431107,38.539589],[116.435662,38.538646],[116.433123,38.531087],[116.433328,38.52875],[116.435303,38.528043],[116.439099,38.533485],[116.452658,38.53449],[116.45029,38.530189],[116.456398,38.529168],[116.453123,38.517838],[116.449777,38.518286],[116.449596,38.513491],[116.451877,38.512855],[116.451309,38.50898],[116.45515,38.508617],[116.454273,38.505584],[116.456479,38.503635],[116.458971,38.504409],[116.464944,38.50273],[116.46398,38.499559],[116.465694,38.494084],[116.472993,38.493027],[116.47636,38.494739],[116.484636,38.489322],[116.501982,38.489079],[116.508924,38.487089],[116.509705,38.489074],[116.519457,38.488181],[116.532277,38.491965],[116.538126,38.495582],[116.551231,38.497535],[116.559371,38.496785],[116.563684,38.492171],[116.560944,38.484957],[116.566017,38.482505],[116.566037,38.480681],[116.562556,38.480277],[116.563185,38.478159],[116.569747,38.47102],[116.581577,38.470316],[116.579546,38.474023],[116.579707,38.475874],[116.58184,38.476062],[116.581428,38.477602],[116.58717,38.478061],[116.592592,38.480821],[116.592184,38.478302],[116.59459,38.478339],[116.595537,38.475121],[116.59421,38.466126],[116.598225,38.466335],[116.598845,38.46052],[116.60068,38.460781],[116.603054,38.465091],[116.610183,38.464639],[116.611068,38.467491],[116.617029,38.468315],[116.617373,38.470152],[116.625448,38.470022],[116.625914,38.471387],[116.633825,38.472063],[116.633303,38.469167],[116.636958,38.469108],[116.637171,38.463661],[116.638363,38.462116],[116.641113,38.462252],[116.640221,38.459879],[116.643224,38.459505],[116.641966,38.453781],[116.640693,38.454016],[116.638881,38.449762],[116.641575,38.449167],[116.637178,38.448086],[116.635748,38.446062],[116.637592,38.444929],[116.63583,38.444345],[116.63676,38.443236],[116.635281,38.438147],[116.63255,38.439331],[116.632081,38.436209],[116.628512,38.435969],[116.627011,38.430299],[116.620035,38.429092],[116.619375,38.42638],[116.615911,38.425554],[116.615519,38.419119],[116.621764,38.419372],[116.613824,38.410611],[116.613763,38.40787],[116.609601,38.405517],[116.6094,38.402599],[116.606517,38.402714],[116.604539,38.400739],[116.604709,38.403898],[116.596651,38.404667],[116.589526,38.403355],[116.582666,38.41531],[116.578054,38.419238],[116.571674,38.420431],[116.560592,38.417307],[116.556477,38.412987],[116.551142,38.402724],[116.540928,38.398],[116.52525,38.397217],[116.509811,38.39139],[116.506593,38.387528],[116.50641,38.368752],[116.500456,38.349628],[116.495312,38.350209],[116.493866,38.346954],[116.48868,38.348135],[116.488695,38.346025],[116.490557,38.345251],[116.490091,38.342552],[116.485844,38.34241],[116.484796,38.339683],[116.480103,38.339883],[116.478967,38.333907],[116.471468,38.333417],[116.47071,38.330646],[116.467169,38.330105],[116.464811,38.309261],[116.45293,38.311124],[116.453703,38.314676],[116.451122,38.315256],[116.451547,38.318381],[116.447672,38.318843],[116.446725,38.321037],[116.447921,38.322638],[116.440567,38.325272],[116.443551,38.335431],[116.441612,38.341763],[116.444291,38.355417],[116.440738,38.358283],[116.43452,38.357066],[116.431521,38.358273],[116.430087,38.361445],[116.426131,38.35912],[116.424024,38.351278],[116.397108,38.353785],[116.393544,38.351415],[116.388663,38.351921],[116.387341,38.349945],[116.381837,38.351333],[116.38184,38.355266],[116.379594,38.353244],[116.374072,38.356219],[116.371513,38.361458],[116.36432,38.363392],[116.363356,38.366169],[116.343702,38.365991],[116.329723,38.358698],[116.329752,38.353191],[116.33106,38.350674],[116.33423,38.350358],[116.334069,38.348669],[116.326988,38.348347],[116.326335,38.346119],[116.323218,38.346024],[116.322548,38.343689],[116.308379,38.346963],[116.309705,38.348766],[116.303299,38.350274],[116.303609,38.351969],[116.300122,38.353041],[116.302267,38.355241],[116.297376,38.35737],[116.298204,38.360822],[116.295681,38.361916],[116.290887,38.354339],[116.289181,38.354356],[116.279778,38.356379],[116.27709,38.360686],[116.272226,38.359896],[116.223422,38.368138],[116.203725,38.375345],[116.193551,38.373799],[116.185966,38.368804],[116.171273,38.341414],[116.139348,38.3425],[116.132364,38.339097],[116.125639,38.332715],[116.12094,38.324724],[116.111036,38.31926],[116.100125,38.320043],[116.096541,38.322585],[116.088683,38.321237],[116.085407,38.323188],[116.069728,38.325036],[116.061226,38.327847],[116.048283,38.328715],[116.047818,38.33029],[116.035274,38.329417],[116.025018,38.331434],[116.023466,38.334252],[116.025558,38.337575],[116.02173,38.339521],[116.025811,38.34897],[116.033611,38.353269],[116.034265,38.355837],[116.039353,38.358169],[116.041544,38.360938],[116.038854,38.359352],[116.038281,38.360834],[116.040331,38.367908]]]}},{"type":"Feature","properties":{"dt_adcode":"131002"},"geometry":{"type":"Polygon","coordinates":[[[116.863498,39.154276],[116.840706,39.150216],[116.82511,39.149815],[116.823169,39.152419],[116.819522,39.152852],[116.818491,39.157778],[116.811428,39.157521],[116.802568,39.150777],[116.805152,39.143797],[116.803544,39.142835],[116.801686,39.147623],[116.801539,39.143856],[116.799885,39.147275],[116.791685,39.147586],[116.792487,39.150532],[116.787378,39.153201],[116.775616,39.153967],[116.773751,39.160603],[116.771291,39.160109],[116.771545,39.157114],[116.767259,39.156976],[116.765898,39.16144],[116.756656,39.161662],[116.756744,39.166033],[116.744343,39.169144],[116.740167,39.172096],[116.727207,39.171564],[116.726995,39.181096],[116.730049,39.182045],[116.730777,39.191452],[116.742991,39.202743],[116.750578,39.212491],[116.750222,39.22043],[116.745523,39.226565],[116.728547,39.226909],[116.715509,39.232886],[116.693791,39.234686],[116.69326,39.244053],[116.695184,39.24823],[116.687047,39.259723],[116.685543,39.282176],[116.691473,39.308985],[116.68923,39.315422],[116.688906,39.325283],[116.684561,39.325164],[116.682326,39.328964],[116.685926,39.329582],[116.686317,39.333802],[116.690146,39.333726],[116.686091,39.343173],[116.677207,39.342702],[116.676936,39.348879],[116.682186,39.349486],[116.677054,39.349897],[116.678726,39.351503],[116.676246,39.354782],[116.67591,39.367948],[116.678137,39.3698],[116.675602,39.378266],[116.679083,39.378021],[116.678504,39.384118],[116.674736,39.391692],[116.665972,39.401124],[116.656877,39.408037],[116.640213,39.426403],[116.642337,39.431159],[116.63931,39.435308],[116.623186,39.437664],[116.609995,39.447671],[116.602274,39.447952],[116.601907,39.461892],[116.598674,39.461193],[116.598894,39.465721],[116.600567,39.466712],[116.596508,39.473063],[116.601574,39.475088],[116.601239,39.476992],[116.607573,39.478509],[116.607548,39.482689],[116.617829,39.486589],[116.615431,39.501254],[116.627384,39.503716],[116.635477,39.499199],[116.642869,39.500197],[116.643598,39.495968],[116.659054,39.491504],[116.664976,39.495358],[116.663238,39.503391],[116.659719,39.505927],[116.654009,39.507135],[116.651494,39.514729],[116.635512,39.513715],[116.634437,39.523619],[116.626788,39.525],[116.615801,39.523681],[116.612263,39.525349],[116.610452,39.530757],[116.614227,39.531366],[116.61319,39.53744],[116.616209,39.537406],[116.615632,39.541826],[116.617974,39.542328],[116.618114,39.546128],[116.629546,39.538422],[116.629562,39.543791],[116.642257,39.549315],[116.665529,39.536461],[116.662917,39.535838],[116.663832,39.531759],[116.674317,39.531528],[116.712887,39.508187],[116.742462,39.492673],[116.742937,39.490227],[116.748248,39.485835],[116.756994,39.484959],[116.768043,39.478912],[116.762231,39.478283],[116.762455,39.476577],[116.771537,39.476923],[116.768287,39.476185],[116.769353,39.467056],[116.780204,39.469043],[116.780389,39.467441],[116.785391,39.468182],[116.785094,39.465892],[116.79015,39.465383],[116.791623,39.460835],[116.794424,39.461196],[116.795057,39.458942],[116.798056,39.457349],[116.797969,39.450624],[116.79234,39.45388],[116.795974,39.446849],[116.798289,39.446828],[116.797318,39.448779],[116.799876,39.449635],[116.807425,39.445616],[116.807078,39.44701],[116.810684,39.447955],[116.809921,39.451395],[116.815745,39.451729],[116.828464,39.445674],[116.826766,39.445673],[116.827077,39.438613],[116.8325,39.435489],[116.840247,39.439643],[116.840758,39.438261],[116.844519,39.439752],[116.847257,39.438662],[116.847179,39.441398],[116.855498,39.443345],[116.862847,39.436824],[116.868421,39.439053],[116.868902,39.437226],[116.875886,39.434549],[116.870986,39.427373],[116.864319,39.430518],[116.863036,39.42884],[116.864606,39.425203],[116.860774,39.424241],[116.860834,39.422161],[116.855556,39.420011],[116.852523,39.416851],[116.851959,39.413843],[116.844307,39.412541],[116.843536,39.414545],[116.840079,39.413639],[116.840954,39.41101],[116.838155,39.410434],[116.839229,39.404631],[116.834108,39.402673],[116.833891,39.398966],[116.835104,39.397036],[116.837582,39.397548],[116.838457,39.395379],[116.836343,39.394679],[116.836724,39.393073],[116.83973,39.394039],[116.838144,39.388871],[116.842163,39.375628],[116.840621,39.378436],[116.836964,39.377892],[116.837596,39.3741],[116.818144,39.373515],[116.820631,39.366632],[116.822476,39.366837],[116.822675,39.365621],[116.824478,39.366052],[116.826877,39.363611],[116.834918,39.365954],[116.836685,39.364596],[116.832431,39.362872],[116.833505,39.360429],[116.823134,39.357895],[116.822544,39.355447],[116.823514,39.353001],[116.825057,39.353563],[116.829196,39.338856],[116.842938,39.340715],[116.847124,39.34376],[116.849168,39.339466],[116.856604,39.346088],[116.857601,39.348931],[116.86158,39.349541],[116.859751,39.350959],[116.858642,39.356406],[116.860245,39.354185],[116.870743,39.357491],[116.871862,39.355831],[116.874602,39.356327],[116.876076,39.352682],[116.872659,39.352777],[116.872754,39.348009],[116.869936,39.347457],[116.872381,39.341244],[116.873736,39.342463],[116.87577,39.33919],[116.881599,39.340656],[116.886196,39.337829],[116.889606,39.338161],[116.890378,39.33483],[116.889857,39.332689],[116.887063,39.332187],[116.889189,39.318418],[116.887086,39.314342],[116.88209,39.313719],[116.884214,39.305393],[116.883286,39.303822],[116.880259,39.303551],[116.879843,39.305228],[116.867945,39.30252],[116.866246,39.301441],[116.866913,39.298032],[116.862544,39.297487],[116.863211,39.292679],[116.866557,39.293004],[116.866886,39.290762],[116.872392,39.291276],[116.874749,39.283174],[116.876326,39.27034],[116.871638,39.269279],[116.878761,39.255364],[116.875769,39.253847],[116.876626,39.240926],[116.879462,39.240767],[116.881465,39.238667],[116.884917,39.240551],[116.885906,39.232735],[116.891936,39.231154],[116.890504,39.227538],[116.892761,39.227111],[116.89263,39.223941],[116.887857,39.224456],[116.887094,39.222208],[116.884647,39.221228],[116.883554,39.226197],[116.881464,39.226894],[116.88031,39.225619],[116.879391,39.230041],[116.876209,39.230613],[116.874587,39.230059],[116.876381,39.224815],[116.875245,39.224574],[116.875626,39.216478],[116.871663,39.216271],[116.871663,39.217699],[116.855791,39.215691],[116.857055,39.205384],[116.860765,39.205612],[116.863174,39.201357],[116.864325,39.18206],[116.863102,39.174966],[116.865711,39.173468],[116.864523,39.17003],[116.866308,39.16624],[116.866619,39.15682],[116.863498,39.154276]]]}},{"type":"Feature","properties":{"dt_adcode":"131003"},"geometry":{"type":"Polygon","coordinates":[[[116.444146,39.482199],[116.436253,39.482918],[116.433644,39.478175],[116.428338,39.476227],[116.425408,39.480289],[116.425417,39.481387],[116.42996,39.481327],[116.427318,39.48778],[116.423535,39.485153],[116.412366,39.482071],[116.411589,39.485101],[116.413993,39.486542],[116.413569,39.488326],[116.415824,39.488231],[116.417924,39.49598],[116.422903,39.496603],[116.418733,39.506391],[116.414846,39.505767],[116.413779,39.508008],[116.408571,39.508013],[116.407374,39.512042],[116.402816,39.51439],[116.401707,39.527674],[116.405549,39.528198],[116.406889,39.526573],[116.405588,39.526029],[116.411247,39.524671],[116.421467,39.525111],[116.424051,39.522734],[116.42386,39.518467],[116.425092,39.518179],[116.423123,39.516335],[116.424631,39.509735],[116.431697,39.510536],[116.433014,39.507431],[116.443829,39.509883],[116.442739,39.516184],[116.440373,39.516274],[116.43923,39.51948],[116.440885,39.520011],[116.439872,39.523356],[116.438156,39.523055],[116.437511,39.526513],[116.453722,39.526481],[116.453844,39.528656],[116.459601,39.528331],[116.459947,39.526759],[116.464552,39.52763],[116.464587,39.531624],[116.468049,39.531555],[116.468954,39.534376],[116.473137,39.536097],[116.477452,39.53472],[116.476149,39.538545],[116.478866,39.538974],[116.47775,39.543144],[116.474762,39.545557],[116.476106,39.548019],[116.473,39.549629],[116.470942,39.554601],[116.473373,39.553093],[116.481764,39.553496],[116.48237,39.551958],[116.489471,39.55347],[116.489764,39.550261],[116.493596,39.549624],[116.508453,39.551056],[116.508056,39.560252],[116.510572,39.560497],[116.511559,39.565499],[116.519386,39.566488],[116.518305,39.569426],[116.520986,39.56993],[116.520381,39.571911],[116.527353,39.573194],[116.526142,39.577278],[116.520391,39.577152],[116.519704,39.581731],[116.522723,39.583129],[116.523199,39.586101],[116.521262,39.590235],[116.522991,39.590026],[116.522153,39.593128],[116.525042,39.59381],[116.524445,39.596543],[116.528035,39.597141],[116.527663,39.598973],[116.530613,39.598766],[116.530864,39.59672],[116.535899,39.596407],[116.535916,39.594727],[116.541809,39.593479],[116.541221,39.597409],[116.542476,39.597302],[116.540875,39.601421],[116.543402,39.601802],[116.542935,39.603383],[116.545228,39.601103],[116.545453,39.599474],[116.543765,39.599226],[116.54579,39.595744],[116.553902,39.59804],[116.553495,39.599486],[116.5576,39.599695],[116.557132,39.601502],[116.562213,39.601819],[116.561953,39.603205],[116.567025,39.605331],[116.566306,39.607902],[116.567926,39.608324],[116.566099,39.611132],[116.569634,39.611756],[116.56791,39.615683],[116.565986,39.616142],[116.565926,39.61978],[116.579386,39.619658],[116.579204,39.623487],[116.585587,39.623676],[116.58289,39.623118],[116.588623,39.621959],[116.589516,39.619436],[116.591991,39.621299],[116.592876,39.619388],[116.592668,39.621567],[116.593569,39.618589],[116.595314,39.61805],[116.600123,39.619655],[116.599402,39.622612],[116.602154,39.622676],[116.602172,39.624539],[116.607894,39.624704],[116.60779,39.619699],[116.611759,39.618879],[116.613183,39.613796],[116.616659,39.614089],[116.616858,39.607304],[116.620186,39.606898],[116.620516,39.601671],[116.628339,39.599555],[116.635408,39.599932],[116.635591,39.604825],[116.638366,39.604932],[116.638357,39.603391],[116.642324,39.604682],[116.643002,39.601726],[116.645543,39.602082],[116.646534,39.599123],[116.649527,39.599852],[116.649606,39.603799],[116.650302,39.599936],[116.654374,39.599591],[116.657673,39.600752],[116.657699,39.603439],[116.665089,39.605393],[116.680209,39.601224],[116.680226,39.599626],[116.682367,39.600724],[116.682802,39.598402],[116.684674,39.600581],[116.688705,39.599824],[116.688894,39.59849],[116.693596,39.601462],[116.696416,39.595397],[116.699132,39.595463],[116.700689,39.590959],[116.705101,39.587976],[116.711601,39.58799],[116.715404,39.590262],[116.720031,39.590346],[116.722937,39.592781],[116.723911,39.592087],[116.723537,39.595052],[116.724728,39.592414],[116.727059,39.59305],[116.726946,39.595451],[116.72632,39.597812],[116.726086,39.595415],[116.724599,39.59804],[116.724711,39.595209],[116.722625,39.599397],[116.71851,39.600251],[116.721051,39.60058],[116.718319,39.601084],[116.717997,39.603272],[116.715414,39.604033],[116.71397,39.60288],[116.713483,39.605506],[116.702571,39.610425],[116.704321,39.610983],[116.703895,39.613674],[116.702198,39.614166],[116.700745,39.621062],[116.70534,39.62146],[116.705993,39.619017],[116.710056,39.618064],[116.725411,39.624149],[116.730193,39.62293],[116.730506,39.619145],[116.732819,39.61919],[116.733383,39.617211],[116.737608,39.617336],[116.737869,39.615378],[116.744005,39.616819],[116.744822,39.619333],[116.747289,39.618348],[116.74868,39.619938],[116.754552,39.618033],[116.762618,39.613813],[116.770152,39.607559],[116.770351,39.605714],[116.774196,39.605446],[116.774889,39.599164],[116.779348,39.593091],[116.785064,39.593494],[116.785464,39.596207],[116.79071,39.596041],[116.789376,39.602589],[116.792844,39.602159],[116.790018,39.610537],[116.802087,39.612297],[116.800978,39.613362],[116.812384,39.615914],[116.815,39.610739],[116.813086,39.609935],[116.816049,39.605554],[116.812062,39.604523],[116.813951,39.600139],[116.808162,39.600457],[116.807451,39.603093],[116.808604,39.603651],[116.806992,39.603845],[116.810667,39.605832],[116.809818,39.608685],[116.799867,39.603999],[116.805233,39.603371],[116.805995,39.601646],[116.803403,39.600782],[116.805458,39.599502],[116.804261,39.598909],[116.806844,39.599426],[116.8083,39.597396],[116.805162,39.596546],[116.804486,39.597888],[116.802805,39.597478],[116.803204,39.59605],[116.800525,39.595984],[116.798436,39.597776],[116.799164,39.595166],[116.797906,39.594369],[116.800403,39.588708],[116.798443,39.589158],[116.799813,39.586573],[116.811636,39.576962],[116.808464,39.576485],[116.809278,39.574109],[116.807839,39.574202],[116.807231,39.571478],[116.796881,39.567886],[116.799197,39.564743],[116.795659,39.564456],[116.791566,39.559752],[116.792372,39.556229],[116.789089,39.555757],[116.787039,39.551759],[116.787507,39.54875],[116.790628,39.548912],[116.790993,39.546728],[116.795267,39.545754],[116.798465,39.53645],[116.801923,39.536719],[116.803015,39.530374],[116.807582,39.528483],[116.815668,39.529572],[116.819602,39.52851],[116.818372,39.532997],[116.822003,39.534462],[116.822982,39.532828],[116.825641,39.527171],[116.823102,39.527344],[116.826202,39.513111],[116.816116,39.510637],[116.818248,39.510061],[116.813984,39.510285],[116.816384,39.500864],[116.814399,39.502178],[116.8142,39.500881],[116.811011,39.500834],[116.811193,39.499423],[116.815734,39.49935],[116.818843,39.488463],[116.821633,39.486461],[116.820723,39.482404],[116.817811,39.482144],[116.820558,39.480589],[116.812924,39.481961],[116.813158,39.480441],[116.810722,39.480315],[116.811234,39.477544],[116.798492,39.47558],[116.799116,39.473413],[116.792544,39.473426],[116.792847,39.471723],[116.788858,39.47201],[116.789101,39.469518],[116.786516,39.4684],[116.788884,39.467052],[116.780389,39.467441],[116.780204,39.469043],[116.769353,39.467056],[116.768287,39.476185],[116.771537,39.476923],[116.762455,39.476577],[116.762231,39.478283],[116.768043,39.478912],[116.756994,39.484959],[116.748248,39.485835],[116.742937,39.490227],[116.742462,39.492673],[116.712887,39.508187],[116.674317,39.531528],[116.663832,39.531759],[116.662917,39.535838],[116.665529,39.536461],[116.642257,39.549315],[116.629562,39.543791],[116.629546,39.538422],[116.618114,39.546128],[116.617974,39.542328],[116.615632,39.541826],[116.616209,39.537406],[116.61319,39.53744],[116.614227,39.531366],[116.610452,39.530757],[116.610679,39.52763],[116.615801,39.523681],[116.626788,39.525],[116.634437,39.523619],[116.635512,39.513715],[116.651494,39.514729],[116.654009,39.507135],[116.659719,39.505927],[116.663238,39.503391],[116.664976,39.495358],[116.659054,39.491504],[116.643598,39.495968],[116.642869,39.500197],[116.635477,39.499199],[116.627384,39.503716],[116.616439,39.501998],[116.615414,39.500671],[116.617829,39.486589],[116.607548,39.482689],[116.607573,39.478509],[116.601239,39.476992],[116.601574,39.475088],[116.596508,39.473063],[116.600567,39.466712],[116.598894,39.465721],[116.598674,39.461193],[116.601907,39.461892],[116.602051,39.45934],[116.591391,39.461942],[116.579746,39.460334],[116.572607,39.46514],[116.574609,39.469448],[116.576509,39.470127],[116.576174,39.472604],[116.57152,39.470387],[116.569887,39.467359],[116.568671,39.468056],[116.569511,39.470627],[116.56459,39.471086],[116.560897,39.476566],[116.562037,39.47744],[116.552706,39.478141],[116.552019,39.475911],[116.546937,39.475499],[116.545862,39.478938],[116.541163,39.476959],[116.541362,39.472619],[116.539928,39.471247],[116.534729,39.468966],[116.522324,39.469613],[116.500219,39.467282],[116.48222,39.46354],[116.4708,39.45664],[116.470419,39.454635],[116.467078,39.452703],[116.454685,39.45331],[116.456088,39.458938],[116.453982,39.457516],[116.448648,39.465124],[116.448763,39.476287],[116.446988,39.479286],[116.443799,39.477945],[116.444146,39.482199]]]}},{"type":"Feature","properties":{"dt_adcode":"131022"},"geometry":{"type":"Polygon","coordinates":[[[116.244694,39.517344],[116.245825,39.514891],[116.255225,39.508432],[116.257938,39.500524],[116.267388,39.496153],[116.275624,39.495193],[116.28003,39.491106],[116.282512,39.490956],[116.283197,39.493947],[116.306448,39.488966],[116.30696,39.485016],[116.312708,39.480556],[116.314169,39.476676],[116.319939,39.473429],[116.320551,39.467944],[116.325094,39.466154],[116.325603,39.462963],[116.328513,39.460475],[116.337978,39.455683],[116.344469,39.455773],[116.34553,39.453674],[116.350167,39.452905],[116.351133,39.455534],[116.362971,39.455658],[116.363032,39.453101],[116.367797,39.451636],[116.387775,39.450527],[116.391895,39.452901],[116.39978,39.450052],[116.408951,39.450263],[116.424744,39.447143],[116.434393,39.442758],[116.437236,39.445954],[116.450352,39.448526],[116.45063,39.45259],[116.452864,39.453758],[116.462639,39.453316],[116.459357,39.446337],[116.459261,39.441075],[116.463459,39.436789],[116.457389,39.414605],[116.459262,39.411219],[116.468968,39.410481],[116.469307,39.417371],[116.47314,39.417461],[116.473461,39.41045],[116.475551,39.407587],[116.478678,39.407457],[116.47789,39.401071],[116.47899,39.403259],[116.481852,39.403395],[116.481221,39.399768],[116.478819,39.397324],[116.481528,39.395774],[116.481498,39.394161],[116.476054,39.394507],[116.470953,39.390309],[116.469014,39.390354],[116.468554,39.391964],[116.464346,39.387886],[116.464818,39.383935],[116.463116,39.381366],[116.458731,39.381587],[116.454013,39.377886],[116.445297,39.378345],[116.44512,39.375919],[116.440329,39.37694],[116.425367,39.36341],[116.425533,39.358459],[116.417057,39.358412],[116.404728,39.350927],[116.405034,39.344957],[116.396751,39.343729],[116.392668,39.344934],[116.381729,39.333926],[116.381893,39.331412],[116.380338,39.331258],[116.379378,39.317627],[116.382412,39.314395],[116.38324,39.307775],[116.38631,39.307766],[116.387412,39.306201],[116.393388,39.307418],[116.394972,39.305564],[116.398375,39.306143],[116.399656,39.302659],[116.396045,39.300097],[116.398199,39.290761],[116.397052,39.284276],[116.394836,39.284361],[116.394218,39.287723],[116.392533,39.287186],[116.392728,39.284406],[116.390647,39.28458],[116.393841,39.273237],[116.391054,39.27314],[116.391107,39.2707],[116.387387,39.270371],[116.387497,39.262406],[116.386386,39.260029],[116.384819,39.259949],[116.38547,39.250894],[116.380396,39.251816],[116.380212,39.249577],[116.378348,39.249029],[116.378793,39.245557],[116.381969,39.245532],[116.381533,39.241007],[116.378673,39.23913],[116.382259,39.225647],[116.383163,39.215497],[116.385347,39.213821],[116.382279,39.211373],[116.379216,39.211574],[116.378173,39.206551],[116.376818,39.207566],[116.377616,39.210011],[116.371716,39.210907],[116.371826,39.215066],[116.363322,39.215504],[116.36137,39.220792],[116.354884,39.219684],[116.354371,39.217471],[116.351725,39.217751],[116.349731,39.210322],[116.324287,39.194492],[116.295584,39.180122],[116.29348,39.173713],[116.296652,39.163625],[116.298132,39.145002],[116.296567,39.144937],[116.296017,39.141906],[116.289031,39.142677],[116.288759,39.138322],[116.284904,39.138639],[116.284586,39.136916],[116.279279,39.136417],[116.27891,39.134889],[116.275165,39.133794],[116.262826,39.132183],[116.262436,39.13812],[116.221824,39.147833],[116.211309,39.157271],[116.207016,39.176759],[116.209487,39.200341],[116.206586,39.207451],[116.197807,39.212072],[116.191937,39.21187],[116.18696,39.216244],[116.186112,39.222434],[116.196486,39.240481],[116.201102,39.251896],[116.196356,39.259208],[116.196038,39.263393],[116.203451,39.27732],[116.204459,39.301359],[116.208946,39.314397],[116.20874,39.330199],[116.198257,39.351311],[116.192405,39.356832],[116.187114,39.358157],[116.185497,39.357729],[116.184763,39.354065],[116.180211,39.351398],[116.175278,39.351829],[116.175694,39.354488],[116.174334,39.355104],[116.168831,39.355259],[116.1425,39.354735],[116.140463,39.351584],[116.135799,39.351809],[116.134267,39.35517],[116.129458,39.358659],[116.128328,39.354481],[116.125292,39.355601],[116.127051,39.360411],[116.12508,39.360949],[116.123938,39.365055],[116.121576,39.363433],[116.117637,39.364813],[116.116676,39.374175],[116.118994,39.379823],[116.124675,39.383898],[116.126834,39.387374],[116.131474,39.398884],[116.13302,39.405522],[116.132106,39.429445],[116.133993,39.430889],[116.141086,39.42991],[116.140971,39.433183],[116.139303,39.433479],[116.140316,39.436372],[116.135148,39.437076],[116.14448,39.451141],[116.146128,39.459414],[116.151299,39.471012],[116.161246,39.472199],[116.164766,39.478447],[116.171459,39.478616],[116.171511,39.484735],[116.174685,39.484768],[116.174846,39.486753],[116.179914,39.486559],[116.180522,39.494509],[116.182138,39.49632],[116.189598,39.49641],[116.191196,39.501802],[116.204038,39.503042],[116.203447,39.506886],[116.20499,39.507058],[116.206563,39.511899],[116.220871,39.511634],[116.220814,39.509471],[116.224311,39.508688],[116.222752,39.501983],[116.23,39.505077],[116.237882,39.516641],[116.244694,39.517344]]]}},{"type":"Feature","properties":{"dt_adcode":"131023"},"geometry":{"type":"Polygon","coordinates":[[[116.730535,39.188322],[116.724834,39.187782],[116.710264,39.181556],[116.703525,39.183353],[116.702723,39.185795],[116.704745,39.185728],[116.703558,39.189579],[116.695342,39.189482],[116.695856,39.187301],[116.693706,39.187301],[116.694733,39.183482],[116.68671,39.180305],[116.688218,39.177577],[116.685715,39.175812],[116.688084,39.172959],[116.685338,39.168114],[116.667553,39.160871],[116.658092,39.159086],[116.645136,39.161667],[116.599523,39.157815],[116.598801,39.146263],[116.601682,39.130385],[116.590009,39.13038],[116.540477,39.138539],[116.530831,39.14183],[116.523811,39.15306],[116.51952,39.155524],[116.510446,39.154716],[116.50288,39.161533],[116.480596,39.193096],[116.474757,39.196807],[116.466251,39.196412],[116.452408,39.19216],[116.43685,39.193174],[116.432112,39.198648],[116.426376,39.198557],[116.426321,39.201019],[116.421398,39.201511],[116.422093,39.205858],[116.415513,39.20678],[116.416295,39.209379],[116.411929,39.209821],[116.412056,39.207109],[116.408921,39.207164],[116.408232,39.20587],[116.393577,39.206081],[116.394135,39.208373],[116.392354,39.208566],[116.392343,39.211026],[116.388418,39.211297],[116.388578,39.214507],[116.385347,39.213821],[116.383163,39.215497],[116.382259,39.225647],[116.378673,39.23913],[116.381533,39.241007],[116.381969,39.245532],[116.378793,39.245557],[116.378348,39.249029],[116.380212,39.249577],[116.380396,39.251816],[116.38547,39.250894],[116.384819,39.259949],[116.386386,39.260029],[116.387497,39.262406],[116.387387,39.270371],[116.391107,39.2707],[116.391054,39.27314],[116.393841,39.273237],[116.390647,39.28458],[116.392728,39.284406],[116.392533,39.287186],[116.394218,39.287723],[116.394836,39.284361],[116.397052,39.284276],[116.398199,39.290761],[116.396045,39.300097],[116.399656,39.302659],[116.398375,39.306143],[116.394972,39.305564],[116.393388,39.307418],[116.387412,39.306201],[116.38631,39.307766],[116.38324,39.307775],[116.382412,39.314395],[116.379378,39.317627],[116.380338,39.331258],[116.381893,39.331412],[116.381729,39.333926],[116.392668,39.344934],[116.396751,39.343729],[116.405034,39.344957],[116.404728,39.350927],[116.417057,39.358412],[116.425533,39.358459],[116.425367,39.36341],[116.440329,39.37694],[116.44512,39.375919],[116.445297,39.378345],[116.454013,39.377886],[116.458731,39.381587],[116.463116,39.381366],[116.464818,39.383935],[116.464346,39.387886],[116.468554,39.391964],[116.469014,39.390354],[116.470953,39.390309],[116.476054,39.394507],[116.481498,39.394161],[116.481528,39.395774],[116.478819,39.397324],[116.481221,39.399768],[116.481852,39.403395],[116.47899,39.403259],[116.47789,39.401071],[116.478678,39.407457],[116.475551,39.407587],[116.473461,39.41045],[116.47314,39.417461],[116.469307,39.417371],[116.468968,39.410481],[116.459262,39.411219],[116.457389,39.414605],[116.463459,39.436789],[116.459261,39.441075],[116.459357,39.446337],[116.462639,39.453316],[116.467078,39.452703],[116.470419,39.454635],[116.4708,39.45664],[116.48222,39.46354],[116.511712,39.468789],[116.534729,39.468966],[116.539928,39.471247],[116.541362,39.472619],[116.541163,39.476959],[116.545862,39.478938],[116.546937,39.475499],[116.552019,39.475911],[116.552706,39.478141],[116.562037,39.47744],[116.560897,39.476566],[116.56459,39.471086],[116.569511,39.470627],[116.568671,39.468056],[116.569887,39.467359],[116.57152,39.470387],[116.576174,39.472604],[116.576509,39.470127],[116.574609,39.469448],[116.572607,39.46514],[116.577894,39.462539],[116.577026,39.461439],[116.579746,39.460334],[116.591391,39.461942],[116.602051,39.45934],[116.602274,39.447952],[116.609995,39.447671],[116.623186,39.437664],[116.63931,39.435308],[116.642337,39.431159],[116.640213,39.426403],[116.656877,39.408037],[116.665972,39.401124],[116.674736,39.391692],[116.678504,39.384118],[116.679083,39.378021],[116.675602,39.378266],[116.678137,39.3698],[116.67591,39.367948],[116.676246,39.354782],[116.678726,39.351503],[116.677054,39.349897],[116.682186,39.349486],[116.676936,39.348879],[116.677207,39.342702],[116.686091,39.343173],[116.690146,39.333726],[116.686317,39.333802],[116.685926,39.329582],[116.682326,39.328964],[116.684561,39.325164],[116.688906,39.325283],[116.68923,39.315422],[116.691473,39.308985],[116.685543,39.282176],[116.687047,39.259723],[116.695184,39.24823],[116.69326,39.244053],[116.693791,39.234686],[116.715509,39.232886],[116.728547,39.226909],[116.745523,39.226565],[116.750222,39.22043],[116.750578,39.212491],[116.742991,39.202743],[116.730777,39.191452],[116.730535,39.188322]]]}},{"type":"Feature","properties":{"dt_adcode":"131024"},"geometry":{"type":"Polygon","coordinates":[[[116.90444,39.689771],[116.892511,39.689984],[116.889908,39.687659],[116.887817,39.690947],[116.893364,39.693191],[116.892256,39.694907],[116.893507,39.695784],[116.89045,39.701022],[116.888998,39.700251],[116.886639,39.701826],[116.888183,39.702776],[116.88637,39.707001],[116.886853,39.711543],[116.888054,39.71154],[116.886249,39.713754],[116.887345,39.714076],[116.886756,39.716442],[116.884628,39.716134],[116.882759,39.718611],[116.887587,39.725513],[116.899582,39.726093],[116.899756,39.727516],[116.902551,39.727668],[116.902282,39.729417],[116.91672,39.731402],[116.916355,39.735877],[116.912941,39.735685],[116.912628,39.738146],[116.911073,39.737981],[116.910674,39.740946],[116.914453,39.741759],[116.911873,39.744892],[116.913176,39.745969],[116.911856,39.747952],[116.907644,39.751663],[116.907253,39.755952],[116.901548,39.75521],[116.89956,39.758631],[116.902408,39.759125],[116.901818,39.763622],[116.908288,39.766712],[116.910607,39.762276],[116.913483,39.761422],[116.915438,39.762877],[116.914013,39.765532],[116.920914,39.769169],[116.9165,39.775929],[116.921724,39.780625],[116.939275,39.781354],[116.942625,39.778486],[116.945889,39.779233],[116.945784,39.777367],[116.947128,39.77747],[116.949737,39.77855],[116.948005,39.785366],[116.953804,39.786071],[116.950835,39.791526],[116.93831,39.793125],[116.936284,39.795097],[116.934805,39.801146],[116.942846,39.801622],[116.942367,39.803461],[116.928475,39.813081],[116.928867,39.820916],[116.925895,39.835402],[116.917439,39.846912],[116.922558,39.848421],[116.921254,39.85066],[116.926906,39.854479],[116.934686,39.855729],[116.935902,39.853679],[116.94338,39.855242],[116.945606,39.852801],[116.954896,39.851951],[116.960307,39.85497],[116.959824,39.857047],[116.963457,39.858042],[116.967028,39.850384],[116.966561,39.848391],[116.970134,39.84287],[116.981916,39.845768],[116.97982,39.849983],[116.994611,39.85254],[116.997259,39.849879],[117.003507,39.848786],[117.005823,39.842013],[117.014379,39.842026],[117.016249,39.839655],[117.020336,39.838418],[117.01802,39.831474],[117.02509,39.822998],[117.028263,39.824319],[117.028624,39.828438],[117.049915,39.830216],[117.056721,39.819624],[117.052273,39.815932],[117.056482,39.815582],[117.060123,39.811586],[117.070159,39.808154],[117.073856,39.808205],[117.076718,39.811076],[117.110952,39.810514],[117.109374,39.814979],[117.111692,39.818661],[117.116779,39.820571],[117.117138,39.821997],[117.139459,39.827111],[117.149299,39.826394],[117.159083,39.821868],[117.158857,39.819564],[117.156335,39.817484],[117.161663,39.807023],[117.157148,39.806762],[117.157503,39.79673],[117.161532,39.796927],[117.162953,39.798557],[117.165873,39.79672],[117.167771,39.799668],[117.171263,39.799805],[117.17193,39.797269],[117.175439,39.79751],[117.176435,39.795177],[117.178739,39.795346],[117.180626,39.782459],[117.198682,39.771974],[117.200059,39.768664],[117.2059,39.763845],[117.20174,39.759906],[117.194963,39.759835],[117.192831,39.754986],[117.18693,39.755804],[117.184738,39.751906],[117.173067,39.751884],[117.167211,39.749535],[117.163008,39.749897],[117.162106,39.746127],[117.166116,39.738028],[117.164626,39.736993],[117.160372,39.73902],[117.160501,39.736467],[117.153736,39.73632],[117.153316,39.729842],[117.155283,39.729244],[117.153185,39.722736],[117.158862,39.723391],[117.157319,39.722217],[117.164165,39.720421],[117.165048,39.717932],[117.166314,39.722197],[117.168168,39.721542],[117.169207,39.71759],[117.163575,39.715812],[117.164285,39.711826],[117.169146,39.713532],[117.170696,39.708303],[117.168296,39.708159],[117.168538,39.705077],[117.170609,39.704356],[117.168616,39.703509],[117.171267,39.70126],[117.169456,39.698225],[117.169922,39.687133],[117.167713,39.686876],[117.170111,39.673368],[117.166134,39.672966],[117.166575,39.669792],[117.164626,39.669097],[117.16466,39.666705],[117.159608,39.666853],[117.158906,39.661228],[117.16089,39.660348],[117.160777,39.658686],[117.163108,39.659932],[117.164017,39.651738],[117.166443,39.653006],[117.166374,39.651569],[117.169251,39.651799],[117.169067,39.648155],[117.177671,39.645627],[117.177896,39.64297],[117.173009,39.641212],[117.172827,39.636763],[117.157949,39.636599],[117.154768,39.631099],[117.150789,39.630806],[117.150278,39.628636],[117.15416,39.626047],[117.152167,39.625829],[117.152643,39.623514],[117.146246,39.622422],[117.145648,39.620677],[117.140082,39.62095],[117.136084,39.618077],[117.125103,39.621912],[117.124097,39.620541],[117.127065,39.616979],[117.121866,39.617283],[117.120895,39.621646],[117.121189,39.619176],[117.117596,39.619065],[117.117328,39.620676],[117.112666,39.621372],[117.112371,39.624407],[117.10876,39.625645],[117.108429,39.622776],[117.107639,39.62555],[117.103279,39.625159],[117.103306,39.627929],[117.100934,39.629656],[117.078594,39.637903],[117.057061,39.644575],[117.01577,39.654061],[117.015804,39.651977],[117.01127,39.651195],[117.011557,39.648248],[117.007878,39.648589],[117.007494,39.64633],[117.004276,39.645713],[117.004407,39.644511],[116.989923,39.641489],[116.991213,39.639153],[116.988659,39.640509],[116.977038,39.636361],[116.974563,39.636793],[116.973282,39.639029],[116.975008,39.63929],[116.974695,39.646665],[116.97066,39.648881],[116.964369,39.643588],[116.962391,39.644164],[116.957741,39.651061],[116.955338,39.658657],[116.957508,39.66625],[116.945693,39.670786],[116.945467,39.676611],[116.951457,39.678145],[116.944989,39.684658],[116.943145,39.694435],[116.948378,39.702826],[116.952661,39.699657],[116.950851,39.706825],[116.937682,39.706404],[116.935976,39.703533],[116.932401,39.706714],[116.916925,39.706381],[116.916863,39.699345],[116.919532,39.698204],[116.919749,39.696042],[116.915534,39.698259],[116.91284,39.697854],[116.913561,39.695437],[116.911294,39.695428],[116.912587,39.689229],[116.90595,39.687917],[116.90444,39.689771]]]}},{"type":"Feature","properties":{"dt_adcode":"131025"},"geometry":{"type":"Polygon","coordinates":[[[116.765787,38.746397],[116.763841,38.733766],[116.758831,38.732043],[116.76213,38.728486],[116.761019,38.72744],[116.762364,38.724409],[116.765853,38.723782],[116.76647,38.720083],[116.764724,38.715837],[116.762476,38.715668],[116.762076,38.709038],[116.755728,38.708752],[116.754434,38.704766],[116.745593,38.706002],[116.745097,38.702443],[116.753009,38.703042],[116.753009,38.700988],[116.754529,38.700884],[116.758029,38.703771],[116.757664,38.702443],[116.762544,38.701018],[116.762474,38.695964],[116.768559,38.692935],[116.768636,38.686574],[116.765433,38.685889],[116.765224,38.682742],[116.767888,38.674091],[116.7743,38.664171],[116.775063,38.658435],[116.770028,38.642229],[116.767689,38.637758],[116.764313,38.636502],[116.764726,38.62821],[116.763287,38.628959],[116.763223,38.633853],[116.760226,38.635027],[116.755326,38.634132],[116.755103,38.636206],[116.743333,38.634438],[116.742789,38.631808],[116.738236,38.631343],[116.740938,38.62867],[116.739704,38.628116],[116.741601,38.622929],[116.735956,38.621392],[116.737311,38.619082],[116.733751,38.614035],[116.720918,38.612809],[116.715055,38.609355],[116.702811,38.619123],[116.693981,38.610234],[116.694841,38.613682],[116.693503,38.614878],[116.688933,38.609999],[116.680559,38.605933],[116.687528,38.603125],[116.680292,38.592692],[116.668347,38.592749],[116.661877,38.582301],[116.668463,38.5792],[116.666145,38.576481],[116.666652,38.573199],[116.669892,38.572319],[116.671625,38.566525],[116.660262,38.567488],[116.659183,38.56576],[116.655925,38.565981],[116.655144,38.563832],[116.643363,38.564779],[116.643223,38.560876],[116.641311,38.561381],[116.640891,38.557559],[116.645637,38.558749],[116.6437,38.554139],[116.646556,38.553182],[116.649657,38.558494],[116.652018,38.555893],[116.6524,38.551177],[116.65675,38.551398],[116.659776,38.548119],[116.664355,38.54714],[116.66545,38.544449],[116.672671,38.546551],[116.674756,38.543687],[116.674798,38.540326],[116.669798,38.538519],[116.66825,38.530025],[116.66204,38.525508],[116.659578,38.518594],[116.654478,38.51898],[116.655462,38.514618],[116.652944,38.512562],[116.653133,38.510058],[116.648229,38.509918],[116.64714,38.50648],[116.638772,38.506938],[116.638273,38.509676],[116.628365,38.509349],[116.630518,38.513711],[116.621199,38.514361],[116.618694,38.508815],[116.615443,38.508971],[116.613904,38.503089],[116.627335,38.501065],[116.619951,38.490486],[116.614054,38.490303],[116.612518,38.488583],[116.615784,38.486745],[116.613911,38.48347],[116.616049,38.483215],[116.616113,38.477038],[116.620856,38.47741],[116.620309,38.473945],[116.617381,38.473329],[116.613779,38.47348],[116.614096,38.477154],[116.609638,38.477093],[116.610624,38.479666],[116.605107,38.479389],[116.601912,38.480381],[116.60166,38.482655],[116.596938,38.482846],[116.597226,38.487032],[116.589891,38.483938],[116.590871,38.479459],[116.582558,38.478527],[116.58184,38.476062],[116.579707,38.475874],[116.581577,38.470316],[116.569747,38.47102],[116.563185,38.478159],[116.562556,38.480277],[116.566037,38.480681],[116.566017,38.482505],[116.560944,38.484957],[116.563684,38.492171],[116.559371,38.496785],[116.551231,38.497535],[116.538126,38.495582],[116.532277,38.491965],[116.519457,38.488181],[116.509705,38.489074],[116.508924,38.487089],[116.501982,38.489079],[116.484636,38.489322],[116.47636,38.494739],[116.472993,38.493027],[116.465694,38.494084],[116.46398,38.499559],[116.464944,38.50273],[116.458971,38.504409],[116.456479,38.503635],[116.454273,38.505584],[116.45515,38.508617],[116.451309,38.50898],[116.451877,38.512855],[116.449596,38.513491],[116.449777,38.518286],[116.453123,38.517838],[116.456398,38.529168],[116.45029,38.530189],[116.452658,38.53449],[116.439099,38.533485],[116.435303,38.528043],[116.433328,38.52875],[116.433123,38.531087],[116.435662,38.538646],[116.431107,38.539589],[116.433316,38.545651],[116.43044,38.547814],[116.432181,38.552536],[116.437227,38.552359],[116.437661,38.554445],[116.448478,38.557263],[116.455133,38.555746],[116.455486,38.557659],[116.44805,38.567755],[116.454836,38.580334],[116.426337,38.586675],[116.42721,38.590859],[116.419202,38.599308],[116.396192,38.607435],[116.38197,38.619168],[116.380069,38.623543],[116.385799,38.623112],[116.38626,38.625508],[116.381845,38.625918],[116.383284,38.628141],[116.37884,38.628045],[116.377582,38.630115],[116.374093,38.639672],[116.370309,38.662267],[116.366876,38.673043],[116.36639,38.685408],[116.370826,38.692496],[116.388446,38.699082],[116.406328,38.703593],[116.423674,38.71473],[116.428679,38.720201],[116.433118,38.726128],[116.435806,38.733216],[116.431908,38.755457],[116.47132,38.755645],[116.484124,38.752571],[116.49688,38.744905],[116.504438,38.74255],[116.51896,38.741213],[116.519624,38.736757],[116.524842,38.736334],[116.526607,38.740206],[116.537662,38.740891],[116.546741,38.744712],[116.559462,38.760873],[116.565414,38.772053],[116.573352,38.776344],[116.594732,38.779861],[116.60787,38.802458],[116.633386,38.819021],[116.633561,38.825861],[116.63535,38.825723],[116.637569,38.838562],[116.63419,38.84617],[116.639043,38.844233],[116.641326,38.844981],[116.640957,38.848478],[116.632634,38.850314],[116.643928,38.848374],[116.649883,38.862508],[116.645371,38.863147],[116.647393,38.868398],[116.645423,38.868735],[116.645557,38.870622],[116.654008,38.871427],[116.654582,38.874559],[116.660569,38.874158],[116.660481,38.872744],[116.673542,38.872436],[116.682822,38.869744],[116.683344,38.871187],[116.687697,38.871269],[116.686199,38.865239],[116.688827,38.864857],[116.688618,38.862446],[116.693396,38.859845],[116.693666,38.855963],[116.696677,38.854662],[116.696616,38.849641],[116.69853,38.848611],[116.707468,38.849108],[116.707451,38.853004],[116.709766,38.853954],[116.712367,38.853793],[116.712776,38.851227],[116.713133,38.853238],[116.746025,38.851458],[116.743495,38.839198],[116.743754,38.831564],[116.747447,38.830284],[116.749289,38.831979],[116.7512,38.831276],[116.74908,38.824431],[116.746239,38.824643],[116.744569,38.814932],[116.738485,38.807051],[116.744021,38.805318],[116.740761,38.799219],[116.746097,38.798588],[116.745766,38.795743],[116.741421,38.79621],[116.737335,38.784487],[116.742767,38.784017],[116.742323,38.78083],[116.75131,38.780196],[116.745083,38.752527],[116.7463,38.754243],[116.758938,38.754879],[116.759511,38.751674],[116.76281,38.750549],[116.763608,38.746098],[116.765787,38.746397]]]}},{"type":"Feature","properties":{"dt_adcode":"131026"},"geometry":{"type":"Polygon","coordinates":[[[116.431908,38.755457],[116.42297,38.770398],[116.409888,38.780542],[116.390342,38.789784],[116.357872,38.799274],[116.338265,38.806877],[116.321425,38.81081],[116.321,38.808918],[116.319496,38.808847],[116.320243,38.811009],[116.310975,38.812404],[116.290216,38.811898],[116.271971,38.816644],[116.273465,38.821804],[116.281158,38.819892],[116.283415,38.82367],[116.281376,38.826241],[116.27583,38.827208],[116.278794,38.836429],[116.274672,38.837416],[116.275111,38.838782],[116.272688,38.83986],[116.27092,38.839095],[116.249154,38.845939],[116.24751,38.848889],[116.248875,38.859626],[116.236585,38.863284],[116.232107,38.871895],[116.220161,38.868131],[116.218831,38.871755],[116.21221,38.870265],[116.211582,38.872567],[116.207512,38.873117],[116.208426,38.875573],[116.206131,38.885662],[116.202175,38.887226],[116.201804,38.889695],[116.204387,38.892429],[116.205552,38.901202],[116.202449,38.901427],[116.202415,38.909719],[116.19876,38.913013],[116.200042,38.915736],[116.203796,38.913582],[116.206232,38.914491],[116.206904,38.92145],[116.229555,38.924351],[116.232291,38.925917],[116.232176,38.929019],[116.227288,38.929674],[116.228091,38.942191],[116.235349,38.942791],[116.235382,38.949002],[116.243652,38.949353],[116.243762,38.945564],[116.245508,38.945381],[116.245356,38.934078],[116.237189,38.931531],[116.237657,38.928136],[116.253024,38.932054],[116.256236,38.936501],[116.260628,38.936078],[116.272837,38.942509],[116.279324,38.942815],[116.28725,38.945905],[116.291404,38.948658],[116.291201,38.964543],[116.297456,38.974589],[116.301095,38.974254],[116.307034,38.969896],[116.305142,38.968057],[116.306297,38.967015],[116.316183,38.962727],[116.316769,38.96553],[116.326111,38.973127],[116.327994,38.977698],[116.331087,38.977176],[116.335269,38.984127],[116.340192,38.984751],[116.343553,38.991746],[116.349939,38.996806],[116.353271,38.997384],[116.356013,39.003208],[116.369195,39.013691],[116.375128,39.032092],[116.372008,39.032599],[116.345618,39.025001],[116.346299,39.022528],[116.341543,39.035843],[116.365331,39.043075],[116.368759,39.037828],[116.385841,39.041698],[116.384569,39.053991],[116.39279,39.054048],[116.392845,39.058662],[116.399145,39.059096],[116.400541,39.044167],[116.412079,39.042986],[116.418198,39.044231],[116.417694,39.047916],[116.419356,39.044539],[116.42233,39.045134],[116.420794,39.048685],[116.425473,39.051023],[116.430236,39.050673],[116.437297,39.046356],[116.445866,39.04369],[116.453444,39.047474],[116.454316,39.046264],[116.45616,39.047082],[116.458842,39.048908],[116.458214,39.050137],[116.464744,39.052109],[116.478564,39.047187],[116.483338,39.042976],[116.495241,39.037986],[116.494363,39.036165],[116.495756,39.033614],[116.508719,39.02047],[116.54297,39.022053],[116.543504,39.019268],[116.551264,39.017369],[116.550907,39.009831],[116.565761,39.011208],[116.572053,39.004182],[116.575203,39.003748],[116.582971,39.004578],[116.595226,39.008538],[116.595256,39.012379],[116.599063,39.011963],[116.598573,39.016564],[116.602658,39.017166],[116.602667,39.021321],[116.605776,39.024496],[116.604323,39.027476],[116.599132,39.026631],[116.593737,39.028321],[116.600168,39.034992],[116.592874,39.035599],[116.59335,39.037615],[116.590429,39.040857],[116.592281,39.048294],[116.610321,39.046786],[116.611329,39.045164],[116.609435,39.042667],[116.613682,39.035532],[116.620846,39.035614],[116.62148,39.039104],[116.624346,39.039424],[116.626493,39.046377],[116.631019,39.045741],[116.63131,39.039824],[116.634686,39.040168],[116.636361,39.035529],[116.636777,39.039164],[116.640215,39.039514],[116.640944,39.036813],[116.649491,39.03938],[116.650408,39.04201],[116.656889,39.040233],[116.655539,39.035603],[116.651241,39.030068],[116.655784,39.023226],[116.649059,39.019228],[116.657038,39.018147],[116.657071,39.012859],[116.660747,39.011991],[116.672567,39.011037],[116.674145,39.015997],[116.686828,39.014375],[116.687828,39.021388],[116.686538,39.022233],[116.686823,39.026617],[116.692646,39.025149],[116.694066,39.027184],[116.694655,39.035822],[116.697354,39.036626],[116.701132,39.034116],[116.711455,39.033258],[116.712103,39.031139],[116.721704,39.031048],[116.728956,39.029205],[116.731978,39.028026],[116.730886,39.025751],[116.733409,39.025959],[116.739268,39.032817],[116.754439,39.034942],[116.755411,39.032536],[116.759353,39.031641],[116.759091,39.021192],[116.758371,39.019424],[116.754958,39.019125],[116.756034,39.010956],[116.7546,39.003225],[116.752394,39.003464],[116.751646,39.001214],[116.750525,38.994013],[116.748666,38.995763],[116.747831,38.991007],[116.745459,38.991419],[116.740366,38.980837],[116.735333,38.980621],[116.734898,38.977871],[116.728603,38.975359],[116.725393,38.966466],[116.723036,38.966589],[116.722623,38.956533],[116.718362,38.942974],[116.71617,38.938916],[116.710272,38.939256],[116.709992,38.931929],[116.708141,38.931854],[116.708028,38.897031],[116.722341,38.897055],[116.723127,38.85253],[116.713133,38.853238],[116.712776,38.851227],[116.712367,38.853793],[116.709766,38.853954],[116.707451,38.853004],[116.707468,38.849108],[116.69853,38.848611],[116.696616,38.849641],[116.696677,38.854662],[116.693666,38.855963],[116.693396,38.859845],[116.688618,38.862446],[116.688827,38.864857],[116.686199,38.865239],[116.687697,38.871269],[116.683344,38.871187],[116.682822,38.869744],[116.673542,38.872436],[116.660481,38.872744],[116.660569,38.874158],[116.657581,38.874714],[116.654582,38.874559],[116.654008,38.871427],[116.646879,38.871535],[116.645557,38.870622],[116.645423,38.868735],[116.647393,38.868398],[116.645371,38.863147],[116.649883,38.862508],[116.643928,38.848374],[116.632634,38.850314],[116.640957,38.848478],[116.641326,38.844981],[116.639043,38.844233],[116.63419,38.84617],[116.637569,38.838562],[116.63535,38.825723],[116.633561,38.825861],[116.633386,38.819021],[116.60787,38.802458],[116.594732,38.779861],[116.573352,38.776344],[116.565414,38.772053],[116.559462,38.760873],[116.546741,38.744712],[116.537662,38.740891],[116.526607,38.740206],[116.524842,38.736334],[116.519624,38.736757],[116.51896,38.741213],[116.504438,38.74255],[116.49688,38.744905],[116.484124,38.752571],[116.47132,38.755645],[116.431908,38.755457]]]}},{"type":"Feature","properties":{"dt_adcode":"131028"},"geometry":{"type":"Polygon","coordinates":[[[116.813121,39.881301],[116.812324,39.891646],[116.814032,39.892129],[116.828225,39.893363],[116.830893,39.891832],[116.844193,39.894374],[116.844366,39.890883],[116.848131,39.8914],[116.849337,39.887645],[116.856143,39.890635],[116.861375,39.890699],[116.861434,39.889636],[116.868805,39.89093],[116.866684,39.897532],[116.869353,39.90427],[116.867829,39.908078],[116.886586,39.913458],[116.886139,39.915727],[116.882082,39.915905],[116.881592,39.921253],[116.878297,39.921361],[116.874861,39.928171],[116.88296,39.929122],[116.883493,39.93194],[116.888998,39.935389],[116.900291,39.935299],[116.900696,39.93748],[116.902533,39.937474],[116.902923,39.941215],[116.905137,39.941326],[116.902988,39.945035],[116.899467,39.945267],[116.897017,39.948358],[116.89089,39.948951],[116.88951,39.953228],[116.891481,39.950914],[116.892454,39.952198],[116.894433,39.951293],[116.888493,39.960941],[116.885968,39.959036],[116.883855,39.963185],[116.881768,39.962443],[116.881806,39.959962],[116.876649,39.960411],[116.872353,39.965283],[116.881297,39.969504],[116.883003,39.972197],[116.881084,39.973658],[116.883424,39.974456],[116.883421,39.978055],[116.888351,39.97908],[116.888205,39.981244],[116.890224,39.982925],[116.892708,39.98024],[116.896481,39.981713],[116.899149,39.978149],[116.905644,39.976543],[116.908033,39.977625],[116.905654,39.981658],[116.917021,39.982985],[116.918442,39.980811],[116.916317,39.971854],[116.918349,39.969729],[116.923859,39.971728],[116.931559,39.97184],[116.936016,39.974384],[116.935707,39.976191],[116.942294,39.977436],[116.941856,39.979426],[116.945749,39.979869],[116.945107,39.982587],[116.947368,39.982749],[116.948809,39.976645],[116.956831,39.960273],[116.963691,39.96176],[116.965006,39.957466],[116.957298,39.95412],[116.957924,39.952496],[116.960438,39.952543],[116.957269,39.951932],[116.958376,39.949425],[116.962554,39.947517],[116.964813,39.943692],[116.962907,39.943096],[116.964076,39.938076],[116.960282,39.936287],[116.959796,39.929712],[116.963691,39.927866],[116.974388,39.929488],[116.975046,39.927956],[116.979844,39.929049],[116.983074,39.92806],[116.984296,39.92472],[116.985773,39.925718],[116.989722,39.921872],[116.992779,39.921926],[116.99391,39.918777],[116.991511,39.919013],[116.992466,39.915448],[116.990492,39.906227],[116.994804,39.902488],[117.004334,39.900218],[117.006724,39.901402],[117.010939,39.898491],[117.020641,39.897243],[117.020271,39.887711],[117.024928,39.88677],[117.026149,39.884771],[117.031759,39.88576],[117.030602,39.888537],[117.035938,39.893028],[117.040169,39.893635],[117.046429,39.889192],[117.043819,39.887661],[117.045424,39.885974],[117.044307,39.880757],[117.05779,39.881182],[117.060073,39.877448],[117.071854,39.87226],[117.071731,39.86944],[117.06602,39.861668],[117.066478,39.858992],[117.068092,39.858663],[117.067795,39.854829],[117.062614,39.855162],[117.056561,39.84928],[117.048681,39.848744],[117.051859,39.847554],[117.052683,39.844938],[117.050969,39.844752],[117.0511,39.843043],[117.0571,39.836724],[117.054153,39.834358],[117.054945,39.833096],[117.047551,39.829097],[117.045849,39.830272],[117.028624,39.828438],[117.028263,39.824319],[117.02509,39.822998],[117.01802,39.831474],[117.020336,39.838418],[117.016249,39.839655],[117.014379,39.842026],[117.005823,39.842013],[117.003507,39.848786],[116.997259,39.849879],[116.993521,39.852716],[116.985664,39.851483],[116.97982,39.849983],[116.981916,39.845768],[116.970134,39.84287],[116.966561,39.848391],[116.967028,39.850384],[116.963457,39.858042],[116.959824,39.857047],[116.960307,39.85497],[116.954896,39.851951],[116.945606,39.852801],[116.94338,39.855242],[116.935902,39.853679],[116.934686,39.855729],[116.925949,39.854032],[116.925428,39.852404],[116.921254,39.85066],[116.922558,39.848421],[116.917439,39.846912],[116.910375,39.8506],[116.908733,39.848872],[116.902819,39.848252],[116.902887,39.841346],[116.907576,39.834114],[116.906698,39.831362],[116.903346,39.830689],[116.894595,39.834169],[116.883638,39.845515],[116.878303,39.845217],[116.878633,39.842252],[116.873681,39.843704],[116.873828,39.842397],[116.871912,39.841944],[116.866052,39.843896],[116.865514,39.846914],[116.857177,39.848884],[116.852542,39.859054],[116.847238,39.858624],[116.839407,39.865779],[116.836894,39.864738],[116.82513,39.878684],[116.817019,39.878656],[116.815798,39.88131],[116.813121,39.881301]]]}},{"type":"Feature","properties":{"dt_adcode":"131081"},"geometry":{"type":"Polygon","coordinates":[[[116.382279,39.211373],[116.388578,39.214507],[116.388418,39.211297],[116.392343,39.211026],[116.392354,39.208566],[116.394135,39.208373],[116.393577,39.206081],[116.408232,39.20587],[116.408921,39.207164],[116.412056,39.207109],[116.411929,39.209821],[116.416295,39.209379],[116.415513,39.20678],[116.422093,39.205858],[116.421398,39.201511],[116.426321,39.201019],[116.426376,39.198557],[116.432112,39.198648],[116.43685,39.193174],[116.452408,39.19216],[116.466251,39.196412],[116.474757,39.196807],[116.480596,39.193096],[116.499404,39.165912],[116.507238,39.157373],[116.510446,39.154716],[116.51952,39.155524],[116.523811,39.15306],[116.530831,39.14183],[116.540477,39.138539],[116.590009,39.13038],[116.601682,39.130385],[116.598801,39.146263],[116.599523,39.157815],[116.645136,39.161667],[116.658092,39.159086],[116.667553,39.160871],[116.685338,39.168114],[116.688084,39.172959],[116.685715,39.175812],[116.688218,39.177577],[116.68671,39.180305],[116.694733,39.183482],[116.693706,39.187301],[116.695856,39.187301],[116.695342,39.189482],[116.703558,39.189579],[116.704745,39.185728],[116.702723,39.185795],[116.703525,39.183353],[116.710264,39.181556],[116.724834,39.187782],[116.730535,39.188322],[116.730049,39.182045],[116.726995,39.181096],[116.727207,39.171564],[116.740167,39.172096],[116.744343,39.169144],[116.756744,39.166033],[116.756656,39.161662],[116.765898,39.16144],[116.767259,39.156976],[116.771545,39.157114],[116.771291,39.160109],[116.773751,39.160603],[116.775616,39.153967],[116.787378,39.153201],[116.792487,39.150532],[116.791685,39.147586],[116.799885,39.147275],[116.801539,39.143856],[116.801686,39.147623],[116.803544,39.142835],[116.805152,39.143797],[116.802568,39.150777],[116.809619,39.156685],[116.814626,39.157911],[116.818491,39.157778],[116.819522,39.152852],[116.823169,39.152419],[116.82511,39.149815],[116.840706,39.150216],[116.863871,39.15401],[116.866766,39.155869],[116.870069,39.153654],[116.894064,39.154733],[116.909248,39.150756],[116.911731,39.149628],[116.911133,39.147117],[116.914008,39.146153],[116.913365,39.143195],[116.914721,39.142844],[116.915363,39.138258],[116.918995,39.138568],[116.923809,39.123996],[116.918455,39.123546],[116.919784,39.119942],[116.926122,39.119577],[116.9236,39.119171],[116.91929,39.109244],[116.913152,39.110606],[116.909886,39.114049],[116.909304,39.113737],[116.912684,39.11078],[116.911102,39.111044],[116.910485,39.107835],[116.908793,39.108149],[116.901888,39.090973],[116.896702,39.091681],[116.894201,39.084321],[116.890643,39.084853],[116.886608,39.077282],[116.882817,39.077937],[116.88148,39.071715],[116.877811,39.072588],[116.869876,39.069914],[116.873725,39.060537],[116.869927,39.059621],[116.871652,39.054668],[116.860304,39.053529],[116.860451,39.050567],[116.842141,39.049391],[116.842159,39.052165],[116.840139,39.052118],[116.840156,39.049599],[116.831475,39.049516],[116.821987,39.046754],[116.822603,39.048442],[116.819041,39.048297],[116.819301,39.050993],[116.813547,39.051655],[116.812828,39.049879],[116.812438,39.051061],[116.802679,39.050903],[116.802575,39.053244],[116.79616,39.054387],[116.792545,39.052446],[116.787801,39.052678],[116.787602,39.050124],[116.784843,39.048225],[116.783369,39.050958],[116.785902,39.05106],[116.782406,39.05274],[116.785026,39.052785],[116.785018,39.055699],[116.792192,39.057175],[116.796131,39.056333],[116.797185,39.060254],[116.78733,39.061927],[116.786805,39.059324],[116.781601,39.058456],[116.779474,39.053811],[116.781374,39.05344],[116.778841,39.049425],[116.774833,39.050427],[116.77301,39.046875],[116.760745,39.050558],[116.75662,39.050311],[116.751738,39.038963],[116.751702,39.03455],[116.739268,39.032817],[116.733409,39.025959],[116.730886,39.025751],[116.731978,39.028026],[116.728956,39.029205],[116.721704,39.031048],[116.712103,39.031139],[116.711455,39.033258],[116.701132,39.034116],[116.697354,39.036626],[116.694655,39.035822],[116.694066,39.027184],[116.692646,39.025149],[116.686823,39.026617],[116.686538,39.022233],[116.687828,39.021388],[116.686828,39.014375],[116.674145,39.015997],[116.672567,39.011037],[116.657071,39.012859],[116.657038,39.018147],[116.649059,39.019228],[116.655784,39.023226],[116.651241,39.030068],[116.655539,39.035603],[116.656889,39.040233],[116.650408,39.04201],[116.649491,39.03938],[116.640944,39.036813],[116.640215,39.039514],[116.636777,39.039164],[116.636361,39.035529],[116.634686,39.040168],[116.63131,39.039824],[116.631019,39.045741],[116.626493,39.046377],[116.624346,39.039424],[116.62148,39.039104],[116.620846,39.035614],[116.613682,39.035532],[116.609435,39.042667],[116.611329,39.045164],[116.610321,39.046786],[116.592281,39.048294],[116.590429,39.040857],[116.59335,39.037615],[116.592874,39.035599],[116.600168,39.034992],[116.593737,39.028321],[116.599132,39.026631],[116.604323,39.027476],[116.605776,39.024496],[116.602667,39.021321],[116.602658,39.017166],[116.598573,39.016564],[116.599063,39.011963],[116.595256,39.012379],[116.595226,39.008538],[116.582971,39.004578],[116.575203,39.003748],[116.572053,39.004182],[116.565761,39.011208],[116.550907,39.009831],[116.551264,39.017369],[116.543504,39.019268],[116.54297,39.022053],[116.508719,39.02047],[116.495756,39.033614],[116.494363,39.036165],[116.495241,39.037986],[116.483338,39.042976],[116.478564,39.047187],[116.464744,39.052109],[116.461625,39.051902],[116.45616,39.047082],[116.454316,39.046264],[116.453444,39.047474],[116.446986,39.043728],[116.437297,39.046356],[116.428217,39.051124],[116.420794,39.048685],[116.421932,39.044909],[116.419356,39.044539],[116.417694,39.047916],[116.418198,39.044231],[116.413399,39.042992],[116.400541,39.044167],[116.399145,39.059096],[116.392845,39.058662],[116.39279,39.054048],[116.384569,39.053991],[116.385841,39.041698],[116.368759,39.037828],[116.365331,39.043075],[116.341543,39.035843],[116.346299,39.022528],[116.345618,39.025001],[116.372008,39.032599],[116.375128,39.032092],[116.369195,39.013691],[116.356013,39.003208],[116.353271,38.997384],[116.349939,38.996806],[116.343553,38.991746],[116.340192,38.984751],[116.335269,38.984127],[116.332863,38.98578],[116.331582,38.98747],[116.333768,38.990364],[116.321526,38.998119],[116.317774,38.994765],[116.316031,38.995489],[116.318208,38.998769],[116.313951,38.998799],[116.310069,38.993426],[116.306356,38.994518],[116.305009,38.992224],[116.299595,38.993644],[116.301807,38.998049],[116.29929,38.999021],[116.300735,39.001735],[116.295959,39.003018],[116.296575,39.00679],[116.293771,39.007317],[116.299386,39.018614],[116.309071,39.016105],[116.305914,39.018654],[116.310344,39.019112],[116.311293,39.021437],[116.301703,39.022336],[116.304379,39.029542],[116.307147,39.032194],[116.319675,39.032164],[116.320601,39.035244],[116.324193,39.035311],[116.325197,39.032966],[116.330822,39.039338],[116.31862,39.037439],[116.316627,39.051408],[116.318382,39.067148],[116.317574,39.077917],[116.305339,39.098099],[116.299191,39.103149],[116.291059,39.103977],[116.29138,39.106341],[116.279509,39.108935],[116.279637,39.110466],[116.263147,39.127297],[116.262826,39.132183],[116.275165,39.133794],[116.27891,39.134889],[116.279279,39.136417],[116.284586,39.136916],[116.284904,39.138639],[116.288759,39.138322],[116.289031,39.142677],[116.296017,39.141906],[116.296567,39.144937],[116.298132,39.145002],[116.296652,39.163625],[116.29348,39.173713],[116.295584,39.180122],[116.324287,39.194492],[116.349731,39.210322],[116.351725,39.217751],[116.354371,39.217471],[116.354884,39.219684],[116.36137,39.220792],[116.363322,39.215504],[116.371826,39.215066],[116.371716,39.210907],[116.377616,39.210011],[116.376818,39.207566],[116.378173,39.206551],[116.379216,39.211574],[116.382279,39.211373]]]}},{"type":"Feature","properties":{"dt_adcode":"131082"},"geometry":{"type":"Polygon","coordinates":[[[116.805156,39.884895],[116.804141,39.877935],[116.80083,39.878521],[116.794745,39.881251],[116.785364,39.88953],[116.782165,39.91042],[116.782367,39.928277],[116.783472,39.936618],[116.787452,39.937065],[116.784384,39.940798],[116.785043,39.942719],[116.782876,39.946886],[116.777936,39.952466],[116.778286,39.955231],[116.775847,39.955839],[116.773382,39.960891],[116.773185,39.954881],[116.770103,39.954707],[116.764775,39.956086],[116.760674,39.959916],[116.759516,39.958586],[116.757332,39.961476],[116.758123,39.968135],[116.766433,39.976354],[116.766755,39.982278],[116.775366,39.992756],[116.775757,40.002939],[116.770465,40.011631],[116.775647,40.021681],[116.775422,40.026338],[116.777477,40.027207],[116.777809,40.032447],[116.781149,40.034641],[116.790221,40.03448],[116.789587,40.032488],[116.80026,40.02885],[116.803372,40.032157],[116.810774,40.031008],[116.811728,40.032314],[116.815298,40.03091],[116.815202,40.028648],[116.819994,40.028349],[116.819977,40.030315],[116.821744,40.029947],[116.820324,40.039716],[116.823158,40.039837],[116.822743,40.04647],[116.831728,40.048485],[116.831494,40.051203],[116.84949,40.051933],[116.850201,40.054974],[116.857809,40.051893],[116.856076,40.050077],[116.860929,40.049366],[116.867828,40.041868],[116.870681,40.041052],[116.880749,40.04617],[116.890266,40.045971],[116.891897,40.044629],[116.892384,40.046373],[116.901576,40.047437],[116.90849,40.05284],[116.914241,40.052594],[116.917976,40.044709],[116.924166,40.047468],[116.926566,40.052992],[116.928888,40.051188],[116.928106,40.054929],[116.930419,40.055331],[116.931697,40.052024],[116.938822,40.050883],[116.938935,40.04932],[116.936229,40.049299],[116.938665,40.048261],[116.937629,40.046914],[116.938848,40.045991],[116.943182,40.048563],[116.944487,40.04432],[116.94501,40.048639],[116.94527,40.041417],[116.96193,40.051364],[116.964282,40.050831],[116.964909,40.047833],[116.969292,40.04859],[116.970859,40.044367],[116.972411,40.044522],[116.969857,40.043188],[116.970606,40.039852],[116.968837,40.038676],[116.971155,40.036021],[116.978345,40.038396],[116.986191,40.038779],[117.00015,40.032248],[117.000673,40.029915],[117.011303,40.031218],[117.01112,40.032572],[117.014076,40.032885],[117.014599,40.03076],[117.017563,40.030495],[117.020894,40.032449],[117.021766,40.029635],[117.024948,40.030187],[117.023807,40.033717],[117.028515,40.03396],[117.027042,40.038826],[117.033153,40.042355],[117.038637,40.049371],[117.04336,40.051149],[117.051393,40.051094],[117.051149,40.052348],[117.053571,40.053031],[117.052025,40.05938],[117.055314,40.059198],[117.055428,40.060744],[117.061192,40.0601],[117.062237,40.061886],[117.070638,40.064178],[117.069646,40.067563],[117.081053,40.068815],[117.080983,40.065091],[117.082887,40.065179],[117.083192,40.068569],[117.085219,40.06868],[117.085611,40.075126],[117.09745,40.074834],[117.098321,40.076372],[117.101238,40.07628],[117.103922,40.075581],[117.10215,40.072847],[117.105306,40.074721],[117.104009,40.073376],[117.106961,40.071935],[117.114724,40.072319],[117.117432,40.070942],[117.119515,40.072426],[117.128469,40.065582],[117.139223,40.064051],[117.156257,40.069338],[117.160174,40.07579],[117.156388,40.07867],[117.175545,40.073093],[117.175588,40.071647],[117.180258,40.070827],[117.180249,40.069503],[117.183594,40.072079],[117.183932,40.074571],[117.186358,40.075451],[117.181542,40.080096],[117.185519,40.085011],[117.190397,40.082397],[117.188767,40.080417],[117.191678,40.073202],[117.198575,40.070094],[117.197569,40.067744],[117.205239,40.070287],[117.208178,40.076829],[117.203611,40.076706],[117.203489,40.078507],[117.208551,40.082501],[117.211368,40.081434],[117.215121,40.073672],[117.219733,40.071117],[117.22301,40.065762],[117.211895,40.064131],[117.209312,40.065784],[117.203556,40.063598],[117.202526,40.064975],[117.19373,40.066643],[117.19237,40.066273],[117.192023,40.061494],[117.183124,40.061615],[117.181772,40.059018],[117.184094,40.055072],[117.183409,40.053033],[117.188711,40.047772],[117.186961,40.046429],[117.187807,40.025867],[117.194088,40.021567],[117.193221,40.016768],[117.195647,40.012375],[117.195274,40.009993],[117.197674,40.010588],[117.195749,40.003946],[117.198114,39.992743],[117.193304,39.989357],[117.193382,39.986518],[117.190895,39.986471],[117.191146,39.981822],[117.188,39.980339],[117.188121,39.978806],[117.178625,39.977288],[117.179672,39.965597],[117.175937,39.959119],[117.173892,39.959253],[117.171216,39.963746],[117.16626,39.962939],[117.160827,39.965644],[117.164873,39.963129],[117.166484,39.954909],[117.164525,39.952078],[117.158641,39.950769],[117.15104,39.944857],[117.146957,39.947277],[117.145926,39.946146],[117.153553,39.942045],[117.157374,39.935936],[117.155042,39.934143],[117.149972,39.935874],[117.1464,39.933141],[117.147691,39.926732],[117.149875,39.924237],[117.13583,39.920363],[117.142515,39.918796],[117.145479,39.910919],[117.158835,39.909205],[117.157578,39.904589],[117.150557,39.902052],[117.148173,39.898727],[117.149118,39.896286],[117.158407,39.889317],[117.152366,39.878168],[117.152851,39.875485],[117.157756,39.878741],[117.162609,39.876844],[117.164636,39.872813],[117.167071,39.872469],[117.17052,39.87752],[117.174124,39.87533],[117.174392,39.873615],[117.166541,39.868608],[117.16843,39.866685],[117.174885,39.866426],[117.178394,39.870903],[117.181296,39.868645],[117.180819,39.864119],[117.183609,39.864157],[117.18698,39.866629],[117.19411,39.861256],[117.199734,39.862283],[117.211113,39.859921],[117.212439,39.856382],[117.220051,39.856549],[117.227795,39.852778],[117.22946,39.853023],[117.230857,39.856898],[117.236887,39.855791],[117.239794,39.860451],[117.24745,39.861059],[117.251625,39.857811],[117.25205,39.854882],[117.25996,39.843392],[117.255566,39.842663],[117.253333,39.838474],[117.255122,39.835809],[117.251753,39.833931],[117.253515,39.831998],[117.256155,39.832505],[117.257231,39.829797],[117.23599,39.833924],[117.227263,39.831574],[117.220671,39.827202],[117.220117,39.830632],[117.212471,39.8323],[117.208431,39.831399],[117.207357,39.83499],[117.200675,39.832592],[117.199861,39.834594],[117.192165,39.833089],[117.195076,39.825492],[117.191462,39.825169],[117.190536,39.826368],[117.16715,39.823733],[117.167193,39.819206],[117.162522,39.817821],[117.159083,39.821868],[117.149299,39.826394],[117.139459,39.827111],[117.117138,39.821997],[117.116779,39.820571],[117.111692,39.818661],[117.109374,39.814979],[117.110952,39.810514],[117.108597,39.809999],[117.076718,39.811076],[117.073856,39.808205],[117.070159,39.808154],[117.060123,39.811586],[117.056482,39.815582],[117.052273,39.815932],[117.056721,39.819624],[117.049915,39.830216],[117.054945,39.833096],[117.054153,39.834358],[117.0571,39.836724],[117.0511,39.843043],[117.050969,39.844752],[117.052683,39.844938],[117.051859,39.847554],[117.048681,39.848744],[117.056561,39.84928],[117.062614,39.855162],[117.067795,39.854829],[117.068092,39.858663],[117.066478,39.858992],[117.06602,39.861668],[117.071106,39.867976],[117.071854,39.87226],[117.060073,39.877448],[117.05779,39.881182],[117.044307,39.880757],[117.045424,39.885974],[117.043819,39.887661],[117.046429,39.889192],[117.040169,39.893635],[117.035938,39.893028],[117.030602,39.888537],[117.031759,39.88576],[117.0302,39.884782],[117.026149,39.884771],[117.024928,39.88677],[117.020271,39.887711],[117.021445,39.896774],[117.010939,39.898491],[117.006724,39.901402],[117.004334,39.900218],[116.996072,39.901796],[116.990492,39.906227],[116.992466,39.915448],[116.991511,39.919013],[116.99391,39.918777],[116.992779,39.921926],[116.989722,39.921872],[116.985773,39.925718],[116.984296,39.92472],[116.983074,39.92806],[116.979844,39.929049],[116.963691,39.927866],[116.959796,39.929712],[116.960282,39.936287],[116.964076,39.938076],[116.962907,39.943096],[116.964813,39.943692],[116.962554,39.947517],[116.958376,39.949425],[116.957269,39.951932],[116.960438,39.952543],[116.957924,39.952496],[116.957298,39.95412],[116.965006,39.957466],[116.963691,39.96176],[116.956831,39.960273],[116.948809,39.976645],[116.947368,39.982749],[116.945107,39.982587],[116.945749,39.979869],[116.941856,39.979426],[116.942294,39.977436],[116.935707,39.976191],[116.936016,39.974384],[116.931559,39.97184],[116.923859,39.971728],[116.918349,39.969729],[116.916317,39.971854],[116.918442,39.980811],[116.917021,39.982985],[116.905654,39.981658],[116.908033,39.977625],[116.905644,39.976543],[116.899149,39.978149],[116.896481,39.981713],[116.892708,39.98024],[116.890224,39.982925],[116.888205,39.981244],[116.888351,39.97908],[116.883421,39.978055],[116.883424,39.974456],[116.881084,39.973658],[116.883003,39.972197],[116.881297,39.969504],[116.872353,39.965283],[116.876649,39.960411],[116.881806,39.959962],[116.881768,39.962443],[116.883855,39.963185],[116.885968,39.959036],[116.888493,39.960941],[116.894433,39.951293],[116.892454,39.952198],[116.891481,39.950914],[116.88951,39.953228],[116.89089,39.948951],[116.897017,39.948358],[116.899467,39.945267],[116.902988,39.945035],[116.905137,39.941326],[116.902923,39.941215],[116.902533,39.937474],[116.900696,39.93748],[116.900291,39.935299],[116.888998,39.935389],[116.883493,39.93194],[116.88296,39.929122],[116.874861,39.928171],[116.878297,39.921361],[116.881592,39.921253],[116.882082,39.915905],[116.886139,39.915727],[116.886586,39.913458],[116.867829,39.908078],[116.869353,39.90427],[116.866684,39.897532],[116.868805,39.89093],[116.861434,39.889636],[116.861375,39.890699],[116.856143,39.890635],[116.849337,39.887645],[116.848131,39.8914],[116.844366,39.890883],[116.844193,39.894374],[116.830893,39.891832],[116.828225,39.893363],[116.814032,39.892129],[116.812324,39.891646],[116.812298,39.88971],[116.808303,39.88963],[116.808242,39.884912],[116.805156,39.884895]]]}},{"type":"Feature","properties":{"dt_adcode":"131102"},"geometry":{"type":"Polygon","coordinates":[[[115.760321,37.834219],[115.768589,37.82953],[115.789356,37.82378],[115.793384,37.818051],[115.793661,37.811637],[115.786986,37.77937],[115.791871,37.769973],[115.803381,37.7585],[115.813258,37.757269],[115.81652,37.755471],[115.817182,37.751598],[115.824946,37.748147],[115.832121,37.737817],[115.833721,37.718653],[115.835884,37.719798],[115.840178,37.718657],[115.839656,37.714982],[115.845366,37.715251],[115.844905,37.712829],[115.847724,37.712426],[115.846216,37.710792],[115.84921,37.709873],[115.847803,37.706927],[115.838435,37.699521],[115.831005,37.69097],[115.834276,37.68839],[115.839026,37.690624],[115.839277,37.687848],[115.83641,37.682534],[115.83361,37.681309],[115.829939,37.682656],[115.8293,37.679535],[115.827197,37.678877],[115.822697,37.678633],[115.822488,37.680609],[115.818862,37.677543],[115.818426,37.668118],[115.825379,37.668138],[115.828768,37.671228],[115.834219,37.67032],[115.836393,37.664514],[115.838812,37.663892],[115.839566,37.659579],[115.837342,37.65937],[115.83737,37.657242],[115.832023,37.657122],[115.831475,37.655212],[115.819483,37.656012],[115.819702,37.651307],[115.826834,37.644542],[115.829005,37.639698],[115.815817,37.6307],[115.785616,37.62504],[115.763171,37.623688],[115.754234,37.624834],[115.746744,37.622541],[115.723673,37.609701],[115.710687,37.604878],[115.685702,37.599379],[115.691932,37.616293],[115.691071,37.621096],[115.687027,37.625898],[115.680964,37.626112],[115.663358,37.612562],[115.659462,37.611429],[115.659059,37.612739],[115.646332,37.613333],[115.649055,37.615995],[115.642274,37.620413],[115.644407,37.622466],[115.640531,37.625239],[115.641468,37.627669],[115.639254,37.628035],[115.636049,37.625332],[115.63522,37.620133],[115.569681,37.621594],[115.557315,37.62343],[115.541219,37.633749],[115.536568,37.660086],[115.531085,37.671081],[115.516109,37.689189],[115.501999,37.699283],[115.496358,37.700377],[115.496981,37.705337],[115.492935,37.705911],[115.493016,37.708096],[115.485136,37.710297],[115.482046,37.706707],[115.475904,37.705249],[115.475848,37.699036],[115.471155,37.689619],[115.472925,37.689204],[115.472117,37.687192],[115.467667,37.689001],[115.468322,37.690308],[115.464194,37.69113],[115.464001,37.692802],[115.457089,37.697305],[115.453805,37.697673],[115.453327,37.703942],[115.445574,37.702259],[115.444078,37.702917],[115.442852,37.708974],[115.43723,37.707084],[115.429661,37.710601],[115.431247,37.716156],[115.436634,37.722357],[115.437697,37.722242],[115.436768,37.718234],[115.439354,37.715296],[115.447184,37.713229],[115.447916,37.71105],[115.452511,37.71138],[115.455962,37.720176],[115.452811,37.723449],[115.452493,37.727618],[115.456667,37.728865],[115.461863,37.728976],[115.461223,37.721969],[115.463297,37.721945],[115.462989,37.717851],[115.466295,37.7152],[115.474938,37.71867],[115.47567,37.716371],[115.480224,37.717427],[115.480355,37.741019],[115.47765,37.741563],[115.476956,37.745006],[115.446772,37.747235],[115.440586,37.749976],[115.440062,37.756757],[115.435106,37.761321],[115.431103,37.761701],[115.426506,37.759859],[115.428138,37.762572],[115.431238,37.763246],[115.431499,37.766263],[115.434354,37.766177],[115.434696,37.768894],[115.439284,37.769134],[115.439339,37.773461],[115.444157,37.773048],[115.444393,37.777672],[115.44784,37.777544],[115.447793,37.780962],[115.449864,37.782816],[115.465918,37.781695],[115.467856,37.783026],[115.467585,37.781324],[115.473537,37.780213],[115.475049,37.77011],[115.48089,37.769475],[115.48652,37.777853],[115.500089,37.778962],[115.514475,37.775995],[115.513997,37.770129],[115.516109,37.769073],[115.516124,37.764845],[115.518329,37.764776],[115.519022,37.769078],[115.520566,37.769875],[115.524937,37.769403],[115.525462,37.765874],[115.529011,37.765773],[115.530318,37.767704],[115.532797,37.766993],[115.532646,37.763907],[115.530302,37.763044],[115.529901,37.753297],[115.535799,37.750228],[115.537961,37.754117],[115.538858,37.76277],[115.540501,37.762645],[115.540799,37.765199],[115.552769,37.761965],[115.574358,37.767223],[115.579541,37.774095],[115.579238,37.782797],[115.572291,37.798593],[115.573532,37.811037],[115.576385,37.814312],[115.57514,37.817886],[115.57598,37.824441],[115.578583,37.826054],[115.577662,37.830854],[115.586007,37.8312],[115.586458,37.828097],[115.587839,37.82913],[115.6121,37.826144],[115.615072,37.831776],[115.620768,37.831522],[115.622971,37.830593],[115.621421,37.822884],[115.627997,37.820686],[115.627001,37.818733],[115.633496,37.813081],[115.643623,37.80875],[115.664458,37.808798],[115.677489,37.810433],[115.69715,37.81754],[115.696285,37.82508],[115.697837,37.830829],[115.70461,37.830163],[115.706927,37.837891],[115.760321,37.834219]]]}},{"type":"Feature","properties":{"dt_adcode":"131103"},"geometry":{"type":"Polygon","coordinates":[[[115.187586,37.560235],[115.188323,37.563104],[115.20013,37.568024],[115.200574,37.572474],[115.195671,37.577562],[115.195756,37.58022],[115.193431,37.581266],[115.191759,37.577112],[115.189564,37.578742],[115.188334,37.583411],[115.18958,37.586955],[115.186555,37.592122],[115.181734,37.592682],[115.180589,37.597022],[115.17306,37.598928],[115.172741,37.60057],[115.179277,37.601851],[115.179642,37.604864],[115.18334,37.605068],[115.183764,37.607369],[115.191581,37.60884],[115.192971,37.61098],[115.193579,37.621759],[115.196959,37.630473],[115.202946,37.637138],[115.221008,37.646957],[115.220323,37.65433],[115.22337,37.654866],[115.223549,37.652352],[115.226865,37.652565],[115.226865,37.648632],[115.238845,37.647369],[115.246029,37.644854],[115.255082,37.645633],[115.258333,37.639594],[115.268146,37.636664],[115.274459,37.637374],[115.278072,37.635709],[115.282041,37.629982],[115.294501,37.630849],[115.297405,37.629573],[115.298659,37.634741],[115.294318,37.636219],[115.294359,37.639072],[115.296811,37.645239],[115.299394,37.645672],[115.300359,37.649335],[115.298548,37.65103],[115.300703,37.659382],[115.316868,37.660099],[115.325934,37.679986],[115.325583,37.682426],[115.3198,37.688233],[115.315742,37.688647],[115.316028,37.69287],[115.317062,37.69536],[115.321286,37.694629],[115.321688,37.700015],[115.331368,37.704051],[115.333746,37.713191],[115.339242,37.716141],[115.346364,37.713363],[115.380972,37.707416],[115.387115,37.709283],[115.390991,37.712279],[115.394301,37.712134],[115.394368,37.718791],[115.386679,37.722325],[115.386176,37.727055],[115.378464,37.729264],[115.376068,37.731564],[115.370391,37.732084],[115.371681,37.73497],[115.374862,37.734873],[115.377863,37.742019],[115.391124,37.738839],[115.39192,37.734435],[115.398019,37.734981],[115.397514,37.729601],[115.402873,37.72761],[115.41525,37.724458],[115.417958,37.730612],[115.420115,37.730611],[115.429796,37.727694],[115.429144,37.726071],[115.433489,37.72517],[115.43324,37.723334],[115.440222,37.723162],[115.440169,37.721971],[115.436634,37.722357],[115.432648,37.7182],[115.429661,37.710601],[115.43723,37.707084],[115.442852,37.708974],[115.444078,37.702917],[115.445574,37.702259],[115.453327,37.703942],[115.453805,37.697673],[115.457089,37.697305],[115.464001,37.692802],[115.464194,37.69113],[115.468322,37.690308],[115.467667,37.689001],[115.469123,37.6879],[115.472117,37.687192],[115.472925,37.689204],[115.471155,37.689619],[115.475848,37.699036],[115.475904,37.705249],[115.482046,37.706707],[115.485136,37.710297],[115.490719,37.70966],[115.493016,37.708096],[115.492935,37.705911],[115.496981,37.705337],[115.496358,37.700377],[115.501999,37.699283],[115.516109,37.689189],[115.531085,37.671081],[115.536568,37.660086],[115.541219,37.633749],[115.557315,37.62343],[115.569681,37.621594],[115.63522,37.620133],[115.636049,37.625332],[115.639254,37.628035],[115.641468,37.627669],[115.640531,37.625239],[115.644407,37.622466],[115.642274,37.620413],[115.649055,37.615995],[115.646332,37.613333],[115.659059,37.612739],[115.659462,37.611429],[115.663358,37.612562],[115.680964,37.626112],[115.687027,37.625898],[115.691071,37.621096],[115.691932,37.616293],[115.683561,37.590854],[115.685291,37.583526],[115.689622,37.577357],[115.690204,37.570712],[115.683567,37.563828],[115.673467,37.556707],[115.668178,37.554419],[115.663692,37.556069],[115.662268,37.549488],[115.659852,37.54986],[115.6504,37.540166],[115.635994,37.530508],[115.633403,37.526155],[115.638886,37.512196],[115.640328,37.50395],[115.635155,37.494319],[115.606665,37.486944],[115.58196,37.475015],[115.574506,37.465854],[115.565642,37.447529],[115.56565,37.441577],[115.569685,37.429896],[115.579194,37.423883],[115.573532,37.413596],[115.582532,37.410996],[115.574889,37.404007],[115.580952,37.377893],[115.585824,37.373316],[115.59769,37.370397],[115.604341,37.373023],[115.613826,37.372341],[115.62641,37.367175],[115.630631,37.367181],[115.641564,37.361481],[115.644441,37.355984],[115.64531,37.349576],[115.645309,37.344074],[115.641857,37.338798],[115.632374,37.33328],[115.613141,37.331871],[115.599211,37.332889],[115.590345,37.324621],[115.577184,37.316126],[115.555125,37.317712],[115.52936,37.326873],[115.526186,37.332826],[115.525868,37.341989],[115.523844,37.347947],[115.506605,37.369023],[115.47536,37.381388],[115.428624,37.387952],[115.420559,37.393198],[115.407831,37.410794],[115.391063,37.427903],[115.356451,37.439398],[115.345098,37.448169],[115.344672,37.450869],[115.347179,37.454954],[115.360069,37.461423],[115.404156,37.462068],[115.419363,37.467415],[115.431486,37.469581],[115.433377,37.474302],[115.427682,37.476241],[115.428276,37.479652],[115.425125,37.485424],[115.42316,37.485534],[115.422584,37.474957],[115.410688,37.476453],[115.409406,37.480434],[115.415183,37.481837],[115.417295,37.485544],[115.420995,37.485484],[115.42158,37.487347],[115.416415,37.487389],[115.414515,37.484453],[115.413065,37.484813],[115.412953,37.487268],[115.408014,37.487346],[115.409887,37.491914],[115.416563,37.493722],[115.416848,37.497532],[115.413649,37.497766],[115.412541,37.495233],[115.409485,37.494472],[115.402983,37.494489],[115.402675,37.497149],[115.397966,37.497357],[115.398465,37.502027],[115.400377,37.502664],[115.399936,37.507389],[115.402043,37.510138],[115.417467,37.50552],[115.426066,37.50627],[115.426138,37.500247],[115.423233,37.499758],[115.421674,37.495714],[115.424397,37.492893],[115.42899,37.495919],[115.436178,37.494322],[115.431353,37.497429],[115.432582,37.500143],[115.435878,37.499658],[115.436216,37.496777],[115.438506,37.496104],[115.447681,37.496211],[115.448392,37.500224],[115.455269,37.499644],[115.455309,37.501798],[115.441164,37.504203],[115.442375,37.508056],[115.43567,37.508973],[115.43587,37.511758],[115.431996,37.50456],[115.428542,37.503808],[115.428119,37.507353],[115.430989,37.506796],[115.431069,37.510432],[115.429359,37.511614],[115.425448,37.510983],[115.425531,37.513776],[115.42268,37.514006],[115.422708,37.516929],[115.4172,37.516299],[115.417527,37.52035],[115.414569,37.520576],[115.415517,37.522999],[115.410058,37.523271],[115.40861,37.532484],[115.405771,37.535978],[115.377918,37.541112],[115.372172,37.544087],[115.3738,37.548143],[115.370818,37.551273],[115.367572,37.551334],[115.36466,37.559525],[115.359441,37.558705],[115.358333,37.536616],[115.36169,37.527597],[115.360854,37.523945],[115.354102,37.523753],[115.343516,37.536798],[115.330421,37.544149],[115.325471,37.550303],[115.314456,37.558704],[115.30721,37.563927],[115.282601,37.575974],[115.247159,37.577653],[115.237246,37.575476],[115.224842,37.568299],[115.217542,37.55943],[115.215395,37.562276],[115.201922,37.55596],[115.193167,37.562287],[115.187586,37.560235]]]}},{"type":"Feature","properties":{"dt_adcode":"131121"},"geometry":{"type":"Polygon","coordinates":[[[115.762205,37.216976],[115.747123,37.217014],[115.733248,37.2256],[115.713419,37.243651],[115.710611,37.249924],[115.698474,37.257132],[115.696329,37.262289],[115.68972,37.26246],[115.686287,37.260308],[115.684527,37.255287],[115.678051,37.254654],[115.675774,37.258888],[115.672583,37.275831],[115.66539,37.277411],[115.632932,37.277073],[115.6246,37.279796],[115.6309,37.288066],[115.63031,37.294475],[115.623412,37.297894],[115.599867,37.301955],[115.592684,37.306986],[115.590656,37.312484],[115.596667,37.316846],[115.604654,37.325903],[115.605806,37.333362],[115.613141,37.331871],[115.632374,37.33328],[115.641857,37.338798],[115.645309,37.344074],[115.64531,37.349576],[115.644441,37.355984],[115.641564,37.361481],[115.630631,37.367181],[115.62641,37.367175],[115.613826,37.372341],[115.604341,37.373023],[115.59769,37.370397],[115.585824,37.373316],[115.580952,37.377893],[115.574889,37.404007],[115.582532,37.410996],[115.573532,37.413596],[115.579194,37.423883],[115.569685,37.429896],[115.56565,37.441577],[115.565642,37.447529],[115.574506,37.465854],[115.58196,37.475015],[115.587708,37.478453],[115.606665,37.486944],[115.635155,37.494319],[115.640328,37.50395],[115.638886,37.512196],[115.633403,37.526155],[115.635994,37.530508],[115.6504,37.540166],[115.659852,37.54986],[115.662268,37.549488],[115.663692,37.556069],[115.668178,37.554419],[115.673467,37.556707],[115.683567,37.563828],[115.690204,37.570712],[115.689622,37.577357],[115.685291,37.583526],[115.683561,37.590854],[115.685702,37.599379],[115.710687,37.604878],[115.723673,37.609701],[115.746744,37.622541],[115.754234,37.624834],[115.763171,37.623688],[115.785616,37.62504],[115.815817,37.6307],[115.829005,37.639698],[115.826834,37.644542],[115.819702,37.651307],[115.819483,37.656012],[115.831475,37.655212],[115.832023,37.657122],[115.834157,37.65717],[115.846896,37.651685],[115.85609,37.649598],[115.86442,37.646139],[115.882219,37.632582],[115.897744,37.62728],[115.919931,37.628393],[115.943312,37.63456],[115.955443,37.635477],[115.958994,37.636975],[115.962384,37.642022],[115.977274,37.637854],[115.97238,37.632666],[115.973764,37.631559],[115.973488,37.628444],[115.964317,37.627995],[115.962725,37.625745],[115.958988,37.626264],[115.95615,37.623115],[115.956873,37.617061],[115.940291,37.613999],[115.931941,37.602573],[115.919155,37.593868],[115.908623,37.579068],[115.912002,37.574002],[115.912289,37.569776],[115.915508,37.565927],[115.917481,37.557037],[115.914594,37.551579],[115.910949,37.55159],[115.909131,37.544629],[115.912812,37.533158],[115.918038,37.526992],[115.921528,37.526261],[115.920822,37.522568],[115.924091,37.522443],[115.923944,37.520697],[115.921283,37.52063],[115.921111,37.518316],[115.917192,37.518012],[115.918754,37.509256],[115.91758,37.507273],[115.920304,37.504617],[115.921849,37.504949],[115.921922,37.502282],[115.924121,37.502175],[115.923613,37.498748],[115.926672,37.498284],[115.927493,37.492109],[115.923489,37.490535],[115.915849,37.493369],[115.898345,37.493646],[115.898311,37.485387],[115.893302,37.484465],[115.896353,37.476545],[115.896029,37.467934],[115.889841,37.457921],[115.888224,37.451323],[115.881366,37.451964],[115.87983,37.447441],[115.881041,37.443926],[115.88884,37.441794],[115.887784,37.424766],[115.88569,37.419608],[115.881253,37.420545],[115.876417,37.418375],[115.875326,37.414294],[115.876992,37.414208],[115.873097,37.409172],[115.870382,37.407536],[115.864525,37.408926],[115.864937,37.404061],[115.867237,37.402789],[115.867446,37.399585],[115.855753,37.386912],[115.861046,37.385469],[115.859507,37.382446],[115.861723,37.381562],[115.859304,37.380315],[115.85573,37.381386],[115.854144,37.379589],[115.849004,37.381447],[115.829568,37.370071],[115.828579,37.37233],[115.8123,37.363326],[115.811204,37.364258],[115.812281,37.365804],[115.806658,37.366689],[115.803648,37.364634],[115.804728,37.361306],[115.799503,37.358771],[115.795384,37.359734],[115.800419,37.360042],[115.799193,37.368629],[115.798042,37.370381],[115.795937,37.370288],[115.790231,37.36334],[115.789671,37.356574],[115.786644,37.357889],[115.784863,37.353064],[115.782359,37.351896],[115.778208,37.341246],[115.779896,37.338753],[115.785839,37.336755],[115.781422,37.318463],[115.783257,37.300393],[115.780275,37.295961],[115.779225,37.285849],[115.790368,37.271664],[115.792013,37.265969],[115.787784,37.256698],[115.776099,37.240372],[115.776748,37.230752],[115.762205,37.216976]]]}},{"type":"Feature","properties":{"dt_adcode":"131122"},"geometry":{"type":"Polygon","coordinates":[[[115.760321,37.834219],[115.756463,37.838238],[115.753583,37.846023],[115.753306,37.854038],[115.756215,37.873723],[115.759982,37.883109],[115.763221,37.888799],[115.766788,37.887538],[115.772871,37.892391],[115.778956,37.894831],[115.782528,37.900034],[115.787736,37.902311],[115.792935,37.907338],[115.797164,37.921688],[115.809191,37.923386],[115.814814,37.921671],[115.824223,37.932565],[115.834535,37.934247],[115.837508,37.932035],[115.889118,37.939603],[115.924126,37.942527],[115.933821,37.948423],[115.934141,37.949945],[115.932308,37.950061],[115.932943,37.95471],[115.929904,37.955954],[115.93268,37.960539],[115.946718,37.966568],[115.949018,37.971164],[115.954608,37.969824],[115.955281,37.972226],[115.960192,37.970134],[115.960862,37.976222],[115.969662,37.987989],[115.978458,37.987019],[115.979545,37.985253],[115.981062,37.987064],[115.985718,37.986623],[115.985141,37.981236],[115.988938,37.980085],[115.988886,37.975234],[116.003674,37.979189],[116.000282,37.985783],[115.994471,37.986344],[115.992943,37.988314],[115.995272,37.988984],[115.996175,37.995124],[115.999673,37.99535],[116.000271,37.999801],[116.012107,37.999818],[116.015116,37.998272],[116.015403,37.994617],[116.02012,37.993459],[116.027615,38.006138],[116.032351,38.006122],[116.034664,38.002536],[116.043342,37.996354],[116.060438,37.99016],[116.066125,37.991099],[116.071888,37.980333],[116.088611,37.959483],[116.100636,37.948928],[116.120998,37.948194],[116.120374,37.946564],[116.115566,37.94574],[116.114071,37.938838],[116.10686,37.934309],[116.104113,37.928515],[116.100714,37.927319],[116.100273,37.928663],[116.093973,37.922614],[116.091054,37.915522],[116.091036,37.910944],[116.081143,37.905199],[116.07066,37.903866],[116.072348,37.901244],[116.070063,37.896675],[116.072594,37.893444],[116.071462,37.888967],[116.076406,37.888349],[116.074699,37.882704],[116.081909,37.880961],[116.08235,37.878035],[116.073127,37.87784],[116.069607,37.874286],[116.06597,37.876354],[116.065405,37.873244],[116.064701,37.876791],[116.062229,37.878399],[116.057646,37.874711],[116.057632,37.871607],[116.053746,37.865885],[116.0575,37.865336],[116.059742,37.861168],[116.066362,37.860559],[116.066572,37.863775],[116.067674,37.864148],[116.068113,37.861684],[116.071203,37.861848],[116.07186,37.8655],[116.075102,37.868052],[116.076961,37.867923],[116.076603,37.865969],[116.082211,37.864724],[116.091639,37.874073],[116.097043,37.873547],[116.099812,37.869259],[116.107204,37.866162],[116.090101,37.843793],[116.089706,37.833472],[116.095675,37.826186],[116.106339,37.82135],[116.111082,37.814145],[116.124009,37.810577],[116.125281,37.806247],[116.116259,37.803278],[116.11164,37.794989],[116.103625,37.787456],[116.095883,37.784035],[116.096051,37.780343],[116.078454,37.779889],[116.073985,37.777162],[116.067161,37.77724],[116.065342,37.761439],[116.058071,37.754118],[116.032589,37.751843],[116.024177,37.748399],[116.015199,37.740681],[116.018347,37.728844],[116.016659,37.72859],[116.017531,37.720002],[116.022524,37.718223],[116.019548,37.705766],[116.017124,37.705603],[116.014518,37.701362],[116.014666,37.697546],[116.017326,37.696819],[116.01749,37.688048],[116.014763,37.685176],[116.011505,37.684981],[116.011482,37.686875],[116.009651,37.686128],[116.007839,37.681196],[116.001196,37.679288],[116.001102,37.671855],[116.002291,37.670344],[116.004918,37.670465],[116.003918,37.666337],[115.998262,37.664582],[115.995379,37.654483],[115.990532,37.646455],[115.988104,37.648415],[115.987257,37.646203],[115.985862,37.646506],[115.983782,37.641672],[115.983964,37.637102],[115.971916,37.638458],[115.962384,37.642022],[115.958994,37.636975],[115.955443,37.635477],[115.943312,37.63456],[115.919931,37.628393],[115.897744,37.62728],[115.882219,37.632582],[115.86442,37.646139],[115.83599,37.655607],[115.834157,37.65717],[115.83737,37.657242],[115.837342,37.65937],[115.839566,37.659579],[115.838812,37.663892],[115.836393,37.664514],[115.835205,37.669918],[115.828768,37.671228],[115.825379,37.668138],[115.818426,37.668118],[115.818617,37.676659],[115.820292,37.679829],[115.822488,37.680609],[115.822697,37.678633],[115.827197,37.678877],[115.8293,37.679535],[115.829939,37.682656],[115.83361,37.681309],[115.83641,37.682534],[115.839277,37.687848],[115.839026,37.690624],[115.834276,37.68839],[115.831005,37.69097],[115.838435,37.699521],[115.847803,37.706927],[115.84921,37.709873],[115.846216,37.710792],[115.847724,37.712426],[115.844905,37.712829],[115.845366,37.715251],[115.839656,37.714982],[115.840178,37.718657],[115.835884,37.719798],[115.833721,37.718653],[115.832121,37.737817],[115.824946,37.748147],[115.817182,37.751598],[115.81652,37.755471],[115.813258,37.757269],[115.803381,37.7585],[115.791871,37.769973],[115.786986,37.77937],[115.793661,37.811637],[115.793384,37.818051],[115.789356,37.82378],[115.768589,37.82953],[115.760321,37.834219]]]}},{"type":"Feature","properties":{"dt_adcode":"131123"},"geometry":{"type":"Polygon","coordinates":[[[116.055489,38.071744],[116.053536,38.054665],[116.050585,38.055237],[116.050349,38.052444],[116.059114,38.049349],[116.057916,38.046406],[116.059706,38.044746],[116.062648,38.043554],[116.065463,38.044815],[116.070604,38.041116],[116.068639,38.035721],[116.062851,38.033376],[116.055914,38.034763],[116.055921,38.036903],[116.052499,38.038674],[116.049546,38.038377],[116.042496,38.024638],[116.057492,38.011929],[116.062405,38.00506],[116.066125,37.991099],[116.060438,37.99016],[116.054932,37.991772],[116.043342,37.996354],[116.034664,38.002536],[116.032351,38.006122],[116.027615,38.006138],[116.02012,37.993459],[116.015403,37.994617],[116.015116,37.998272],[116.012107,37.999818],[116.000271,37.999801],[115.999673,37.99535],[115.996175,37.995124],[115.995272,37.988984],[115.992943,37.988314],[115.994471,37.986344],[116.000282,37.985783],[116.003674,37.979189],[116.000581,37.977501],[115.988886,37.975234],[115.988938,37.980085],[115.985141,37.981236],[115.985718,37.986623],[115.981062,37.987064],[115.979545,37.985253],[115.978458,37.987019],[115.969662,37.987989],[115.960862,37.976222],[115.960192,37.970134],[115.955281,37.972226],[115.954608,37.969824],[115.949018,37.971164],[115.946718,37.966568],[115.93268,37.960539],[115.929904,37.955954],[115.932943,37.95471],[115.932308,37.950061],[115.934141,37.949945],[115.933821,37.948423],[115.924126,37.942527],[115.889118,37.939603],[115.837508,37.932035],[115.834535,37.934247],[115.824223,37.932565],[115.813754,37.921487],[115.809191,37.923386],[115.797164,37.921688],[115.788069,37.929328],[115.788364,37.935967],[115.789984,37.939955],[115.794155,37.941742],[115.794049,37.944359],[115.799413,37.944759],[115.799819,37.946957],[115.807338,37.948647],[115.807175,37.950068],[115.803021,37.950068],[115.803472,37.952725],[115.801627,37.953841],[115.797171,37.95354],[115.79679,37.954771],[115.806178,37.958213],[115.799963,37.964408],[115.800649,37.968508],[115.806483,37.968756],[115.808556,37.971567],[115.809713,37.979981],[115.803872,37.98479],[115.801052,37.982978],[115.800083,37.984382],[115.791396,37.982797],[115.791511,37.981753],[115.781643,37.980992],[115.779414,37.984059],[115.774192,37.983764],[115.773578,37.985694],[115.769801,37.985747],[115.770852,37.994583],[115.773309,37.996652],[115.779767,37.997867],[115.781631,38.005771],[115.78337,38.005586],[115.783669,38.008209],[115.796227,38.006716],[115.798536,38.011806],[115.802218,38.009821],[115.803168,38.016719],[115.797345,38.018728],[115.79398,38.021741],[115.795084,38.026301],[115.793276,38.030191],[115.785013,38.032398],[115.785881,38.035025],[115.777473,38.036537],[115.777294,38.037953],[115.780065,38.037713],[115.781807,38.045729],[115.785291,38.045532],[115.785837,38.048966],[115.791898,38.048563],[115.793663,38.0469],[115.799137,38.058285],[115.803637,38.057549],[115.810421,38.071337],[115.80682,38.072322],[115.804574,38.069649],[115.80472,38.077186],[115.819356,38.081173],[115.822267,38.085376],[115.826936,38.084734],[115.827639,38.086193],[115.834751,38.087595],[115.836097,38.091494],[115.84578,38.091611],[115.846466,38.101581],[115.847978,38.101701],[115.845852,38.112645],[115.832849,38.114013],[115.834698,38.117717],[115.834836,38.120605],[115.832274,38.119827],[115.831909,38.1218],[115.83407,38.133572],[115.851748,38.140931],[115.875417,38.156066],[115.885368,38.157404],[115.900478,38.156184],[115.900815,38.158547],[115.906904,38.159348],[115.910071,38.16289],[115.915279,38.163434],[115.915541,38.167093],[115.914117,38.169023],[115.91728,38.166908],[115.93542,38.167215],[115.938266,38.156166],[115.936992,38.147275],[115.938701,38.144383],[115.96105,38.140461],[115.961507,38.138401],[115.968931,38.138551],[115.971683,38.136681],[115.970448,38.136073],[115.970674,38.133318],[115.972647,38.133703],[115.973232,38.135815],[115.973917,38.132448],[115.976151,38.13278],[115.980682,38.127564],[115.986726,38.125852],[115.99348,38.130625],[115.995273,38.130494],[115.994337,38.128325],[116.002446,38.12946],[116.010513,38.136433],[116.024688,38.136542],[116.029617,38.141523],[116.036688,38.140902],[116.047497,38.146476],[116.049746,38.146045],[116.051508,38.13947],[116.050631,38.135596],[116.054923,38.134605],[116.053565,38.122268],[116.048563,38.114209],[116.031814,38.100695],[116.029694,38.094084],[116.033716,38.089155],[116.03149,38.082757],[116.03767,38.082928],[116.037653,38.080613],[116.044082,38.08092],[116.043752,38.077905],[116.047871,38.077847],[116.047086,38.072876],[116.055489,38.071744]]]}},{"type":"Feature","properties":{"dt_adcode":"131124"},"geometry":{"type":"Polygon","coordinates":[[[115.559956,38.161384],[115.561306,38.165155],[115.563495,38.166099],[115.56298,38.171161],[115.571138,38.174204],[115.575935,38.172628],[115.576124,38.175967],[115.581701,38.177634],[115.587612,38.17549],[115.599328,38.175352],[115.601144,38.18243],[115.603344,38.182319],[115.604061,38.184541],[115.606174,38.18252],[115.607552,38.186333],[115.611182,38.186563],[115.611228,38.190284],[115.614444,38.190422],[115.6142,38.193539],[115.61109,38.193409],[115.613466,38.213684],[115.61549,38.220325],[115.620433,38.225826],[115.624204,38.2343],[115.625351,38.244148],[115.62396,38.251785],[115.60871,38.255859],[115.611432,38.258158],[115.613349,38.265384],[115.619973,38.264631],[115.621379,38.269306],[115.624528,38.268912],[115.624967,38.271771],[115.628537,38.272402],[115.63013,38.270417],[115.630661,38.273477],[115.633978,38.274636],[115.633514,38.279867],[115.637343,38.280255],[115.637802,38.276851],[115.661571,38.286058],[115.672879,38.285195],[115.673936,38.279361],[115.679575,38.278681],[115.680396,38.283149],[115.684992,38.282587],[115.687886,38.284111],[115.686993,38.285943],[115.682442,38.286691],[115.682782,38.289647],[115.678528,38.289242],[115.67872,38.295165],[115.675357,38.295121],[115.674733,38.298653],[115.667257,38.301157],[115.662737,38.304013],[115.660718,38.307303],[115.662144,38.309942],[115.670783,38.309847],[115.674284,38.316791],[115.678162,38.319449],[115.679674,38.325353],[115.67602,38.325833],[115.676522,38.327402],[115.672118,38.327724],[115.673805,38.33176],[115.669501,38.332529],[115.669439,38.337285],[115.66502,38.337419],[115.664821,38.341641],[115.666316,38.345877],[115.669859,38.347446],[115.691088,38.346101],[115.696943,38.349851],[115.699787,38.349947],[115.700236,38.356169],[115.703321,38.355827],[115.703282,38.361466],[115.706762,38.362108],[115.705289,38.367526],[115.709382,38.367109],[115.710718,38.36232],[115.717479,38.359752],[115.731272,38.358287],[115.734034,38.359212],[115.735456,38.363997],[115.738051,38.364661],[115.738754,38.369562],[115.752466,38.371542],[115.753145,38.362298],[115.783284,38.358334],[115.804661,38.345459],[115.827989,38.344902],[115.829138,38.346975],[115.841549,38.346071],[115.841681,38.343967],[115.844083,38.344053],[115.843424,38.340641],[115.845843,38.340098],[115.8457,38.337295],[115.850059,38.336864],[115.848279,38.335573],[115.844534,38.320989],[115.84605,38.317698],[115.847974,38.318551],[115.850326,38.314208],[115.850191,38.309432],[115.844264,38.307772],[115.84236,38.300924],[115.838474,38.301311],[115.836403,38.297634],[115.833015,38.297995],[115.8324,38.295118],[115.830161,38.295153],[115.829931,38.293359],[115.83197,38.293154],[115.831207,38.289146],[115.837298,38.288556],[115.836632,38.280895],[115.838919,38.280821],[115.839004,38.279143],[115.83594,38.279101],[115.835315,38.277482],[115.837175,38.272467],[115.846997,38.271107],[115.847049,38.268981],[115.850343,38.266298],[115.854236,38.265516],[115.854253,38.261701],[115.857488,38.261336],[115.859468,38.258119],[115.864494,38.255286],[115.861669,38.246799],[115.857433,38.24605],[115.856031,38.242981],[115.85645,38.240874],[115.861442,38.239833],[115.861196,38.234613],[115.86529,38.233529],[115.86836,38.228019],[115.872489,38.227632],[115.871259,38.217586],[115.884576,38.214844],[115.884329,38.210932],[115.888677,38.209329],[115.888302,38.204514],[115.8995,38.203139],[115.899216,38.187474],[115.895652,38.182655],[115.890706,38.180884],[115.88753,38.171298],[115.893782,38.166713],[115.898821,38.166864],[115.901181,38.156532],[115.885368,38.157404],[115.875417,38.156066],[115.851748,38.140931],[115.83407,38.133572],[115.831909,38.1218],[115.832274,38.119827],[115.834836,38.120605],[115.833683,38.117132],[115.828306,38.116161],[115.826542,38.122796],[115.821538,38.122589],[115.820411,38.125663],[115.813597,38.126325],[115.812836,38.128433],[115.790085,38.127809],[115.772994,38.125542],[115.758491,38.11662],[115.754134,38.111587],[115.740497,38.107694],[115.731499,38.106771],[115.710302,38.109262],[115.703329,38.10765],[115.687637,38.092733],[115.681818,38.089745],[115.676007,38.09019],[115.662065,38.09725],[115.627794,38.099699],[115.596469,38.098507],[115.580523,38.101252],[115.575592,38.106287],[115.573852,38.113614],[115.575266,38.136507],[115.573517,38.144976],[115.569161,38.153674],[115.559956,38.161384]]]}},{"type":"Feature","properties":{"dt_adcode":"131125"},"geometry":{"type":"Polygon","coordinates":[[[115.559956,38.161384],[115.548131,38.158474],[115.549375,38.161578],[115.547444,38.162827],[115.545384,38.169271],[115.533808,38.177279],[115.524831,38.18118],[115.523933,38.194992],[115.495525,38.193004],[115.492821,38.185348],[115.484918,38.183051],[115.47456,38.177514],[115.471833,38.171515],[115.464194,38.17138],[115.454496,38.174619],[115.448402,38.17327],[115.44739,38.169731],[115.441544,38.16726],[115.438372,38.161072],[115.451173,38.144826],[115.453216,38.138192],[115.453846,38.120789],[115.449095,38.096443],[115.451224,38.095863],[115.451458,38.092486],[115.454495,38.091339],[115.452243,38.086243],[115.449367,38.086459],[115.447337,38.082509],[115.439897,38.082046],[115.429406,38.085182],[115.426312,38.089212],[115.417499,38.09109],[115.41615,38.092591],[115.416877,38.095008],[115.408839,38.095564],[115.407303,38.090579],[115.399474,38.092049],[115.392534,38.090934],[115.391364,38.086812],[115.383225,38.088579],[115.384596,38.097564],[115.382075,38.098153],[115.382411,38.100026],[115.378936,38.100569],[115.379327,38.104196],[115.372961,38.105876],[115.375971,38.117626],[115.373753,38.120202],[115.368529,38.120482],[115.368226,38.126726],[115.365828,38.126752],[115.364861,38.137902],[115.346894,38.139687],[115.347625,38.147219],[115.345216,38.147694],[115.346881,38.15772],[115.344597,38.158902],[115.34266,38.165463],[115.341684,38.193167],[115.344858,38.198428],[115.35061,38.200888],[115.352383,38.207266],[115.350935,38.210483],[115.347349,38.212895],[115.336868,38.214885],[115.337061,38.217538],[115.333927,38.218027],[115.334355,38.220417],[115.323677,38.220594],[115.324713,38.248152],[115.32986,38.248138],[115.329981,38.244588],[115.340386,38.245271],[115.349561,38.248097],[115.352893,38.253977],[115.359615,38.256447],[115.359334,38.262017],[115.356488,38.262972],[115.356191,38.271774],[115.361851,38.27187],[115.361676,38.275731],[115.367004,38.277423],[115.369097,38.283424],[115.372181,38.283394],[115.373573,38.281735],[115.387641,38.282794],[115.39362,38.285587],[115.394468,38.291472],[115.389788,38.292241],[115.389539,38.299521],[115.383083,38.299071],[115.381504,38.317899],[115.377861,38.318094],[115.377152,38.320977],[115.381801,38.327545],[115.390849,38.328332],[115.392362,38.324281],[115.402477,38.320126],[115.406422,38.323703],[115.407553,38.334305],[115.420896,38.337945],[115.42237,38.335436],[115.436427,38.331117],[115.462084,38.327332],[115.464595,38.330234],[115.470527,38.33127],[115.48315,38.328026],[115.483942,38.330584],[115.482531,38.334922],[115.474941,38.334499],[115.478121,38.341661],[115.483099,38.34046],[115.483421,38.338768],[115.490789,38.339053],[115.495099,38.343026],[115.496538,38.354163],[115.494543,38.354749],[115.494774,38.362028],[115.496043,38.362844],[115.501504,38.361428],[115.500388,38.360329],[115.516836,38.357342],[115.515246,38.330562],[115.516235,38.329341],[115.519184,38.330031],[115.519678,38.326209],[115.517471,38.326094],[115.516368,38.320486],[115.516654,38.319036],[115.519368,38.319163],[115.516085,38.317689],[115.519735,38.315918],[115.537379,38.316194],[115.53786,38.320085],[115.539259,38.317777],[115.547705,38.318193],[115.550918,38.332897],[115.555232,38.334921],[115.556656,38.33462],[115.555781,38.33221],[115.561653,38.331126],[115.563626,38.326402],[115.575774,38.326364],[115.576864,38.327897],[115.576215,38.338895],[115.573316,38.34027],[115.574945,38.342206],[115.578371,38.340549],[115.579404,38.342872],[115.585717,38.340391],[115.58597,38.338875],[115.591234,38.338109],[115.590517,38.332788],[115.601376,38.330529],[115.60185,38.327486],[115.604825,38.327753],[115.605782,38.330472],[115.608906,38.329326],[115.612859,38.331306],[115.616829,38.330886],[115.616929,38.333191],[115.618809,38.333527],[115.621862,38.332916],[115.62167,38.33009],[115.644982,38.326097],[115.64594,38.329547],[115.649053,38.329319],[115.651597,38.331288],[115.650125,38.340812],[115.664821,38.341641],[115.66502,38.337419],[115.669439,38.337285],[115.669501,38.332529],[115.673805,38.33176],[115.672118,38.327724],[115.676522,38.327402],[115.67602,38.325833],[115.679674,38.325353],[115.678162,38.319449],[115.674284,38.316791],[115.670783,38.309847],[115.662144,38.309942],[115.660718,38.307303],[115.662737,38.304013],[115.667257,38.301157],[115.674733,38.298653],[115.675357,38.295121],[115.67872,38.295165],[115.678528,38.289242],[115.682782,38.289647],[115.682442,38.286691],[115.686993,38.285943],[115.687886,38.284111],[115.684992,38.282587],[115.680396,38.283149],[115.679575,38.278681],[115.673936,38.279361],[115.672879,38.285195],[115.661571,38.286058],[115.637802,38.276851],[115.637343,38.280255],[115.633514,38.279867],[115.633978,38.274636],[115.630661,38.273477],[115.63013,38.270417],[115.628537,38.272402],[115.624967,38.271771],[115.624528,38.268912],[115.621379,38.269306],[115.619973,38.264631],[115.613349,38.265384],[115.611432,38.258158],[115.60871,38.255859],[115.62396,38.251785],[115.625351,38.244148],[115.624204,38.2343],[115.620433,38.225826],[115.61549,38.220325],[115.613466,38.213684],[115.61109,38.193409],[115.6142,38.193539],[115.614444,38.190422],[115.611228,38.190284],[115.611182,38.186563],[115.607552,38.186333],[115.606174,38.18252],[115.604061,38.184541],[115.603344,38.182319],[115.601144,38.18243],[115.599328,38.175352],[115.587612,38.17549],[115.581701,38.177634],[115.576124,38.175967],[115.575935,38.172628],[115.571138,38.174204],[115.56298,38.171161],[115.563495,38.166099],[115.561306,38.165155],[115.559956,38.161384]]]}},{"type":"Feature","properties":{"dt_adcode":"131126"},"geometry":{"type":"Polygon","coordinates":[[[115.926584,37.494791],[115.932622,37.495273],[115.935116,37.497866],[115.940224,37.498315],[115.940776,37.500947],[115.948283,37.501372],[115.952034,37.505234],[115.959372,37.508061],[115.999387,37.516604],[116.002821,37.521301],[116.014494,37.525115],[116.033677,37.524672],[116.039341,37.521507],[116.042303,37.517864],[116.041991,37.509686],[116.037994,37.506057],[116.038035,37.501769],[116.043187,37.503042],[116.042551,37.505068],[116.052634,37.505441],[116.053624,37.506439],[116.050348,37.507362],[116.053606,37.507278],[116.054746,37.510377],[116.054688,37.509271],[116.057654,37.509309],[116.05708,37.507279],[116.058383,37.506759],[116.061607,37.509307],[116.064686,37.509395],[116.071335,37.508737],[116.077635,37.505682],[116.08142,37.506966],[116.083123,37.505733],[116.092966,37.506323],[116.093133,37.508814],[116.098046,37.508601],[116.101729,37.51172],[116.100818,37.512647],[116.102631,37.517175],[116.10098,37.518499],[116.104439,37.522439],[116.101703,37.522708],[116.10243,37.525714],[116.121628,37.540028],[116.134368,37.543502],[116.155595,37.530331],[116.172061,37.522496],[116.179618,37.514802],[116.181019,37.506658],[116.176108,37.505854],[116.175217,37.497736],[116.189809,37.493528],[116.181633,37.483876],[116.183908,37.482005],[116.179468,37.476606],[116.18631,37.475008],[116.186199,37.472913],[116.19352,37.473204],[116.193024,37.471528],[116.197894,37.470749],[116.197849,37.467611],[116.199865,37.467429],[116.199523,37.463827],[116.221901,37.462372],[116.223308,37.466631],[116.226846,37.466306],[116.228286,37.469072],[116.229563,37.468819],[116.228407,37.463969],[116.229657,37.463738],[116.229897,37.459687],[116.235501,37.459402],[116.235632,37.457591],[116.24362,37.455895],[116.242536,37.453726],[116.2437,37.453609],[116.243953,37.446549],[116.241033,37.446573],[116.240953,37.444761],[116.237937,37.445694],[116.23663,37.441724],[116.23421,37.44128],[116.234111,37.43709],[116.230338,37.436369],[116.22967,37.437761],[116.228692,37.43395],[116.227304,37.434261],[116.22738,37.424788],[116.229073,37.4265],[116.231568,37.426185],[116.231519,37.424523],[116.241466,37.423245],[116.24132,37.42124],[116.243929,37.421136],[116.247142,37.422072],[116.25004,37.425935],[116.25505,37.425423],[116.255398,37.427181],[116.257595,37.426747],[116.259295,37.428415],[116.261584,37.426491],[116.268114,37.430198],[116.271012,37.426716],[116.262335,37.421099],[116.265511,37.418808],[116.270056,37.420048],[116.274998,37.419199],[116.270282,37.412678],[116.274024,37.412821],[116.276674,37.407043],[116.283807,37.405399],[116.285486,37.403244],[116.273021,37.398444],[116.272334,37.389468],[116.26161,37.389811],[116.262742,37.38349],[116.258974,37.385059],[116.257419,37.382413],[116.252789,37.380822],[116.249201,37.373827],[116.235032,37.361218],[116.223844,37.363575],[116.211009,37.363554],[116.203576,37.366359],[116.191247,37.366593],[116.166709,37.384841],[116.162013,37.382144],[116.130314,37.373859],[116.115245,37.374109],[116.106561,37.3688],[116.084947,37.373677],[116.079733,37.37272],[116.071872,37.367937],[116.053692,37.368529],[116.051187,37.366737],[116.055358,37.363582],[116.051953,37.357483],[116.044907,37.357497],[116.043353,37.362208],[116.040428,37.363487],[116.040038,37.358056],[116.034504,37.358297],[116.031229,37.35641],[116.024497,37.359943],[116.019471,37.351712],[116.013606,37.349583],[116.000404,37.351094],[116.01116,37.345421],[116.00944,37.34315],[115.986975,37.341726],[115.983659,37.338757],[115.97575,37.337296],[115.975914,37.334479],[115.984855,37.326626],[115.978757,37.323996],[115.972639,37.323857],[115.972813,37.32003],[115.976004,37.317426],[115.983759,37.319815],[115.984731,37.316725],[115.981702,37.312328],[115.981323,37.30703],[115.977015,37.303212],[115.975531,37.299727],[115.972442,37.299046],[115.970774,37.295173],[115.973577,37.294017],[115.968288,37.288584],[115.976327,37.27552],[115.975159,37.268985],[115.968613,37.268641],[115.967017,37.266882],[115.968807,37.263814],[115.973471,37.260805],[115.972867,37.257119],[115.967057,37.254185],[115.963998,37.250105],[115.970349,37.246722],[115.97128,37.243019],[115.969397,37.239483],[115.960857,37.23343],[115.957606,37.236199],[115.956216,37.235155],[115.95733,37.23084],[115.95322,37.223687],[115.947742,37.22386],[115.945841,37.226551],[115.941356,37.227697],[115.926784,37.219504],[115.920681,37.223542],[115.92015,37.214192],[115.91161,37.206931],[115.909591,37.207074],[115.909184,37.209952],[115.905268,37.20787],[115.906094,37.204777],[115.903789,37.201572],[115.907979,37.20046],[115.908142,37.198704],[115.904817,37.188436],[115.910333,37.182587],[115.905561,37.1803],[115.912464,37.178739],[115.912158,37.176922],[115.899106,37.164163],[115.904977,37.162263],[115.90353,37.160671],[115.897669,37.16348],[115.893512,37.161644],[115.894754,37.158888],[115.892268,37.157623],[115.887266,37.158781],[115.879984,37.15202],[115.879402,37.138638],[115.885399,37.128761],[115.885694,37.124627],[115.882882,37.11536],[115.887486,37.113845],[115.888219,37.112028],[115.881324,37.110983],[115.879449,37.105574],[115.883064,37.104376],[115.882819,37.099089],[115.878868,37.100584],[115.878543,37.102074],[115.871334,37.091222],[115.865012,37.087974],[115.868381,37.083386],[115.867597,37.074741],[115.865001,37.070815],[115.855191,37.071096],[115.857483,37.062046],[115.853918,37.05927],[115.838498,37.093351],[115.827385,37.105976],[115.786547,37.123894],[115.774267,37.133751],[115.769967,37.141545],[115.761342,37.184292],[115.765359,37.1915],[115.756348,37.209854],[115.776748,37.230752],[115.776099,37.240372],[115.787784,37.256698],[115.792013,37.265969],[115.790368,37.271664],[115.779225,37.285849],[115.780275,37.295961],[115.783257,37.300393],[115.781422,37.318463],[115.785839,37.336755],[115.779896,37.338753],[115.778208,37.341246],[115.782359,37.351896],[115.784863,37.353064],[115.786644,37.357889],[115.789671,37.356574],[115.790231,37.36334],[115.795937,37.370288],[115.798042,37.370381],[115.799193,37.368629],[115.800419,37.360042],[115.795384,37.359734],[115.799503,37.358771],[115.804728,37.361306],[115.803648,37.364634],[115.806658,37.366689],[115.812281,37.365804],[115.811204,37.364258],[115.8123,37.363326],[115.828579,37.37233],[115.829568,37.370071],[115.849004,37.381447],[115.854144,37.379589],[115.85573,37.381386],[115.861087,37.380847],[115.859507,37.382446],[115.861046,37.385469],[115.855753,37.386912],[115.867446,37.399585],[115.867237,37.402789],[115.864937,37.404061],[115.864525,37.408926],[115.870382,37.407536],[115.873097,37.409172],[115.876992,37.414208],[115.875326,37.414294],[115.876417,37.418375],[115.881253,37.420545],[115.88569,37.419608],[115.887784,37.424766],[115.88884,37.441794],[115.881041,37.443926],[115.87983,37.447441],[115.881366,37.451964],[115.888224,37.451323],[115.889841,37.457921],[115.896029,37.467934],[115.896353,37.476545],[115.893302,37.484465],[115.898311,37.485387],[115.898345,37.493646],[115.915849,37.493369],[115.923489,37.490535],[115.927493,37.492109],[115.926584,37.494791]]]}},{"type":"Feature","properties":{"dt_adcode":"131127"},"geometry":{"type":"Polygon","coordinates":[[[116.276484,37.46692],[116.256446,37.478828],[116.258304,37.482653],[116.247547,37.48852],[116.243972,37.485853],[116.242516,37.488075],[116.243201,37.490513],[116.241332,37.491453],[116.240331,37.488005],[116.23939,37.489856],[116.235338,37.483731],[116.236549,37.481836],[116.235095,37.479744],[116.224455,37.479732],[116.224212,37.474882],[116.227396,37.474539],[116.227019,37.470743],[116.228553,37.470468],[116.227851,37.466744],[116.223308,37.466631],[116.222784,37.462951],[116.199523,37.463827],[116.199865,37.467429],[116.197849,37.467611],[116.197894,37.470749],[116.193024,37.471528],[116.19352,37.473204],[116.186199,37.472913],[116.18631,37.475008],[116.179468,37.476606],[116.183908,37.482005],[116.181633,37.483876],[116.189809,37.493528],[116.175217,37.497736],[116.176108,37.505854],[116.181019,37.506658],[116.179618,37.514802],[116.172061,37.522496],[116.155595,37.530331],[116.134368,37.543502],[116.121628,37.540028],[116.10243,37.525714],[116.101703,37.522708],[116.104439,37.522439],[116.10098,37.518499],[116.102631,37.517175],[116.100818,37.512647],[116.101729,37.51172],[116.098046,37.508601],[116.093133,37.508814],[116.092966,37.506323],[116.083123,37.505733],[116.08142,37.506966],[116.077635,37.505682],[116.071335,37.508737],[116.064686,37.509395],[116.061607,37.509307],[116.058383,37.506759],[116.05708,37.507279],[116.057654,37.509309],[116.054688,37.509271],[116.054746,37.510377],[116.053606,37.507278],[116.050348,37.507362],[116.053624,37.506439],[116.052634,37.505441],[116.042551,37.505068],[116.043187,37.503042],[116.038035,37.501769],[116.037994,37.506057],[116.041991,37.509686],[116.042303,37.517864],[116.039341,37.521507],[116.033677,37.524672],[116.014494,37.525115],[116.002821,37.521301],[115.999387,37.516604],[115.959372,37.508061],[115.952034,37.505234],[115.948283,37.501372],[115.940776,37.500947],[115.940224,37.498315],[115.935116,37.497866],[115.932622,37.495273],[115.926584,37.494791],[115.926672,37.498284],[115.923613,37.498748],[115.924121,37.502175],[115.921922,37.502282],[115.921849,37.504949],[115.920304,37.504617],[115.91758,37.507273],[115.918754,37.509256],[115.917192,37.518012],[115.921111,37.518316],[115.921283,37.52063],[115.923944,37.520697],[115.924091,37.522443],[115.920822,37.522568],[115.921528,37.526261],[115.918038,37.526992],[115.912812,37.533158],[115.909131,37.544629],[115.910949,37.55159],[115.914594,37.551579],[115.917481,37.557037],[115.915508,37.565927],[115.912289,37.569776],[115.912002,37.574002],[115.908623,37.579068],[115.919155,37.593868],[115.931941,37.602573],[115.940291,37.613999],[115.956873,37.617061],[115.95615,37.623115],[115.958988,37.626264],[115.962725,37.625745],[115.964317,37.627995],[115.973488,37.628444],[115.973764,37.631559],[115.97238,37.632666],[115.977274,37.637854],[115.983964,37.637102],[115.983782,37.641672],[115.985862,37.646506],[115.987257,37.646203],[115.988104,37.648415],[115.990532,37.646455],[115.995379,37.654483],[115.998262,37.664582],[116.003918,37.666337],[116.004918,37.670465],[116.002291,37.670344],[116.001102,37.671855],[116.001196,37.679288],[116.007839,37.681196],[116.009651,37.686128],[116.011482,37.686875],[116.011505,37.684981],[116.014763,37.685176],[116.01749,37.688048],[116.017326,37.696819],[116.014666,37.697546],[116.014518,37.701362],[116.017124,37.705603],[116.019548,37.705766],[116.022524,37.718223],[116.017531,37.720002],[116.016659,37.72859],[116.018347,37.728844],[116.015199,37.740681],[116.024177,37.748399],[116.032589,37.751843],[116.058071,37.754118],[116.065342,37.761439],[116.067161,37.77724],[116.073985,37.777162],[116.078454,37.779889],[116.096051,37.780343],[116.095883,37.784035],[116.111926,37.775755],[116.128329,37.771709],[116.133051,37.778667],[116.141826,37.780496],[116.141507,37.772088],[116.150445,37.768295],[116.152682,37.768699],[116.153322,37.772443],[116.148458,37.774733],[116.148252,37.778864],[116.150547,37.779208],[116.151887,37.781433],[116.15588,37.781577],[116.153111,37.769508],[116.154784,37.769815],[116.154588,37.765324],[116.15849,37.766392],[116.160449,37.771586],[116.158395,37.773821],[116.15858,37.77714],[116.163913,37.774714],[116.164961,37.778494],[116.167024,37.778481],[116.166192,37.773744],[116.16856,37.77228],[116.170258,37.774494],[116.174003,37.771305],[116.176234,37.771892],[116.177402,37.775415],[116.174454,37.775772],[116.174217,37.777785],[116.17495,37.779451],[116.177483,37.779304],[116.177859,37.781458],[116.18961,37.780871],[116.189688,37.77952],[116.197283,37.77894],[116.197446,37.777435],[116.204609,37.775767],[116.210594,37.776524],[116.219106,37.781633],[116.219035,37.787479],[116.221154,37.788632],[116.221855,37.796804],[116.214448,37.796866],[116.215293,37.800669],[116.213283,37.802113],[116.216503,37.813311],[116.223995,37.824486],[116.230829,37.822256],[116.231438,37.82388],[116.235256,37.822873],[116.235528,37.820056],[116.240303,37.818723],[116.240711,37.815261],[116.243033,37.81248],[116.251667,37.811208],[116.259469,37.811174],[116.282049,37.816116],[116.287289,37.820219],[116.289072,37.82594],[116.289411,37.832346],[116.285441,37.841976],[116.290117,37.847683],[116.313925,37.856073],[116.323842,37.863599],[116.327662,37.869082],[116.333474,37.87135],[116.339538,37.868584],[116.351682,37.866481],[116.380819,37.853778],[116.390273,37.843889],[116.406335,37.832211],[116.414928,37.829461],[116.419686,37.830376],[116.420834,37.829396],[116.420061,37.825785],[116.432045,37.826814],[116.432638,37.828454],[116.438571,37.827405],[116.439754,37.830903],[116.443987,37.829823],[116.448214,37.832225],[116.456111,37.829551],[116.456511,37.827591],[116.468727,37.825697],[116.471333,37.819959],[116.467829,37.818991],[116.471939,37.818002],[116.470614,37.814377],[116.47437,37.809856],[116.46662,37.805548],[116.465485,37.803409],[116.471914,37.802015],[116.474667,37.795818],[116.472438,37.792743],[116.473844,37.787922],[116.471192,37.783496],[116.473556,37.777919],[116.470846,37.776584],[116.460688,37.778864],[116.45703,37.777231],[116.456323,37.774974],[116.458487,37.769322],[116.456387,37.767149],[116.45246,37.766452],[116.45293,37.761496],[116.451207,37.758719],[116.446246,37.757712],[116.440092,37.759934],[116.437716,37.757743],[116.439658,37.753362],[116.438844,37.752035],[116.424371,37.751297],[116.424298,37.74957],[116.431583,37.748259],[116.430413,37.744821],[116.43496,37.739079],[116.43434,37.734649],[116.423748,37.735634],[116.421664,37.733949],[116.422689,37.730527],[116.42006,37.729551],[116.416759,37.733641],[116.413411,37.733931],[116.415088,37.725272],[116.40306,37.709449],[116.391594,37.700734],[116.394246,37.693953],[116.391374,37.693787],[116.387984,37.697198],[116.386558,37.696412],[116.386878,37.68744],[116.381393,37.681848],[116.38532,37.671938],[116.383504,37.67098],[116.378299,37.675578],[116.37592,37.674684],[116.375761,37.673184],[116.379305,37.671906],[116.37983,37.669611],[116.372622,37.667498],[116.370659,37.665386],[116.378203,37.660789],[116.378634,37.657887],[116.376698,37.654031],[116.36926,37.655219],[116.368569,37.651046],[116.365124,37.647839],[116.374922,37.639464],[116.375703,37.62954],[116.373049,37.626386],[116.375863,37.620863],[116.375218,37.617253],[116.367581,37.614662],[116.360341,37.620451],[116.354594,37.611087],[116.350672,37.61128],[116.342087,37.615463],[116.341464,37.609044],[116.332548,37.609707],[116.328317,37.607284],[116.328077,37.605089],[116.334364,37.600878],[116.335986,37.598018],[116.329764,37.592122],[116.330258,37.587359],[116.33139,37.585138],[116.336912,37.582056],[116.327352,37.582015],[116.319236,37.579239],[116.33297,37.57654],[116.334721,37.574381],[116.328345,37.569871],[116.320707,37.571493],[116.305804,37.56429],[116.299703,37.569584],[116.298345,37.566151],[116.300519,37.559931],[116.292119,37.55895],[116.295409,37.553592],[116.288074,37.551069],[116.287884,37.549309],[116.291351,37.545571],[116.289289,37.534407],[116.286095,37.532605],[116.291316,37.522772],[116.280258,37.525197],[116.276273,37.521655],[116.28354,37.518185],[116.280462,37.510662],[116.289182,37.509496],[116.296566,37.510944],[116.298321,37.509346],[116.290353,37.506281],[116.284344,37.500707],[116.286803,37.497574],[116.292903,37.49783],[116.291036,37.492569],[116.283811,37.489234],[116.289291,37.487796],[116.29068,37.484455],[116.272072,37.479792],[116.271758,37.478201],[116.278027,37.472577],[116.278873,37.469027],[116.276484,37.46692]]]}},{"type":"Feature","properties":{"dt_adcode":"131128"},"geometry":{"type":"Polygon","coordinates":[[[116.168195,37.952109],[116.170155,37.959609],[116.174819,37.959338],[116.178838,37.965996],[116.188067,37.968302],[116.209103,37.966392],[116.227247,37.951473],[116.243764,37.956849],[116.246974,37.961413],[116.256568,37.965221],[116.261762,37.963609],[116.262838,37.961007],[116.266227,37.961412],[116.266298,37.969638],[116.276432,37.969481],[116.278243,37.962458],[116.306764,37.979331],[116.329193,38.008112],[116.343896,38.017265],[116.35116,38.018849],[116.370894,38.018569],[116.397868,38.013419],[116.407938,38.009957],[116.417206,38.009453],[116.436414,38.012285],[116.464255,38.013886],[116.466277,38.016659],[116.467529,38.023806],[116.473992,38.020481],[116.472315,38.013323],[116.479308,38.011486],[116.480414,38.014934],[116.482381,38.015684],[116.481915,38.020513],[116.483497,38.025042],[116.484906,38.025408],[116.487793,38.024743],[116.487085,38.021204],[116.488336,38.019922],[116.492353,38.019475],[116.49361,38.015729],[116.498863,38.01353],[116.501236,38.015019],[116.502065,38.018023],[116.506385,38.019312],[116.505595,38.017096],[116.51234,38.016251],[116.515241,38.019287],[116.520065,38.019256],[116.520576,38.016752],[116.536604,38.018618],[116.537466,38.020075],[116.542674,38.018874],[116.546435,38.020279],[116.563221,38.019893],[116.564598,37.987676],[116.562959,37.983793],[116.565249,37.979752],[116.558509,37.968257],[116.551255,37.946406],[116.544613,37.939263],[116.545051,37.932251],[116.53872,37.927994],[116.537332,37.923661],[116.537886,37.918465],[116.53165,37.914391],[116.533296,37.906995],[116.524348,37.904938],[116.524213,37.902477],[116.526408,37.900038],[116.515352,37.89287],[116.511758,37.882186],[116.513775,37.875613],[116.505846,37.870754],[116.513581,37.862737],[116.501891,37.864258],[116.497326,37.861476],[116.488984,37.864496],[116.48794,37.85973],[116.486631,37.859472],[116.476398,37.866306],[116.47359,37.865985],[116.472421,37.854574],[116.480152,37.849774],[116.475143,37.844134],[116.478342,37.841384],[116.475823,37.834562],[116.480306,37.83305],[116.481494,37.831122],[116.472336,37.816975],[116.467829,37.818991],[116.471333,37.819959],[116.468727,37.825697],[116.456511,37.827591],[116.456111,37.829551],[116.448214,37.832225],[116.443987,37.829823],[116.439754,37.830903],[116.438571,37.827405],[116.432638,37.828454],[116.432045,37.826814],[116.420061,37.825785],[116.420834,37.829396],[116.419686,37.830376],[116.414928,37.829461],[116.406335,37.832211],[116.390273,37.843889],[116.380819,37.853778],[116.351682,37.866481],[116.339538,37.868584],[116.333474,37.87135],[116.327662,37.869082],[116.323842,37.863599],[116.313925,37.856073],[116.290117,37.847683],[116.285441,37.841976],[116.289411,37.832346],[116.289072,37.82594],[116.287289,37.820219],[116.282049,37.816116],[116.259469,37.811174],[116.251667,37.811208],[116.243033,37.81248],[116.240711,37.815261],[116.240303,37.818723],[116.235528,37.820056],[116.235256,37.822873],[116.231438,37.82388],[116.230829,37.822256],[116.223995,37.824486],[116.216503,37.813311],[116.213283,37.802113],[116.215293,37.800669],[116.214448,37.796866],[116.221855,37.796804],[116.221154,37.788632],[116.219035,37.787479],[116.219106,37.781633],[116.210594,37.776524],[116.204609,37.775767],[116.197446,37.777435],[116.197283,37.77894],[116.189688,37.77952],[116.18961,37.780871],[116.177859,37.781458],[116.177483,37.779304],[116.17495,37.779451],[116.174217,37.777785],[116.174454,37.775772],[116.177402,37.775415],[116.176234,37.771892],[116.174003,37.771305],[116.170258,37.774494],[116.16856,37.77228],[116.166192,37.773744],[116.167333,37.777934],[116.165609,37.77893],[116.163913,37.774714],[116.15858,37.77714],[116.158395,37.773821],[116.160449,37.771586],[116.15849,37.766392],[116.154588,37.765324],[116.154784,37.769815],[116.153111,37.769508],[116.15588,37.781577],[116.151887,37.781433],[116.150547,37.779208],[116.148252,37.778864],[116.148458,37.774733],[116.153322,37.772443],[116.152682,37.768699],[116.150445,37.768295],[116.141507,37.772088],[116.141826,37.780496],[116.133051,37.778667],[116.128329,37.771709],[116.111926,37.775755],[116.095883,37.784035],[116.103625,37.787456],[116.11164,37.794989],[116.118223,37.804868],[116.123331,37.804707],[116.125647,37.807677],[116.124009,37.810577],[116.109399,37.815283],[116.106339,37.82135],[116.095675,37.826186],[116.089706,37.833472],[116.090101,37.843793],[116.107204,37.866162],[116.099812,37.869259],[116.097043,37.873547],[116.091639,37.874073],[116.082211,37.864724],[116.076603,37.865969],[116.076961,37.867923],[116.075102,37.868052],[116.07186,37.8655],[116.071203,37.861848],[116.068113,37.861684],[116.067674,37.864148],[116.066572,37.863775],[116.066362,37.860559],[116.059742,37.861168],[116.0575,37.865336],[116.053725,37.866748],[116.057632,37.871607],[116.057646,37.874711],[116.062229,37.878399],[116.064701,37.876791],[116.065405,37.873244],[116.06597,37.876354],[116.069607,37.874286],[116.073127,37.87784],[116.08235,37.878035],[116.081909,37.880961],[116.074699,37.882704],[116.076406,37.888349],[116.071462,37.888967],[116.072594,37.893444],[116.070063,37.896675],[116.072348,37.901244],[116.07066,37.903866],[116.081143,37.905199],[116.091036,37.910944],[116.105497,37.910232],[116.120831,37.913399],[116.139886,37.914021],[116.149432,37.917189],[116.153942,37.914558],[116.158018,37.916659],[116.164331,37.921816],[116.170843,37.933595],[116.17336,37.945261],[116.168195,37.952109]]]}},{"type":"Feature","properties":{"dt_adcode":"131182"},"geometry":{"type":"Polygon","coordinates":[[[115.797164,37.921688],[115.792935,37.907338],[115.787736,37.902311],[115.782528,37.900034],[115.778956,37.894831],[115.772871,37.892391],[115.766788,37.887538],[115.763221,37.888799],[115.759982,37.883109],[115.756215,37.873723],[115.753306,37.854038],[115.753583,37.846023],[115.756463,37.838238],[115.760321,37.834219],[115.706927,37.837891],[115.70461,37.830163],[115.697837,37.830829],[115.696285,37.82508],[115.69715,37.81754],[115.677489,37.810433],[115.664458,37.808798],[115.643623,37.80875],[115.633496,37.813081],[115.627001,37.818733],[115.627997,37.820686],[115.621421,37.822884],[115.622971,37.830593],[115.620768,37.831522],[115.615072,37.831776],[115.6121,37.826144],[115.587839,37.82913],[115.586458,37.828097],[115.586007,37.8312],[115.577662,37.830854],[115.578583,37.826054],[115.57598,37.824441],[115.57514,37.817886],[115.576385,37.814312],[115.573532,37.811037],[115.572291,37.798593],[115.579238,37.782797],[115.579541,37.774095],[115.574358,37.767223],[115.552769,37.761965],[115.540799,37.765199],[115.540501,37.762645],[115.538858,37.76277],[115.537961,37.754117],[115.535799,37.750228],[115.529901,37.753297],[115.530302,37.763044],[115.532646,37.763907],[115.532797,37.766993],[115.530318,37.767704],[115.529011,37.765773],[115.525462,37.765874],[115.524937,37.769403],[115.520566,37.769875],[115.519022,37.769078],[115.518329,37.764776],[115.516124,37.764845],[115.516109,37.769073],[115.513997,37.770129],[115.514475,37.775995],[115.500089,37.778962],[115.48652,37.777853],[115.48089,37.769475],[115.475049,37.77011],[115.473537,37.780213],[115.467585,37.781324],[115.467856,37.783026],[115.465918,37.781695],[115.449864,37.782816],[115.447793,37.780962],[115.44784,37.777544],[115.444393,37.777672],[115.444157,37.773048],[115.439339,37.773461],[115.439284,37.769134],[115.434696,37.768894],[115.434354,37.766177],[115.431499,37.766263],[115.431238,37.763246],[115.428138,37.762572],[115.426506,37.759859],[115.431103,37.761701],[115.435106,37.761321],[115.440062,37.756757],[115.440586,37.749976],[115.446772,37.747235],[115.476956,37.745006],[115.47765,37.741563],[115.480355,37.741019],[115.481195,37.723223],[115.47897,37.716691],[115.47567,37.716371],[115.474938,37.71867],[115.466295,37.7152],[115.462989,37.717851],[115.463297,37.721945],[115.461223,37.721969],[115.461863,37.728976],[115.456667,37.728865],[115.452493,37.727618],[115.452811,37.723449],[115.455962,37.720176],[115.453803,37.713039],[115.452511,37.71138],[115.447916,37.71105],[115.447184,37.713229],[115.437679,37.716698],[115.437697,37.722242],[115.440169,37.721971],[115.440222,37.723162],[115.43324,37.723334],[115.433489,37.72517],[115.429144,37.726071],[115.429796,37.727694],[115.420115,37.730611],[115.417958,37.730612],[115.41525,37.724458],[115.398374,37.729004],[115.398019,37.734981],[115.39192,37.734435],[115.391124,37.738839],[115.384559,37.739807],[115.384604,37.741034],[115.377863,37.742019],[115.374862,37.734873],[115.371681,37.73497],[115.368518,37.729747],[115.360312,37.732024],[115.355138,37.735403],[115.355717,37.737632],[115.349306,37.739976],[115.349441,37.747277],[115.344452,37.748161],[115.345535,37.759076],[115.347353,37.757841],[115.351256,37.762539],[115.355247,37.760868],[115.356344,37.762606],[115.361194,37.759219],[115.360689,37.761681],[115.363505,37.762139],[115.364502,37.768239],[115.3666,37.767972],[115.3678,37.770819],[115.371639,37.770356],[115.371183,37.775133],[115.364672,37.782791],[115.352348,37.78404],[115.351221,37.791314],[115.34983,37.791875],[115.351576,37.803634],[115.349737,37.805754],[115.352621,37.815394],[115.353991,37.817836],[115.358199,37.816782],[115.360171,37.820246],[115.361425,37.833089],[115.359858,37.838586],[115.361891,37.840949],[115.363031,37.849843],[115.366214,37.849741],[115.367356,37.85237],[115.371699,37.852557],[115.371389,37.849052],[115.375185,37.848497],[115.37508,37.853362],[115.390133,37.853569],[115.387865,37.857726],[115.391183,37.857665],[115.392016,37.862217],[115.389803,37.874618],[115.376197,37.875575],[115.37449,37.876296],[115.374995,37.878236],[115.360322,37.880057],[115.360391,37.888486],[115.36262,37.888907],[115.362972,37.896352],[115.36528,37.895841],[115.365479,37.906292],[115.376112,37.905514],[115.383614,37.90773],[115.386311,37.911068],[115.384328,37.911489],[115.385817,37.917222],[115.390429,37.918317],[115.391426,37.925],[115.39369,37.919698],[115.408666,37.918907],[115.412569,37.923806],[115.413512,37.928674],[115.413608,37.929829],[115.412053,37.928866],[115.411481,37.935587],[115.413388,37.935798],[115.412794,37.943263],[115.422215,37.943786],[115.431933,37.9393],[115.432242,37.93685],[115.442207,37.934361],[115.442562,37.936111],[115.448589,37.936574],[115.451228,37.943657],[115.453924,37.94324],[115.457586,37.950751],[115.460712,37.950105],[115.464181,37.954106],[115.456872,37.957676],[115.456409,37.966819],[115.458141,37.97203],[115.456002,37.974553],[115.445044,37.977776],[115.44569,37.985002],[115.444129,37.984909],[115.445016,37.98919],[115.448622,37.991383],[115.464193,37.992992],[115.462297,37.995266],[115.463286,37.998395],[115.454389,37.999714],[115.454361,38.002307],[115.445572,38.003047],[115.445216,38.001676],[115.440039,38.002124],[115.439242,38.000929],[115.438359,38.00317],[115.436115,38.003443],[115.437573,38.004355],[115.437464,38.011381],[115.441264,38.011215],[115.442105,38.013949],[115.448116,38.014056],[115.451359,38.017303],[115.450485,38.025382],[115.447232,38.025843],[115.447853,38.031181],[115.451948,38.030084],[115.458538,38.032164],[115.459972,38.03777],[115.458979,38.042523],[115.462094,38.052914],[115.464559,38.053086],[115.466754,38.063546],[115.462611,38.063967],[115.463307,38.066336],[115.474475,38.067575],[115.477569,38.074917],[115.481664,38.074676],[115.483611,38.082786],[115.480947,38.085076],[115.474504,38.086011],[115.473328,38.090493],[115.468459,38.091268],[115.468086,38.095148],[115.465798,38.095141],[115.465649,38.093386],[115.462137,38.094103],[115.458812,38.091488],[115.454495,38.091339],[115.451458,38.092486],[115.451224,38.095863],[115.449095,38.096443],[115.453846,38.120789],[115.453216,38.138192],[115.451173,38.144826],[115.438372,38.161072],[115.441544,38.16726],[115.44739,38.169731],[115.448402,38.17327],[115.454496,38.174619],[115.464194,38.17138],[115.471833,38.171515],[115.47456,38.177514],[115.484918,38.183051],[115.492821,38.185348],[115.495525,38.193004],[115.523933,38.194992],[115.524831,38.18118],[115.533808,38.177279],[115.545384,38.169271],[115.547444,38.162827],[115.549375,38.161578],[115.548131,38.158474],[115.559956,38.161384],[115.569161,38.153674],[115.573517,38.144976],[115.575266,38.136507],[115.573852,38.113614],[115.575592,38.106287],[115.580523,38.101252],[115.596469,38.098507],[115.627794,38.099699],[115.662065,38.09725],[115.676007,38.09019],[115.681818,38.089745],[115.687637,38.092733],[115.703329,38.10765],[115.710302,38.109262],[115.731499,38.106771],[115.740497,38.107694],[115.754134,38.111587],[115.758491,38.11662],[115.772994,38.125542],[115.797898,38.12825],[115.812836,38.128433],[115.813597,38.126325],[115.820411,38.125663],[115.821538,38.122589],[115.826542,38.122796],[115.828306,38.116161],[115.833683,38.117132],[115.832849,38.114013],[115.845852,38.112645],[115.847978,38.101701],[115.846466,38.101581],[115.84578,38.091611],[115.836097,38.091494],[115.834751,38.087595],[115.827639,38.086193],[115.826936,38.084734],[115.822267,38.085376],[115.819356,38.081173],[115.80472,38.077186],[115.804574,38.069649],[115.80682,38.072322],[115.810421,38.071337],[115.803637,38.057549],[115.799137,38.058285],[115.793663,38.0469],[115.791898,38.048563],[115.785837,38.048966],[115.785291,38.045532],[115.781807,38.045729],[115.780065,38.037713],[115.777294,38.037953],[115.777473,38.036537],[115.785881,38.035025],[115.785013,38.032398],[115.793276,38.030191],[115.795084,38.026301],[115.79398,38.021741],[115.797345,38.018728],[115.803168,38.016719],[115.802218,38.009821],[115.798536,38.011806],[115.796227,38.006716],[115.783669,38.008209],[115.78337,38.005586],[115.781631,38.005771],[115.779767,37.997867],[115.773309,37.996652],[115.770852,37.994583],[115.769801,37.985747],[115.773578,37.985694],[115.774192,37.983764],[115.779414,37.984059],[115.781643,37.980992],[115.791511,37.981753],[115.791396,37.982797],[115.800083,37.984382],[115.801052,37.982978],[115.803872,37.98479],[115.809713,37.979981],[115.808556,37.971567],[115.806483,37.968756],[115.800649,37.968508],[115.799963,37.964408],[115.806178,37.958213],[115.79679,37.954771],[115.797171,37.95354],[115.801627,37.953841],[115.803472,37.952725],[115.803021,37.950068],[115.807175,37.950068],[115.807338,37.948647],[115.799819,37.946957],[115.799413,37.944759],[115.794049,37.944359],[115.794155,37.941742],[115.789984,37.939955],[115.788364,37.935967],[115.788069,37.929328],[115.797164,37.921688]]]}}]}