{"type":"FeatureCollection","features":[{"type":"Feature","properties":{"dt_adcode":"410102"},"geometry":{"type":"Polygon","coordinates":[[[113.508982,34.853992],[113.521814,34.852433],[113.529234,34.856702],[113.546085,34.858472],[113.551753,34.854692],[113.561482,34.852987],[113.570099,34.85997],[113.574109,34.860223],[113.577609,34.853191],[113.592336,34.847736],[113.592968,34.841453],[113.595699,34.836264],[113.60276,34.828247],[113.603323,34.821106],[113.601127,34.813618],[113.598924,34.811315],[113.598264,34.804952],[113.609014,34.800931],[113.611714,34.795813],[113.615703,34.795986],[113.622408,34.782964],[113.621283,34.778672],[113.624416,34.776894],[113.627245,34.777331],[113.631475,34.768529],[113.628207,34.754874],[113.632646,34.754194],[113.632646,34.748388],[113.628111,34.748233],[113.627993,34.734919],[113.624827,34.734984],[113.624205,34.732601],[113.627818,34.732517],[113.627849,34.728808],[113.623083,34.728789],[113.62456,34.722953],[113.621953,34.722927],[113.621748,34.720556],[113.618086,34.720613],[113.620862,34.719312],[113.620828,34.711984],[113.616795,34.712386],[113.61575,34.710532],[113.617075,34.710098],[113.613063,34.709774],[113.613671,34.707152],[113.608225,34.706452],[113.606866,34.703954],[113.599389,34.70444],[113.596276,34.708909],[113.589601,34.70976],[113.587422,34.713588],[113.580399,34.717817],[113.563815,34.719495],[113.561428,34.718653],[113.561043,34.712548],[113.555511,34.711799],[113.554661,34.709699],[113.556748,34.707205],[113.555715,34.705598],[113.548983,34.704124],[113.542126,34.704936],[113.537366,34.709618],[113.533889,34.717165],[113.526763,34.717932],[113.524212,34.720329],[113.517597,34.717974],[113.517874,34.722956],[113.514286,34.724405],[113.499293,34.725712],[113.491553,34.722135],[113.487403,34.725071],[113.473502,34.724258],[113.472196,34.725684],[113.473719,34.731927],[113.480077,34.731278],[113.48589,34.736986],[113.490803,34.738223],[113.48327,34.743971],[113.480573,34.754347],[113.464524,34.758971],[113.464317,34.761663],[113.468402,34.768238],[113.468403,34.774427],[113.474632,34.774292],[113.479536,34.768487],[113.488808,34.768804],[113.495519,34.771011],[113.493651,34.77514],[113.494906,34.777204],[113.485912,34.779464],[113.487711,34.784036],[113.487436,34.796753],[113.478449,34.798206],[113.474643,34.791073],[113.460105,34.793339],[113.455604,34.795931],[113.460799,34.807766],[113.459484,34.811947],[113.453814,34.81735],[113.453459,34.821639],[113.458941,34.834454],[113.478393,34.83772],[113.483523,34.840333],[113.490455,34.83804],[113.504576,34.839848],[113.505145,34.849376],[113.508982,34.853992]]]}},{"type":"Feature","properties":{"dt_adcode":"410103"},"geometry":{"type":"Polygon","coordinates":[[[113.506152,34.665341],[113.507614,34.669575],[113.505815,34.672964],[113.508722,34.682396],[113.505942,34.692902],[113.509143,34.707465],[113.517597,34.717974],[113.524212,34.720329],[113.526763,34.717932],[113.533889,34.717165],[113.537366,34.709618],[113.542126,34.704936],[113.548983,34.704124],[113.555715,34.705598],[113.556748,34.707205],[113.554661,34.709699],[113.555511,34.711799],[113.561043,34.712548],[113.562234,34.719287],[113.572071,34.719145],[113.580399,34.717817],[113.585342,34.715262],[113.589601,34.70976],[113.596276,34.708909],[113.599389,34.70444],[113.606866,34.703954],[113.608225,34.706452],[113.613671,34.707152],[113.613063,34.709774],[113.617075,34.710098],[113.61575,34.710532],[113.616795,34.712386],[113.620828,34.711984],[113.620862,34.719312],[113.618086,34.720613],[113.621748,34.720556],[113.621953,34.722927],[113.62456,34.722953],[113.623083,34.728789],[113.627849,34.728808],[113.627818,34.732517],[113.624205,34.732601],[113.624827,34.734984],[113.627993,34.734919],[113.628111,34.748233],[113.632646,34.748388],[113.632646,34.754194],[113.628207,34.754874],[113.631683,34.766461],[113.63926,34.766353],[113.643692,34.760266],[113.651639,34.758319],[113.65741,34.764023],[113.665271,34.763483],[113.664282,34.758314],[113.661215,34.761291],[113.660217,34.759302],[113.667001,34.756081],[113.666643,34.752645],[113.669526,34.751476],[113.669444,34.748692],[113.666903,34.748033],[113.666451,34.744555],[113.663964,34.743644],[113.66452,34.741462],[113.66652,34.742124],[113.667949,34.740447],[113.665119,34.736848],[113.674439,34.720188],[113.672088,34.720243],[113.672642,34.718485],[113.674923,34.717461],[113.674791,34.714954],[113.676583,34.71485],[113.675907,34.707521],[113.673113,34.707511],[113.672467,34.705714],[113.670545,34.707069],[113.67,34.703754],[113.666821,34.702961],[113.669922,34.702603],[113.669636,34.700547],[113.675205,34.700391],[113.67576,34.69623],[113.682249,34.696089],[113.682375,34.683673],[113.673904,34.68377],[113.670425,34.677319],[113.666189,34.677074],[113.659891,34.665722],[113.657694,34.665377],[113.657799,34.662049],[113.660934,34.658653],[113.665677,34.658609],[113.667213,34.654333],[113.663215,34.649012],[113.664057,34.643516],[113.660544,34.640699],[113.653667,34.639042],[113.642358,34.641218],[113.634094,34.637839],[113.623696,34.63848],[113.622705,34.629496],[113.62062,34.626916],[113.615011,34.625492],[113.607876,34.629443],[113.603433,34.627631],[113.600517,34.623046],[113.602382,34.617088],[113.599258,34.609717],[113.608247,34.606037],[113.603179,34.600548],[113.602007,34.600034],[113.601036,34.604043],[113.595016,34.602394],[113.588513,34.603835],[113.584022,34.602761],[113.574334,34.606269],[113.570125,34.610916],[113.572629,34.617724],[113.571391,34.624255],[113.561182,34.635668],[113.554334,34.633979],[113.550318,34.627749],[113.547885,34.618198],[113.545194,34.61517],[113.542918,34.613809],[113.53925,34.614848],[113.539329,34.621772],[113.536777,34.624991],[113.525396,34.628179],[113.528847,34.634401],[113.517043,34.635538],[113.514562,34.639097],[113.517053,34.643952],[113.504421,34.64737],[113.512851,34.649293],[113.514572,34.652147],[113.513604,34.660169],[113.506152,34.665341]]]}},{"type":"Feature","properties":{"dt_adcode":"410104"},"geometry":{"type":"Polygon","coordinates":[[[113.667001,34.756081],[113.669499,34.758259],[113.671847,34.757946],[113.670765,34.755307],[113.67393,34.757401],[113.690269,34.753971],[113.691452,34.755296],[113.697381,34.755422],[113.697573,34.757123],[113.703209,34.757285],[113.702591,34.753646],[113.70544,34.755366],[113.710954,34.753409],[113.710959,34.747014],[113.709098,34.742766],[113.703996,34.742198],[113.704123,34.737683],[113.710303,34.738782],[113.710462,34.735163],[113.712308,34.735548],[113.712267,34.738884],[113.720707,34.739321],[113.720637,34.737831],[113.726349,34.737887],[113.726311,34.735343],[113.729255,34.734835],[113.733598,34.737068],[113.737315,34.744604],[113.751612,34.754326],[113.75726,34.755154],[113.761701,34.760314],[113.774568,34.758819],[113.779239,34.756374],[113.779412,34.753263],[113.78189,34.751266],[113.786447,34.751614],[113.790485,34.763198],[113.793379,34.76538],[113.813796,34.768866],[113.817033,34.768044],[113.816582,34.761645],[113.818953,34.759705],[113.833043,34.756247],[113.838944,34.748033],[113.845063,34.746142],[113.847001,34.740478],[113.85061,34.736086],[113.855595,34.733938],[113.859662,34.729809],[113.858313,34.725694],[113.852645,34.725424],[113.851906,34.720984],[113.845172,34.72219],[113.844444,34.709054],[113.837547,34.710015],[113.835819,34.699649],[113.829418,34.687272],[113.817854,34.67734],[113.815455,34.667335],[113.816944,34.659895],[113.816206,34.649019],[113.81032,34.649517],[113.810304,34.661425],[113.809083,34.662051],[113.798409,34.657669],[113.794648,34.652037],[113.791729,34.647066],[113.789121,34.63592],[113.790116,34.625376],[113.792567,34.621648],[113.791544,34.619877],[113.782483,34.618378],[113.764861,34.622728],[113.761947,34.6209],[113.757756,34.613012],[113.742294,34.624667],[113.725804,34.626934],[113.720576,34.641131],[113.708879,34.647896],[113.695945,34.652112],[113.69697,34.648087],[113.694023,34.648118],[113.694379,34.646299],[113.692222,34.646028],[113.692901,34.644471],[113.691336,34.642138],[113.692778,34.638422],[113.689735,34.635289],[113.687031,34.636932],[113.682665,34.633427],[113.678787,34.634058],[113.667284,34.644017],[113.664057,34.643516],[113.663215,34.649012],[113.666438,34.652504],[113.666874,34.656184],[113.665677,34.658609],[113.660934,34.658653],[113.657799,34.662049],[113.657694,34.665377],[113.659891,34.665722],[113.666189,34.677074],[113.670425,34.677319],[113.673904,34.68377],[113.682375,34.683673],[113.682249,34.696089],[113.67576,34.69623],[113.675205,34.700391],[113.669636,34.700547],[113.669922,34.702603],[113.666821,34.702961],[113.67,34.703754],[113.670545,34.707069],[113.672467,34.705714],[113.673113,34.707511],[113.675907,34.707521],[113.676583,34.71485],[113.674791,34.714954],[113.674923,34.717461],[113.672642,34.718485],[113.672088,34.720243],[113.674439,34.720188],[113.665119,34.736848],[113.667949,34.740447],[113.66652,34.742124],[113.66452,34.741462],[113.663964,34.743644],[113.666451,34.744555],[113.666903,34.748033],[113.669444,34.748692],[113.669481,34.751575],[113.666643,34.752645],[113.667001,34.756081]]]}},{"type":"Feature","properties":{"dt_adcode":"410105"},"geometry":{"type":"Polygon","coordinates":[[[113.637702,34.798646],[113.63275,34.806407],[113.633238,34.811404],[113.629917,34.813514],[113.631225,34.825984],[113.632581,34.827695],[113.637282,34.827204],[113.638531,34.834149],[113.633424,34.834685],[113.63404,34.840401],[113.63797,34.842188],[113.639743,34.851191],[113.644277,34.853951],[113.646205,34.857395],[113.654922,34.856857],[113.654633,34.851748],[113.676045,34.851382],[113.676421,34.853588],[113.680166,34.852285],[113.680191,34.854944],[113.697244,34.855843],[113.705364,34.858755],[113.714821,34.868817],[113.767835,34.867651],[113.783253,34.858512],[113.801322,34.86708],[113.801487,34.871976],[113.795469,34.877479],[113.795634,34.882334],[113.800466,34.879942],[113.826045,34.877702],[113.870156,34.885651],[113.865746,34.865489],[113.856145,34.859061],[113.854959,34.855983],[113.84677,34.852365],[113.840728,34.835502],[113.841402,34.831665],[113.845807,34.825917],[113.839748,34.819422],[113.841236,34.812153],[113.838154,34.804383],[113.838577,34.791263],[113.848822,34.777819],[113.849627,34.77346],[113.84954,34.768194],[113.844051,34.750079],[113.845063,34.746142],[113.838944,34.748033],[113.833043,34.756247],[113.818953,34.759705],[113.816582,34.761645],[113.817033,34.768044],[113.813796,34.768866],[113.793379,34.76538],[113.790485,34.763198],[113.786447,34.751614],[113.78189,34.751266],[113.779412,34.753263],[113.779239,34.756374],[113.774568,34.758819],[113.761701,34.760314],[113.75726,34.755154],[113.751612,34.754326],[113.736881,34.744263],[113.733598,34.737068],[113.730437,34.735149],[113.726311,34.735343],[113.726349,34.737887],[113.720637,34.737831],[113.720707,34.739321],[113.712267,34.738884],[113.712308,34.735548],[113.710462,34.735163],[113.710303,34.738782],[113.704123,34.737683],[113.703924,34.740128],[113.703996,34.742198],[113.709098,34.742766],[113.710959,34.747014],[113.710954,34.753409],[113.70544,34.755366],[113.702591,34.753646],[113.703209,34.757285],[113.697573,34.757123],[113.697381,34.755422],[113.691452,34.755296],[113.690269,34.753971],[113.67393,34.757401],[113.670765,34.755307],[113.671847,34.757946],[113.668092,34.758274],[113.667001,34.756081],[113.660259,34.758383],[113.661029,34.761295],[113.664282,34.758314],[113.665271,34.763483],[113.662953,34.764217],[113.655515,34.763158],[113.651639,34.758319],[113.643692,34.760266],[113.63926,34.766353],[113.631683,34.766461],[113.627436,34.777129],[113.621283,34.778672],[113.622408,34.782964],[113.613898,34.799491],[113.618447,34.800316],[113.623452,34.795967],[113.627471,34.797623],[113.630861,34.793463],[113.628124,34.798683],[113.637702,34.798646]],[[113.648231,34.786282],[113.648697,34.784146],[113.651628,34.784486],[113.650299,34.786535],[113.648231,34.786282]]]}},{"type":"Feature","properties":{"dt_adcode":"410106"},"geometry":{"type":"Polygon","coordinates":[[[113.256833,34.762122],[113.254794,34.762268],[113.252206,34.765299],[113.252133,34.766408],[113.254203,34.766408],[113.253981,34.768996],[113.255312,34.768922],[113.253685,34.774319],[113.261522,34.780973],[113.261153,34.783339],[113.25509,34.783413],[113.25265,34.785927],[113.250876,34.785705],[113.250033,34.791923],[113.248022,34.79565],[113.245064,34.796478],[113.248684,34.80829],[113.246365,34.811981],[113.248353,34.814394],[113.249024,34.818979],[113.245561,34.821445],[113.245532,34.823011],[113.247917,34.828803],[113.249318,34.828917],[113.24875,34.831567],[113.253133,34.830803],[113.25405,34.83327],[113.257843,34.831888],[113.256966,34.83375],[113.251362,34.836526],[113.250946,34.840803],[113.255024,34.839821],[113.265861,34.841333],[113.267678,34.843567],[113.282994,34.843716],[113.282643,34.840972],[113.291054,34.83988],[113.290794,34.838759],[113.282482,34.839771],[113.282022,34.836617],[113.284875,34.834007],[113.290954,34.834354],[113.291284,34.830831],[113.293508,34.830614],[113.293698,34.828462],[113.297384,34.828426],[113.301181,34.831405],[113.313055,34.828952],[113.315399,34.825933],[113.316802,34.828208],[113.315459,34.818765],[113.314045,34.817431],[113.31622,34.816024],[113.31614,34.814132],[113.324638,34.811435],[113.32579,34.80503],[113.320208,34.80566],[113.320179,34.802706],[113.318313,34.802264],[113.3173,34.792047],[113.311259,34.778203],[113.306021,34.771806],[113.304422,34.764039],[113.300839,34.762271],[113.291811,34.762609],[113.288282,34.76089],[113.287841,34.758636],[113.299283,34.749835],[113.297486,34.739509],[113.308254,34.735014],[113.309316,34.732761],[113.307685,34.727384],[113.30279,34.724734],[113.299086,34.718296],[113.290841,34.714144],[113.278326,34.722105],[113.272066,34.723098],[113.268869,34.72544],[113.268203,34.72911],[113.271369,34.731177],[113.27722,34.739991],[113.278115,34.744673],[113.272623,34.758161],[113.269276,34.762706],[113.262533,34.76602],[113.26031,34.765739],[113.256833,34.762122]]]}},{"type":"Feature","properties":{"dt_adcode":"410108"},"geometry":{"type":"MultiPolygon","coordinates":[[[[113.647901,34.786144],[113.650299,34.786535],[113.651676,34.784591],[113.648697,34.784146],[113.647901,34.786144]]],[[[113.676045,34.851382],[113.654633,34.851748],[113.654922,34.856857],[113.646205,34.857395],[113.644277,34.853951],[113.639743,34.851191],[113.63797,34.842188],[113.634762,34.841614],[113.633243,34.836785],[113.633424,34.834685],[113.638531,34.834149],[113.638368,34.830983],[113.637282,34.827204],[113.632581,34.827695],[113.631225,34.825984],[113.629917,34.813514],[113.633238,34.811404],[113.63275,34.806407],[113.637838,34.798769],[113.628124,34.798683],[113.630861,34.793463],[113.627471,34.797623],[113.622836,34.796082],[113.618447,34.800316],[113.613898,34.799491],[113.616201,34.795914],[113.611714,34.795813],[113.609014,34.800931],[113.598264,34.804952],[113.598924,34.811315],[113.601127,34.813618],[113.603323,34.821106],[113.60276,34.828247],[113.595699,34.836264],[113.592968,34.841453],[113.592336,34.847736],[113.577609,34.853191],[113.574109,34.860223],[113.570099,34.85997],[113.561482,34.852987],[113.551753,34.854692],[113.546085,34.858472],[113.529234,34.856702],[113.521814,34.852433],[113.508982,34.853992],[113.5097,34.858452],[113.50811,34.862867],[113.499741,34.869362],[113.49732,34.875221],[113.498506,34.886945],[113.504395,34.891963],[113.50967,34.901617],[113.50227,34.916706],[113.501657,34.922322],[113.505966,34.954258],[113.510455,34.96184],[113.522786,34.967035],[113.531469,34.968123],[113.543293,34.968018],[113.552569,34.965139],[113.574821,34.95059],[113.592067,34.933735],[113.624238,34.929785],[113.644135,34.93003],[113.650342,34.928769],[113.665086,34.918514],[113.670711,34.910308],[113.67839,34.906797],[113.68485,34.90637],[113.716851,34.913411],[113.725531,34.917402],[113.740347,34.919213],[113.761839,34.916402],[113.766114,34.914898],[113.777088,34.905046],[113.786479,34.890427],[113.795634,34.882334],[113.795469,34.877479],[113.801487,34.871976],[113.801322,34.86708],[113.783253,34.858512],[113.767835,34.867651],[113.714821,34.868817],[113.705364,34.858755],[113.697244,34.855843],[113.680191,34.854944],[113.680166,34.852285],[113.676421,34.853588],[113.676045,34.851382]]]]}},{"type":"Feature","properties":{"dt_adcode":"410122"},"geometry":{"type":"Polygon","coordinates":[[[114.164694,34.715977],[114.168254,34.714949],[114.167386,34.712419],[114.168652,34.712056],[114.167076,34.709776],[114.170118,34.709861],[114.169479,34.707249],[114.166379,34.709517],[114.165477,34.704858],[114.163197,34.705089],[114.164075,34.701634],[114.159976,34.697758],[114.16191,34.696253],[114.158984,34.694767],[114.158331,34.691929],[114.157577,34.686495],[114.16044,34.665597],[114.159271,34.662558],[114.150363,34.656673],[114.154387,34.641382],[114.154265,34.631651],[114.157519,34.625981],[114.150766,34.615223],[114.150982,34.612193],[114.155061,34.607806],[114.154573,34.605765],[114.146843,34.603225],[114.145148,34.604268],[114.146365,34.609701],[114.145508,34.614567],[114.143772,34.611967],[114.142436,34.613991],[114.14052,34.613753],[114.14069,34.615514],[114.139512,34.613844],[114.137823,34.614589],[114.138316,34.617329],[114.137307,34.615338],[114.135402,34.617693],[114.127698,34.617171],[114.129075,34.615037],[114.12659,34.61504],[114.125472,34.607905],[114.130522,34.60794],[114.131489,34.604366],[114.134044,34.606905],[114.136818,34.605701],[114.135859,34.597575],[114.133904,34.597768],[114.133404,34.596057],[114.133444,34.591003],[114.129672,34.591677],[114.13216,34.596302],[114.132367,34.600632],[114.129533,34.599724],[114.128664,34.596622],[114.127265,34.588735],[114.129053,34.587204],[114.127775,34.587145],[114.127825,34.584933],[114.129921,34.587524],[114.13028,34.582689],[114.132585,34.581986],[114.129809,34.575354],[114.127424,34.575546],[114.127105,34.573425],[114.125537,34.574577],[114.123681,34.570675],[114.116025,34.56847],[114.107206,34.557874],[114.098763,34.528041],[114.09424,34.505191],[114.094404,34.492268],[114.093162,34.48929],[114.083369,34.480913],[114.075969,34.478886],[114.070357,34.481453],[114.062457,34.490524],[114.035122,34.503982],[114.022615,34.488532],[114.007754,34.477691],[114.008285,34.47009],[114.018539,34.46723],[114.021733,34.458972],[114.021296,34.447227],[114.019912,34.445367],[114.00654,34.439203],[113.996494,34.438213],[113.990349,34.435686],[113.968524,34.439342],[113.956182,34.438691],[113.948592,34.435087],[113.949246,34.451177],[113.94756,34.454344],[113.944466,34.455972],[113.940321,34.456237],[113.938079,34.454709],[113.933666,34.446154],[113.929965,34.44349],[113.921596,34.443051],[113.915616,34.444942],[113.911036,34.453236],[113.901652,34.453836],[113.89938,34.457571],[113.897109,34.458437],[113.886275,34.459686],[113.884915,34.463702],[113.89442,34.524434],[113.885321,34.52985],[113.879369,34.527702],[113.867799,34.532456],[113.860248,34.526656],[113.855002,34.526734],[113.856597,34.542529],[113.849189,34.552065],[113.848185,34.559566],[113.855059,34.567655],[113.862737,34.570481],[113.862989,34.578784],[113.854247,34.585574],[113.84734,34.586586],[113.844147,34.596389],[113.847341,34.599576],[113.846874,34.602733],[113.828371,34.605172],[113.809018,34.617115],[113.793277,34.621137],[113.790116,34.625376],[113.789624,34.640327],[113.794648,34.652037],[113.798409,34.657669],[113.809083,34.662051],[113.810304,34.661425],[113.81032,34.649517],[113.816206,34.649019],[113.816944,34.659895],[113.815455,34.667335],[113.817854,34.67734],[113.829418,34.687272],[113.835819,34.699649],[113.837547,34.710015],[113.844444,34.709054],[113.845172,34.72219],[113.851906,34.720984],[113.852645,34.725424],[113.858313,34.725694],[113.859662,34.729809],[113.855595,34.733938],[113.85061,34.736086],[113.845409,34.745092],[113.844051,34.750079],[113.84954,34.768194],[113.849627,34.77346],[113.848822,34.777819],[113.838577,34.791263],[113.838154,34.804383],[113.841236,34.812153],[113.839748,34.819422],[113.845807,34.825917],[113.841402,34.831665],[113.840728,34.835502],[113.84677,34.852365],[113.854959,34.855983],[113.856145,34.859061],[113.865746,34.865489],[113.870156,34.885651],[113.902061,34.900014],[113.914031,34.90245],[113.927216,34.898791],[113.953586,34.898105],[113.963187,34.901919],[113.973662,34.910444],[113.97643,34.91766],[113.985299,34.928269],[114.009545,34.949754],[114.015012,34.956284],[114.022594,34.960025],[114.028443,34.959366],[114.048254,34.945759],[114.05828,34.944047],[114.071735,34.945804],[114.080569,34.944546],[114.09164,34.948572],[114.101862,34.954751],[114.12047,34.956649],[114.164761,34.931874],[114.172844,34.931859],[114.200704,34.939525],[114.208516,34.926626],[114.220727,34.919068],[114.220491,34.906815],[114.213441,34.870532],[114.211092,34.860874],[114.199807,34.832706],[114.185338,34.825637],[114.162491,34.828869],[114.133703,34.82563],[114.126781,34.823278],[114.122491,34.818352],[114.125272,34.812573],[114.134151,34.80215],[114.142534,34.797444],[114.141178,34.796396],[114.144948,34.795629],[114.144539,34.791936],[114.146274,34.791754],[114.146094,34.788651],[114.153215,34.790361],[114.152447,34.782174],[114.165628,34.779598],[114.164449,34.77757],[114.170334,34.776076],[114.169765,34.771112],[114.171849,34.771008],[114.173384,34.768543],[114.172596,34.763479],[114.168548,34.761034],[114.165238,34.76119],[114.165856,34.759097],[114.160132,34.759318],[114.160372,34.761129],[114.158487,34.760011],[114.156902,34.760214],[114.157231,34.761385],[114.153422,34.761371],[114.152025,34.759292],[114.151606,34.750713],[114.154109,34.752071],[114.154597,34.746685],[114.151715,34.74728],[114.150638,34.7457],[114.149371,34.746963],[114.145012,34.738041],[114.142179,34.738756],[114.143345,34.735921],[114.142308,34.730868],[114.140821,34.73089],[114.139964,34.727738],[114.137559,34.727631],[114.138617,34.726178],[114.139744,34.727308],[114.139744,34.724665],[114.142118,34.723321],[114.14093,34.722472],[114.143653,34.721337],[114.142965,34.718435],[114.144801,34.720624],[114.146256,34.71794],[114.143912,34.718073],[114.142366,34.714582],[114.14833,34.707827],[114.150524,34.707353],[114.153476,34.70964],[114.151841,34.711435],[114.154064,34.711741],[114.151931,34.713566],[114.15245,34.715107],[114.155112,34.714632],[114.156102,34.717857],[114.160138,34.717637],[114.159161,34.714555],[114.161793,34.716232],[114.163697,34.713967],[114.165233,34.717838],[114.164694,34.715977]]]}},{"type":"Feature","properties":{"dt_adcode":"410181"},"geometry":{"type":"Polygon","coordinates":[[[113.144469,34.855845],[113.147493,34.846821],[113.146805,34.842768],[113.156716,34.831019],[113.158862,34.826191],[113.166956,34.819759],[113.167866,34.817053],[113.163638,34.815847],[113.159957,34.818771],[113.159688,34.815671],[113.156308,34.81246],[113.155901,34.808687],[113.164513,34.80411],[113.161116,34.802443],[113.155632,34.804221],[113.153075,34.802094],[113.152876,34.799635],[113.157043,34.797465],[113.152416,34.793451],[113.153039,34.792021],[113.161635,34.793457],[113.161921,34.790646],[113.152605,34.779428],[113.151157,34.775698],[113.152552,34.774323],[113.163019,34.773243],[113.169966,34.765971],[113.170762,34.757438],[113.166707,34.748163],[113.167417,34.743125],[113.171921,34.741984],[113.175647,34.74501],[113.178202,34.749823],[113.177631,34.755779],[113.182734,34.759214],[113.198604,34.758701],[113.220313,34.751554],[113.229191,34.750354],[113.251628,34.755024],[113.255472,34.757449],[113.256833,34.762122],[113.26031,34.765739],[113.264623,34.765403],[113.271002,34.761226],[113.278046,34.74247],[113.271369,34.731177],[113.268203,34.72911],[113.267859,34.727114],[113.27263,34.721608],[113.269581,34.718678],[113.269519,34.713584],[113.259287,34.696789],[113.259009,34.694046],[113.263471,34.686036],[113.263541,34.682767],[113.255507,34.678773],[113.254882,34.675147],[113.256062,34.67183],[113.26366,34.664378],[113.256477,34.650635],[113.251693,34.646565],[113.249272,34.648972],[113.246017,34.646616],[113.242911,34.643121],[113.241947,34.638249],[113.233221,34.640136],[113.228459,34.635892],[113.222355,34.637319],[113.213981,34.635145],[113.207473,34.637083],[113.204363,34.636449],[113.19879,34.62672],[113.189676,34.621451],[113.189069,34.61698],[113.191404,34.60941],[113.190564,34.604863],[113.186139,34.602788],[113.173145,34.601463],[113.163832,34.595851],[113.164265,34.5915],[113.155332,34.592697],[113.151121,34.591498],[113.145677,34.584619],[113.143284,34.577512],[113.138455,34.574247],[113.123175,34.570784],[113.110262,34.563667],[113.097984,34.568438],[113.089895,34.562633],[113.084942,34.568048],[113.081543,34.568896],[113.077117,34.566128],[113.075403,34.561194],[113.066748,34.55761],[113.064111,34.557825],[113.054634,34.564474],[113.048382,34.563869],[113.047259,34.566043],[113.043088,34.565903],[113.041572,34.564005],[113.044585,34.558233],[113.041972,34.554726],[113.041231,34.550265],[113.032005,34.545395],[113.025862,34.53734],[113.021163,34.519108],[113.005877,34.517349],[113.004814,34.521926],[113.00105,34.524247],[112.990696,34.523543],[112.990252,34.527492],[112.985922,34.533187],[112.987421,34.537949],[112.982586,34.539786],[112.967725,34.541272],[112.952254,34.547625],[112.929576,34.54757],[112.924221,34.545406],[112.91383,34.544958],[112.898114,34.547557],[112.890712,34.547118],[112.878978,34.560036],[112.877747,34.567712],[112.860836,34.584547],[112.859589,34.587472],[112.862163,34.590281],[112.846322,34.588831],[112.843628,34.590098],[112.839418,34.596528],[112.845597,34.609928],[112.84312,34.620306],[112.840212,34.623164],[112.835192,34.624504],[112.824732,34.625195],[112.824982,34.628707],[112.829742,34.629879],[112.835491,34.630459],[112.83636,34.628576],[112.841789,34.628666],[112.847159,34.640356],[112.845167,34.644536],[112.832452,34.655184],[112.833103,34.658076],[112.835327,34.65938],[112.836064,34.665709],[112.829239,34.683323],[112.828901,34.691245],[112.830236,34.694143],[112.844281,34.69913],[112.848613,34.69925],[112.86,34.706492],[112.867809,34.708096],[112.879756,34.705083],[112.893834,34.694975],[112.901662,34.693508],[112.912013,34.70321],[112.916331,34.710973],[112.920432,34.712472],[112.933393,34.712483],[112.939517,34.723821],[112.909915,34.737462],[112.905487,34.742287],[112.901616,34.751524],[112.90851,34.75741],[112.907556,34.766297],[112.909371,34.771111],[112.907444,34.77541],[112.899952,34.780588],[112.887882,34.782733],[112.882114,34.777756],[112.875046,34.779668],[112.850848,34.779216],[112.83942,34.783082],[112.827706,34.778299],[112.814953,34.778739],[112.810603,34.784942],[112.809842,34.795093],[112.811672,34.808035],[112.814098,34.811481],[112.827295,34.819195],[112.838643,34.812133],[112.853528,34.810741],[112.857151,34.813738],[112.866478,34.829538],[112.873222,34.832826],[112.879137,34.849693],[112.884541,34.85307],[112.902329,34.852286],[112.914156,34.847476],[112.938171,34.831598],[112.942998,34.831097],[112.985581,34.853225],[112.989058,34.856322],[112.992876,34.863522],[112.996144,34.864892],[113.016049,34.860452],[113.025033,34.854921],[113.03959,34.841964],[113.048185,34.838283],[113.060251,34.837555],[113.107662,34.844687],[113.115656,34.847603],[113.119406,34.853981],[113.144469,34.855845]]]}},{"type":"Feature","properties":{"dt_adcode":"410182"},"geometry":{"type":"Polygon","coordinates":[[[113.517597,34.717974],[113.509143,34.707465],[113.505942,34.692902],[113.508722,34.682396],[113.505815,34.672964],[113.507614,34.669575],[113.506152,34.665341],[113.501742,34.6633],[113.491789,34.662308],[113.474668,34.656331],[113.472953,34.653994],[113.47371,34.650359],[113.475793,34.650734],[113.475654,34.648982],[113.478763,34.645891],[113.466553,34.646313],[113.46421,34.642485],[113.460694,34.641616],[113.459932,34.637786],[113.463601,34.632509],[113.460978,34.622441],[113.4569,34.618668],[113.452952,34.618673],[113.449844,34.620799],[113.444724,34.612569],[113.427504,34.610981],[113.407359,34.606758],[113.395437,34.60795],[113.394265,34.609092],[113.39536,34.616306],[113.393563,34.622317],[113.387308,34.627457],[113.382529,34.629114],[113.375383,34.623151],[113.373374,34.615474],[113.370531,34.612323],[113.363939,34.611214],[113.351023,34.6168],[113.353242,34.620638],[113.349623,34.623264],[113.339966,34.624901],[113.332737,34.630096],[113.318719,34.62101],[113.292888,34.621227],[113.284134,34.625333],[113.276434,34.626227],[113.245034,34.622281],[113.240687,34.617186],[113.233834,34.615457],[113.232185,34.609444],[113.22002,34.60709],[113.222778,34.610466],[113.222223,34.611902],[113.216128,34.609604],[113.212254,34.610688],[113.204992,34.609368],[113.201458,34.615438],[113.202048,34.624716],[113.19879,34.62672],[113.204363,34.636449],[113.207473,34.637083],[113.213981,34.635145],[113.222355,34.637319],[113.228459,34.635892],[113.233221,34.640136],[113.241947,34.638249],[113.24429,34.645122],[113.249272,34.648972],[113.251693,34.646565],[113.256477,34.650635],[113.263356,34.661984],[113.26227,34.662787],[113.263556,34.66474],[113.255324,34.673001],[113.254995,34.677072],[113.255507,34.678773],[113.263541,34.682767],[113.263471,34.686036],[113.259009,34.694046],[113.259287,34.696789],[113.269519,34.713584],[113.269581,34.718678],[113.27263,34.721608],[113.272066,34.723098],[113.278326,34.722105],[113.290841,34.714144],[113.299086,34.718296],[113.30279,34.724734],[113.307685,34.727384],[113.308796,34.734159],[113.297486,34.739509],[113.299283,34.749835],[113.290389,34.755896],[113.287841,34.758636],[113.288282,34.76089],[113.291811,34.762609],[113.300839,34.762271],[113.304422,34.764039],[113.306021,34.771806],[113.311259,34.778203],[113.3173,34.792047],[113.318313,34.802264],[113.320179,34.802706],[113.320208,34.80566],[113.32579,34.80503],[113.325671,34.809904],[113.31614,34.814132],[113.31622,34.816024],[113.314045,34.817431],[113.315459,34.818765],[113.31671,34.828288],[113.315399,34.825933],[113.313055,34.828952],[113.301181,34.831405],[113.297384,34.828426],[113.293698,34.828462],[113.293508,34.830614],[113.291284,34.830831],[113.290954,34.834354],[113.284875,34.834007],[113.282022,34.836617],[113.282482,34.839771],[113.290794,34.838759],[113.291054,34.83988],[113.282643,34.840972],[113.282994,34.843716],[113.267678,34.843567],[113.265861,34.841333],[113.255024,34.839821],[113.250946,34.840803],[113.251362,34.836526],[113.256966,34.83375],[113.257843,34.831888],[113.25405,34.83327],[113.253133,34.830803],[113.24875,34.831567],[113.249318,34.828917],[113.247917,34.828803],[113.245532,34.823011],[113.245561,34.821445],[113.249024,34.818979],[113.248353,34.814394],[113.246365,34.811981],[113.248684,34.80829],[113.245064,34.796478],[113.248022,34.79565],[113.250033,34.791923],[113.250876,34.785705],[113.25265,34.785927],[113.25509,34.783413],[113.261153,34.783339],[113.261522,34.780973],[113.253685,34.774319],[113.255312,34.768922],[113.253981,34.768996],[113.254203,34.766408],[113.252133,34.766408],[113.252206,34.765299],[113.254794,34.762268],[113.256833,34.762122],[113.255472,34.757449],[113.251628,34.755024],[113.24313,34.754084],[113.234602,34.751044],[113.224552,34.750461],[113.198604,34.758701],[113.182734,34.759214],[113.177631,34.755779],[113.178202,34.749823],[113.176756,34.746387],[113.171921,34.741984],[113.169496,34.742037],[113.167417,34.743125],[113.166707,34.748163],[113.170762,34.757438],[113.169966,34.765971],[113.163019,34.773243],[113.152552,34.774323],[113.151157,34.775698],[113.152605,34.779428],[113.161921,34.790646],[113.161635,34.793457],[113.153039,34.792021],[113.152416,34.793451],[113.157043,34.797465],[113.152876,34.799635],[113.153075,34.802094],[113.155632,34.804221],[113.161116,34.802443],[113.164513,34.80411],[113.155901,34.808687],[113.156308,34.81246],[113.159688,34.815671],[113.159957,34.818771],[113.163638,34.815847],[113.167866,34.817053],[113.166956,34.819759],[113.158862,34.826191],[113.156716,34.831019],[113.146805,34.842768],[113.147493,34.846821],[113.144469,34.855845],[113.147964,34.856281],[113.139799,34.884633],[113.1579,34.887728],[113.227676,34.908414],[113.236979,34.925192],[113.251759,34.942587],[113.277293,34.953966],[113.289889,34.952577],[113.315292,34.942209],[113.333032,34.944864],[113.343456,34.950517],[113.371223,34.977674],[113.394532,34.986796],[113.407826,34.989506],[113.419905,34.987763],[113.427189,34.983561],[113.429659,34.977317],[113.429433,34.964762],[113.449673,34.960224],[113.477368,34.957298],[113.495842,34.959924],[113.522786,34.967035],[113.510455,34.96184],[113.505966,34.954258],[113.501856,34.918369],[113.50967,34.901617],[113.504395,34.891963],[113.498506,34.886945],[113.49732,34.875221],[113.499741,34.869362],[113.506864,34.864239],[113.5097,34.858452],[113.508462,34.85289],[113.505145,34.849376],[113.504576,34.839848],[113.490455,34.83804],[113.483523,34.840333],[113.478393,34.83772],[113.458941,34.834454],[113.453191,34.819004],[113.459484,34.811947],[113.460799,34.807766],[113.455604,34.795931],[113.460105,34.793339],[113.474643,34.791073],[113.478449,34.798206],[113.487436,34.796753],[113.487711,34.784036],[113.485912,34.779464],[113.494906,34.777204],[113.493651,34.77514],[113.495519,34.771011],[113.488808,34.768804],[113.479536,34.768487],[113.474632,34.774292],[113.468403,34.774427],[113.468402,34.768238],[113.464317,34.761663],[113.464524,34.758971],[113.480573,34.754347],[113.48327,34.743971],[113.490803,34.738223],[113.48589,34.736986],[113.480077,34.731278],[113.473719,34.731927],[113.472196,34.725684],[113.473502,34.724258],[113.487403,34.725071],[113.491553,34.722135],[113.499293,34.725712],[113.514286,34.724405],[113.517874,34.722956],[113.517597,34.717974]]]}},{"type":"Feature","properties":{"dt_adcode":"410183"},"geometry":{"type":"Polygon","coordinates":[[[113.640817,34.448383],[113.634996,34.451305],[113.629055,34.449625],[113.630555,34.442965],[113.626359,34.442785],[113.623762,34.439843],[113.617788,34.442162],[113.616146,34.439058],[113.607839,34.434128],[113.604124,34.429581],[113.595353,34.425638],[113.594364,34.419296],[113.601398,34.410127],[113.599602,34.408125],[113.595386,34.407731],[113.587036,34.410204],[113.571248,34.418886],[113.566147,34.418717],[113.564553,34.416266],[113.567099,34.409681],[113.578056,34.403981],[113.577779,34.401299],[113.57012,34.400226],[113.565902,34.393317],[113.55894,34.38738],[113.559277,34.383312],[113.551833,34.382133],[113.553416,34.377325],[113.552585,34.375841],[113.541569,34.371405],[113.532477,34.370124],[113.521874,34.364665],[113.514298,34.352961],[113.513882,34.346548],[113.510882,34.342738],[113.498741,34.338614],[113.487154,34.343067],[113.48289,34.342874],[113.476653,34.337546],[113.473157,34.330989],[113.463612,34.334677],[113.459414,34.334429],[113.452506,34.339521],[113.447674,34.338181],[113.445976,34.341576],[113.430077,34.350283],[113.423082,34.348069],[113.414194,34.349337],[113.411002,34.353493],[113.40767,34.354416],[113.406776,34.355231],[113.409701,34.358416],[113.408348,34.361469],[113.414875,34.374943],[113.413435,34.37599],[113.403575,34.377644],[113.392424,34.375694],[113.383266,34.379175],[113.380407,34.376836],[113.374391,34.377035],[113.36701,34.379812],[113.370411,34.389938],[113.359167,34.396161],[113.352739,34.397049],[113.348782,34.404734],[113.341744,34.406932],[113.334861,34.404552],[113.326752,34.405203],[113.32397,34.42032],[113.317315,34.420809],[113.313157,34.422921],[113.306199,34.435495],[113.300442,34.442398],[113.298556,34.449266],[113.292383,34.454235],[113.292236,34.459733],[113.288681,34.469107],[113.291585,34.472431],[113.278269,34.477783],[113.269555,34.475534],[113.271745,34.486526],[113.262685,34.48348],[113.260124,34.484563],[113.256989,34.489424],[113.245159,34.489291],[113.240439,34.49684],[113.236076,34.497581],[113.206574,34.497621],[113.200508,34.494293],[113.197839,34.485309],[113.187816,34.488285],[113.182619,34.493661],[113.181155,34.497379],[113.188018,34.511521],[113.184336,34.518],[113.18542,34.52612],[113.182077,34.533106],[113.184962,34.539634],[113.180164,34.547644],[113.181794,34.55618],[113.179482,34.566375],[113.184169,34.57152],[113.184706,34.57553],[113.178462,34.581139],[113.181763,34.587441],[113.180516,34.589558],[113.168631,34.588696],[113.164325,34.591269],[113.163485,34.594763],[113.173145,34.601463],[113.186139,34.602788],[113.190564,34.604863],[113.191404,34.60941],[113.189069,34.61698],[113.189676,34.621451],[113.19879,34.62672],[113.202048,34.624716],[113.201458,34.615438],[113.203675,34.610517],[113.206933,34.609206],[113.212254,34.610688],[113.216128,34.609604],[113.222223,34.611902],[113.222778,34.610466],[113.22002,34.60709],[113.232185,34.609444],[113.233834,34.615457],[113.240687,34.617186],[113.245034,34.622281],[113.279067,34.626286],[113.292888,34.621227],[113.318719,34.62101],[113.332737,34.630096],[113.339966,34.624901],[113.349623,34.623264],[113.353242,34.620638],[113.351023,34.6168],[113.363939,34.611214],[113.370531,34.612323],[113.373374,34.615474],[113.375383,34.623151],[113.382529,34.629114],[113.387308,34.627457],[113.393563,34.622317],[113.39536,34.616306],[113.394265,34.609092],[113.395437,34.60795],[113.407359,34.606758],[113.427504,34.610981],[113.444724,34.612569],[113.449844,34.620799],[113.452952,34.618673],[113.4569,34.618668],[113.460978,34.622441],[113.463601,34.632509],[113.459932,34.637786],[113.460694,34.641616],[113.46421,34.642485],[113.466553,34.646313],[113.478763,34.645891],[113.475654,34.648982],[113.475793,34.650734],[113.47371,34.650359],[113.472953,34.653994],[113.474668,34.656331],[113.491789,34.662308],[113.506636,34.665233],[113.513604,34.660169],[113.514572,34.652147],[113.512851,34.649293],[113.504421,34.64737],[113.517053,34.643952],[113.514562,34.639097],[113.517043,34.635538],[113.528847,34.634401],[113.525396,34.628179],[113.536777,34.624991],[113.539329,34.621772],[113.53925,34.614848],[113.544086,34.614254],[113.547885,34.618198],[113.550318,34.627749],[113.554334,34.633979],[113.559866,34.635842],[113.563113,34.633834],[113.572292,34.622016],[113.572629,34.617724],[113.570125,34.610916],[113.575235,34.605581],[113.584022,34.602761],[113.587255,34.595934],[113.585858,34.587241],[113.589965,34.58468],[113.590764,34.582257],[113.593691,34.582716],[113.595639,34.579113],[113.601944,34.578271],[113.602774,34.574667],[113.600774,34.573027],[113.602955,34.572248],[113.608641,34.559554],[113.611132,34.559214],[113.613494,34.564241],[113.620553,34.56229],[113.62103,34.556457],[113.628873,34.560803],[113.632956,34.559591],[113.636006,34.562281],[113.639543,34.56211],[113.649581,34.55701],[113.653389,34.552779],[113.662813,34.551291],[113.665926,34.547798],[113.662508,34.542818],[113.672759,34.535885],[113.670862,34.52496],[113.664044,34.518206],[113.672566,34.515629],[113.675113,34.508877],[113.673443,34.504583],[113.675313,34.504472],[113.674747,34.50229],[113.679859,34.494048],[113.669033,34.489584],[113.671093,34.48106],[113.669005,34.479857],[113.66271,34.481919],[113.654468,34.482089],[113.656128,34.478767],[113.653606,34.469045],[113.658439,34.462637],[113.656909,34.460625],[113.648667,34.458051],[113.648171,34.453304],[113.640817,34.448383]]]}},{"type":"Feature","properties":{"dt_adcode":"410184"},"geometry":{"type":"Polygon","coordinates":[[[113.647397,34.282209],[113.644008,34.288469],[113.634492,34.290022],[113.634683,34.291663],[113.631961,34.292361],[113.633432,34.294342],[113.63002,34.294149],[113.629389,34.2967],[113.626407,34.296817],[113.624783,34.303379],[113.622096,34.303736],[113.617864,34.308796],[113.60892,34.313208],[113.60085,34.313321],[113.587599,34.318578],[113.57693,34.319921],[113.566717,34.318346],[113.558188,34.312004],[113.553504,34.311526],[113.529609,34.317923],[113.516864,34.328583],[113.518923,34.334239],[113.510882,34.342738],[113.513882,34.346548],[113.514298,34.352961],[113.521874,34.364665],[113.532477,34.370124],[113.541569,34.371405],[113.552585,34.375841],[113.553416,34.377325],[113.551833,34.382133],[113.559277,34.383312],[113.55894,34.38738],[113.565902,34.393317],[113.57012,34.400226],[113.577779,34.401299],[113.578056,34.403981],[113.567099,34.409681],[113.564553,34.416266],[113.566147,34.418717],[113.571248,34.418886],[113.587036,34.410204],[113.595386,34.407731],[113.599602,34.408125],[113.601398,34.410127],[113.594364,34.419296],[113.595353,34.425638],[113.604124,34.429581],[113.607839,34.434128],[113.616146,34.439058],[113.617788,34.442162],[113.623762,34.439843],[113.626359,34.442785],[113.630555,34.442965],[113.629055,34.449625],[113.634996,34.451305],[113.640817,34.448383],[113.647058,34.452331],[113.648667,34.458051],[113.656909,34.460625],[113.658439,34.462637],[113.653606,34.469045],[113.656128,34.478767],[113.654468,34.482089],[113.66271,34.481919],[113.669005,34.479857],[113.671093,34.48106],[113.669033,34.489584],[113.679859,34.494048],[113.674747,34.50229],[113.675313,34.504472],[113.673443,34.504583],[113.675113,34.508877],[113.672566,34.515629],[113.664044,34.518206],[113.670862,34.52496],[113.672759,34.535885],[113.662508,34.542818],[113.665926,34.547798],[113.664135,34.550487],[113.653389,34.552779],[113.649581,34.55701],[113.639543,34.56211],[113.636006,34.562281],[113.632956,34.559591],[113.628873,34.560803],[113.62103,34.556457],[113.620553,34.56229],[113.613494,34.564241],[113.611132,34.559214],[113.608641,34.559554],[113.602955,34.572248],[113.600774,34.573027],[113.602774,34.574667],[113.601944,34.578271],[113.595639,34.579113],[113.593691,34.582716],[113.590764,34.582257],[113.589965,34.58468],[113.585858,34.587241],[113.587255,34.595934],[113.584022,34.602761],[113.588513,34.603835],[113.595016,34.602394],[113.601036,34.604043],[113.602007,34.600034],[113.607822,34.604376],[113.607553,34.607186],[113.599258,34.609717],[113.602382,34.617088],[113.600517,34.623046],[113.606141,34.629395],[113.615011,34.625492],[113.62062,34.626916],[113.622705,34.629496],[113.622862,34.638194],[113.634094,34.637839],[113.642358,34.641218],[113.657206,34.639322],[113.66624,34.644473],[113.675874,34.635947],[113.682665,34.633427],[113.687031,34.636932],[113.689735,34.635289],[113.692318,34.637617],[113.692614,34.641265],[113.691336,34.642138],[113.692901,34.644471],[113.691814,34.645301],[113.694379,34.646299],[113.694023,34.648118],[113.69697,34.648087],[113.695945,34.652112],[113.708879,34.647896],[113.720576,34.641131],[113.725804,34.626934],[113.742294,34.624667],[113.757756,34.613012],[113.761947,34.6209],[113.764861,34.622728],[113.782483,34.618378],[113.791544,34.619877],[113.792567,34.621648],[113.809018,34.617115],[113.828371,34.605172],[113.847904,34.601975],[113.844147,34.596389],[113.84734,34.586586],[113.854247,34.585574],[113.862989,34.578784],[113.863526,34.576539],[113.862737,34.570481],[113.855059,34.567655],[113.848185,34.559566],[113.849189,34.552065],[113.856597,34.542529],[113.855002,34.526734],[113.860248,34.526656],[113.867799,34.532456],[113.879369,34.527702],[113.885321,34.52985],[113.89442,34.524434],[113.884915,34.463702],[113.886275,34.459686],[113.897109,34.458437],[113.89938,34.457571],[113.901652,34.453836],[113.911036,34.453236],[113.915616,34.444942],[113.921596,34.443051],[113.929965,34.44349],[113.933666,34.446154],[113.938079,34.454709],[113.940321,34.456237],[113.944466,34.455972],[113.94756,34.454344],[113.949246,34.451177],[113.948592,34.435087],[113.954791,34.438414],[113.968524,34.439342],[113.981567,34.436261],[113.980446,34.433164],[113.98597,34.43289],[113.987906,34.423832],[113.991299,34.423661],[113.991323,34.420558],[113.993634,34.420391],[113.992191,34.417294],[113.997223,34.415828],[113.995365,34.414738],[113.997371,34.41434],[113.995778,34.40844],[113.990914,34.409756],[113.987007,34.408129],[113.986965,34.405764],[113.985104,34.406571],[113.984585,34.400433],[113.993238,34.398506],[113.993793,34.400002],[113.996775,34.400101],[113.998522,34.398821],[113.997714,34.401615],[114.000149,34.40074],[114.003105,34.410059],[114.00569,34.409044],[114.005657,34.410128],[114.007947,34.409671],[114.007083,34.404749],[114.01148,34.403944],[114.012144,34.400908],[114.020054,34.398641],[114.019504,34.396485],[114.021348,34.397582],[114.023083,34.395661],[114.026004,34.396841],[114.02622,34.394491],[114.024676,34.393388],[114.026945,34.39316],[114.030903,34.400466],[114.027132,34.401899],[114.028389,34.4034],[114.027372,34.404986],[114.029779,34.405004],[114.027272,34.40577],[114.02801,34.409556],[114.026543,34.410548],[114.028527,34.410789],[114.028717,34.408901],[114.032889,34.40785],[114.033736,34.40591],[114.035807,34.408958],[114.034968,34.403874],[114.036424,34.404644],[114.036061,34.402911],[114.038155,34.40617],[114.038475,34.404351],[114.038917,34.407042],[114.040974,34.406231],[114.04051,34.404803],[114.044634,34.403645],[114.041239,34.388113],[114.044661,34.387865],[114.044664,34.385555],[114.046873,34.387282],[114.047187,34.384112],[114.052393,34.383284],[114.055477,34.380761],[114.056433,34.382268],[114.057147,34.380688],[114.057176,34.382641],[114.059338,34.381917],[114.059814,34.378494],[114.063054,34.376784],[114.062617,34.371854],[114.059422,34.365389],[114.064132,34.365174],[114.061973,34.352999],[114.062665,34.349643],[114.065732,34.349109],[114.065672,34.345095],[114.069131,34.34473],[114.068986,34.340753],[114.072929,34.343112],[114.070932,34.337184],[114.066114,34.337231],[114.062517,34.32676],[114.065104,34.32599],[114.06311,34.315979],[114.060216,34.316544],[114.059212,34.313688],[114.056483,34.314106],[114.055998,34.311381],[114.052621,34.312844],[114.051702,34.315885],[114.045588,34.312859],[114.039696,34.316012],[114.039572,34.312568],[114.03815,34.312421],[114.035448,34.313618],[114.034154,34.315814],[114.034919,34.317965],[114.033252,34.318144],[114.031973,34.317212],[114.032501,34.314003],[114.031494,34.316807],[114.028842,34.317281],[114.026946,34.314657],[114.021665,34.312514],[114.01956,34.316914],[114.018194,34.315442],[114.017281,34.319202],[114.015101,34.318097],[114.015215,34.320241],[114.008849,34.322297],[114.008415,34.325753],[114.003941,34.324774],[114.004554,34.328218],[114.002579,34.328224],[114.001707,34.330048],[113.997056,34.329871],[113.999425,34.328861],[113.998817,34.321482],[113.9915,34.321393],[113.992272,34.323327],[113.985291,34.324969],[113.985101,34.323232],[113.979889,34.323948],[113.979672,34.320222],[113.972458,34.321301],[113.971753,34.317159],[113.958931,34.318468],[113.957924,34.322754],[113.955669,34.324475],[113.955869,34.331584],[113.945662,34.331646],[113.9444,34.334462],[113.93821,34.336588],[113.937623,34.341651],[113.934356,34.341369],[113.934237,34.337961],[113.932006,34.33787],[113.931109,34.334265],[113.92366,34.334365],[113.923199,34.330964],[113.921498,34.331288],[113.920612,34.320576],[113.916623,34.320136],[113.915108,34.317364],[113.913165,34.318121],[113.911956,34.315306],[113.907385,34.314277],[113.907148,34.312363],[113.898741,34.313989],[113.898404,34.316842],[113.89452,34.318664],[113.893923,34.325169],[113.880484,34.32972],[113.865605,34.328736],[113.862539,34.326359],[113.850221,34.327181],[113.847408,34.322403],[113.832358,34.323421],[113.822864,34.32914],[113.803769,34.337185],[113.7951,34.332344],[113.791228,34.331819],[113.793177,34.328072],[113.79199,34.326363],[113.781966,34.318101],[113.778239,34.317162],[113.777242,34.314596],[113.757994,34.313677],[113.748364,34.31593],[113.745422,34.318015],[113.736862,34.317849],[113.733449,34.315248],[113.735551,34.31185],[113.729107,34.309946],[113.727195,34.305778],[113.719246,34.305491],[113.713397,34.301405],[113.715335,34.295839],[113.714665,34.291435],[113.700271,34.289404],[113.700054,34.287977],[113.705382,34.283531],[113.704356,34.277989],[113.700243,34.275321],[113.690646,34.281044],[113.682568,34.282635],[113.677863,34.281638],[113.669845,34.275379],[113.660298,34.274632],[113.647397,34.282209]]]}},{"type":"Feature","properties":{"dt_adcode":"410185"},"geometry":{"type":"Polygon","coordinates":[[[112.776597,34.345054],[112.772029,34.347044],[112.760091,34.346607],[112.758642,34.355431],[112.756784,34.357386],[112.731929,34.351079],[112.731763,34.356115],[112.728096,34.361149],[112.730931,34.37622],[112.721307,34.380798],[112.721177,34.38458],[112.724082,34.388876],[112.733627,34.393074],[112.733002,34.397024],[112.735914,34.404246],[112.734811,34.409917],[112.729614,34.41696],[112.737854,34.424411],[112.742357,34.436743],[112.743331,34.447226],[112.741802,34.45238],[112.744367,34.470488],[112.743326,34.480974],[112.739312,34.486759],[112.740364,34.491062],[112.754419,34.493412],[112.762997,34.493125],[112.775928,34.499985],[112.803699,34.483731],[112.805978,34.479251],[112.816949,34.478134],[112.822269,34.479558],[112.827649,34.477596],[112.838011,34.477168],[112.856033,34.478379],[112.864656,34.473084],[112.871634,34.475122],[112.896171,34.47582],[112.905216,34.468184],[112.907986,34.467546],[112.91179,34.471383],[112.922946,34.47658],[112.92027,34.484668],[112.92459,34.496469],[112.927302,34.499673],[112.9256,34.509811],[112.927756,34.514631],[112.927844,34.522424],[112.931739,34.527225],[112.947979,34.531468],[112.961227,34.529524],[112.975397,34.530784],[112.980267,34.533662],[112.984738,34.539049],[112.987421,34.537949],[112.985922,34.533187],[112.990252,34.527492],[112.990696,34.523543],[113.00105,34.524247],[113.004814,34.521926],[113.005877,34.517349],[113.021163,34.519108],[113.025862,34.53734],[113.032005,34.545395],[113.041231,34.550265],[113.041972,34.554726],[113.044585,34.558233],[113.041572,34.564005],[113.043088,34.565903],[113.047259,34.566043],[113.048382,34.563869],[113.054634,34.564474],[113.064111,34.557825],[113.066748,34.55761],[113.075403,34.561194],[113.077117,34.566128],[113.081543,34.568896],[113.084942,34.568048],[113.089895,34.562633],[113.097984,34.568438],[113.112128,34.564068],[113.123175,34.570784],[113.141775,34.575629],[113.145677,34.584619],[113.149881,34.590464],[113.153668,34.592584],[113.164265,34.5915],[113.168631,34.588696],[113.181555,34.588583],[113.178462,34.581139],[113.183936,34.577189],[113.184853,34.573408],[113.179482,34.566375],[113.181794,34.55618],[113.180164,34.547644],[113.184962,34.539634],[113.182077,34.533106],[113.18542,34.52612],[113.184336,34.518],[113.188018,34.511521],[113.181155,34.497379],[113.182619,34.493661],[113.187816,34.488285],[113.196808,34.484905],[113.198523,34.48617],[113.200508,34.494293],[113.20374,34.496761],[113.236076,34.497581],[113.240439,34.49684],[113.245159,34.489291],[113.256989,34.489424],[113.260124,34.484563],[113.262685,34.48348],[113.271745,34.486526],[113.269555,34.475534],[113.278269,34.477783],[113.291585,34.472431],[113.288681,34.469107],[113.292236,34.459733],[113.292383,34.454235],[113.298556,34.449266],[113.300442,34.442398],[113.306199,34.435495],[113.313157,34.422921],[113.317315,34.420809],[113.32397,34.42032],[113.326692,34.408592],[113.326752,34.405203],[113.324186,34.402921],[113.323881,34.399426],[113.316651,34.39423],[113.315998,34.391137],[113.320451,34.383391],[113.313099,34.372243],[113.312471,34.361768],[113.31622,34.353617],[113.314619,34.352307],[113.299319,34.350977],[113.287026,34.352911],[113.2781,34.351854],[113.276579,34.351456],[113.276308,34.342803],[113.267916,34.337798],[113.257346,34.337149],[113.235547,34.339026],[113.224542,34.334727],[113.222947,34.331639],[113.223388,34.325046],[113.218958,34.32216],[113.211668,34.313027],[113.205601,34.311111],[113.196435,34.312246],[113.193671,34.310608],[113.187008,34.30136],[113.186228,34.297408],[113.183811,34.295652],[113.184339,34.290208],[113.179219,34.286114],[113.173839,34.285167],[113.175268,34.281663],[113.174159,34.279604],[113.1654,34.276848],[113.161371,34.270568],[113.152047,34.266374],[113.144907,34.269674],[113.142584,34.272786],[113.139481,34.272678],[113.109371,34.263459],[113.101365,34.262109],[113.091297,34.263738],[113.082467,34.266451],[113.075521,34.276541],[113.065987,34.277642],[113.06925,34.281134],[113.065875,34.285554],[113.059487,34.280965],[113.048761,34.279479],[113.037135,34.280288],[113.027613,34.289281],[113.022202,34.289217],[113.016487,34.298375],[113.013236,34.300385],[113.003258,34.299858],[112.992991,34.29647],[112.960856,34.297881],[112.954083,34.302113],[112.936289,34.295532],[112.923779,34.29639],[112.914933,34.293656],[112.896292,34.297514],[112.892301,34.300844],[112.887538,34.301319],[112.877746,34.300358],[112.873541,34.298021],[112.856448,34.302193],[112.841155,34.297818],[112.838816,34.301662],[112.841225,34.305614],[112.842135,34.311624],[112.854623,34.316313],[112.83602,34.329858],[112.834097,34.333077],[112.824169,34.333441],[112.812256,34.340058],[112.809431,34.340004],[112.79453,34.331846],[112.788938,34.331166],[112.786458,34.3341],[112.786398,34.344407],[112.776597,34.345054]]]}},{"type":"Feature","properties":{"dt_adcode":"410202"},"geometry":{"type":"Polygon","coordinates":[[[114.360212,34.796562],[114.351293,34.79706],[114.351367,34.799779],[114.333194,34.800606],[114.331527,34.787099],[114.329808,34.784683],[114.326497,34.785065],[114.320026,34.782064],[114.318821,34.770988],[114.313499,34.770287],[114.310193,34.767527],[114.308573,34.767885],[114.309637,34.770315],[114.300815,34.770642],[114.300431,34.768245],[114.298452,34.768292],[114.292189,34.770612],[114.289111,34.774707],[114.286071,34.773373],[114.280791,34.768477],[114.280009,34.765738],[114.284114,34.759481],[114.2847,34.751461],[114.282548,34.748525],[114.269452,34.746754],[114.265543,34.743623],[114.263784,34.739123],[114.25968,34.721516],[114.261437,34.71819],[114.267494,34.713889],[114.267689,34.711737],[114.261241,34.70841],[114.259818,34.697411],[114.246019,34.698456],[114.236912,34.699765],[114.217572,34.709087],[114.201242,34.713118],[114.183368,34.715882],[114.172291,34.714611],[114.164694,34.715977],[114.164764,34.717899],[114.163697,34.713967],[114.161793,34.716232],[114.159161,34.714555],[114.160138,34.717637],[114.156102,34.717857],[114.155112,34.714632],[114.15245,34.715107],[114.151931,34.713566],[114.154064,34.711741],[114.151841,34.711435],[114.153476,34.70964],[114.150524,34.707353],[114.14833,34.707827],[114.142366,34.714582],[114.143912,34.718073],[114.146256,34.71794],[114.144801,34.720624],[114.142965,34.718435],[114.143653,34.721337],[114.14093,34.722472],[114.142118,34.723321],[114.139744,34.724665],[114.139744,34.727308],[114.138617,34.726178],[114.137629,34.727981],[114.139964,34.727738],[114.140821,34.73089],[114.142308,34.730868],[114.143345,34.735921],[114.142179,34.738756],[114.145012,34.738041],[114.149371,34.746963],[114.150638,34.7457],[114.151715,34.74728],[114.154597,34.746685],[114.154109,34.752071],[114.151606,34.750713],[114.152145,34.759972],[114.156762,34.761426],[114.158487,34.760011],[114.160372,34.761129],[114.160132,34.759318],[114.165856,34.759097],[114.165238,34.76119],[114.168548,34.761034],[114.172596,34.763479],[114.173384,34.768543],[114.171849,34.771008],[114.169765,34.771112],[114.170334,34.776076],[114.164449,34.77757],[114.165628,34.779598],[114.152447,34.782174],[114.153215,34.790361],[114.146094,34.788651],[114.146274,34.791754],[114.144539,34.791936],[114.144948,34.795629],[114.141178,34.796396],[114.142534,34.797444],[114.134151,34.80215],[114.125272,34.812573],[114.122491,34.818352],[114.126781,34.823278],[114.133703,34.82563],[114.162491,34.828869],[114.185338,34.825637],[114.199807,34.832706],[114.211092,34.860874],[114.213441,34.870532],[114.220491,34.906815],[114.220727,34.919068],[114.226599,34.913171],[114.24399,34.905145],[114.284467,34.908222],[114.350473,34.908097],[114.367212,34.918966],[114.383001,34.936896],[114.388419,34.939493],[114.394306,34.939968],[114.400662,34.9395],[114.407251,34.936437],[114.442745,34.914495],[114.45824,34.91046],[114.434051,34.887877],[114.418066,34.880584],[114.402126,34.877159],[114.401072,34.87144],[114.40807,34.868941],[114.415172,34.868894],[114.413772,34.86538],[114.417039,34.864608],[114.418089,34.862736],[114.413962,34.857782],[114.414251,34.85592],[114.411733,34.856301],[114.411153,34.854399],[114.412602,34.853878],[114.411842,34.849143],[114.41516,34.84685],[114.413331,34.846139],[114.411932,34.839783],[114.405434,34.839383],[114.397586,34.832867],[114.399865,34.830982],[114.401005,34.832154],[114.406573,34.831775],[114.405833,34.828912],[114.409681,34.827631],[114.411309,34.819772],[114.414467,34.8185],[114.411489,34.817229],[114.411399,34.812244],[114.406031,34.806648],[114.401392,34.805236],[114.400642,34.806557],[114.397272,34.805335],[114.395942,34.806605],[114.395612,34.804202],[114.391701,34.802258],[114.383567,34.80176],[114.382777,34.809537],[114.381036,34.809706],[114.380869,34.811644],[114.37454,34.811791],[114.375171,34.815435],[114.37394,34.817166],[114.361836,34.818129],[114.358901,34.813189],[114.360984,34.811801],[114.359612,34.809396],[114.361937,34.808609],[114.360212,34.796562]]]}},{"type":"Feature","properties":{"dt_adcode":"410203"},"geometry":{"type":"Polygon","coordinates":[[[114.364295,34.780804],[114.368031,34.79082],[114.365658,34.792248],[114.36034,34.79151],[114.360384,34.793538],[114.355747,34.794516],[114.355996,34.796889],[114.360636,34.797166],[114.361937,34.808609],[114.359612,34.809396],[114.360984,34.811801],[114.358951,34.812108],[114.360183,34.816264],[114.361836,34.818129],[114.37394,34.817166],[114.375171,34.815435],[114.37454,34.811791],[114.380869,34.811644],[114.381036,34.809706],[114.382777,34.809537],[114.383567,34.80176],[114.391701,34.802258],[114.395612,34.804202],[114.395942,34.806605],[114.397272,34.805335],[114.400642,34.806557],[114.401392,34.805236],[114.406031,34.806648],[114.411629,34.812524],[114.411489,34.817229],[114.414467,34.8185],[114.411309,34.819772],[114.409681,34.827631],[114.405833,34.828912],[114.406573,34.831775],[114.401005,34.832154],[114.399865,34.830982],[114.397586,34.832867],[114.405434,34.839383],[114.411932,34.839783],[114.412931,34.842446],[114.41305,34.839072],[114.415439,34.845939],[114.417887,34.845528],[114.417068,34.843786],[114.420115,34.843344],[114.419635,34.841642],[114.422681,34.842502],[114.421922,34.840841],[114.425907,34.840167],[114.428164,34.848274],[114.427905,34.851688],[114.425199,34.85164],[114.425224,34.852891],[114.427156,34.855553],[114.453758,34.85872],[114.457706,34.857676],[114.455408,34.852187],[114.449519,34.849918],[114.465498,34.844499],[114.47535,34.834577],[114.492411,34.834883],[114.495927,34.830101],[114.494167,34.816144],[114.487836,34.805734],[114.482383,34.801862],[114.460565,34.792726],[114.457221,34.789199],[114.454403,34.781782],[114.450177,34.778256],[114.429917,34.771215],[114.420886,34.762434],[114.413966,34.760107],[114.407521,34.763042],[114.398337,34.758345],[114.385161,34.76396],[114.37661,34.769737],[114.372855,34.77434],[114.373364,34.775692],[114.381162,34.773579],[114.400869,34.775275],[114.400419,34.777757],[114.372635,34.778824],[114.364295,34.780804]]]}},{"type":"Feature","properties":{"dt_adcode":"410204"},"geometry":{"type":"Polygon","coordinates":[[[114.355996,34.796889],[114.355747,34.794516],[114.360384,34.793538],[114.36034,34.79151],[114.365658,34.792248],[114.368031,34.79082],[114.366652,34.786309],[114.364295,34.780804],[114.339928,34.783842],[114.336126,34.758467],[114.32991,34.749487],[114.320431,34.727584],[114.32153,34.726101],[114.322041,34.728184],[114.323383,34.728057],[114.316641,34.715752],[114.312122,34.692432],[114.308047,34.692656],[114.307415,34.690062],[114.305212,34.689608],[114.303991,34.684091],[114.300025,34.684416],[114.298683,34.678598],[114.293878,34.675318],[114.270498,34.677072],[114.255129,34.680197],[114.254348,34.682283],[114.255911,34.68437],[114.262943,34.690109],[114.262944,34.694021],[114.259818,34.697411],[114.261241,34.70841],[114.267689,34.711737],[114.267494,34.713889],[114.261437,34.71819],[114.25968,34.721516],[114.265543,34.743623],[114.269452,34.746754],[114.282548,34.748525],[114.2847,34.751461],[114.284114,34.759481],[114.280009,34.765738],[114.280791,34.768477],[114.289111,34.774707],[114.292189,34.770612],[114.298452,34.768292],[114.300431,34.768245],[114.300815,34.770642],[114.308828,34.770503],[114.308573,34.767885],[114.310193,34.767527],[114.313499,34.770287],[114.318821,34.770988],[114.320026,34.782064],[114.326497,34.785065],[114.329808,34.784683],[114.331527,34.787099],[114.333194,34.800606],[114.351367,34.799779],[114.351293,34.79706],[114.355996,34.796889]]]}},{"type":"Feature","properties":{"dt_adcode":"410205"},"geometry":{"type":"Polygon","coordinates":[[[114.339928,34.783842],[114.372635,34.778824],[114.400419,34.777757],[114.400869,34.775275],[114.381162,34.773579],[114.373364,34.775692],[114.372934,34.773609],[114.385161,34.76396],[114.398337,34.758345],[114.407521,34.763042],[114.413966,34.760107],[114.410824,34.757875],[114.436257,34.738336],[114.442071,34.729846],[114.44524,34.721535],[114.445944,34.71093],[114.432201,34.70335],[114.425404,34.702809],[114.398324,34.708029],[114.387638,34.712978],[114.373556,34.708529],[114.367557,34.71791],[114.363121,34.719468],[114.359469,34.723114],[114.352685,34.734318],[114.347465,34.735613],[114.341723,34.735602],[114.342026,34.733877],[114.337068,34.736091],[114.335404,34.733925],[114.333411,34.733901],[114.333347,34.730883],[114.328723,34.73094],[114.328272,34.728626],[114.325948,34.728983],[114.324495,34.724866],[114.322852,34.726404],[114.323383,34.728057],[114.32111,34.726111],[114.320431,34.727584],[114.32991,34.749487],[114.336126,34.758467],[114.339928,34.783842]]]}},{"type":"Feature","properties":{"dt_adcode":"410212"},"geometry":{"type":"Polygon","coordinates":[[[114.169122,34.596306],[114.150982,34.612193],[114.150766,34.615223],[114.157519,34.625981],[114.154265,34.631651],[114.154387,34.641382],[114.150363,34.656673],[114.159271,34.662558],[114.16044,34.665597],[114.157577,34.686495],[114.158331,34.691929],[114.158984,34.694767],[114.16191,34.696253],[114.159976,34.697758],[114.164075,34.701634],[114.163197,34.705089],[114.165477,34.704858],[114.166379,34.709517],[114.169479,34.707249],[114.170118,34.709861],[114.167076,34.709776],[114.168652,34.712056],[114.167386,34.712419],[114.168254,34.714949],[114.164694,34.715977],[114.172291,34.714611],[114.186838,34.715615],[114.201242,34.713118],[114.217572,34.709087],[114.236912,34.699765],[114.259818,34.697411],[114.262944,34.694021],[114.262943,34.690109],[114.255911,34.68437],[114.254348,34.682283],[114.255129,34.680197],[114.288589,34.675081],[114.296831,34.676473],[114.300025,34.684416],[114.303991,34.684091],[114.305212,34.689608],[114.307415,34.690062],[114.308047,34.692656],[114.312122,34.692432],[114.317632,34.71793],[114.322682,34.726434],[114.324495,34.724866],[114.325948,34.728983],[114.328272,34.728626],[114.328723,34.73094],[114.333347,34.730883],[114.333411,34.733901],[114.335404,34.733925],[114.337068,34.736091],[114.339572,34.736015],[114.339351,34.734023],[114.342026,34.733877],[114.341723,34.735602],[114.352685,34.734318],[114.359469,34.723114],[114.363121,34.719468],[114.367557,34.71791],[114.373556,34.708529],[114.387638,34.712978],[114.398324,34.708029],[114.425404,34.702809],[114.432201,34.70335],[114.444711,34.709695],[114.44612,34.714111],[114.44524,34.721535],[114.442071,34.729846],[114.436257,34.738336],[114.410824,34.757875],[114.420886,34.762434],[114.429917,34.771215],[114.450177,34.778256],[114.454403,34.781782],[114.457221,34.789199],[114.460565,34.792726],[114.482383,34.801862],[114.487836,34.805734],[114.494167,34.816144],[114.495927,34.830101],[114.492411,34.834883],[114.47535,34.834577],[114.465498,34.844499],[114.451802,34.848131],[114.449519,34.849918],[114.455408,34.852187],[114.457706,34.857676],[114.453758,34.85872],[114.427156,34.855553],[114.425224,34.852891],[114.425199,34.85164],[114.427905,34.851688],[114.428164,34.848274],[114.425907,34.840167],[114.421922,34.840841],[114.422681,34.842502],[114.419635,34.841642],[114.420115,34.843344],[114.417068,34.843786],[114.417887,34.845528],[114.415439,34.845939],[114.412701,34.839022],[114.413331,34.846139],[114.41516,34.84685],[114.411842,34.849143],[114.412602,34.853878],[114.411153,34.854399],[114.411733,34.856301],[114.414251,34.85592],[114.413962,34.857782],[114.418089,34.862736],[114.417039,34.864608],[114.413772,34.86538],[114.415172,34.868894],[114.40807,34.868941],[114.401072,34.87144],[114.400943,34.874071],[114.402126,34.877159],[114.418066,34.880584],[114.434051,34.887877],[114.45824,34.91046],[114.513395,34.895296],[114.540659,34.899285],[114.557168,34.905507],[114.586633,34.912463],[114.618404,34.90822],[114.633956,34.90523],[114.638728,34.902408],[114.660306,34.898731],[114.671099,34.902639],[114.674284,34.904943],[114.675524,34.908127],[114.679593,34.909019],[114.695556,34.894375],[114.690555,34.8819],[114.691442,34.87898],[114.715757,34.868565],[114.720118,34.863565],[114.727706,34.84878],[114.730951,34.849673],[114.731299,34.845199],[114.733141,34.84422],[114.732639,34.840355],[114.723782,34.83969],[114.716892,34.829961],[114.725332,34.829785],[114.72531,34.827765],[114.728464,34.827488],[114.727192,34.824313],[114.730706,34.823105],[114.730796,34.81835],[114.728463,34.818168],[114.728133,34.816566],[114.723897,34.816721],[114.72315,34.80968],[114.726229,34.807024],[114.723826,34.805239],[114.720701,34.791173],[114.721794,34.788256],[114.730874,34.782199],[114.732817,34.779373],[114.73211,34.776721],[114.719233,34.77606],[114.716367,34.774],[114.710902,34.765311],[114.698762,34.756916],[114.698747,34.754056],[114.705673,34.748198],[114.712613,34.746521],[114.713636,34.743371],[114.704578,34.738697],[114.700694,34.726566],[114.695739,34.722052],[114.67472,34.715783],[114.667501,34.717453],[114.64907,34.71353],[114.639669,34.708339],[114.640972,34.672838],[114.65054,34.657912],[114.656907,34.643079],[114.656906,34.638661],[114.653721,34.627877],[114.646114,34.613905],[114.641869,34.599409],[114.618007,34.588252],[114.614296,34.569697],[114.593819,34.567929],[114.582355,34.569174],[114.568985,34.571123],[114.547634,34.577387],[114.545704,34.575592],[114.542036,34.576107],[114.539879,34.579147],[114.534433,34.579759],[114.519981,34.579639],[114.509234,34.581448],[114.487871,34.579511],[114.457134,34.580812],[114.451801,34.578255],[114.439564,34.567928],[114.440913,34.546341],[114.437569,34.53978],[114.431659,34.535791],[114.424752,34.534941],[114.402174,34.542902],[114.398538,34.544686],[114.389692,34.555739],[114.371857,34.555579],[114.369858,34.55265],[114.369214,34.544014],[114.365215,34.536053],[114.364857,34.524636],[114.358928,34.516422],[114.354146,34.5142],[114.347861,34.515474],[114.334966,34.52501],[114.33061,34.525751],[114.322575,34.519957],[114.316236,34.508236],[114.313839,34.50864],[114.310037,34.512957],[114.30663,34.520156],[114.294734,34.52298],[114.291597,34.526257],[114.288959,34.551764],[114.28268,34.558607],[114.271982,34.563163],[114.26253,34.5592],[114.258617,34.559342],[114.233863,34.575566],[114.217932,34.577563],[114.169122,34.596306]]]}},{"type":"Feature","properties":{"dt_adcode":"410221"},"geometry":{"type":"Polygon","coordinates":[[[114.907076,34.569697],[114.905885,34.565404],[114.908414,34.553624],[114.907275,34.553572],[114.906513,34.54767],[114.908694,34.546709],[114.908474,34.54831],[114.914997,34.548692],[114.917868,34.541968],[114.912115,34.541476],[114.911113,34.53477],[114.913014,34.534691],[114.914024,34.530748],[114.917846,34.529809],[114.917726,34.528688],[114.918647,34.531371],[114.920689,34.531432],[114.916916,34.524535],[114.918386,34.522684],[114.916975,34.520902],[114.915864,34.522733],[114.914804,34.519991],[114.915784,34.5185],[114.913753,34.518159],[114.919547,34.515869],[114.915264,34.516157],[114.914743,34.513485],[114.917674,34.511575],[114.916233,34.507982],[114.914121,34.504649],[114.912554,34.505048],[114.911301,34.499934],[114.907509,34.497233],[114.909619,34.495152],[114.912492,34.498602],[114.914073,34.497471],[114.917694,34.500658],[114.922397,34.498189],[114.919154,34.493884],[114.920676,34.493024],[114.918623,34.484937],[114.915861,34.485436],[114.91495,34.482964],[114.912309,34.483594],[114.903981,34.467623],[114.901195,34.466763],[114.898926,34.462541],[114.896466,34.46102],[114.886303,34.461317],[114.880777,34.450526],[114.869783,34.456033],[114.869544,34.458524],[114.867577,34.458888],[114.871771,34.461563],[114.865601,34.462883],[114.865081,34.45648],[114.861467,34.455274],[114.861257,34.452022],[114.858912,34.451897],[114.857694,34.449977],[114.859969,34.449723],[114.860817,34.447971],[114.860686,34.443337],[114.855677,34.443977],[114.855377,34.439064],[114.853701,34.438947],[114.856345,34.438362],[114.856495,34.436581],[114.862684,34.437311],[114.862334,34.435641],[114.865019,34.435536],[114.864799,34.433736],[114.8589,34.432114],[114.858799,34.429403],[114.852392,34.428863],[114.852202,34.426964],[114.850186,34.427166],[114.849417,34.422854],[114.851493,34.420879],[114.853639,34.422997],[114.852022,34.419278],[114.853689,34.419265],[114.855744,34.413378],[114.854845,34.410948],[114.853907,34.41213],[114.853947,34.410729],[114.849554,34.409105],[114.849227,34.410268],[114.848951,34.408989],[114.848548,34.409949],[114.848807,34.405395],[114.851731,34.40483],[114.852589,34.402727],[114.848487,34.402014],[114.848457,34.400313],[114.86228,34.398949],[114.863937,34.397256],[114.871595,34.397654],[114.874461,34.39642],[114.875049,34.390616],[114.877556,34.390533],[114.878624,34.387161],[114.882191,34.387836],[114.882619,34.384064],[114.887734,34.382229],[114.888993,34.38663],[114.888854,34.383729],[114.889727,34.382302],[114.890053,34.385469],[114.890482,34.380766],[114.888833,34.379646],[114.888504,34.380718],[114.888453,34.378196],[114.882689,34.377821],[114.882639,34.374899],[114.878883,34.373703],[114.879012,34.370661],[114.861698,34.367032],[114.861897,34.365671],[114.858953,34.364185],[114.86024,34.35891],[114.862459,34.357435],[114.85995,34.355706],[114.856972,34.348462],[114.858201,34.337587],[114.855534,34.334741],[114.865176,34.325156],[114.869196,34.315832],[114.871657,34.304503],[114.882658,34.30121],[114.898974,34.285025],[114.901967,34.284561],[114.897401,34.266873],[114.893054,34.265484],[114.867771,34.271054],[114.845462,34.280705],[114.834401,34.282543],[114.829919,34.278594],[114.829436,34.276157],[114.83219,34.275702],[114.833347,34.273648],[114.832958,34.269647],[114.825534,34.26708],[114.824905,34.265461],[114.823767,34.266424],[114.823617,34.263143],[114.820564,34.263418],[114.821362,34.261386],[114.816103,34.260785],[114.813119,34.257359],[114.812769,34.259],[114.80216,34.260317],[114.793174,34.258819],[114.792955,34.261181],[114.787652,34.261387],[114.782669,34.259632],[114.77978,34.254512],[114.773776,34.255398],[114.773827,34.253947],[114.772638,34.254968],[114.769139,34.252489],[114.76859,34.25413],[114.764663,34.254432],[114.762068,34.251413],[114.75757,34.236846],[114.752726,34.233635],[114.730428,34.225224],[114.726074,34.22604],[114.719791,34.236696],[114.711114,34.242231],[114.702261,34.244499],[114.676608,34.244595],[114.6675,34.250248],[114.648991,34.250055],[114.642727,34.252783],[114.634064,34.261892],[114.625541,34.283335],[114.629253,34.296767],[114.627116,34.3103],[114.632436,34.326409],[114.632866,34.359625],[114.633509,34.362765],[114.642716,34.37658],[114.643291,34.391848],[114.647719,34.410582],[114.644363,34.417926],[114.63594,34.423228],[114.63508,34.430612],[114.63223,34.43603],[114.632725,34.439527],[114.637585,34.445596],[114.638587,34.473958],[114.634589,34.480802],[114.614035,34.493842],[114.610476,34.507539],[114.615759,34.546357],[114.626316,34.564776],[114.623605,34.56877],[114.614514,34.570611],[114.61677,34.585954],[114.619774,34.59002],[114.6302,34.593033],[114.641869,34.599409],[114.646114,34.613905],[114.653721,34.627877],[114.656906,34.638661],[114.656907,34.643079],[114.65054,34.657912],[114.640972,34.672838],[114.639669,34.708339],[114.64907,34.71353],[114.667501,34.717453],[114.67472,34.715783],[114.692322,34.720563],[114.700694,34.726566],[114.704578,34.738697],[114.713636,34.743371],[114.712613,34.746521],[114.732546,34.746357],[114.748319,34.74876],[114.751792,34.749953],[114.766501,34.761571],[114.773767,34.76033],[114.780162,34.763449],[114.787859,34.763122],[114.791798,34.762122],[114.801639,34.751474],[114.807921,34.747886],[114.819327,34.745522],[114.831165,34.745386],[114.835672,34.746906],[114.859304,34.740327],[114.86018,34.737346],[114.858778,34.734268],[114.853547,34.729426],[114.850531,34.723895],[114.841638,34.717943],[114.840648,34.715084],[114.855563,34.710916],[114.858196,34.701509],[114.857997,34.692289],[114.860191,34.689582],[114.867723,34.688044],[114.88746,34.697539],[114.903543,34.69859],[114.931692,34.686822],[114.936651,34.681933],[114.937599,34.678607],[114.937843,34.675285],[114.935741,34.672204],[114.926618,34.668627],[114.902396,34.665725],[114.896469,34.661348],[114.893242,34.65581],[114.893494,34.652483],[114.90305,34.642407],[114.898327,34.631782],[114.901682,34.617274],[114.897,34.6026],[114.904888,34.5862],[114.907076,34.569697]]]}},{"type":"Feature","properties":{"dt_adcode":"410222"},"geometry":{"type":"Polygon","coordinates":[[[114.611485,34.261071],[114.602564,34.268301],[114.602074,34.271002],[114.590861,34.273786],[114.581102,34.272443],[114.580732,34.269602],[114.573155,34.270712],[114.555675,34.26821],[114.556742,34.269519],[114.553651,34.269555],[114.553411,34.272017],[114.551158,34.272051],[114.5506,34.27554],[114.55049,34.277335],[114.552714,34.277651],[114.551628,34.284966],[114.555311,34.284656],[114.55439,34.287051],[114.543622,34.286735],[114.543114,34.282595],[114.5353,34.282335],[114.534732,34.284267],[114.531713,34.284425],[114.528634,34.282252],[114.528515,34.284744],[114.526233,34.28472],[114.52703,34.28945],[114.528655,34.290766],[114.528067,34.29594],[114.529771,34.296536],[114.526454,34.295925],[114.52471,34.306278],[114.519384,34.313426],[114.515476,34.313653],[114.509864,34.309746],[114.496661,34.309999],[114.490765,34.316293],[114.485932,34.325046],[114.481176,34.329054],[114.462618,34.330651],[114.462019,34.327191],[114.459704,34.326734],[114.46181,34.325961],[114.461969,34.322799],[114.46393,34.321063],[114.452856,34.319996],[114.449226,34.322795],[114.446613,34.322829],[114.445246,34.326893],[114.442094,34.326088],[114.438572,34.328014],[114.438592,34.331825],[114.440627,34.332623],[114.439909,34.336386],[114.432933,34.335995],[114.432853,34.337315],[114.430258,34.337308],[114.427721,34.333829],[114.433222,34.332622],[114.433442,34.330911],[114.437025,34.328716],[114.436745,34.325905],[114.435518,34.328778],[114.435258,34.324857],[114.433242,34.324729],[114.434619,34.322026],[114.432352,34.321919],[114.434488,34.313902],[114.426651,34.311089],[114.425382,34.310209],[114.426481,34.309087],[114.418876,34.30969],[114.411609,34.313615],[114.409683,34.316896],[114.41168,34.334836],[114.408333,34.341934],[114.376458,34.345053],[114.365247,34.341614],[114.35825,34.345882],[114.352322,34.352542],[114.348897,34.363735],[114.349759,34.371371],[114.357184,34.378232],[114.359401,34.383049],[114.354473,34.394814],[114.354154,34.411944],[114.339921,34.420371],[114.334462,34.433773],[114.32868,34.440468],[114.324602,34.442174],[114.313108,34.442793],[114.31097,34.446716],[114.311686,34.472578],[114.310167,34.486299],[114.308156,34.486557],[114.311632,34.493318],[114.314846,34.492783],[114.315317,34.499779],[114.313255,34.501926],[114.313486,34.504807],[114.322575,34.519957],[114.328114,34.524819],[114.331793,34.525969],[114.347861,34.515474],[114.354146,34.5142],[114.358928,34.516422],[114.364857,34.524636],[114.365215,34.536053],[114.369214,34.544014],[114.369858,34.55265],[114.371857,34.555579],[114.389692,34.555739],[114.398538,34.544686],[114.402174,34.542902],[114.424752,34.534941],[114.431659,34.535791],[114.437569,34.53978],[114.440913,34.546341],[114.439564,34.567928],[114.451801,34.578255],[114.457134,34.580812],[114.487871,34.579511],[114.509234,34.581448],[114.519981,34.579639],[114.534433,34.579759],[114.539879,34.579147],[114.542036,34.576107],[114.545704,34.575592],[114.547634,34.577387],[114.568985,34.571123],[114.582355,34.569174],[114.593819,34.567929],[114.614514,34.570611],[114.625317,34.567772],[114.626316,34.564776],[114.625177,34.561778],[114.615759,34.546357],[114.610762,34.502831],[114.614035,34.493842],[114.617178,34.490847],[114.634589,34.480802],[114.637014,34.477951],[114.638587,34.473958],[114.637585,34.445596],[114.632725,34.439527],[114.63223,34.43603],[114.63508,34.430612],[114.63594,34.423228],[114.644363,34.417926],[114.647719,34.410582],[114.643291,34.391848],[114.642716,34.37658],[114.633509,34.362765],[114.631864,34.341183],[114.632436,34.326409],[114.627116,34.3103],[114.629253,34.296767],[114.625576,34.281909],[114.634064,34.261892],[114.625713,34.25976],[114.611485,34.261071]]]}},{"type":"Feature","properties":{"dt_adcode":"410223"},"geometry":{"type":"Polygon","coordinates":[[[114.129289,34.198204],[114.124983,34.203344],[114.112563,34.204758],[114.109537,34.206934],[114.108254,34.211643],[114.109573,34.217457],[114.102054,34.223716],[114.108152,34.228816],[114.104085,34.232595],[114.098638,34.241921],[114.095575,34.243596],[114.088302,34.243985],[114.088554,34.24928],[114.083427,34.249175],[114.082458,34.243256],[114.080054,34.243494],[114.077369,34.239812],[114.073925,34.240137],[114.073232,34.244289],[114.071479,34.244539],[114.068286,34.250406],[114.065831,34.250091],[114.060511,34.244769],[114.049511,34.247205],[114.047154,34.245131],[114.04644,34.239209],[114.043291,34.237703],[114.023851,34.241433],[114.011256,34.242022],[114.008932,34.247044],[114.003152,34.252556],[114.002204,34.262046],[113.998844,34.263715],[113.992499,34.261171],[113.990035,34.2617],[113.989862,34.266888],[113.992839,34.272648],[113.992308,34.274216],[113.977313,34.275608],[113.972432,34.283433],[113.964733,34.283147],[113.963733,34.284784],[113.966561,34.290596],[113.965273,34.292501],[113.937334,34.298636],[113.934641,34.304866],[113.928084,34.301809],[113.915333,34.30147],[113.910968,34.295405],[113.904723,34.294559],[113.902798,34.297056],[113.902312,34.301639],[113.895671,34.304486],[113.898741,34.313989],[113.907148,34.312363],[113.907385,34.314277],[113.911956,34.315306],[113.913165,34.318121],[113.915108,34.317364],[113.916623,34.320136],[113.920612,34.320576],[113.921498,34.331288],[113.923199,34.330964],[113.92366,34.334365],[113.931109,34.334265],[113.932006,34.33787],[113.934237,34.337961],[113.934356,34.341369],[113.937623,34.341651],[113.93821,34.336588],[113.9444,34.334462],[113.945662,34.331646],[113.955869,34.331584],[113.955669,34.324475],[113.957924,34.322754],[113.958931,34.318468],[113.971753,34.317159],[113.972458,34.321301],[113.979672,34.320222],[113.979889,34.323948],[113.985101,34.323232],[113.985291,34.324969],[113.992272,34.323327],[113.9915,34.321393],[113.998817,34.321482],[113.999425,34.328861],[113.997056,34.329871],[114.000156,34.330141],[114.004554,34.328218],[114.003941,34.324774],[114.008415,34.325753],[114.008849,34.322297],[114.015215,34.320241],[114.015101,34.318097],[114.017281,34.319202],[114.018194,34.315442],[114.01956,34.316914],[114.021665,34.312514],[114.026946,34.314657],[114.028842,34.317281],[114.031494,34.316807],[114.032501,34.314003],[114.031973,34.317212],[114.033252,34.318144],[114.034919,34.317965],[114.034154,34.315814],[114.035448,34.313618],[114.03815,34.312421],[114.039572,34.312568],[114.039696,34.316012],[114.045588,34.312859],[114.051702,34.315885],[114.052621,34.312844],[114.055998,34.311381],[114.056483,34.314106],[114.059212,34.313688],[114.060216,34.316544],[114.06311,34.315979],[114.065104,34.32599],[114.062517,34.32676],[114.066114,34.337231],[114.070932,34.337184],[114.072929,34.343112],[114.068986,34.340753],[114.069131,34.34473],[114.065672,34.345095],[114.065732,34.349109],[114.062665,34.349643],[114.061973,34.352999],[114.064132,34.365174],[114.059422,34.365389],[114.062617,34.371854],[114.063054,34.376784],[114.059814,34.378494],[114.059338,34.381917],[114.057176,34.382641],[114.057147,34.380688],[114.056433,34.382268],[114.055477,34.380761],[114.052393,34.383284],[114.047187,34.384112],[114.046873,34.387282],[114.044664,34.385555],[114.044661,34.387865],[114.041239,34.388113],[114.044634,34.403645],[114.04051,34.404803],[114.040974,34.406231],[114.038917,34.407042],[114.038475,34.404351],[114.038155,34.40617],[114.036061,34.402911],[114.036424,34.404644],[114.034968,34.403874],[114.035807,34.408958],[114.033736,34.40591],[114.032889,34.40785],[114.028717,34.408901],[114.028527,34.410789],[114.026543,34.410548],[114.02801,34.409556],[114.027272,34.40577],[114.029779,34.405004],[114.027372,34.404986],[114.028389,34.4034],[114.027132,34.401899],[114.030903,34.400466],[114.026945,34.39316],[114.024676,34.393388],[114.02622,34.394491],[114.026004,34.396841],[114.023083,34.395661],[114.021348,34.397582],[114.019504,34.396485],[114.020054,34.398641],[114.012144,34.400908],[114.01148,34.403944],[114.007083,34.404749],[114.007947,34.409671],[114.005657,34.410128],[114.00569,34.409044],[114.003105,34.410059],[114.000149,34.40074],[113.997714,34.401615],[113.998522,34.398821],[113.996775,34.400101],[113.993793,34.400002],[113.993238,34.398506],[113.984585,34.400433],[113.985359,34.402869],[113.983888,34.403789],[113.985104,34.406571],[113.986965,34.405764],[113.988116,34.409101],[113.996491,34.408957],[113.995474,34.410578],[113.997371,34.41434],[113.995365,34.414738],[113.997223,34.415828],[113.992191,34.417294],[113.993634,34.420391],[113.991323,34.420558],[113.991299,34.423661],[113.987906,34.423832],[113.98597,34.43289],[113.980446,34.433164],[113.980834,34.435985],[113.990349,34.435686],[113.996494,34.438213],[114.00654,34.439203],[114.019912,34.445367],[114.021296,34.447227],[114.021733,34.458972],[114.020088,34.465096],[114.018539,34.46723],[114.008894,34.469329],[114.007754,34.477691],[114.022615,34.488532],[114.035122,34.503982],[114.062457,34.490524],[114.070357,34.481453],[114.075969,34.478886],[114.083369,34.480913],[114.093162,34.48929],[114.094404,34.492268],[114.09424,34.505191],[114.098763,34.528041],[114.107206,34.557874],[114.116025,34.56847],[114.123681,34.570675],[114.125537,34.574577],[114.127105,34.573425],[114.127424,34.575546],[114.129809,34.575354],[114.131616,34.578855],[114.132689,34.582631],[114.13028,34.582689],[114.129921,34.587524],[114.127825,34.584933],[114.127775,34.587145],[114.129053,34.587204],[114.127265,34.588735],[114.128664,34.596622],[114.129533,34.599724],[114.132367,34.600632],[114.13216,34.596302],[114.129672,34.591677],[114.133444,34.591003],[114.133404,34.596057],[114.133904,34.597768],[114.135859,34.597575],[114.136818,34.605701],[114.134044,34.606905],[114.131489,34.604366],[114.130522,34.60794],[114.125472,34.607905],[114.125692,34.611828],[114.126739,34.611827],[114.12659,34.61504],[114.129075,34.615037],[114.127698,34.617171],[114.135402,34.617693],[114.137307,34.615338],[114.138316,34.617329],[114.137823,34.614589],[114.139512,34.613844],[114.14069,34.615514],[114.14052,34.613753],[114.142436,34.613991],[114.143772,34.611967],[114.145508,34.614567],[114.146365,34.609701],[114.145148,34.604268],[114.146843,34.603225],[114.154573,34.605765],[114.155061,34.607806],[114.169122,34.596306],[114.217932,34.577563],[114.233863,34.575566],[114.258617,34.559342],[114.26253,34.5592],[114.270272,34.563162],[114.274014,34.562915],[114.286606,34.555614],[114.289958,34.547482],[114.291597,34.526257],[114.294734,34.52298],[114.30663,34.520156],[114.310037,34.512957],[114.313839,34.50864],[114.316236,34.508236],[114.313355,34.503948],[114.313995,34.500026],[114.315317,34.499779],[114.314846,34.492783],[114.311632,34.493318],[114.308156,34.486557],[114.310167,34.486299],[114.311686,34.472578],[114.311683,34.44379],[114.32868,34.440468],[114.334462,34.433773],[114.339921,34.420371],[114.354154,34.411944],[114.354473,34.394814],[114.359401,34.383049],[114.357184,34.378232],[114.349759,34.371371],[114.348897,34.363735],[114.352322,34.352542],[114.363317,34.341895],[114.376458,34.345053],[114.408333,34.341934],[114.41168,34.334836],[114.409189,34.319037],[114.411609,34.313615],[114.418876,34.30969],[114.424529,34.309033],[114.425552,34.305636],[114.430674,34.302278],[114.44256,34.300695],[114.449816,34.297758],[114.456568,34.292181],[114.443692,34.274265],[114.437931,34.268674],[114.430921,34.266114],[114.416643,34.264964],[114.413798,34.262612],[114.409945,34.251538],[114.405815,34.248008],[114.39658,34.247291],[114.385699,34.243859],[114.370608,34.244539],[114.356441,34.247191],[114.344225,34.251804],[114.328871,34.267289],[114.298453,34.268163],[114.287898,34.276532],[114.277476,34.276235],[114.271276,34.27081],[114.267515,34.256952],[114.258377,34.251903],[114.257117,34.246921],[114.250692,34.247452],[114.249882,34.243621],[114.248374,34.243811],[114.246433,34.240445],[114.223476,34.239976],[114.216296,34.242301],[114.210251,34.241239],[114.200363,34.230485],[114.199367,34.220503],[114.195956,34.216477],[114.163249,34.215039],[114.16048,34.213547],[114.158557,34.205242],[114.155354,34.202037],[114.143623,34.200987],[114.13744,34.197429],[114.129289,34.198204]]]}},{"type":"Feature","properties":{"dt_adcode":"410225"},"geometry":{"type":"Polygon","coordinates":[[[115.133021,34.999676],[115.133802,34.993309],[115.131756,34.993906],[115.129224,34.984589],[115.146548,34.980137],[115.15725,34.966985],[115.156934,34.958014],[115.163263,34.957447],[115.174996,34.962477],[115.182025,34.959681],[115.190169,34.959013],[115.189469,34.955577],[115.192459,34.954528],[115.192077,34.952683],[115.199076,34.951601],[115.20197,34.958727],[115.219122,34.960611],[115.222568,34.951815],[115.222148,34.945575],[115.220312,34.94296],[115.21752,34.943587],[115.215766,34.941328],[115.211757,34.943344],[115.202737,34.925604],[115.204972,34.914238],[115.239342,34.911848],[115.250081,34.908729],[115.25214,34.906582],[115.249217,34.894523],[115.239408,34.881031],[115.241061,34.856153],[115.243493,34.850167],[115.256079,34.845314],[115.259613,34.837812],[115.264654,34.833509],[115.264514,34.831657],[115.267246,34.831267],[115.266355,34.828554],[115.260542,34.825219],[115.264053,34.82536],[115.262083,34.824118],[115.263873,34.823528],[115.263692,34.819503],[115.25964,34.815619],[115.25855,34.811864],[115.25833,34.814287],[115.254379,34.810943],[115.254509,34.812955],[115.252429,34.814047],[115.24636,34.813177],[115.245721,34.815009],[115.244541,34.813468],[115.244181,34.815901],[115.243951,34.813498],[115.242662,34.813479],[115.242141,34.810546],[115.24693,34.810714],[115.24646,34.809654],[115.248619,34.808782],[115.247819,34.80688],[115.253899,34.805007],[115.253528,34.802885],[115.248479,34.802986],[115.248328,34.798091],[115.241131,34.797483],[115.239232,34.799997],[115.2029,34.805655],[115.201112,34.803206],[115.205056,34.801645],[115.201751,34.800652],[115.200992,34.801684],[115.200773,34.800053],[115.199316,34.800085],[115.200152,34.797819],[115.198806,34.797934],[115.197039,34.792522],[115.196092,34.795486],[115.193696,34.792417],[115.191795,34.792521],[115.192718,34.796253],[115.190912,34.79969],[115.178997,34.800272],[115.175533,34.790449],[115.169955,34.79094],[115.163887,34.783059],[115.158108,34.780915],[115.154478,34.781786],[115.140076,34.793304],[115.133964,34.793678],[115.119619,34.788654],[115.104126,34.772346],[115.096093,34.771074],[115.077105,34.77375],[115.038908,34.773997],[115.027253,34.771487],[115.00098,34.760656],[114.996298,34.759993],[114.988391,34.764567],[114.980488,34.76092],[114.975177,34.760831],[114.973528,34.757876],[114.96313,34.760081],[114.960556,34.757499],[114.952814,34.755352],[114.94379,34.749257],[114.936825,34.747049],[114.922867,34.748434],[114.890591,34.764988],[114.877559,34.775209],[114.870367,34.776969],[114.867381,34.775502],[114.866847,34.769205],[114.863374,34.768024],[114.835605,34.767462],[114.829004,34.764296],[114.826887,34.758301],[114.828387,34.755312],[114.835505,34.753036],[114.835969,34.750219],[114.835672,34.746906],[114.831165,34.745386],[114.815314,34.745953],[114.807921,34.747886],[114.801639,34.751474],[114.791798,34.762122],[114.787859,34.763122],[114.780162,34.763449],[114.773767,34.76033],[114.766501,34.761571],[114.751792,34.749953],[114.732546,34.746357],[114.716357,34.745828],[114.709212,34.747161],[114.705673,34.748198],[114.698747,34.754056],[114.698762,34.756916],[114.710902,34.765311],[114.716367,34.774],[114.719233,34.77606],[114.73211,34.776721],[114.732817,34.779373],[114.730874,34.782199],[114.721794,34.788256],[114.720701,34.791173],[114.723826,34.805239],[114.726229,34.807024],[114.72315,34.80968],[114.723897,34.816721],[114.728133,34.816566],[114.728463,34.818168],[114.730796,34.81835],[114.730706,34.823105],[114.727192,34.824313],[114.728464,34.827488],[114.72531,34.827765],[114.725332,34.829785],[114.716892,34.829961],[114.723782,34.83969],[114.731255,34.839526],[114.73293,34.840966],[114.733141,34.84422],[114.731299,34.845199],[114.730951,34.849673],[114.727706,34.84878],[114.72602,34.851063],[114.720118,34.863565],[114.715757,34.868565],[114.691442,34.87898],[114.690555,34.8819],[114.695556,34.894375],[114.709165,34.892133],[114.724344,34.885231],[114.72894,34.885589],[114.733911,34.888499],[114.744064,34.888008],[114.757297,34.889951],[114.774782,34.901394],[114.779735,34.910777],[114.777039,34.920934],[114.741752,34.948716],[114.739893,34.951672],[114.740146,34.956157],[114.743629,34.964028],[114.748892,34.969556],[114.75662,34.975604],[114.765898,34.977709],[114.8004,35.006711],[114.818507,35.015054],[114.827109,35.010121],[114.852918,35.003069],[114.856889,35.003636],[114.858253,35.000373],[114.867202,34.999383],[114.867764,35.001139],[114.866029,35.002032],[114.859403,35.002616],[114.860906,35.005644],[114.856941,35.006832],[114.858145,35.009299],[114.862322,35.008369],[114.866232,35.017537],[114.870027,35.015919],[114.869898,35.020687],[114.867459,35.020878],[114.87115,35.021399],[114.869963,35.02446],[114.877117,35.0252],[114.877109,35.022821],[114.884438,35.021909],[114.884789,35.013276],[114.884026,35.010443],[114.882356,35.010998],[114.880324,35.003489],[114.882664,35.001906],[114.882334,34.999323],[114.892934,34.992382],[114.907938,34.989373],[114.915838,34.975353],[114.923795,34.968727],[114.926873,34.970037],[114.93475,34.980709],[114.940505,34.985101],[114.946806,34.988682],[114.957183,34.990111],[114.955793,34.994314],[114.960774,34.99501],[114.961489,34.991946],[114.971715,34.99422],[114.980682,34.989427],[114.986596,34.989001],[114.986667,34.990717],[114.996372,34.991187],[115.008934,34.988147],[115.0082,34.986267],[115.012694,34.981156],[115.012323,34.976952],[115.016289,34.976621],[115.016289,34.975336],[115.018455,34.974896],[115.018308,34.97273],[115.021539,34.972289],[115.02187,34.97049],[115.027854,34.970159],[115.028038,34.968214],[115.028625,34.971444],[115.030424,34.971665],[115.030975,34.96825],[115.034941,34.968984],[115.034169,34.979669],[115.038135,34.982422],[115.04663,34.982152],[115.047548,34.985502],[115.052459,34.984814],[115.060307,34.994498],[115.074971,35.000387],[115.101651,35.000385],[115.116468,35.004283],[115.128089,35.004362],[115.133021,34.999676]]]}},{"type":"Feature","properties":{"dt_adcode":"410302"},"geometry":{"type":"Polygon","coordinates":[[[112.487854,34.731143],[112.488099,34.722378],[112.482352,34.71318],[112.484753,34.708705],[112.477282,34.711078],[112.47466,34.708472],[112.475278,34.705578],[112.470369,34.704214],[112.473105,34.694422],[112.480872,34.695927],[112.470549,34.689739],[112.485591,34.691545],[112.487951,34.677559],[112.491147,34.678146],[112.49709,34.671855],[112.49736,34.669209],[112.494629,34.667287],[112.469172,34.666887],[112.465796,34.664851],[112.455274,34.686596],[112.429899,34.686916],[112.4299,34.689661],[112.432988,34.689828],[112.429884,34.691033],[112.427828,34.706753],[112.417534,34.70687],[112.417565,34.699537],[112.395981,34.699782],[112.39597,34.707048],[112.392777,34.720784],[112.393537,34.724931],[112.389681,34.735127],[112.395451,34.745443],[112.393992,34.756015],[112.399161,34.758231],[112.406471,34.754671],[112.421223,34.751068],[112.44505,34.740015],[112.465487,34.741475],[112.477213,34.737733],[112.487854,34.731143]]]}},{"type":"Feature","properties":{"dt_adcode":"410303"},"geometry":{"type":"Polygon","coordinates":[[[112.392777,34.720784],[112.39597,34.707048],[112.395981,34.699782],[112.417565,34.699537],[112.417534,34.70687],[112.427828,34.706753],[112.429884,34.691033],[112.432988,34.689828],[112.4299,34.689661],[112.429899,34.686916],[112.455274,34.686596],[112.465796,34.664851],[112.426605,34.640472],[112.419099,34.647023],[112.418246,34.649506],[112.417454,34.657277],[112.420252,34.662591],[112.417746,34.663993],[112.417558,34.666913],[112.42004,34.665371],[112.423186,34.669604],[112.417824,34.673153],[112.414706,34.672158],[112.412764,34.677159],[112.405024,34.681907],[112.404874,34.684497],[112.401729,34.686886],[112.397962,34.688761],[112.388201,34.68496],[112.384969,34.685146],[112.379762,34.688984],[112.380809,34.692821],[112.378941,34.693375],[112.370963,34.691173],[112.370248,34.687519],[112.362662,34.687499],[112.358952,34.689072],[112.356731,34.685004],[112.353752,34.684175],[112.350661,34.691162],[112.347634,34.692512],[112.339487,34.686678],[112.335705,34.68698],[112.337693,34.692796],[112.336376,34.697287],[112.329337,34.694497],[112.330979,34.69145],[112.329065,34.690269],[112.320348,34.693941],[112.31356,34.693434],[112.31129,34.698413],[112.31158,34.706655],[112.310302,34.709279],[112.299381,34.717323],[112.291278,34.718587],[112.289897,34.727809],[112.290793,34.729908],[112.297887,34.729768],[112.303704,34.734051],[112.307678,34.734171],[112.311583,34.732713],[112.324151,34.721225],[112.334364,34.719896],[112.344013,34.722501],[112.348745,34.720711],[112.357636,34.726764],[112.362381,34.728043],[112.360724,34.731542],[112.372029,34.731839],[112.375836,34.733651],[112.379442,34.720833],[112.385065,34.718851],[112.392777,34.720784]]]}},{"type":"Feature","properties":{"dt_adcode":"410304"},"geometry":{"type":"Polygon","coordinates":[[[112.497399,34.670971],[112.491147,34.678146],[112.487951,34.677559],[112.485591,34.691545],[112.470549,34.689739],[112.480872,34.695927],[112.473105,34.694422],[112.470349,34.703775],[112.475278,34.705578],[112.47466,34.708472],[112.477282,34.711078],[112.484753,34.708705],[112.482352,34.71318],[112.488099,34.722378],[112.487854,34.731143],[112.48987,34.731587],[112.496627,34.741204],[112.522082,34.738164],[112.532074,34.735383],[112.534437,34.73243],[112.53608,34.72414],[112.539213,34.72312],[112.545419,34.725655],[112.566794,34.744695],[112.573597,34.740373],[112.56993,34.734867],[112.570684,34.733365],[112.607631,34.73383],[112.612729,34.730082],[112.617271,34.721836],[112.617471,34.706808],[112.603576,34.709206],[112.588435,34.708055],[112.586082,34.71017],[112.581676,34.710231],[112.578204,34.706321],[112.57071,34.702678],[112.568959,34.696557],[112.56433,34.691207],[112.562584,34.685295],[112.556985,34.681881],[112.551966,34.682118],[112.545293,34.688156],[112.537662,34.688959],[112.525747,34.684267],[112.512772,34.670741],[112.505262,34.670764],[112.501393,34.672414],[112.497399,34.670971]]]}},{"type":"Feature","properties":{"dt_adcode":"410305"},"geometry":{"type":"Polygon","coordinates":[[[112.282496,34.630953],[112.300538,34.645938],[112.301216,34.649126],[112.298739,34.656957],[112.307409,34.66282],[112.314168,34.670856],[112.316599,34.683599],[112.315898,34.685869],[112.313603,34.685815],[112.314607,34.694252],[112.320348,34.693941],[112.329065,34.690269],[112.330979,34.69145],[112.329337,34.694497],[112.336376,34.697287],[112.337693,34.692796],[112.335705,34.68698],[112.339487,34.686678],[112.347634,34.692512],[112.350661,34.691162],[112.352329,34.685594],[112.354576,34.684136],[112.356731,34.685004],[112.358952,34.689072],[112.36911,34.687277],[112.37093,34.688218],[112.370963,34.691173],[112.380128,34.693368],[112.379762,34.688984],[112.38565,34.684964],[112.399422,34.688329],[112.404874,34.684497],[112.405024,34.681907],[112.412764,34.677159],[112.414706,34.672158],[112.417824,34.673153],[112.423261,34.669381],[112.42004,34.665371],[112.417558,34.666913],[112.417746,34.663993],[112.420252,34.662591],[112.417454,34.657277],[112.418246,34.649506],[112.419099,34.647023],[112.426605,34.640472],[112.414612,34.625933],[112.413546,34.623749],[112.416082,34.620344],[112.415067,34.618668],[112.413019,34.616421],[112.395777,34.61069],[112.387989,34.603457],[112.378143,34.59838],[112.372701,34.603885],[112.362983,34.60021],[112.3594,34.608651],[112.36597,34.611007],[112.361966,34.619641],[112.362062,34.621724],[112.363898,34.622123],[112.363716,34.626348],[112.35212,34.62661],[112.328852,34.632345],[112.29261,34.628511],[112.282496,34.630953]]]}},{"type":"Feature","properties":{"dt_adcode":"410307"},"geometry":{"type":"Polygon","coordinates":[[[112.740364,34.491062],[112.726856,34.485606],[112.715491,34.486331],[112.709552,34.491422],[112.699129,34.494324],[112.700881,34.49763],[112.697636,34.505324],[112.699559,34.506915],[112.693838,34.516826],[112.692868,34.524961],[112.686358,34.530298],[112.686479,34.53941],[112.679711,34.541364],[112.674256,34.546011],[112.670513,34.544857],[112.669583,34.551898],[112.670811,34.56282],[112.66851,34.570711],[112.669937,34.578974],[112.674769,34.590322],[112.68322,34.590223],[112.678779,34.598347],[112.665004,34.600332],[112.666639,34.604815],[112.678301,34.611753],[112.686516,34.613298],[112.687978,34.614899],[112.682479,34.623298],[112.6869,34.627442],[112.703677,34.633449],[112.703677,34.635186],[112.699223,34.640601],[112.690468,34.646765],[112.68987,34.650864],[112.683981,34.653031],[112.678877,34.657491],[112.665747,34.662291],[112.65467,34.660093],[112.647288,34.665918],[112.640392,34.663484],[112.642573,34.677989],[112.648416,34.679794],[112.648469,34.682502],[112.650348,34.681751],[112.652043,34.684439],[112.656993,34.685735],[112.658558,34.688216],[112.657302,34.688543],[112.657171,34.694586],[112.660221,34.695592],[112.659782,34.705181],[112.63929,34.703446],[112.629126,34.706486],[112.622294,34.705529],[112.617471,34.706808],[112.617271,34.721836],[112.637299,34.727892],[112.644013,34.733636],[112.642483,34.73967],[112.647624,34.746727],[112.664181,34.747768],[112.66808,34.755836],[112.669247,34.759738],[112.668577,34.767911],[112.66294,34.778287],[112.661931,34.784398],[112.655284,34.791772],[112.656259,34.796725],[112.661854,34.801534],[112.677023,34.801975],[112.683376,34.803935],[112.69126,34.803537],[112.701806,34.800482],[112.732601,34.797608],[112.738628,34.795547],[112.746534,34.787803],[112.747354,34.78506],[112.744581,34.782597],[112.745513,34.779494],[112.760159,34.776653],[112.762349,34.77406],[112.76826,34.772419],[112.770655,34.769157],[112.77979,34.767762],[112.783459,34.768771],[112.791169,34.776338],[112.795514,34.786523],[112.810128,34.798471],[112.810603,34.784942],[112.813428,34.77995],[112.817249,34.778277],[112.827706,34.778299],[112.83942,34.783082],[112.850848,34.779216],[112.875046,34.779668],[112.882114,34.777756],[112.887882,34.782733],[112.899952,34.780588],[112.907444,34.77541],[112.909371,34.771111],[112.907556,34.766297],[112.90851,34.75741],[112.901616,34.751524],[112.905487,34.742287],[112.909915,34.737462],[112.939517,34.723821],[112.933393,34.712483],[112.920432,34.712472],[112.916331,34.710973],[112.912013,34.70321],[112.901662,34.693508],[112.893834,34.694975],[112.879756,34.705083],[112.867809,34.708096],[112.86,34.706492],[112.848613,34.69925],[112.844281,34.69913],[112.830236,34.694143],[112.828901,34.691245],[112.829239,34.683323],[112.836064,34.665709],[112.835327,34.65938],[112.833103,34.658076],[112.832452,34.655184],[112.845167,34.644536],[112.847159,34.640356],[112.841789,34.628666],[112.83636,34.628576],[112.835491,34.630459],[112.829742,34.629879],[112.824982,34.628707],[112.824732,34.625195],[112.835192,34.624504],[112.840212,34.623164],[112.84312,34.620306],[112.845597,34.609928],[112.84012,34.599963],[112.840457,34.594689],[112.843628,34.590098],[112.846322,34.588831],[112.862163,34.590281],[112.859589,34.587472],[112.860836,34.584547],[112.877747,34.567712],[112.878978,34.560036],[112.890712,34.547118],[112.898114,34.547557],[112.91383,34.544958],[112.924221,34.545406],[112.929576,34.54757],[112.952254,34.547625],[112.967725,34.541272],[112.982586,34.539786],[112.984381,34.538184],[112.975397,34.530784],[112.961227,34.529524],[112.947979,34.531468],[112.929791,34.526028],[112.9256,34.509811],[112.927302,34.499673],[112.92459,34.496469],[112.92027,34.484668],[112.922946,34.47658],[112.91179,34.471383],[112.907986,34.467546],[112.905216,34.468184],[112.896171,34.47582],[112.871634,34.475122],[112.864656,34.473084],[112.856033,34.478379],[112.838011,34.477168],[112.827649,34.477596],[112.822269,34.479558],[112.816949,34.478134],[112.805978,34.479251],[112.803699,34.483731],[112.775928,34.499985],[112.762997,34.493125],[112.754419,34.493412],[112.740364,34.491062]]]}},{"type":"Feature","properties":{"dt_adcode":"410308"},"geometry":{"type":"Polygon","coordinates":[[[112.392777,34.720784],[112.385065,34.718851],[112.379442,34.720833],[112.375836,34.733651],[112.372029,34.731839],[112.360724,34.731542],[112.362381,34.728043],[112.357636,34.726764],[112.348745,34.720711],[112.343378,34.7225],[112.337966,34.720165],[112.328806,34.719961],[112.320028,34.723844],[112.311583,34.732713],[112.303704,34.734051],[112.303592,34.741513],[112.306315,34.749839],[112.305219,34.752931],[112.302994,34.755984],[112.297273,34.758206],[112.285399,34.75941],[112.281289,34.767018],[112.27333,34.774484],[112.270856,34.780215],[112.273618,34.785913],[112.279132,34.786868],[112.283817,34.778915],[112.287775,34.780676],[112.293711,34.779875],[112.301847,34.770437],[112.305038,34.769167],[112.307083,34.770445],[112.308718,34.776448],[112.311606,34.780203],[112.322045,34.786126],[112.323002,34.789896],[112.321446,34.795068],[112.31527,34.79877],[112.299078,34.813459],[112.305924,34.836287],[112.294856,34.845364],[112.279431,34.853016],[112.272177,34.859311],[112.250258,34.868661],[112.239198,34.870127],[112.230632,34.876884],[112.214088,34.885172],[112.215042,34.890065],[112.222538,34.895848],[112.228312,34.905235],[112.240885,34.91027],[112.251035,34.910679],[112.251782,34.913716],[112.24577,34.919566],[112.244295,34.923993],[112.258319,34.931359],[112.268773,34.940005],[112.265414,34.946369],[112.267977,34.958356],[112.282611,34.961364],[112.290648,34.958394],[112.301829,34.939876],[112.314233,34.93708],[112.329083,34.941273],[112.354066,34.934459],[112.370837,34.921531],[112.387609,34.916465],[112.419406,34.921881],[112.457142,34.916989],[112.478806,34.907206],[112.505011,34.899169],[112.534198,34.893754],[112.536344,34.895509],[112.533274,34.896751],[112.534677,34.903093],[112.524523,34.910488],[112.528632,34.911538],[112.53574,34.906526],[112.534479,34.912816],[112.537294,34.916022],[112.536238,34.918518],[112.532051,34.920802],[112.525708,34.930451],[112.516004,34.929234],[112.509918,34.920151],[112.496426,34.922395],[112.499441,34.925818],[112.501538,34.935337],[112.505181,34.942469],[112.51123,34.938513],[112.517063,34.941104],[112.519419,34.940353],[112.527888,34.932029],[112.532816,34.931618],[112.543831,34.938302],[112.553883,34.939764],[112.557338,34.946196],[112.563844,34.949684],[112.569217,34.958609],[112.571383,34.95695],[112.571677,34.948774],[112.577744,34.94534],[112.580682,34.930046],[112.585373,34.926514],[112.618213,34.920306],[112.638292,34.919907],[112.638177,34.896976],[112.64189,34.896249],[112.642342,34.889856],[112.640828,34.88586],[112.636358,34.882667],[112.635836,34.880399],[112.63819,34.854188],[112.642759,34.85659],[112.656639,34.859626],[112.676091,34.85318],[112.696736,34.84062],[112.711308,34.835057],[112.722132,34.828817],[112.753275,34.828577],[112.780918,34.837476],[112.799857,34.836252],[112.813384,34.832897],[112.822379,34.8257],[112.827295,34.819195],[112.814098,34.811481],[112.811672,34.808035],[112.810128,34.798471],[112.795514,34.786523],[112.791169,34.776338],[112.783459,34.768771],[112.77979,34.767762],[112.770655,34.769157],[112.76826,34.772419],[112.762349,34.77406],[112.760159,34.776653],[112.745513,34.779494],[112.744581,34.782597],[112.747354,34.78506],[112.746534,34.787803],[112.738628,34.795547],[112.732601,34.797608],[112.701806,34.800482],[112.69126,34.803537],[112.661854,34.801534],[112.656259,34.796725],[112.655284,34.791772],[112.661931,34.784398],[112.66294,34.778287],[112.668577,34.767911],[112.669247,34.759738],[112.66553,34.750058],[112.664181,34.747768],[112.648599,34.747404],[112.642483,34.73967],[112.644013,34.733899],[112.642891,34.732285],[112.633994,34.726237],[112.617271,34.721836],[112.612729,34.730082],[112.607631,34.73383],[112.570684,34.733365],[112.56993,34.734867],[112.573597,34.740373],[112.566794,34.744695],[112.545419,34.725655],[112.538018,34.723197],[112.53608,34.72414],[112.53309,34.734496],[112.522082,34.738164],[112.496627,34.741204],[112.48987,34.731587],[112.487854,34.731143],[112.477213,34.737733],[112.465487,34.741475],[112.44505,34.740015],[112.421223,34.751068],[112.406471,34.754671],[112.399161,34.758231],[112.393992,34.756015],[112.395451,34.745443],[112.389786,34.736402],[112.393537,34.724931],[112.392777,34.720784]]]}},{"type":"Feature","properties":{"dt_adcode":"410311"},"geometry":{"type":"Polygon","coordinates":[[[112.700881,34.49763],[112.697235,34.493108],[112.688793,34.493279],[112.675643,34.487828],[112.672084,34.488238],[112.661681,34.485076],[112.657794,34.487806],[112.654753,34.496877],[112.647784,34.49778],[112.641811,34.503854],[112.634048,34.508411],[112.601034,34.512152],[112.590487,34.516033],[112.587703,34.519957],[112.583737,34.520505],[112.567364,34.516419],[112.55678,34.516642],[112.550219,34.514632],[112.541313,34.517942],[112.522224,34.519208],[112.518902,34.521739],[112.517334,34.507607],[112.512458,34.499743],[112.503964,34.502967],[112.486671,34.513963],[112.478966,34.513834],[112.46417,34.519089],[112.432397,34.525302],[112.435229,34.527189],[112.437042,34.544048],[112.422042,34.54367],[112.410856,34.53911],[112.403056,34.532805],[112.401664,34.522768],[112.397201,34.520054],[112.386894,34.518805],[112.380626,34.521401],[112.381307,34.515668],[112.378082,34.513942],[112.375139,34.516071],[112.371162,34.516105],[112.359372,34.523083],[112.354575,34.523936],[112.354356,34.52958],[112.350061,34.542272],[112.344347,34.541819],[112.343264,34.550602],[112.336309,34.549821],[112.336211,34.556401],[112.331912,34.555765],[112.330759,34.565649],[112.327682,34.569345],[112.321422,34.566064],[112.317828,34.560704],[112.310414,34.561717],[112.306628,34.560493],[112.303579,34.557507],[112.304734,34.556483],[112.303675,34.553724],[112.298189,34.550415],[112.294435,34.545762],[112.289816,34.545115],[112.284879,34.547834],[112.280666,34.546076],[112.276314,34.555664],[112.274083,34.555562],[112.273633,34.558624],[112.26794,34.564045],[112.266293,34.571299],[112.266745,34.578647],[112.271618,34.588773],[112.27552,34.606244],[112.271621,34.618839],[112.276044,34.627765],[112.282496,34.630953],[112.29261,34.628511],[112.328852,34.632345],[112.35212,34.62661],[112.363716,34.626348],[112.363898,34.622123],[112.362062,34.621724],[112.361966,34.619641],[112.36597,34.611007],[112.3594,34.608651],[112.362983,34.60021],[112.372701,34.603885],[112.378143,34.59838],[112.387989,34.603457],[112.395777,34.61069],[112.413019,34.616421],[112.416082,34.620344],[112.413546,34.623749],[112.414612,34.625933],[112.426605,34.640472],[112.469172,34.666887],[112.494629,34.667287],[112.496601,34.667637],[112.497399,34.670971],[112.501393,34.672414],[112.505262,34.670764],[112.512772,34.670741],[112.525747,34.684267],[112.537662,34.688959],[112.545293,34.688156],[112.551966,34.682118],[112.556985,34.681881],[112.562584,34.685295],[112.56433,34.691207],[112.568959,34.696557],[112.57071,34.702678],[112.578204,34.706321],[112.581676,34.710231],[112.586082,34.71017],[112.588435,34.708055],[112.603576,34.709206],[112.622294,34.705529],[112.629126,34.706486],[112.63929,34.703446],[112.659782,34.705181],[112.660221,34.695592],[112.657171,34.694586],[112.657302,34.688543],[112.658558,34.688216],[112.656993,34.685735],[112.652043,34.684439],[112.650348,34.681751],[112.648469,34.682502],[112.648416,34.679794],[112.642573,34.677989],[112.640392,34.663484],[112.647288,34.665918],[112.65467,34.660093],[112.665747,34.662291],[112.678877,34.657491],[112.683981,34.653031],[112.68987,34.650864],[112.690468,34.646765],[112.699223,34.640601],[112.703677,34.635186],[112.703677,34.633449],[112.684812,34.626048],[112.682688,34.621422],[112.687978,34.614899],[112.686516,34.613298],[112.678301,34.611753],[112.666639,34.604815],[112.665004,34.600332],[112.678779,34.598347],[112.68322,34.590223],[112.674769,34.590322],[112.669937,34.578974],[112.66851,34.570711],[112.670811,34.56282],[112.669583,34.551898],[112.670513,34.544857],[112.674256,34.546011],[112.679711,34.541364],[112.686479,34.53941],[112.686358,34.530298],[112.692868,34.524961],[112.693838,34.516826],[112.699559,34.506915],[112.697636,34.505324],[112.700881,34.49763]]]}},{"type":"Feature","properties":{"dt_adcode":"410323"},"geometry":{"type":"MultiPolygon","coordinates":[[[[112.028598,34.77851],[112.020154,34.778118],[112.018445,34.785664],[112.030129,34.783104],[112.028598,34.77851]]],[[[112.038774,35.044774],[112.035222,35.032296],[112.042419,35.027831],[112.050315,35.031153],[112.060356,35.027799],[112.086377,35.030366],[112.100109,35.0283],[112.108223,35.029216],[112.125876,35.021222],[112.1543,35.014254],[112.169914,35.002413],[112.177743,34.991643],[112.187702,34.972999],[112.192687,34.969459],[112.212045,34.965013],[112.226863,34.956607],[112.247822,34.940754],[112.253295,34.940112],[112.258107,34.942224],[112.267977,34.958356],[112.265414,34.946369],[112.268773,34.940005],[112.258319,34.931359],[112.244295,34.923993],[112.24577,34.919566],[112.251782,34.913716],[112.251035,34.910679],[112.240885,34.91027],[112.228312,34.905235],[112.222538,34.895848],[112.215042,34.890065],[112.21388,34.886091],[112.216366,34.8835],[112.230632,34.876884],[112.239198,34.870127],[112.250258,34.868661],[112.272177,34.859311],[112.279431,34.853016],[112.294856,34.845364],[112.303655,34.838478],[112.306324,34.834732],[112.299078,34.813459],[112.31527,34.79877],[112.321446,34.795068],[112.322828,34.791978],[112.321592,34.785432],[112.311606,34.780203],[112.305995,34.769318],[112.301847,34.770437],[112.293711,34.779875],[112.287775,34.780676],[112.283817,34.778915],[112.279132,34.786868],[112.273618,34.785913],[112.270856,34.780215],[112.27333,34.774484],[112.281289,34.767018],[112.285399,34.75941],[112.297273,34.758206],[112.302994,34.755984],[112.305219,34.752931],[112.306315,34.749839],[112.303592,34.741513],[112.303704,34.734051],[112.297887,34.729768],[112.290793,34.729908],[112.290044,34.722222],[112.291278,34.718587],[112.299381,34.717323],[112.310302,34.709279],[112.31158,34.706655],[112.31129,34.698413],[112.31356,34.693434],[112.313603,34.685815],[112.315898,34.685869],[112.316599,34.683599],[112.314168,34.670856],[112.307409,34.66282],[112.298739,34.656957],[112.301216,34.649126],[112.300538,34.645938],[112.289209,34.637487],[112.284785,34.632084],[112.276044,34.627765],[112.267236,34.626635],[112.205345,34.633012],[112.205422,34.625664],[112.188075,34.622881],[112.182731,34.620117],[112.172982,34.62246],[112.161776,34.619518],[112.160796,34.608912],[112.157695,34.605618],[112.149362,34.602782],[112.141548,34.603056],[112.136653,34.609997],[112.125993,34.619531],[112.115667,34.637309],[112.112449,34.640197],[112.097083,34.638444],[112.091336,34.64173],[112.089877,34.645553],[112.083609,34.646682],[112.083372,34.644189],[112.078831,34.643246],[112.078882,34.640919],[112.08761,34.637546],[112.083776,34.634474],[112.077936,34.634047],[112.075841,34.639323],[112.072275,34.642535],[112.07344,34.647598],[112.079108,34.654354],[112.075354,34.662223],[112.072165,34.674965],[112.063991,34.673603],[112.057007,34.677975],[112.047452,34.680461],[112.032365,34.676688],[112.021758,34.684477],[112.001542,34.692766],[111.995942,34.69669],[111.996473,34.699809],[111.994288,34.7058],[111.996496,34.710577],[111.996006,34.712778],[111.998594,34.712685],[111.996266,34.7143],[112.000612,34.715404],[111.997651,34.717327],[112.001655,34.716868],[112.002157,34.718171],[112.010727,34.720719],[112.015514,34.726049],[112.015002,34.7285],[112.012916,34.729565],[112.014119,34.731487],[112.012635,34.730645],[112.01139,34.732413],[111.994733,34.737498],[111.995406,34.740303],[111.999661,34.739074],[111.997704,34.742602],[112.000506,34.745004],[111.997541,34.747686],[111.997803,34.750687],[112.013099,34.751144],[112.019354,34.762585],[112.017452,34.76992],[112.023522,34.770596],[112.027101,34.775044],[112.032405,34.775099],[112.030406,34.792158],[112.028168,34.791682],[112.016353,34.797097],[112.012817,34.80379],[112.014168,34.806851],[112.020239,34.808457],[112.02071,34.811341],[112.014465,34.817968],[111.996549,34.829117],[111.993832,34.834694],[111.984051,34.83993],[111.982876,34.846162],[111.990716,34.853771],[111.990246,34.85612],[111.987999,34.857525],[111.981397,34.857624],[111.965961,34.852498],[111.957953,34.851185],[111.948941,34.852284],[111.951125,34.859698],[111.949829,34.863372],[111.922363,34.883921],[111.898743,34.885889],[111.894519,34.890594],[111.884071,34.892455],[111.885008,34.904216],[111.883483,34.90951],[111.890056,34.920326],[111.897221,34.925734],[111.906149,34.929611],[111.921717,34.934028],[111.934004,34.947683],[111.950839,34.947767],[111.968626,34.953953],[111.981887,34.960634],[111.98471,34.963818],[111.983239,34.97046],[111.981236,34.971571],[111.968976,34.971832],[111.961143,34.975695],[111.956793,34.981656],[111.956846,34.984831],[111.960858,34.988016],[111.967211,34.989912],[111.981891,34.990539],[111.978112,34.997175],[111.991316,35.003006],[111.991908,35.005007],[111.96704,35.014173],[111.951734,35.021902],[111.940194,35.030588],[111.938665,35.034583],[111.939491,35.036585],[111.955504,35.044847],[111.958567,35.048616],[111.958211,35.059144],[111.959978,35.06444],[111.973353,35.070236],[111.977925,35.067155],[111.990044,35.069312],[112.00598,35.065385],[112.008836,35.065526],[112.012412,35.068261],[112.018795,35.068778],[112.022063,35.067331],[112.022101,35.064032],[112.025176,35.059246],[112.037245,35.051415],[112.038774,35.044774]]]]}},{"type":"Feature","properties":{"dt_adcode":"410324"},"geometry":{"type":"Polygon","coordinates":[[[111.260836,33.796758],[111.261568,33.822862],[111.24029,33.842463],[111.232072,33.856805],[111.219509,33.862341],[111.216403,33.865157],[111.219388,33.871186],[111.218391,33.874829],[111.208123,33.878957],[111.203692,33.883445],[111.203031,33.88778],[111.204673,33.890613],[111.207994,33.891679],[111.209251,33.889194],[111.20808,33.885964],[111.213769,33.884039],[111.218215,33.887643],[111.223988,33.889394],[111.22679,33.888291],[111.234497,33.894878],[111.23579,33.89761],[111.234792,33.901739],[111.226628,33.913101],[111.227192,33.917654],[111.230065,33.924762],[111.239995,33.933157],[111.249633,33.933976],[111.261978,33.929773],[111.276799,33.935539],[111.280042,33.935484],[111.283095,33.933607],[111.283981,33.928524],[111.285573,33.92741],[111.302174,33.927197],[111.304646,33.931783],[111.305943,33.941364],[111.311959,33.949835],[111.328745,33.96664],[111.344129,33.973368],[111.35603,33.984524],[111.357736,33.988111],[111.353611,33.996272],[111.355614,34.004443],[111.355145,34.015165],[111.349967,34.027789],[111.343482,34.034506],[111.342307,34.037912],[111.342074,34.056038],[111.344077,34.063036],[111.347734,34.067215],[111.354325,34.084472],[111.356867,34.087062],[111.377734,34.09751],[111.390169,34.098136],[111.427568,34.107995],[111.437639,34.115436],[111.446753,34.131113],[111.450566,34.133672],[111.486564,34.139743],[111.511433,34.134694],[111.524655,34.134349],[111.53318,34.135797],[111.547932,34.143029],[111.56973,34.158812],[111.584575,34.162622],[111.61238,34.152154],[111.623136,34.15411],[111.638967,34.149942],[111.648621,34.151662],[111.666223,34.160808],[111.682678,34.171318],[111.693051,34.181751],[111.702691,34.185988],[111.70897,34.179657],[111.717249,34.178206],[111.723777,34.171723],[111.732562,34.147788],[111.739304,34.137627],[111.743308,34.127724],[111.745243,34.108666],[111.753299,34.093673],[111.768555,34.081124],[111.777714,34.067488],[111.785914,34.04514],[111.787454,34.019887],[111.791969,34.008825],[111.795999,34.002581],[111.809809,33.988414],[111.816463,33.978178],[111.813349,33.96997],[111.81411,33.964594],[111.812884,33.960986],[111.803168,33.952745],[111.800715,33.944782],[111.795094,33.943293],[111.795238,33.940263],[111.800462,33.934938],[111.806029,33.930874],[111.810004,33.930298],[111.818348,33.939913],[111.83323,33.940589],[111.836183,33.937383],[111.835041,33.927478],[111.836479,33.925419],[111.839638,33.924673],[111.84231,33.925695],[111.841816,33.932916],[111.846954,33.935141],[111.851202,33.935598],[111.852106,33.929073],[111.854916,33.927813],[111.859119,33.932157],[111.868986,33.935848],[111.873803,33.939044],[111.875815,33.942461],[111.883699,33.945608],[111.894269,33.947144],[111.906295,33.944637],[111.921701,33.939208],[111.933682,33.927887],[111.947031,33.928597],[111.956466,33.923926],[111.967746,33.926652],[111.973411,33.924472],[111.991408,33.904168],[112.006049,33.894353],[112.015996,33.891053],[112.025897,33.88505],[112.037198,33.868422],[112.035699,33.857079],[112.023699,33.849359],[111.994668,33.840308],[111.980445,33.826526],[111.9783,33.79764],[111.97418,33.781851],[111.970767,33.775687],[111.958007,33.770995],[111.950073,33.77383],[111.938508,33.772574],[111.919678,33.764978],[111.901909,33.770231],[111.882014,33.778733],[111.87268,33.77885],[111.866597,33.77549],[111.852137,33.76214],[111.842393,33.752632],[111.842566,33.746207],[111.859316,33.73016],[111.862112,33.717049],[111.853692,33.704081],[111.830235,33.675016],[111.809438,33.657162],[111.780553,33.663295],[111.776527,33.666054],[111.770122,33.667153],[111.767704,33.669905],[111.754167,33.670608],[111.748796,33.673578],[111.746064,33.677478],[111.738729,33.674703],[111.737558,33.677213],[111.730061,33.677747],[111.720478,33.683279],[111.715641,33.683862],[111.714388,33.685771],[111.708076,33.684581],[111.706553,33.681958],[111.698616,33.678914],[111.69134,33.680811],[111.687431,33.679343],[111.683823,33.680977],[111.68015,33.68669],[111.677849,33.687368],[111.666311,33.686596],[111.659185,33.693325],[111.660549,33.699259],[111.658094,33.701466],[111.658184,33.705446],[111.655459,33.708993],[111.647391,33.71209],[111.645184,33.715508],[111.636572,33.716007],[111.62866,33.719118],[111.623774,33.722955],[111.614584,33.721028],[111.608351,33.722257],[111.593209,33.719547],[111.585757,33.723384],[111.568181,33.725873],[111.564298,33.72738],[111.562781,33.731264],[111.555665,33.731128],[111.55315,33.727922],[111.548821,33.729102],[111.544711,33.727971],[111.539535,33.731035],[111.539135,33.733387],[111.5343,33.73754],[111.526333,33.732751],[111.523382,33.736891],[111.519096,33.735723],[111.509666,33.736552],[111.508489,33.730823],[111.496542,33.720999],[111.487913,33.725643],[111.479956,33.727336],[111.472756,33.732497],[111.471101,33.735622],[111.460715,33.734846],[111.449617,33.738129],[111.439304,33.746259],[111.431586,33.746752],[111.428623,33.752062],[111.423646,33.752597],[111.417729,33.750383],[111.405852,33.756883],[111.400428,33.757051],[111.398696,33.760022],[111.392669,33.761599],[111.384747,33.766544],[111.378921,33.764814],[111.374998,33.766283],[111.348366,33.764839],[111.33623,33.768311],[111.325948,33.76387],[111.318348,33.763092],[111.312333,33.766197],[111.304204,33.774999],[111.285429,33.780468],[111.273654,33.779986],[111.267596,33.785477],[111.260836,33.796758]]]}},{"type":"Feature","properties":{"dt_adcode":"410325"},"geometry":{"type":"Polygon","coordinates":[[[111.822425,34.271256],[111.846068,34.29021],[111.87553,34.279122],[111.883548,34.278267],[111.892089,34.280396],[111.90775,34.289232],[111.923876,34.30701],[111.9332,34.314197],[111.941484,34.317254],[111.974715,34.323316],[112.000459,34.331606],[112.012062,34.337225],[112.021975,34.344891],[112.02808,34.346101],[112.03725,34.343215],[112.037424,34.338754],[112.041795,34.334093],[112.044814,34.333901],[112.049987,34.32813],[112.057149,34.327925],[112.059409,34.321036],[112.065029,34.315304],[112.075375,34.309767],[112.082313,34.309435],[112.083464,34.305114],[112.090708,34.299497],[112.096671,34.306403],[112.097332,34.311806],[112.103662,34.312568],[112.113189,34.318328],[112.117096,34.318827],[112.117526,34.320518],[112.12405,34.322521],[112.126206,34.312888],[112.131219,34.309941],[112.136322,34.312144],[112.139666,34.317854],[112.147053,34.321599],[112.156752,34.319587],[112.165521,34.313232],[112.171563,34.311015],[112.183155,34.315409],[112.195618,34.310343],[112.219977,34.304954],[112.244583,34.303702],[112.257817,34.309499],[112.26834,34.310704],[112.276434,34.301821],[112.279004,34.291069],[112.272149,34.283235],[112.246548,34.265681],[112.239712,34.256713],[112.238133,34.247768],[112.241211,34.242749],[112.250094,34.238668],[112.259232,34.237116],[112.274582,34.238944],[112.277876,34.235778],[112.283862,34.233853],[112.332029,34.230391],[112.337121,34.228306],[112.347894,34.227697],[112.356602,34.220268],[112.364384,34.218457],[112.376296,34.206596],[112.376731,34.200922],[112.374568,34.198124],[112.350425,34.187549],[112.34577,34.178583],[112.349736,34.166929],[112.356458,34.15575],[112.356484,34.150937],[112.353909,34.148364],[112.354696,34.144709],[112.336893,34.142331],[112.327313,34.125546],[112.30995,34.117639],[112.30974,34.108474],[112.335501,34.065819],[112.333621,34.058478],[112.329506,34.051809],[112.330131,34.043105],[112.34064,34.04295],[112.346747,34.039097],[112.347894,34.033838],[112.342683,34.02739],[112.330833,34.02135],[112.322248,34.022899],[112.307271,34.031267],[112.298958,34.033043],[112.289022,34.031836],[112.283251,34.028591],[112.277767,34.022599],[112.274039,34.005628],[112.268306,33.997579],[112.24605,33.988289],[112.238668,33.980922],[112.23023,33.968054],[112.214065,33.959732],[112.210244,33.955361],[112.221262,33.921515],[112.220533,33.910743],[112.207828,33.883661],[112.207654,33.873351],[112.212132,33.863752],[112.212571,33.842911],[112.216521,33.832165],[112.224294,33.822806],[112.279336,33.8249],[112.280474,33.821534],[112.278484,33.812917],[112.285904,33.808774],[112.273931,33.801653],[112.273244,33.798513],[112.277005,33.79353],[112.276544,33.79013],[112.262127,33.783452],[112.259184,33.779889],[112.259183,33.775998],[112.266927,33.769772],[112.262751,33.74084],[112.247705,33.728484],[112.249104,33.727154],[112.249338,33.719006],[112.246984,33.717131],[112.235684,33.715157],[112.23012,33.717014],[112.21477,33.713958],[112.20168,33.705658],[112.185017,33.698711],[112.179215,33.703267],[112.177736,33.715632],[112.168627,33.721775],[112.158503,33.720124],[112.150335,33.713671],[112.141756,33.69164],[112.130921,33.67692],[112.120578,33.668842],[112.104719,33.661408],[112.074014,33.65316],[112.071327,33.648172],[112.072996,33.640096],[112.076342,33.633692],[112.084153,33.628966],[112.087497,33.618939],[112.091952,33.613094],[112.092229,33.607244],[112.087495,33.603061],[112.065741,33.607491],[112.059043,33.605252],[112.050961,33.610527],[112.03855,33.622361],[112.024784,33.622449],[112.014959,33.613643],[112.012318,33.602618],[112.013274,33.59859],[112.015843,33.597805],[112.017398,33.594633],[112.018669,33.594361],[112.024218,33.600022],[112.026552,33.598042],[112.028341,33.593033],[112.02361,33.591809],[112.020376,33.587731],[111.994209,33.584919],[111.946846,33.573983],[111.921058,33.570533],[111.912497,33.575039],[111.899159,33.588671],[111.884538,33.596114],[111.872429,33.599232],[111.863938,33.599171],[111.843426,33.595813],[111.829683,33.600754],[111.8277,33.606241],[111.827599,33.634188],[111.823616,33.646532],[111.819424,33.652916],[111.809438,33.657162],[111.830235,33.675016],[111.853692,33.704081],[111.862112,33.717049],[111.859316,33.73016],[111.842566,33.746207],[111.842393,33.752632],[111.866597,33.77549],[111.87268,33.77885],[111.882014,33.778733],[111.901909,33.770231],[111.919678,33.764978],[111.938508,33.772574],[111.950073,33.77383],[111.958007,33.770995],[111.970767,33.775687],[111.97418,33.781851],[111.9783,33.79764],[111.980445,33.826526],[111.994668,33.840308],[112.023699,33.849359],[112.035699,33.857079],[112.037198,33.868422],[112.025897,33.88505],[112.015996,33.891053],[112.000875,33.897264],[111.984128,33.911139],[111.973411,33.924472],[111.967746,33.926652],[111.956466,33.923926],[111.947031,33.928597],[111.933682,33.927887],[111.919984,33.940239],[111.894269,33.947144],[111.886106,33.946292],[111.875815,33.942461],[111.873803,33.939044],[111.859119,33.932157],[111.854916,33.927813],[111.852106,33.929073],[111.851202,33.935598],[111.842843,33.933885],[111.84161,33.931995],[111.84231,33.925695],[111.839638,33.924673],[111.836479,33.925419],[111.835041,33.927478],[111.836183,33.937383],[111.83323,33.940589],[111.818348,33.939913],[111.810004,33.930298],[111.802321,33.933336],[111.795238,33.940263],[111.795094,33.943293],[111.800715,33.944782],[111.803168,33.952745],[111.812884,33.960986],[111.81411,33.964594],[111.813349,33.96997],[111.816463,33.978178],[111.809809,33.988414],[111.795999,34.002581],[111.791969,34.008825],[111.787454,34.019887],[111.785914,34.04514],[111.777714,34.067488],[111.768555,34.081124],[111.753299,34.093673],[111.745243,34.108666],[111.743308,34.127724],[111.739304,34.137627],[111.732562,34.147788],[111.723777,34.171723],[111.717249,34.178206],[111.70897,34.179657],[111.702691,34.185988],[111.714677,34.199411],[111.723263,34.211877],[111.737338,34.215403],[111.743905,34.226974],[111.757216,34.231027],[111.759702,34.233771],[111.765859,34.248773],[111.767789,34.249519],[111.779079,34.246347],[111.800419,34.245548],[111.814057,34.253578],[111.822425,34.271256]]]}},{"type":"Feature","properties":{"dt_adcode":"410326"},"geometry":{"type":"Polygon","coordinates":[[[112.607253,34.327933],[112.614016,34.321622],[112.60205,34.316727],[112.595841,34.317579],[112.592642,34.314669],[112.594397,34.314501],[112.593187,34.311619],[112.587574,34.307389],[112.587584,34.305048],[112.585086,34.30497],[112.584106,34.301369],[112.582678,34.30182],[112.581169,34.299011],[112.579381,34.299503],[112.580469,34.29629],[112.576624,34.296474],[112.574347,34.293096],[112.57231,34.294069],[112.569676,34.284794],[112.553702,34.276069],[112.554272,34.270801],[112.557892,34.263703],[112.575611,34.254337],[112.577846,34.247011],[112.574023,34.240588],[112.559733,34.224995],[112.563907,34.215379],[112.571116,34.209202],[112.582584,34.191915],[112.589391,34.18614],[112.594446,34.164351],[112.606336,34.161617],[112.611688,34.158148],[112.620289,34.143126],[112.616186,34.128914],[112.608229,34.114232],[112.602521,34.088789],[112.603128,34.078256],[112.601217,34.071836],[112.577256,34.062391],[112.575373,34.048188],[112.572373,34.043144],[112.538596,34.027073],[112.532573,34.022029],[112.533689,34.018139],[112.549372,34.016546],[112.554611,34.014259],[112.569563,34.002707],[112.564353,34.000589],[112.553422,34.000613],[112.545493,33.996545],[112.544802,33.993213],[112.546756,33.990403],[112.549092,33.989917],[112.548926,33.985048],[112.539051,33.968049],[112.538147,33.947362],[112.530764,33.937971],[112.497874,33.92604],[112.496801,33.921457],[112.502604,33.912989],[112.514999,33.906354],[112.536429,33.90224],[112.541387,33.898581],[112.541413,33.892171],[112.534064,33.880252],[112.512762,33.858937],[112.485592,33.859838],[112.474646,33.855472],[112.462337,33.845839],[112.456631,33.836435],[112.433686,33.810956],[112.423814,33.806566],[112.40975,33.805896],[112.369112,33.839904],[112.363851,33.840162],[112.351474,33.834587],[112.323392,33.828446],[112.301386,33.811015],[112.293274,33.809239],[112.285904,33.808774],[112.279266,33.812037],[112.280579,33.823562],[112.279336,33.8249],[112.224294,33.822806],[112.216521,33.832165],[112.212571,33.842911],[112.212132,33.863752],[112.207654,33.873351],[112.207828,33.883661],[112.220533,33.910743],[112.221262,33.921515],[112.210244,33.955361],[112.214065,33.959732],[112.23023,33.968054],[112.238668,33.980922],[112.24605,33.988289],[112.268306,33.997579],[112.274039,34.005628],[112.277767,34.022599],[112.283251,34.028591],[112.289022,34.031836],[112.298958,34.033043],[112.307271,34.031267],[112.322248,34.022899],[112.330833,34.02135],[112.342683,34.02739],[112.347894,34.033838],[112.346747,34.039097],[112.34064,34.04295],[112.330131,34.043105],[112.329506,34.051809],[112.333621,34.058478],[112.335501,34.065819],[112.30974,34.108474],[112.30995,34.117639],[112.327313,34.125546],[112.336893,34.142331],[112.354696,34.144709],[112.353909,34.148364],[112.356484,34.150937],[112.356458,34.15575],[112.349736,34.166929],[112.34577,34.178583],[112.350425,34.187549],[112.371932,34.19636],[112.376731,34.200922],[112.376296,34.206596],[112.370366,34.213321],[112.372465,34.215069],[112.373696,34.220566],[112.388532,34.21637],[112.392451,34.221346],[112.397116,34.219574],[112.409057,34.223771],[112.421207,34.22225],[112.423206,34.225029],[112.422631,34.230411],[112.419791,34.231257],[112.415899,34.237354],[112.411664,34.238965],[112.408925,34.244236],[112.415714,34.258212],[112.413188,34.266348],[112.415992,34.279966],[112.410596,34.284924],[112.409653,34.289134],[112.394285,34.30659],[112.393209,34.309749],[112.40579,34.334826],[112.41376,34.342864],[112.420026,34.343773],[112.423406,34.338665],[112.437119,34.342511],[112.439964,34.338259],[112.454647,34.331879],[112.464864,34.331437],[112.484832,34.335653],[112.499194,34.33421],[112.504388,34.330687],[112.506361,34.33201],[112.506107,34.335998],[112.500482,34.343418],[112.503981,34.345909],[112.51142,34.350034],[112.531006,34.34913],[112.542014,34.355779],[112.550567,34.35831],[112.559694,34.354883],[112.577465,34.337954],[112.588422,34.330956],[112.597424,34.329751],[112.602972,34.325402],[112.607253,34.327933]]]}},{"type":"Feature","properties":{"dt_adcode":"410327"},"geometry":{"type":"Polygon","coordinates":[[[111.822425,34.271256],[111.800269,34.275975],[111.794223,34.283724],[111.797745,34.293909],[111.807008,34.302914],[111.811566,34.313714],[111.80959,34.329217],[111.80166,34.3261],[111.799095,34.327485],[111.799619,34.332906],[111.798104,34.334829],[111.797607,34.343671],[111.791404,34.347923],[111.774534,34.352819],[111.764784,34.358231],[111.754553,34.376694],[111.755239,34.386778],[111.758226,34.391622],[111.781513,34.409926],[111.787264,34.417538],[111.781839,34.425085],[111.769591,34.426655],[111.762203,34.429627],[111.759784,34.428218],[111.754769,34.430344],[111.753245,34.438084],[111.75483,34.4478],[111.775824,34.45356],[111.776314,34.455739],[111.770888,34.458466],[111.769267,34.46105],[111.769516,34.472975],[111.782158,34.483649],[111.783957,34.487144],[111.780444,34.491103],[111.774293,34.489568],[111.772356,34.491586],[111.774652,34.500808],[111.771275,34.504825],[111.771275,34.506944],[111.773974,34.509343],[111.783654,34.511105],[111.786283,34.513729],[111.778214,34.523034],[111.785896,34.532532],[111.785501,34.542221],[111.810612,34.552454],[111.815541,34.557758],[111.815732,34.563952],[111.819232,34.57085],[111.828326,34.574121],[111.831884,34.57827],[111.831973,34.597522],[111.802145,34.629324],[111.811286,34.633866],[111.818501,34.633678],[111.82401,34.636313],[111.823777,34.646251],[111.825442,34.648489],[111.855544,34.64878],[111.863929,34.647061],[111.870262,34.642464],[111.874655,34.635139],[111.890787,34.617573],[111.898359,34.620273],[111.905686,34.619777],[111.918346,34.609575],[111.919948,34.606096],[111.92533,34.601844],[111.93109,34.600204],[111.936792,34.604444],[111.934733,34.610498],[111.94168,34.620473],[111.943211,34.629648],[111.949213,34.632951],[111.953693,34.639545],[111.967469,34.643103],[111.971423,34.65067],[111.979555,34.652807],[111.978963,34.656511],[111.972835,34.667401],[111.974777,34.67364],[111.984269,34.683249],[111.984505,34.688101],[111.981416,34.69285],[111.982914,34.69504],[111.993233,34.693889],[111.995942,34.69669],[112.001542,34.692766],[112.021758,34.684477],[112.032365,34.676688],[112.047452,34.680461],[112.057007,34.677975],[112.063991,34.673603],[112.072165,34.674965],[112.075354,34.662223],[112.079108,34.654354],[112.07344,34.647598],[112.072275,34.642535],[112.075841,34.639323],[112.077936,34.634047],[112.083776,34.634474],[112.08761,34.637546],[112.078882,34.640919],[112.078831,34.643246],[112.083372,34.644189],[112.083609,34.646682],[112.089877,34.645553],[112.091336,34.64173],[112.097083,34.638444],[112.112449,34.640197],[112.115667,34.637309],[112.125993,34.619531],[112.136653,34.609997],[112.141548,34.603056],[112.149362,34.602782],[112.157695,34.605618],[112.160796,34.608912],[112.161776,34.619518],[112.172982,34.62246],[112.182731,34.620117],[112.188075,34.622881],[112.205422,34.625664],[112.205345,34.633012],[112.267236,34.626635],[112.276044,34.627765],[112.271621,34.618839],[112.27552,34.606244],[112.271618,34.588773],[112.266745,34.578647],[112.266293,34.571299],[112.26794,34.564045],[112.273633,34.558624],[112.274083,34.555562],[112.276314,34.555664],[112.280666,34.546076],[112.284879,34.547834],[112.289816,34.545115],[112.294435,34.545762],[112.298189,34.550415],[112.303675,34.553724],[112.304734,34.556483],[112.303579,34.557507],[112.306628,34.560493],[112.310414,34.561717],[112.317828,34.560704],[112.321422,34.566064],[112.327682,34.569345],[112.330759,34.565649],[112.331912,34.555765],[112.336211,34.556401],[112.336309,34.549821],[112.343264,34.550602],[112.344347,34.541819],[112.350061,34.542272],[112.354356,34.52958],[112.354575,34.523936],[112.338345,34.525614],[112.309994,34.523584],[112.295281,34.520282],[112.290587,34.516814],[112.284528,34.509901],[112.284092,34.496154],[112.286716,34.489559],[112.294069,34.48552],[112.299466,34.466261],[112.298344,34.463936],[112.294292,34.461081],[112.285435,34.458671],[112.284313,34.452374],[112.282436,34.450872],[112.265497,34.44164],[112.250888,34.438416],[112.228129,34.423136],[112.229706,34.418638],[112.251969,34.409442],[112.254477,34.402023],[112.254849,34.39104],[112.253842,34.387631],[112.244071,34.375678],[112.235086,34.375158],[112.230074,34.371039],[112.217359,34.373902],[112.213391,34.37166],[112.211969,34.36439],[112.216231,34.35629],[112.211075,34.345878],[112.20597,34.326881],[112.206133,34.30787],[112.183155,34.315409],[112.171563,34.311015],[112.165521,34.313232],[112.156752,34.319587],[112.147053,34.321599],[112.139666,34.317854],[112.136322,34.312144],[112.129215,34.310121],[112.126206,34.312888],[112.12405,34.322521],[112.117526,34.320518],[112.117096,34.318827],[112.113189,34.318328],[112.103662,34.312568],[112.097332,34.311806],[112.096671,34.306403],[112.090708,34.299497],[112.083464,34.305114],[112.082313,34.309435],[112.075375,34.309767],[112.065029,34.315304],[112.059409,34.321036],[112.057149,34.327925],[112.049987,34.32813],[112.044814,34.333901],[112.041795,34.334093],[112.037424,34.338754],[112.03725,34.343215],[112.02808,34.346101],[112.021975,34.344891],[112.012062,34.337225],[112.000459,34.331606],[111.974715,34.323316],[111.941484,34.317254],[111.9332,34.314197],[111.923876,34.30701],[111.90775,34.289232],[111.892089,34.280396],[111.883548,34.278267],[111.87553,34.279122],[111.846068,34.29021],[111.822425,34.271256]]]}},{"type":"Feature","properties":{"dt_adcode":"410328"},"geometry":{"type":"Polygon","coordinates":[[[111.802145,34.629324],[111.831973,34.597522],[111.831884,34.57827],[111.828326,34.574121],[111.819232,34.57085],[111.815732,34.563952],[111.815541,34.557758],[111.810612,34.552454],[111.785501,34.542221],[111.785896,34.532532],[111.778214,34.523034],[111.786283,34.513729],[111.783654,34.511105],[111.773974,34.509343],[111.771275,34.506944],[111.771275,34.504825],[111.774652,34.500808],[111.772356,34.491586],[111.774293,34.489568],[111.780444,34.491103],[111.783957,34.487144],[111.782158,34.483649],[111.769516,34.472975],[111.769267,34.46105],[111.770888,34.458466],[111.776314,34.455739],[111.775824,34.45356],[111.75483,34.4478],[111.753385,34.443478],[111.753615,34.432248],[111.759784,34.428218],[111.762203,34.429627],[111.769591,34.426655],[111.781839,34.425085],[111.787264,34.417538],[111.781513,34.409926],[111.758226,34.391622],[111.755239,34.386778],[111.754553,34.376694],[111.764784,34.358231],[111.774534,34.352819],[111.791404,34.347923],[111.797607,34.343671],[111.798104,34.334829],[111.799619,34.332906],[111.799095,34.327485],[111.80166,34.3261],[111.80959,34.329217],[111.811566,34.313714],[111.807008,34.302914],[111.797745,34.293909],[111.794162,34.285384],[111.795114,34.281318],[111.800269,34.275975],[111.822425,34.271256],[111.816821,34.257298],[111.811925,34.251414],[111.80559,34.249653],[111.797944,34.245097],[111.765859,34.248773],[111.759702,34.233771],[111.757216,34.231027],[111.743905,34.226974],[111.737338,34.215403],[111.723263,34.211877],[111.714677,34.199411],[111.702691,34.185988],[111.693051,34.181751],[111.682678,34.171318],[111.666223,34.160808],[111.648621,34.151662],[111.638967,34.149942],[111.623136,34.15411],[111.61238,34.152154],[111.601551,34.155244],[111.590118,34.161534],[111.584575,34.162622],[111.579345,34.161654],[111.56973,34.158812],[111.547932,34.143029],[111.53318,34.135797],[111.524655,34.134349],[111.511433,34.134694],[111.486564,34.139743],[111.450566,34.133672],[111.446753,34.131113],[111.437639,34.115436],[111.427568,34.107995],[111.390169,34.098136],[111.377734,34.09751],[111.367171,34.092484],[111.366702,34.096332],[111.358749,34.108777],[111.344726,34.109047],[111.334714,34.115608],[111.313385,34.116539],[111.307083,34.122404],[111.307789,34.133511],[111.305318,34.140178],[111.302255,34.14311],[111.294128,34.145332],[111.280879,34.138267],[111.279062,34.139733],[111.277819,34.147959],[111.267934,34.146513],[111.26,34.14892],[111.253181,34.153092],[111.249889,34.161407],[111.240078,34.16958],[111.234498,34.178544],[111.219756,34.178091],[111.216763,34.179211],[111.210363,34.189268],[111.207373,34.197411],[111.175809,34.209516],[111.169889,34.216372],[111.158975,34.223094],[111.158854,34.226031],[111.162088,34.228142],[111.179269,34.228696],[111.185902,34.241349],[111.187784,34.250279],[111.181561,34.259046],[111.182974,34.268271],[111.181918,34.281231],[111.183852,34.286165],[111.188958,34.291915],[111.191655,34.303576],[111.185441,34.316987],[111.171477,34.330032],[111.164734,34.347325],[111.159863,34.350801],[111.139797,34.354037],[111.138444,34.359152],[111.14109,34.367141],[111.141204,34.373108],[111.145723,34.378744],[111.147961,34.388555],[111.156815,34.394655],[111.171432,34.394953],[111.191378,34.400676],[111.189671,34.411581],[111.191258,34.417941],[111.199503,34.419603],[111.213439,34.429823],[111.213231,34.437421],[111.215262,34.445735],[111.222072,34.459718],[111.22753,34.459712],[111.244689,34.453791],[111.273022,34.447857],[111.273788,34.452444],[111.271024,34.465315],[111.271381,34.470666],[111.295814,34.489294],[111.299991,34.488948],[111.304942,34.475494],[111.310887,34.473387],[111.324728,34.471737],[111.344413,34.472949],[111.360379,34.480884],[111.364086,34.47995],[111.37062,34.473317],[111.385042,34.473099],[111.398639,34.484188],[111.41833,34.490831],[111.451669,34.505931],[111.457536,34.512562],[111.478631,34.521359],[111.484664,34.525516],[111.49222,34.536783],[111.502882,34.545069],[111.508912,34.547227],[111.525016,34.548296],[111.535384,34.543652],[111.542119,34.544045],[111.562049,34.558744],[111.564276,34.56309],[111.567006,34.564704],[111.574278,34.564458],[111.579792,34.557485],[111.584432,34.556053],[111.587979,34.55711],[111.592209,34.565339],[111.608104,34.562266],[111.619101,34.555775],[111.670037,34.54059],[111.683603,34.533304],[111.689861,34.532897],[111.693,34.533931],[111.692652,34.535694],[111.681463,34.547666],[111.676635,34.562444],[111.670163,34.568637],[111.670449,34.571426],[111.692769,34.572924],[111.704548,34.586128],[111.74008,34.600251],[111.753896,34.596346],[111.758775,34.597462],[111.761944,34.607929],[111.767871,34.609339],[111.778384,34.608331],[111.782139,34.609974],[111.792699,34.621987],[111.802145,34.629324]]]}},{"type":"Feature","properties":{"dt_adcode":"410329"},"geometry":{"type":"Polygon","coordinates":[[[112.372905,34.515537],[112.380536,34.514266],[112.381114,34.521523],[112.386894,34.518805],[112.397201,34.520054],[112.402004,34.523058],[112.403345,34.533276],[112.409037,34.53814],[112.417095,34.542051],[112.423011,34.54377],[112.437042,34.544048],[112.435229,34.527189],[112.432397,34.525302],[112.46417,34.519089],[112.478966,34.513834],[112.486671,34.513963],[112.503964,34.502967],[112.512458,34.499743],[112.517334,34.507607],[112.518902,34.521739],[112.522224,34.519208],[112.541313,34.517942],[112.550219,34.514632],[112.586269,34.520421],[112.590487,34.516033],[112.601034,34.512152],[112.634048,34.508411],[112.641811,34.503854],[112.647784,34.49778],[112.654753,34.496877],[112.657794,34.487806],[112.661681,34.485076],[112.672084,34.488238],[112.675643,34.487828],[112.688793,34.493279],[112.697235,34.493108],[112.699129,34.494324],[112.709552,34.491422],[112.715491,34.486331],[112.726856,34.485606],[112.740364,34.491062],[112.739312,34.486759],[112.743326,34.480974],[112.744367,34.470488],[112.741802,34.45238],[112.743331,34.447226],[112.742357,34.436743],[112.737854,34.424411],[112.729614,34.41696],[112.734811,34.409917],[112.735914,34.404246],[112.733002,34.397024],[112.733627,34.393074],[112.724082,34.388876],[112.721177,34.38458],[112.721307,34.380798],[112.730931,34.37622],[112.728096,34.361149],[112.731763,34.356115],[112.731929,34.351079],[112.756784,34.357386],[112.758642,34.355431],[112.760091,34.346607],[112.772029,34.347044],[112.776597,34.345054],[112.756911,34.330686],[112.741234,34.333715],[112.728023,34.330328],[112.709948,34.335184],[112.701009,34.335071],[112.688374,34.326766],[112.669263,34.324929],[112.657359,34.320587],[112.656637,34.323825],[112.659622,34.333926],[112.650149,34.341097],[112.623706,34.337846],[112.623786,34.335845],[112.620413,34.335952],[112.61853,34.33357],[112.602972,34.325402],[112.597424,34.329751],[112.591332,34.329966],[112.585191,34.332823],[112.569423,34.344815],[112.559694,34.354883],[112.550567,34.35831],[112.542014,34.355779],[112.531006,34.34913],[112.51142,34.350034],[112.503981,34.345909],[112.500482,34.343418],[112.506107,34.335998],[112.506361,34.33201],[112.504388,34.330687],[112.499194,34.33421],[112.484832,34.335653],[112.464864,34.331437],[112.454647,34.331879],[112.439964,34.338259],[112.437119,34.342511],[112.423406,34.338665],[112.42044,34.343694],[112.41376,34.342864],[112.40579,34.334826],[112.393209,34.309749],[112.394285,34.30659],[112.409653,34.289134],[112.410596,34.284924],[112.415992,34.279966],[112.413188,34.266348],[112.415714,34.258212],[112.408925,34.244236],[112.411664,34.238965],[112.415899,34.237354],[112.419791,34.231257],[112.423439,34.22922],[112.423206,34.225029],[112.421207,34.22225],[112.409057,34.223771],[112.397116,34.219574],[112.392451,34.221346],[112.388532,34.21637],[112.373696,34.220566],[112.372465,34.215069],[112.369656,34.21264],[112.364384,34.218457],[112.356602,34.220268],[112.347894,34.227697],[112.337121,34.228306],[112.332029,34.230391],[112.283862,34.233853],[112.277876,34.235778],[112.274582,34.238944],[112.259232,34.237116],[112.250094,34.238668],[112.241211,34.242749],[112.238133,34.247768],[112.239712,34.256713],[112.246548,34.265681],[112.272149,34.283235],[112.279004,34.291069],[112.276434,34.301821],[112.26834,34.310704],[112.257817,34.309499],[112.244583,34.303702],[112.219977,34.304954],[112.206133,34.30787],[112.20597,34.326881],[112.211075,34.345878],[112.216231,34.35629],[112.211969,34.36439],[112.213391,34.37166],[112.217359,34.373902],[112.230074,34.371039],[112.235086,34.375158],[112.244071,34.375678],[112.253842,34.387631],[112.254849,34.39104],[112.254477,34.402023],[112.251969,34.409442],[112.229706,34.418638],[112.228129,34.423136],[112.250888,34.438416],[112.265497,34.44164],[112.282436,34.450872],[112.284313,34.452374],[112.285435,34.458671],[112.294292,34.461081],[112.298344,34.463936],[112.299466,34.466261],[112.294069,34.48552],[112.285143,34.491507],[112.283467,34.50325],[112.284528,34.509901],[112.295281,34.520282],[112.309994,34.523584],[112.338345,34.525614],[112.359372,34.523083],[112.372905,34.515537]]]}},{"type":"Feature","properties":{"dt_adcode":"410402"},"geometry":{"type":"Polygon","coordinates":[[[113.286817,33.785513],[113.287133,33.779745],[113.292816,33.763253],[113.296699,33.761323],[113.298868,33.756795],[113.311897,33.75674],[113.313568,33.755327],[113.310587,33.74919],[113.308107,33.728676],[113.283704,33.730137],[113.275504,33.732423],[113.273781,33.730392],[113.257165,33.73872],[113.259155,33.739789],[113.255908,33.74422],[113.25094,33.747173],[113.24189,33.750374],[113.239774,33.746339],[113.235652,33.748469],[113.23217,33.74591],[113.241359,33.737931],[113.240922,33.733047],[113.24241,33.730469],[113.239306,33.725947],[113.239733,33.722157],[113.244753,33.720068],[113.245023,33.725632],[113.24794,33.725318],[113.247798,33.726986],[113.249213,33.726388],[113.247862,33.724695],[113.248603,33.722079],[113.252141,33.719307],[113.245804,33.707296],[113.230741,33.703291],[113.224818,33.706491],[113.179097,33.714958],[113.163658,33.716299],[113.162788,33.721882],[113.161476,33.718753],[113.159734,33.718782],[113.161165,33.717647],[113.159479,33.718118],[113.161547,33.716673],[113.159618,33.716443],[113.161118,33.715222],[113.150824,33.715717],[113.138882,33.713449],[113.130311,33.724505],[113.123736,33.726047],[113.112586,33.724903],[113.107369,33.727188],[113.082847,33.750227],[113.077041,33.768196],[113.076599,33.782561],[113.070468,33.785684],[113.070269,33.791831],[113.071209,33.79714],[113.078077,33.8054],[113.079812,33.805658],[113.083208,33.813023],[113.087974,33.811827],[113.087994,33.813287],[113.100314,33.814093],[113.100775,33.816164],[113.102285,33.815934],[113.105517,33.821156],[113.103766,33.832211],[113.110254,33.832127],[113.116077,33.830697],[113.127537,33.822742],[113.134273,33.808148],[113.137906,33.806423],[113.146791,33.811737],[113.154331,33.813507],[113.172447,33.813716],[113.182436,33.818271],[113.191358,33.816481],[113.204424,33.811126],[113.20699,33.814063],[113.218262,33.813787],[113.218702,33.811996],[113.223964,33.812029],[113.223934,33.809599],[113.231346,33.809061],[113.240279,33.805373],[113.23852,33.805165],[113.23892,33.803134],[113.246336,33.80184],[113.248223,33.799386],[113.261094,33.793806],[113.286817,33.785513]]]}},{"type":"Feature","properties":{"dt_adcode":"410403"},"geometry":{"type":"Polygon","coordinates":[[[113.308107,33.728676],[113.310587,33.74919],[113.313568,33.755327],[113.311897,33.75674],[113.298868,33.756795],[113.296699,33.761323],[113.292816,33.763253],[113.287133,33.779745],[113.286817,33.785513],[113.29686,33.783655],[113.303756,33.785247],[113.305193,33.801285],[113.308312,33.801931],[113.312815,33.808123],[113.322709,33.811285],[113.327442,33.809454],[113.332183,33.80053],[113.339888,33.797912],[113.350802,33.798949],[113.350898,33.804234],[113.34694,33.807462],[113.347881,33.813761],[113.352489,33.813834],[113.352868,33.82676],[113.358888,33.826889],[113.361456,33.824946],[113.370787,33.825248],[113.371449,33.826668],[113.383064,33.828126],[113.381016,33.815546],[113.382314,33.810629],[113.387995,33.799347],[113.393348,33.797859],[113.388606,33.793449],[113.381335,33.793339],[113.372135,33.784579],[113.391468,33.776105],[113.399895,33.774271],[113.419262,33.763705],[113.425833,33.7622],[113.434862,33.765379],[113.442113,33.763468],[113.447092,33.760477],[113.450095,33.753552],[113.451018,33.739277],[113.468228,33.741502],[113.469559,33.735306],[113.468949,33.721522],[113.456541,33.722672],[113.435833,33.720896],[113.427184,33.721932],[113.418498,33.725154],[113.380334,33.72528],[113.380324,33.723439],[113.382216,33.722431],[113.380133,33.722379],[113.379712,33.717176],[113.366715,33.71369],[113.357439,33.7153],[113.354653,33.7181],[113.354307,33.726506],[113.341715,33.728317],[113.308107,33.728676]]]}},{"type":"Feature","properties":{"dt_adcode":"410404"},"geometry":{"type":"Polygon","coordinates":[[[112.927648,33.870025],[112.925417,33.860698],[112.927109,33.86083],[112.926319,33.859693],[112.927699,33.85986],[112.92681,33.858943],[112.922142,33.857265],[112.920541,33.858244],[112.917448,33.855762],[112.91783,33.852733],[112.92051,33.851264],[112.920856,33.845503],[112.918229,33.844997],[112.91095,33.847097],[112.909595,33.852819],[112.890844,33.858575],[112.889712,33.857102],[112.893207,33.85387],[112.894787,33.850073],[112.893054,33.846925],[112.895589,33.843312],[112.893288,33.836005],[112.894384,33.831819],[112.897909,33.829977],[112.894741,33.826454],[112.891643,33.826107],[112.889333,33.829121],[112.891485,33.829682],[112.888004,33.833509],[112.884652,33.832372],[112.881969,33.834699],[112.882616,33.836149],[112.88082,33.834947],[112.879651,33.838786],[112.878392,33.838622],[112.879378,33.839838],[112.877409,33.844246],[112.87257,33.848947],[112.874646,33.849405],[112.87434,33.851255],[112.876226,33.850858],[112.873923,33.855236],[112.854013,33.870395],[112.849932,33.877311],[112.848044,33.886585],[112.840517,33.898368],[112.846203,33.903283],[112.857453,33.909242],[112.857237,33.912161],[112.858923,33.912908],[112.862501,33.908202],[112.865131,33.908773],[112.866637,33.906546],[112.868131,33.908482],[112.870227,33.908129],[112.876077,33.913986],[112.880594,33.923548],[112.886676,33.9283],[112.897381,33.919442],[112.899667,33.922025],[112.907128,33.916723],[112.918744,33.915515],[112.9213,33.912456],[112.922856,33.913789],[112.924652,33.913084],[112.924992,33.91502],[112.936298,33.912637],[112.942567,33.913133],[112.942256,33.915756],[112.946264,33.914529],[112.946913,33.912148],[112.950315,33.911915],[112.952846,33.914067],[112.956131,33.913531],[112.956088,33.911651],[112.958213,33.911171],[112.955336,33.907522],[112.957459,33.906946],[112.955558,33.902873],[112.95444,33.904254],[112.948174,33.896007],[112.941185,33.899111],[112.939193,33.890942],[112.938064,33.891778],[112.937754,33.88921],[112.934026,33.88842],[112.934268,33.883566],[112.930427,33.883679],[112.931059,33.875892],[112.927273,33.873559],[112.929594,33.870774],[112.927648,33.870025]]]}},{"type":"Feature","properties":{"dt_adcode":"410411"},"geometry":{"type":"MultiPolygon","coordinates":[[[[113.232457,33.663728],[113.228693,33.663485],[113.229114,33.665864],[113.227559,33.666498],[113.232387,33.664959],[113.232457,33.663728]]],[[[113.137512,33.713716],[113.150824,33.715717],[113.161118,33.715222],[113.159618,33.716443],[113.161547,33.716673],[113.159479,33.718118],[113.161165,33.717647],[113.159734,33.718782],[113.161476,33.718753],[113.162788,33.721882],[113.163658,33.716299],[113.179097,33.714958],[113.224818,33.706491],[113.230169,33.703332],[113.243205,33.7059],[113.245804,33.707296],[113.252141,33.719307],[113.248603,33.722079],[113.247862,33.724695],[113.249213,33.726388],[113.247798,33.726986],[113.24794,33.725318],[113.245023,33.725632],[113.244753,33.720068],[113.239733,33.722157],[113.239306,33.725947],[113.24241,33.730469],[113.240922,33.733047],[113.241359,33.737931],[113.23217,33.74591],[113.235652,33.748469],[113.239774,33.746339],[113.24189,33.750374],[113.255908,33.74422],[113.259155,33.739789],[113.257165,33.73872],[113.273781,33.730392],[113.275504,33.732423],[113.283704,33.730137],[113.341715,33.728317],[113.354307,33.726506],[113.354529,33.718277],[113.357439,33.7153],[113.367373,33.713729],[113.356562,33.702489],[113.351551,33.692647],[113.346035,33.687616],[113.323247,33.677467],[113.321998,33.664795],[113.311112,33.664202],[113.308441,33.662151],[113.305508,33.655775],[113.300195,33.651937],[113.296129,33.651449],[113.289102,33.654424],[113.285743,33.66036],[113.282367,33.660419],[113.276586,33.664287],[113.268862,33.666201],[113.263078,33.665166],[113.254013,33.660517],[113.233448,33.656015],[113.238237,33.662936],[113.237959,33.665459],[113.181858,33.67269],[113.163345,33.673287],[113.156908,33.679421],[113.144717,33.697758],[113.137922,33.711958],[113.137512,33.713716]]]]}},{"type":"Feature","properties":{"dt_adcode":"410421"},"geometry":{"type":"Polygon","coordinates":[[[112.722384,33.945619],[112.728027,33.952418],[112.726706,33.956315],[112.727648,33.958999],[112.725834,33.959587],[112.726526,33.961749],[112.730001,33.962402],[112.721842,33.966878],[112.722326,33.968293],[112.725638,33.969445],[112.737234,33.967188],[112.741926,33.969029],[112.74303,33.971551],[112.74191,33.974755],[112.730308,33.982973],[112.733316,33.988706],[112.750694,33.992638],[112.757589,33.995855],[112.767234,33.997242],[112.785973,34.004357],[112.790933,34.003209],[112.800304,33.997028],[112.844608,34.009587],[112.851497,34.009581],[112.864166,34.003154],[112.889243,34.004514],[112.904951,33.995349],[112.917927,33.992608],[112.942505,34.001111],[112.965467,34.004128],[112.98993,34.011021],[112.999628,34.00795],[113.00009,34.010492],[112.996044,34.014611],[112.995494,34.018123],[112.997209,34.016584],[112.998615,34.017619],[112.999187,34.016],[113.004407,34.016006],[113.007259,34.019636],[113.017338,34.015505],[113.02028,34.019064],[113.016998,34.028087],[113.049265,34.013928],[113.074536,34.008374],[113.125402,33.974578],[113.124308,33.964812],[113.131358,33.956426],[113.159372,33.959759],[113.172408,33.935466],[113.175219,33.932762],[113.189675,33.926667],[113.225315,33.922199],[113.231884,33.918943],[113.23353,33.916252],[113.226815,33.908012],[113.225648,33.9051],[113.22689,33.902919],[113.255074,33.901752],[113.256585,33.899913],[113.256172,33.894132],[113.253432,33.886466],[113.245064,33.883213],[113.237933,33.877604],[113.23191,33.866791],[113.245069,33.863461],[113.262186,33.864119],[113.27384,33.860278],[113.27646,33.863155],[113.277234,33.861691],[113.280357,33.861553],[113.281447,33.856523],[113.289609,33.855532],[113.288616,33.850099],[113.286351,33.848987],[113.296509,33.832216],[113.296734,33.82168],[113.300523,33.803353],[113.305193,33.801285],[113.303756,33.785247],[113.2908,33.784124],[113.269613,33.790577],[113.248223,33.799386],[113.246336,33.80184],[113.23892,33.803134],[113.23852,33.805165],[113.240599,33.805103],[113.23845,33.806185],[113.231346,33.809061],[113.223934,33.809599],[113.223964,33.812029],[113.218702,33.811996],[113.218262,33.813787],[113.20699,33.814063],[113.204424,33.811126],[113.184073,33.818382],[113.172447,33.813716],[113.154331,33.813507],[113.146791,33.811737],[113.137906,33.806423],[113.134273,33.808148],[113.127537,33.822742],[113.120953,33.827727],[113.116077,33.830697],[113.103766,33.832211],[113.105517,33.821156],[113.102285,33.815934],[113.100775,33.816164],[113.100314,33.814093],[113.087994,33.813287],[113.087974,33.811827],[113.083208,33.813023],[113.079812,33.805658],[113.078077,33.8054],[113.071209,33.79714],[113.070468,33.785684],[113.041875,33.798765],[113.040431,33.802603],[113.038334,33.804888],[113.036488,33.804363],[113.03426,33.808017],[113.032685,33.815725],[113.02556,33.826358],[113.015271,33.829098],[113.005714,33.827419],[112.999971,33.829072],[112.99712,33.831644],[112.996661,33.828021],[112.97617,33.818171],[112.971754,33.818393],[112.968444,33.820445],[112.953027,33.842454],[112.934941,33.85532],[112.937305,33.858811],[112.92517,33.862052],[112.927648,33.870025],[112.929594,33.870774],[112.927273,33.873559],[112.931059,33.875892],[112.930427,33.883679],[112.934268,33.883566],[112.934026,33.88842],[112.937754,33.88921],[112.938064,33.891778],[112.939193,33.890942],[112.941185,33.899111],[112.948174,33.896007],[112.95444,33.904254],[112.955558,33.902873],[112.957459,33.906946],[112.955336,33.907522],[112.958213,33.911171],[112.956088,33.911651],[112.956131,33.913531],[112.952846,33.914067],[112.950315,33.911915],[112.946913,33.912148],[112.946264,33.914529],[112.942256,33.915756],[112.942567,33.913133],[112.936298,33.912637],[112.924992,33.91502],[112.924652,33.913084],[112.922856,33.913789],[112.9213,33.912456],[112.918744,33.915515],[112.907128,33.916723],[112.899667,33.922025],[112.897381,33.919442],[112.886676,33.9283],[112.880594,33.923548],[112.876077,33.913986],[112.870227,33.908129],[112.868131,33.908482],[112.866637,33.906546],[112.865131,33.908773],[112.862501,33.908202],[112.858923,33.912908],[112.857237,33.912161],[112.857453,33.909242],[112.846203,33.903283],[112.840517,33.898368],[112.835553,33.908796],[112.824637,33.915014],[112.814726,33.923037],[112.793544,33.929689],[112.779949,33.931099],[112.770271,33.935456],[112.759827,33.936564],[112.756194,33.935237],[112.755241,33.933693],[112.75669,33.932029],[112.756789,33.927457],[112.750659,33.918383],[112.748056,33.917344],[112.74285,33.937246],[112.735465,33.94128],[112.730773,33.939833],[112.725149,33.941504],[112.722384,33.945619]]]}},{"type":"Feature","properties":{"dt_adcode":"410422"},"geometry":{"type":"Polygon","coordinates":[[[113.585472,33.711033],[113.584913,33.709893],[113.582156,33.711466],[113.581468,33.708466],[113.577774,33.70928],[113.57979,33.706726],[113.576696,33.70654],[113.578173,33.704507],[113.582416,33.703583],[113.584173,33.6989],[113.583283,33.691239],[113.582215,33.691369],[113.583323,33.690459],[113.581266,33.68951],[113.582993,33.688238],[113.580407,33.687551],[113.580119,33.685817],[113.578311,33.686233],[113.577062,33.682082],[113.580506,33.681759],[113.582013,33.669153],[113.586446,33.663758],[113.588134,33.663947],[113.588001,33.661956],[113.586616,33.662197],[113.587104,33.657885],[113.588742,33.657644],[113.587214,33.657425],[113.587653,33.654624],[113.595772,33.654016],[113.604956,33.646331],[113.624106,33.636385],[113.627381,33.633164],[113.628188,33.629036],[113.621508,33.619906],[113.600293,33.610622],[113.578056,33.596518],[113.576825,33.592632],[113.573948,33.592652],[113.572058,33.589816],[113.570291,33.589689],[113.569868,33.591424],[113.565494,33.590485],[113.565757,33.588416],[113.564387,33.590147],[113.552257,33.586707],[113.554431,33.584587],[113.551593,33.582743],[113.553349,33.582742],[113.553973,33.579419],[113.552284,33.579452],[113.554558,33.578345],[113.552293,33.576456],[113.553243,33.572065],[113.554274,33.570622],[113.56312,33.570559],[113.563604,33.56765],[113.562615,33.564259],[113.56028,33.564087],[113.560443,33.561707],[113.557318,33.561967],[113.558765,33.557471],[113.554994,33.557455],[113.550113,33.559848],[113.550741,33.556255],[113.557373,33.553568],[113.548396,33.550976],[113.54555,33.548621],[113.546341,33.545009],[113.541997,33.539292],[113.540047,33.526098],[113.541123,33.523059],[113.53947,33.522561],[113.537669,33.51635],[113.533709,33.514985],[113.537623,33.498504],[113.53205,33.497351],[113.525304,33.505036],[113.521645,33.50539],[113.519457,33.50389],[113.510783,33.505034],[113.510669,33.507986],[113.50706,33.508261],[113.507406,33.505033],[113.504383,33.505336],[113.503066,33.500236],[113.495461,33.49934],[113.493287,33.499216],[113.492753,33.500554],[113.483002,33.500133],[113.478593,33.504334],[113.481146,33.491726],[113.484612,33.489366],[113.484323,33.483726],[113.471794,33.463386],[113.473479,33.443671],[113.466522,33.437375],[113.466789,33.425148],[113.468865,33.422053],[113.465446,33.421436],[113.464169,33.414825],[113.461318,33.4138],[113.462953,33.413487],[113.461687,33.409398],[113.463032,33.407403],[113.460359,33.406439],[113.460988,33.403016],[113.459173,33.406111],[113.45648,33.402285],[113.456909,33.404205],[113.454815,33.40547],[113.453238,33.398349],[113.458175,33.397399],[113.458225,33.39915],[113.462453,33.402892],[113.463899,33.401348],[113.462463,33.400911],[113.463799,33.400278],[113.46343,33.397858],[113.459401,33.394124],[113.458464,33.396548],[113.455023,33.394263],[113.456858,33.393229],[113.454434,33.393464],[113.454434,33.389552],[113.45581,33.39186],[113.456508,33.389378],[113.44293,33.385787],[113.431577,33.376874],[113.420937,33.375182],[113.411524,33.37839],[113.409693,33.377671],[113.409371,33.367793],[113.412503,33.356839],[113.397205,33.346239],[113.397465,33.336852],[113.389091,33.337355],[113.377412,33.341332],[113.363926,33.342458],[113.335491,33.352022],[113.312174,33.341122],[113.309547,33.341378],[113.302607,33.349021],[113.29599,33.351365],[113.277075,33.350265],[113.272367,33.357653],[113.263603,33.359219],[113.258071,33.364796],[113.246042,33.365669],[113.242803,33.369382],[113.241964,33.36561],[113.240334,33.366922],[113.235659,33.364458],[113.232001,33.365127],[113.227094,33.369955],[113.228663,33.371382],[113.228315,33.376407],[113.226587,33.376969],[113.225808,33.375469],[113.224309,33.376681],[113.224959,33.383764],[113.230666,33.384735],[113.230533,33.389644],[113.218586,33.396197],[113.214279,33.403594],[113.209521,33.406217],[113.198162,33.420525],[113.192948,33.429791],[113.184926,33.434513],[113.176046,33.435708],[113.167245,33.433762],[113.156086,33.433619],[113.141794,33.425987],[113.135786,33.425604],[113.127687,33.428718],[113.124747,33.440428],[113.106976,33.446911],[113.098414,33.445996],[113.074843,33.448437],[113.057677,33.444259],[113.049954,33.439815],[113.045714,33.439458],[113.043371,33.441793],[113.037893,33.464336],[113.041163,33.473682],[113.053686,33.486913],[113.049194,33.492103],[113.048185,33.508336],[113.044441,33.512708],[113.04378,33.517555],[113.047595,33.526548],[113.047317,33.532183],[113.04386,33.535432],[113.03887,33.536367],[113.037232,33.538161],[113.035918,33.547969],[113.026213,33.547484],[113.026414,33.554777],[113.022868,33.561173],[113.02638,33.565925],[113.028018,33.566192],[113.031163,33.56159],[113.046842,33.56902],[113.069716,33.575001],[113.078987,33.584021],[113.083378,33.584353],[113.086255,33.5837],[113.097185,33.572769],[113.097045,33.568814],[113.098817,33.567179],[113.103724,33.566985],[113.109211,33.569305],[113.110356,33.566068],[113.11441,33.569794],[113.120579,33.563332],[113.133745,33.563681],[113.137335,33.56997],[113.142034,33.572645],[113.144062,33.568915],[113.145951,33.568847],[113.155156,33.577186],[113.160051,33.572927],[113.169408,33.574922],[113.173098,33.572755],[113.172344,33.570666],[113.164096,33.565204],[113.163766,33.561574],[113.169571,33.559078],[113.17975,33.561317],[113.177922,33.566518],[113.182003,33.574146],[113.186404,33.574368],[113.190709,33.569486],[113.193707,33.569515],[113.192278,33.577952],[113.198603,33.577908],[113.204409,33.584389],[113.206627,33.590026],[113.199289,33.595972],[113.190939,33.615637],[113.186669,33.621188],[113.186019,33.624328],[113.189147,33.629161],[113.191919,33.626606],[113.195446,33.632257],[113.20197,33.635269],[113.210973,33.630416],[113.216685,33.630801],[113.222303,33.63537],[113.228018,33.644126],[113.227854,33.650779],[113.233448,33.656015],[113.254013,33.660517],[113.263078,33.665166],[113.268862,33.666201],[113.276586,33.664287],[113.281891,33.660612],[113.285743,33.66036],[113.286977,33.656595],[113.29174,33.652592],[113.300195,33.651937],[113.305508,33.655775],[113.308441,33.662151],[113.311112,33.664202],[113.321998,33.664795],[113.323247,33.677467],[113.346035,33.687616],[113.351551,33.692647],[113.356562,33.702489],[113.368235,33.714661],[113.379712,33.717176],[113.380133,33.722379],[113.382216,33.722431],[113.380324,33.723439],[113.380334,33.72528],[113.418498,33.725154],[113.427184,33.721932],[113.435833,33.720896],[113.456541,33.722672],[113.468949,33.721522],[113.469559,33.735306],[113.468228,33.741502],[113.489469,33.746093],[113.504024,33.751255],[113.510855,33.749826],[113.51798,33.750462],[113.542504,33.757663],[113.551681,33.749637],[113.559784,33.749688],[113.565776,33.751692],[113.570262,33.750054],[113.575253,33.756846],[113.579036,33.753441],[113.574408,33.743643],[113.57655,33.736297],[113.579817,33.733067],[113.586126,33.731425],[113.587738,33.727063],[113.580777,33.715194],[113.585472,33.711033]]]}},{"type":"Feature","properties":{"dt_adcode":"410423"},"geometry":{"type":"Polygon","coordinates":[[[113.229477,33.667068],[113.237959,33.665459],[113.238237,33.662936],[113.227854,33.650779],[113.228018,33.644126],[113.222303,33.63537],[113.216685,33.630801],[113.213027,33.630053],[113.20197,33.635269],[113.195446,33.632257],[113.193063,33.627192],[113.191365,33.626607],[113.189641,33.629388],[113.186704,33.626027],[113.186669,33.621188],[113.190939,33.615637],[113.199289,33.595972],[113.206627,33.590026],[113.204409,33.584389],[113.198603,33.577908],[113.192278,33.577952],[113.193707,33.569515],[113.190709,33.569486],[113.186404,33.574368],[113.182003,33.574146],[113.177922,33.566518],[113.17975,33.561317],[113.171624,33.559174],[113.166443,33.560065],[113.163377,33.562654],[113.16556,33.566738],[113.173028,33.571514],[113.170976,33.574689],[113.160051,33.572927],[113.154367,33.577155],[113.145951,33.568847],[113.144062,33.568915],[113.142034,33.572645],[113.136485,33.56909],[113.133745,33.563681],[113.121794,33.563071],[113.11441,33.569794],[113.110356,33.566068],[113.109211,33.569305],[113.103724,33.566985],[113.097471,33.567865],[113.097185,33.572769],[113.086255,33.5837],[113.083378,33.584353],[113.078987,33.584021],[113.069716,33.575001],[113.046842,33.56902],[113.031163,33.56159],[113.028018,33.566192],[113.022868,33.561173],[112.999375,33.569344],[112.996586,33.569106],[112.995932,33.565834],[112.988944,33.569361],[112.986514,33.575828],[112.97903,33.578881],[112.972932,33.58462],[112.963622,33.583681],[112.950122,33.590945],[112.942188,33.60813],[112.917576,33.605652],[112.912147,33.606566],[112.899393,33.614806],[112.893518,33.616118],[112.892007,33.610626],[112.887894,33.608307],[112.878944,33.608185],[112.868696,33.611402],[112.865297,33.607287],[112.854793,33.603641],[112.852633,33.584421],[112.845658,33.57809],[112.820211,33.574803],[112.815576,33.576249],[112.811789,33.580311],[112.797176,33.572648],[112.787577,33.569914],[112.776275,33.562208],[112.770913,33.560577],[112.764248,33.564633],[112.761966,33.571107],[112.750391,33.571142],[112.743191,33.578855],[112.72873,33.584011],[112.724149,33.587308],[112.712817,33.588275],[112.708233,33.585291],[112.68917,33.587156],[112.683862,33.591722],[112.664396,33.597668],[112.660203,33.605379],[112.646187,33.602869],[112.634464,33.59481],[112.617707,33.597248],[112.611357,33.601886],[112.609795,33.612938],[112.603578,33.616795],[112.59469,33.619085],[112.588417,33.616865],[112.576006,33.602262],[112.55689,33.588169],[112.550041,33.589295],[112.548084,33.593876],[112.541436,33.589086],[112.529969,33.587939],[112.522927,33.594696],[112.524693,33.603813],[112.522771,33.60756],[112.516224,33.609658],[112.511138,33.616407],[112.503389,33.622186],[112.493227,33.638988],[112.489775,33.640372],[112.477134,33.637629],[112.458369,33.641532],[112.443239,33.657974],[112.438274,33.660104],[112.419312,33.677253],[112.408039,33.675458],[112.392503,33.666969],[112.375096,33.666887],[112.364001,33.661199],[112.359149,33.662367],[112.356331,33.667659],[112.353261,33.669942],[112.332818,33.6684],[112.312447,33.684873],[112.310022,33.695658],[112.306552,33.699772],[112.289399,33.706091],[112.280892,33.712064],[112.25886,33.710618],[112.255741,33.711619],[112.252522,33.714809],[112.251722,33.718191],[112.249338,33.719006],[112.249104,33.727154],[112.247705,33.728484],[112.262751,33.74084],[112.266927,33.769772],[112.259183,33.775998],[112.259184,33.779889],[112.262127,33.783452],[112.276544,33.79013],[112.277005,33.79353],[112.273244,33.798513],[112.273931,33.801653],[112.285904,33.808774],[112.301386,33.811015],[112.323392,33.828446],[112.351474,33.834587],[112.363851,33.840162],[112.369112,33.839904],[112.40975,33.805896],[112.423814,33.806566],[112.433686,33.810956],[112.456631,33.836435],[112.462337,33.845839],[112.474646,33.855472],[112.485592,33.859838],[112.512762,33.858937],[112.534064,33.880252],[112.541413,33.892171],[112.541387,33.898581],[112.536429,33.90224],[112.514999,33.906354],[112.502604,33.912989],[112.496801,33.921457],[112.497874,33.92604],[112.530764,33.937971],[112.538147,33.947362],[112.539051,33.968049],[112.546782,33.979773],[112.549092,33.989917],[112.556914,33.987364],[112.560471,33.984276],[112.562317,33.975548],[112.565898,33.975496],[112.569631,33.972034],[112.576413,33.970593],[112.574237,33.985923],[112.57798,33.988866],[112.588167,33.986668],[112.595841,33.980869],[112.604784,33.979537],[112.611912,33.97333],[112.615875,33.976384],[112.630051,33.975772],[112.635943,33.978958],[112.642692,33.97865],[112.644686,33.969331],[112.655871,33.955937],[112.663542,33.961206],[112.676544,33.963688],[112.68072,33.956843],[112.683282,33.954341],[112.688315,33.954309],[112.688949,33.951218],[112.693997,33.948614],[112.694081,33.945874],[112.696023,33.944284],[112.705267,33.943042],[112.717958,33.946293],[112.722384,33.945619],[112.725149,33.941504],[112.730773,33.939833],[112.735465,33.94128],[112.739468,33.939868],[112.744583,33.934389],[112.744774,33.926437],[112.748056,33.917344],[112.750659,33.918383],[112.756789,33.927457],[112.755645,33.934551],[112.759827,33.936564],[112.770271,33.935456],[112.779949,33.931099],[112.803998,33.927168],[112.814726,33.923037],[112.824637,33.915014],[112.835553,33.908796],[112.848044,33.886585],[112.849932,33.877311],[112.854013,33.870395],[112.873923,33.855236],[112.876226,33.850858],[112.87434,33.851255],[112.874646,33.849405],[112.87257,33.848947],[112.877409,33.844246],[112.879378,33.839838],[112.878392,33.838622],[112.879651,33.838786],[112.88082,33.834947],[112.882616,33.836149],[112.881969,33.834699],[112.884652,33.832372],[112.888004,33.833509],[112.891485,33.829682],[112.889333,33.829121],[112.891643,33.826107],[112.894741,33.826454],[112.897909,33.829977],[112.894384,33.831819],[112.893288,33.836005],[112.895589,33.843312],[112.893054,33.846925],[112.894787,33.850073],[112.893207,33.85387],[112.889712,33.857102],[112.890844,33.858575],[112.909595,33.852819],[112.91095,33.847097],[112.918229,33.844997],[112.920856,33.845503],[112.92051,33.851264],[112.91783,33.852733],[112.917448,33.855762],[112.920541,33.858244],[112.922142,33.857265],[112.92681,33.858943],[112.927699,33.85986],[112.926319,33.859693],[112.927109,33.86083],[112.925417,33.860698],[112.92517,33.862052],[112.937305,33.858811],[112.934941,33.85532],[112.953027,33.842454],[112.968444,33.820445],[112.971754,33.818393],[112.97617,33.818171],[112.996661,33.828021],[112.99712,33.831644],[112.999971,33.829072],[113.005714,33.827419],[113.015271,33.829098],[113.026092,33.826179],[113.03124,33.816141],[113.032685,33.815725],[113.03426,33.808017],[113.036488,33.804363],[113.038334,33.804888],[113.040431,33.802603],[113.041875,33.798765],[113.076599,33.782561],[113.077041,33.768196],[113.082847,33.750227],[113.107369,33.727188],[113.112586,33.724903],[113.123736,33.726047],[113.130311,33.724505],[113.13696,33.716088],[113.144717,33.697758],[113.156908,33.679421],[113.163345,33.673287],[113.181858,33.67269],[113.229477,33.667068]],[[113.232517,33.664699],[113.229314,33.666594],[113.227559,33.666498],[113.229114,33.665864],[113.228693,33.663485],[113.231656,33.663114],[113.232517,33.664699]]]}},{"type":"Feature","properties":{"dt_adcode":"410425"},"geometry":{"type":"Polygon","coordinates":[[[113.402215,34.002664],[113.415948,33.98345],[113.417972,33.983553],[113.420213,33.978412],[113.418334,33.972072],[113.420831,33.967059],[113.420801,33.960658],[113.419502,33.960639],[113.419352,33.958138],[113.417183,33.958549],[113.416763,33.956639],[113.414894,33.956829],[113.413774,33.952969],[113.414903,33.952989],[113.414493,33.948428],[113.415633,33.948277],[113.414893,33.944187],[113.416831,33.943936],[113.416552,33.942756],[113.414762,33.942797],[113.412203,33.939247],[113.406444,33.940486],[113.395782,33.935577],[113.386086,33.927816],[113.381591,33.912023],[113.365479,33.890527],[113.360738,33.880001],[113.362903,33.870378],[113.36761,33.862696],[113.376604,33.852483],[113.378552,33.847801],[113.383181,33.845025],[113.385578,33.841364],[113.385776,33.834836],[113.383064,33.828126],[113.371449,33.826668],[113.370787,33.825248],[113.361456,33.824946],[113.358888,33.826889],[113.352868,33.82676],[113.352489,33.813834],[113.347881,33.813761],[113.34694,33.807462],[113.350898,33.804234],[113.350802,33.798949],[113.339888,33.797912],[113.332183,33.80053],[113.327442,33.809454],[113.322709,33.811285],[113.312815,33.808123],[113.308312,33.801931],[113.305193,33.801285],[113.300523,33.803353],[113.296734,33.82168],[113.296509,33.832216],[113.286351,33.848987],[113.288616,33.850099],[113.289609,33.855532],[113.281447,33.856523],[113.280357,33.861553],[113.277234,33.861691],[113.27646,33.863155],[113.27384,33.860278],[113.262186,33.864119],[113.245069,33.863461],[113.23191,33.866791],[113.237933,33.877604],[113.245064,33.883213],[113.253432,33.886466],[113.256172,33.894132],[113.256241,33.900721],[113.252877,33.902153],[113.22689,33.902919],[113.225648,33.9051],[113.226815,33.908012],[113.23353,33.916252],[113.231884,33.918943],[113.225315,33.922199],[113.189675,33.926667],[113.175219,33.932762],[113.172408,33.935466],[113.159372,33.959759],[113.131358,33.956426],[113.124308,33.964812],[113.125402,33.974578],[113.074536,34.008374],[113.049265,34.013928],[113.016998,34.028087],[113.01217,34.037965],[113.015282,34.039684],[113.016799,34.042559],[113.015473,34.043036],[113.018978,34.049388],[113.021839,34.051196],[113.02203,34.054708],[113.007143,34.066106],[113.003379,34.071186],[113.004664,34.072071],[113.001542,34.073701],[113.005749,34.075064],[113.005245,34.072826],[113.006737,34.072427],[113.008238,34.074101],[113.008982,34.076344],[113.006678,34.076652],[113.011432,34.081053],[113.011412,34.087494],[113.014926,34.087765],[113.015339,34.097529],[113.026,34.103171],[113.025228,34.106701],[113.026944,34.107665],[113.025177,34.10769],[113.025178,34.110461],[113.027015,34.110436],[113.027176,34.112367],[113.024255,34.110829],[113.024164,34.112269],[113.022317,34.112494],[113.023702,34.113928],[113.02297,34.116427],[113.028662,34.120944],[113.028994,34.122696],[113.026424,34.124608],[113.033892,34.12589],[113.036963,34.124708],[113.03623,34.126076],[113.038618,34.125152],[113.043615,34.130256],[113.045232,34.129389],[113.049885,34.132762],[113.05505,34.130753],[113.056434,34.132536],[113.05863,34.13092],[113.062731,34.134789],[113.066791,34.135506],[113.068424,34.134939],[113.067192,34.133416],[113.070869,34.132512],[113.07094,34.134572],[113.067262,34.136047],[113.067783,34.137328],[113.06611,34.136006],[113.066571,34.137937],[113.065187,34.138044],[113.067432,34.138318],[113.0706,34.144455],[113.070129,34.146475],[113.072204,34.147778],[113.070551,34.149966],[113.072946,34.149595],[113.096353,34.174287],[113.101348,34.183443],[113.102997,34.176801],[113.111931,34.164373],[113.114373,34.16343],[113.118063,34.156837],[113.129788,34.145735],[113.130801,34.142182],[113.126501,34.134694],[113.130404,34.13067],[113.130647,34.124082],[113.136424,34.123542],[113.140873,34.118763],[113.146511,34.117935],[113.150387,34.108125],[113.155291,34.104266],[113.167669,34.100815],[113.177865,34.101234],[113.210636,34.107457],[113.222341,34.102409],[113.227142,34.09252],[113.235058,34.091914],[113.241159,34.097965],[113.242028,34.102035],[113.240373,34.108977],[113.245146,34.112394],[113.256033,34.113951],[113.264411,34.098564],[113.278889,34.10012],[113.280476,34.08974],[113.283149,34.086818],[113.300407,34.082601],[113.316977,34.071821],[113.327763,34.068715],[113.331975,34.063263],[113.320706,34.054853],[113.320025,34.050023],[113.321006,34.046861],[113.327182,34.040924],[113.334529,34.027165],[113.339836,34.026568],[113.345054,34.029071],[113.346103,34.039285],[113.349202,34.042795],[113.354661,34.043111],[113.362563,34.041096],[113.365143,34.037701],[113.366227,34.039382],[113.367007,34.037394],[113.368199,34.038926],[113.377043,34.037188],[113.383751,34.037725],[113.385324,34.045059],[113.392379,34.044144],[113.391385,34.041989],[113.396242,34.040966],[113.39616,34.03966],[113.39435,34.039004],[113.39398,34.032072],[113.391107,34.027839],[113.394179,34.02338],[113.398615,34.022743],[113.402215,34.002664]]]}},{"type":"Feature","properties":{"dt_adcode":"410481"},"geometry":{"type":"Polygon","coordinates":[[[113.397465,33.336852],[113.397205,33.346239],[113.412503,33.356839],[113.409371,33.367793],[113.409693,33.377671],[113.411524,33.37839],[113.420937,33.375182],[113.431577,33.376874],[113.44293,33.385787],[113.456508,33.389378],[113.45581,33.39186],[113.454434,33.389552],[113.454434,33.393464],[113.456668,33.392839],[113.455023,33.394263],[113.457188,33.39652],[113.459272,33.396396],[113.459401,33.394124],[113.462034,33.39742],[113.462861,33.396788],[113.463799,33.400278],[113.462463,33.400911],[113.463899,33.401348],[113.462124,33.402853],[113.458225,33.39915],[113.458753,33.397697],[113.453936,33.397728],[113.454815,33.40547],[113.456909,33.404205],[113.45648,33.402285],[113.459173,33.406111],[113.460988,33.403016],[113.460359,33.406439],[113.463032,33.407403],[113.461687,33.409398],[113.462953,33.413487],[113.461288,33.413691],[113.464169,33.414825],[113.465446,33.421436],[113.483922,33.421131],[113.502879,33.414736],[113.510289,33.416307],[113.513404,33.410388],[113.518291,33.407051],[113.520807,33.408406],[113.522183,33.415324],[113.52498,33.418462],[113.539798,33.41902],[113.545904,33.413325],[113.547378,33.406449],[113.548869,33.405694],[113.554453,33.407726],[113.566499,33.408131],[113.589027,33.404736],[113.593463,33.407355],[113.596817,33.412153],[113.611277,33.412898],[113.618596,33.410383],[113.625752,33.415578],[113.632302,33.416236],[113.640244,33.421364],[113.645251,33.421753],[113.653004,33.418343],[113.656308,33.423416],[113.658812,33.42437],[113.669733,33.420351],[113.682724,33.419874],[113.684097,33.410747],[113.685575,33.408246],[113.688349,33.407747],[113.683895,33.392625],[113.675841,33.377121],[113.653521,33.370518],[113.646375,33.363389],[113.644097,33.358917],[113.639152,33.35524],[113.642219,33.34637],[113.639861,33.323491],[113.626419,33.310991],[113.618758,33.291501],[113.613172,33.26178],[113.606834,33.239779],[113.611458,33.218817],[113.613809,33.211517],[113.620702,33.20171],[113.627519,33.186497],[113.644602,33.186557],[113.648991,33.184051],[113.635058,33.160834],[113.626004,33.150433],[113.620662,33.147517],[113.615557,33.147952],[113.599373,33.163368],[113.593596,33.157704],[113.586469,33.156831],[113.573859,33.156905],[113.559734,33.161195],[113.556997,33.149613],[113.550236,33.140133],[113.548046,33.13926],[113.541298,33.143066],[113.532319,33.152723],[113.52259,33.153828],[113.51377,33.163009],[113.510233,33.162701],[113.499994,33.15623],[113.481599,33.155226],[113.460304,33.156476],[113.449248,33.160567],[113.432534,33.156801],[113.418599,33.157928],[113.397871,33.149949],[113.393962,33.143884],[113.388792,33.128414],[113.384569,33.130764],[113.379894,33.135484],[113.379338,33.138676],[113.385405,33.145584],[113.382294,33.154456],[113.386762,33.164094],[113.386528,33.167206],[113.369006,33.185355],[113.376952,33.183808],[113.379421,33.186365],[113.384411,33.196703],[113.384099,33.206117],[113.391243,33.225945],[113.402881,33.235241],[113.40014,33.261045],[113.384577,33.294426],[113.38529,33.297631],[113.403869,33.302745],[113.406031,33.304772],[113.405502,33.30824],[113.400667,33.313111],[113.407074,33.32083],[113.407014,33.328419],[113.403022,33.333978],[113.397465,33.336852]]]}},{"type":"Feature","properties":{"dt_adcode":"410482"},"geometry":{"type":"Polygon","coordinates":[[[112.556914,33.987364],[112.546756,33.990403],[112.544802,33.993213],[112.547141,33.998326],[112.556048,34.001158],[112.565999,34.000874],[112.569632,34.003047],[112.554611,34.014259],[112.549372,34.016546],[112.533689,34.018139],[112.532573,34.022029],[112.538596,34.027073],[112.572373,34.043144],[112.575373,34.048188],[112.577256,34.062391],[112.601217,34.071836],[112.603128,34.078256],[112.602521,34.088789],[112.608229,34.114232],[112.616186,34.128914],[112.620289,34.143126],[112.611688,34.158148],[112.606336,34.161617],[112.594446,34.164351],[112.589391,34.18614],[112.582584,34.191915],[112.571116,34.209202],[112.563907,34.215379],[112.559733,34.224995],[112.574023,34.240588],[112.577846,34.247011],[112.575611,34.254337],[112.557892,34.263703],[112.554272,34.270801],[112.553702,34.276069],[112.569676,34.284794],[112.57231,34.294069],[112.574347,34.293096],[112.576624,34.296474],[112.580469,34.29629],[112.579381,34.299503],[112.581169,34.299011],[112.582678,34.30182],[112.584106,34.301369],[112.585086,34.30497],[112.587584,34.305048],[112.587574,34.307389],[112.593187,34.311619],[112.594397,34.314501],[112.592642,34.314669],[112.595841,34.317579],[112.60205,34.316727],[112.614016,34.321622],[112.607253,34.327933],[112.61853,34.33357],[112.620413,34.335952],[112.623786,34.335845],[112.623706,34.337846],[112.650149,34.341097],[112.659622,34.333926],[112.656637,34.323825],[112.657359,34.320587],[112.669263,34.324929],[112.688374,34.326766],[112.701009,34.335071],[112.709948,34.335184],[112.728023,34.330328],[112.741234,34.333715],[112.756911,34.330686],[112.77363,34.343504],[112.781845,34.345679],[112.787014,34.343262],[112.786458,34.3341],[112.788938,34.331166],[112.79453,34.331846],[112.809431,34.340004],[112.812256,34.340058],[112.824169,34.333441],[112.834097,34.333077],[112.83602,34.329858],[112.854623,34.316313],[112.842135,34.311624],[112.841225,34.305614],[112.838816,34.301662],[112.841155,34.297818],[112.856448,34.302193],[112.873541,34.298021],[112.877746,34.300358],[112.887538,34.301319],[112.892301,34.300844],[112.896292,34.297514],[112.914933,34.293656],[112.923779,34.29639],[112.936289,34.295532],[112.954083,34.302113],[112.960856,34.297881],[112.992991,34.29647],[113.003258,34.299858],[113.013236,34.300385],[113.016487,34.298375],[113.022202,34.289217],[113.027613,34.289281],[113.037135,34.280288],[113.048761,34.279479],[113.059487,34.280965],[113.065875,34.285554],[113.06925,34.281134],[113.065987,34.277642],[113.075521,34.276541],[113.082467,34.266451],[113.077328,34.262679],[113.070717,34.249114],[113.067383,34.235447],[113.066994,34.22366],[113.069304,34.218962],[113.075384,34.215525],[113.094211,34.211168],[113.103877,34.20543],[113.106082,34.198101],[113.101348,34.183443],[113.096353,34.174287],[113.072946,34.149595],[113.070551,34.149966],[113.072204,34.147778],[113.070129,34.146475],[113.0706,34.144455],[113.067432,34.138318],[113.065187,34.138044],[113.066571,34.137937],[113.06611,34.136006],[113.067783,34.137328],[113.067262,34.136047],[113.07094,34.134572],[113.070869,34.132512],[113.067192,34.133416],[113.068424,34.134939],[113.066791,34.135506],[113.062731,34.134789],[113.05863,34.13092],[113.056434,34.132536],[113.05505,34.130753],[113.049885,34.132762],[113.045232,34.129389],[113.043615,34.130256],[113.038618,34.125152],[113.03623,34.126076],[113.036963,34.124708],[113.033892,34.12589],[113.026424,34.124608],[113.028994,34.122696],[113.028662,34.120944],[113.02297,34.116427],[113.023702,34.113928],[113.022317,34.112494],[113.024164,34.112269],[113.024255,34.110829],[113.027176,34.112367],[113.027015,34.110436],[113.025178,34.110461],[113.025177,34.10769],[113.026944,34.107665],[113.025228,34.106701],[113.026,34.103171],[113.015339,34.097529],[113.014926,34.087765],[113.011412,34.087494],[113.011432,34.081053],[113.006678,34.076652],[113.008982,34.076344],[113.008238,34.074101],[113.006737,34.072427],[113.005245,34.072826],[113.005749,34.075064],[113.001542,34.073701],[113.004664,34.072071],[113.003379,34.071186],[113.007143,34.066106],[113.02203,34.054708],[113.021839,34.051196],[113.018978,34.049388],[113.015473,34.043036],[113.016799,34.042559],[113.015282,34.039684],[113.01217,34.037965],[113.02028,34.019064],[113.017338,34.015505],[113.007259,34.019636],[113.004407,34.016006],[112.999187,34.016],[112.998615,34.017619],[112.997209,34.016584],[112.995494,34.018123],[112.996044,34.014611],[113.00009,34.010492],[112.999628,34.00795],[112.98993,34.011021],[112.965467,34.004128],[112.942505,34.001111],[112.917927,33.992608],[112.904951,33.995349],[112.889243,34.004514],[112.864166,34.003154],[112.851497,34.009581],[112.844608,34.009587],[112.800304,33.997028],[112.790933,34.003209],[112.785973,34.004357],[112.767234,33.997242],[112.757589,33.995855],[112.750694,33.992638],[112.733316,33.988706],[112.730308,33.982973],[112.74191,33.974755],[112.74303,33.971551],[112.741926,33.969029],[112.737234,33.967188],[112.725638,33.969445],[112.722326,33.968293],[112.721842,33.966878],[112.729981,33.962612],[112.726726,33.962079],[112.725855,33.960127],[112.727728,33.958689],[112.726706,33.956315],[112.727756,33.951808],[112.722384,33.945619],[112.717958,33.946293],[112.705267,33.943042],[112.694502,33.945013],[112.693997,33.948614],[112.688949,33.951218],[112.688315,33.954309],[112.683282,33.954341],[112.676544,33.963688],[112.663542,33.961206],[112.656904,33.955889],[112.655313,33.956228],[112.644686,33.969331],[112.642692,33.97865],[112.635943,33.978958],[112.630051,33.975772],[112.615875,33.976384],[112.611912,33.97333],[112.604784,33.979537],[112.595841,33.980869],[112.588167,33.986668],[112.57798,33.988866],[112.574237,33.985923],[112.576413,33.970593],[112.569631,33.972034],[112.565898,33.975496],[112.562317,33.975548],[112.560471,33.984276],[112.556914,33.987364]]]}},{"type":"Feature","properties":{"dt_adcode":"410502"},"geometry":{"type":"Polygon","coordinates":[[[114.425376,36.097603],[114.432719,36.093072],[114.429546,36.088233],[114.431743,36.067267],[114.423546,36.069549],[114.421178,36.06904],[114.421341,36.067405],[114.418953,36.0675],[114.418997,36.069468],[114.405692,36.06923],[114.410279,36.051776],[114.417128,36.048503],[114.416054,36.046274],[114.419721,36.044521],[114.421793,36.036231],[114.420996,36.026188],[114.422367,36.025031],[114.423227,36.013754],[114.427358,36.008316],[114.43072,35.998291],[114.453357,35.9959],[114.455801,35.986232],[114.447326,35.979947],[114.428337,35.980175],[114.413926,35.974269],[114.402118,35.971811],[114.378854,35.976734],[114.374449,35.975852],[114.367766,35.973379],[114.348946,35.959977],[114.35294,36.013407],[114.355147,36.024715],[114.341795,36.053134],[114.339292,36.098293],[114.346043,36.098309],[114.346312,36.104588],[114.363991,36.104232],[114.365031,36.10637],[114.377321,36.106028],[114.377962,36.11178],[114.414275,36.111465],[114.414493,36.097093],[114.425376,36.097603]]]}},{"type":"Feature","properties":{"dt_adcode":"410503"},"geometry":{"type":"Polygon","coordinates":[[[114.429455,36.094186],[114.425376,36.097603],[114.414493,36.097093],[114.414275,36.111465],[114.377962,36.11178],[114.377321,36.106028],[114.365031,36.10637],[114.363991,36.104232],[114.346312,36.104588],[114.346043,36.098309],[114.339292,36.098293],[114.339276,36.12329],[114.334534,36.140457],[114.332932,36.158372],[114.335888,36.175081],[114.341858,36.174614],[114.342636,36.178891],[114.336738,36.17816],[114.337369,36.188321],[114.340948,36.188296],[114.342073,36.194727],[114.344083,36.193923],[114.34553,36.197058],[114.349871,36.196013],[114.350368,36.199113],[114.344797,36.20076],[114.343922,36.203248],[114.340546,36.203489],[114.340546,36.214582],[114.351478,36.222299],[114.360321,36.226077],[114.359368,36.22883],[114.363203,36.227414],[114.363563,36.229524],[114.367764,36.229261],[114.367527,36.225509],[114.368871,36.224943],[114.392353,36.221144],[114.408411,36.22456],[114.417516,36.205892],[114.431134,36.202616],[114.432264,36.196174],[114.422698,36.189984],[114.41466,36.189341],[114.408953,36.180499],[114.409516,36.175354],[114.407014,36.172969],[114.415532,36.170993],[114.410928,36.143469],[114.41289,36.142492],[114.420874,36.147191],[114.425924,36.143209],[114.425179,36.13622],[114.422313,36.129413],[114.425674,36.122446],[114.434109,36.120977],[114.434668,36.119236],[114.432243,36.116658],[114.432163,36.114237],[114.433749,36.112515],[114.437602,36.112401],[114.437222,36.110161],[114.435336,36.110443],[114.432142,36.107686],[114.429455,36.094186]]]}},{"type":"Feature","properties":{"dt_adcode":"410505"},"geometry":{"type":"Polygon","coordinates":[[[114.339477,36.090641],[114.325456,36.090735],[114.32553,36.105015],[114.303089,36.105197],[114.303003,36.090829],[114.298189,36.090881],[114.298407,36.093803],[114.288932,36.093978],[114.288853,36.097799],[114.281548,36.100652],[114.280298,36.104841],[114.276657,36.104898],[114.276766,36.101688],[114.275296,36.101767],[114.275368,36.103461],[114.272426,36.104976],[114.267746,36.105623],[114.263946,36.10002],[114.263146,36.103681],[114.261318,36.10396],[114.260557,36.101819],[114.257209,36.102169],[114.257105,36.100657],[114.251563,36.101569],[114.250215,36.105411],[114.247009,36.106661],[114.237222,36.106866],[114.236262,36.103796],[114.234416,36.103698],[114.232668,36.097488],[114.232349,36.099649],[114.229414,36.099472],[114.224891,36.095247],[114.222235,36.095708],[114.221197,36.091617],[114.218628,36.090706],[114.209119,36.092144],[114.20774,36.084743],[114.201541,36.080542],[114.198974,36.080624],[114.19493,36.082803],[114.185618,36.093372],[114.183078,36.090641],[114.181688,36.091783],[114.171604,36.091363],[114.16807,36.093987],[114.166178,36.093102],[114.166029,36.095283],[114.166916,36.094051],[114.169099,36.097898],[114.172061,36.098232],[114.172559,36.100722],[114.170735,36.101285],[114.17231,36.103583],[114.169728,36.103858],[114.165971,36.107155],[114.164077,36.1119],[114.157297,36.110372],[114.155292,36.112005],[114.149851,36.105155],[114.130408,36.106603],[114.131661,36.104927],[114.131132,36.101267],[114.124645,36.100482],[114.124076,36.099153],[114.122139,36.102815],[114.117886,36.102298],[114.114591,36.10587],[114.110287,36.106011],[114.109747,36.104681],[114.109217,36.108064],[114.114263,36.112069],[114.111964,36.115522],[114.109835,36.114447],[114.102315,36.1268],[114.097297,36.132018],[114.097094,36.135699],[114.089543,36.147481],[114.089306,36.150315],[114.082844,36.154433],[114.090546,36.164138],[114.088835,36.178137],[114.108502,36.185833],[114.10925,36.189574],[114.121543,36.194919],[114.139957,36.196045],[114.143134,36.190643],[114.153502,36.191926],[114.156709,36.196308],[114.15906,36.206677],[114.163015,36.206035],[114.169642,36.208708],[114.188561,36.205073],[114.201495,36.204646],[114.204808,36.200584],[114.216459,36.194705],[114.207587,36.188506],[114.206625,36.16467],[114.208703,36.154026],[114.224293,36.151681],[114.224838,36.147991],[114.246596,36.143958],[114.248533,36.147798],[114.252681,36.146655],[114.253819,36.149133],[114.25665,36.14899],[114.257591,36.159531],[114.264281,36.166173],[114.278776,36.166733],[114.279416,36.164565],[114.281543,36.164971],[114.284534,36.166667],[114.283883,36.168764],[114.286804,36.174211],[114.297623,36.170086],[114.308689,36.168909],[114.309261,36.177119],[114.321203,36.17638],[114.323605,36.177588],[114.324002,36.175056],[114.331865,36.175187],[114.332051,36.171689],[114.335398,36.171912],[114.332746,36.156635],[114.334534,36.140457],[114.339276,36.12329],[114.339477,36.090641]]]}},{"type":"Feature","properties":{"dt_adcode":"410506"},"geometry":{"type":"Polygon","coordinates":[[[114.298186,36.091351],[114.303003,36.090829],[114.303089,36.105197],[114.32553,36.105015],[114.325456,36.090735],[114.339477,36.090641],[114.341534,36.073604],[114.341795,36.053134],[114.355147,36.024715],[114.35294,36.013407],[114.348946,35.959977],[114.3429,35.960382],[114.338535,35.962455],[114.332144,35.967242],[114.329257,35.972203],[114.32704,35.972802],[114.314337,35.970834],[114.307348,35.972902],[114.302376,35.970126],[114.297639,35.973206],[114.286449,35.974316],[114.266548,35.97071],[114.251426,35.971915],[114.245798,35.974268],[114.244497,35.972122],[114.242081,35.973413],[114.241721,35.975554],[114.239744,35.974085],[114.238765,35.975506],[114.237377,35.973496],[114.23593,35.978309],[114.235351,35.977049],[114.233434,35.97778],[114.233903,35.97924],[114.229372,35.979594],[114.226867,35.982547],[114.223594,35.981721],[114.224256,35.987243],[114.220381,35.986566],[114.221758,35.987374],[114.221299,35.989745],[114.220581,35.988746],[114.219743,35.992478],[114.218237,35.991269],[114.216571,35.993712],[114.217389,35.997832],[114.208162,35.992924],[114.205509,35.988527],[114.202387,35.990193],[114.202068,35.991953],[114.197531,35.990111],[114.195806,35.984342],[114.192704,35.983938],[114.191747,35.981439],[114.186716,35.981012],[114.184786,35.982839],[114.181923,35.982659],[114.181084,35.984797],[114.179546,35.984323],[114.174827,35.98878],[114.169907,35.999474],[114.171766,36.001396],[114.172178,36.00515],[114.174515,36.005711],[114.174463,36.010417],[114.176643,36.012357],[114.178339,36.010502],[114.176784,36.014457],[114.178129,36.018098],[114.176335,36.023224],[114.176937,36.026261],[114.174925,36.029924],[114.177215,36.032368],[114.174906,36.036021],[114.178075,36.035117],[114.179381,36.038311],[114.177466,36.041154],[114.178481,36.042234],[114.176598,36.042902],[114.178467,36.047315],[114.175206,36.052106],[114.173234,36.049781],[114.16738,36.050517],[114.163128,36.046729],[114.158943,36.047301],[114.135739,36.031577],[114.119659,36.02582],[114.111284,36.017098],[114.109609,36.007332],[114.103502,35.995251],[114.103701,35.990956],[114.108133,35.987061],[114.109199,35.982967],[114.104377,35.980754],[114.092568,35.980716],[114.088999,35.97673],[114.083981,35.974401],[114.08109,35.976144],[114.075045,35.976069],[114.067997,35.964244],[114.044598,35.972284],[114.030476,35.971778],[114.015209,35.984925],[114.006698,35.989907],[114.003377,35.990081],[114.003276,35.997748],[114.001123,35.999294],[114.000411,36.002443],[114.008053,36.005544],[114.009395,36.006926],[114.008577,36.007966],[114.012331,36.009741],[114.013061,36.011852],[114.009234,36.018399],[114.005914,36.020842],[114.007227,36.025253],[114.006151,36.027656],[114.00272,36.032292],[114.000174,36.032424],[114.002003,36.037978],[113.989616,36.03452],[113.992361,36.03707],[113.995226,36.04546],[114.002744,36.048445],[113.998503,36.049798],[114.000178,36.057019],[113.994694,36.060088],[113.992009,36.068866],[113.992083,36.070805],[114.002103,36.077314],[114.029172,36.075538],[114.036505,36.06391],[114.052427,36.064853],[114.05756,36.067367],[114.057665,36.069463],[114.066884,36.07271],[114.064893,36.080462],[114.078826,36.087166],[114.084273,36.086328],[114.092025,36.096384],[114.100824,36.097851],[114.103084,36.099664],[114.104788,36.102129],[114.100686,36.10258],[114.103872,36.103221],[114.103993,36.107802],[114.105701,36.104582],[114.109508,36.108112],[114.109747,36.104681],[114.110287,36.106011],[114.114591,36.10587],[114.117886,36.102298],[114.122139,36.102815],[114.124335,36.099133],[114.124645,36.100482],[114.131132,36.101267],[114.131661,36.104927],[114.130408,36.106603],[114.149851,36.105155],[114.155292,36.112005],[114.157297,36.110372],[114.164077,36.1119],[114.165971,36.107155],[114.169728,36.103858],[114.17231,36.103583],[114.170735,36.101285],[114.172559,36.100722],[114.172061,36.098232],[114.169099,36.097898],[114.166916,36.094051],[114.166029,36.095283],[114.166178,36.093102],[114.16807,36.093987],[114.171604,36.091363],[114.181688,36.091783],[114.183078,36.090641],[114.185618,36.093372],[114.19493,36.082803],[114.198974,36.080624],[114.201541,36.080542],[114.20774,36.084743],[114.209119,36.092144],[114.218628,36.090706],[114.221197,36.091617],[114.222235,36.095708],[114.224891,36.095247],[114.229414,36.099472],[114.232349,36.099649],[114.232668,36.097488],[114.234416,36.103698],[114.236262,36.103796],[114.237222,36.106866],[114.247009,36.106661],[114.250215,36.105411],[114.251563,36.101569],[114.257105,36.100657],[114.257209,36.102169],[114.260557,36.101819],[114.261318,36.10396],[114.263146,36.103681],[114.263946,36.10002],[114.267746,36.105623],[114.272426,36.104976],[114.275368,36.103461],[114.275296,36.101767],[114.276766,36.101688],[114.276657,36.104898],[114.280298,36.104841],[114.281548,36.100652],[114.288853,36.097799],[114.288932,36.093978],[114.298407,36.093803],[114.298186,36.091351]]]}},{"type":"Feature","properties":{"dt_adcode":"410522"},"geometry":{"type":"MultiPolygon","coordinates":[[[[114.453357,35.9959],[114.43072,35.998291],[114.427358,36.008316],[114.423227,36.013754],[114.422367,36.025031],[114.420996,36.026188],[114.421793,36.036231],[114.419721,36.044521],[114.416054,36.046274],[114.417128,36.048503],[114.410279,36.051776],[114.405692,36.06923],[114.418997,36.069468],[114.418953,36.0675],[114.421341,36.067405],[114.421178,36.06904],[114.423546,36.069549],[114.431743,36.067267],[114.429546,36.088233],[114.432719,36.093072],[114.429445,36.094086],[114.429296,36.096356],[114.432142,36.107686],[114.435336,36.110443],[114.437222,36.110161],[114.437602,36.112401],[114.433749,36.112515],[114.432163,36.114237],[114.432243,36.116658],[114.434668,36.119236],[114.434109,36.120977],[114.425674,36.122446],[114.422313,36.129413],[114.425179,36.13622],[114.425924,36.143209],[114.420874,36.147191],[114.41289,36.142492],[114.410928,36.143469],[114.415532,36.170993],[114.407014,36.172969],[114.409516,36.175354],[114.408953,36.180499],[114.41466,36.189341],[114.422698,36.189984],[114.432264,36.196174],[114.431134,36.202616],[114.460212,36.201092],[114.466191,36.197716],[114.4742,36.186298],[114.473764,36.18363],[114.479735,36.178273],[114.483893,36.183861],[114.485976,36.183984],[114.485772,36.181016],[114.489652,36.180186],[114.489611,36.178443],[114.505553,36.177517],[114.504919,36.172422],[114.525357,36.170696],[114.526246,36.173494],[114.529453,36.173383],[114.529566,36.171506],[114.532869,36.171538],[114.531688,36.161913],[114.543613,36.161799],[114.547921,36.156629],[114.552777,36.154903],[114.552113,36.153636],[114.556356,36.151926],[114.557331,36.153028],[114.55682,36.150869],[114.558045,36.150779],[114.558571,36.153005],[114.568046,36.152306],[114.568183,36.14918],[114.571678,36.149259],[114.571685,36.145646],[114.575622,36.145363],[114.575454,36.143271],[114.586881,36.14091],[114.586789,36.132985],[114.591415,36.130097],[114.58832,36.129428],[114.586743,36.127097],[114.584243,36.128305],[114.582591,36.121336],[114.588757,36.118463],[114.590991,36.121088],[114.591864,36.11996],[114.593472,36.121295],[114.598421,36.121093],[114.599588,36.123912],[114.602265,36.124351],[114.604637,36.121447],[114.605613,36.122979],[114.607322,36.121659],[114.608025,36.126764],[114.610757,36.126062],[114.610814,36.128317],[114.619648,36.12653],[114.619434,36.123533],[114.630393,36.124257],[114.630714,36.127778],[114.636313,36.128384],[114.63717,36.135632],[114.640463,36.135776],[114.641059,36.137404],[114.64796,36.137583],[114.648085,36.138725],[114.653487,36.13867],[114.655153,36.140249],[114.677866,36.139271],[114.676998,36.137061],[114.681096,36.137016],[114.682258,36.139589],[114.691136,36.138391],[114.692391,36.146218],[114.698232,36.145994],[114.69863,36.14851],[114.702185,36.14876],[114.701642,36.146363],[114.711694,36.145418],[114.713183,36.144406],[114.712616,36.140855],[114.720677,36.14007],[114.721605,36.143684],[114.72421,36.143603],[114.724225,36.1474],[114.730238,36.148786],[114.734409,36.155784],[114.74209,36.154522],[114.74186,36.152382],[114.748761,36.15085],[114.747837,36.148546],[114.751576,36.146594],[114.750523,36.141732],[114.752018,36.141301],[114.751561,36.138692],[114.762912,36.134896],[114.762558,36.132129],[114.765486,36.13164],[114.763968,36.119588],[114.760765,36.115163],[114.757855,36.115016],[114.75477,36.103984],[114.746501,36.104223],[114.745356,36.099981],[114.741589,36.100931],[114.740264,36.097804],[114.742942,36.0971],[114.741833,36.091324],[114.750084,36.088947],[114.748279,36.075575],[114.74315,36.075708],[114.730902,36.060001],[114.721593,36.032306],[114.718639,36.029441],[114.716901,36.029995],[114.714259,36.026616],[114.717033,36.023999],[114.715052,36.0196],[114.710028,36.019836],[114.704169,36.000159],[114.707589,35.994777],[114.700556,35.994977],[114.678137,36.001437],[114.671898,36.001128],[114.670738,36.002511],[114.667292,35.996784],[114.66653,35.998498],[114.665709,35.996949],[114.657894,35.99817],[114.660023,35.998342],[114.660732,36.000079],[114.661869,36.004046],[114.659852,36.004901],[114.660667,36.007815],[114.65229,36.009125],[114.649314,36.002096],[114.650197,36.000057],[114.646722,35.994583],[114.640311,35.996497],[114.639678,36.000045],[114.641716,36.006103],[114.634341,36.005711],[114.632,36.000774],[114.62939,36.001937],[114.630377,36.005988],[114.626377,36.006342],[114.626266,35.996678],[114.608757,35.989089],[114.604938,35.989291],[114.588195,35.996873],[114.57527,35.996619],[114.560519,35.993544],[114.530191,35.994703],[114.524172,35.988612],[114.508219,35.986872],[114.497059,35.989917],[114.478027,35.990067],[114.455801,35.986232],[114.453357,35.9959]]],[[[114.332051,36.171689],[114.331865,36.175187],[114.324002,36.175056],[114.323605,36.177588],[114.321203,36.17638],[114.309261,36.177119],[114.308689,36.168909],[114.297623,36.170086],[114.286804,36.174211],[114.283883,36.168764],[114.284534,36.166667],[114.281543,36.164971],[114.279416,36.164565],[114.278776,36.166733],[114.263371,36.165654],[114.257591,36.159531],[114.25665,36.14899],[114.253819,36.149133],[114.252681,36.146655],[114.248533,36.147798],[114.246596,36.143958],[114.238342,36.144661],[114.224838,36.147991],[114.224293,36.151681],[114.208703,36.154026],[114.206625,36.16467],[114.207587,36.188506],[114.216459,36.194705],[114.204808,36.200584],[114.201495,36.204646],[114.188561,36.205073],[114.169642,36.208708],[114.163015,36.206035],[114.15906,36.206677],[114.156709,36.196308],[114.153502,36.191926],[114.143134,36.190643],[114.139957,36.196045],[114.121543,36.194919],[114.10925,36.189574],[114.108502,36.185833],[114.088835,36.178137],[114.090546,36.164138],[114.082844,36.154433],[114.089306,36.150315],[114.089543,36.147481],[114.097094,36.135699],[114.097297,36.132018],[114.102315,36.1268],[114.109835,36.114447],[114.111964,36.115522],[114.114263,36.112069],[114.108788,36.106692],[114.107099,36.106812],[114.10659,36.104422],[114.103603,36.107402],[114.103872,36.103221],[114.100686,36.10258],[114.104788,36.102129],[114.103084,36.099664],[114.100824,36.097851],[114.092025,36.096384],[114.084273,36.086328],[114.078826,36.087166],[114.064893,36.080462],[114.066884,36.07271],[114.057665,36.069463],[114.05756,36.067367],[114.052427,36.064853],[114.036505,36.06391],[114.029172,36.075538],[114.002103,36.077314],[114.00648,36.081862],[114.011969,36.082399],[114.017666,36.08669],[114.011781,36.088946],[114.012978,36.093265],[114.015714,36.099363],[114.026489,36.106061],[114.026865,36.107652],[114.022974,36.115799],[114.017916,36.115599],[114.009424,36.120709],[114.006459,36.125364],[114.00324,36.124297],[113.985079,36.132732],[113.971496,36.147287],[113.977336,36.159132],[113.988809,36.172724],[113.995201,36.193527],[113.996273,36.211669],[113.994717,36.232036],[113.990228,36.246599],[113.980968,36.259202],[113.977187,36.267532],[113.978855,36.272024],[113.971885,36.281879],[113.971721,36.285764],[113.977234,36.283121],[113.979221,36.279599],[113.981499,36.279556],[113.981064,36.286706],[113.982847,36.290985],[113.989918,36.286823],[113.996749,36.287581],[114.001222,36.293531],[114.001627,36.299217],[113.997809,36.307063],[113.993275,36.30928],[113.979267,36.310244],[113.969625,36.317997],[113.947773,36.326379],[113.939409,36.32697],[113.934803,36.332569],[113.934097,36.335674],[113.940081,36.338149],[113.953836,36.335564],[113.957246,36.336226],[113.960734,36.344387],[113.948067,36.346337],[113.945031,36.351222],[113.949434,36.356436],[113.953182,36.358178],[113.95727,36.357532],[113.964211,36.352581],[113.969426,36.343611],[113.968649,36.339144],[113.977846,36.329249],[113.982185,36.317692],[113.993463,36.314398],[113.994546,36.316877],[113.991287,36.322049],[113.991667,36.326841],[113.994022,36.329547],[114.00142,36.330977],[114.002569,36.334445],[114.000246,36.336232],[113.994372,36.337032],[113.993279,36.339459],[113.994498,36.344198],[113.991265,36.346028],[113.984424,36.342863],[113.979803,36.344099],[113.976298,36.353696],[113.977096,36.357923],[113.980749,36.359057],[113.985848,36.357573],[113.999622,36.350209],[114.00372,36.344862],[114.010209,36.342406],[114.014194,36.345484],[114.015185,36.35297],[114.024679,36.354838],[114.029767,36.352048],[114.032419,36.346661],[114.032315,36.338882],[114.025644,36.329801],[114.026589,36.324705],[114.028998,36.326555],[114.039035,36.327308],[114.045173,36.325938],[114.051396,36.33035],[114.055715,36.33],[114.058148,36.327181],[114.059569,36.320232],[114.061562,36.318105],[114.058108,36.31353],[114.054236,36.31429],[114.047971,36.310316],[114.050116,36.307608],[114.049,36.305026],[114.037795,36.303954],[114.039745,36.30259],[114.043196,36.30316],[114.044549,36.300411],[114.042627,36.297316],[114.044157,36.294897],[114.048582,36.295105],[114.058267,36.285369],[114.060551,36.276516],[114.07172,36.271862],[114.079742,36.271586],[114.082221,36.269407],[114.085359,36.270098],[114.086125,36.272718],[114.090142,36.272635],[114.090244,36.276374],[114.092636,36.277783],[114.097558,36.275236],[114.107732,36.274039],[114.10808,36.272397],[114.108614,36.273827],[114.11796,36.274497],[114.121447,36.272716],[114.124299,36.273879],[114.123309,36.276428],[114.128244,36.274893],[114.126107,36.277736],[114.128944,36.278326],[114.128474,36.280372],[114.131101,36.279831],[114.130721,36.281725],[114.134564,36.277989],[114.135069,36.279224],[114.140481,36.279328],[114.142236,36.276107],[114.148183,36.273271],[114.147809,36.271399],[114.150208,36.272452],[114.154172,36.270212],[114.154442,36.268383],[114.162692,36.267518],[114.162812,36.265172],[114.164827,36.269574],[114.166915,36.26997],[114.16681,36.267259],[114.171629,36.267433],[114.175896,36.264693],[114.175353,36.259537],[114.171227,36.25538],[114.173253,36.254493],[114.173076,36.248782],[114.169598,36.246035],[114.169114,36.243386],[114.169929,36.244986],[114.169941,36.243647],[114.17179,36.244027],[114.17155,36.24592],[114.173141,36.246316],[114.17233,36.245281],[114.173835,36.243266],[114.177214,36.244262],[114.176702,36.242902],[114.178111,36.242224],[114.18173,36.243527],[114.185629,36.248688],[114.197344,36.247021],[114.199865,36.24499],[114.202997,36.245592],[114.206722,36.253729],[114.204893,36.258445],[114.209218,36.265519],[114.208698,36.26805],[114.211032,36.273012],[114.2237,36.270868],[114.223853,36.26811],[114.23241,36.260504],[114.235589,36.252782],[114.23938,36.251125],[114.2476,36.254933],[114.250928,36.258225],[114.252355,36.26239],[114.256476,36.264016],[114.267377,36.259734],[114.273871,36.254768],[114.290634,36.249392],[114.290092,36.247153],[114.298986,36.245928],[114.309987,36.246761],[114.309919,36.250062],[114.314518,36.251956],[114.321946,36.250617],[114.323344,36.248469],[114.32835,36.248176],[114.329222,36.255913],[114.345149,36.255799],[114.344797,36.252868],[114.347027,36.252714],[114.346816,36.245488],[114.353814,36.242645],[114.355831,36.237268],[114.356075,36.230328],[114.359368,36.22883],[114.360321,36.226077],[114.351478,36.222299],[114.340546,36.214582],[114.340546,36.203489],[114.343922,36.203248],[114.344797,36.20076],[114.350368,36.199113],[114.349871,36.196013],[114.34553,36.197058],[114.344083,36.193923],[114.342073,36.194727],[114.340948,36.188296],[114.337369,36.188321],[114.336738,36.17816],[114.342636,36.178891],[114.341858,36.174614],[114.335888,36.175081],[114.335398,36.171912],[114.332051,36.171689]]]]}},{"type":"Feature","properties":{"dt_adcode":"410523"},"geometry":{"type":"Polygon","coordinates":[[[114.40882,35.820674],[114.396823,35.816796],[114.364698,35.818954],[114.350379,35.81601],[114.343927,35.813178],[114.328371,35.802136],[114.305278,35.796746],[114.304342,35.792719],[114.293823,35.793859],[114.284318,35.783293],[114.270394,35.7607],[114.260774,35.763189],[114.258053,35.766819],[114.255434,35.767089],[114.255691,35.774437],[114.263362,35.774392],[114.263152,35.776994],[114.259244,35.781445],[114.259034,35.784666],[114.254977,35.784495],[114.253199,35.786226],[114.253778,35.789817],[114.25171,35.791007],[114.251451,35.793399],[114.24302,35.793141],[114.241623,35.807156],[114.236731,35.809731],[114.234156,35.819295],[114.235194,35.820945],[114.234037,35.827129],[114.22903,35.843588],[114.234456,35.855968],[114.244044,35.86509],[114.244313,35.871869],[114.245917,35.874153],[114.250878,35.876769],[114.269663,35.879994],[114.281003,35.887554],[114.280873,35.892319],[114.270774,35.899864],[114.272185,35.909625],[114.27685,35.915818],[114.277212,35.924468],[114.290187,35.928877],[114.297241,35.924479],[114.299664,35.925203],[114.298954,35.927413],[114.302969,35.930589],[114.300647,35.933527],[114.298304,35.933643],[114.297263,35.937422],[114.294168,35.937731],[114.293534,35.939689],[114.300556,35.942586],[114.306606,35.948569],[114.309293,35.952735],[114.308624,35.956895],[114.303313,35.958834],[114.296925,35.957902],[114.288098,35.952989],[114.2847,35.946979],[114.280444,35.94694],[114.281081,35.965886],[114.279944,35.972834],[114.283939,35.974381],[114.297639,35.973206],[114.302376,35.970126],[114.307348,35.972902],[114.314337,35.970834],[114.32704,35.972802],[114.329257,35.972203],[114.332144,35.967242],[114.338535,35.962455],[114.3429,35.960382],[114.349291,35.959992],[114.367766,35.973379],[114.374449,35.975852],[114.378854,35.976734],[114.402118,35.971811],[114.413926,35.974269],[114.428337,35.980175],[114.447326,35.979947],[114.455801,35.986232],[114.470909,35.989699],[114.497059,35.989917],[114.508219,35.986872],[114.524172,35.988612],[114.530191,35.994703],[114.560519,35.993544],[114.57527,35.996619],[114.588195,35.996873],[114.604938,35.989291],[114.608757,35.989089],[114.626266,35.996678],[114.626377,36.006342],[114.630377,36.005988],[114.62939,36.001937],[114.632,36.000774],[114.634341,36.005711],[114.641716,36.006103],[114.639678,36.000045],[114.640311,35.996497],[114.646722,35.994583],[114.650197,36.000057],[114.649314,36.002096],[114.65229,36.009125],[114.660667,36.007815],[114.659852,36.004901],[114.661869,36.004046],[114.660732,36.000079],[114.660023,35.998342],[114.657894,35.99817],[114.665709,35.996949],[114.66653,35.998498],[114.667292,35.996784],[114.670738,36.002511],[114.671898,36.001128],[114.678137,36.001437],[114.700556,35.994977],[114.707589,35.994777],[114.710173,35.992566],[114.711151,35.989459],[114.708169,35.984558],[114.690255,35.969193],[114.686875,35.96305],[114.686851,35.954839],[114.680664,35.949733],[114.67941,35.943026],[114.672008,35.942131],[114.669376,35.927611],[114.659772,35.923247],[114.660093,35.916598],[114.656659,35.906471],[114.642044,35.896883],[114.642761,35.889382],[114.640041,35.884672],[114.633752,35.883271],[114.628947,35.87987],[114.627694,35.872169],[114.623501,35.868367],[114.623485,35.86046],[114.621759,35.858856],[114.604768,35.857665],[114.604334,35.853454],[114.598259,35.853253],[114.595075,35.850164],[114.596385,35.84795],[114.606477,35.851004],[114.610002,35.850568],[114.609932,35.849426],[114.589072,35.843892],[114.587563,35.840068],[114.575635,35.835781],[114.569674,35.836662],[114.57262,35.840889],[114.571754,35.843573],[114.566462,35.843715],[114.559767,35.837955],[114.552936,35.828202],[114.503526,35.837063],[114.479299,35.835271],[114.470839,35.827489],[114.451378,35.828739],[114.445819,35.819184],[114.438457,35.81745],[114.427401,35.819744],[114.416546,35.819146],[114.40882,35.820674]]]}},{"type":"Feature","properties":{"dt_adcode":"410526"},"geometry":{"type":"Polygon","coordinates":[[[114.418323,35.475244],[114.417574,35.478457],[114.420401,35.483769],[114.413868,35.488175],[114.409382,35.488956],[114.407603,35.493489],[114.403515,35.494889],[114.403947,35.49711],[114.39502,35.508866],[114.39884,35.520983],[114.40226,35.52602],[114.41688,35.533841],[114.426201,35.544244],[114.45553,35.557665],[114.476062,35.565204],[114.484019,35.570153],[114.485956,35.57431],[114.481979,35.581841],[114.48731,35.589943],[114.488057,35.585889],[114.492748,35.587056],[114.497598,35.582059],[114.500298,35.58074],[114.501931,35.581575],[114.499421,35.586436],[114.500119,35.590896],[114.49292,35.596033],[114.493776,35.601831],[114.497961,35.608032],[114.502569,35.609294],[114.526233,35.603551],[114.533584,35.604067],[114.542814,35.602297],[114.548917,35.616155],[114.556185,35.61814],[114.559078,35.613474],[114.570319,35.616613],[114.576887,35.616804],[114.591696,35.629046],[114.615581,35.636566],[114.618674,35.647444],[114.622774,35.649831],[114.645243,35.65481],[114.660741,35.651125],[114.671502,35.652756],[114.675914,35.660521],[114.678169,35.672812],[114.689567,35.685571],[114.696091,35.688202],[114.704903,35.688688],[114.706747,35.69287],[114.710043,35.695224],[114.727049,35.697882],[114.737388,35.683186],[114.75203,35.674851],[114.759044,35.674452],[114.783842,35.680211],[114.787636,35.679595],[114.79044,35.676984],[114.823741,35.678026],[114.827038,35.675711],[114.824843,35.663677],[114.827947,35.660109],[114.84158,35.66103],[114.854062,35.653849],[114.878717,35.653284],[114.887604,35.645856],[114.883632,35.63689],[114.875472,35.628885],[114.874458,35.623899],[114.883031,35.616086],[114.882389,35.607149],[114.884781,35.599851],[114.908546,35.585961],[114.952871,35.581088],[114.958146,35.578144],[114.961992,35.571432],[114.965457,35.55726],[114.969484,35.51801],[114.965826,35.505714],[114.953307,35.501795],[114.942013,35.493833],[114.939141,35.482232],[114.943211,35.478809],[114.947335,35.478147],[114.966702,35.480716],[114.972467,35.479484],[114.968112,35.468583],[114.967684,35.456716],[114.961901,35.446123],[114.962093,35.442723],[114.963825,35.440679],[114.981539,35.434111],[114.985798,35.414329],[114.967617,35.39922],[114.964012,35.39339],[114.951232,35.380798],[114.940036,35.384383],[114.925795,35.385291],[114.898093,35.390783],[114.879366,35.387454],[114.856914,35.387803],[114.847412,35.382664],[114.833967,35.370301],[114.811453,35.356829],[114.809618,35.354235],[114.809465,35.347524],[114.805558,35.345437],[114.780914,35.343044],[114.7653,35.345703],[114.754536,35.341328],[114.739882,35.344368],[114.729374,35.344588],[114.699501,35.339904],[114.697413,35.337506],[114.697283,35.334496],[114.701678,35.328986],[114.698312,35.306765],[114.69295,35.300313],[114.680012,35.30145],[114.679129,35.298705],[114.683118,35.298072],[114.681249,35.291515],[114.661204,35.291759],[114.644823,35.296763],[114.629298,35.298378],[114.607469,35.292666],[114.596793,35.286097],[114.562169,35.276063],[114.549378,35.261884],[114.546204,35.250679],[114.541451,35.242791],[114.527104,35.235635],[114.513371,35.232676],[114.50413,35.228309],[114.494775,35.22013],[114.489424,35.207334],[114.487,35.206941],[114.470589,35.215352],[114.460011,35.216831],[114.449916,35.214446],[114.442624,35.205955],[114.438239,35.204858],[114.433008,35.206663],[114.431789,35.208767],[114.433731,35.215174],[114.432262,35.221686],[114.422153,35.223496],[114.417154,35.2281],[114.399722,35.225091],[114.394594,35.219322],[114.391183,35.222286],[114.392153,35.22689],[114.400813,35.229498],[114.403247,35.234208],[114.407511,35.236605],[114.407389,35.238911],[114.404949,35.241215],[114.395428,35.241906],[114.394444,35.248416],[114.392247,35.251019],[114.391263,35.258122],[114.39382,35.262637],[114.39955,35.266344],[114.404921,35.267649],[114.408086,35.271256],[114.402588,35.283064],[114.395012,35.287168],[114.394639,35.291868],[114.401598,35.29488],[114.408187,35.292477],[114.417452,35.305292],[114.415737,35.311596],[114.403644,35.316802],[114.404377,35.321609],[114.40144,35.324311],[114.406428,35.326282],[114.411762,35.323619],[114.412772,35.326652],[114.417198,35.327081],[114.418836,35.32691],[114.416618,35.323979],[114.419465,35.323737],[114.420075,35.325768],[114.423621,35.324145],[114.423961,35.330541],[114.428038,35.334318],[114.426857,35.338996],[114.429066,35.342852],[114.424117,35.349184],[114.411101,35.358062],[114.412378,35.368824],[114.422369,35.377586],[114.423774,35.385576],[114.42016,35.391825],[114.417811,35.404554],[114.415366,35.406872],[114.415202,35.413251],[114.40769,35.418021],[114.405183,35.424463],[114.405808,35.427671],[114.412047,35.435798],[114.425315,35.445563],[114.429138,35.449521],[114.430144,35.452878],[114.428602,35.468931],[114.418323,35.475244]]]}},{"type":"Feature","properties":{"dt_adcode":"410527"},"geometry":{"type":"Polygon","coordinates":[[[114.914551,36.051109],[114.94246,36.038116],[114.964305,36.034373],[114.983959,36.025816],[114.983365,36.019426],[114.979861,36.018759],[114.977069,36.012784],[114.974232,36.012233],[114.972701,36.005569],[114.974838,36.00487],[114.974243,35.999031],[114.977802,35.999402],[114.979905,36.002403],[114.979937,35.999638],[114.98149,36.002807],[114.983372,36.002618],[114.9823,36.000143],[114.985669,35.996434],[114.986174,35.991853],[114.983339,35.982898],[114.988705,35.972111],[114.988897,35.967726],[114.980278,35.949811],[114.979999,35.943554],[114.972305,35.926012],[114.978278,35.907629],[114.970821,35.890202],[114.969984,35.881359],[114.963329,35.87443],[114.962186,35.868656],[114.96025,35.867031],[114.960269,35.86265],[114.9574,35.859933],[114.954774,35.859887],[114.953599,35.856886],[114.949931,35.857827],[114.945941,35.85618],[114.944227,35.858398],[114.943757,35.855636],[114.938226,35.855477],[114.935641,35.853824],[114.933379,35.847816],[114.933011,35.828953],[114.943134,35.826475],[114.948319,35.821473],[114.943557,35.799741],[114.935233,35.790866],[114.921369,35.780139],[114.918041,35.772658],[114.912499,35.772469],[114.908434,35.765728],[114.893758,35.764117],[114.888223,35.756177],[114.889609,35.738999],[114.895048,35.732391],[114.907788,35.722599],[114.915167,35.708794],[114.915167,35.705193],[114.910555,35.700942],[114.910181,35.697803],[114.918405,35.687946],[114.919228,35.664763],[114.916179,35.661806],[114.908936,35.658989],[114.905861,35.649613],[114.887604,35.645856],[114.877373,35.653933],[114.854062,35.653849],[114.84158,35.66103],[114.827947,35.660109],[114.824843,35.663677],[114.827038,35.675711],[114.823741,35.678026],[114.79044,35.676984],[114.787636,35.679595],[114.783842,35.680211],[114.759044,35.674452],[114.75203,35.674851],[114.737388,35.683186],[114.727049,35.697882],[114.735644,35.708665],[114.741762,35.722901],[114.751429,35.737674],[114.753375,35.753014],[114.751432,35.763353],[114.741096,35.766554],[114.733166,35.773145],[114.719869,35.778365],[114.709244,35.787414],[114.695597,35.787323],[114.673064,35.782147],[114.658737,35.791451],[114.636554,35.794067],[114.627551,35.79748],[114.613827,35.808078],[114.611205,35.814572],[114.612612,35.819976],[114.61164,35.822189],[114.596651,35.825966],[114.593564,35.833988],[114.587563,35.840068],[114.588266,35.843119],[114.609932,35.849426],[114.610002,35.850568],[114.606477,35.851004],[114.597417,35.848084],[114.595075,35.848856],[114.596481,35.852615],[114.604334,35.853454],[114.604768,35.857665],[114.6225,35.859261],[114.623729,35.861159],[114.623501,35.868367],[114.627694,35.872169],[114.628947,35.87987],[114.641646,35.886476],[114.642761,35.889382],[114.642044,35.896883],[114.656659,35.906471],[114.660093,35.916598],[114.659772,35.923247],[114.669376,35.927611],[114.672008,35.942131],[114.67941,35.943026],[114.680664,35.949733],[114.686851,35.954839],[114.686875,35.96305],[114.690255,35.969193],[114.700868,35.977359],[114.710035,35.987363],[114.710906,35.99107],[114.704169,36.000159],[114.710028,36.019836],[114.715052,36.0196],[114.717033,36.023999],[114.714259,36.026616],[114.716901,36.029995],[114.718639,36.029441],[114.721593,36.032306],[114.730902,36.060001],[114.74315,36.075708],[114.748279,36.075575],[114.750084,36.088947],[114.741833,36.091324],[114.742942,36.0971],[114.740264,36.097804],[114.741589,36.100931],[114.745356,36.099981],[114.746501,36.104223],[114.75477,36.103984],[114.757855,36.115016],[114.760765,36.115163],[114.763968,36.119588],[114.765106,36.125425],[114.771317,36.12453],[114.77211,36.128561],[114.777972,36.128046],[114.778638,36.133168],[114.782431,36.133413],[114.787768,36.133],[114.791119,36.132031],[114.790881,36.130032],[114.795393,36.129742],[114.795555,36.131769],[114.801263,36.13131],[114.801433,36.133058],[114.803437,36.13375],[114.802799,36.130956],[114.805676,36.130423],[114.805387,36.129114],[114.809155,36.129752],[114.808677,36.127716],[114.825152,36.123688],[114.825856,36.125242],[114.827303,36.124659],[114.828094,36.127581],[114.83069,36.127067],[114.831572,36.130334],[114.839082,36.130746],[114.839078,36.129241],[114.841274,36.129088],[114.841646,36.131714],[114.84636,36.130792],[114.846492,36.128216],[114.857489,36.127731],[114.858951,36.135801],[114.856703,36.137206],[114.858658,36.144322],[114.865412,36.144357],[114.868495,36.146634],[114.876729,36.146138],[114.877041,36.148446],[114.879456,36.147828],[114.879091,36.143473],[114.882373,36.142775],[114.883263,36.14512],[114.892086,36.14379],[114.892611,36.145242],[114.894461,36.144818],[114.895048,36.142677],[114.893404,36.140043],[114.912446,36.140425],[114.914407,36.139423],[114.912221,36.139536],[114.906913,36.11758],[114.913756,36.110524],[114.913263,36.107664],[114.922036,36.103144],[114.92638,36.093406],[114.926476,36.089436],[114.914551,36.051109]]]}},{"type":"Feature","properties":{"dt_adcode":"410581"},"geometry":{"type":"Polygon","coordinates":[[[113.661055,35.837245],[113.658301,35.840343],[113.658232,35.853907],[113.65355,35.856936],[113.644049,35.854871],[113.639837,35.860056],[113.637388,35.86991],[113.648734,35.908542],[113.654447,35.917217],[113.652389,35.940798],[113.646914,35.960276],[113.647811,35.967138],[113.639927,35.969686],[113.636861,35.975879],[113.637826,35.988464],[113.643232,35.992791],[113.648891,35.994139],[113.668376,35.98994],[113.678793,35.985784],[113.686446,35.986443],[113.693559,35.992362],[113.695925,35.999894],[113.691352,36.0061],[113.680727,36.014809],[113.695231,36.0182],[113.69904,36.022446],[113.695145,36.02677],[113.67018,36.029516],[113.660424,36.034664],[113.661425,36.042893],[113.668669,36.049101],[113.685778,36.056007],[113.687704,36.061436],[113.687514,36.063179],[113.683131,36.064983],[113.682384,36.066812],[113.685266,36.070283],[113.684975,36.073489],[113.684083,36.078321],[113.678971,36.08528],[113.679422,36.095805],[113.669282,36.103093],[113.674112,36.104256],[113.673642,36.112031],[113.671503,36.115372],[113.666765,36.115998],[113.664968,36.119362],[113.65536,36.126437],[113.658294,36.12857],[113.668536,36.129697],[113.673491,36.125338],[113.677792,36.128325],[113.679064,36.124569],[113.689233,36.125344],[113.693207,36.124204],[113.700524,36.126841],[113.702948,36.129799],[113.705978,36.126535],[113.708937,36.129397],[113.712642,36.12952],[113.713756,36.132974],[113.705003,36.134368],[113.704942,36.138812],[113.702601,36.143214],[113.706851,36.147384],[113.705909,36.148941],[113.698639,36.150151],[113.69667,36.152611],[113.693462,36.153459],[113.681356,36.150708],[113.6781,36.15652],[113.679275,36.159949],[113.659996,36.164147],[113.650921,36.173482],[113.653625,36.174895],[113.663315,36.17368],[113.664959,36.174529],[113.664501,36.177447],[113.672334,36.175623],[113.696073,36.181175],[113.698435,36.182872],[113.697564,36.186436],[113.68617,36.196814],[113.690404,36.198609],[113.691514,36.201913],[113.694459,36.198803],[113.698763,36.201763],[113.705371,36.200164],[113.698464,36.21429],[113.684185,36.216912],[113.675097,36.210513],[113.672208,36.211961],[113.677302,36.222543],[113.691817,36.226973],[113.701335,36.233703],[113.703904,36.237829],[113.70046,36.249588],[113.702324,36.255929],[113.703769,36.257575],[113.709369,36.257936],[113.7091,36.261511],[113.716244,36.262573],[113.717558,36.265541],[113.712312,36.279664],[113.711237,36.293465],[113.708403,36.298291],[113.714018,36.304428],[113.724832,36.305753],[113.726509,36.310902],[113.736403,36.324702],[113.734971,36.332021],[113.728728,36.341453],[113.731466,36.363373],[113.734558,36.362794],[113.732391,36.357584],[113.739286,36.355191],[113.743289,36.357022],[113.741375,36.362091],[113.74221,36.364425],[113.75043,36.36656],[113.75515,36.365941],[113.759488,36.359292],[113.764398,36.355634],[113.772144,36.355087],[113.778612,36.359805],[113.780623,36.356833],[113.777005,36.352026],[113.777153,36.350043],[113.788506,36.349868],[113.796792,36.347535],[113.799754,36.344187],[113.801905,36.337457],[113.80779,36.338518],[113.812641,36.332699],[113.818242,36.33114],[113.835183,36.334392],[113.858254,36.329674],[113.859582,36.332132],[113.851368,36.336344],[113.849559,36.339588],[113.849343,36.346825],[113.850686,36.348882],[113.861771,36.351869],[113.88194,36.353858],[113.887843,36.351794],[113.891102,36.343955],[113.901127,36.337005],[113.908566,36.316157],[113.91119,36.314783],[113.9316,36.319489],[113.933322,36.322221],[113.934803,36.332569],[113.939409,36.32697],[113.947773,36.326379],[113.969625,36.317997],[113.979267,36.310244],[113.993275,36.30928],[113.997809,36.307063],[114.001546,36.297102],[114.001222,36.293531],[113.996749,36.287581],[113.989918,36.286823],[113.983248,36.291203],[113.981064,36.286706],[113.981499,36.279556],[113.979221,36.279599],[113.977234,36.283121],[113.971721,36.285764],[113.971885,36.281879],[113.978855,36.272024],[113.977187,36.267532],[113.980968,36.259202],[113.990228,36.246599],[113.994717,36.232036],[113.996273,36.211669],[113.995201,36.193527],[113.988809,36.172724],[113.977336,36.159132],[113.971496,36.147287],[113.985079,36.132732],[114.00324,36.124297],[114.006459,36.125364],[114.009424,36.120709],[114.017916,36.115599],[114.022974,36.115799],[114.026865,36.107652],[114.026489,36.106061],[114.015714,36.099363],[114.012978,36.093265],[114.011781,36.088946],[114.017666,36.08669],[114.011969,36.082399],[114.00648,36.081862],[113.999025,36.074131],[113.992083,36.070805],[113.994694,36.060088],[114.000178,36.057019],[113.998503,36.049798],[114.002744,36.048445],[113.995226,36.04546],[113.992361,36.03707],[113.989616,36.03452],[114.002003,36.037978],[114.000174,36.032424],[114.00272,36.032292],[114.006151,36.027656],[114.007227,36.025253],[114.005914,36.020842],[114.009234,36.018399],[114.013061,36.011852],[114.012331,36.009741],[114.008577,36.007966],[114.009395,36.006926],[114.008053,36.005544],[114.000411,36.002443],[114.001123,35.999294],[114.003276,35.997748],[114.003377,35.990081],[114.006698,35.989907],[114.015209,35.984925],[114.030476,35.971778],[114.028526,35.968314],[114.030135,35.960064],[114.028829,35.950479],[114.030847,35.948169],[114.038244,35.945202],[114.039488,35.936496],[114.052718,35.931082],[114.059526,35.925702],[114.071667,35.921022],[114.083185,35.913452],[114.074889,35.904365],[114.075137,35.88094],[114.070289,35.873213],[114.056711,35.870268],[114.048779,35.863941],[114.038618,35.859485],[114.019984,35.858627],[114.013254,35.850552],[114.015003,35.844987],[114.020861,35.839801],[114.02563,35.82941],[114.036395,35.823398],[114.035654,35.818429],[114.025497,35.809439],[114.022537,35.804262],[114.023407,35.797418],[114.038342,35.803501],[114.048163,35.797381],[114.054756,35.798874],[114.065641,35.804668],[114.07169,35.805281],[114.078136,35.803008],[114.078274,35.799235],[114.073773,35.7903],[114.071356,35.779692],[114.066655,35.776328],[114.069478,35.768376],[114.067261,35.759109],[114.060527,35.754811],[114.058813,35.751237],[114.055384,35.749203],[114.042016,35.747441],[114.032835,35.737029],[114.024087,35.732909],[114.017558,35.725908],[114.0012,35.724181],[113.99831,35.719808],[113.996018,35.704814],[113.985216,35.700753],[113.969542,35.689566],[113.957034,35.690981],[113.949037,35.700901],[113.940233,35.703976],[113.93253,35.704538],[113.925665,35.683583],[113.920162,35.681365],[113.908222,35.680957],[113.901648,35.6774],[113.886324,35.684423],[113.874249,35.683842],[113.868377,35.680751],[113.857955,35.682278],[113.843676,35.677791],[113.825911,35.678034],[113.820526,35.675403],[113.811512,35.676832],[113.805249,35.672677],[113.798775,35.674178],[113.793299,35.673465],[113.788878,35.675311],[113.785574,35.674464],[113.786204,35.679757],[113.781613,35.679001],[113.780705,35.682633],[113.777441,35.686217],[113.780226,35.686966],[113.779657,35.688036],[113.784119,35.687892],[113.787662,35.692141],[113.794219,35.695314],[113.792751,35.69898],[113.799923,35.713571],[113.801457,35.72569],[113.803809,35.728806],[113.801346,35.73293],[113.806911,35.738004],[113.807829,35.742824],[113.805506,35.743389],[113.798563,35.740698],[113.792907,35.746898],[113.788973,35.74868],[113.78726,35.751756],[113.785194,35.751709],[113.784833,35.756349],[113.77662,35.759419],[113.778527,35.760368],[113.778357,35.763389],[113.771458,35.763754],[113.759751,35.767409],[113.757873,35.77022],[113.757793,35.76842],[113.756674,35.771031],[113.761351,35.773101],[113.760542,35.775382],[113.759662,35.774512],[113.758223,35.776232],[113.758604,35.781665],[113.751779,35.786846],[113.756243,35.795616],[113.745612,35.810741],[113.742912,35.819088],[113.740477,35.820032],[113.731846,35.818775],[113.725938,35.823272],[113.711785,35.818082],[113.708287,35.820843],[113.705965,35.826587],[113.709099,35.833659],[113.704003,35.836643],[113.661055,35.837245]]]}},{"type":"Feature","properties":{"dt_adcode":"410602"},"geometry":{"type":"Polygon","coordinates":[[[114.159792,36.04732],[114.163128,36.046729],[114.16738,36.050517],[114.173234,36.049781],[114.174625,36.052121],[114.178467,36.047315],[114.176598,36.042902],[114.178481,36.042234],[114.177466,36.041154],[114.179403,36.037524],[114.177387,36.034808],[114.174906,36.036021],[114.177227,36.032198],[114.174877,36.031301],[114.176937,36.026261],[114.176335,36.023224],[114.178129,36.018098],[114.176784,36.014457],[114.178308,36.010289],[114.176643,36.012357],[114.174463,36.010417],[114.174515,36.005711],[114.172178,36.00515],[114.171766,36.001396],[114.169848,36.000845],[114.170167,35.998256],[114.171404,35.998287],[114.171765,35.994246],[114.17418,35.99208],[114.174827,35.98878],[114.178523,35.98501],[114.186716,35.981012],[114.19086,35.981595],[114.201907,35.971759],[114.204509,35.965213],[114.205015,35.946118],[114.199504,35.944709],[114.183647,35.932504],[114.161846,35.921487],[114.157968,35.915511],[114.149736,35.914585],[114.146663,35.911887],[114.137086,35.914116],[114.082646,35.911622],[114.082985,35.913956],[114.071667,35.921022],[114.059526,35.925702],[114.052718,35.931082],[114.039488,35.936496],[114.038244,35.945202],[114.030847,35.948169],[114.028829,35.950479],[114.030135,35.960064],[114.029066,35.971001],[114.044598,35.972284],[114.067997,35.964244],[114.075045,35.976069],[114.08109,35.976144],[114.083981,35.974401],[114.088999,35.97673],[114.092568,35.980716],[114.108063,35.981828],[114.109338,35.984511],[114.103701,35.990956],[114.103502,35.995251],[114.109609,36.007332],[114.111284,36.017098],[114.114501,36.021392],[114.121669,36.027028],[114.135739,36.031577],[114.159792,36.04732]]]}},{"type":"Feature","properties":{"dt_adcode":"410603"},"geometry":{"type":"Polygon","coordinates":[[[114.230166,35.848554],[114.217129,35.847871],[114.211942,35.844555],[114.190829,35.842292],[114.186381,35.843038],[114.178152,35.856898],[114.166849,35.86569],[114.163308,35.864583],[114.162334,35.866132],[114.166362,35.868434],[114.164637,35.878588],[114.152563,35.883057],[114.154875,35.892181],[114.15427,35.895119],[114.146377,35.90963],[114.146663,35.911887],[114.149736,35.914585],[114.157968,35.915511],[114.161846,35.921487],[114.183647,35.932504],[114.199504,35.944709],[114.205015,35.946118],[114.203811,35.968095],[114.201907,35.971759],[114.190997,35.981162],[114.192704,35.983938],[114.195806,35.984342],[114.197531,35.990111],[114.202068,35.991953],[114.202387,35.990193],[114.205509,35.988527],[114.208162,35.992924],[114.216481,35.997783],[114.218007,35.997631],[114.216571,35.993712],[114.218237,35.991269],[114.219743,35.992478],[114.220581,35.988746],[114.221299,35.989745],[114.221758,35.987374],[114.220381,35.986566],[114.224256,35.987243],[114.223793,35.981486],[114.226867,35.982547],[114.229372,35.979594],[114.233903,35.97924],[114.233434,35.97778],[114.235351,35.977049],[114.23593,35.978309],[114.237377,35.973496],[114.238765,35.975506],[114.239744,35.974085],[114.241721,35.975554],[114.242081,35.973413],[114.244497,35.972122],[114.245798,35.974268],[114.260543,35.970641],[114.279944,35.972834],[114.281081,35.965886],[114.280444,35.94694],[114.2847,35.946979],[114.288098,35.952989],[114.298403,35.958355],[114.30526,35.958635],[114.309423,35.95542],[114.309293,35.952735],[114.30166,35.943359],[114.293534,35.939689],[114.294168,35.937731],[114.297263,35.937422],[114.298304,35.933643],[114.300647,35.933527],[114.302969,35.930589],[114.298954,35.927413],[114.299664,35.925203],[114.29569,35.924497],[114.29544,35.926117],[114.290187,35.928877],[114.277212,35.924468],[114.27685,35.915818],[114.272185,35.909625],[114.270774,35.899864],[114.280873,35.892319],[114.281003,35.887554],[114.269663,35.879994],[114.250878,35.876769],[114.245917,35.874153],[114.243038,35.863278],[114.234456,35.855968],[114.230166,35.848554]]]}},{"type":"Feature","properties":{"dt_adcode":"410611"},"geometry":{"type":"Polygon","coordinates":[[[114.230166,35.848554],[114.229229,35.841037],[114.234037,35.827129],[114.234635,35.816825],[114.23702,35.80916],[114.241623,35.807156],[114.24302,35.793141],[114.251451,35.793399],[114.25171,35.791007],[114.253778,35.789817],[114.253199,35.786226],[114.254977,35.784495],[114.259034,35.784666],[114.259244,35.781445],[114.263152,35.776994],[114.263362,35.774392],[114.255691,35.774437],[114.255434,35.767089],[114.258053,35.766819],[114.260774,35.763189],[114.270394,35.7607],[114.284318,35.783293],[114.294612,35.794338],[114.304342,35.792719],[114.305278,35.796746],[114.328371,35.802136],[114.343927,35.813178],[114.350379,35.81601],[114.364698,35.818954],[114.396823,35.816796],[114.40882,35.820674],[114.387249,35.781782],[114.383804,35.768071],[114.386582,35.754556],[114.389077,35.749496],[114.394918,35.745256],[114.393969,35.74156],[114.355122,35.728427],[114.368741,35.701038],[114.369913,35.683164],[114.36235,35.665821],[114.36299,35.65867],[114.358458,35.656104],[114.359291,35.652343],[114.355702,35.648648],[114.354727,35.64092],[114.333179,35.641488],[114.331722,35.645314],[114.322002,35.644919],[114.319783,35.649739],[114.31759,35.650454],[114.318394,35.655211],[114.321401,35.65464],[114.321545,35.658095],[114.296517,35.656098],[114.296239,35.658964],[114.291288,35.659387],[114.284998,35.662399],[114.280024,35.662034],[114.273693,35.677192],[114.255412,35.685586],[114.254293,35.691583],[114.256909,35.701564],[114.265893,35.704605],[114.267773,35.707788],[114.267397,35.711426],[114.258534,35.709967],[114.257811,35.713343],[114.254586,35.713976],[114.257351,35.720848],[114.262057,35.721346],[114.263583,35.72591],[114.259787,35.726637],[114.257893,35.722395],[114.253487,35.722202],[114.253582,35.724541],[114.249139,35.725754],[114.250289,35.732904],[114.248507,35.736074],[114.244687,35.736179],[114.243604,35.740111],[114.244441,35.741883],[114.245828,35.740752],[114.247032,35.742124],[114.246481,35.740344],[114.249178,35.738475],[114.251112,35.741389],[114.253962,35.740921],[114.252303,35.742449],[114.256379,35.742991],[114.256674,35.749356],[114.250153,35.753097],[114.247942,35.756304],[114.239897,35.760402],[114.237254,35.760069],[114.230121,35.754083],[114.223589,35.75503],[114.220913,35.760504],[114.22282,35.772433],[114.21616,35.777611],[114.208224,35.794607],[114.198562,35.798314],[114.190296,35.794336],[114.184939,35.793725],[114.162629,35.800294],[114.152563,35.797357],[114.1462,35.799013],[114.137064,35.798504],[114.128793,35.804657],[114.120856,35.803539],[114.113957,35.806697],[114.107124,35.805893],[114.10028,35.807287],[114.092836,35.807082],[114.085318,35.803788],[114.078136,35.803008],[114.07169,35.805281],[114.065641,35.804668],[114.05139,35.797523],[114.046015,35.798149],[114.038342,35.803501],[114.023407,35.797418],[114.022537,35.804262],[114.025497,35.809439],[114.035654,35.818429],[114.036395,35.823398],[114.02563,35.82941],[114.020861,35.839801],[114.015003,35.844987],[114.013254,35.850552],[114.019984,35.858627],[114.038618,35.859485],[114.048779,35.863941],[114.056711,35.870268],[114.070289,35.873213],[114.075137,35.88094],[114.074889,35.904365],[114.082646,35.911622],[114.137086,35.914116],[114.146663,35.911887],[114.146377,35.90963],[114.154538,35.893961],[114.152563,35.883057],[114.164637,35.878588],[114.166362,35.868434],[114.162334,35.866132],[114.163308,35.864583],[114.166849,35.86569],[114.176214,35.858747],[114.186381,35.843038],[114.190829,35.842292],[114.211942,35.844555],[114.217129,35.847871],[114.230166,35.848554]]]}},{"type":"Feature","properties":{"dt_adcode":"410621"},"geometry":{"type":"Polygon","coordinates":[[[114.705607,35.68951],[114.689567,35.685571],[114.680692,35.676844],[114.677455,35.67103],[114.675914,35.660521],[114.671502,35.652756],[114.660741,35.651125],[114.645243,35.65481],[114.622774,35.649831],[114.618674,35.647444],[114.615581,35.636566],[114.591696,35.629046],[114.576887,35.616804],[114.570319,35.616613],[114.559078,35.613474],[114.556185,35.61814],[114.548917,35.616155],[114.542814,35.602297],[114.533584,35.604067],[114.526233,35.603551],[114.502569,35.609294],[114.497961,35.608032],[114.493776,35.601831],[114.49292,35.596033],[114.500119,35.590896],[114.499421,35.586436],[114.501931,35.581575],[114.500298,35.58074],[114.497598,35.582059],[114.492748,35.587056],[114.488057,35.585889],[114.48731,35.589943],[114.481979,35.581841],[114.485956,35.57431],[114.484019,35.570153],[114.476062,35.565204],[114.45553,35.557665],[114.426201,35.544244],[114.41688,35.533841],[114.40226,35.52602],[114.39884,35.520983],[114.39502,35.508866],[114.403947,35.49711],[114.403515,35.494889],[114.407603,35.493489],[114.409382,35.488956],[114.413868,35.488175],[114.420611,35.483269],[114.417574,35.478457],[114.419072,35.474163],[114.413996,35.470752],[114.410779,35.470892],[114.409699,35.469201],[114.406801,35.473624],[114.404372,35.471563],[114.397253,35.474072],[114.397813,35.476554],[114.395043,35.478194],[114.387731,35.477318],[114.38706,35.474586],[114.384649,35.475334],[114.382026,35.466545],[114.378445,35.46275],[114.369994,35.461776],[114.368382,35.464216],[114.363076,35.465019],[114.362004,35.468589],[114.354542,35.467466],[114.341571,35.459957],[114.340218,35.451197],[114.329201,35.445262],[114.324028,35.444514],[114.312395,35.446977],[114.29802,35.458706],[114.284918,35.460605],[114.273109,35.467846],[114.272571,35.476174],[114.276589,35.482388],[114.27464,35.485762],[114.275255,35.488968],[114.285729,35.493275],[114.288787,35.496653],[114.291134,35.509197],[114.287712,35.514599],[114.278749,35.513146],[114.275293,35.519238],[114.267307,35.517555],[114.265867,35.522858],[114.26073,35.527709],[114.260704,35.531536],[114.264931,35.536373],[114.269393,35.549652],[114.265566,35.556566],[114.268284,35.56404],[114.262583,35.574747],[114.272886,35.582356],[114.275431,35.59018],[114.281206,35.594062],[114.284429,35.601149],[114.292387,35.608628],[114.289938,35.616448],[114.297836,35.619546],[114.298506,35.622418],[114.294309,35.625165],[114.294171,35.627581],[114.300853,35.630075],[114.302235,35.632678],[114.300689,35.637377],[114.291991,35.643627],[114.295486,35.656285],[114.294678,35.658114],[114.280784,35.661846],[114.284998,35.662399],[114.291288,35.659387],[114.296239,35.658964],[114.296517,35.656098],[114.321545,35.658095],[114.321401,35.65464],[114.318394,35.655211],[114.31759,35.650454],[114.319783,35.649739],[114.322002,35.644919],[114.331722,35.645314],[114.333179,35.641488],[114.354727,35.64092],[114.355702,35.648648],[114.359291,35.652343],[114.358458,35.656104],[114.36299,35.65867],[114.36235,35.665821],[114.369913,35.683164],[114.368741,35.701038],[114.355122,35.728427],[114.393969,35.74156],[114.394918,35.745256],[114.389077,35.749496],[114.386582,35.754556],[114.383804,35.768071],[114.387249,35.781782],[114.40882,35.820674],[114.416546,35.819146],[114.427401,35.819744],[114.438457,35.81745],[114.445819,35.819184],[114.451378,35.828739],[114.470839,35.827489],[114.479299,35.835271],[114.503526,35.837063],[114.552936,35.828202],[114.563785,35.842176],[114.570342,35.843979],[114.57262,35.840889],[114.569675,35.837669],[114.570411,35.83599],[114.575635,35.835781],[114.587563,35.840068],[114.593564,35.833988],[114.597649,35.82516],[114.61164,35.822189],[114.612612,35.819976],[114.611205,35.814572],[114.613827,35.808078],[114.627551,35.79748],[114.636554,35.794067],[114.658737,35.791451],[114.673064,35.782147],[114.695597,35.787323],[114.709244,35.787414],[114.719869,35.778365],[114.733166,35.773145],[114.741096,35.766554],[114.751432,35.763353],[114.753375,35.753014],[114.751429,35.737674],[114.741762,35.722901],[114.731212,35.701914],[114.727049,35.697882],[114.707895,35.694281],[114.705607,35.68951]]]}},{"type":"Feature","properties":{"dt_adcode":"410622"},"geometry":{"type":"Polygon","coordinates":[[[114.078136,35.803008],[114.085318,35.803788],[114.092836,35.807082],[114.10028,35.807287],[114.107124,35.805893],[114.113957,35.806697],[114.120856,35.803539],[114.128793,35.804657],[114.137064,35.798504],[114.1462,35.799013],[114.152563,35.797357],[114.157748,35.799899],[114.165546,35.80007],[114.184939,35.793725],[114.190296,35.794336],[114.196614,35.798082],[114.200328,35.798076],[114.208224,35.794607],[114.21616,35.777611],[114.22282,35.772433],[114.220913,35.760504],[114.223589,35.75503],[114.230121,35.754083],[114.237254,35.760069],[114.239897,35.760402],[114.25602,35.75044],[114.256379,35.742991],[114.252303,35.742449],[114.253962,35.740921],[114.251112,35.741389],[114.249178,35.738475],[114.246481,35.740344],[114.247032,35.742124],[114.245828,35.740752],[114.244441,35.741883],[114.243815,35.738232],[114.244687,35.736179],[114.248507,35.736074],[114.250289,35.732904],[114.249139,35.725754],[114.253582,35.724541],[114.253487,35.722202],[114.257893,35.722395],[114.259787,35.726637],[114.263583,35.72591],[114.262057,35.721346],[114.257351,35.720848],[114.254586,35.713976],[114.257811,35.713343],[114.258534,35.709967],[114.267397,35.711426],[114.267903,35.708758],[114.264953,35.703964],[114.256909,35.701564],[114.254825,35.695633],[114.254436,35.686756],[114.273693,35.677192],[114.277654,35.670117],[114.279238,35.662524],[114.294678,35.658114],[114.295486,35.656285],[114.291991,35.643627],[114.299316,35.638684],[114.30227,35.634292],[114.300853,35.630075],[114.294171,35.627581],[114.294309,35.625165],[114.298506,35.622418],[114.297836,35.619546],[114.289938,35.616448],[114.292387,35.608628],[114.284429,35.601149],[114.281206,35.594062],[114.275431,35.59018],[114.272886,35.582356],[114.262583,35.574747],[114.268284,35.56404],[114.265566,35.556566],[114.269393,35.549652],[114.264931,35.536373],[114.260704,35.531536],[114.26073,35.527709],[114.265867,35.522858],[114.267307,35.517555],[114.275293,35.519238],[114.278749,35.513146],[114.284359,35.514662],[114.28872,35.514029],[114.291134,35.509197],[114.289891,35.501793],[114.276333,35.501299],[114.25986,35.504944],[114.224881,35.516512],[114.215604,35.517564],[114.209916,35.522423],[114.204592,35.524446],[114.199277,35.524723],[114.189903,35.521868],[114.180141,35.524271],[114.171479,35.523968],[114.168164,35.526291],[114.157796,35.529029],[114.139158,35.538341],[114.120135,35.551152],[114.098944,35.556335],[114.080086,35.567329],[114.072777,35.57964],[114.057794,35.591666],[114.055986,35.59643],[114.060352,35.614869],[114.057667,35.624196],[114.063753,35.632517],[114.064527,35.636077],[114.059018,35.657367],[114.051081,35.67469],[114.039825,35.681543],[114.025353,35.684274],[114.023038,35.686918],[114.022534,35.692657],[114.019775,35.695604],[113.996018,35.704814],[113.99831,35.719808],[114.0012,35.724181],[114.017558,35.725908],[114.024087,35.732909],[114.032835,35.737029],[114.042016,35.747441],[114.055384,35.749203],[114.058813,35.751237],[114.060527,35.754811],[114.067261,35.759109],[114.069478,35.768376],[114.066655,35.776328],[114.071356,35.779692],[114.073773,35.7903],[114.078274,35.799235],[114.078136,35.803008]]]}},{"type":"Feature","properties":{"dt_adcode":"410702"},"geometry":{"type":"Polygon","coordinates":[[[113.89394,35.234214],[113.890104,35.24378],[113.892497,35.250393],[113.888459,35.258887],[113.888434,35.274642],[113.871285,35.274513],[113.872796,35.312485],[113.87333,35.309663],[113.877511,35.307973],[113.883633,35.308765],[113.890783,35.306068],[113.896095,35.308486],[113.907677,35.3058],[113.909976,35.308666],[113.914149,35.310255],[113.915976,35.313533],[113.918661,35.309604],[113.930908,35.309546],[113.93086,35.304767],[113.964991,35.305544],[113.971566,35.307124],[113.977203,35.316207],[113.981275,35.31872],[113.984073,35.323524],[113.995407,35.324768],[114.002332,35.331369],[114.013332,35.338141],[114.030859,35.344559],[114.033143,35.344014],[114.03484,35.347563],[114.035972,35.343382],[114.038399,35.347012],[114.041887,35.347],[114.045023,35.343525],[114.047749,35.343432],[114.04872,35.337619],[114.046404,35.332219],[114.03993,35.330851],[114.038025,35.325561],[114.038045,35.32411],[114.042064,35.322729],[114.04513,35.31593],[114.051397,35.315083],[114.052322,35.320613],[114.083147,35.310042],[114.081022,35.306059],[114.088638,35.305442],[114.089639,35.308227],[114.100647,35.305298],[114.10039,35.278581],[114.084871,35.273933],[114.080944,35.266978],[114.078712,35.266412],[114.078712,35.268967],[114.076941,35.267383],[114.074269,35.270214],[114.066862,35.268209],[114.061375,35.26934],[114.0586,35.265332],[114.056426,35.264757],[114.052461,35.265834],[114.048931,35.258252],[114.046828,35.256888],[114.033641,35.257107],[114.020901,35.267397],[114.008369,35.272676],[113.998344,35.275773],[113.995837,35.27514],[113.996148,35.254189],[113.992701,35.245735],[113.978289,35.218487],[113.97547,35.214726],[113.966702,35.211889],[113.962945,35.201873],[113.96044,35.199053],[113.95512,35.197791],[113.951053,35.199346],[113.945422,35.206216],[113.939167,35.209021],[113.925102,35.210257],[113.924165,35.216824],[113.914327,35.223542],[113.905312,35.23312],[113.901657,35.231856],[113.899839,35.235276],[113.89394,35.234214]]]}},{"type":"Feature","properties":{"dt_adcode":"410703"},"geometry":{"type":"Polygon","coordinates":[[[113.872796,35.312485],[113.871285,35.274513],[113.888434,35.274642],[113.888459,35.258887],[113.892497,35.250393],[113.890104,35.24378],[113.89394,35.234214],[113.890632,35.233058],[113.890831,35.230416],[113.887202,35.234454],[113.880963,35.233637],[113.860372,35.223271],[113.85788,35.2239],[113.856238,35.228151],[113.852491,35.22506],[113.849231,35.224866],[113.847626,35.226951],[113.844695,35.227327],[113.847217,35.227712],[113.845084,35.228427],[113.845194,35.234252],[113.840548,35.235813],[113.840459,35.239577],[113.837259,35.242476],[113.841047,35.250394],[113.83519,35.249671],[113.833162,35.252083],[113.837121,35.257131],[113.837025,35.261995],[113.826344,35.261635],[113.827012,35.263376],[113.817321,35.262282],[113.817421,35.264094],[113.812026,35.263983],[113.812495,35.265794],[113.800806,35.267214],[113.800568,35.272786],[113.785289,35.319242],[113.789536,35.31873],[113.792625,35.320172],[113.797583,35.318433],[113.800726,35.31973],[113.800093,35.32258],[113.80138,35.323946],[113.813407,35.322337],[113.820738,35.324671],[113.825341,35.321058],[113.826274,35.312926],[113.841847,35.312271],[113.850257,35.31507],[113.872796,35.312485]]]}},{"type":"Feature","properties":{"dt_adcode":"410704"},"geometry":{"type":"Polygon","coordinates":[[[113.733728,35.358699],[113.736493,35.371676],[113.743509,35.386145],[113.752433,35.389976],[113.755402,35.396675],[113.758593,35.398272],[113.853154,35.380064],[113.8529,35.387948],[113.856088,35.389749],[113.856867,35.394381],[113.8633,35.404329],[113.866642,35.406906],[113.869096,35.406412],[113.871988,35.402715],[113.875301,35.402951],[113.876319,35.406233],[113.874822,35.406615],[113.874074,35.409778],[113.876569,35.411867],[113.875547,35.415815],[113.879021,35.427884],[113.88846,35.432236],[113.899283,35.434356],[113.904442,35.4305],[113.906789,35.431315],[113.910086,35.4336],[113.911716,35.438243],[113.917755,35.441441],[113.915531,35.449345],[113.920044,35.451723],[113.927307,35.451038],[113.928534,35.447797],[113.93227,35.445491],[113.943266,35.444396],[113.950371,35.440212],[113.949945,35.432356],[113.947405,35.429714],[113.951856,35.421619],[113.952423,35.412773],[113.955281,35.409911],[113.966418,35.405862],[113.970455,35.399448],[113.954282,35.383462],[113.943523,35.377229],[113.919761,35.36829],[113.914143,35.365187],[113.911062,35.361289],[113.879241,35.359742],[113.852754,35.360406],[113.834689,35.362628],[113.834688,35.351684],[113.837491,35.351679],[113.839359,35.348549],[113.839359,35.341044],[113.833129,35.338867],[113.829703,35.335434],[113.817243,35.334831],[113.811013,35.332966],[113.811013,35.338594],[113.806028,35.338602],[113.805405,35.335164],[113.781756,35.331843],[113.774231,35.354586],[113.759878,35.361471],[113.757379,35.352403],[113.747699,35.357405],[113.738796,35.357159],[113.733728,35.358699]]]}},{"type":"Feature","properties":{"dt_adcode":"410711"},"geometry":{"type":"Polygon","coordinates":[[[113.998243,35.327454],[113.993685,35.324289],[113.984073,35.323524],[113.981275,35.31872],[113.977203,35.316207],[113.971566,35.307124],[113.964991,35.305544],[113.93086,35.304767],[113.930908,35.309546],[113.918661,35.309604],[113.915976,35.313533],[113.914149,35.310255],[113.909976,35.308666],[113.907677,35.3058],[113.896095,35.308486],[113.890783,35.306068],[113.883633,35.308765],[113.877511,35.307973],[113.87333,35.309663],[113.873153,35.312393],[113.850257,35.31507],[113.841847,35.312271],[113.826274,35.312926],[113.825341,35.321058],[113.820738,35.324671],[113.813407,35.322337],[113.80138,35.323946],[113.800093,35.32258],[113.800726,35.31973],[113.797583,35.318433],[113.792625,35.320172],[113.789536,35.31873],[113.785289,35.319242],[113.781756,35.331843],[113.805405,35.335164],[113.806028,35.338602],[113.811013,35.338594],[113.811013,35.332966],[113.817243,35.334831],[113.829703,35.335434],[113.833129,35.338867],[113.839359,35.341044],[113.839359,35.348549],[113.837491,35.351679],[113.834688,35.351684],[113.834689,35.362628],[113.852754,35.360406],[113.879241,35.359742],[113.911062,35.361289],[113.914143,35.365187],[113.919761,35.36829],[113.943523,35.377229],[113.954282,35.383462],[113.970471,35.399004],[113.970625,35.39459],[113.957756,35.382829],[113.960048,35.382113],[113.959787,35.378839],[113.965148,35.376079],[113.968194,35.370562],[113.969417,35.370755],[113.968885,35.369032],[113.974739,35.370408],[113.980132,35.369092],[113.979019,35.366937],[113.984162,35.364529],[113.982768,35.360902],[113.985675,35.359579],[113.982657,35.353465],[113.976651,35.350616],[113.985674,35.34972],[113.99523,35.343873],[113.985859,35.335545],[113.992852,35.334798],[113.99567,35.332854],[113.992902,35.329203],[113.998243,35.327454]]]}},{"type":"Feature","properties":{"dt_adcode":"410721"},"geometry":{"type":"Polygon","coordinates":[[[113.747536,35.09553],[113.749271,35.103256],[113.738683,35.111422],[113.739812,35.119985],[113.745179,35.135836],[113.744424,35.145008],[113.739681,35.157393],[113.737481,35.157699],[113.736391,35.160411],[113.73351,35.158888],[113.731279,35.160557],[113.729088,35.159954],[113.726288,35.163741],[113.728138,35.164508],[113.726827,35.168882],[113.729629,35.169375],[113.729429,35.172038],[113.73162,35.172681],[113.731841,35.170658],[113.732431,35.172261],[113.733811,35.16986],[113.734171,35.173204],[113.736463,35.173125],[113.733792,35.179159],[113.730892,35.178953],[113.730341,35.181899],[113.726419,35.181615],[113.727616,35.191203],[113.734414,35.190361],[113.735114,35.195127],[113.737115,35.195229],[113.739772,35.200084],[113.738746,35.204269],[113.740557,35.204751],[113.738506,35.20479],[113.732776,35.218299],[113.730915,35.218948],[113.739819,35.221218],[113.741089,35.225532],[113.744699,35.226405],[113.745267,35.232995],[113.74144,35.242408],[113.732576,35.250937],[113.727331,35.26059],[113.731614,35.269044],[113.740081,35.275641],[113.743797,35.283867],[113.740795,35.292592],[113.729504,35.303208],[113.716608,35.310427],[113.708524,35.322644],[113.707415,35.327481],[113.709924,35.336112],[113.71467,35.340412],[113.728324,35.344726],[113.73129,35.348399],[113.733728,35.358699],[113.738796,35.357159],[113.747699,35.357405],[113.757379,35.352403],[113.759878,35.361471],[113.774231,35.354586],[113.794181,35.293903],[113.800568,35.272786],[113.800806,35.267214],[113.812495,35.265794],[113.812026,35.263983],[113.817421,35.264094],[113.817321,35.262282],[113.827012,35.263376],[113.826344,35.261635],[113.837025,35.261995],[113.837121,35.257131],[113.833162,35.252083],[113.83519,35.249671],[113.841047,35.250394],[113.837259,35.242476],[113.840459,35.239577],[113.840548,35.235813],[113.845194,35.234252],[113.845084,35.228427],[113.847217,35.227712],[113.844695,35.227327],[113.847626,35.226951],[113.848155,35.225228],[113.852491,35.22506],[113.856238,35.228151],[113.85788,35.2239],[113.860372,35.223271],[113.880963,35.233637],[113.887202,35.234454],[113.890831,35.230416],[113.891501,35.233659],[113.899839,35.235276],[113.901657,35.231856],[113.905312,35.23312],[113.914327,35.223542],[113.924165,35.216824],[113.925102,35.210257],[113.939167,35.209021],[113.945422,35.206216],[113.951053,35.199346],[113.95512,35.197791],[113.96044,35.199053],[113.962945,35.201873],[113.966702,35.211889],[113.97547,35.214726],[113.981735,35.223813],[113.996148,35.254189],[113.995837,35.27514],[113.998344,35.275773],[114.008369,35.272676],[114.020901,35.267397],[114.033641,35.257107],[114.047806,35.257523],[114.053957,35.250003],[114.057034,35.241813],[114.055851,35.235351],[114.052415,35.229524],[114.03659,35.216937],[114.02101,35.212642],[114.012424,35.208394],[114.01089,35.209099],[114.011319,35.207024],[114.008483,35.203266],[114.006578,35.204111],[114.01071,35.2098],[114.009537,35.211148],[114.007029,35.207906],[114.004883,35.208731],[114.003158,35.207204],[114.002656,35.204961],[113.999628,35.204611],[114.00052,35.201631],[113.996518,35.196013],[113.997911,35.195466],[113.997209,35.193982],[113.995354,35.194218],[113.99725,35.193632],[113.998413,35.194677],[113.997691,35.192332],[113.995355,35.192956],[113.994231,35.1905],[113.998784,35.187941],[113.991343,35.185156],[113.996457,35.186422],[113.997118,35.184152],[113.993498,35.18325],[113.987331,35.178397],[113.98329,35.179216],[113.982548,35.178264],[113.985104,35.176649],[113.982467,35.175821],[113.982267,35.174118],[113.980923,35.174335],[113.981094,35.175987],[113.979259,35.17424],[113.976141,35.175603],[113.974558,35.174668],[113.976322,35.176074],[113.972864,35.181697],[113.969797,35.182361],[113.970689,35.181105],[113.968404,35.180758],[113.967536,35.182781],[113.96122,35.183254],[113.962121,35.184958],[113.960288,35.183793],[113.96133,35.185536],[113.958765,35.183779],[113.954518,35.186343],[113.95593,35.185014],[113.952184,35.182244],[113.957522,35.176519],[113.955568,35.172711],[113.959635,35.169826],[113.958973,35.168023],[113.963604,35.167272],[113.965406,35.163924],[113.963592,35.165421],[113.944178,35.166564],[113.943691,35.172048],[113.938216,35.172481],[113.938076,35.174252],[113.937282,35.172099],[113.934293,35.171935],[113.934273,35.173847],[113.931181,35.173343],[113.930421,35.17114],[113.91739,35.168388],[113.919109,35.166346],[113.917339,35.166366],[113.915749,35.159888],[113.911012,35.159927],[113.910171,35.150197],[113.911809,35.150046],[113.912049,35.148445],[113.909791,35.148084],[113.909331,35.146943],[113.911659,35.146433],[113.908812,35.14485],[113.91055,35.144],[113.904595,35.140696],[113.901997,35.135581],[113.896571,35.13195],[113.890821,35.133143],[113.89187,35.134264],[113.889534,35.136747],[113.884064,35.134871],[113.881882,35.132455],[113.87999,35.126692],[113.881302,35.124964],[113.879703,35.123499],[113.88068,35.122767],[113.883573,35.125856],[113.888359,35.122657],[113.893909,35.125093],[113.895264,35.124153],[113.891626,35.119855],[113.880454,35.114311],[113.87767,35.114946],[113.873488,35.111937],[113.872255,35.113744],[113.86963,35.112559],[113.867823,35.114342],[113.86651,35.113188],[113.862921,35.114311],[113.861822,35.112883],[113.864032,35.110832],[113.860314,35.108274],[113.856773,35.101778],[113.859276,35.099544],[113.85695,35.093628],[113.854471,35.096229],[113.851211,35.093164],[113.844172,35.093476],[113.841938,35.094916],[113.841999,35.097077],[113.83435,35.092981],[113.832634,35.089434],[113.843977,35.0898],[113.844545,35.08618],[113.848122,35.086058],[113.845662,35.077444],[113.835485,35.079648],[113.836889,35.082371],[113.832799,35.08419],[113.832866,35.08604],[113.831144,35.085661],[113.832646,35.0893],[113.829386,35.089568],[113.82913,35.087737],[113.817941,35.088437],[113.814805,35.090809],[113.809405,35.088441],[113.812101,35.08835],[113.812453,35.085666],[113.810662,35.085344],[113.809046,35.080821],[113.80924,35.075362],[113.806957,35.069913],[113.805625,35.069998],[113.805238,35.067962],[113.799396,35.068106],[113.797466,35.065584],[113.792754,35.065384],[113.791898,35.060738],[113.790104,35.059068],[113.791528,35.067617],[113.788302,35.067722],[113.788689,35.072038],[113.786793,35.07801],[113.787825,35.091536],[113.78638,35.094572],[113.779463,35.094258],[113.766082,35.096869],[113.764444,35.094236],[113.75802,35.094638],[113.758289,35.092806],[113.75605,35.092179],[113.754961,35.094247],[113.748324,35.093155],[113.747536,35.09553]]]}},{"type":"Feature","properties":{"dt_adcode":"410724"},"geometry":{"type":"Polygon","coordinates":[[[113.729936,35.34664],[113.727298,35.343955],[113.71467,35.340412],[113.709924,35.336112],[113.707415,35.327481],[113.708524,35.322644],[113.716608,35.310427],[113.729504,35.303208],[113.740795,35.292592],[113.743797,35.283867],[113.740081,35.275641],[113.731614,35.269044],[113.727331,35.26059],[113.732576,35.250937],[113.74144,35.242408],[113.745267,35.232995],[113.744699,35.226405],[113.741089,35.225532],[113.739819,35.221218],[113.730915,35.218948],[113.732776,35.218299],[113.738506,35.20479],[113.740557,35.204751],[113.738746,35.204269],[113.739772,35.200084],[113.737115,35.195229],[113.735114,35.195127],[113.734414,35.190361],[113.727616,35.191203],[113.726419,35.181615],[113.730341,35.181899],[113.730892,35.178953],[113.733792,35.179159],[113.736463,35.173125],[113.734171,35.173204],[113.733811,35.16986],[113.732431,35.172261],[113.731841,35.170658],[113.73162,35.172681],[113.729429,35.172038],[113.729629,35.169375],[113.726827,35.168882],[113.728138,35.164508],[113.726288,35.163741],[113.729088,35.159954],[113.731279,35.160557],[113.73351,35.158888],[113.736391,35.160411],[113.737481,35.157699],[113.739681,35.157393],[113.744424,35.145008],[113.745179,35.135836],[113.739812,35.119985],[113.738683,35.111422],[113.749271,35.103256],[113.7475,35.090742],[113.740885,35.085112],[113.724106,35.078632],[113.723593,35.07408],[113.731381,35.066576],[113.732755,35.063038],[113.730121,35.060172],[113.724093,35.058011],[113.721241,35.053306],[113.716339,35.051722],[113.713255,35.053229],[113.714037,35.065576],[113.71283,35.067442],[113.69876,35.065319],[113.700634,35.050728],[113.69898,35.049228],[113.693279,35.049498],[113.68933,35.055438],[113.689081,35.066598],[113.671615,35.067499],[113.655015,35.060731],[113.653042,35.057198],[113.653067,35.050999],[113.656005,35.043161],[113.656543,35.03568],[113.652952,35.03238],[113.645432,35.031141],[113.644747,35.04018],[113.63253,35.054472],[113.627622,35.056683],[113.620449,35.06853],[113.61459,35.084693],[113.607057,35.099298],[113.60024,35.12073],[113.593848,35.131149],[113.591516,35.132198],[113.583037,35.131337],[113.570889,35.126711],[113.565849,35.127019],[113.563788,35.130913],[113.565339,35.13516],[113.564447,35.138185],[113.546712,35.142443],[113.534939,35.151782],[113.532796,35.164568],[113.527581,35.173174],[113.525982,35.180976],[113.522135,35.188562],[113.520719,35.20754],[113.521463,35.211511],[113.528183,35.220116],[113.53371,35.222575],[113.540431,35.228408],[113.541695,35.233955],[113.538824,35.243221],[113.532658,35.253796],[113.523241,35.26364],[113.520207,35.272748],[113.518791,35.288796],[113.55128,35.290857],[113.574961,35.295844],[113.590839,35.291039],[113.601838,35.296303],[113.628815,35.314629],[113.642059,35.321155],[113.658777,35.326216],[113.666443,35.324502],[113.680643,35.325101],[113.684451,35.32731],[113.70083,35.344334],[113.729936,35.34664]]]}},{"type":"Feature","properties":{"dt_adcode":"410725"},"geometry":{"type":"Polygon","coordinates":[[[113.592067,34.933735],[113.59454,34.942122],[113.59527,34.961871],[113.607647,34.982374],[113.616664,34.989453],[113.617671,34.992181],[113.634488,34.997703],[113.644352,35.004377],[113.63727,35.008327],[113.630844,35.015231],[113.636057,35.014379],[113.636408,35.017156],[113.645492,35.019226],[113.646866,35.021833],[113.645432,35.031141],[113.652952,35.03238],[113.656543,35.03568],[113.656005,35.043161],[113.653067,35.050999],[113.653042,35.057198],[113.655015,35.060731],[113.671615,35.067499],[113.689081,35.066598],[113.68933,35.055438],[113.693279,35.049498],[113.69898,35.049228],[113.700634,35.050728],[113.69876,35.065319],[113.71283,35.067442],[113.714037,35.065576],[113.713255,35.053229],[113.716339,35.051722],[113.721241,35.053306],[113.724093,35.058011],[113.730121,35.060172],[113.732755,35.063038],[113.731381,35.066576],[113.723593,35.07408],[113.724106,35.078632],[113.746632,35.088737],[113.747536,35.09553],[113.748324,35.093155],[113.754961,35.094247],[113.75605,35.092179],[113.758289,35.092806],[113.75802,35.094638],[113.764444,35.094236],[113.766082,35.096869],[113.779463,35.094258],[113.78638,35.094572],[113.787825,35.091536],[113.786793,35.07801],[113.788689,35.072038],[113.788302,35.067722],[113.791528,35.067617],[113.790104,35.059068],[113.791898,35.060738],[113.792754,35.065384],[113.797466,35.065584],[113.799396,35.068106],[113.805238,35.067962],[113.805625,35.069998],[113.806957,35.069913],[113.80924,35.075362],[113.809046,35.080821],[113.810662,35.085344],[113.812453,35.085666],[113.812101,35.08835],[113.809405,35.088441],[113.814805,35.090809],[113.817941,35.088437],[113.82913,35.087737],[113.829386,35.089568],[113.832646,35.0893],[113.831144,35.085661],[113.832866,35.08604],[113.832799,35.08419],[113.836889,35.082371],[113.835485,35.079648],[113.845662,35.077444],[113.848122,35.086058],[113.844545,35.08618],[113.843977,35.0898],[113.832634,35.089434],[113.83435,35.092981],[113.841999,35.097077],[113.841938,35.094916],[113.844172,35.093476],[113.851211,35.093164],[113.854471,35.096229],[113.85695,35.093628],[113.859276,35.099544],[113.856773,35.101778],[113.860314,35.108274],[113.864032,35.110832],[113.861822,35.112883],[113.862921,35.114311],[113.86651,35.113188],[113.867823,35.114342],[113.86963,35.112559],[113.872255,35.113744],[113.873488,35.111937],[113.87767,35.114946],[113.880454,35.114311],[113.891626,35.119855],[113.895264,35.124153],[113.893909,35.125093],[113.888359,35.122657],[113.883573,35.125856],[113.88068,35.122767],[113.879703,35.123499],[113.881302,35.124964],[113.87999,35.126692],[113.881882,35.132455],[113.884064,35.134871],[113.889534,35.136747],[113.89187,35.134264],[113.890821,35.133143],[113.896571,35.13195],[113.901997,35.135581],[113.904595,35.140696],[113.91055,35.144],[113.908812,35.14485],[113.911659,35.146433],[113.909331,35.146943],[113.909791,35.148084],[113.912049,35.148445],[113.911809,35.150046],[113.910171,35.150197],[113.911012,35.159927],[113.915749,35.159888],[113.917339,35.166366],[113.919109,35.166346],[113.91739,35.168388],[113.930421,35.17114],[113.931181,35.173343],[113.934273,35.173847],[113.934293,35.171935],[113.937282,35.172099],[113.938076,35.174252],[113.938216,35.172481],[113.943691,35.172048],[113.944178,35.166564],[113.963592,35.165421],[113.965406,35.163924],[113.963604,35.167272],[113.958973,35.168023],[113.959635,35.169826],[113.955568,35.172711],[113.957522,35.176519],[113.952184,35.182244],[113.95593,35.185014],[113.955079,35.186795],[113.958765,35.183779],[113.96133,35.185536],[113.959987,35.184063],[113.962121,35.184958],[113.96122,35.183254],[113.967536,35.182781],[113.968404,35.180758],[113.970689,35.181105],[113.969797,35.182361],[113.972864,35.181697],[113.976322,35.176074],[113.974347,35.174897],[113.976141,35.175603],[113.977074,35.174214],[113.981094,35.175987],[113.980923,35.174335],[113.982267,35.174118],[113.982467,35.175821],[113.985104,35.176649],[113.982548,35.178264],[113.98329,35.179216],[113.987331,35.178397],[113.993498,35.18325],[113.997118,35.184152],[113.998612,35.182836],[113.997469,35.18108],[113.999074,35.182396],[114.007069,35.175917],[114.009804,35.177523],[114.008528,35.175807],[114.00992,35.175696],[114.011912,35.177768],[114.009235,35.174061],[114.011277,35.1735],[114.006561,35.169287],[114.006539,35.166657],[114.008018,35.166817],[114.004959,35.162442],[114.004336,35.159628],[114.005199,35.162274],[114.005239,35.159721],[114.007024,35.162889],[114.006539,35.158547],[114.011466,35.159109],[114.015889,35.15692],[114.017072,35.159576],[114.023189,35.158022],[114.021635,35.155525],[114.023731,35.155521],[114.026749,35.161176],[114.033156,35.161805],[114.035428,35.165235],[114.037415,35.164651],[114.036535,35.16801],[114.043772,35.171953],[114.05314,35.169348],[114.051831,35.167932],[114.048672,35.169101],[114.047449,35.167287],[114.053472,35.1675],[114.053581,35.164498],[114.055714,35.163211],[114.069759,35.157708],[114.075085,35.157151],[114.083042,35.161479],[114.089814,35.159805],[114.095828,35.155122],[114.100626,35.153627],[114.115663,35.154658],[114.125802,35.151669],[114.130688,35.147185],[114.132506,35.134363],[114.136524,35.130774],[114.16794,35.123856],[114.185732,35.115956],[114.198039,35.114144],[114.213493,35.118369],[114.230488,35.115385],[114.231941,35.118174],[114.238322,35.117743],[114.237127,35.112433],[114.237796,35.113493],[114.24177,35.111559],[114.239413,35.11112],[114.24151,35.110859],[114.239852,35.107626],[114.242579,35.107294],[114.242068,35.104708],[114.248331,35.104298],[114.248801,35.106731],[114.250669,35.10649],[114.24982,35.104238],[114.251069,35.10653],[114.255945,35.10597],[114.258474,35.104889],[114.257903,35.102706],[114.260492,35.102146],[114.258692,35.094918],[114.259841,35.094938],[114.259461,35.089271],[114.26091,35.087009],[114.26249,35.086099],[114.263539,35.087911],[114.265468,35.084418],[114.267709,35.087753],[114.268358,35.08572],[114.275328,35.085294],[114.272153,35.079246],[114.271357,35.080717],[114.270848,35.078734],[114.265628,35.078251],[114.262848,35.074095],[114.261948,35.071813],[114.265717,35.070403],[114.264956,35.065206],[114.266216,35.064506],[114.265507,35.062584],[114.263547,35.063023],[114.261726,35.055675],[114.256469,35.055704],[114.25444,35.05204],[114.246963,35.052524],[114.247047,35.040368],[114.249084,35.037575],[114.247685,35.037435],[114.247445,35.035372],[114.244699,35.034973],[114.244417,35.020978],[114.246994,35.019565],[114.246344,35.017593],[114.247773,35.016992],[114.248522,35.011716],[114.25161,35.006169],[114.250551,34.995582],[114.252164,34.988493],[114.24323,34.971533],[114.242024,34.957033],[114.242907,34.946717],[114.247119,34.933014],[114.248593,34.921666],[114.250526,34.916108],[114.253682,34.915404],[114.248383,34.909335],[114.246887,34.905144],[114.239758,34.906797],[114.226599,34.913171],[114.220727,34.919068],[114.208516,34.926626],[114.200704,34.939525],[114.172844,34.931859],[114.164761,34.931874],[114.12047,34.956649],[114.101862,34.954751],[114.09164,34.948572],[114.080569,34.944546],[114.071735,34.945804],[114.05828,34.944047],[114.048254,34.945759],[114.028443,34.959366],[114.022594,34.960025],[114.015012,34.956284],[114.009545,34.949754],[113.985299,34.928269],[113.97643,34.91766],[113.973662,34.910444],[113.963187,34.901919],[113.953586,34.898105],[113.927216,34.898791],[113.914031,34.90245],[113.905331,34.901311],[113.870156,34.885651],[113.826045,34.877702],[113.800466,34.879942],[113.794837,34.882729],[113.786479,34.890427],[113.777088,34.905046],[113.766114,34.914898],[113.761839,34.916402],[113.740347,34.919213],[113.725531,34.917402],[113.716851,34.913411],[113.68485,34.90637],[113.67839,34.906797],[113.670711,34.910308],[113.665086,34.918514],[113.650342,34.928769],[113.644135,34.93003],[113.624238,34.929785],[113.592067,34.933735]]]}},{"type":"Feature","properties":{"dt_adcode":"410726"},"geometry":{"type":"Polygon","coordinates":[[[114.047806,35.257523],[114.052461,35.265834],[114.056426,35.264757],[114.0586,35.265332],[114.061375,35.26934],[114.066862,35.268209],[114.074269,35.270214],[114.076941,35.267383],[114.078712,35.268967],[114.078712,35.266412],[114.080944,35.266978],[114.084871,35.273933],[114.10039,35.278581],[114.100647,35.305298],[114.089639,35.308227],[114.088638,35.305442],[114.081022,35.306059],[114.083147,35.310042],[114.052322,35.320613],[114.051397,35.315083],[114.04513,35.31593],[114.042064,35.322729],[114.038045,35.32411],[114.03993,35.330851],[114.046404,35.332219],[114.04872,35.337619],[114.049733,35.337991],[114.050694,35.335191],[114.054561,35.334609],[114.058609,35.344786],[114.070974,35.346189],[114.080541,35.341426],[114.085426,35.342346],[114.094688,35.347386],[114.106789,35.34522],[114.110806,35.348335],[114.111739,35.359122],[114.128815,35.369134],[114.137962,35.371405],[114.148638,35.369563],[114.167566,35.354581],[114.176376,35.349714],[114.190811,35.352306],[114.219771,35.363245],[114.225396,35.361097],[114.229162,35.366886],[114.250868,35.369877],[114.269392,35.377176],[114.28835,35.389086],[114.298917,35.400581],[114.30559,35.405043],[114.325202,35.410022],[114.335932,35.410316],[114.337255,35.41311],[114.326749,35.418878],[114.329026,35.427313],[114.328123,35.43841],[114.324028,35.444514],[114.329201,35.445262],[114.340218,35.451197],[114.341571,35.459957],[114.343694,35.462142],[114.349895,35.463755],[114.351177,35.466229],[114.360862,35.468748],[114.362705,35.46808],[114.363076,35.465019],[114.368382,35.464216],[114.369994,35.461776],[114.378445,35.46275],[114.382026,35.466545],[114.384649,35.475334],[114.38706,35.474586],[114.387731,35.477318],[114.393372,35.478283],[114.397813,35.476554],[114.396983,35.474402],[114.400432,35.472872],[114.404372,35.471563],[114.406801,35.473624],[114.409699,35.469201],[114.419072,35.474163],[114.428602,35.468931],[114.430344,35.460938],[114.429138,35.449521],[114.412047,35.435798],[114.40507,35.426329],[114.40769,35.418021],[114.415202,35.413251],[114.415366,35.406872],[114.417811,35.404554],[114.42016,35.391825],[114.423774,35.385576],[114.422369,35.377586],[114.412378,35.368824],[114.410599,35.359943],[114.412784,35.356113],[114.424117,35.349184],[114.429066,35.342852],[114.426857,35.338996],[114.428038,35.334318],[114.423961,35.330541],[114.423621,35.324145],[114.420075,35.325768],[114.419465,35.323737],[114.416618,35.323979],[114.418836,35.32691],[114.417198,35.327081],[114.412772,35.326652],[114.411762,35.323619],[114.406428,35.326282],[114.40144,35.324311],[114.404377,35.321609],[114.403644,35.316802],[114.416225,35.311004],[114.417345,35.304296],[114.407455,35.292074],[114.401598,35.29488],[114.394639,35.291868],[114.395012,35.287168],[114.402588,35.283064],[114.408086,35.271256],[114.404921,35.267649],[114.39955,35.266344],[114.39382,35.262637],[114.391263,35.258122],[114.392247,35.251019],[114.394444,35.248416],[114.395428,35.241906],[114.404949,35.241215],[114.407389,35.238911],[114.407511,35.236605],[114.403247,35.234208],[114.400813,35.229498],[114.394343,35.228093],[114.391298,35.225484],[114.391183,35.222286],[114.394357,35.219789],[114.396806,35.213274],[114.391441,35.20676],[114.387799,35.195451],[114.382676,35.188436],[114.384149,35.183731],[114.389904,35.179716],[114.390743,35.177124],[114.378986,35.165197],[114.375389,35.164093],[114.370104,35.165407],[114.365857,35.173377],[114.363405,35.174982],[114.359501,35.174971],[114.351209,35.170249],[114.348519,35.170436],[114.346533,35.172333],[114.347038,35.179348],[114.342521,35.181879],[114.315332,35.182859],[114.305048,35.180783],[114.296886,35.173477],[114.278962,35.147576],[114.271581,35.1334],[114.262102,35.12423],[114.261013,35.11515],[114.258404,35.114619],[114.255945,35.10597],[114.251069,35.10653],[114.250709,35.104168],[114.250669,35.10649],[114.248801,35.106731],[114.248331,35.104298],[114.242068,35.104708],[114.242579,35.107294],[114.239852,35.107626],[114.24151,35.110859],[114.239413,35.11112],[114.24177,35.111559],[114.237796,35.113493],[114.237127,35.112433],[114.238322,35.117743],[114.231941,35.118174],[114.230488,35.115385],[114.213493,35.118369],[114.198039,35.114144],[114.193573,35.11451],[114.180392,35.117456],[114.16794,35.123856],[114.143296,35.128392],[114.133684,35.132552],[114.131553,35.137786],[114.130688,35.147185],[114.125802,35.151669],[114.115663,35.154658],[114.100626,35.153627],[114.095828,35.155122],[114.089814,35.159805],[114.083042,35.161479],[114.075085,35.157151],[114.069759,35.157708],[114.055714,35.163211],[114.053581,35.164498],[114.053472,35.1675],[114.047449,35.167287],[114.048672,35.169101],[114.051831,35.167932],[114.05314,35.169348],[114.043772,35.171953],[114.036535,35.16801],[114.037415,35.164651],[114.035428,35.165235],[114.033156,35.161805],[114.026749,35.161176],[114.023731,35.155521],[114.021635,35.155525],[114.023189,35.158022],[114.017072,35.159576],[114.015889,35.15692],[114.011466,35.159109],[114.006539,35.158547],[114.007024,35.162889],[114.005239,35.159721],[114.005199,35.162274],[114.004336,35.159628],[114.004959,35.162442],[114.008018,35.166817],[114.006539,35.166657],[114.006561,35.169287],[114.011277,35.1735],[114.009235,35.174061],[114.011912,35.177768],[114.00992,35.175696],[114.008528,35.175807],[114.009804,35.177523],[114.007069,35.175917],[113.999074,35.182396],[113.997469,35.18108],[113.998612,35.182836],[113.997269,35.186145],[113.991343,35.185156],[113.998784,35.187941],[113.994231,35.1905],[113.995355,35.192956],[113.997691,35.192332],[113.998413,35.194677],[113.99725,35.193632],[113.995354,35.194218],[113.997209,35.193982],[113.997911,35.195466],[113.996518,35.196013],[114.00052,35.201631],[113.999628,35.204611],[114.002656,35.204961],[114.004883,35.208731],[114.007029,35.207906],[114.009164,35.211164],[114.010489,35.21084],[114.006578,35.204111],[114.008483,35.203266],[114.011319,35.207024],[114.01089,35.209099],[114.012424,35.208394],[114.02101,35.212642],[114.03659,35.216937],[114.052415,35.229524],[114.055851,35.235351],[114.057034,35.241813],[114.053957,35.250003],[114.047806,35.257523]]]}},{"type":"Feature","properties":{"dt_adcode":"410727"},"geometry":{"type":"Polygon","coordinates":[[[114.246887,34.905144],[114.248383,34.909335],[114.253682,34.915404],[114.250526,34.916108],[114.248593,34.921666],[114.247119,34.933014],[114.242907,34.946717],[114.242024,34.957033],[114.24323,34.971533],[114.252164,34.988493],[114.250551,34.995582],[114.25161,35.006169],[114.248522,35.011716],[114.247773,35.016992],[114.246344,35.017593],[114.246994,35.019565],[114.244417,35.020978],[114.244699,35.034973],[114.247445,35.035372],[114.247685,35.037435],[114.249084,35.037575],[114.247047,35.040368],[114.246963,35.052524],[114.25444,35.05204],[114.256469,35.055704],[114.261726,35.055675],[114.263547,35.063023],[114.265507,35.062584],[114.266216,35.064506],[114.264956,35.065206],[114.265717,35.070403],[114.261948,35.071813],[114.262848,35.074095],[114.265628,35.078251],[114.270848,35.078734],[114.271357,35.080717],[114.272153,35.079246],[114.275328,35.085294],[114.268358,35.08572],[114.267709,35.087753],[114.265468,35.084418],[114.263539,35.087911],[114.26249,35.086099],[114.259461,35.089271],[114.260151,35.093596],[114.258692,35.094918],[114.260492,35.102146],[114.257903,35.102706],[114.258474,35.104889],[114.255945,35.10597],[114.258404,35.114619],[114.261013,35.11515],[114.262102,35.12423],[114.271581,35.1334],[114.278962,35.147576],[114.296886,35.173477],[114.305048,35.180783],[114.315332,35.182859],[114.342521,35.181879],[114.347038,35.179348],[114.346533,35.172333],[114.348519,35.170436],[114.351209,35.170249],[114.359501,35.174971],[114.363405,35.174982],[114.365857,35.173377],[114.370104,35.165407],[114.375389,35.164093],[114.378986,35.165197],[114.390743,35.177124],[114.389904,35.179716],[114.384149,35.183731],[114.382676,35.188436],[114.387799,35.195451],[114.391441,35.20676],[114.396684,35.212875],[114.394724,35.219686],[114.399722,35.225091],[114.415325,35.228196],[114.418008,35.227604],[114.422153,35.223496],[114.432262,35.221686],[114.433731,35.215174],[114.431789,35.208767],[114.433008,35.206663],[114.437264,35.205059],[114.442624,35.205955],[114.449916,35.214446],[114.460011,35.216831],[114.470589,35.215352],[114.488337,35.206803],[114.490638,35.19041],[114.496222,35.169171],[114.507149,35.169528],[114.533963,35.177725],[114.548084,35.174891],[114.556954,35.169658],[114.583524,35.143221],[114.609694,35.136061],[114.61625,35.136108],[114.637587,35.126341],[114.643997,35.119851],[114.648284,35.110345],[114.653687,35.103549],[114.657203,35.091743],[114.669933,35.072966],[114.709994,35.040174],[114.722677,35.025267],[114.73195,35.017127],[114.743302,35.016103],[114.751308,35.009579],[114.754698,35.008545],[114.755533,34.999489],[114.782212,34.990972],[114.765898,34.977709],[114.75662,34.975604],[114.748892,34.969556],[114.743629,34.964028],[114.740146,34.956157],[114.739893,34.951672],[114.741752,34.948716],[114.774247,34.924343],[114.779025,34.916735],[114.778971,34.90801],[114.774782,34.901394],[114.761169,34.891456],[114.75412,34.889364],[114.733911,34.888499],[114.72894,34.885589],[114.724344,34.885231],[114.709165,34.892133],[114.695556,34.894375],[114.679593,34.909019],[114.675524,34.908127],[114.674284,34.904943],[114.671099,34.902639],[114.660306,34.898731],[114.638728,34.902408],[114.63042,34.905933],[114.591043,34.91246],[114.557168,34.905507],[114.540659,34.899285],[114.513395,34.895296],[114.442745,34.914495],[114.407251,34.936437],[114.400662,34.9395],[114.394306,34.939968],[114.388419,34.939493],[114.383001,34.936896],[114.367212,34.918966],[114.350473,34.908097],[114.284467,34.908222],[114.246887,34.905144]]]}},{"type":"Feature","properties":{"dt_adcode":"410781"},"geometry":{"type":"Polygon","coordinates":[[[114.324028,35.444514],[114.328123,35.43841],[114.329026,35.427313],[114.326749,35.418878],[114.337255,35.41311],[114.335932,35.410316],[114.325202,35.410022],[114.30559,35.405043],[114.298917,35.400581],[114.285883,35.387422],[114.269392,35.377176],[114.255022,35.371119],[114.229162,35.366886],[114.225396,35.361097],[114.219771,35.363245],[114.20434,35.356722],[114.18001,35.349559],[114.176376,35.349714],[114.167566,35.354581],[114.148638,35.369563],[114.137962,35.371405],[114.128815,35.369134],[114.111739,35.359122],[114.110806,35.348335],[114.106789,35.34522],[114.094688,35.347386],[114.085426,35.342346],[114.080541,35.341426],[114.070974,35.346189],[114.058609,35.344786],[114.054561,35.334609],[114.050694,35.335191],[114.049733,35.337991],[114.048279,35.338108],[114.047749,35.343432],[114.045023,35.343525],[114.041887,35.347],[114.038399,35.347012],[114.035972,35.343382],[114.03484,35.347563],[114.033143,35.344014],[114.030859,35.344559],[114.014923,35.338952],[113.998243,35.327454],[113.992902,35.329203],[113.99567,35.332854],[113.992852,35.334798],[113.985859,35.335545],[113.99523,35.343873],[113.985674,35.34972],[113.976651,35.350616],[113.982657,35.353465],[113.985675,35.359579],[113.982768,35.360902],[113.984162,35.364529],[113.979019,35.366937],[113.980132,35.369092],[113.974739,35.370408],[113.968885,35.369032],[113.969417,35.370755],[113.968194,35.370562],[113.965148,35.376079],[113.959787,35.378839],[113.960048,35.382113],[113.957756,35.382829],[113.970625,35.39459],[113.970455,35.399448],[113.966418,35.405862],[113.955281,35.409911],[113.952423,35.412773],[113.951856,35.421619],[113.947405,35.429714],[113.949945,35.432356],[113.950371,35.440212],[113.943266,35.444396],[113.933973,35.445053],[113.929752,35.447434],[113.932027,35.454511],[113.936372,35.461148],[113.941253,35.483019],[113.946255,35.492455],[113.942273,35.51845],[113.941176,35.521445],[113.936146,35.523582],[113.937592,35.525512],[113.936042,35.52521],[113.935521,35.527081],[113.936472,35.529604],[113.941326,35.52827],[113.941591,35.530839],[113.953212,35.531893],[113.953993,35.534366],[113.948396,35.533044],[113.948506,35.534826],[113.954105,35.538769],[113.950369,35.544766],[113.944281,35.541813],[113.939827,35.544348],[113.937555,35.542474],[113.933972,35.54434],[113.933972,35.546542],[113.936824,35.544714],[113.939646,35.546689],[113.940348,35.551684],[113.94283,35.553158],[113.935564,35.558551],[113.935055,35.565314],[113.925371,35.571599],[113.912454,35.570962],[113.912264,35.574474],[113.914833,35.577657],[113.912465,35.582609],[113.909507,35.584319],[113.910466,35.58506],[113.899837,35.585111],[113.899267,35.588984],[113.890121,35.592671],[113.892567,35.596081],[113.89119,35.597432],[113.894555,35.599622],[113.892459,35.604076],[113.894756,35.607206],[113.893049,35.616272],[113.899943,35.62295],[113.898964,35.635094],[113.874766,35.655216],[113.870081,35.662815],[113.868377,35.680751],[113.874249,35.683842],[113.886324,35.684423],[113.901648,35.6774],[113.908222,35.680957],[113.923043,35.681836],[113.92748,35.686001],[113.928619,35.69483],[113.93253,35.704538],[113.940233,35.703976],[113.949037,35.700901],[113.956226,35.691448],[113.968132,35.689361],[113.973379,35.691456],[113.985216,35.700753],[113.996018,35.704814],[114.019775,35.695604],[114.022534,35.692657],[114.024143,35.684974],[114.039825,35.681543],[114.051081,35.67469],[114.059018,35.657367],[114.064527,35.636077],[114.063753,35.632517],[114.057667,35.624196],[114.060282,35.611378],[114.056186,35.59455],[114.060689,35.588381],[114.072777,35.57964],[114.080086,35.567329],[114.098944,35.556335],[114.120135,35.551152],[114.146682,35.534302],[114.171479,35.523968],[114.180141,35.524271],[114.19198,35.521849],[114.197234,35.524324],[114.204592,35.524446],[114.209916,35.522423],[114.215604,35.517564],[114.224881,35.516512],[114.25986,35.504944],[114.276333,35.501299],[114.289891,35.501793],[114.288787,35.496653],[114.285729,35.493275],[114.275794,35.490178],[114.27464,35.485762],[114.276589,35.482388],[114.272571,35.476174],[114.273109,35.467846],[114.284918,35.460605],[114.29802,35.458706],[114.312395,35.446977],[114.324028,35.444514]]]}},{"type":"Feature","properties":{"dt_adcode":"410782"},"geometry":{"type":"Polygon","coordinates":[[[113.852892,35.38785],[113.853154,35.380064],[113.796785,35.389948],[113.764751,35.397846],[113.757139,35.397944],[113.752433,35.389976],[113.743509,35.386145],[113.741593,35.382659],[113.736493,35.371676],[113.729936,35.34664],[113.70083,35.344334],[113.682371,35.325669],[113.672434,35.324311],[113.658777,35.326216],[113.642059,35.321155],[113.628815,35.314629],[113.601838,35.296303],[113.590839,35.291039],[113.574961,35.295844],[113.55128,35.290857],[113.515989,35.288692],[113.511027,35.294294],[113.490543,35.292443],[113.486444,35.294104],[113.485028,35.316266],[113.479908,35.320518],[113.478006,35.325659],[113.480024,35.33973],[113.473641,35.342655],[113.466583,35.34971],[113.470009,35.353209],[113.468471,35.357211],[113.465831,35.358831],[113.465983,35.363836],[113.468942,35.364939],[113.476185,35.363926],[113.47877,35.365752],[113.482219,35.369964],[113.480354,35.375661],[113.464499,35.392203],[113.458823,35.413283],[113.447733,35.43246],[113.427614,35.448905],[113.418482,35.452809],[113.409953,35.459709],[113.404033,35.461509],[113.394959,35.468176],[113.392119,35.472223],[113.390766,35.485793],[113.387317,35.491636],[113.383155,35.495044],[113.387153,35.503754],[113.389534,35.505741],[113.402502,35.507173],[113.415799,35.51617],[113.421334,35.511931],[113.428618,35.513689],[113.433663,35.508116],[113.436488,35.507552],[113.485406,35.520718],[113.492008,35.516464],[113.506603,35.516504],[113.5087,35.523413],[113.498517,35.532379],[113.506602,35.548591],[113.504389,35.551812],[113.504156,35.558453],[113.506734,35.565993],[113.529538,35.587803],[113.533022,35.59404],[113.541957,35.59618],[113.541372,35.602911],[113.545403,35.607855],[113.547571,35.617549],[113.555931,35.6194],[113.557688,35.62118],[113.553848,35.629969],[113.553316,35.638708],[113.547422,35.648636],[113.548731,35.658041],[113.555783,35.661231],[113.55945,35.660966],[113.563771,35.646549],[113.565445,35.644917],[113.573811,35.646472],[113.57426,35.639449],[113.578539,35.63356],[113.591971,35.63153],[113.611972,35.63221],[113.618069,35.630515],[113.624854,35.632013],[113.624864,35.653082],[113.623139,35.658017],[113.619552,35.662082],[113.619056,35.667203],[113.623455,35.67168],[113.622511,35.674676],[113.61492,35.682992],[113.592525,35.692594],[113.592724,35.695603],[113.598708,35.699916],[113.601992,35.706299],[113.600598,35.711443],[113.591163,35.727979],[113.586804,35.74403],[113.591938,35.754533],[113.595902,35.759087],[113.59913,35.775095],[113.594607,35.781713],[113.592954,35.789662],[113.584038,35.786597],[113.58132,35.791156],[113.583475,35.794226],[113.590165,35.796628],[113.604307,35.797103],[113.604994,35.800098],[113.594312,35.805885],[113.586901,35.804992],[113.586556,35.809084],[113.588947,35.813436],[113.5829,35.818324],[113.582828,35.821959],[113.585274,35.825788],[113.599391,35.823146],[113.606041,35.823741],[113.623814,35.831516],[113.629442,35.830801],[113.634472,35.824598],[113.641224,35.822511],[113.650281,35.826591],[113.661055,35.837245],[113.678576,35.836058],[113.700572,35.837289],[113.706569,35.835903],[113.709099,35.833659],[113.705965,35.826587],[113.708287,35.820843],[113.711785,35.818082],[113.725938,35.823272],[113.731846,35.818775],[113.740477,35.820032],[113.742912,35.819088],[113.745612,35.810741],[113.756243,35.795616],[113.751779,35.786846],[113.758604,35.781665],[113.758223,35.776232],[113.759662,35.774512],[113.760542,35.775382],[113.761351,35.773101],[113.756674,35.771031],[113.757793,35.76842],[113.757873,35.77022],[113.759751,35.767409],[113.771458,35.763754],[113.778357,35.763389],[113.778527,35.760368],[113.77662,35.759419],[113.784833,35.756349],[113.785194,35.751709],[113.78726,35.751756],[113.788973,35.74868],[113.792907,35.746898],[113.798563,35.740698],[113.805506,35.743389],[113.807979,35.742494],[113.806911,35.738004],[113.801346,35.73293],[113.803809,35.728806],[113.801457,35.72569],[113.799923,35.713571],[113.792751,35.69898],[113.794219,35.695314],[113.787662,35.692141],[113.784119,35.687892],[113.779657,35.688036],[113.780226,35.686966],[113.777441,35.686217],[113.780705,35.682633],[113.781403,35.679241],[113.786204,35.679757],[113.785574,35.674464],[113.788878,35.675311],[113.793299,35.673465],[113.798775,35.674178],[113.805249,35.672677],[113.811512,35.676832],[113.820526,35.675403],[113.825911,35.678034],[113.843187,35.677742],[113.857955,35.682278],[113.867049,35.681634],[113.869641,35.673578],[113.870081,35.662815],[113.874766,35.655216],[113.898964,35.635094],[113.899943,35.62295],[113.893049,35.616272],[113.894756,35.607206],[113.892459,35.604076],[113.894555,35.599622],[113.89119,35.597432],[113.892567,35.596081],[113.890121,35.592671],[113.899267,35.588984],[113.899837,35.585111],[113.910466,35.58506],[113.909507,35.584319],[113.912465,35.582609],[113.914833,35.577657],[113.912264,35.574474],[113.912454,35.570962],[113.925371,35.571599],[113.935055,35.565314],[113.935564,35.558551],[113.94283,35.553158],[113.940348,35.551684],[113.939646,35.546689],[113.936824,35.544714],[113.933972,35.546542],[113.933972,35.54434],[113.937555,35.542474],[113.939827,35.544348],[113.944281,35.541813],[113.950369,35.544766],[113.954105,35.538769],[113.949147,35.536198],[113.948396,35.533044],[113.952792,35.534564],[113.954424,35.533386],[113.952568,35.531725],[113.941591,35.530839],[113.941326,35.52827],[113.936472,35.529604],[113.935521,35.527081],[113.936042,35.52521],[113.937592,35.525512],[113.936146,35.523582],[113.941176,35.521445],[113.942273,35.51845],[113.946255,35.492455],[113.941253,35.483019],[113.936372,35.461148],[113.929653,35.448167],[113.928534,35.447797],[113.927307,35.451038],[113.923184,35.451791],[113.915531,35.449345],[113.917755,35.441441],[113.911716,35.438243],[113.910086,35.4336],[113.906789,35.431315],[113.904442,35.4305],[113.899283,35.434356],[113.88846,35.432236],[113.879021,35.427884],[113.875547,35.415815],[113.876569,35.411867],[113.874074,35.409778],[113.874822,35.406615],[113.876319,35.406233],[113.875301,35.402951],[113.871988,35.402715],[113.869096,35.406412],[113.866173,35.406867],[113.85934,35.398751],[113.856088,35.389749],[113.852892,35.38785]]]}},{"type":"Feature","properties":{"dt_adcode":"410783"},"geometry":{"type":"Polygon","coordinates":[[[114.488337,35.206803],[114.494775,35.22013],[114.50413,35.228309],[114.513371,35.232676],[114.527104,35.235635],[114.541451,35.242791],[114.546204,35.250679],[114.549378,35.261884],[114.563752,35.276859],[114.586181,35.282305],[114.596793,35.286097],[114.607469,35.292666],[114.627343,35.298273],[114.642921,35.297152],[114.661204,35.291759],[114.681249,35.291515],[114.683118,35.298072],[114.679129,35.298705],[114.680012,35.30145],[114.69295,35.300313],[114.698312,35.306765],[114.701678,35.328986],[114.697283,35.334496],[114.697413,35.337506],[114.699501,35.339904],[114.729374,35.344588],[114.739882,35.344368],[114.754536,35.341328],[114.7653,35.345703],[114.780914,35.343044],[114.805558,35.345437],[114.809465,35.347524],[114.809618,35.354235],[114.811453,35.356829],[114.833967,35.370301],[114.847412,35.382664],[114.856914,35.387803],[114.879366,35.387454],[114.898093,35.390783],[114.915639,35.386856],[114.945124,35.383283],[114.951232,35.380798],[114.960858,35.36973],[114.964279,35.359759],[114.96817,35.35441],[114.981322,35.350935],[115.017248,35.337443],[115.014545,35.318105],[115.004767,35.317273],[114.997873,35.312087],[114.980733,35.295299],[114.963951,35.274607],[114.976091,35.269998],[114.975563,35.261549],[114.973158,35.259926],[114.965531,35.259124],[114.95771,35.261153],[114.95464,35.255472],[114.939703,35.252665],[114.92972,35.248211],[114.932506,35.19864],[114.931467,35.196343],[114.928285,35.194787],[114.890934,35.192362],[114.876557,35.189018],[114.861677,35.182397],[114.85614,35.178377],[114.842411,35.163574],[114.840507,35.155756],[114.841695,35.151171],[114.860669,35.13742],[114.872546,35.126003],[114.885313,35.111171],[114.887213,35.102671],[114.876276,35.091118],[114.861173,35.082972],[114.835731,35.076552],[114.83183,35.074177],[114.819254,35.051785],[114.823532,35.046663],[114.834,35.04217],[114.852135,35.041567],[114.855191,35.035147],[114.850791,35.027083],[114.84227,35.020381],[114.831013,35.01437],[114.824646,35.012292],[114.818507,35.015054],[114.8004,35.006711],[114.782212,34.990972],[114.755533,34.999489],[114.754698,35.008545],[114.751308,35.009579],[114.743302,35.016103],[114.73195,35.017127],[114.722677,35.025267],[114.709994,35.040174],[114.669933,35.072966],[114.657203,35.091743],[114.653687,35.103549],[114.648284,35.110345],[114.643997,35.119851],[114.634951,35.127995],[114.61625,35.136108],[114.609694,35.136061],[114.583524,35.143221],[114.556954,35.169658],[114.548084,35.174891],[114.533963,35.177725],[114.507149,35.169528],[114.495492,35.169568],[114.488337,35.206803]]]}},{"type":"Feature","properties":{"dt_adcode":"410802"},"geometry":{"type":"Polygon","coordinates":[[[113.191273,35.177585],[113.206983,35.181722],[113.204772,35.192662],[113.208252,35.194204],[113.208043,35.196386],[113.210898,35.196582],[113.209571,35.203256],[113.202034,35.201841],[113.200677,35.208147],[113.197773,35.207044],[113.197005,35.209508],[113.193392,35.209264],[113.193263,35.211227],[113.187983,35.210695],[113.187499,35.214016],[113.194331,35.21664],[113.193133,35.218754],[113.188233,35.21598],[113.184601,35.216437],[113.184042,35.213536],[113.178399,35.212289],[113.177909,35.215389],[113.180499,35.215444],[113.179256,35.215809],[113.18014,35.217908],[113.181886,35.217744],[113.180789,35.218186],[113.182296,35.218764],[113.181828,35.22163],[113.190769,35.228098],[113.188665,35.237241],[113.185162,35.23926],[113.18612,35.24081],[113.182368,35.241137],[113.185002,35.241532],[113.185073,35.244065],[113.187637,35.2443],[113.187139,35.248426],[113.183357,35.250905],[113.176002,35.249066],[113.174406,35.251472],[113.174557,35.258569],[113.170555,35.264562],[113.16871,35.271563],[113.182046,35.279193],[113.18508,35.28323],[113.183666,35.292429],[113.187779,35.298331],[113.198435,35.306249],[113.207846,35.311152],[113.213267,35.312179],[113.224343,35.288742],[113.234039,35.275347],[113.245097,35.268948],[113.238927,35.268064],[113.239652,35.264179],[113.238147,35.260549],[113.242513,35.259473],[113.242699,35.257684],[113.229749,35.256008],[113.235752,35.252291],[113.233905,35.249959],[113.236971,35.247595],[113.239499,35.241137],[113.243517,35.238522],[113.250207,35.207625],[113.251516,35.207702],[113.255186,35.19869],[113.25115,35.192166],[113.237012,35.193215],[113.223504,35.191378],[113.227336,35.172972],[113.237894,35.16781],[113.238418,35.165875],[113.261335,35.161519],[113.261409,35.160174],[113.258011,35.158853],[113.233802,35.164594],[113.2264,35.163376],[113.226852,35.161024],[113.224225,35.159606],[113.225219,35.155525],[113.201569,35.156454],[113.189312,35.163855],[113.195663,35.164263],[113.194934,35.167597],[113.19727,35.168765],[113.196542,35.170738],[113.197709,35.170486],[113.194815,35.176117],[113.192261,35.176092],[113.191273,35.177585]]]}},{"type":"Feature","properties":{"dt_adcode":"410803"},"geometry":{"type":"Polygon","coordinates":[[[113.213267,35.312179],[113.207846,35.311152],[113.198435,35.306249],[113.187779,35.298331],[113.183666,35.292429],[113.18508,35.28323],[113.182046,35.279193],[113.16871,35.271563],[113.170555,35.264562],[113.174557,35.258569],[113.174406,35.251472],[113.176002,35.249066],[113.183357,35.250905],[113.187139,35.248426],[113.187637,35.2443],[113.185073,35.244065],[113.185002,35.241532],[113.182368,35.241137],[113.18612,35.24081],[113.185162,35.23926],[113.188665,35.237241],[113.190769,35.228098],[113.181828,35.22163],[113.182296,35.218764],[113.180789,35.218186],[113.181886,35.217744],[113.18014,35.217908],[113.179256,35.215809],[113.180499,35.215444],[113.177909,35.215389],[113.178399,35.212289],[113.184042,35.213536],[113.184601,35.216437],[113.188233,35.21598],[113.193133,35.218754],[113.194331,35.21664],[113.187499,35.214016],[113.187983,35.210695],[113.193263,35.211227],[113.193392,35.209264],[113.197005,35.209508],[113.197773,35.207044],[113.200677,35.208147],[113.202034,35.201841],[113.209571,35.203256],[113.210898,35.196582],[113.208043,35.196386],[113.208252,35.194204],[113.204772,35.192662],[113.206983,35.181722],[113.190215,35.177677],[113.18798,35.181655],[113.180949,35.180934],[113.179299,35.187017],[113.173671,35.188089],[113.170109,35.194082],[113.161516,35.193537],[113.160696,35.186031],[113.163052,35.186296],[113.163152,35.183954],[113.161535,35.183576],[113.137898,35.194911],[113.125254,35.197826],[113.120968,35.202787],[113.118544,35.210005],[113.112537,35.215695],[113.114162,35.232112],[113.111221,35.243398],[113.108226,35.247091],[113.097465,35.248155],[113.097676,35.255475],[113.09942,35.261293],[113.101786,35.261797],[113.10263,35.264295],[113.107436,35.268391],[113.115613,35.271645],[113.114794,35.277147],[113.10932,35.281734],[113.10861,35.284317],[113.110498,35.286809],[113.107964,35.286994],[113.106127,35.293535],[113.111455,35.294331],[113.114377,35.296876],[113.109417,35.297924],[113.108862,35.300869],[113.116304,35.311441],[113.120649,35.312632],[113.120405,35.318319],[113.121817,35.320819],[113.128738,35.324918],[113.132241,35.325345],[113.129728,35.333924],[113.136925,35.335621],[113.13952,35.338751],[113.136686,35.347335],[113.147285,35.349658],[113.148671,35.352243],[113.154328,35.349084],[113.167852,35.348704],[113.192243,35.352756],[113.205019,35.342326],[113.211549,35.331142],[113.215935,35.320061],[113.213267,35.312179]]]}},{"type":"Feature","properties":{"dt_adcode":"410804"},"geometry":{"type":"Polygon","coordinates":[[[113.329268,35.214546],[113.315663,35.220035],[113.318894,35.240992],[113.308034,35.254159],[113.304526,35.263426],[113.305091,35.265141],[113.309991,35.267137],[113.310377,35.269538],[113.305267,35.271351],[113.305347,35.274179],[113.307405,35.276713],[113.324435,35.283412],[113.336784,35.286029],[113.336881,35.289377],[113.327458,35.290484],[113.326371,35.292747],[113.321308,35.294916],[113.319527,35.303469],[113.315181,35.312652],[113.298996,35.317623],[113.312501,35.326635],[113.320899,35.336465],[113.329846,35.343273],[113.338664,35.339149],[113.341643,35.331829],[113.346498,35.326606],[113.348811,35.326891],[113.354276,35.331803],[113.36331,35.333723],[113.367423,35.335861],[113.373969,35.352071],[113.379456,35.357115],[113.386047,35.356199],[113.402992,35.3469],[113.444473,35.345717],[113.447924,35.338073],[113.448319,35.333456],[113.441298,35.324245],[113.440482,35.308619],[113.428049,35.303],[113.423079,35.298766],[113.416537,35.288933],[113.417154,35.28371],[113.414157,35.280043],[113.405269,35.27516],[113.397936,35.274762],[113.395569,35.272487],[113.391842,35.263417],[113.380491,35.251926],[113.380017,35.240707],[113.3553,35.238907],[113.35614,35.232179],[113.352744,35.227404],[113.352326,35.219871],[113.34953,35.219576],[113.350211,35.213557],[113.348738,35.213287],[113.347686,35.216556],[113.343787,35.217282],[113.34055,35.216926],[113.340991,35.214414],[113.329268,35.214546]]]}},{"type":"Feature","properties":{"dt_adcode":"410811"},"geometry":{"type":"Polygon","coordinates":[[[113.339473,35.123934],[113.336917,35.124869],[113.33699,35.122945],[113.329578,35.121758],[113.317049,35.12202],[113.316861,35.119391],[113.309965,35.12416],[113.30136,35.124862],[113.30083,35.132426],[113.295081,35.132082],[113.294964,35.125306],[113.268458,35.127473],[113.265544,35.128372],[113.264932,35.131643],[113.254538,35.136483],[113.240872,35.138799],[113.209256,35.131568],[113.209438,35.129068],[113.190649,35.125067],[113.190678,35.122387],[113.192325,35.122384],[113.191464,35.113952],[113.176407,35.112333],[113.176775,35.107948],[113.1744,35.106551],[113.17481,35.099468],[113.157928,35.097864],[113.153165,35.102191],[113.149043,35.102466],[113.149118,35.105336],[113.1525,35.105377],[113.152195,35.111833],[113.155115,35.111846],[113.154924,35.115146],[113.152778,35.115007],[113.152325,35.116703],[113.138354,35.11703],[113.134079,35.120253],[113.124684,35.12177],[113.102094,35.120502],[113.098902,35.122953],[113.093219,35.123441],[113.093941,35.140113],[113.099418,35.143906],[113.105177,35.143751],[113.105294,35.146546],[113.108978,35.146911],[113.109632,35.152009],[113.112103,35.156348],[113.113926,35.156689],[113.115132,35.171717],[113.122801,35.173801],[113.125143,35.179144],[113.130821,35.180381],[113.132035,35.18696],[113.138036,35.190077],[113.143048,35.189503],[113.143756,35.186919],[113.146572,35.187205],[113.149097,35.184118],[113.152192,35.185014],[113.153141,35.183871],[113.153351,35.185313],[113.153909,35.183589],[113.163024,35.183684],[113.163052,35.186296],[113.160696,35.186031],[113.161516,35.193537],[113.170109,35.194082],[113.173671,35.188089],[113.179299,35.187017],[113.180949,35.180934],[113.18798,35.181655],[113.190215,35.177677],[113.194815,35.176117],[113.197709,35.170486],[113.196542,35.170738],[113.19727,35.168765],[113.194934,35.167597],[113.195663,35.164263],[113.189312,35.163855],[113.201569,35.156454],[113.225219,35.155525],[113.224225,35.159606],[113.226852,35.161024],[113.2264,35.163376],[113.233802,35.164594],[113.252897,35.159777],[113.261118,35.159416],[113.261335,35.161519],[113.238418,35.165875],[113.237894,35.16781],[113.227336,35.172972],[113.223504,35.191378],[113.237012,35.193215],[113.25115,35.192166],[113.255186,35.19869],[113.251516,35.207702],[113.250207,35.207625],[113.243517,35.238522],[113.239499,35.241137],[113.236971,35.247595],[113.233905,35.249959],[113.235752,35.252291],[113.229749,35.256008],[113.242699,35.257684],[113.242513,35.259473],[113.238147,35.260549],[113.239567,35.268995],[113.245097,35.268948],[113.247142,35.26554],[113.24969,35.266013],[113.252033,35.274115],[113.271976,35.298949],[113.285168,35.311121],[113.298996,35.317623],[113.315181,35.312652],[113.319527,35.303469],[113.321308,35.294916],[113.326371,35.292747],[113.327458,35.290484],[113.336881,35.289377],[113.337268,35.287647],[113.336784,35.286029],[113.330811,35.285514],[113.307405,35.276713],[113.305347,35.274179],[113.305267,35.271351],[113.310377,35.269538],[113.309991,35.267137],[113.305091,35.265141],[113.304526,35.263426],[113.308034,35.254159],[113.318894,35.240992],[113.315663,35.220035],[113.329268,35.214546],[113.340991,35.214414],[113.34055,35.216926],[113.343787,35.217282],[113.347686,35.216556],[113.348738,35.213287],[113.350211,35.213557],[113.34953,35.219576],[113.352326,35.219871],[113.357688,35.218607],[113.359966,35.213751],[113.363834,35.212552],[113.36727,35.212785],[113.36691,35.214949],[113.368063,35.215023],[113.372317,35.210886],[113.374631,35.203384],[113.378782,35.201536],[113.386185,35.181453],[113.382545,35.178877],[113.384854,35.167408],[113.393039,35.164232],[113.39485,35.159382],[113.396237,35.159639],[113.397102,35.153862],[113.400464,35.150965],[113.402975,35.142606],[113.404153,35.143622],[113.404393,35.138368],[113.397783,35.138091],[113.397311,35.134299],[113.39405,35.133003],[113.393529,35.129669],[113.386933,35.128383],[113.373023,35.13176],[113.374911,35.129743],[113.370059,35.121741],[113.355644,35.119467],[113.355233,35.123074],[113.349753,35.126365],[113.339473,35.123934]]]}},{"type":"Feature","properties":{"dt_adcode":"410821"},"geometry":{"type":"Polygon","coordinates":[[[113.351635,35.220703],[113.35302,35.222891],[113.352744,35.227404],[113.35614,35.232179],[113.3553,35.238907],[113.380017,35.240707],[113.380491,35.251926],[113.391842,35.263417],[113.395569,35.272487],[113.397936,35.274762],[113.405269,35.27516],[113.414157,35.280043],[113.417154,35.28371],[113.416537,35.288933],[113.423079,35.298766],[113.428049,35.303],[113.440482,35.308619],[113.441298,35.324245],[113.448319,35.333456],[113.447924,35.338073],[113.444473,35.345717],[113.402992,35.3469],[113.386047,35.356199],[113.379456,35.357115],[113.373969,35.352071],[113.367423,35.335861],[113.354276,35.331803],[113.348811,35.326891],[113.346498,35.326606],[113.341643,35.331829],[113.338664,35.339149],[113.329846,35.343273],[113.306415,35.322098],[113.281066,35.307662],[113.261357,35.28645],[113.252033,35.274115],[113.24969,35.266013],[113.247142,35.26554],[113.243542,35.270254],[113.234039,35.275347],[113.224343,35.288742],[113.213267,35.312179],[113.215935,35.320061],[113.214259,35.325724],[113.205019,35.342326],[113.197382,35.349565],[113.190033,35.353073],[113.167852,35.348704],[113.154328,35.349084],[113.148671,35.352243],[113.147541,35.357723],[113.149296,35.363451],[113.14707,35.365768],[113.148971,35.370365],[113.154454,35.369649],[113.154636,35.380875],[113.156609,35.381359],[113.15854,35.377816],[113.160097,35.378204],[113.160438,35.384593],[113.165712,35.387363],[113.170137,35.386721],[113.168859,35.389552],[113.177389,35.39653],[113.17725,35.397836],[113.174697,35.397981],[113.175505,35.400444],[113.171823,35.39634],[113.166821,35.40053],[113.169479,35.401709],[113.16846,35.406618],[113.164069,35.408633],[113.166709,35.410481],[113.165255,35.414948],[113.169118,35.41338],[113.169509,35.410887],[113.175711,35.414545],[113.185223,35.409059],[113.188229,35.411957],[113.186451,35.413967],[113.188542,35.416548],[113.184721,35.417933],[113.183983,35.420321],[113.184492,35.424736],[113.190581,35.424425],[113.187678,35.427199],[113.190986,35.434113],[113.189506,35.440368],[113.191094,35.446794],[113.18849,35.448084],[113.190024,35.449059],[113.212043,35.447615],[113.222541,35.452126],[113.233791,35.452971],[113.237844,35.449423],[113.244841,35.448462],[113.253475,35.440287],[113.262137,35.440779],[113.265393,35.434594],[113.278442,35.435128],[113.298096,35.427351],[113.303279,35.426685],[113.30508,35.429162],[113.302228,35.434255],[113.297351,35.438536],[113.296902,35.444178],[113.299472,35.450185],[113.305964,35.455079],[113.306412,35.460793],[113.309019,35.460941],[113.312428,35.457711],[113.315147,35.451864],[113.323944,35.453336],[113.323837,35.457823],[113.322193,35.461564],[113.309452,35.466154],[113.294674,35.467263],[113.295552,35.471539],[113.312346,35.481261],[113.318669,35.478909],[113.325919,35.469271],[113.348187,35.468343],[113.357729,35.479405],[113.370792,35.480101],[113.383155,35.495044],[113.387317,35.491636],[113.390766,35.485793],[113.392119,35.472223],[113.394959,35.468176],[113.404033,35.461509],[113.409953,35.459709],[113.418482,35.452809],[113.427614,35.448905],[113.447733,35.43246],[113.458823,35.413283],[113.464499,35.392203],[113.479802,35.37653],[113.482219,35.369964],[113.476185,35.363926],[113.468942,35.364939],[113.465983,35.363836],[113.465831,35.358831],[113.468471,35.357211],[113.470009,35.353209],[113.466583,35.34971],[113.473641,35.342655],[113.480024,35.33973],[113.478006,35.325659],[113.479908,35.320518],[113.485028,35.316266],[113.486444,35.294104],[113.490543,35.292443],[113.511027,35.294294],[113.514649,35.288772],[113.518791,35.288796],[113.520207,35.272748],[113.523241,35.26364],[113.532658,35.253796],[113.538824,35.243221],[113.541695,35.233955],[113.540431,35.228408],[113.53371,35.222575],[113.528183,35.220116],[113.521463,35.211511],[113.521089,35.192914],[113.525982,35.180976],[113.51692,35.175958],[113.50496,35.162794],[113.493002,35.161287],[113.475054,35.156452],[113.464541,35.153021],[113.454543,35.146951],[113.450156,35.147262],[113.448487,35.151422],[113.440827,35.160629],[113.436726,35.160815],[113.441544,35.139621],[113.440915,35.135764],[113.438997,35.136309],[113.433719,35.144183],[113.434083,35.151635],[113.429418,35.156839],[113.424996,35.148931],[113.419785,35.145608],[113.416632,35.141429],[113.409421,35.142255],[113.404304,35.139104],[113.404153,35.143622],[113.402975,35.142606],[113.400464,35.150965],[113.397102,35.153862],[113.396237,35.159639],[113.39485,35.159382],[113.393039,35.164232],[113.384854,35.167408],[113.382545,35.178877],[113.386185,35.181453],[113.378782,35.201536],[113.374631,35.203384],[113.372317,35.210886],[113.368063,35.215023],[113.36691,35.214949],[113.36727,35.212785],[113.359966,35.213751],[113.357688,35.218607],[113.351635,35.220703]]]}},{"type":"Feature","properties":{"dt_adcode":"410822"},"geometry":{"type":"Polygon","coordinates":[[[113.158221,35.184213],[113.153909,35.183589],[113.153351,35.185313],[113.153141,35.183871],[113.152192,35.185014],[113.149097,35.184118],[113.146572,35.187205],[113.143756,35.186919],[113.143048,35.189503],[113.138036,35.190077],[113.132035,35.18696],[113.130821,35.180381],[113.125143,35.179144],[113.122801,35.173801],[113.115132,35.171717],[113.113926,35.156689],[113.112103,35.156348],[113.109632,35.152009],[113.108978,35.146911],[113.105294,35.146546],[113.105177,35.143751],[113.099418,35.143906],[113.093941,35.140113],[113.093219,35.123441],[113.098902,35.122953],[113.102094,35.120502],[113.124684,35.12177],[113.134079,35.120253],[113.138354,35.11703],[113.152325,35.116703],[113.152778,35.115007],[113.154924,35.115146],[113.155115,35.111846],[113.152195,35.111833],[113.1525,35.105377],[113.149118,35.105336],[113.149043,35.102466],[113.153165,35.102191],[113.157928,35.097864],[113.17481,35.099468],[113.1744,35.106551],[113.176775,35.107948],[113.176407,35.112333],[113.181197,35.112812],[113.179861,35.110791],[113.177995,35.084676],[113.173204,35.071317],[113.17296,35.064212],[113.169694,35.061331],[113.162677,35.061436],[113.157712,35.057059],[113.158942,35.049687],[113.162034,35.046656],[113.134187,35.038333],[113.096238,35.044637],[113.064911,35.040117],[113.042084,35.040893],[113.030394,35.046487],[112.994302,35.080767],[112.978191,35.089233],[112.97253,35.099173],[112.964552,35.104797],[112.964135,35.10804],[112.968516,35.117537],[112.968386,35.122525],[112.966653,35.125089],[112.958973,35.127472],[112.95142,35.150085],[112.952891,35.152958],[112.963652,35.157274],[112.967337,35.165214],[112.988613,35.182727],[112.996118,35.196303],[113.013347,35.209828],[113.013337,35.210869],[113.011068,35.209531],[113.013288,35.215113],[113.016862,35.215454],[113.011299,35.215537],[113.005028,35.225089],[113.002823,35.225495],[113.000077,35.220932],[112.999441,35.215829],[112.991692,35.211177],[112.987422,35.212176],[112.986281,35.214141],[112.988156,35.221366],[112.987764,35.228318],[112.993629,35.234542],[112.994554,35.237694],[112.990851,35.244563],[112.991792,35.248615],[112.988725,35.250687],[112.981902,35.250388],[112.978879,35.254335],[112.986286,35.262604],[112.99589,35.261713],[112.999952,35.268737],[113.000458,35.277269],[113.007457,35.284057],[113.01077,35.291941],[113.009079,35.294034],[113.000146,35.296427],[113.005123,35.301634],[113.002893,35.30517],[112.989201,35.308222],[112.987912,35.310758],[112.985046,35.311619],[112.98632,35.316614],[112.985325,35.338136],[112.994069,35.345428],[112.990866,35.355726],[112.995302,35.358431],[112.996485,35.362171],[113.001421,35.361692],[113.007903,35.357919],[113.020212,35.356027],[113.03826,35.360574],[113.060594,35.352283],[113.067129,35.353569],[113.084078,35.340506],[113.096226,35.337365],[113.107612,35.340798],[113.122086,35.332356],[113.126562,35.332239],[113.129728,35.333924],[113.132241,35.325345],[113.128738,35.324918],[113.121817,35.320819],[113.120405,35.318319],[113.120649,35.312632],[113.116304,35.311441],[113.108862,35.300869],[113.109417,35.297924],[113.114377,35.296876],[113.111455,35.294331],[113.106127,35.293535],[113.107964,35.286994],[113.110498,35.286809],[113.10861,35.284317],[113.10932,35.281734],[113.114794,35.277147],[113.115613,35.271645],[113.107436,35.268391],[113.101973,35.263631],[113.101786,35.261797],[113.09942,35.261293],[113.097339,35.248363],[113.108226,35.247091],[113.111221,35.243398],[113.114162,35.232112],[113.112537,35.215695],[113.118544,35.210005],[113.120968,35.202787],[113.124462,35.198553],[113.130693,35.195706],[113.137898,35.194911],[113.145931,35.189994],[113.152088,35.189181],[113.158221,35.184213]]]}},{"type":"Feature","properties":{"dt_adcode":"410823"},"geometry":{"type":"Polygon","coordinates":[[[113.644747,35.04018],[113.646866,35.021833],[113.645492,35.019226],[113.636408,35.017156],[113.636057,35.014379],[113.630844,35.015231],[113.63727,35.008327],[113.644352,35.004377],[113.634488,34.997703],[113.617671,34.992181],[113.616664,34.989453],[113.607647,34.982374],[113.59527,34.961871],[113.59454,34.942122],[113.592067,34.933735],[113.574821,34.95059],[113.552569,34.965139],[113.543293,34.968018],[113.515098,34.965995],[113.495842,34.959924],[113.477368,34.957298],[113.449673,34.960224],[113.429433,34.964762],[113.429659,34.977317],[113.427189,34.983561],[113.419905,34.987763],[113.407826,34.989506],[113.388816,34.985063],[113.371223,34.977674],[113.343456,34.950517],[113.328229,34.943302],[113.315292,34.942209],[113.289889,34.952577],[113.277293,34.953966],[113.262866,34.948522],[113.251759,34.942587],[113.236979,34.925192],[113.227676,34.908414],[113.220324,34.906602],[113.222959,34.907659],[113.215061,34.928673],[113.212022,34.933186],[113.205628,34.931861],[113.198604,34.947169],[113.19602,34.955363],[113.198236,34.957411],[113.196849,34.965192],[113.189973,34.964924],[113.18711,34.973279],[113.178268,34.971333],[113.176761,34.972107],[113.175636,34.978218],[113.17121,34.977894],[113.170413,34.97907],[113.166577,34.995316],[113.169,34.9976],[113.168472,35.001255],[113.172792,35.000426],[113.172349,35.00262],[113.174589,35.003166],[113.172823,35.007333],[113.174539,35.008451],[113.173582,35.011106],[113.172164,35.011039],[113.170899,35.019044],[113.172361,35.019215],[113.172137,35.022702],[113.173952,35.022698],[113.173056,35.03193],[113.170571,35.032316],[113.16867,35.042911],[113.165309,35.046367],[113.159929,35.048354],[113.157521,35.055558],[113.158778,35.058912],[113.162677,35.061436],[113.169694,35.061331],[113.17296,35.064212],[113.173204,35.071317],[113.177995,35.084676],[113.179861,35.110791],[113.181197,35.112812],[113.191464,35.113952],[113.192325,35.122384],[113.190678,35.122387],[113.190649,35.125067],[113.209438,35.129068],[113.209256,35.131568],[113.243016,35.138805],[113.256198,35.135746],[113.264932,35.131643],[113.265544,35.128372],[113.268458,35.127473],[113.294964,35.125306],[113.295081,35.132082],[113.30083,35.132426],[113.30136,35.124862],[113.309965,35.12416],[113.316861,35.119391],[113.317049,35.12202],[113.329578,35.121758],[113.33699,35.122945],[113.336917,35.124869],[113.339473,35.123934],[113.349753,35.126365],[113.355233,35.123074],[113.355644,35.119467],[113.364236,35.120174],[113.370059,35.121741],[113.374911,35.129743],[113.373023,35.13176],[113.388715,35.128435],[113.394089,35.13019],[113.39405,35.133003],[113.397311,35.134299],[113.397783,35.138091],[113.404393,35.138368],[113.409421,35.142255],[113.416632,35.141429],[113.419785,35.145608],[113.424996,35.148931],[113.428349,35.156764],[113.434083,35.151635],[113.433719,35.144183],[113.438997,35.136309],[113.440915,35.135764],[113.440955,35.142626],[113.436608,35.15685],[113.436726,35.160815],[113.438006,35.161373],[113.440827,35.160629],[113.448487,35.151422],[113.450156,35.147262],[113.454543,35.146951],[113.464541,35.153021],[113.475054,35.156452],[113.493002,35.161287],[113.50496,35.162794],[113.51692,35.175958],[113.525982,35.180976],[113.527581,35.173174],[113.532796,35.164568],[113.534939,35.151782],[113.546712,35.142443],[113.564447,35.138185],[113.564567,35.127709],[113.568923,35.126475],[113.583037,35.131337],[113.591516,35.132198],[113.593848,35.131149],[113.60024,35.12073],[113.607057,35.099298],[113.61459,35.084693],[113.620449,35.06853],[113.627622,35.056683],[113.63253,35.054472],[113.644747,35.04018]]]}},{"type":"Feature","properties":{"dt_adcode":"410825"},"geometry":{"type":"Polygon","coordinates":[[[112.857598,34.987766],[112.870213,34.992689],[112.876326,35.000613],[112.874809,35.004984],[112.87579,35.009313],[112.878556,35.010304],[112.886431,35.008495],[112.888253,35.015451],[112.89345,35.017734],[112.903075,35.015856],[112.910758,35.001942],[112.910983,34.993018],[112.92365,34.990062],[112.929917,34.985416],[112.934308,34.985346],[112.953232,34.997076],[112.956462,35.000608],[112.960747,35.014641],[112.968375,35.018746],[112.971676,35.01823],[112.974874,35.030125],[112.978621,35.033079],[112.995952,35.029791],[113.004633,35.026453],[113.013689,35.025839],[113.013036,35.021994],[113.020766,35.021015],[113.021625,35.022256],[113.027813,35.020335],[113.028174,35.016932],[113.041673,35.014276],[113.041913,35.015448],[113.045198,35.015187],[113.046238,35.021204],[113.047569,35.020826],[113.048997,35.022854],[113.049904,35.029417],[113.048494,35.039933],[113.064911,35.040117],[113.096238,35.044637],[113.134187,35.038333],[113.148291,35.043585],[113.165309,35.046367],[113.16867,35.042911],[113.170571,35.032316],[113.173056,35.03193],[113.173952,35.022698],[113.172137,35.022702],[113.172361,35.019215],[113.170899,35.019044],[113.172164,35.011039],[113.173582,35.011106],[113.174539,35.008451],[113.172823,35.007333],[113.174589,35.003166],[113.172349,35.00262],[113.172792,35.000426],[113.168472,35.001255],[113.169,34.9976],[113.166577,34.995316],[113.170413,34.97907],[113.17121,34.977894],[113.175636,34.978218],[113.176761,34.972107],[113.178268,34.971333],[113.18711,34.973279],[113.189973,34.964924],[113.196849,34.965192],[113.198236,34.957411],[113.19602,34.955363],[113.203344,34.936249],[113.205628,34.931861],[113.212022,34.933186],[113.217256,34.924287],[113.220225,34.917283],[113.218717,34.916585],[113.222959,34.907659],[113.179537,34.893685],[113.156935,34.887483],[113.14005,34.884802],[113.147914,34.85612],[113.119406,34.853981],[113.115656,34.847603],[113.107662,34.844687],[113.060251,34.837555],[113.048185,34.838283],[113.03959,34.841964],[113.025033,34.854921],[113.016049,34.860452],[112.996144,34.864892],[112.992876,34.863522],[112.989058,34.856322],[112.981599,34.85072],[112.942998,34.831097],[112.938171,34.831598],[112.932188,34.835588],[112.928922,34.867168],[112.930309,34.898011],[112.927135,34.912724],[112.928873,34.915411],[112.921289,34.921049],[112.913152,34.922537],[112.911193,34.92512],[112.903649,34.925741],[112.903119,34.928884],[112.899929,34.931258],[112.90012,34.933269],[112.89811,34.933571],[112.898271,34.936314],[112.90008,34.936273],[112.90161,34.939716],[112.901281,34.949096],[112.898302,34.951076],[112.889315,34.950715],[112.888116,34.947612],[112.887696,34.953279],[112.885698,34.954562],[112.887467,34.960367],[112.882772,34.966068],[112.876308,34.966155],[112.877157,34.970629],[112.878926,34.969386],[112.88079,34.975094],[112.882922,34.974967],[112.882562,34.977522],[112.876998,34.978998],[112.87532,34.983589],[112.86787,34.982604],[112.863308,34.985885],[112.86168,34.984295],[112.858545,34.98445],[112.857598,34.987766]]]}},{"type":"Feature","properties":{"dt_adcode":"410882"},"geometry":{"type":"Polygon","coordinates":[[[113.048494,35.039933],[113.049904,35.029417],[113.048997,35.022854],[113.047569,35.020826],[113.046238,35.021204],[113.045198,35.015187],[113.041913,35.015448],[113.041673,35.014276],[113.028174,35.016932],[113.027813,35.020335],[113.021625,35.022256],[113.020766,35.021015],[113.013036,35.021994],[113.013689,35.025839],[113.004633,35.026453],[112.98181,35.033163],[112.977715,35.032759],[112.974874,35.030125],[112.971676,35.01823],[112.968375,35.018746],[112.960747,35.014641],[112.956462,35.000608],[112.953232,34.997076],[112.934308,34.985346],[112.929917,34.985416],[112.92365,34.990062],[112.910983,34.993018],[112.910081,35.003593],[112.903075,35.015856],[112.897347,35.017806],[112.888253,35.015451],[112.886431,35.008495],[112.878556,35.010304],[112.87579,35.009313],[112.874809,35.004984],[112.876196,35.000294],[112.867144,34.990706],[112.860141,34.989541],[112.852897,34.996529],[112.830146,34.991083],[112.812046,34.993819],[112.806493,35.000574],[112.794019,35.00505],[112.792234,35.012513],[112.781794,35.019524],[112.778481,35.023863],[112.76663,35.033125],[112.753443,35.039171],[112.742186,35.040608],[112.735286,35.043339],[112.736053,35.060011],[112.743344,35.064574],[112.745811,35.067869],[112.749218,35.080868],[112.75357,35.086309],[112.753806,35.098071],[112.763148,35.10401],[112.767324,35.109625],[112.764678,35.122624],[112.76586,35.13712],[112.763039,35.140591],[112.764568,35.154058],[112.761982,35.158057],[112.766889,35.182961],[112.766481,35.187519],[112.764338,35.192297],[112.757611,35.19812],[112.758011,35.204413],[112.76578,35.203588],[112.772558,35.207524],[112.779899,35.219575],[112.785979,35.224818],[112.784801,35.235226],[112.789293,35.237978],[112.798249,35.238671],[112.812628,35.25012],[112.816017,35.257632],[112.841376,35.255635],[112.84977,35.252415],[112.853852,35.254113],[112.857101,35.247358],[112.868116,35.243911],[112.884217,35.244004],[112.886204,35.246251],[112.894949,35.248738],[112.908786,35.245998],[112.924268,35.252417],[112.933145,35.260973],[112.936651,35.271888],[112.934182,35.278315],[112.934286,35.282178],[112.936052,35.284391],[112.948179,35.285984],[112.966079,35.293296],[112.984032,35.287307],[112.988956,35.289982],[112.991893,35.296103],[112.991554,35.302325],[112.989201,35.308222],[113.002893,35.30517],[113.005123,35.301634],[113.000146,35.296427],[113.010108,35.293364],[113.009166,35.287605],[113.000458,35.277269],[112.999952,35.268737],[112.99589,35.261713],[112.986286,35.262604],[112.978879,35.254335],[112.981902,35.250388],[112.988725,35.250687],[112.991792,35.248615],[112.990851,35.244563],[112.994554,35.237694],[112.993629,35.234542],[112.987764,35.228318],[112.988156,35.221366],[112.986281,35.214141],[112.987422,35.212176],[112.991692,35.211177],[112.999441,35.215829],[113.000077,35.220932],[113.002823,35.225495],[113.005028,35.225089],[113.011299,35.215537],[113.016862,35.215454],[113.013288,35.215113],[113.011068,35.209531],[113.013337,35.210869],[113.013347,35.209828],[112.996118,35.196303],[112.988613,35.182727],[112.967337,35.165214],[112.963652,35.157274],[112.952891,35.152958],[112.951402,35.149112],[112.958973,35.127472],[112.966653,35.125089],[112.968386,35.122525],[112.968516,35.117537],[112.964135,35.10804],[112.964552,35.104797],[112.97253,35.099173],[112.978191,35.089233],[112.994302,35.080767],[113.030394,35.046487],[113.042084,35.040893],[113.048494,35.039933]]]}},{"type":"Feature","properties":{"dt_adcode":"410883"},"geometry":{"type":"Polygon","coordinates":[[[112.827295,34.819195],[112.822379,34.8257],[112.813384,34.832897],[112.799857,34.836252],[112.780918,34.837476],[112.753275,34.828577],[112.722132,34.828817],[112.711308,34.835057],[112.696736,34.84062],[112.676091,34.85318],[112.656639,34.859626],[112.642759,34.85659],[112.63819,34.854188],[112.635836,34.880399],[112.636358,34.882667],[112.640828,34.88586],[112.642342,34.889856],[112.64189,34.896249],[112.638177,34.896976],[112.638292,34.919907],[112.618213,34.920306],[112.585373,34.926514],[112.580682,34.930046],[112.577744,34.94534],[112.571677,34.948774],[112.571383,34.95695],[112.569217,34.958609],[112.578076,34.970689],[112.581597,34.97245],[112.59985,34.971702],[112.606084,34.973528],[112.614197,34.979998],[112.62478,34.977888],[112.644664,34.978881],[112.65038,34.981655],[112.651964,34.986774],[112.654618,34.989601],[112.666451,34.987506],[112.675938,34.993522],[112.684598,35.012506],[112.688306,35.016247],[112.698966,35.023206],[112.727106,35.035038],[112.735286,35.043339],[112.742186,35.040608],[112.753443,35.039171],[112.76663,35.033125],[112.778481,35.023863],[112.781794,35.019524],[112.792234,35.012513],[112.794019,35.00505],[112.806493,35.000574],[112.812046,34.993819],[112.830146,34.991083],[112.849562,34.996535],[112.853729,34.996176],[112.860141,34.989541],[112.857598,34.987766],[112.858545,34.98445],[112.86168,34.984295],[112.863308,34.985885],[112.86787,34.982604],[112.87532,34.983589],[112.876998,34.978998],[112.882562,34.977522],[112.882922,34.974967],[112.88079,34.975094],[112.878926,34.969386],[112.877157,34.970629],[112.876308,34.966155],[112.882772,34.966068],[112.887467,34.960367],[112.885698,34.954562],[112.887696,34.953279],[112.888116,34.947612],[112.889315,34.950715],[112.898302,34.951076],[112.901281,34.949096],[112.90161,34.939716],[112.90008,34.936273],[112.898271,34.936314],[112.89811,34.933571],[112.90012,34.933269],[112.899929,34.931258],[112.903119,34.928884],[112.903649,34.925741],[112.911193,34.92512],[112.913152,34.922537],[112.921289,34.921049],[112.928873,34.915411],[112.927135,34.912724],[112.930309,34.898011],[112.928922,34.867168],[112.932188,34.835588],[112.914156,34.847476],[112.902329,34.852286],[112.884541,34.85307],[112.879137,34.849693],[112.873222,34.832826],[112.866478,34.829538],[112.857151,34.813738],[112.853528,34.810741],[112.838643,34.812133],[112.827295,34.819195]]]}},{"type":"Feature","properties":{"dt_adcode":"410902"},"geometry":{"type":"Polygon","coordinates":[[[115.248774,35.787254],[115.238438,35.777815],[115.224926,35.771316],[115.211697,35.759766],[115.198976,35.752907],[115.178991,35.747424],[115.167843,35.748554],[115.161806,35.753782],[115.154589,35.752678],[115.154698,35.755018],[115.157902,35.758883],[115.155198,35.759419],[115.151615,35.763636],[115.149178,35.761179],[115.145795,35.763745],[115.140193,35.761012],[115.12679,35.763698],[115.125058,35.762099],[115.126497,35.760501],[115.121665,35.754298],[115.113821,35.747653],[115.098767,35.741743],[115.088975,35.726454],[115.087219,35.725899],[115.050769,35.728964],[115.050623,35.731146],[115.040236,35.731437],[115.036391,35.733597],[115.035318,35.73247],[115.030121,35.732901],[115.030249,35.734324],[115.028531,35.734324],[115.029949,35.738196],[115.017927,35.738319],[115.016743,35.735574],[115.001298,35.735314],[114.989117,35.701711],[115.003846,35.699141],[114.997742,35.688105],[114.995794,35.687229],[114.996444,35.688522],[114.993827,35.690875],[114.992381,35.686989],[114.987989,35.684269],[114.982504,35.684389],[114.979834,35.68026],[114.972901,35.684783],[114.970854,35.683577],[114.970844,35.684988],[114.962738,35.687299],[114.961875,35.685717],[114.959719,35.688673],[114.946616,35.689558],[114.949332,35.692154],[114.942918,35.694924],[114.934793,35.693012],[114.927693,35.694555],[114.927212,35.693394],[114.925359,35.694013],[114.925229,35.690771],[114.920907,35.68981],[114.921253,35.678803],[114.918352,35.678409],[114.918405,35.687946],[114.910181,35.697803],[114.910555,35.700942],[114.915167,35.705193],[114.915167,35.708794],[114.907788,35.722599],[114.895048,35.732391],[114.889609,35.738999],[114.887858,35.7535],[114.88988,35.759871],[114.893758,35.764117],[114.908434,35.765728],[114.912499,35.772469],[114.918041,35.772658],[114.921369,35.780139],[114.935233,35.790866],[114.943557,35.799741],[114.948319,35.821473],[114.943134,35.826475],[114.933011,35.828953],[114.933379,35.847816],[114.937334,35.855026],[114.943757,35.855636],[114.944227,35.858398],[114.945941,35.85618],[114.949931,35.857827],[114.953599,35.856886],[114.95365,35.858835],[114.957119,35.859692],[114.959096,35.862747],[114.965224,35.85885],[114.977163,35.85716],[114.982593,35.853803],[114.989568,35.857265],[114.9954,35.853991],[115.006401,35.854442],[115.010248,35.855437],[115.012286,35.858283],[115.025768,35.859294],[115.031368,35.854232],[115.031518,35.851277],[115.05392,35.850412],[115.05774,35.847399],[115.051773,35.842145],[115.049867,35.837469],[115.05445,35.833998],[115.052183,35.819068],[115.096421,35.814214],[115.104732,35.819387],[115.127344,35.816467],[115.139697,35.802879],[115.149655,35.800648],[115.163474,35.800162],[115.173696,35.803469],[115.196357,35.806427],[115.204562,35.809368],[115.212023,35.804926],[115.220229,35.792816],[115.242266,35.794043],[115.248036,35.792057],[115.248774,35.787254]]]}},{"type":"Feature","properties":{"dt_adcode":"410922"},"geometry":{"type":"Polygon","coordinates":[[[114.960269,35.86265],[114.96025,35.867031],[114.962186,35.868656],[114.963329,35.87443],[114.969984,35.881359],[114.970821,35.890202],[114.97786,35.904719],[114.978044,35.910468],[114.972818,35.921487],[114.972305,35.926012],[114.979999,35.943554],[114.980278,35.949811],[114.988897,35.967726],[114.988705,35.972111],[114.983339,35.982898],[114.986174,35.991853],[114.985669,35.996434],[114.9823,36.000143],[114.983372,36.002618],[114.98149,36.002807],[114.979937,35.999638],[114.979905,36.002403],[114.977802,35.999402],[114.974243,35.999031],[114.974838,36.00487],[114.972701,36.005569],[114.974232,36.012233],[114.977069,36.012784],[114.979861,36.018759],[114.983365,36.019426],[114.983959,36.025816],[114.964305,36.034373],[114.94246,36.038116],[114.920774,36.048341],[114.932144,36.050089],[114.93385,36.055822],[114.944628,36.063223],[114.949725,36.062816],[114.954564,36.067808],[114.958727,36.067558],[114.967819,36.070496],[114.974849,36.06676],[114.990723,36.066155],[114.998437,36.069713],[115.014048,36.08447],[115.01838,36.080579],[115.023423,36.069565],[115.025642,36.068722],[115.030942,36.061307],[115.029806,36.058231],[115.033521,36.053878],[115.029506,36.043863],[115.031653,36.041217],[115.036184,36.041537],[115.034522,36.042959],[115.037307,36.04492],[115.051132,36.046048],[115.051777,36.049255],[115.070687,36.046187],[115.069967,36.043299],[115.071943,36.042834],[115.072917,36.04016],[115.088916,36.045021],[115.100792,36.046153],[115.103209,36.042689],[115.102642,36.039352],[115.106586,36.038579],[115.10413,36.036807],[115.110278,36.034512],[115.108931,36.030734],[115.116289,36.027735],[115.113756,36.020012],[115.119998,36.018935],[115.126345,36.029359],[115.128732,36.030788],[115.135364,36.033311],[115.142527,36.031745],[115.144549,36.035238],[115.148761,36.03725],[115.158924,36.033817],[115.160219,36.036011],[115.162863,36.031695],[115.159524,36.028446],[115.161708,36.027466],[115.157485,36.021237],[115.159147,36.018528],[115.165922,36.016434],[115.165108,36.011654],[115.169988,36.01194],[115.175884,36.009722],[115.175963,36.002806],[115.178623,36.002748],[115.179036,36.004616],[115.187263,36.004764],[115.190031,36.010051],[115.192215,36.009677],[115.200587,36.014776],[115.203328,36.014389],[115.201393,35.989],[115.20277,35.985766],[115.206366,35.983174],[115.212267,35.981594],[115.220562,35.982783],[115.222678,35.984537],[115.225166,35.991274],[115.225262,35.994875],[115.219081,35.997537],[115.219273,36.005525],[115.250542,36.008108],[115.257929,36.005846],[115.266283,35.995668],[115.29498,35.99401],[115.302242,35.997391],[115.309324,36.013123],[115.314553,36.015947],[115.321209,36.01536],[115.330187,36.007667],[115.355724,36.006559],[115.363587,36.004356],[115.387443,36.002448],[115.395982,35.991672],[115.391551,35.987122],[115.390073,35.977702],[115.388083,35.975115],[115.371072,35.97489],[115.363123,35.972015],[115.356501,35.954621],[115.353359,35.940281],[115.354142,35.937512],[115.364136,35.929495],[115.367414,35.920336],[115.364271,35.894037],[115.360112,35.879187],[115.357472,35.878688],[115.356893,35.870243],[115.354892,35.869272],[115.343625,35.872135],[115.342841,35.870156],[115.339292,35.870644],[115.338177,35.864711],[115.34185,35.864059],[115.342758,35.861919],[115.349588,35.860963],[115.346741,35.848068],[115.344755,35.848254],[115.344585,35.84315],[115.341156,35.843079],[115.344004,35.837533],[115.339879,35.829929],[115.335718,35.814315],[115.33502,35.796723],[115.320583,35.78395],[115.309481,35.779128],[115.308344,35.776781],[115.30605,35.778807],[115.305017,35.776434],[115.296822,35.776262],[115.297342,35.778974],[115.295653,35.780724],[115.293663,35.793142],[115.279101,35.787724],[115.275268,35.776524],[115.267318,35.776425],[115.259476,35.77356],[115.245344,35.774948],[115.2461,35.783975],[115.248774,35.787254],[115.248036,35.792057],[115.242266,35.794043],[115.220229,35.792816],[115.212023,35.804926],[115.204562,35.809368],[115.196357,35.806427],[115.173696,35.803469],[115.163474,35.800162],[115.149655,35.800648],[115.139697,35.802879],[115.127344,35.816467],[115.104732,35.819387],[115.096421,35.814214],[115.052183,35.819068],[115.05445,35.833998],[115.049867,35.837469],[115.051773,35.842145],[115.05774,35.847399],[115.05392,35.850412],[115.031518,35.851277],[115.031368,35.854232],[115.025768,35.859294],[115.012286,35.858283],[115.010248,35.855437],[115.006401,35.854442],[114.9954,35.853991],[114.989568,35.857265],[114.982593,35.853803],[114.977163,35.85716],[114.965224,35.85885],[114.960269,35.86265]]]}},{"type":"Feature","properties":{"dt_adcode":"410923"},"geometry":{"type":"Polygon","coordinates":[[[115.483553,36.14897],[115.485169,36.139686],[115.484251,36.125833],[115.481744,36.122303],[115.473947,36.098136],[115.468824,36.092223],[115.467881,36.083621],[115.465081,36.082723],[115.46674,36.081883],[115.466387,36.079691],[115.459796,36.080393],[115.455103,36.071273],[115.45684,36.070821],[115.456478,36.068848],[115.459283,36.068522],[115.459573,36.063354],[115.455436,36.06369],[115.455561,36.061211],[115.453112,36.060827],[115.451169,36.062181],[115.449514,36.059329],[115.446133,36.058346],[115.445775,36.055225],[115.441592,36.055751],[115.440951,36.052629],[115.443241,36.052359],[115.443895,36.047158],[115.445609,36.047177],[115.446186,36.049788],[115.446935,36.047518],[115.448874,36.047395],[115.4494,36.03131],[115.447347,36.021775],[115.447507,36.011817],[115.44308,36.008871],[115.419664,36.00474],[115.395982,35.991672],[115.387443,36.002448],[115.363587,36.004356],[115.355724,36.006559],[115.330187,36.007667],[115.321209,36.01536],[115.314553,36.015947],[115.309324,36.013123],[115.302242,35.997391],[115.29498,35.99401],[115.266283,35.995668],[115.257929,36.005846],[115.250542,36.008108],[115.219273,36.005525],[115.219081,35.997537],[115.225262,35.994875],[115.225166,35.991274],[115.222678,35.984537],[115.220562,35.982783],[115.212267,35.981594],[115.206366,35.983174],[115.20277,35.985766],[115.201393,35.989],[115.203328,36.014389],[115.200587,36.014776],[115.192215,36.009677],[115.190031,36.010051],[115.187263,36.004764],[115.179036,36.004616],[115.178623,36.002748],[115.175963,36.002806],[115.175884,36.009722],[115.169988,36.01194],[115.165108,36.011654],[115.165922,36.016434],[115.159147,36.018528],[115.157485,36.021237],[115.161708,36.027466],[115.159524,36.028446],[115.162863,36.031695],[115.160219,36.036011],[115.158924,36.033817],[115.148761,36.03725],[115.144549,36.035238],[115.142527,36.031745],[115.135364,36.033311],[115.128732,36.030788],[115.126345,36.029359],[115.119998,36.018935],[115.113756,36.020012],[115.116289,36.027735],[115.108931,36.030734],[115.110278,36.034512],[115.10413,36.036807],[115.106586,36.038579],[115.102642,36.039352],[115.103209,36.042689],[115.100792,36.046153],[115.088916,36.045021],[115.072917,36.04016],[115.071943,36.042834],[115.069967,36.043299],[115.070687,36.046187],[115.051777,36.049255],[115.051132,36.046048],[115.037307,36.04492],[115.034522,36.042959],[115.036184,36.041537],[115.031653,36.041217],[115.029506,36.043863],[115.033521,36.053878],[115.029806,36.058231],[115.030942,36.061307],[115.025642,36.068722],[115.023423,36.069565],[115.01838,36.080579],[115.014048,36.08447],[115.046281,36.112774],[115.04701,36.117223],[115.044459,36.127721],[115.049373,36.147307],[115.047241,36.158983],[115.059647,36.175539],[115.062702,36.178221],[115.069549,36.179433],[115.0995,36.171658],[115.10458,36.172212],[115.110399,36.199406],[115.115477,36.206237],[115.124977,36.209969],[115.142863,36.209673],[115.150237,36.207261],[115.156683,36.201895],[115.156873,36.19469],[115.170689,36.190973],[115.181901,36.193319],[115.182745,36.195159],[115.184296,36.193455],[115.185674,36.195207],[115.189219,36.195561],[115.189779,36.198861],[115.191813,36.198641],[115.191977,36.200499],[115.194486,36.200171],[115.196376,36.202293],[115.19843,36.207706],[115.196993,36.207593],[115.19644,36.210183],[115.201776,36.212761],[115.201371,36.2095],[115.205372,36.209606],[115.205027,36.212808],[115.206913,36.212988],[115.207417,36.209595],[115.202189,36.208227],[115.202957,36.204041],[115.213348,36.203502],[115.222935,36.198228],[115.242118,36.191239],[115.249034,36.185973],[115.260396,36.171568],[115.264086,36.158827],[115.276741,36.140412],[115.27933,36.137829],[115.2981,36.132403],[115.301143,36.1301],[115.301978,36.12299],[115.297262,36.109134],[115.29754,36.10447],[115.307984,36.090729],[115.318902,36.086962],[115.323252,36.086786],[115.333251,36.09059],[115.342874,36.0877],[115.365998,36.099282],[115.372661,36.109265],[115.374053,36.120393],[115.376828,36.127875],[115.390872,36.128536],[115.392627,36.129184],[115.395581,36.135529],[115.397824,36.135467],[115.40047,36.143887],[115.397022,36.147772],[115.399834,36.148046],[115.405081,36.159916],[115.406593,36.159843],[115.404617,36.155624],[115.407213,36.155],[115.407111,36.148546],[115.409207,36.148292],[115.404356,36.144106],[115.404359,36.142527],[115.406738,36.142607],[115.407786,36.13956],[115.412764,36.13796],[115.420052,36.13842],[115.423652,36.140356],[115.431301,36.149167],[115.434257,36.15018],[115.449644,36.150157],[115.450926,36.152095],[115.451301,36.169731],[115.45434,36.171664],[115.463915,36.171274],[115.465843,36.159081],[115.469988,36.152885],[115.483553,36.14897]]]}},{"type":"Feature","properties":{"dt_adcode":"410926"},"geometry":{"type":"MultiPolygon","coordinates":[[[[115.665093,35.751049],[115.643076,35.743848],[115.62569,35.742108],[115.622461,35.739365],[115.588901,35.738518],[115.587387,35.731811],[115.584505,35.73037],[115.562493,35.738646],[115.55982,35.73762],[115.556736,35.732266],[115.552792,35.730336],[115.533226,35.734155],[115.528806,35.733613],[115.525492,35.726881],[115.511517,35.727153],[115.497905,35.719621],[115.485944,35.710142],[115.461463,35.680836],[115.452439,35.660721],[115.439357,35.643471],[115.423596,35.630924],[115.412656,35.63422],[115.412474,35.638652],[115.396595,35.644931],[115.390681,35.655271],[115.387353,35.655455],[115.368496,35.639546],[115.365539,35.641204],[115.363227,35.658241],[115.364985,35.662953],[115.363133,35.670525],[115.355732,35.678917],[115.356193,35.682427],[115.357864,35.684462],[115.362674,35.685023],[115.384679,35.682097],[115.387825,35.684871],[115.387826,35.688012],[115.383912,35.693672],[115.380158,35.694158],[115.380739,35.695279],[115.379316,35.694338],[115.378446,35.695587],[115.367277,35.696602],[115.367568,35.698814],[115.366736,35.696882],[115.362458,35.697236],[115.356957,35.700218],[115.358049,35.709215],[115.353613,35.71558],[115.352683,35.720934],[115.358427,35.744218],[115.357689,35.754744],[115.352506,35.771497],[115.363145,35.779458],[115.370912,35.788842],[115.407583,35.808666],[115.417931,35.824989],[115.427165,35.830186],[115.426885,35.833823],[115.432841,35.833863],[115.43384,35.839059],[115.460081,35.867749],[115.503398,35.888704],[115.548194,35.897998],[115.583752,35.921719],[115.589006,35.923654],[115.607327,35.925837],[115.632351,35.923114],[115.635868,35.920588],[115.642411,35.920035],[115.64797,35.922222],[115.653076,35.929887],[115.669984,35.927467],[115.685248,35.908936],[115.688205,35.907314],[115.700415,35.907152],[115.708926,35.900241],[115.708274,35.897008],[115.701152,35.887484],[115.703368,35.881579],[115.711966,35.873235],[115.714997,35.866511],[115.696032,35.844979],[115.706916,35.840057],[115.753128,35.832936],[115.734851,35.832927],[115.733615,35.826751],[115.732132,35.827244],[115.727929,35.815629],[115.720267,35.817103],[115.718288,35.811419],[115.720513,35.81068],[115.717421,35.802747],[115.706399,35.805616],[115.704437,35.788918],[115.696273,35.788904],[115.696273,35.782481],[115.698044,35.781575],[115.69825,35.768404],[115.695529,35.768399],[115.695528,35.763952],[115.693549,35.763702],[115.693548,35.754067],[115.665093,35.751049]]],[[[115.494621,35.8974],[115.492658,35.899705],[115.491198,35.898202],[115.487389,35.900424],[115.487257,35.902189],[115.483697,35.902069],[115.483337,35.907642],[115.499189,35.91349],[115.501317,35.918189],[115.508169,35.917531],[115.504726,35.912106],[115.501186,35.911654],[115.499415,35.909786],[115.499544,35.907344],[115.50163,35.906557],[115.501636,35.902434],[115.502848,35.902443],[115.50051,35.901218],[115.500744,35.898449],[115.494621,35.8974]]]]}},{"type":"Feature","properties":{"dt_adcode":"410927"},"geometry":{"type":"Polygon","coordinates":[[[116.052571,35.999137],[116.048681,35.970291],[116.042243,35.967396],[116.038589,35.963406],[116.008491,35.973125],[115.992107,35.974545],[115.911826,35.960277],[115.910806,35.953843],[115.908659,35.953938],[115.908936,35.945255],[115.906332,35.945403],[115.910382,35.933669],[115.907837,35.926859],[115.900384,35.924144],[115.875106,35.92017],[115.870312,35.914904],[115.872593,35.914936],[115.872409,35.909369],[115.884768,35.909099],[115.885307,35.904497],[115.889073,35.897546],[115.883257,35.895393],[115.88286,35.879879],[115.878482,35.878091],[115.87863,35.87372],[115.876068,35.875058],[115.875133,35.859211],[115.871392,35.858336],[115.872592,35.872783],[115.86998,35.872705],[115.869702,35.868782],[115.865482,35.868631],[115.863087,35.855536],[115.859737,35.854491],[115.859932,35.857878],[115.840897,35.857197],[115.841305,35.849999],[115.821354,35.85267],[115.819837,35.846528],[115.816803,35.84589],[115.816803,35.844252],[115.808284,35.845085],[115.808517,35.848069],[115.801456,35.848197],[115.773365,35.854175],[115.76547,35.84331],[115.763742,35.83837],[115.752881,35.83837],[115.753128,35.832936],[115.706916,35.840057],[115.696032,35.844979],[115.714997,35.866511],[115.711966,35.873235],[115.703368,35.881579],[115.701152,35.887484],[115.708274,35.897008],[115.708926,35.900241],[115.700415,35.907152],[115.688205,35.907314],[115.685248,35.908936],[115.669984,35.927467],[115.653076,35.929887],[115.664613,35.935847],[115.67966,35.94046],[115.684603,35.945216],[115.689961,35.961647],[115.699408,35.966306],[115.717902,35.971388],[115.735989,35.966907],[115.764324,35.970973],[115.774688,35.97453],[115.774506,35.981889],[115.78671,35.991216],[115.781702,35.99205],[115.780415,35.994567],[115.800613,36.008449],[115.817267,36.012752],[115.835379,36.011556],[115.850017,36.003681],[115.85968,36.003709],[115.866037,36.008039],[115.86945,36.015329],[115.895987,36.026201],[115.91924,36.019691],[115.935875,36.031433],[115.948724,36.036992],[115.964077,36.041596],[115.989818,36.04545],[116.016399,36.061366],[116.028808,36.072297],[116.057409,36.104916],[116.099359,36.112064],[116.097987,36.11016],[116.100242,36.104668],[116.09664,36.104356],[116.098106,36.100562],[116.09691,36.092185],[116.0948,36.092501],[116.09446,36.090612],[116.091758,36.089457],[116.091946,36.081218],[116.087788,36.080951],[116.088525,36.07619],[116.086899,36.076189],[116.087126,36.071408],[116.088751,36.07139],[116.089941,36.066063],[116.085121,36.065851],[116.084402,36.06192],[116.080262,36.059365],[116.091282,36.05773],[116.08546,36.054041],[116.076082,36.056903],[116.077065,36.051444],[116.079258,36.048971],[116.079541,36.042622],[116.077631,36.039634],[116.076306,36.031299],[116.073657,36.026137],[116.062855,36.028898],[116.052571,35.999137]]]}},{"type":"Feature","properties":{"dt_adcode":"410928"},"geometry":{"type":"Polygon","coordinates":[[[114.918352,35.678409],[114.921253,35.678803],[114.920907,35.68981],[114.925229,35.690771],[114.925359,35.694013],[114.927212,35.693394],[114.927693,35.694555],[114.934793,35.693012],[114.942918,35.694924],[114.949332,35.692154],[114.946616,35.689558],[114.959719,35.688673],[114.961875,35.685717],[114.962738,35.687299],[114.970844,35.684988],[114.970854,35.683577],[114.972901,35.684783],[114.979834,35.68026],[114.982504,35.684389],[114.987989,35.684269],[114.992381,35.686989],[114.993827,35.690875],[114.996444,35.688522],[114.995794,35.687229],[114.997742,35.688105],[115.003846,35.699141],[114.989117,35.701711],[115.001298,35.735314],[115.016743,35.735574],[115.017927,35.738319],[115.029949,35.738196],[115.028531,35.734324],[115.030249,35.734324],[115.030121,35.732901],[115.035318,35.73247],[115.036391,35.733597],[115.040236,35.731437],[115.050623,35.731146],[115.050769,35.728964],[115.087219,35.725899],[115.088975,35.726454],[115.098767,35.741743],[115.113821,35.747653],[115.121665,35.754298],[115.126497,35.760501],[115.125058,35.762099],[115.12679,35.763698],[115.140193,35.761012],[115.145795,35.763745],[115.149178,35.761179],[115.151615,35.763636],[115.155198,35.759419],[115.157902,35.758883],[115.154698,35.755018],[115.154589,35.752678],[115.161806,35.753782],[115.167843,35.748554],[115.178991,35.747424],[115.198976,35.752907],[115.211697,35.759766],[115.224926,35.771316],[115.238438,35.777815],[115.2461,35.783975],[115.245344,35.774948],[115.259476,35.77356],[115.267318,35.776425],[115.275268,35.776524],[115.279101,35.787724],[115.293663,35.793142],[115.295653,35.780724],[115.297342,35.778974],[115.296822,35.776262],[115.305017,35.776434],[115.30605,35.778807],[115.308344,35.776781],[115.309481,35.779128],[115.320583,35.78395],[115.33502,35.796723],[115.363528,35.779921],[115.352323,35.77025],[115.357689,35.754744],[115.358427,35.744218],[115.352683,35.720934],[115.353613,35.71558],[115.358049,35.709215],[115.356957,35.700218],[115.362458,35.697236],[115.366736,35.696882],[115.367568,35.698814],[115.367277,35.696602],[115.378446,35.695587],[115.379316,35.694338],[115.380739,35.695279],[115.380158,35.694158],[115.383912,35.693672],[115.387826,35.688012],[115.387825,35.684871],[115.384679,35.682097],[115.362674,35.685023],[115.357864,35.684462],[115.356193,35.682427],[115.355732,35.678917],[115.363133,35.670525],[115.364985,35.662953],[115.363227,35.658241],[115.365539,35.641204],[115.368496,35.639546],[115.387353,35.655455],[115.390681,35.655271],[115.396595,35.644931],[115.412474,35.638652],[115.412656,35.63422],[115.423596,35.630924],[115.416213,35.624001],[115.411872,35.603589],[115.394487,35.586905],[115.389724,35.577317],[115.38374,35.577664],[115.383275,35.568897],[115.370732,35.57103],[115.369476,35.559749],[115.36625,35.560103],[115.36625,35.562788],[115.359259,35.565463],[115.358002,35.554718],[115.355312,35.55543],[115.352085,35.551843],[115.345091,35.553621],[115.345987,35.546998],[115.364878,35.541176],[115.36451,35.539426],[115.359236,35.540081],[115.358717,35.538785],[115.353518,35.540567],[115.350289,35.52946],[115.357949,35.506556],[115.359161,35.493376],[115.355774,35.490148],[115.339085,35.490686],[115.307132,35.479993],[115.286688,35.464487],[115.28153,35.464061],[115.275305,35.458331],[115.270824,35.456834],[115.272616,35.448291],[115.257485,35.435589],[115.237345,35.423105],[115.224839,35.421533],[115.209828,35.423102],[115.197912,35.420687],[115.189528,35.425127],[115.182451,35.425947],[115.167661,35.426108],[115.159491,35.427796],[115.13934,35.426141],[115.122789,35.421134],[115.126606,35.408745],[115.123126,35.407254],[115.122297,35.400285],[115.117823,35.400122],[115.117991,35.418376],[115.115008,35.417381],[115.11484,35.404106],[115.109496,35.403477],[115.101908,35.405768],[115.098425,35.408256],[115.093946,35.415888],[115.091622,35.416053],[115.088136,35.411404],[115.084817,35.410074],[115.088799,35.398129],[115.088633,35.392985],[115.075416,35.37515],[115.070185,35.374073],[115.057767,35.378475],[115.043254,35.376983],[115.035116,35.368303],[115.025351,35.346331],[115.017686,35.340573],[115.017248,35.337443],[114.981322,35.350935],[114.96817,35.35441],[114.964279,35.359759],[114.960858,35.36973],[114.951232,35.380798],[114.964012,35.39339],[114.967617,35.39922],[114.985798,35.414329],[114.981539,35.434111],[114.963825,35.440679],[114.962093,35.442723],[114.961901,35.446123],[114.967684,35.456716],[114.968112,35.468583],[114.972467,35.479484],[114.966702,35.480716],[114.947335,35.478147],[114.943211,35.478809],[114.939141,35.482232],[114.940629,35.491438],[114.944031,35.495845],[114.953307,35.501795],[114.964345,35.504742],[114.966984,35.507519],[114.969484,35.51801],[114.968424,35.537569],[114.96583,35.544399],[114.965457,35.55726],[114.961992,35.571432],[114.958146,35.578144],[114.952871,35.581088],[114.908546,35.585961],[114.903971,35.588223],[114.884781,35.599851],[114.882389,35.607149],[114.883031,35.616086],[114.874458,35.623899],[114.875472,35.628885],[114.883632,35.63689],[114.887604,35.645856],[114.905861,35.649613],[114.908936,35.658989],[114.918629,35.663656],[114.918352,35.678409]]]}},{"type":"Feature","properties":{"dt_adcode":"411002"},"geometry":{"type":"Polygon","coordinates":[[[113.817972,34.085886],[113.834676,34.083192],[113.842039,34.074001],[113.856774,34.072929],[113.859978,34.071462],[113.861673,34.059254],[113.872427,34.057761],[113.874724,34.039072],[113.876756,34.03751],[113.881064,34.026007],[113.885085,34.023624],[113.885411,34.012167],[113.875558,34.003738],[113.871802,34.002958],[113.863764,34.003026],[113.856605,34.010859],[113.839504,34.00909],[113.840252,34.006778],[113.837739,34.006632],[113.839454,34.004979],[113.838108,34.004901],[113.838556,34.00168],[113.839952,34.001147],[113.838367,34.00089],[113.838456,33.998799],[113.835097,33.998669],[113.835088,33.994203],[113.830475,33.992456],[113.830946,33.988343],[113.833836,33.98972],[113.834901,33.984708],[113.826175,33.985693],[113.826306,33.990936],[113.820929,33.992302],[113.821106,33.99808],[113.803796,34.000434],[113.793859,33.997939],[113.795068,33.993384],[113.793357,33.989359],[113.783512,33.988267],[113.78331,33.989787],[113.780203,33.989824],[113.78001,33.992974],[113.775642,33.992981],[113.775638,33.990721],[113.778415,33.989844],[113.777609,33.984037],[113.773495,33.9849],[113.773449,33.986559],[113.766257,33.984857],[113.766841,33.989445],[113.764453,33.989514],[113.764211,33.993302],[113.762186,33.99329],[113.762199,33.994493],[113.765058,33.99462],[113.764929,33.998199],[113.763121,33.998753],[113.764048,34.005328],[113.766917,34.009483],[113.766361,34.014868],[113.783632,34.018153],[113.785361,34.018881],[113.786366,34.022701],[113.780823,34.029461],[113.774524,34.031123],[113.771011,34.030229],[113.767981,34.026848],[113.756113,34.024544],[113.747434,34.025707],[113.744038,34.028078],[113.744039,34.03885],[113.747247,34.041657],[113.775622,34.051577],[113.780267,34.064262],[113.786121,34.066059],[113.803897,34.062634],[113.804039,34.066958],[113.793959,34.071758],[113.790006,34.076233],[113.789491,34.080006],[113.792494,34.092676],[113.800131,34.094781],[113.803386,34.094221],[113.817972,34.085886]]]}},{"type":"Feature","properties":{"dt_adcode":"411003"},"geometry":{"type":"Polygon","coordinates":[[[113.846956,33.872728],[113.811734,33.879469],[113.813075,33.883943],[113.811725,33.884033],[113.812141,33.886341],[113.807478,33.886571],[113.80694,33.880989],[113.804933,33.882404],[113.801456,33.881268],[113.797832,33.883892],[113.796358,33.881203],[113.788856,33.882962],[113.783008,33.880948],[113.778063,33.884919],[113.768336,33.884318],[113.765537,33.883636],[113.765396,33.882197],[113.767336,33.881812],[113.767443,33.879505],[113.76994,33.879165],[113.770186,33.877645],[113.773743,33.877657],[113.773914,33.87516],[113.770027,33.874902],[113.770396,33.872864],[113.762971,33.872396],[113.762816,33.869218],[113.76544,33.869311],[113.765521,33.867246],[113.760694,33.866657],[113.760337,33.868477],[113.746553,33.867725],[113.746324,33.869483],[113.736291,33.868831],[113.73603,33.871288],[113.733035,33.870814],[113.731145,33.873517],[113.728062,33.87413],[113.724083,33.872296],[113.723595,33.869668],[113.72029,33.869469],[113.718694,33.866292],[113.719306,33.858753],[113.718029,33.854381],[113.711043,33.855053],[113.709474,33.852744],[113.69741,33.85485],[113.691036,33.8585],[113.691298,33.860756],[113.693645,33.86068],[113.695013,33.866015],[113.697738,33.869106],[113.698464,33.875034],[113.701228,33.874978],[113.701289,33.876891],[113.699845,33.877992],[113.694116,33.87731],[113.693881,33.881459],[113.688178,33.886023],[113.687818,33.892306],[113.692199,33.892146],[113.69235,33.894173],[113.695109,33.894436],[113.686123,33.936652],[113.686229,33.948106],[113.681039,33.953621],[113.635598,33.966864],[113.630654,33.970323],[113.624167,33.987074],[113.617065,33.99581],[113.615916,34.004075],[113.612873,34.005106],[113.612683,34.008167],[113.608934,34.009926],[113.616385,34.019141],[113.613465,34.02117],[113.606485,34.017017],[113.601547,34.01662],[113.598535,34.018517],[113.596927,34.022091],[113.601578,34.026815],[113.596661,34.029651],[113.595968,34.036246],[113.589421,34.040929],[113.589375,34.043734],[113.602892,34.04771],[113.605653,34.055528],[113.614183,34.062056],[113.612596,34.068426],[113.608363,34.071833],[113.604573,34.078212],[113.609364,34.088484],[113.617049,34.098424],[113.617953,34.108269],[113.614759,34.123406],[113.615906,34.12821],[113.625738,34.148088],[113.638007,34.160172],[113.641406,34.170466],[113.647186,34.167238],[113.659293,34.154767],[113.661249,34.157028],[113.660006,34.154109],[113.664476,34.149986],[113.673867,34.147199],[113.711601,34.158489],[113.733746,34.159978],[113.753171,34.163458],[113.755856,34.159593],[113.775374,34.163431],[113.792432,34.158006],[113.796741,34.161799],[113.803994,34.164702],[113.835471,34.170907],[113.84653,34.170663],[113.857885,34.176329],[113.862732,34.176494],[113.872741,34.163515],[113.878633,34.16236],[113.883894,34.165052],[113.885769,34.171622],[113.883248,34.173189],[113.884451,34.176047],[113.89475,34.179201],[113.907904,34.17541],[113.910824,34.177385],[113.912769,34.183378],[113.916788,34.185229],[113.919351,34.181483],[113.929629,34.182312],[113.931057,34.180638],[113.930598,34.17744],[113.927477,34.176268],[113.926621,34.174214],[113.918687,34.172967],[113.917748,34.170228],[113.917931,34.168333],[113.92189,34.166004],[113.92356,34.15735],[113.925666,34.155039],[113.935802,34.155804],[113.940041,34.15812],[113.944158,34.161117],[113.949017,34.168186],[113.966313,34.171368],[113.971742,34.170013],[113.983704,34.175363],[113.989212,34.174404],[114.007628,34.179711],[114.012172,34.174128],[114.014304,34.167309],[114.036958,34.160599],[114.04811,34.154814],[114.064465,34.152709],[114.072243,34.149011],[114.07047,34.145767],[114.070078,34.139411],[114.071033,34.137381],[114.076046,34.13506],[114.077088,34.132637],[114.072874,34.128101],[114.071162,34.122876],[114.064488,34.118087],[114.064166,34.115054],[114.065061,34.112917],[114.069736,34.110357],[114.087142,34.109324],[114.088739,34.106617],[114.088886,34.096827],[114.086463,34.093617],[114.079221,34.090364],[114.050878,34.087125],[114.051503,34.07779],[114.055571,34.063433],[114.05383,34.041345],[114.059162,34.032153],[114.061262,34.016114],[114.063816,34.013428],[114.077756,34.010508],[114.078541,34.009188],[114.077713,34.006994],[114.081737,33.997987],[114.081999,33.992647],[114.074668,33.991134],[114.074391,33.988781],[114.070243,33.985834],[114.078439,33.979529],[114.078452,33.976852],[114.081238,33.975435],[114.077508,33.975441],[114.077334,33.973553],[114.069814,33.971582],[114.069669,33.968169],[114.067644,33.966223],[114.059149,33.965375],[114.053858,33.978771],[114.050336,33.981105],[114.037741,33.986056],[114.021954,33.98724],[114.008749,33.985507],[113.99906,33.981834],[113.977501,33.9815],[113.95198,33.973635],[113.925489,33.960307],[113.922085,33.957429],[113.915534,33.945167],[113.911942,33.946124],[113.911461,33.94986],[113.901304,33.948491],[113.901797,33.946639],[113.898638,33.945671],[113.90058,33.94303],[113.893306,33.942552],[113.888007,33.943427],[113.885748,33.949011],[113.8737,33.948321],[113.868872,33.945063],[113.869016,33.946741],[113.859764,33.948579],[113.860971,33.942157],[113.857441,33.939781],[113.860876,33.932565],[113.859012,33.931771],[113.859342,33.930227],[113.861825,33.930861],[113.863005,33.927759],[113.861264,33.92757],[113.860854,33.92358],[113.864822,33.924033],[113.87127,33.909614],[113.860083,33.907237],[113.859635,33.895363],[113.861345,33.895697],[113.861487,33.884508],[113.859543,33.878827],[113.853076,33.873333],[113.846956,33.872728]],[[113.813484,33.887389],[113.815144,33.88456],[113.818749,33.885043],[113.817461,33.88747],[113.813484,33.887389]],[[113.819221,33.891609],[113.825286,33.890208],[113.82562,33.892558],[113.819221,33.891609]],[[113.834326,33.993505],[113.835097,33.998669],[113.838456,33.998799],[113.838367,34.00089],[113.839952,34.001147],[113.838556,34.00168],[113.838108,34.004901],[113.839454,34.004979],[113.837739,34.006632],[113.840252,34.006778],[113.839504,34.00909],[113.856605,34.010859],[113.863764,34.003026],[113.871802,34.002958],[113.875558,34.003738],[113.885411,34.012167],[113.885085,34.023624],[113.881064,34.026007],[113.876756,34.03751],[113.874724,34.039072],[113.872427,34.057761],[113.861673,34.059254],[113.859978,34.071462],[113.856774,34.072929],[113.842039,34.074001],[113.834676,34.083192],[113.817972,34.085886],[113.803386,34.094221],[113.800131,34.094781],[113.792494,34.092676],[113.789491,34.080006],[113.790006,34.076233],[113.793959,34.071758],[113.804039,34.066958],[113.803897,34.062634],[113.786121,34.066059],[113.780267,34.064262],[113.775622,34.051577],[113.747247,34.041657],[113.744039,34.03885],[113.744038,34.028078],[113.747434,34.025707],[113.756113,34.024544],[113.767981,34.026848],[113.771011,34.030229],[113.774524,34.031123],[113.780823,34.029461],[113.786366,34.022701],[113.785361,34.018881],[113.783632,34.018153],[113.766361,34.014868],[113.766917,34.009483],[113.764048,34.005328],[113.763121,33.998753],[113.764929,33.998199],[113.765058,33.99462],[113.762199,33.994493],[113.762186,33.99329],[113.764211,33.993302],[113.764453,33.989514],[113.766841,33.989445],[113.766257,33.984857],[113.773449,33.986559],[113.773495,33.9849],[113.777609,33.984037],[113.778415,33.989844],[113.775638,33.990721],[113.775642,33.992981],[113.78001,33.992974],[113.780203,33.989824],[113.78331,33.989787],[113.783512,33.988267],[113.793357,33.989359],[113.795068,33.993384],[113.793774,33.997847],[113.797799,33.999858],[113.809062,34.000221],[113.821106,33.99808],[113.820929,33.992302],[113.826306,33.990936],[113.827153,33.984828],[113.834901,33.984708],[113.833836,33.98972],[113.830946,33.988343],[113.830475,33.992456],[113.834326,33.993505]]]}},{"type":"Feature","properties":{"dt_adcode":"411024"},"geometry":{"type":"Polygon","coordinates":[[[114.258377,34.251903],[114.263184,34.248053],[114.264344,34.248934],[114.266503,34.247134],[114.265363,34.246183],[114.268053,34.242843],[114.272653,34.242345],[114.273041,34.22789],[114.279343,34.226974],[114.280173,34.223584],[114.284025,34.221907],[114.283654,34.218555],[114.285995,34.218228],[114.287655,34.206966],[114.283702,34.201009],[114.281642,34.202408],[114.277519,34.195361],[114.276198,34.190789],[114.278029,34.18962],[114.274666,34.178714],[114.274686,34.175593],[114.277667,34.177196],[114.277397,34.175195],[114.275268,34.174646],[114.287458,34.137036],[114.287813,34.129797],[114.285102,34.120879],[114.273829,34.107532],[114.273403,34.102576],[114.262857,34.098148],[114.262137,34.095867],[114.270404,34.063206],[114.271115,34.053792],[114.272261,34.051867],[114.27668,34.052157],[114.279815,34.050447],[114.281959,34.046598],[114.28853,34.020591],[114.286946,34.013531],[114.287685,34.00569],[114.29317,34.004956],[114.29368,34.000896],[114.296633,34.00113],[114.296797,33.998825],[114.305813,33.999384],[114.305933,33.997464],[114.307836,33.997467],[114.307815,33.994346],[114.31066,33.994211],[114.312241,33.981612],[114.307057,33.978249],[114.306796,33.972114],[114.310549,33.963297],[114.310333,33.959976],[114.302863,33.959648],[114.299895,33.953042],[114.305389,33.890671],[114.311891,33.881867],[114.316328,33.882026],[114.311318,33.871421],[114.315846,33.865751],[114.314282,33.863068],[114.314676,33.859855],[114.312158,33.859265],[114.313415,33.856617],[114.312343,33.853396],[114.301114,33.852362],[114.301215,33.843288],[114.301584,33.842127],[114.310994,33.842524],[114.312524,33.838006],[114.315555,33.836923],[114.316109,33.833189],[114.323354,33.832886],[114.324601,33.827792],[114.323103,33.824264],[114.325057,33.818315],[114.324409,33.815009],[114.315627,33.807079],[114.313053,33.80012],[114.313051,33.787211],[114.309982,33.781357],[114.284859,33.770232],[114.246509,33.780845],[114.242591,33.790795],[114.240312,33.791866],[114.234826,33.790671],[114.229257,33.792786],[114.217591,33.793139],[114.211495,33.798119],[114.212024,33.806228],[114.207446,33.797535],[114.20367,33.800574],[114.197342,33.797732],[114.195637,33.799873],[114.189232,33.802131],[114.179478,33.799315],[114.179124,33.805341],[114.177687,33.806629],[114.174294,33.801054],[114.17059,33.803121],[114.161476,33.799804],[114.157408,33.80219],[114.155046,33.809309],[114.159626,33.816174],[114.145942,33.841959],[114.132459,33.853599],[114.117079,33.861979],[114.114176,33.86696],[114.118068,33.873936],[114.125391,33.878671],[114.127922,33.88277],[114.12685,33.90164],[114.123589,33.90798],[114.125464,33.916381],[114.119252,33.92508],[114.116041,33.924807],[114.114529,33.928058],[114.103787,33.925796],[114.104754,33.919973],[114.102245,33.920518],[114.101982,33.922967],[114.097492,33.923162],[114.097887,33.924871],[114.102065,33.924518],[114.102484,33.929514],[114.107333,33.930724],[114.105231,33.93369],[114.101833,33.935224],[114.087316,33.934661],[114.083583,33.945481],[114.076711,33.952662],[114.064892,33.949245],[114.059568,33.951199],[114.05669,33.953978],[114.055407,33.964267],[114.067644,33.966223],[114.069669,33.968169],[114.069814,33.971582],[114.077334,33.973553],[114.077508,33.975441],[114.081238,33.975435],[114.078452,33.976852],[114.078439,33.979529],[114.070243,33.985834],[114.074391,33.988781],[114.074668,33.991134],[114.081999,33.992647],[114.081737,33.997987],[114.077713,34.006994],[114.078541,34.009188],[114.077756,34.010508],[114.063816,34.013428],[114.061262,34.016114],[114.059162,34.032153],[114.05383,34.041345],[114.055571,34.063433],[114.051503,34.07779],[114.050878,34.087125],[114.079221,34.090364],[114.086463,34.093617],[114.088886,34.096827],[114.088739,34.106617],[114.087142,34.109324],[114.069736,34.110357],[114.065061,34.112917],[114.064166,34.115054],[114.064488,34.118087],[114.071162,34.122876],[114.072874,34.128101],[114.077088,34.132637],[114.076046,34.13506],[114.071033,34.137381],[114.070078,34.139411],[114.07047,34.145767],[114.072243,34.149011],[114.083873,34.148953],[114.090072,34.150599],[114.092147,34.155307],[114.089361,34.162973],[114.091714,34.167183],[114.106394,34.167187],[114.120637,34.159835],[114.128609,34.159258],[114.132308,34.161713],[114.134016,34.168701],[114.140426,34.179035],[114.132207,34.187801],[114.129289,34.198204],[114.13744,34.197429],[114.143623,34.200987],[114.155354,34.202037],[114.158557,34.205242],[114.16048,34.213547],[114.163249,34.215039],[114.195956,34.216477],[114.199367,34.220503],[114.200363,34.230485],[114.210251,34.241239],[114.216296,34.242301],[114.223476,34.239976],[114.246433,34.240445],[114.248374,34.243811],[114.249882,34.243621],[114.250692,34.247452],[114.257117,34.246921],[114.258377,34.251903]]]}},{"type":"Feature","properties":{"dt_adcode":"411025"},"geometry":{"type":"Polygon","coordinates":[[[113.383064,33.828126],[113.385776,33.834836],[113.385578,33.841364],[113.383181,33.845025],[113.378552,33.847801],[113.376604,33.852483],[113.36761,33.862696],[113.362903,33.870378],[113.360738,33.880001],[113.365479,33.890527],[113.381591,33.912023],[113.386086,33.927816],[113.395782,33.935577],[113.406444,33.940486],[113.412203,33.939247],[113.414762,33.942797],[113.416552,33.942756],[113.416831,33.943936],[113.414893,33.944187],[113.415633,33.948277],[113.414493,33.948428],[113.414903,33.952989],[113.413774,33.952969],[113.414894,33.956829],[113.416763,33.956639],[113.417183,33.958549],[113.419352,33.958138],[113.419502,33.960639],[113.420801,33.960658],[113.420831,33.967059],[113.418334,33.972072],[113.420213,33.978412],[113.417972,33.983553],[113.415948,33.98345],[113.413428,33.987047],[113.424828,34.005093],[113.43036,34.008043],[113.442727,34.004543],[113.453198,34.005398],[113.492603,34.020016],[113.506066,34.020142],[113.524709,34.01496],[113.534621,34.014887],[113.541169,34.01909],[113.54117,34.02863],[113.549763,34.029516],[113.551354,34.021111],[113.550445,34.014073],[113.555473,34.010609],[113.565101,34.010545],[113.596913,34.018939],[113.601547,34.01662],[113.606485,34.017017],[113.614215,34.021051],[113.616385,34.019141],[113.615914,34.01703],[113.608934,34.009926],[113.612683,34.008167],[113.612873,34.005106],[113.615916,34.004075],[113.617065,33.99581],[113.624167,33.987074],[113.630654,33.970323],[113.635598,33.966864],[113.681039,33.953621],[113.686229,33.948106],[113.686123,33.936652],[113.695109,33.894436],[113.69235,33.894173],[113.692199,33.892146],[113.687818,33.892306],[113.688178,33.886023],[113.693881,33.881459],[113.694116,33.87731],[113.699845,33.877992],[113.701289,33.876891],[113.701228,33.874978],[113.698464,33.875034],[113.697738,33.869106],[113.695013,33.866015],[113.693645,33.86068],[113.691298,33.860756],[113.691036,33.8585],[113.69741,33.85485],[113.709474,33.852744],[113.711043,33.855053],[113.717676,33.854243],[113.719306,33.858753],[113.718694,33.866292],[113.72029,33.869469],[113.723595,33.869668],[113.724083,33.872296],[113.728062,33.87413],[113.731145,33.873517],[113.733035,33.870814],[113.73603,33.871288],[113.735831,33.867362],[113.738028,33.867584],[113.738334,33.865751],[113.7335,33.863999],[113.733163,33.862158],[113.733335,33.860473],[113.735656,33.860772],[113.735918,33.859186],[113.733044,33.856798],[113.729154,33.857417],[113.729199,33.856111],[113.725525,33.856421],[113.724621,33.858048],[113.724414,33.850458],[113.722426,33.848615],[113.729541,33.845016],[113.72865,33.838792],[113.731133,33.835636],[113.746916,33.82994],[113.759332,33.827928],[113.760667,33.825644],[113.761281,33.807755],[113.752952,33.791463],[113.752868,33.771461],[113.749067,33.771922],[113.74898,33.766488],[113.742673,33.766741],[113.742907,33.762663],[113.741461,33.762463],[113.740986,33.759903],[113.737939,33.759741],[113.738426,33.755419],[113.734423,33.752323],[113.737146,33.74193],[113.742938,33.742399],[113.743736,33.739143],[113.750382,33.739802],[113.752512,33.738907],[113.7514,33.737764],[113.756102,33.737066],[113.755888,33.734172],[113.759167,33.73399],[113.759326,33.731109],[113.762215,33.73179],[113.763503,33.724913],[113.762564,33.722114],[113.759266,33.722211],[113.759047,33.717519],[113.753043,33.716732],[113.753101,33.715021],[113.749996,33.715495],[113.751901,33.712893],[113.746776,33.713655],[113.741909,33.712356],[113.741793,33.702341],[113.73252,33.696025],[113.727925,33.694722],[113.724024,33.695654],[113.716427,33.710602],[113.714097,33.710613],[113.710316,33.707869],[113.707413,33.701068],[113.706755,33.693691],[113.70366,33.691459],[113.684282,33.693849],[113.669363,33.699247],[113.645086,33.695911],[113.641619,33.702497],[113.638747,33.70342],[113.637372,33.702681],[113.637409,33.69298],[113.6333,33.689473],[113.629322,33.688897],[113.621803,33.693674],[113.612491,33.695744],[113.598271,33.68753],[113.596737,33.6981],[113.604792,33.703193],[113.60872,33.709177],[113.585472,33.711033],[113.580777,33.715194],[113.587738,33.727063],[113.586126,33.731425],[113.579817,33.733067],[113.57655,33.736297],[113.574408,33.743643],[113.579036,33.753441],[113.576241,33.756534],[113.573567,33.756008],[113.571281,33.750379],[113.565776,33.751692],[113.555265,33.749361],[113.549371,33.750482],[113.542504,33.757663],[113.51798,33.750462],[113.510855,33.749826],[113.504024,33.751255],[113.489469,33.746093],[113.451018,33.739277],[113.450095,33.753552],[113.445866,33.761447],[113.434862,33.765379],[113.425833,33.7622],[113.419262,33.763705],[113.399895,33.774271],[113.391468,33.776105],[113.372135,33.784579],[113.381335,33.793339],[113.388606,33.793449],[113.393348,33.797859],[113.387995,33.799347],[113.382314,33.810629],[113.381016,33.815546],[113.383064,33.828126]]]}},{"type":"Feature","properties":{"dt_adcode":"411081"},"geometry":{"type":"Polygon","coordinates":[[[113.647397,34.282209],[113.640626,34.275375],[113.620311,34.266979],[113.61748,34.267157],[113.61407,34.271907],[113.61313,34.269766],[113.61232,34.271677],[113.61065,34.271506],[113.602642,34.266823],[113.599594,34.267763],[113.596226,34.260881],[113.598453,34.255569],[113.594825,34.247157],[113.592627,34.245006],[113.589082,34.246199],[113.584557,34.245002],[113.584367,34.246993],[113.580553,34.246777],[113.576673,34.24187],[113.583414,34.237295],[113.581322,34.226898],[113.588733,34.220438],[113.626248,34.208181],[113.628362,34.207258],[113.627554,34.204298],[113.633443,34.200666],[113.634544,34.201688],[113.642222,34.199557],[113.641902,34.197176],[113.65866,34.192746],[113.650854,34.171923],[113.644621,34.17403],[113.641406,34.170466],[113.638007,34.160172],[113.625738,34.148088],[113.615906,34.12821],[113.614759,34.123406],[113.617953,34.108269],[113.617049,34.098424],[113.609364,34.088484],[113.604573,34.078212],[113.608363,34.071833],[113.612596,34.068426],[113.614183,34.062056],[113.605653,34.055528],[113.602892,34.04771],[113.589375,34.043734],[113.589421,34.040929],[113.595968,34.036246],[113.596661,34.029651],[113.601578,34.026815],[113.596927,34.022091],[113.598299,34.018916],[113.565101,34.010545],[113.555473,34.010609],[113.550445,34.014073],[113.551354,34.021111],[113.549763,34.029516],[113.54117,34.02863],[113.541169,34.01909],[113.534621,34.014887],[113.524709,34.01496],[113.506066,34.020142],[113.492603,34.020016],[113.453198,34.005398],[113.442727,34.004543],[113.43036,34.008043],[113.421784,34.002126],[113.413428,33.987047],[113.402215,34.002664],[113.398615,34.022743],[113.394179,34.02338],[113.391107,34.027839],[113.39398,34.032072],[113.39435,34.039004],[113.39616,34.03966],[113.396242,34.040966],[113.391385,34.041989],[113.392379,34.044144],[113.385324,34.045059],[113.383751,34.037725],[113.377043,34.037188],[113.368199,34.038926],[113.367007,34.037394],[113.366227,34.039382],[113.365143,34.037701],[113.362563,34.041096],[113.354661,34.043111],[113.349202,34.042795],[113.346103,34.039285],[113.345054,34.029071],[113.339836,34.026568],[113.334529,34.027165],[113.327182,34.040924],[113.321006,34.046861],[113.320025,34.050023],[113.320706,34.054853],[113.331975,34.063263],[113.327763,34.068715],[113.316977,34.071821],[113.300407,34.082601],[113.283149,34.086818],[113.280476,34.08974],[113.278889,34.10012],[113.264411,34.098564],[113.256033,34.113951],[113.245146,34.112394],[113.240373,34.108977],[113.242028,34.102035],[113.241159,34.097965],[113.235058,34.091914],[113.227142,34.09252],[113.222341,34.102409],[113.210636,34.107457],[113.177865,34.101234],[113.167669,34.100815],[113.153601,34.105359],[113.150387,34.108125],[113.146511,34.117935],[113.140873,34.118763],[113.136424,34.123542],[113.130647,34.124082],[113.130404,34.13067],[113.126501,34.134694],[113.130801,34.142182],[113.129788,34.145735],[113.118063,34.156837],[113.114373,34.16343],[113.111931,34.164373],[113.102997,34.176801],[113.101913,34.187798],[113.106082,34.198101],[113.103877,34.20543],[113.094211,34.211168],[113.075384,34.215525],[113.069304,34.218962],[113.066994,34.22366],[113.067383,34.235447],[113.070717,34.249114],[113.077328,34.262679],[113.080319,34.265366],[113.082467,34.266451],[113.101365,34.262109],[113.135822,34.272181],[113.142584,34.272786],[113.144907,34.269674],[113.152047,34.266374],[113.157429,34.267839],[113.162688,34.27182],[113.1654,34.276848],[113.174159,34.279604],[113.175268,34.281663],[113.173839,34.285167],[113.179219,34.286114],[113.184339,34.290208],[113.183811,34.295652],[113.186228,34.297408],[113.187008,34.30136],[113.193671,34.310608],[113.196435,34.312246],[113.205601,34.311111],[113.211668,34.313027],[113.218958,34.32216],[113.223388,34.325046],[113.222947,34.331639],[113.224542,34.334727],[113.235547,34.339026],[113.257346,34.337149],[113.267916,34.337798],[113.276308,34.342803],[113.276579,34.351456],[113.2781,34.351854],[113.287026,34.352911],[113.299319,34.350977],[113.314619,34.352307],[113.31622,34.353617],[113.312471,34.361768],[113.313099,34.372243],[113.320451,34.383391],[113.315998,34.391137],[113.316651,34.39423],[113.323881,34.399426],[113.325308,34.404975],[113.334861,34.404552],[113.340282,34.406821],[113.348782,34.404734],[113.352739,34.397049],[113.359167,34.396161],[113.370411,34.389938],[113.36701,34.379812],[113.377573,34.37668],[113.383266,34.379175],[113.389809,34.375994],[113.403575,34.377644],[113.410268,34.377091],[113.414875,34.374943],[113.408348,34.361469],[113.409701,34.358416],[113.406776,34.355231],[113.411002,34.353493],[113.413518,34.349523],[113.423082,34.348069],[113.430077,34.350283],[113.445976,34.341576],[113.447674,34.338181],[113.452506,34.339521],[113.458038,34.334892],[113.463612,34.334677],[113.471426,34.330831],[113.473157,34.330989],[113.476653,34.337546],[113.48289,34.342874],[113.487154,34.343067],[113.498741,34.338614],[113.510882,34.342738],[113.518923,34.334239],[113.516864,34.328583],[113.529609,34.317923],[113.553504,34.311526],[113.558188,34.312004],[113.566717,34.318346],[113.57693,34.319921],[113.587599,34.318578],[113.60085,34.313321],[113.60892,34.313208],[113.617864,34.308796],[113.622096,34.303736],[113.624783,34.303379],[113.626407,34.296817],[113.629389,34.2967],[113.63002,34.294149],[113.633432,34.294342],[113.631961,34.292361],[113.634683,34.291663],[113.634492,34.290022],[113.644008,34.288469],[113.647397,34.282209]]]}},{"type":"Feature","properties":{"dt_adcode":"411082"},"geometry":{"type":"Polygon","coordinates":[[[113.641406,34.170466],[113.644621,34.17403],[113.650854,34.171923],[113.65866,34.192746],[113.641902,34.197176],[113.642222,34.199557],[113.634544,34.201688],[113.633443,34.200666],[113.627554,34.204298],[113.628362,34.207258],[113.588733,34.220438],[113.581322,34.226898],[113.583414,34.237295],[113.576673,34.24187],[113.580553,34.246777],[113.584367,34.246993],[113.584557,34.245002],[113.589082,34.246199],[113.592627,34.245006],[113.594825,34.247157],[113.598453,34.255569],[113.596226,34.260881],[113.599594,34.267763],[113.602642,34.266823],[113.61065,34.271506],[113.61232,34.271677],[113.61313,34.269766],[113.61407,34.271907],[113.61748,34.267157],[113.620311,34.266979],[113.640626,34.275375],[113.647397,34.282209],[113.660298,34.274632],[113.669845,34.275379],[113.677863,34.281638],[113.682568,34.282635],[113.690646,34.281044],[113.700243,34.275321],[113.704356,34.277989],[113.705382,34.283531],[113.700054,34.287977],[113.700271,34.289404],[113.714665,34.291435],[113.715335,34.295839],[113.713397,34.301405],[113.719246,34.305491],[113.727195,34.305778],[113.729107,34.309946],[113.735551,34.31185],[113.733449,34.315248],[113.736862,34.317849],[113.745422,34.318015],[113.748364,34.31593],[113.757994,34.313677],[113.777242,34.314596],[113.778239,34.317162],[113.781966,34.318101],[113.79199,34.326363],[113.793177,34.328072],[113.791228,34.331819],[113.7951,34.332344],[113.803769,34.337185],[113.822864,34.32914],[113.832358,34.323421],[113.847408,34.322403],[113.850221,34.327181],[113.862539,34.326359],[113.865605,34.328736],[113.875945,34.32994],[113.891877,34.326275],[113.894572,34.323772],[113.89452,34.318664],[113.899201,34.315863],[113.895801,34.303647],[113.902312,34.301639],[113.904029,34.294685],[113.910968,34.295405],[113.915333,34.30147],[113.928084,34.301809],[113.934641,34.304866],[113.937334,34.298636],[113.964395,34.292962],[113.966561,34.290596],[113.963733,34.284784],[113.964733,34.283147],[113.972432,34.283433],[113.977313,34.275608],[113.992308,34.274216],[113.992839,34.272648],[113.989862,34.266888],[113.990035,34.2617],[113.992499,34.261171],[113.998844,34.263715],[114.002204,34.262046],[114.003152,34.252556],[114.008932,34.247044],[114.011256,34.242022],[114.023851,34.241433],[114.043291,34.237703],[114.04644,34.239209],[114.047154,34.245131],[114.049511,34.247205],[114.060511,34.244769],[114.065831,34.250091],[114.068286,34.250406],[114.071479,34.244539],[114.073232,34.244289],[114.073925,34.240137],[114.077369,34.239812],[114.080054,34.243494],[114.082458,34.243256],[114.083427,34.249175],[114.088554,34.24928],[114.088302,34.243985],[114.095575,34.243596],[114.098638,34.241921],[114.104085,34.232595],[114.108152,34.228816],[114.102054,34.223716],[114.109573,34.217457],[114.108254,34.211643],[114.109537,34.206934],[114.112563,34.204758],[114.122886,34.204164],[114.128934,34.199809],[114.132207,34.187801],[114.140426,34.179035],[114.134016,34.168701],[114.132308,34.161713],[114.128609,34.159258],[114.120637,34.159835],[114.106394,34.167187],[114.091714,34.167183],[114.089361,34.162973],[114.092146,34.153596],[114.090072,34.150599],[114.083873,34.148953],[114.072243,34.149011],[114.064465,34.152709],[114.052824,34.153469],[114.036958,34.160599],[114.014304,34.167309],[114.012172,34.174128],[114.007628,34.179711],[113.989212,34.174404],[113.983704,34.175363],[113.971742,34.170013],[113.966313,34.171368],[113.949017,34.168186],[113.944158,34.161117],[113.940041,34.15812],[113.935802,34.155804],[113.925666,34.155039],[113.92356,34.15735],[113.92189,34.166004],[113.917931,34.168333],[113.917748,34.170228],[113.918687,34.172967],[113.926621,34.174214],[113.927477,34.176268],[113.930598,34.17744],[113.931057,34.180638],[113.929629,34.182312],[113.919351,34.181483],[113.916788,34.185229],[113.912769,34.183378],[113.910824,34.177385],[113.907904,34.17541],[113.89475,34.179201],[113.884451,34.176047],[113.883248,34.173189],[113.885769,34.171622],[113.883894,34.165052],[113.878633,34.16236],[113.872741,34.163515],[113.862732,34.176494],[113.857885,34.176329],[113.84653,34.170663],[113.835471,34.170907],[113.803994,34.164702],[113.796741,34.161799],[113.792432,34.158006],[113.775374,34.163431],[113.755856,34.159593],[113.753171,34.163458],[113.733746,34.159978],[113.711601,34.158489],[113.673867,34.147199],[113.664476,34.149986],[113.660006,34.154109],[113.661249,34.157028],[113.659293,34.154767],[113.647186,34.167238],[113.641406,34.170466]]]}},{"type":"Feature","properties":{"dt_adcode":"411102"},"geometry":{"type":"Polygon","coordinates":[[[114.044963,33.579911],[114.038582,33.529581],[114.03115,33.522941],[114.014927,33.522058],[114.012453,33.509451],[114.007116,33.507586],[114.007457,33.505916],[114.00528,33.5058],[114.0052,33.503919],[113.997107,33.502754],[113.997248,33.500693],[113.994781,33.500186],[113.991343,33.492123],[113.986068,33.488916],[113.982794,33.482928],[113.96889,33.482213],[113.967132,33.476865],[113.954356,33.473886],[113.943664,33.465174],[113.933768,33.465879],[113.917907,33.474676],[113.914158,33.478502],[113.85997,33.478824],[113.854646,33.476918],[113.847487,33.466844],[113.836598,33.461601],[113.82597,33.460739],[113.823213,33.457068],[113.814526,33.451111],[113.809514,33.450001],[113.805782,33.44618],[113.798067,33.447826],[113.794811,33.450703],[113.790836,33.459319],[113.790994,33.476626],[113.792823,33.492451],[113.799858,33.503229],[113.817088,33.500211],[113.828423,33.500906],[113.838213,33.505914],[113.844609,33.516147],[113.859672,33.522799],[113.859595,33.532408],[113.864244,33.535213],[113.862894,33.538324],[113.857812,33.540325],[113.857891,33.550731],[113.854551,33.559269],[113.855834,33.587498],[113.854321,33.599884],[113.849439,33.603824],[113.840715,33.606884],[113.829629,33.605547],[113.831506,33.61055],[113.837002,33.611437],[113.844096,33.608603],[113.861513,33.611426],[113.876539,33.60044],[113.900814,33.594626],[113.903855,33.584446],[113.908738,33.585328],[113.913704,33.589096],[113.912503,33.592783],[113.906578,33.594866],[113.905217,33.597832],[113.910342,33.603442],[113.915627,33.605127],[113.926763,33.597199],[113.944763,33.595579],[113.947731,33.591015],[113.947891,33.581877],[113.949469,33.579959],[113.951637,33.579938],[113.961129,33.593815],[113.963454,33.595091],[113.969275,33.592273],[113.972402,33.584879],[113.980942,33.586552],[113.984441,33.585144],[113.987509,33.579812],[113.990125,33.578534],[113.998619,33.580287],[114.007998,33.577705],[114.018424,33.577214],[114.034583,33.580654],[114.044963,33.579911]]]}},{"type":"Feature","properties":{"dt_adcode":"411103"},"geometry":{"type":"Polygon","coordinates":[[[113.912503,33.592783],[113.913704,33.589096],[113.912342,33.587252],[113.902814,33.584767],[113.900814,33.594626],[113.876539,33.60044],[113.861513,33.611426],[113.844096,33.608603],[113.833615,33.611444],[113.830228,33.609398],[113.828258,33.602816],[113.825444,33.601994],[113.820164,33.604734],[113.811246,33.613857],[113.806324,33.615981],[113.802297,33.615185],[113.799474,33.619936],[113.79494,33.620802],[113.795186,33.625426],[113.793796,33.625414],[113.794208,33.627455],[113.795986,33.627391],[113.796517,33.637409],[113.794646,33.637548],[113.796635,33.640262],[113.796191,33.642846],[113.780087,33.652767],[113.770848,33.660628],[113.764667,33.671858],[113.763341,33.680153],[113.764007,33.690035],[113.760641,33.693767],[113.763967,33.703732],[113.761286,33.704387],[113.760437,33.707899],[113.757546,33.708537],[113.75945,33.710639],[113.755988,33.710739],[113.756069,33.713273],[113.753181,33.713339],[113.753043,33.716732],[113.759047,33.717519],[113.759266,33.722211],[113.762564,33.722114],[113.762962,33.727229],[113.770051,33.727641],[113.770359,33.729938],[113.770569,33.727839],[113.773054,33.728361],[113.772632,33.73006],[113.775974,33.733012],[113.779841,33.733465],[113.779816,33.735901],[113.784238,33.736638],[113.787512,33.735111],[113.789585,33.731758],[113.806291,33.728993],[113.814035,33.730829],[113.818814,33.737341],[113.822433,33.751705],[113.827119,33.756976],[113.83495,33.758391],[113.835766,33.763237],[113.848283,33.756426],[113.849276,33.750633],[113.856207,33.744829],[113.856517,33.738912],[113.860602,33.733029],[113.873376,33.736282],[113.874231,33.739349],[113.880959,33.740273],[113.881737,33.745104],[113.888305,33.743517],[113.889763,33.747497],[113.892808,33.748785],[113.894925,33.747874],[113.894505,33.745744],[113.901197,33.745521],[113.901546,33.74387],[113.903475,33.745951],[113.906181,33.742649],[113.910039,33.742409],[113.90767,33.741329],[113.909688,33.737848],[113.908069,33.737654],[113.907489,33.734827],[113.908999,33.734727],[113.912417,33.740239],[113.914346,33.739889],[113.915826,33.737009],[113.917565,33.73766],[113.919684,33.735531],[113.917395,33.733969],[113.918504,33.731749],[113.920524,33.733571],[113.920774,33.73085],[113.925474,33.731053],[113.918944,33.727718],[113.919164,33.726548],[113.921724,33.726649],[113.920973,33.724608],[113.925223,33.721601],[113.925787,33.723619],[113.928514,33.724064],[113.931946,33.721427],[113.929434,33.720964],[113.929389,33.719302],[113.932986,33.719178],[113.932876,33.721208],[113.934307,33.72167],[113.934456,33.718619],[113.9386,33.718815],[113.93924,33.714984],[113.941902,33.716769],[113.944456,33.715792],[113.95511,33.717903],[113.957474,33.716507],[113.960289,33.717353],[113.964838,33.715584],[113.972665,33.715633],[113.972354,33.717723],[113.974339,33.717768],[113.972154,33.719713],[113.975623,33.721022],[113.975221,33.722261],[113.976986,33.720966],[113.981537,33.721329],[113.982269,33.723221],[113.9826,33.721121],[113.986169,33.720701],[113.986771,33.723124],[113.992055,33.720299],[113.993981,33.724445],[114.000338,33.725725],[114.000564,33.727733],[114.003267,33.727844],[114.003578,33.729846],[114.006506,33.729814],[114.006416,33.732985],[114.008362,33.734491],[114.019824,33.734086],[114.019744,33.735436],[114.034661,33.733113],[114.037923,33.727283],[114.044787,33.72229],[114.064073,33.721011],[114.079131,33.723796],[114.081875,33.719021],[114.091946,33.717942],[114.091979,33.709552],[114.096794,33.696093],[114.097717,33.683201],[114.111027,33.685527],[114.115848,33.684573],[114.115422,33.681215],[114.118213,33.671606],[114.116406,33.651371],[114.109819,33.654953],[114.107508,33.65413],[114.100613,33.641503],[114.093245,33.638049],[114.087733,33.631622],[114.082462,33.622017],[114.077409,33.606106],[114.075713,33.59368],[114.068304,33.588273],[114.067299,33.576161],[114.034583,33.580654],[114.018424,33.577214],[114.007998,33.577705],[113.998619,33.580287],[113.990125,33.578534],[113.987509,33.579812],[113.984441,33.585144],[113.980942,33.586552],[113.972402,33.584879],[113.969275,33.592273],[113.963454,33.595091],[113.961129,33.593815],[113.951637,33.579938],[113.949469,33.579959],[113.947891,33.581877],[113.947731,33.591015],[113.944763,33.595579],[113.926763,33.597199],[113.915627,33.605127],[113.910342,33.603442],[113.905217,33.597832],[113.906578,33.594866],[113.912503,33.592783]]]}},{"type":"Feature","properties":{"dt_adcode":"411104"},"geometry":{"type":"Polygon","coordinates":[[[114.038582,33.529581],[114.044963,33.579911],[114.064069,33.575605],[114.067299,33.576161],[114.068304,33.588273],[114.075713,33.59368],[114.077409,33.606106],[114.084973,33.627291],[114.090423,33.635538],[114.100613,33.641503],[114.107508,33.65413],[114.109819,33.654953],[114.115253,33.651271],[114.12543,33.652852],[114.138136,33.65083],[114.152213,33.651186],[114.153949,33.653653],[114.152098,33.65702],[114.152649,33.662239],[114.157554,33.667752],[114.162257,33.669953],[114.169561,33.664769],[114.173713,33.66451],[114.178767,33.671678],[114.184495,33.671542],[114.187247,33.673244],[114.185747,33.678467],[114.186547,33.682531],[114.196465,33.690915],[114.204191,33.692669],[114.214241,33.691329],[114.219383,33.696577],[114.23,33.697871],[114.24909,33.704314],[114.250994,33.699587],[114.250776,33.693238],[114.260612,33.678012],[114.260827,33.661965],[114.264176,33.654726],[114.264955,33.635254],[114.268522,33.628979],[114.277359,33.621745],[114.279711,33.616042],[114.278503,33.602559],[114.26588,33.597917],[114.265376,33.593244],[114.278639,33.570143],[114.280636,33.560872],[114.28285,33.558679],[114.293231,33.557265],[114.295333,33.553772],[114.291472,33.525984],[114.280561,33.512652],[114.283487,33.501044],[114.279491,33.490662],[114.283876,33.483658],[114.284657,33.47257],[114.266622,33.461649],[114.247579,33.459654],[114.23071,33.45157],[114.224741,33.451018],[114.211377,33.453747],[114.196988,33.449026],[114.195325,33.447672],[114.192302,33.423993],[114.170606,33.441977],[114.171083,33.445324],[114.180543,33.449773],[114.180379,33.453681],[114.177756,33.456995],[114.171638,33.459],[114.159079,33.45673],[114.149427,33.461331],[114.151497,33.468148],[114.141352,33.472379],[114.13129,33.472549],[114.129395,33.474985],[114.129812,33.482998],[114.132217,33.482814],[114.133342,33.485091],[114.129934,33.490298],[114.130949,33.494982],[114.124136,33.493956],[114.115839,33.488638],[114.106624,33.489187],[114.103535,33.491592],[114.105369,33.496209],[114.104042,33.49934],[114.119919,33.503914],[114.116305,33.510269],[114.106131,33.50667],[114.106786,33.504978],[114.099085,33.503112],[114.095767,33.510441],[114.089103,33.509771],[114.075549,33.517772],[114.058472,33.522449],[114.050247,33.530086],[114.038582,33.529581]]]}},{"type":"Feature","properties":{"dt_adcode":"411121"},"geometry":{"type":"Polygon","coordinates":[[[113.468865,33.422053],[113.466789,33.425148],[113.466522,33.437375],[113.473479,33.443671],[113.471794,33.463386],[113.484323,33.483726],[113.484612,33.489366],[113.481146,33.491726],[113.478593,33.504334],[113.483002,33.500133],[113.492753,33.500554],[113.493287,33.499216],[113.495461,33.49934],[113.503066,33.500236],[113.504383,33.505336],[113.507406,33.505033],[113.50706,33.508261],[113.510669,33.507986],[113.510783,33.505034],[113.519457,33.50389],[113.521645,33.50539],[113.525304,33.505036],[113.53205,33.497351],[113.537623,33.498504],[113.533709,33.514985],[113.537669,33.51635],[113.53947,33.522561],[113.541123,33.523059],[113.540047,33.526098],[113.541997,33.539292],[113.546341,33.545009],[113.54555,33.548621],[113.548396,33.550976],[113.557373,33.553568],[113.550741,33.556255],[113.550113,33.559848],[113.554994,33.557455],[113.558765,33.557471],[113.557318,33.561967],[113.560443,33.561707],[113.56028,33.564087],[113.562615,33.564259],[113.563604,33.56765],[113.56312,33.570559],[113.554274,33.570622],[113.553243,33.572065],[113.552293,33.576456],[113.554558,33.578345],[113.552284,33.579452],[113.553973,33.579419],[113.553349,33.582742],[113.551593,33.582743],[113.554431,33.584587],[113.552257,33.586707],[113.564387,33.590147],[113.565757,33.588416],[113.565494,33.590485],[113.569868,33.591424],[113.570291,33.589689],[113.572058,33.589816],[113.573948,33.592652],[113.576825,33.592632],[113.578056,33.596518],[113.600293,33.610622],[113.621508,33.619906],[113.628188,33.629036],[113.627381,33.633164],[113.624106,33.636385],[113.604956,33.646331],[113.595772,33.654016],[113.587653,33.654624],[113.587214,33.657425],[113.588742,33.657644],[113.587104,33.657885],[113.586616,33.662197],[113.588001,33.661956],[113.588134,33.663947],[113.586446,33.663758],[113.582013,33.669153],[113.580506,33.681759],[113.577062,33.682082],[113.578311,33.686233],[113.580119,33.685817],[113.580407,33.687551],[113.582993,33.688238],[113.581266,33.68951],[113.583323,33.690459],[113.582215,33.691369],[113.583283,33.691239],[113.583703,33.700941],[113.582416,33.703583],[113.576656,33.70632],[113.57979,33.706726],[113.577774,33.70928],[113.581468,33.708466],[113.582156,33.711466],[113.584913,33.709893],[113.585472,33.711033],[113.60872,33.709177],[113.604792,33.703193],[113.596737,33.6981],[113.598271,33.68753],[113.612491,33.695744],[113.621803,33.693674],[113.629322,33.688897],[113.6333,33.689473],[113.637409,33.69298],[113.637372,33.702681],[113.638747,33.70342],[113.641619,33.702497],[113.645086,33.695911],[113.669363,33.699247],[113.684282,33.693849],[113.70366,33.691459],[113.706755,33.693691],[113.707413,33.701068],[113.710316,33.707869],[113.714097,33.710613],[113.716427,33.710602],[113.724024,33.695654],[113.727925,33.694722],[113.73252,33.696025],[113.741793,33.702341],[113.74277,33.707263],[113.741084,33.711272],[113.74287,33.713154],[113.751901,33.712893],[113.749996,33.715495],[113.753101,33.715021],[113.753181,33.713339],[113.756069,33.713273],[113.755988,33.710739],[113.75945,33.710639],[113.757546,33.708537],[113.760437,33.707899],[113.761286,33.704387],[113.763967,33.703732],[113.760641,33.693767],[113.764007,33.690035],[113.763341,33.680153],[113.764667,33.671858],[113.770848,33.660628],[113.780087,33.652767],[113.796191,33.642846],[113.796635,33.640262],[113.794646,33.637548],[113.796517,33.637409],[113.795986,33.627391],[113.794208,33.627455],[113.793796,33.625414],[113.795186,33.625426],[113.79494,33.620802],[113.799474,33.619936],[113.802297,33.615185],[113.806324,33.615981],[113.811246,33.613857],[113.824074,33.602367],[113.828258,33.602816],[113.829629,33.605547],[113.840715,33.606884],[113.849439,33.603824],[113.854321,33.599884],[113.855834,33.587498],[113.854551,33.559269],[113.857891,33.550731],[113.857812,33.540325],[113.862894,33.538324],[113.864244,33.535213],[113.859595,33.532408],[113.859672,33.522799],[113.844609,33.516147],[113.837223,33.505286],[113.825937,33.500426],[113.817088,33.500211],[113.799858,33.503229],[113.793664,33.494424],[113.790994,33.476626],[113.790836,33.459319],[113.795997,33.448706],[113.805782,33.44618],[113.803002,33.437492],[113.799495,33.434786],[113.771155,33.435714],[113.766863,33.432155],[113.716846,33.432432],[113.713213,33.430228],[113.710457,33.41699],[113.691767,33.417696],[113.688349,33.407747],[113.685575,33.408246],[113.684097,33.410747],[113.682724,33.419874],[113.669733,33.420351],[113.658812,33.42437],[113.656308,33.423416],[113.653004,33.418343],[113.645251,33.421753],[113.640244,33.421364],[113.632302,33.416236],[113.625752,33.415578],[113.618596,33.410383],[113.611277,33.412898],[113.596817,33.412153],[113.593463,33.407355],[113.589027,33.404736],[113.566499,33.408131],[113.554453,33.407726],[113.548869,33.405694],[113.547378,33.406449],[113.545904,33.413325],[113.540885,33.418445],[113.533882,33.419563],[113.526676,33.419261],[113.523141,33.417216],[113.520807,33.408406],[113.518291,33.407051],[113.513404,33.410388],[113.510289,33.416307],[113.502879,33.414736],[113.483922,33.421131],[113.468865,33.422053]]]}},{"type":"Feature","properties":{"dt_adcode":"411122"},"geometry":{"type":"MultiPolygon","coordinates":[[[[114.022454,33.734998],[114.008362,33.734491],[114.006416,33.732985],[114.006506,33.729814],[114.003578,33.729846],[114.003267,33.727844],[114.000564,33.727733],[114.000338,33.725725],[113.993981,33.724445],[113.992055,33.720299],[113.986771,33.723124],[113.985347,33.720509],[113.9826,33.721121],[113.982891,33.723203],[113.981537,33.721329],[113.976986,33.720966],[113.975442,33.722352],[113.975623,33.721022],[113.972154,33.719713],[113.974339,33.717768],[113.972354,33.717723],[113.972665,33.715633],[113.964838,33.715584],[113.960289,33.717353],[113.957474,33.716507],[113.95511,33.717903],[113.944456,33.715792],[113.941902,33.716769],[113.93924,33.714984],[113.9386,33.718815],[113.934456,33.718619],[113.934307,33.72167],[113.932876,33.721208],[113.932986,33.719178],[113.929389,33.719302],[113.929434,33.720964],[113.931946,33.721427],[113.928514,33.724064],[113.925787,33.723619],[113.925223,33.721601],[113.920973,33.724608],[113.921724,33.726649],[113.919164,33.726548],[113.918944,33.727718],[113.925474,33.731053],[113.920774,33.73085],[113.920524,33.733571],[113.918504,33.731749],[113.917395,33.733969],[113.919684,33.735531],[113.917565,33.73766],[113.915826,33.737009],[113.914346,33.739889],[113.912417,33.740239],[113.908999,33.734727],[113.907489,33.734827],[113.908069,33.737654],[113.909688,33.737848],[113.90767,33.741329],[113.910039,33.742409],[113.906181,33.742649],[113.903475,33.745951],[113.901546,33.74387],[113.901197,33.745521],[113.894505,33.745744],[113.894925,33.747874],[113.892808,33.748785],[113.889763,33.747497],[113.888305,33.743517],[113.881737,33.745104],[113.880959,33.740273],[113.874231,33.739349],[113.873376,33.736282],[113.860602,33.733029],[113.856517,33.738912],[113.856207,33.744829],[113.849276,33.750633],[113.848283,33.756426],[113.835766,33.763237],[113.83495,33.758391],[113.827119,33.756976],[113.822433,33.751705],[113.818814,33.737341],[113.814035,33.730829],[113.806291,33.728993],[113.789585,33.731758],[113.787512,33.735111],[113.784238,33.736638],[113.779816,33.735901],[113.779841,33.733465],[113.775974,33.733012],[113.772632,33.73006],[113.773054,33.728361],[113.770569,33.727839],[113.770359,33.729938],[113.770051,33.727641],[113.762962,33.727229],[113.762215,33.73179],[113.759326,33.731109],[113.759167,33.73399],[113.755888,33.734172],[113.756102,33.737066],[113.7514,33.737764],[113.752512,33.738907],[113.750382,33.739802],[113.743736,33.739143],[113.742938,33.742399],[113.737146,33.74193],[113.734423,33.752323],[113.738426,33.755419],[113.737939,33.759741],[113.740986,33.759903],[113.741461,33.762463],[113.742907,33.762663],[113.742673,33.766741],[113.74898,33.766488],[113.749067,33.771922],[113.752868,33.771461],[113.752952,33.791463],[113.761281,33.807755],[113.760667,33.825644],[113.759332,33.827928],[113.746916,33.82994],[113.729318,33.83718],[113.729541,33.845016],[113.722426,33.848615],[113.724414,33.850458],[113.724621,33.858048],[113.725525,33.856421],[113.729199,33.856111],[113.729154,33.857417],[113.733044,33.856798],[113.735918,33.859186],[113.735656,33.860772],[113.733335,33.860473],[113.733163,33.862158],[113.7335,33.863999],[113.738334,33.865751],[113.735766,33.868839],[113.746324,33.869483],[113.746553,33.867725],[113.760337,33.868477],[113.760694,33.866657],[113.765521,33.867246],[113.76544,33.869311],[113.762816,33.869218],[113.762971,33.872396],[113.770396,33.872864],[113.770027,33.874902],[113.773914,33.87516],[113.773743,33.877657],[113.770186,33.877645],[113.76994,33.879165],[113.767443,33.879505],[113.767336,33.881812],[113.765396,33.882197],[113.765537,33.883636],[113.768336,33.884318],[113.778063,33.884919],[113.783008,33.880948],[113.788856,33.882962],[113.796358,33.881203],[113.797832,33.883892],[113.801456,33.881268],[113.804933,33.882404],[113.80694,33.880989],[113.807478,33.886571],[113.812141,33.886341],[113.811725,33.884033],[113.813075,33.883943],[113.811734,33.879469],[113.81334,33.878845],[113.841867,33.873236],[113.853076,33.873333],[113.859543,33.878827],[113.861487,33.884508],[113.861345,33.895697],[113.859635,33.895363],[113.860083,33.907237],[113.87127,33.909614],[113.864822,33.924033],[113.860854,33.92358],[113.861264,33.92757],[113.863005,33.927759],[113.861825,33.930861],[113.859342,33.930227],[113.859012,33.931771],[113.860876,33.932565],[113.857441,33.939781],[113.860971,33.942157],[113.859764,33.948579],[113.869016,33.946741],[113.868872,33.945063],[113.8737,33.948321],[113.885748,33.949011],[113.888007,33.943427],[113.893306,33.942552],[113.90058,33.94303],[113.898638,33.945671],[113.901797,33.946639],[113.901304,33.948491],[113.911461,33.94986],[113.911942,33.946124],[113.915534,33.945167],[113.922085,33.957429],[113.925489,33.960307],[113.95198,33.973635],[113.977501,33.9815],[113.99906,33.981834],[114.008749,33.985507],[114.021954,33.98724],[114.037741,33.986056],[114.047806,33.982414],[114.053858,33.978771],[114.059149,33.965375],[114.055407,33.964267],[114.057475,33.95289],[114.064892,33.949245],[114.076711,33.952662],[114.083583,33.945481],[114.087316,33.934661],[114.101833,33.935224],[114.106857,33.931875],[114.107333,33.930724],[114.102484,33.929514],[114.102065,33.924518],[114.097887,33.924871],[114.097492,33.923162],[114.101982,33.922967],[114.102245,33.920518],[114.104754,33.919973],[114.103787,33.925796],[114.114529,33.928058],[114.116041,33.924807],[114.119252,33.92508],[114.125464,33.916381],[114.123589,33.90798],[114.12685,33.90164],[114.127922,33.88277],[114.125391,33.878671],[114.116482,33.872064],[114.114176,33.86696],[114.115103,33.863769],[114.132459,33.853599],[114.144306,33.8441],[114.159652,33.815764],[114.155046,33.809309],[114.147592,33.810926],[114.135113,33.807431],[114.133475,33.792392],[114.139961,33.783096],[114.140317,33.769571],[114.142035,33.765926],[114.131918,33.768108],[114.098023,33.765051],[114.097305,33.759743],[114.099289,33.75707],[114.10382,33.755969],[114.104247,33.74934],[114.107166,33.745809],[114.107148,33.740703],[114.102767,33.733305],[114.094394,33.727134],[114.091946,33.717942],[114.081875,33.719021],[114.079131,33.723796],[114.064073,33.721011],[114.044787,33.72229],[114.037923,33.727283],[114.034661,33.733113],[114.022454,33.734998]]],[[[113.818671,33.886582],[113.818749,33.885043],[113.815144,33.88456],[113.813267,33.887287],[113.818671,33.886582]]],[[[113.825286,33.890208],[113.819221,33.891609],[113.821871,33.891615],[113.822254,33.892857],[113.82562,33.892558],[113.825286,33.890208]]]]}},{"type":"Feature","properties":{"dt_adcode":"411202"},"geometry":{"type":"Polygon","coordinates":[[[111.395573,34.814992],[111.399904,34.802605],[111.394376,34.795547],[111.392374,34.778375],[111.385305,34.773547],[111.384601,34.771076],[111.387079,34.768726],[111.39884,34.766735],[111.396014,34.7585],[111.376006,34.760011],[111.361998,34.765283],[111.336779,34.763239],[111.319105,34.767027],[111.30885,34.762892],[111.307317,34.760185],[111.329351,34.752815],[111.338901,34.746953],[111.339371,34.744132],[111.337368,34.742128],[111.326642,34.739285],[111.325814,34.734226],[111.331943,34.728827],[111.346909,34.726474],[111.348206,34.722715],[111.347143,34.720123],[111.343486,34.716765],[111.333709,34.714865],[111.328762,34.70974],[111.311612,34.711208],[111.304718,34.706022],[111.291527,34.709972],[111.281993,34.709433],[111.281584,34.706609],[111.285879,34.698911],[111.285992,34.695236],[111.277051,34.691259],[111.272458,34.669912],[111.268189,34.666512],[111.260046,34.666686],[111.25799,34.693485],[111.253872,34.695132],[111.245882,34.692016],[111.240064,34.692784],[111.239179,34.696371],[111.243703,34.700102],[111.245466,34.703866],[111.242471,34.70569],[111.232367,34.704815],[111.233721,34.713222],[111.229374,34.715961],[111.223032,34.725434],[111.214584,34.731855],[111.198621,34.736084],[111.194451,34.738561],[111.187066,34.750865],[111.183426,34.753283],[111.172339,34.754655],[111.164243,34.759141],[111.161019,34.764821],[111.158142,34.776248],[111.153477,34.780872],[111.145291,34.784604],[111.142387,34.789961],[111.136417,34.791716],[111.148501,34.807501],[111.155304,34.812528],[111.164864,34.814586],[111.180532,34.802702],[111.198863,34.802965],[111.209411,34.800972],[111.213699,34.798546],[111.220404,34.790535],[111.232833,34.789732],[111.239839,34.793579],[111.249121,34.814025],[111.255244,34.819556],[111.260973,34.820446],[111.286917,34.807176],[111.291961,34.806787],[111.306109,34.815205],[111.322686,34.819729],[111.338228,34.83023],[111.34288,34.831819],[111.348422,34.831039],[111.357427,34.821868],[111.395573,34.814992]]]}},{"type":"Feature","properties":{"dt_adcode":"411203"},"geometry":{"type":"Polygon","coordinates":[[[111.74008,34.600251],[111.704548,34.586128],[111.692769,34.572924],[111.670449,34.571426],[111.670163,34.568637],[111.676635,34.562444],[111.681463,34.547666],[111.693,34.533931],[111.683603,34.533304],[111.670037,34.54059],[111.619101,34.555775],[111.608104,34.562266],[111.592209,34.565339],[111.587979,34.55711],[111.584432,34.556053],[111.579792,34.557485],[111.574278,34.564458],[111.567006,34.564704],[111.564276,34.56309],[111.562049,34.558744],[111.542119,34.544045],[111.535384,34.543652],[111.525016,34.548296],[111.508912,34.547227],[111.502882,34.545069],[111.49222,34.536783],[111.484664,34.525516],[111.478631,34.521359],[111.457536,34.512562],[111.451669,34.505931],[111.41833,34.490831],[111.398639,34.484188],[111.385042,34.473099],[111.37062,34.473317],[111.364086,34.47995],[111.360379,34.480884],[111.344413,34.472949],[111.324728,34.471737],[111.310887,34.473387],[111.304942,34.475494],[111.299991,34.488948],[111.295814,34.489294],[111.271381,34.470666],[111.271024,34.465315],[111.273788,34.452444],[111.273022,34.447857],[111.244689,34.453791],[111.22753,34.459712],[111.222072,34.459718],[111.215262,34.445735],[111.213231,34.437421],[111.213439,34.429823],[111.199503,34.419603],[111.191258,34.417941],[111.18833,34.430584],[111.190324,34.441631],[111.187213,34.447104],[111.18053,34.449262],[111.154592,34.449075],[111.152129,34.450371],[111.152833,34.455132],[111.160056,34.46717],[111.164044,34.46981],[111.178946,34.473691],[111.178296,34.476572],[111.164869,34.486061],[111.150903,34.491201],[111.142334,34.492124],[111.136054,34.50142],[111.126953,34.506603],[111.127014,34.514158],[111.118673,34.521806],[111.1162,34.536183],[111.120316,34.544174],[111.119727,34.556904],[111.124137,34.561898],[111.125249,34.566601],[111.122906,34.572011],[111.110034,34.5863],[111.105093,34.608056],[111.098978,34.622342],[111.082502,34.632328],[111.078152,34.636087],[111.073672,34.644196],[111.063661,34.652028],[111.054352,34.655599],[111.037892,34.658529],[111.032409,34.662924],[111.032349,34.669509],[111.038016,34.67464],[111.029404,34.680909],[111.028576,34.685464],[111.039082,34.703543],[111.039756,34.713708],[111.045075,34.717451],[111.046165,34.721583],[111.036173,34.724215],[111.032668,34.726643],[111.029499,34.733169],[111.030792,34.738559],[111.03535,34.740894],[111.066394,34.751594],[111.118227,34.756562],[111.12443,34.76168],[111.129761,34.779964],[111.136417,34.791716],[111.14001,34.790816],[111.143506,34.788871],[111.145291,34.784604],[111.153477,34.780872],[111.158142,34.776248],[111.161019,34.764821],[111.164243,34.759141],[111.172339,34.754655],[111.183426,34.753283],[111.187066,34.750865],[111.194451,34.738561],[111.198621,34.736084],[111.214584,34.731855],[111.219511,34.728614],[111.229374,34.715961],[111.233721,34.713222],[111.232367,34.704815],[111.244416,34.704983],[111.245353,34.702337],[111.239179,34.696371],[111.240064,34.692784],[111.245882,34.692016],[111.253872,34.695132],[111.25799,34.693485],[111.260046,34.666686],[111.268189,34.666512],[111.272458,34.669912],[111.277051,34.691259],[111.285992,34.695236],[111.285879,34.698911],[111.281584,34.706609],[111.281993,34.709433],[111.291527,34.709972],[111.304718,34.706022],[111.311612,34.711208],[111.328762,34.70974],[111.333709,34.714865],[111.343486,34.716765],[111.347143,34.720123],[111.348206,34.722715],[111.346909,34.726474],[111.331943,34.728827],[111.325814,34.734226],[111.326642,34.739285],[111.337368,34.742128],[111.339371,34.744132],[111.338901,34.746953],[111.329351,34.752815],[111.307317,34.760185],[111.30885,34.762892],[111.319105,34.767027],[111.336779,34.763239],[111.361998,34.765283],[111.376006,34.760011],[111.396014,34.7585],[111.39884,34.766735],[111.387079,34.768726],[111.384601,34.772134],[111.392374,34.778375],[111.394376,34.795547],[111.399904,34.802605],[111.395573,34.814992],[111.403512,34.817978],[111.409378,34.824089],[111.416838,34.827952],[111.422821,34.82714],[111.431014,34.829286],[111.43938,34.838175],[111.452939,34.835654],[111.465638,34.826592],[111.480104,34.826043],[111.488513,34.828386],[111.497749,34.828551],[111.502653,34.829943],[111.508665,34.83919],[111.515361,34.840189],[111.527783,34.850152],[111.544007,34.853267],[111.554465,34.852211],[111.559049,34.849901],[111.559513,34.847077],[111.563586,34.844205],[111.560611,34.837919],[111.561485,34.829391],[111.560021,34.827158],[111.553047,34.82382],[111.552986,34.819882],[111.559612,34.813192],[111.564594,34.817066],[111.567289,34.81659],[111.572038,34.810467],[111.577795,34.80646],[111.576736,34.793671],[111.583889,34.787431],[111.583308,34.785079],[111.572746,34.777153],[111.572034,34.774095],[111.576792,34.752272],[111.589523,34.742233],[111.59052,34.733823],[111.599392,34.721297],[111.597334,34.7158],[111.591988,34.710921],[111.593045,34.7061],[111.601916,34.7011],[111.606968,34.691308],[111.614256,34.68896],[111.626612,34.688115],[111.638203,34.694067],[111.646734,34.693727],[111.651684,34.689236],[111.656981,34.678836],[111.662923,34.674379],[111.669283,34.672685],[111.675645,34.676049],[111.67903,34.676054],[111.682942,34.671856],[111.681564,34.664549],[111.684662,34.663194],[111.689925,34.669259],[111.692611,34.666771],[111.694491,34.667882],[111.708201,34.667376],[111.721619,34.663544],[111.722913,34.658782],[111.719322,34.650428],[111.728499,34.62942],[111.72597,34.626889],[111.71838,34.624879],[111.717266,34.616029],[111.72409,34.607688],[111.74008,34.600251]]]}},{"type":"Feature","properties":{"dt_adcode":"411221"},"geometry":{"type":"Polygon","coordinates":[[[112.032294,34.782553],[112.030957,34.780691],[112.032363,34.774965],[112.027101,34.775044],[112.023522,34.770596],[112.017452,34.76992],[112.019354,34.762585],[112.013099,34.751144],[111.997803,34.750687],[111.997541,34.747686],[112.000506,34.745004],[111.997704,34.742602],[111.999661,34.739074],[111.995406,34.740303],[111.994733,34.737498],[112.01139,34.732413],[112.012635,34.730645],[112.014119,34.731487],[112.012916,34.729565],[112.015002,34.7285],[112.015514,34.726049],[112.010727,34.720719],[112.002157,34.718171],[112.001655,34.716868],[111.997651,34.717327],[112.000561,34.715174],[111.996266,34.7143],[111.998594,34.712685],[111.996006,34.712778],[111.995413,34.709353],[111.991099,34.710899],[111.991099,34.715846],[111.988189,34.71826],[111.987758,34.720891],[111.978674,34.724293],[111.964945,34.723876],[111.962352,34.726457],[111.961769,34.729748],[111.965417,34.736578],[111.965182,34.73893],[111.960474,34.741858],[111.951938,34.741899],[111.940397,34.736058],[111.93293,34.738638],[111.930219,34.741339],[111.92546,34.760768],[111.923462,34.763591],[111.922229,34.771469],[111.925904,34.776707],[111.923255,34.780144],[111.906985,34.78968],[111.883913,34.798116],[111.854097,34.80273],[111.844016,34.799514],[111.841556,34.797224],[111.839909,34.789965],[111.841901,34.784315],[111.850344,34.778243],[111.851045,34.775478],[111.841492,34.771703],[111.837031,34.763889],[111.82947,34.758904],[111.825485,34.742947],[111.825484,34.737067],[111.826662,34.734947],[111.832871,34.7322],[111.834507,34.726377],[111.85608,34.722103],[111.875019,34.715519],[111.883644,34.714627],[111.887631,34.710566],[111.899366,34.707031],[111.90524,34.707265],[111.906655,34.702914],[111.909701,34.701591],[111.919634,34.700419],[111.932692,34.702839],[111.935038,34.701901],[111.939045,34.695791],[111.946515,34.696537],[111.962061,34.692217],[111.973839,34.696597],[111.982914,34.69504],[111.981416,34.69285],[111.984505,34.688101],[111.984269,34.683249],[111.974777,34.67364],[111.972835,34.667401],[111.980086,34.653986],[111.978841,34.652275],[111.971423,34.65067],[111.967469,34.643103],[111.953693,34.639545],[111.949213,34.632951],[111.943211,34.629648],[111.94168,34.620473],[111.934733,34.610498],[111.936792,34.604444],[111.93109,34.600204],[111.92533,34.601844],[111.919948,34.606096],[111.918346,34.609575],[111.905686,34.619777],[111.898359,34.620273],[111.890787,34.617573],[111.874655,34.635139],[111.870262,34.642464],[111.863929,34.647061],[111.855544,34.64878],[111.830764,34.649218],[111.823959,34.647315],[111.824832,34.637958],[111.821377,34.634437],[111.811286,34.633866],[111.802145,34.629324],[111.792699,34.621987],[111.782139,34.609974],[111.775973,34.608157],[111.764114,34.609162],[111.76059,34.60587],[111.758775,34.597462],[111.753896,34.596346],[111.74008,34.600251],[111.72409,34.607688],[111.717266,34.616029],[111.71838,34.624879],[111.72597,34.626889],[111.728499,34.62942],[111.719322,34.650428],[111.722913,34.658782],[111.721619,34.663544],[111.708201,34.667376],[111.694491,34.667882],[111.692611,34.666771],[111.689925,34.669259],[111.684662,34.663194],[111.681564,34.664549],[111.682942,34.671856],[111.67903,34.676054],[111.675645,34.676049],[111.669283,34.672685],[111.662923,34.674379],[111.656981,34.678836],[111.651684,34.689236],[111.646734,34.693727],[111.638203,34.694067],[111.626612,34.688115],[111.614256,34.68896],[111.606968,34.691308],[111.601916,34.7011],[111.593045,34.7061],[111.591988,34.710921],[111.597334,34.7158],[111.599392,34.721297],[111.59052,34.733823],[111.589523,34.742233],[111.576792,34.752272],[111.573212,34.764213],[111.572746,34.777153],[111.583308,34.785079],[111.583889,34.787431],[111.576736,34.793671],[111.577795,34.80646],[111.565946,34.817239],[111.558321,34.813547],[111.552397,34.822588],[111.561138,34.828627],[111.560611,34.837919],[111.563586,34.844205],[111.570791,34.843317],[111.587626,34.857956],[111.590596,34.867399],[111.591865,34.881635],[111.594024,34.885342],[111.605797,34.892354],[111.617036,34.89397],[111.621899,34.90722],[111.621574,34.916284],[111.627817,34.916848],[111.632081,34.925561],[111.645083,34.937825],[111.653172,34.939662],[111.663591,34.939379],[111.681233,34.949769],[111.681535,34.952279],[111.677331,34.960821],[111.67574,34.971409],[111.664684,34.982062],[111.664344,34.984432],[111.666858,34.987103],[111.687119,34.988501],[111.695269,34.998263],[111.704176,34.998357],[111.711744,35.003644],[111.740357,35.004621],[111.741554,35.011655],[111.747735,35.015881],[111.755157,35.017087],[111.76749,35.015274],[111.773211,35.017872],[111.776663,35.022184],[111.777222,35.027717],[111.779917,35.029657],[111.793534,35.026663],[111.800578,35.028184],[111.806981,35.033081],[111.81033,35.039366],[111.812034,35.048564],[111.810415,35.063283],[111.818417,35.068456],[111.861485,35.074759],[111.864515,35.076762],[111.884231,35.069733],[111.901461,35.079988],[111.913023,35.072373],[111.917599,35.071139],[111.93058,35.083033],[111.952126,35.082114],[111.963151,35.079306],[111.973353,35.070236],[111.959978,35.06444],[111.958211,35.059144],[111.958567,35.048616],[111.955504,35.044847],[111.939491,35.036585],[111.938665,35.034583],[111.940194,35.030588],[111.951734,35.021902],[111.96704,35.014173],[111.991908,35.005007],[111.991316,35.003006],[111.978112,34.997175],[111.981891,34.990539],[111.967211,34.989912],[111.960858,34.988016],[111.956846,34.984831],[111.956793,34.981656],[111.961143,34.975695],[111.968976,34.971832],[111.981236,34.971571],[111.983239,34.97046],[111.98471,34.963818],[111.981887,34.960634],[111.968626,34.953953],[111.950839,34.947767],[111.935656,34.948567],[111.921717,34.934028],[111.897221,34.925734],[111.890056,34.920326],[111.88396,34.911979],[111.885008,34.904216],[111.883247,34.89422],[111.88583,34.891278],[111.894519,34.890594],[111.898743,34.885889],[111.922363,34.883921],[111.949829,34.863372],[111.951125,34.859698],[111.948941,34.852284],[111.957953,34.851185],[111.965961,34.852498],[111.981397,34.857624],[111.987999,34.857525],[111.990246,34.85612],[111.990716,34.853771],[111.982876,34.846162],[111.984051,34.83993],[111.993832,34.834694],[111.996549,34.829117],[112.019003,34.813982],[112.020945,34.809754],[112.013166,34.80579],[112.013932,34.800676],[112.016353,34.797097],[112.028168,34.791682],[112.030125,34.792564],[112.032294,34.782553]],[[112.030284,34.782345],[112.020411,34.785603],[112.017943,34.784857],[112.021171,34.777539],[112.028598,34.77851],[112.030284,34.782345]]]}},{"type":"Feature","properties":{"dt_adcode":"411224"},"geometry":{"type":"Polygon","coordinates":[[[111.367171,34.092484],[111.354325,34.084472],[111.34991,34.071567],[111.344077,34.063036],[111.342074,34.056038],[111.342307,34.037912],[111.343482,34.034506],[111.349967,34.027789],[111.355145,34.015165],[111.355614,34.004443],[111.353611,33.996272],[111.357736,33.988111],[111.35603,33.984524],[111.344129,33.973368],[111.328745,33.96664],[111.311959,33.949835],[111.305943,33.941364],[111.304646,33.931783],[111.302174,33.927197],[111.285573,33.92741],[111.283981,33.928524],[111.283095,33.933607],[111.280042,33.935484],[111.276799,33.935539],[111.261978,33.929773],[111.249633,33.933976],[111.239995,33.933157],[111.230065,33.924762],[111.227192,33.917654],[111.226628,33.913101],[111.234792,33.901739],[111.23579,33.89761],[111.234497,33.894878],[111.22679,33.888291],[111.223988,33.889394],[111.218215,33.887643],[111.213769,33.884039],[111.20808,33.885964],[111.209251,33.889194],[111.207994,33.891679],[111.204673,33.890613],[111.203031,33.88778],[111.203692,33.883445],[111.208123,33.878957],[111.218391,33.874829],[111.219388,33.871186],[111.216403,33.865157],[111.219509,33.862341],[111.232072,33.856805],[111.24029,33.842463],[111.261568,33.822862],[111.260836,33.796758],[111.253425,33.79799],[111.242908,33.796407],[111.234853,33.801261],[111.226929,33.800797],[111.222461,33.79757],[111.217299,33.788351],[111.210316,33.784072],[111.202918,33.768248],[111.196051,33.757741],[111.194411,33.745492],[111.197215,33.732204],[111.195984,33.729004],[111.196217,33.715958],[111.191639,33.708737],[111.186185,33.704106],[111.181312,33.686868],[111.168023,33.681781],[111.1477,33.685003],[111.141411,33.678738],[111.134601,33.679452],[111.132727,33.678104],[111.132839,33.673051],[111.140299,33.661317],[111.14957,33.655602],[111.152092,33.645463],[111.1491,33.638885],[111.143931,33.633192],[111.134657,33.627445],[111.133953,33.612373],[111.123199,33.598631],[111.114567,33.578743],[111.111327,33.575922],[111.102927,33.573926],[111.089096,33.563754],[111.08527,33.563517],[111.07544,33.566826],[111.070079,33.566347],[111.061894,33.558107],[111.055109,33.554184],[111.030282,33.55048],[111.022087,33.551279],[111.009959,33.560529],[111.0037,33.57867],[110.979663,33.595892],[110.969161,33.607737],[110.962852,33.609837],[110.952887,33.608376],[110.940812,33.62005],[110.906445,33.627929],[110.899739,33.632984],[110.878827,33.634645],[110.857726,33.657814],[110.841826,33.663232],[110.834372,33.67237],[110.832205,33.679221],[110.825375,33.68414],[110.822965,33.689463],[110.8232,33.692856],[110.828861,33.702012],[110.828038,33.707258],[110.832148,33.713878],[110.821651,33.726707],[110.817716,33.734178],[110.81723,33.751137],[110.807546,33.757264],[110.799127,33.775522],[110.790705,33.776769],[110.784189,33.782402],[110.785188,33.78816],[110.782195,33.796066],[110.774028,33.797599],[110.765562,33.795018],[110.753693,33.799491],[110.748635,33.797256],[110.741343,33.798809],[110.725987,33.807729],[110.723865,33.816776],[110.711529,33.834373],[110.684935,33.838779],[110.677979,33.845052],[110.671379,33.847464],[110.667201,33.852626],[110.659096,33.851702],[110.649468,33.845971],[110.644786,33.844965],[110.635954,33.847713],[110.628178,33.84556],[110.621544,33.849528],[110.613173,33.850713],[110.61193,33.854163],[110.612548,33.868472],[110.59996,33.871423],[110.596852,33.879046],[110.587329,33.886926],[110.589891,33.897838],[110.592183,33.900599],[110.610553,33.907781],[110.627609,33.908394],[110.627879,33.913419],[110.623523,33.918952],[110.626019,33.924595],[110.633377,33.925823],[110.639798,33.932412],[110.65052,33.936718],[110.669549,33.939248],[110.676916,33.949251],[110.672903,33.955501],[110.671998,33.965855],[110.653438,33.969158],[110.649843,33.971559],[110.65108,33.979818],[110.649584,33.992286],[110.638218,34.006072],[110.634743,34.016091],[110.627743,34.019549],[110.627939,34.022708],[110.631789,34.024779],[110.624168,34.033836],[110.619467,34.035643],[110.615543,34.034211],[110.613635,34.031911],[110.615707,34.026313],[110.612091,34.024255],[110.588607,34.023068],[110.58649,34.024598],[110.589754,34.038594],[110.582005,34.042815],[110.589173,34.044902],[110.587885,34.047665],[110.589997,34.048535],[110.590028,34.050898],[110.585868,34.052443],[110.590047,34.054952],[110.590585,34.057715],[110.587918,34.058641],[110.588217,34.0614],[110.590684,34.062206],[110.592739,34.065492],[110.594006,34.063935],[110.595164,34.06475],[110.593256,34.089186],[110.590731,34.096854],[110.591782,34.101672],[110.597313,34.106431],[110.61401,34.11372],[110.618183,34.124033],[110.6226,34.125389],[110.62854,34.131976],[110.624244,34.137965],[110.634073,34.144763],[110.639136,34.150881],[110.641965,34.160874],[110.644915,34.159945],[110.650093,34.153723],[110.655393,34.150795],[110.659929,34.149774],[110.666528,34.150961],[110.684149,34.138067],[110.690923,34.138256],[110.698114,34.140561],[110.707951,34.139724],[110.720438,34.143326],[110.726266,34.141159],[110.733859,34.134936],[110.737502,34.136821],[110.743857,34.136384],[110.74762,34.131154],[110.753381,34.130098],[110.761491,34.12604],[110.764904,34.118871],[110.788695,34.12223],[110.790101,34.123874],[110.791394,34.135801],[110.80032,34.139403],[110.816101,34.14214],[110.819449,34.153209],[110.823732,34.156729],[110.825787,34.161601],[110.838105,34.167396],[110.855357,34.17092],[110.863804,34.179309],[110.869147,34.182299],[110.879073,34.196302],[110.877893,34.202004],[110.867683,34.203721],[110.860754,34.209402],[110.850845,34.221409],[110.849493,34.228491],[110.852658,34.241708],[110.857887,34.245989],[110.862876,34.278981],[110.865513,34.284678],[110.857129,34.301],[110.860355,34.308989],[110.857426,34.324304],[110.858709,34.326476],[110.865994,34.326935],[110.873332,34.324103],[110.883308,34.302465],[110.884601,34.29544],[110.887534,34.292029],[110.901878,34.283734],[110.905579,34.283497],[110.911931,34.286144],[110.915051,34.284263],[110.911756,34.275066],[110.915987,34.261255],[110.911571,34.253407],[110.913396,34.250058],[110.921638,34.25024],[110.936531,34.264064],[110.946776,34.259937],[110.953264,34.262828],[110.959396,34.261783],[110.963256,34.263952],[110.964816,34.267892],[110.975379,34.268155],[110.981098,34.270301],[110.987061,34.276253],[110.990069,34.277466],[110.997621,34.27674],[111.001659,34.280395],[111.009071,34.278713],[111.026275,34.283657],[111.037477,34.276311],[111.039456,34.278257],[111.036092,34.290736],[111.050021,34.32048],[111.053438,34.346172],[111.050494,34.356746],[111.051671,34.361332],[111.059686,34.373221],[111.060044,34.382157],[111.065817,34.385694],[111.092083,34.382314],[111.096551,34.380201],[111.10325,34.368564],[111.104666,34.359395],[111.108193,34.355308],[111.138739,34.36162],[111.138444,34.356742],[111.141202,34.353034],[111.161389,34.349975],[111.166616,34.344794],[111.171477,34.330032],[111.185441,34.316987],[111.191655,34.303576],[111.188958,34.291915],[111.183852,34.286165],[111.181918,34.281231],[111.182974,34.268271],[111.181561,34.259046],[111.187784,34.250279],[111.187428,34.245753],[111.179269,34.228696],[111.162088,34.228142],[111.158854,34.226031],[111.158975,34.223094],[111.169889,34.216372],[111.175809,34.209516],[111.207373,34.197411],[111.210363,34.189268],[111.216763,34.179211],[111.219756,34.178091],[111.234498,34.178544],[111.240078,34.16958],[111.249889,34.161407],[111.253181,34.153092],[111.26,34.14892],[111.267934,34.146513],[111.277819,34.147959],[111.279062,34.139733],[111.280879,34.138267],[111.294128,34.145332],[111.302255,34.14311],[111.305318,34.140178],[111.307789,34.133511],[111.307083,34.122404],[111.313385,34.116539],[111.334714,34.115608],[111.344726,34.109047],[111.358749,34.108777],[111.366702,34.096332],[111.367171,34.092484]]]}},{"type":"Feature","properties":{"dt_adcode":"411281"},"geometry":{"type":"Polygon","coordinates":[[[111.993233,34.693889],[111.973839,34.696597],[111.962061,34.692217],[111.946515,34.696537],[111.939045,34.695791],[111.935038,34.701901],[111.932692,34.702839],[111.919634,34.700419],[111.909701,34.701591],[111.906655,34.702914],[111.90524,34.707265],[111.899366,34.707031],[111.887631,34.710566],[111.883644,34.714627],[111.875019,34.715519],[111.85608,34.722103],[111.834507,34.726377],[111.832871,34.7322],[111.826662,34.734947],[111.825138,34.739242],[111.82947,34.758904],[111.837031,34.763889],[111.841492,34.771703],[111.851045,34.775478],[111.850344,34.778243],[111.841901,34.784315],[111.839909,34.789965],[111.841556,34.797224],[111.844016,34.799514],[111.854097,34.80273],[111.878252,34.799386],[111.906985,34.78968],[111.923255,34.780144],[111.925904,34.776707],[111.922229,34.771469],[111.923462,34.763591],[111.92546,34.760768],[111.930219,34.741339],[111.93293,34.738638],[111.940397,34.736058],[111.951938,34.741899],[111.960474,34.741858],[111.965182,34.73893],[111.965417,34.736578],[111.961769,34.729748],[111.962352,34.726457],[111.964945,34.723876],[111.978674,34.724293],[111.987939,34.720731],[111.988189,34.71826],[111.991099,34.715846],[111.991099,34.710899],[111.995413,34.709353],[111.994288,34.7058],[111.996473,34.699809],[111.995942,34.69669],[111.993233,34.693889]]]}},{"type":"Feature","properties":{"dt_adcode":"411282"},"geometry":{"type":"Polygon","coordinates":[[[110.935509,34.730514],[110.960889,34.716229],[110.966385,34.705007],[110.974781,34.701698],[110.990909,34.717826],[111.002413,34.72197],[111.030792,34.738559],[111.029499,34.733169],[111.032668,34.726643],[111.036173,34.724215],[111.046165,34.721583],[111.045075,34.717451],[111.039756,34.713708],[111.039082,34.703543],[111.028576,34.685464],[111.029404,34.680909],[111.038016,34.67464],[111.032349,34.669509],[111.032409,34.662924],[111.037892,34.658529],[111.054352,34.655599],[111.063661,34.652028],[111.073672,34.644196],[111.078152,34.636087],[111.082502,34.632328],[111.098978,34.622342],[111.105093,34.608056],[111.110034,34.5863],[111.122906,34.572011],[111.125249,34.566601],[111.124137,34.561898],[111.119727,34.556904],[111.120316,34.544174],[111.1162,34.536183],[111.118673,34.521806],[111.127014,34.514158],[111.126953,34.506603],[111.136054,34.50142],[111.142334,34.492124],[111.150903,34.491201],[111.164869,34.486061],[111.178296,34.476572],[111.178946,34.473691],[111.164044,34.46981],[111.160056,34.46717],[111.152833,34.455132],[111.152129,34.450371],[111.154592,34.449075],[111.18053,34.449262],[111.187213,34.447104],[111.190324,34.441631],[111.18833,34.430584],[111.191137,34.421762],[111.189671,34.411581],[111.191378,34.400676],[111.171432,34.394953],[111.156815,34.394655],[111.151951,34.391899],[111.146374,34.38562],[111.145723,34.378744],[111.141204,34.373108],[111.14109,34.367141],[111.138739,34.36162],[111.113013,34.355895],[111.106603,34.355956],[111.10325,34.368564],[111.096551,34.380201],[111.092083,34.382314],[111.07077,34.386055],[111.062047,34.384512],[111.060044,34.382157],[111.059686,34.373221],[111.051671,34.361332],[111.050494,34.356746],[111.053438,34.346172],[111.050021,34.32048],[111.036092,34.290736],[111.039368,34.277345],[111.036474,34.276486],[111.026275,34.283657],[111.009071,34.278713],[111.001659,34.280395],[110.997621,34.27674],[110.990069,34.277466],[110.987061,34.276253],[110.981098,34.270301],[110.975379,34.268155],[110.964816,34.267892],[110.963256,34.263952],[110.959396,34.261783],[110.953264,34.262828],[110.946776,34.259937],[110.936531,34.264064],[110.919516,34.249533],[110.913396,34.250058],[110.911458,34.25194],[110.915987,34.261255],[110.911756,34.272831],[110.915051,34.284263],[110.911931,34.286144],[110.905579,34.283497],[110.901878,34.283734],[110.887534,34.292029],[110.884601,34.29544],[110.883308,34.302465],[110.873332,34.324103],[110.865994,34.326935],[110.858709,34.326476],[110.857426,34.324304],[110.860355,34.308989],[110.857129,34.301],[110.865513,34.284678],[110.862876,34.278981],[110.857887,34.245989],[110.852658,34.241708],[110.849493,34.228491],[110.850845,34.221409],[110.860754,34.209402],[110.867683,34.203721],[110.877893,34.202004],[110.879073,34.196302],[110.869147,34.182299],[110.863804,34.179309],[110.855357,34.17092],[110.838105,34.167396],[110.825787,34.161601],[110.823732,34.156729],[110.819449,34.153209],[110.816101,34.14214],[110.80032,34.139403],[110.791394,34.135801],[110.790101,34.123874],[110.788695,34.12223],[110.764904,34.118871],[110.761491,34.12604],[110.753381,34.130098],[110.74762,34.131154],[110.743857,34.136384],[110.737502,34.136821],[110.733859,34.134936],[110.726266,34.141159],[110.720438,34.143326],[110.707951,34.139724],[110.698114,34.140561],[110.690923,34.138256],[110.684149,34.138067],[110.666528,34.150961],[110.659929,34.149774],[110.650093,34.153723],[110.644915,34.159945],[110.639842,34.162693],[110.636493,34.167976],[110.625369,34.172549],[110.621778,34.177424],[110.608193,34.176095],[110.596493,34.179444],[110.588854,34.178389],[110.587387,34.1818],[110.590261,34.187086],[110.589089,34.190261],[110.574704,34.192065],[110.568305,34.191192],[110.562792,34.193846],[110.557168,34.193387],[110.553234,34.199241],[110.553408,34.207468],[110.549658,34.214117],[110.540279,34.217196],[110.522117,34.219859],[110.510053,34.216604],[110.489735,34.232328],[110.439688,34.243401],[110.437867,34.247049],[110.442445,34.255769],[110.435459,34.264535],[110.433993,34.271236],[110.426483,34.276092],[110.42854,34.287963],[110.432642,34.290838],[110.441035,34.289711],[110.449304,34.291461],[110.454346,34.294536],[110.461095,34.304103],[110.467192,34.307378],[110.472639,34.315475],[110.47463,34.323493],[110.487285,34.319873],[110.500049,34.320951],[110.503269,34.334283],[110.502691,34.345189],[110.499178,34.350488],[110.489451,34.355316],[110.487288,34.357908],[110.486137,34.36548],[110.474047,34.39171],[110.476533,34.404881],[110.475936,34.40913],[110.467417,34.409751],[110.458167,34.402411],[110.455083,34.402001],[110.430987,34.409447],[110.409501,34.421601],[110.408347,34.424923],[110.409684,34.428871],[110.403244,34.433096],[110.403598,34.434794],[110.401342,34.436898],[110.403105,34.437593],[110.400159,34.440059],[110.402341,34.445883],[110.398611,34.45293],[110.395076,34.454176],[110.392995,34.460033],[110.393245,34.465182],[110.386521,34.469843],[110.382807,34.476912],[110.379746,34.478525],[110.377363,34.483609],[110.378134,34.486516],[110.367556,34.494965],[110.363816,34.511851],[110.360476,34.517678],[110.364722,34.5325],[110.37175,34.538951],[110.372731,34.544316],[110.378403,34.545562],[110.404867,34.558669],[110.404268,34.565964],[110.399334,34.562846],[110.387603,34.561822],[110.376144,34.563103],[110.367177,34.566785],[110.366804,34.569925],[110.370962,34.576025],[110.379179,34.60053],[110.407725,34.589244],[110.416794,34.587535],[110.424807,34.588464],[110.437753,34.597858],[110.449088,34.602517],[110.465606,34.605471],[110.475849,34.610454],[110.488485,34.610762],[110.52194,34.589509],[110.533196,34.583478],[110.540164,34.581934],[110.558589,34.587875],[110.594501,34.603134],[110.615199,34.609309],[110.624959,34.609309],[110.639485,34.606472],[110.652877,34.598982],[110.674779,34.592399],[110.687717,34.598868],[110.696115,34.607493],[110.710641,34.615664],[110.722339,34.620073],[110.732718,34.633197],[110.741166,34.639232],[110.749129,34.652258],[110.754676,34.653465],[110.791858,34.649767],[110.808236,34.6371],[110.816036,34.622634],[110.824309,34.61583],[110.834515,34.617531],[110.853182,34.635296],[110.861576,34.639721],[110.883689,34.644128],[110.893489,34.651637],[110.903729,34.668815],[110.91522,34.716229],[110.924804,34.731294],[110.928473,34.732197],[110.935509,34.730514]]]}},{"type":"Feature","properties":{"dt_adcode":"411302"},"geometry":{"type":"Polygon","coordinates":[[[112.469304,32.702875],[112.476756,32.710318],[112.481864,32.718042],[112.499072,32.726802],[112.50572,32.73552],[112.503826,32.744473],[112.500695,32.746981],[112.486887,32.750823],[112.481804,32.75475],[112.481539,32.760369],[112.484133,32.76224],[112.498416,32.757758],[112.503415,32.758822],[112.507382,32.762129],[112.503572,32.770187],[112.495022,32.772978],[112.490036,32.772888],[112.486543,32.778597],[112.496677,32.788546],[112.496814,32.793971],[112.499351,32.799106],[112.499022,32.8035],[112.495338,32.807808],[112.496749,32.820647],[112.505726,32.826256],[112.509317,32.825396],[112.52189,32.827809],[112.52389,32.835244],[112.523401,32.838768],[112.521209,32.840798],[112.504542,32.848506],[112.499943,32.852816],[112.498522,32.857633],[112.503436,32.863342],[112.502955,32.871615],[112.509362,32.877174],[112.511739,32.886244],[112.507469,32.890143],[112.499641,32.891271],[112.493634,32.895398],[112.485701,32.906138],[112.485832,32.90995],[112.48046,32.921433],[112.486562,32.932713],[112.492801,32.932414],[112.49867,32.934548],[112.507689,32.942737],[112.515464,32.964028],[112.524594,32.974258],[112.53875,32.983036],[112.535373,32.986713],[112.535839,32.994591],[112.538846,33.015504],[112.53976,33.019128],[112.543784,33.020811],[112.543305,33.025661],[112.548128,33.024041],[112.548826,33.025911],[112.55271,33.025132],[112.552936,33.018027],[112.56809,33.018537],[112.571869,33.021518],[112.575757,33.020657],[112.575841,33.011779],[112.584267,33.010434],[112.587193,33.011386],[112.589395,33.024305],[112.593096,33.022256],[112.593022,33.020646],[112.596076,33.021084],[112.598026,33.027808],[112.598412,33.029341],[112.595067,33.031771],[112.597037,33.032121],[112.596597,33.037045],[112.593209,33.037627],[112.593059,33.041099],[112.604107,33.039345],[112.605788,33.040266],[112.605917,33.037964],[112.609569,33.037104],[112.609148,33.035703],[112.616672,33.034915],[112.616131,33.048029],[112.628933,33.074365],[112.642553,33.088283],[112.644425,33.092222],[112.625859,33.115425],[112.624382,33.118032],[112.624383,33.124576],[112.629776,33.135678],[112.644849,33.143472],[112.646721,33.146132],[112.646893,33.153589],[112.648669,33.153859],[112.655766,33.162619],[112.657428,33.162421],[112.662846,33.155439],[112.663674,33.151808],[112.662594,33.148881],[112.658584,33.14561],[112.658189,33.142818],[112.656326,33.142463],[112.656952,33.139471],[112.676534,33.136504],[112.686115,33.136084],[112.705545,33.138681],[112.713756,33.136648],[112.718956,33.133456],[112.725277,33.119266],[112.732952,33.113788],[112.754549,33.108794],[112.763275,33.109491],[112.791618,33.120281],[112.796273,33.120508],[112.801456,33.113403],[112.793306,33.099427],[112.788676,33.094384],[112.777769,33.069203],[112.782598,33.068138],[112.78092,33.062929],[112.778565,33.06214],[112.774956,33.056027],[112.773648,33.041705],[112.775331,33.04082],[112.773849,33.034782],[112.775889,33.034752],[112.775851,33.032852],[112.784897,33.030349],[112.787491,33.026222],[112.786424,33.021792],[112.795979,33.017377],[112.795429,33.014888],[112.798127,33.013892],[112.795061,33.009298],[112.799948,33.007206],[112.799181,32.998587],[112.801689,32.995329],[112.806142,32.993599],[112.809672,32.999579],[112.815536,33.003494],[112.820571,33.004386],[112.831072,32.999507],[112.826219,32.987774],[112.829857,32.974403],[112.826624,32.966713],[112.818955,32.957009],[112.794368,32.95801],[112.791621,32.953395],[112.791966,32.946736],[112.783624,32.94019],[112.781326,32.936861],[112.782195,32.932456],[112.776349,32.927729],[112.779966,32.926085],[112.777508,32.925296],[112.775138,32.921728],[112.781893,32.90745],[112.778645,32.904751],[112.775127,32.903774],[112.772129,32.905647],[112.76702,32.903528],[112.761161,32.906452],[112.760791,32.905021],[112.75771,32.906101],[112.756389,32.90358],[112.750807,32.90493],[112.750978,32.906592],[112.749717,32.905511],[112.741491,32.906378],[112.742072,32.908139],[112.738078,32.909888],[112.736657,32.912889],[112.729137,32.916845],[112.726958,32.911566],[112.721836,32.913885],[112.720183,32.909811],[112.714192,32.914405],[112.714191,32.910563],[112.71878,32.908727],[112.716034,32.904071],[112.719801,32.900334],[112.71903,32.898772],[112.722465,32.895984],[112.723878,32.898107],[112.726191,32.897149],[112.722204,32.8893],[112.71992,32.890087],[112.715442,32.886029],[112.72646,32.883031],[112.726239,32.877216],[112.728493,32.876448],[112.728502,32.871125],[112.731106,32.871037],[112.730385,32.868665],[112.732808,32.868707],[112.733839,32.866727],[112.730844,32.860831],[112.733878,32.859692],[112.733007,32.858101],[112.735079,32.857152],[112.732757,32.856749],[112.731494,32.853437],[112.733677,32.851057],[112.722371,32.853117],[112.719626,32.849421],[112.717853,32.849419],[112.712001,32.840515],[112.712181,32.838204],[112.703994,32.839372],[112.704836,32.840994],[112.702311,32.844002],[112.703553,32.845375],[112.697259,32.846965],[112.69374,32.842136],[112.687796,32.841565],[112.687646,32.838513],[112.685139,32.838217],[112.684658,32.839778],[112.677671,32.839154],[112.675255,32.843292],[112.672849,32.840826],[112.670506,32.841607],[112.660564,32.824228],[112.660367,32.80968],[112.665928,32.807363],[112.659583,32.793543],[112.667113,32.791298],[112.66542,32.780341],[112.668939,32.77388],[112.666482,32.773407],[112.659265,32.760504],[112.65279,32.761524],[112.646106,32.750969],[112.637696,32.742915],[112.629035,32.729139],[112.628513,32.722951],[112.63179,32.718842],[112.647051,32.712025],[112.648164,32.707448],[112.645501,32.689797],[112.642264,32.680621],[112.634394,32.66942],[112.642933,32.667076],[112.641868,32.657483],[112.617436,32.665783],[112.615209,32.661336],[112.610122,32.662307],[112.612381,32.668661],[112.604624,32.671324],[112.598955,32.662409],[112.603062,32.656357],[112.599374,32.650616],[112.594194,32.652436],[112.592083,32.647989],[112.592234,32.646079],[112.599581,32.641509],[112.600769,32.637677],[112.598039,32.6379],[112.594384,32.633974],[112.591732,32.634416],[112.591512,32.632416],[112.583966,32.634777],[112.583917,32.637598],[112.570613,32.638034],[112.568306,32.630815],[112.556491,32.636508],[112.554406,32.639463],[112.556702,32.654005],[112.555474,32.654397],[112.556004,32.659879],[112.554717,32.660441],[112.556942,32.663438],[112.549469,32.664194],[112.54954,32.666936],[112.546997,32.667521],[112.547445,32.669689],[112.528163,32.671622],[112.52618,32.674649],[112.514041,32.674625],[112.512686,32.671928],[112.506577,32.671806],[112.504843,32.66968],[112.497071,32.671694],[112.498505,32.675681],[112.493095,32.677529],[112.493055,32.6799],[112.488717,32.679769],[112.486158,32.682451],[112.477704,32.683336],[112.477647,32.685346],[112.473211,32.685818],[112.47362,32.690369],[112.469662,32.695561],[112.469304,32.702875]]]}},{"type":"Feature","properties":{"dt_adcode":"411303"},"geometry":{"type":"MultiPolygon","coordinates":[[[[112.647264,33.149183],[112.644849,33.143472],[112.629776,33.135678],[112.624383,33.124576],[112.624382,33.118032],[112.625859,33.115425],[112.644425,33.092222],[112.642553,33.088283],[112.628933,33.074365],[112.616131,33.048029],[112.616672,33.034915],[112.609148,33.035703],[112.609569,33.037104],[112.605917,33.037964],[112.605788,33.040266],[112.604107,33.039345],[112.593059,33.041099],[112.593209,33.037627],[112.596597,33.037045],[112.597037,33.032121],[112.595067,33.031771],[112.598412,33.029341],[112.598026,33.027808],[112.596076,33.021084],[112.593022,33.020646],[112.593096,33.022256],[112.589395,33.024305],[112.587193,33.011386],[112.584267,33.010434],[112.575841,33.011779],[112.575757,33.020657],[112.571869,33.021518],[112.56809,33.018537],[112.552936,33.018027],[112.55271,33.025132],[112.548826,33.025911],[112.548128,33.024041],[112.543305,33.025661],[112.543784,33.020811],[112.53976,33.019128],[112.538846,33.015504],[112.535839,32.994591],[112.535373,32.986713],[112.53875,32.983036],[112.524594,32.974258],[112.515464,32.964028],[112.507689,32.942737],[112.49867,32.934548],[112.492801,32.932414],[112.486562,32.932713],[112.48046,32.921433],[112.485832,32.90995],[112.485701,32.906138],[112.493634,32.895398],[112.499641,32.891271],[112.507469,32.890143],[112.511739,32.886244],[112.509362,32.877174],[112.502955,32.871615],[112.503436,32.863342],[112.498522,32.857633],[112.499943,32.852816],[112.504542,32.848506],[112.521209,32.840798],[112.523674,32.838154],[112.52189,32.827809],[112.509317,32.825396],[112.505726,32.826256],[112.496749,32.820647],[112.495338,32.807808],[112.499022,32.8035],[112.499351,32.799106],[112.496814,32.793971],[112.496677,32.788546],[112.486543,32.778597],[112.490036,32.772888],[112.495022,32.772978],[112.503572,32.770187],[112.507382,32.762129],[112.503415,32.758822],[112.498416,32.757758],[112.484133,32.76224],[112.481539,32.760369],[112.481804,32.75475],[112.486887,32.750823],[112.500695,32.746981],[112.503826,32.744473],[112.50572,32.73552],[112.499072,32.726802],[112.481864,32.718042],[112.476756,32.710318],[112.47074,32.704833],[112.450717,32.70618],[112.431653,32.717585],[112.424604,32.717789],[112.412128,32.71522],[112.404229,32.718161],[112.400931,32.725019],[112.400871,32.733266],[112.403294,32.738091],[112.419197,32.757246],[112.431385,32.75632],[112.434303,32.757393],[112.434365,32.766907],[112.426669,32.770621],[112.418474,32.771523],[112.410657,32.768347],[112.404439,32.771617],[112.393284,32.773552],[112.389175,32.776511],[112.382142,32.789976],[112.383285,32.805737],[112.362454,32.8076],[112.361763,32.811281],[112.351794,32.811524],[112.352044,32.808003],[112.348727,32.808117],[112.347114,32.811666],[112.342571,32.81314],[112.342313,32.818836],[112.33465,32.823592],[112.326682,32.832017],[112.324842,32.844496],[112.330488,32.846277],[112.330259,32.850072],[112.323829,32.852579],[112.321864,32.858506],[112.308311,32.857459],[112.301424,32.861922],[112.302427,32.871215],[112.305515,32.873202],[112.312325,32.873835],[112.317138,32.879079],[112.313704,32.889026],[112.315619,32.889419],[112.313912,32.895924],[112.31709,32.898913],[112.31685,32.903996],[112.314337,32.908622],[112.321317,32.911235],[112.328977,32.910903],[112.33076,32.923544],[112.33247,32.923374],[112.332456,32.919825],[112.343092,32.920176],[112.343282,32.921405],[112.348627,32.92209],[112.350071,32.919171],[112.350624,32.920897],[112.352362,32.920881],[112.353394,32.91081],[112.36054,32.910757],[112.360961,32.908614],[112.359567,32.908061],[112.360944,32.905162],[112.362362,32.905781],[112.362767,32.900391],[112.365397,32.900234],[112.365221,32.907179],[112.368519,32.90853],[112.368403,32.910273],[112.370635,32.911622],[112.369414,32.912294],[112.370235,32.913883],[112.367756,32.913174],[112.369859,32.915529],[112.371805,32.91622],[112.374092,32.913436],[112.380726,32.914314],[112.382564,32.911534],[112.385983,32.912265],[112.38596,32.910767],[112.387801,32.910716],[112.387939,32.912855],[112.389864,32.913102],[112.390723,32.92595],[112.38829,32.92603],[112.388891,32.930839],[112.391487,32.930224],[112.392279,32.931686],[112.399299,32.930141],[112.403297,32.927652],[112.406873,32.934712],[112.40432,32.945209],[112.405903,32.950163],[112.408328,32.952209],[112.414095,32.952144],[112.417104,32.954268],[112.418308,32.956488],[112.414559,32.964807],[112.416345,32.967524],[112.421096,32.96952],[112.420289,32.972929],[112.417566,32.975563],[112.414082,32.987456],[112.414437,32.989536],[112.419683,32.993593],[112.421571,33.000327],[112.419063,33.001674],[112.412816,32.999938],[112.406492,33.00127],[112.407443,33.008767],[112.402882,33.017298],[112.405936,33.019947],[112.413972,33.019816],[112.412537,33.030754],[112.423479,33.038505],[112.423617,33.04103],[112.41629,33.047112],[112.407824,33.049478],[112.401699,33.056722],[112.397459,33.058182],[112.388012,33.066426],[112.381323,33.080459],[112.373465,33.081347],[112.36974,33.080234],[112.365924,33.081556],[112.349949,33.092176],[112.351712,33.097745],[112.350232,33.110229],[112.345682,33.113981],[112.338088,33.115538],[112.336574,33.117946],[112.33912,33.121949],[112.341936,33.14711],[112.352604,33.180331],[112.350143,33.182996],[112.333998,33.18679],[112.325203,33.193605],[112.319089,33.205707],[112.319047,33.212582],[112.336828,33.213851],[112.343379,33.217792],[112.350391,33.233651],[112.354758,33.235055],[112.361158,33.219285],[112.366088,33.220003],[112.392547,33.234821],[112.400122,33.247231],[112.405836,33.252073],[112.415644,33.256239],[112.436942,33.258834],[112.443225,33.257931],[112.454719,33.252227],[112.461811,33.252243],[112.468875,33.255922],[112.477799,33.268079],[112.480214,33.275185],[112.485371,33.280002],[112.494904,33.280925],[112.49954,33.279326],[112.507514,33.264206],[112.512998,33.257106],[112.527236,33.244738],[112.531086,33.237637],[112.529476,33.232597],[112.530038,33.227097],[112.542377,33.210148],[112.549224,33.205569],[112.563688,33.200776],[112.57136,33.201412],[112.57136,33.199069],[112.573789,33.199267],[112.573662,33.198086],[112.589242,33.19678],[112.592383,33.212639],[112.598968,33.211513],[112.600368,33.213521],[112.599446,33.215576],[112.601256,33.216592],[112.599958,33.216753],[112.599649,33.220844],[112.60056,33.221729],[112.612105,33.217602],[112.612826,33.223186],[112.618406,33.222686],[112.617812,33.217719],[112.627794,33.215755],[112.632119,33.218773],[112.638048,33.216194],[112.637422,33.2124],[112.639953,33.211851],[112.641639,33.215101],[112.64414,33.215405],[112.649263,33.212695],[112.643302,33.209279],[112.640966,33.205033],[112.640613,33.195086],[112.642608,33.190861],[112.632842,33.175867],[112.635456,33.166813],[112.64426,33.154317],[112.646893,33.153589],[112.647264,33.149183]]],[[[112.436581,33.2741],[112.438677,33.272998],[112.437379,33.269253],[112.433028,33.271625],[112.436581,33.2741]]],[[[112.402484,33.279505],[112.398714,33.275089],[112.394891,33.279546],[112.399924,33.283785],[112.402484,33.279505]]],[[[112.421838,33.278247],[112.420574,33.281588],[112.424074,33.283158],[112.426541,33.280204],[112.421838,33.278247]]],[[[112.389152,33.29188],[112.382256,33.294096],[112.384186,33.298368],[112.390725,33.295428],[112.389152,33.29188]]]]}},{"type":"Feature","properties":{"dt_adcode":"411321"},"geometry":{"type":"Polygon","coordinates":[[[112.429842,33.258812],[112.415644,33.256239],[112.405836,33.252073],[112.400122,33.247231],[112.392547,33.234821],[112.366088,33.220003],[112.361158,33.219285],[112.354758,33.235055],[112.350391,33.233651],[112.347407,33.22882],[112.345284,33.219869],[112.336828,33.213851],[112.319047,33.212582],[112.304287,33.208815],[112.288664,33.209167],[112.281348,33.214552],[112.279417,33.219497],[112.278558,33.230706],[112.274954,33.234308],[112.270489,33.235474],[112.264929,33.228435],[112.262271,33.231906],[112.261874,33.237009],[112.253224,33.240929],[112.258419,33.246189],[112.249442,33.255554],[112.248016,33.258884],[112.250786,33.277969],[112.247134,33.290645],[112.242316,33.299374],[112.244986,33.304752],[112.246221,33.323121],[112.238486,33.316946],[112.235024,33.317298],[112.235245,33.319633],[112.240621,33.324251],[112.242134,33.328012],[112.230718,33.329149],[112.218103,33.327185],[112.213855,33.334489],[112.207594,33.333611],[112.189647,33.32437],[112.180659,33.322037],[112.171913,33.323378],[112.155199,33.330863],[112.144476,33.339055],[112.116513,33.347376],[112.112046,33.356741],[112.112238,33.366597],[112.105054,33.373194],[112.085604,33.371291],[112.085833,33.374519],[112.090414,33.379099],[112.090148,33.387294],[112.076342,33.385508],[112.07183,33.393674],[112.073813,33.398864],[112.071906,33.400738],[112.066192,33.422607],[112.063131,33.42785],[112.057355,33.428256],[112.049681,33.425894],[112.030023,33.414243],[112.02647,33.413288],[112.0204,33.41529],[112.014818,33.422788],[112.00321,33.45383],[111.990339,33.473395],[111.982276,33.481556],[111.961506,33.493941],[111.944205,33.517366],[111.935183,33.537673],[111.919893,33.552194],[111.916516,33.56041],[111.916369,33.572094],[111.921058,33.570533],[111.930119,33.571075],[111.994209,33.584919],[112.020376,33.587731],[112.02361,33.591809],[112.028341,33.593033],[112.026552,33.598042],[112.024218,33.600022],[112.018669,33.594361],[112.017398,33.594633],[112.015843,33.597805],[112.013274,33.59859],[112.012318,33.602618],[112.014959,33.613643],[112.024784,33.622449],[112.03855,33.622361],[112.050961,33.610527],[112.059043,33.605252],[112.065741,33.607491],[112.087495,33.603061],[112.092229,33.607244],[112.091952,33.613094],[112.087497,33.618939],[112.084153,33.628966],[112.076342,33.633692],[112.072996,33.640096],[112.071327,33.648172],[112.074014,33.65316],[112.104719,33.661408],[112.120578,33.668842],[112.130921,33.67692],[112.141756,33.69164],[112.150335,33.713671],[112.158503,33.720124],[112.168627,33.721775],[112.177736,33.715632],[112.179215,33.703267],[112.185017,33.698711],[112.20168,33.705658],[112.21477,33.713958],[112.223254,33.716292],[112.23012,33.717014],[112.240539,33.715373],[112.249338,33.719006],[112.251722,33.718191],[112.255201,33.712028],[112.25886,33.710618],[112.280892,33.712064],[112.289399,33.706091],[112.306552,33.699772],[112.310022,33.695658],[112.312447,33.684873],[112.320892,33.679231],[112.33,33.669703],[112.336359,33.668146],[112.353261,33.669942],[112.361114,33.661259],[112.366941,33.662052],[112.376861,33.667215],[112.392503,33.666969],[112.408039,33.675458],[112.419312,33.677253],[112.438274,33.660104],[112.443239,33.657974],[112.458369,33.641532],[112.477134,33.637629],[112.489775,33.640372],[112.493227,33.638988],[112.503389,33.622186],[112.511138,33.616407],[112.516224,33.609658],[112.522771,33.60756],[112.524693,33.603813],[112.522927,33.594696],[112.532314,33.587279],[112.541436,33.589086],[112.548084,33.593876],[112.550041,33.589295],[112.55689,33.588169],[112.576006,33.602262],[112.588417,33.616865],[112.59469,33.619085],[112.603578,33.616795],[112.609795,33.612938],[112.611357,33.601886],[112.617707,33.597248],[112.634464,33.59481],[112.646187,33.602869],[112.660203,33.605379],[112.664396,33.597668],[112.683862,33.591722],[112.68917,33.587156],[112.708233,33.585291],[112.712817,33.588275],[112.724149,33.587308],[112.72873,33.584011],[112.743191,33.578855],[112.750391,33.571142],[112.761966,33.571107],[112.764248,33.564633],[112.770913,33.560577],[112.776275,33.562208],[112.787577,33.569914],[112.797176,33.572648],[112.811789,33.580311],[112.815576,33.576249],[112.820211,33.574803],[112.845658,33.57809],[112.852633,33.584421],[112.853683,33.598707],[112.858232,33.589058],[112.855474,33.566614],[112.856279,33.555734],[112.853825,33.54096],[112.848599,33.534934],[112.842889,33.532009],[112.833704,33.51436],[112.835592,33.510012],[112.842705,33.508863],[112.846812,33.506107],[112.845451,33.501526],[112.836431,33.491456],[112.816744,33.477955],[112.783998,33.417707],[112.778819,33.410601],[112.750357,33.401633],[112.742973,33.394745],[112.735838,33.382587],[112.734646,33.374502],[112.727509,33.363396],[112.721265,33.357233],[112.717091,33.357319],[112.716578,33.362188],[112.713561,33.364742],[112.701513,33.367136],[112.699459,33.366031],[112.696849,33.358631],[112.693394,33.354421],[112.677356,33.357984],[112.665677,33.347023],[112.653089,33.331939],[112.652404,33.329329],[112.656576,33.327838],[112.661076,33.330476],[112.661306,33.328463],[112.666589,33.328384],[112.665718,33.320041],[112.663401,33.321013],[112.661161,33.319974],[112.663407,33.318277],[112.666141,33.319797],[112.667025,33.321338],[112.665394,33.310498],[112.661428,33.301901],[112.658981,33.300161],[112.660822,33.298546],[112.655307,33.293444],[112.655333,33.29197],[112.659675,33.290471],[112.658357,33.279201],[112.649606,33.270355],[112.656881,33.265485],[112.662992,33.25134],[112.66291,33.236863],[112.665075,33.229976],[112.659987,33.220261],[112.649263,33.212695],[112.64414,33.215405],[112.641639,33.215101],[112.639953,33.211851],[112.637422,33.2124],[112.638048,33.216194],[112.632119,33.218773],[112.627794,33.215755],[112.617812,33.217719],[112.618406,33.222686],[112.612826,33.223186],[112.612105,33.217602],[112.60056,33.221729],[112.599958,33.216753],[112.601256,33.216592],[112.599446,33.215576],[112.600662,33.214431],[112.598968,33.211513],[112.592383,33.212639],[112.589242,33.19678],[112.573662,33.198086],[112.573789,33.199267],[112.57136,33.199069],[112.57136,33.201412],[112.563688,33.200776],[112.549224,33.205569],[112.542377,33.210148],[112.530038,33.227097],[112.529476,33.232597],[112.531086,33.237637],[112.527236,33.244738],[112.512998,33.257106],[112.507514,33.264206],[112.49954,33.279326],[112.494904,33.280925],[112.485371,33.280002],[112.480214,33.275185],[112.477799,33.268079],[112.468875,33.255922],[112.461811,33.252243],[112.454719,33.252227],[112.443225,33.257931],[112.429842,33.258812]],[[112.399924,33.283785],[112.394891,33.279546],[112.398714,33.275089],[112.402442,33.279914],[112.399924,33.283785]],[[112.421838,33.278247],[112.426541,33.280204],[112.424074,33.283158],[112.420574,33.281588],[112.421838,33.278247]],[[112.435785,33.274278],[112.433651,33.270677],[112.437743,33.26955],[112.438293,33.273876],[112.435785,33.274278]],[[112.382256,33.294096],[112.389152,33.29188],[112.390725,33.295428],[112.384186,33.298368],[112.382256,33.294096]]]}},{"type":"Feature","properties":{"dt_adcode":"411322"},"geometry":{"type":"Polygon","coordinates":[[[113.206142,33.070823],[113.201533,33.078011],[113.204271,33.084808],[113.198267,33.088249],[113.196794,33.090764],[113.198191,33.099876],[113.195167,33.103671],[113.194727,33.117694],[113.191349,33.125399],[113.195404,33.135466],[113.180531,33.151029],[113.164019,33.147431],[113.155389,33.146628],[113.14362,33.148531],[113.129869,33.145568],[113.116156,33.134397],[113.113146,33.134378],[113.106686,33.128225],[113.09434,33.131085],[113.095662,33.132997],[113.092769,33.133906],[113.092779,33.129703],[113.090156,33.128691],[113.095861,33.127363],[113.099323,33.128515],[113.098772,33.12144],[113.100993,33.118599],[113.098481,33.113204],[113.09597,33.111652],[113.08627,33.110165],[113.08665,33.106503],[113.078588,33.109147],[113.073681,33.112653],[113.073531,33.119127],[113.066697,33.129374],[113.053704,33.131431],[113.053594,33.133592],[113.056352,33.134679],[113.052712,33.139664],[113.053134,33.145019],[113.049063,33.149117],[113.042759,33.150251],[113.020282,33.141726],[113.003144,33.13952],[113.001307,33.13606],[113.00214,33.129468],[112.999629,33.119914],[112.993265,33.120445],[112.993416,33.125909],[112.991549,33.126914],[112.98111,33.127866],[112.982746,33.132373],[112.981754,33.136113],[112.979094,33.136846],[112.974869,33.137255],[112.96903,33.133582],[112.962473,33.134253],[112.954246,33.132174],[112.949859,33.127128],[112.944932,33.113596],[112.940565,33.108319],[112.933181,33.105102],[112.92607,33.105094],[112.912681,33.113333],[112.896836,33.118371],[112.887847,33.117002],[112.870398,33.110593],[112.862216,33.110601],[112.840423,33.113832],[112.801456,33.113403],[112.796273,33.120508],[112.791618,33.120281],[112.763275,33.109491],[112.754549,33.108794],[112.743892,33.110833],[112.732952,33.113788],[112.725277,33.119266],[112.718956,33.133456],[112.713756,33.136648],[112.705545,33.138681],[112.686115,33.136084],[112.676534,33.136504],[112.656952,33.139471],[112.656326,33.142463],[112.658189,33.142818],[112.658584,33.14561],[112.662594,33.148881],[112.663674,33.151808],[112.662846,33.155439],[112.657428,33.162421],[112.652645,33.16011],[112.65162,33.157132],[112.646893,33.153589],[112.64426,33.154317],[112.639446,33.160731],[112.635456,33.166813],[112.632842,33.175867],[112.642608,33.190861],[112.640613,33.195086],[112.640966,33.205033],[112.643302,33.209279],[112.659987,33.220261],[112.665075,33.229976],[112.66291,33.236863],[112.663774,33.244434],[112.662118,33.254897],[112.656881,33.265485],[112.649606,33.270355],[112.658357,33.279201],[112.659675,33.290471],[112.655333,33.29197],[112.655307,33.293444],[112.660822,33.298546],[112.658981,33.300161],[112.661428,33.301901],[112.665394,33.310498],[112.667025,33.321338],[112.666141,33.319797],[112.663407,33.318277],[112.661161,33.319974],[112.663401,33.321013],[112.665718,33.320041],[112.666589,33.328384],[112.661306,33.328463],[112.661076,33.330476],[112.656576,33.327838],[112.652404,33.329329],[112.653089,33.331939],[112.665677,33.347023],[112.677356,33.357984],[112.693394,33.354421],[112.696849,33.358631],[112.699459,33.366031],[112.701513,33.367136],[112.713561,33.364742],[112.716578,33.362188],[112.717091,33.357319],[112.721265,33.357233],[112.727509,33.363396],[112.734646,33.374502],[112.735838,33.382587],[112.742973,33.394745],[112.750357,33.401633],[112.778819,33.410601],[112.783998,33.417707],[112.816744,33.477955],[112.836431,33.491456],[112.845451,33.501526],[112.846812,33.506107],[112.842705,33.508863],[112.835592,33.510012],[112.833704,33.51436],[112.842889,33.532009],[112.848599,33.534934],[112.853825,33.54096],[112.856279,33.555734],[112.855474,33.566614],[112.858232,33.589058],[112.853683,33.598707],[112.854793,33.603641],[112.865297,33.607287],[112.868696,33.611402],[112.878944,33.608185],[112.887894,33.608307],[112.892007,33.610626],[112.893518,33.616118],[112.899393,33.614806],[112.912147,33.606566],[112.917576,33.605652],[112.942188,33.60813],[112.948607,33.592903],[112.95221,33.589705],[112.963622,33.583681],[112.972932,33.58462],[112.97903,33.578881],[112.986514,33.575828],[112.990774,33.567796],[112.995932,33.565834],[112.996586,33.569106],[112.999375,33.569344],[113.022868,33.561173],[113.026414,33.554777],[113.026213,33.547484],[113.035918,33.547969],[113.037232,33.538161],[113.03887,33.536367],[113.04386,33.535432],[113.047317,33.532183],[113.047595,33.526548],[113.04378,33.517555],[113.044441,33.512708],[113.048185,33.508336],[113.049194,33.492103],[113.053686,33.486913],[113.041163,33.473682],[113.037893,33.464336],[113.041369,33.446599],[113.045714,33.439458],[113.049954,33.439815],[113.057677,33.444259],[113.074843,33.448437],[113.098414,33.445996],[113.106976,33.446911],[113.124747,33.440428],[113.127687,33.428718],[113.135786,33.425604],[113.141794,33.425987],[113.156086,33.433619],[113.167245,33.433762],[113.176046,33.435708],[113.184926,33.434513],[113.192948,33.429791],[113.198162,33.420525],[113.209521,33.406217],[113.214279,33.403594],[113.218586,33.396197],[113.230533,33.389644],[113.230666,33.384735],[113.224959,33.383764],[113.224309,33.376681],[113.225808,33.375469],[113.226587,33.376969],[113.228315,33.376407],[113.228663,33.371382],[113.227094,33.369955],[113.232001,33.365127],[113.235659,33.364458],[113.240334,33.366922],[113.241964,33.36561],[113.242803,33.369382],[113.246042,33.365669],[113.258071,33.364796],[113.263603,33.359219],[113.272367,33.357653],[113.277075,33.350265],[113.29599,33.351365],[113.302607,33.349021],[113.309547,33.341378],[113.312174,33.341122],[113.335491,33.352022],[113.339623,33.351639],[113.363926,33.342458],[113.377412,33.341332],[113.389091,33.337355],[113.397465,33.336852],[113.403022,33.333978],[113.406424,33.329922],[113.407074,33.32083],[113.400667,33.313111],[113.405502,33.30824],[113.406031,33.304772],[113.403869,33.302745],[113.38529,33.297631],[113.384577,33.294426],[113.40014,33.261045],[113.402881,33.235241],[113.391243,33.225945],[113.384099,33.206117],[113.384411,33.196703],[113.379421,33.186365],[113.376952,33.183808],[113.369006,33.185355],[113.386528,33.167206],[113.386762,33.164094],[113.382294,33.154456],[113.385405,33.145584],[113.379338,33.138676],[113.379894,33.135484],[113.388792,33.128414],[113.3884,33.119757],[113.384002,33.109301],[113.378735,33.105783],[113.372432,33.104181],[113.35997,33.092833],[113.333837,33.085964],[113.325449,33.079166],[113.315418,33.075716],[113.310112,33.076226],[113.301424,33.080161],[113.273503,33.080131],[113.2648,33.083556],[113.258938,33.083715],[113.248416,33.076954],[113.237102,33.077039],[113.219298,33.064592],[113.206142,33.070823]]]}},{"type":"Feature","properties":{"dt_adcode":"411323"},"geometry":{"type":"MultiPolygon","coordinates":[[[[111.819424,33.652916],[111.823616,33.646532],[111.827599,33.634188],[111.8277,33.606241],[111.829683,33.600754],[111.835476,33.597821],[111.822127,33.570919],[111.821321,33.563428],[111.824906,33.55568],[111.834284,33.542667],[111.833175,33.534927],[111.826003,33.521388],[111.807258,33.519211],[111.799745,33.503389],[111.789005,33.48772],[111.779199,33.484204],[111.761918,33.485422],[111.753343,33.491068],[111.741056,33.506748],[111.733298,33.511708],[111.727813,33.511878],[111.724823,33.509784],[111.721606,33.504021],[111.720588,33.498051],[111.715779,33.488374],[111.704193,33.472429],[111.701844,33.464609],[111.703035,33.45775],[111.700946,33.449936],[111.694943,33.447114],[111.686712,33.447014],[111.681727,33.449704],[111.655,33.473435],[111.646466,33.474249],[111.622208,33.46319],[111.618591,33.448258],[111.609703,33.437841],[111.610319,33.433271],[111.612856,33.42963],[111.621118,33.426515],[111.622543,33.422868],[111.617806,33.410441],[111.617336,33.405162],[111.619924,33.397406],[111.621488,33.384589],[111.629014,33.376886],[111.650509,33.37027],[111.659635,33.365339],[111.662497,33.35827],[111.670849,33.349435],[111.682691,33.346602],[111.695299,33.3479],[111.72851,33.345304],[111.732411,33.340763],[111.729221,33.334313],[111.718328,33.328463],[111.717902,33.320439],[111.729454,33.317361],[111.733703,33.306863],[111.732425,33.300206],[111.727383,33.289151],[111.72892,33.277022],[111.731466,33.271778],[111.734507,33.269292],[111.735932,33.264492],[111.737164,33.25511],[111.734348,33.240873],[111.734756,33.231937],[111.739514,33.204487],[111.743466,33.196283],[111.753755,33.183094],[111.758363,33.165262],[111.761417,33.162311],[111.768237,33.161688],[111.769383,33.158262],[111.763204,33.15087],[111.764773,33.13599],[111.759999,33.12586],[111.754582,33.122829],[111.748313,33.121159],[111.744483,33.12204],[111.740149,33.120159],[111.736707,33.112332],[111.732641,33.110001],[111.730173,33.10997],[111.724914,33.114267],[111.720255,33.115132],[111.716455,33.113258],[111.713889,33.101768],[111.702512,33.094531],[111.687278,33.089303],[111.679342,33.088751],[111.670554,33.091391],[111.663663,33.094974],[111.656704,33.10291],[111.64771,33.118614],[111.639996,33.123104],[111.634501,33.123496],[111.624434,33.120856],[111.615907,33.121639],[111.61327,33.127027],[111.607974,33.151838],[111.609006,33.164745],[111.602162,33.169541],[111.599275,33.174886],[111.585235,33.18161],[111.578887,33.186817],[111.571207,33.20668],[111.568711,33.208944],[111.558599,33.210682],[111.533522,33.210452],[111.516144,33.206634],[111.514184,33.207402],[111.507571,33.205056],[111.505692,33.201437],[111.501342,33.201092],[111.501577,33.196164],[111.494588,33.195409],[111.493584,33.203547],[111.487629,33.211059],[111.482,33.209271],[111.479276,33.210126],[111.472368,33.216306],[111.471051,33.221128],[111.468722,33.223007],[111.454868,33.227806],[111.440923,33.237314],[111.435434,33.239088],[111.413576,33.254413],[111.400567,33.277854],[111.390946,33.280246],[111.377162,33.269747],[111.366435,33.271193],[111.365034,33.273009],[111.355653,33.276312],[111.348906,33.270482],[111.344648,33.263312],[111.336525,33.25746],[111.326409,33.255475],[111.316484,33.258534],[111.284366,33.261037],[111.2774,33.267123],[111.268091,33.281198],[111.262303,33.28272],[111.244104,33.276053],[111.240172,33.28081],[111.239548,33.298678],[111.233993,33.30319],[111.226556,33.305613],[111.196522,33.303854],[111.187178,33.306344],[111.185661,33.303976],[111.182263,33.302986],[111.175879,33.308174],[111.167757,33.309456],[111.168611,33.312778],[111.17847,33.315411],[111.184482,33.320941],[111.184135,33.328841],[111.187819,33.33585],[111.188653,33.34122],[111.183286,33.345866],[111.178796,33.346731],[111.168317,33.343724],[111.133613,33.330027],[111.131149,33.330648],[111.130456,33.338893],[111.132386,33.343424],[111.136268,33.344363],[111.139165,33.340775],[111.143068,33.339423],[111.150371,33.34553],[111.152917,33.350816],[111.151591,33.353391],[111.144373,33.352264],[111.141217,33.35425],[111.140904,33.358836],[111.145739,33.366661],[111.143246,33.370089],[111.135172,33.37256],[111.126561,33.368948],[111.112894,33.354769],[111.102,33.351631],[111.084814,33.360988],[111.075984,33.362448],[111.067011,33.358859],[111.048214,33.339283],[111.036476,33.33586],[111.029502,33.336421],[111.029973,33.339408],[111.023436,33.349141],[111.024591,33.352622],[111.032194,33.358911],[111.036972,33.368621],[111.017406,33.385014],[111.011042,33.398873],[111.011409,33.407359],[110.996718,33.435959],[110.999396,33.439682],[111.020882,33.450852],[111.027336,33.469537],[111.026265,33.480976],[111.027373,33.493142],[111.025439,33.504919],[111.019486,33.520829],[111.015885,33.525137],[111.003556,33.533093],[111.00367,33.548081],[111.009959,33.560529],[111.018129,33.553678],[111.025147,33.550582],[111.050928,33.553472],[111.058411,33.555515],[111.070079,33.566347],[111.07544,33.566826],[111.087687,33.563399],[111.102927,33.573926],[111.11309,33.576864],[111.123199,33.598631],[111.133953,33.612373],[111.134657,33.627445],[111.143931,33.633192],[111.151624,33.642995],[111.14957,33.655602],[111.140299,33.661317],[111.134661,33.669052],[111.132839,33.673051],[111.133135,33.678926],[111.141411,33.678738],[111.1477,33.685003],[111.168023,33.681781],[111.181312,33.686868],[111.186185,33.704106],[111.191639,33.708737],[111.196217,33.715958],[111.195984,33.729004],[111.197215,33.732204],[111.194411,33.745492],[111.196051,33.757741],[111.202918,33.768248],[111.208556,33.78193],[111.217299,33.788351],[111.222461,33.79757],[111.226929,33.800797],[111.234853,33.801261],[111.242908,33.796407],[111.253425,33.79799],[111.260836,33.796758],[111.267596,33.785477],[111.273654,33.779986],[111.285429,33.780468],[111.304204,33.774999],[111.312333,33.766197],[111.318348,33.763092],[111.325948,33.76387],[111.33623,33.768311],[111.348366,33.764839],[111.374998,33.766283],[111.378921,33.764814],[111.384747,33.766544],[111.392669,33.761599],[111.398696,33.760022],[111.400428,33.757051],[111.405852,33.756883],[111.417729,33.750383],[111.423646,33.752597],[111.428623,33.752062],[111.431586,33.746752],[111.439304,33.746259],[111.449617,33.738129],[111.460715,33.734846],[111.471101,33.735622],[111.472756,33.732497],[111.478839,33.727979],[111.482878,33.725758],[111.487913,33.725643],[111.495788,33.721119],[111.508489,33.730823],[111.509666,33.736552],[111.519096,33.735723],[111.523382,33.736891],[111.526333,33.732751],[111.5343,33.73754],[111.539135,33.733387],[111.539535,33.731035],[111.544711,33.727971],[111.548821,33.729102],[111.55315,33.727922],[111.555665,33.731128],[111.562781,33.731264],[111.564298,33.72738],[111.568181,33.725873],[111.585757,33.723384],[111.593209,33.719547],[111.608351,33.722257],[111.614584,33.721028],[111.623774,33.722955],[111.62866,33.719118],[111.636572,33.716007],[111.645184,33.715508],[111.647391,33.71209],[111.655459,33.708993],[111.658184,33.705446],[111.658094,33.701466],[111.660549,33.699259],[111.659185,33.693325],[111.666311,33.686596],[111.677849,33.687368],[111.68015,33.68669],[111.683823,33.680977],[111.687431,33.679343],[111.69134,33.680811],[111.698616,33.678914],[111.706553,33.681958],[111.708076,33.684581],[111.714388,33.685771],[111.715641,33.683862],[111.720478,33.683279],[111.730061,33.677747],[111.737558,33.677213],[111.738729,33.674703],[111.746064,33.677478],[111.748796,33.673578],[111.754167,33.670608],[111.767704,33.669905],[111.770122,33.667153],[111.776527,33.666054],[111.780553,33.663295],[111.809438,33.657162],[111.819424,33.652916]]],[[[111.022948,33.475076],[111.019266,33.469777],[111.018348,33.47705],[111.020495,33.478212],[111.022948,33.475076]]]]}},{"type":"Feature","properties":{"dt_adcode":"411324"},"geometry":{"type":"Polygon","coordinates":[[[111.980606,32.967552],[111.990513,32.978893],[111.990263,32.984225],[111.993494,32.987798],[111.993383,32.990109],[111.999434,32.990607],[111.99519,32.992136],[111.994949,32.994606],[111.998923,32.995789],[111.998041,33.001221],[112.003339,33.001066],[112.010885,33.008584],[112.0063,33.015845],[112.006551,33.017808],[111.997161,33.018399],[111.996147,33.027823],[112.00015,33.028556],[111.993536,33.034833],[111.989767,33.054271],[111.974664,33.06969],[111.977276,33.071085],[111.988205,33.071058],[111.992024,33.074109],[111.991137,33.078633],[111.981302,33.080728],[111.980207,33.083014],[111.984702,33.097021],[111.988391,33.102139],[111.987979,33.113428],[111.999381,33.126561],[112.002561,33.134847],[111.997188,33.151976],[111.999762,33.159756],[112.007056,33.162961],[112.010388,33.167884],[112.010791,33.180484],[112.012898,33.182922],[112.015446,33.182229],[112.017273,33.183956],[112.016972,33.19096],[112.014264,33.193803],[112.016913,33.197194],[112.021488,33.198388],[112.023946,33.197174],[112.029123,33.19892],[112.030959,33.197344],[112.033437,33.199823],[112.035151,33.198827],[112.036646,33.199861],[112.042914,33.197796],[112.045142,33.204299],[112.063023,33.219838],[112.073938,33.240881],[112.080301,33.246057],[112.080258,33.250871],[112.078589,33.253382],[112.066706,33.262444],[112.063898,33.270437],[112.069864,33.276681],[112.107848,33.282699],[112.121399,33.294702],[112.128751,33.296809],[112.144853,33.297581],[112.149722,33.302189],[112.162049,33.328138],[112.171913,33.323378],[112.180659,33.322037],[112.198629,33.328071],[112.207594,33.333611],[112.213855,33.334489],[112.218103,33.327185],[112.230718,33.329149],[112.242134,33.328012],[112.240621,33.324251],[112.235245,33.319633],[112.235024,33.317298],[112.238486,33.316946],[112.246221,33.323121],[112.244986,33.304752],[112.242316,33.299374],[112.247134,33.290645],[112.250786,33.277969],[112.248016,33.258884],[112.249442,33.255554],[112.258419,33.246189],[112.253224,33.240929],[112.261874,33.237009],[112.262271,33.231906],[112.264929,33.228435],[112.270489,33.235474],[112.274954,33.234308],[112.278558,33.230706],[112.279417,33.219497],[112.281348,33.214552],[112.288664,33.209167],[112.304287,33.208815],[112.319047,33.212582],[112.319089,33.205707],[112.325203,33.193605],[112.333998,33.18679],[112.350143,33.182996],[112.352604,33.180331],[112.341936,33.14711],[112.33912,33.121949],[112.336589,33.117416],[112.338088,33.115538],[112.347199,33.113206],[112.350232,33.110229],[112.351712,33.097745],[112.349822,33.092684],[112.353219,33.089106],[112.36974,33.080234],[112.373465,33.081347],[112.381323,33.080459],[112.388012,33.066426],[112.397459,33.058182],[112.401699,33.056722],[112.407824,33.049478],[112.419898,33.044776],[112.423869,33.039592],[112.412537,33.030754],[112.413972,33.019816],[112.405936,33.019947],[112.402882,33.017298],[112.407443,33.008767],[112.406492,33.00127],[112.412816,32.999938],[112.420507,33.001546],[112.421799,32.999008],[112.419683,32.993593],[112.414108,32.988826],[112.417566,32.975563],[112.420289,32.972929],[112.421096,32.96952],[112.416345,32.967524],[112.414559,32.964807],[112.418308,32.956488],[112.41533,32.952557],[112.408328,32.952209],[112.405903,32.950163],[112.40432,32.945209],[112.406873,32.934712],[112.403933,32.928421],[112.402426,32.927467],[112.399299,32.930141],[112.392279,32.931686],[112.391487,32.930224],[112.388891,32.930839],[112.38829,32.92603],[112.390723,32.92595],[112.389864,32.913102],[112.38596,32.910767],[112.385983,32.912265],[112.382564,32.911534],[112.380726,32.914314],[112.374092,32.913436],[112.371805,32.91622],[112.369859,32.915529],[112.367756,32.913174],[112.370235,32.913883],[112.369414,32.912294],[112.370635,32.911622],[112.368403,32.910273],[112.368519,32.90853],[112.365221,32.907179],[112.365397,32.900234],[112.362767,32.900391],[112.362362,32.905781],[112.360944,32.905162],[112.359567,32.908061],[112.360961,32.908614],[112.36054,32.910757],[112.353394,32.91081],[112.352362,32.920881],[112.350624,32.920897],[112.350071,32.919171],[112.348627,32.92209],[112.343282,32.921405],[112.343092,32.920176],[112.332456,32.919825],[112.33247,32.923374],[112.33076,32.923544],[112.328977,32.910903],[112.321317,32.911235],[112.314337,32.908622],[112.31685,32.903996],[112.31709,32.898913],[112.313912,32.895924],[112.315619,32.889419],[112.313704,32.889026],[112.317138,32.879079],[112.312325,32.873835],[112.304077,32.872752],[112.301517,32.869439],[112.286061,32.869764],[112.283052,32.874206],[112.282434,32.878919],[112.278577,32.880328],[112.276248,32.879085],[112.276543,32.875107],[112.258795,32.874419],[112.243357,32.86425],[112.233331,32.859844],[112.21649,32.859763],[112.20294,32.854893],[112.179851,32.857308],[112.171979,32.856586],[112.166593,32.851982],[112.157655,32.849418],[112.149747,32.852817],[112.145061,32.860813],[112.146596,32.870445],[112.126028,32.866632],[112.121496,32.863338],[112.114195,32.863937],[112.111144,32.872383],[112.100301,32.887257],[112.096542,32.885405],[112.079815,32.884152],[112.079434,32.885296],[112.074039,32.885241],[112.074039,32.882626],[112.069735,32.881918],[112.060279,32.883193],[112.052405,32.879677],[112.052498,32.877628],[112.049937,32.874959],[112.050682,32.871072],[112.048292,32.869444],[112.045709,32.869349],[112.045888,32.872649],[112.042575,32.874275],[112.03347,32.865957],[112.031155,32.866302],[112.032657,32.868535],[112.032051,32.87089],[112.03613,32.872576],[112.034679,32.874692],[112.039828,32.878679],[112.039375,32.882965],[112.042047,32.89116],[112.031059,32.896373],[112.03034,32.899986],[112.032628,32.903591],[112.028343,32.912447],[112.024459,32.913898],[112.02152,32.913102],[112.019882,32.91058],[112.0141,32.910011],[112.012278,32.912305],[112.008969,32.905004],[112.006924,32.904436],[112.000098,32.90815],[111.995504,32.907573],[111.99511,32.91006],[111.993416,32.909491],[111.991509,32.913495],[111.994557,32.914406],[111.992124,32.916643],[111.983123,32.913536],[111.980029,32.919853],[111.990504,32.921443],[111.993719,32.924988],[111.99411,32.932637],[111.997273,32.943438],[111.991631,32.95896],[111.980606,32.967552]]]}},{"type":"Feature","properties":{"dt_adcode":"411325"},"geometry":{"type":"Polygon","coordinates":[[[111.980606,32.967552],[111.971839,32.969293],[111.945737,32.983002],[111.923513,32.992416],[111.905792,32.995363],[111.904513,32.997145],[111.897415,32.99495],[111.899635,32.994284],[111.901114,32.990141],[111.896276,32.987651],[111.895399,32.985547],[111.906071,32.973679],[111.907809,32.967414],[111.911019,32.964723],[111.909939,32.959078],[111.905209,32.954586],[111.897922,32.951195],[111.884393,32.953513],[111.875001,32.948933],[111.861458,32.945624],[111.849027,32.939347],[111.83451,32.926868],[111.818036,32.918724],[111.811591,32.913179],[111.80529,32.878171],[111.798904,32.876721],[111.793669,32.878479],[111.786693,32.895383],[111.782957,32.898964],[111.778595,32.899617],[111.771552,32.897264],[111.756226,32.88337],[111.747821,32.881223],[111.735155,32.870552],[111.733035,32.866633],[111.735971,32.852455],[111.743822,32.835581],[111.742501,32.83213],[111.734413,32.826544],[111.732982,32.818544],[111.7339,32.816965],[111.725638,32.817846],[111.726469,32.820706],[111.729855,32.822737],[111.728796,32.826733],[111.703681,32.860339],[111.68061,32.871745],[111.672405,32.872565],[111.65937,32.86759],[111.651723,32.868183],[111.624631,32.89375],[111.622675,32.896248],[111.630368,32.911003],[111.627535,32.917159],[111.614631,32.922279],[111.611599,32.924996],[111.613937,32.932583],[111.617671,32.936992],[111.613758,32.942924],[111.606905,32.946414],[111.602694,32.950677],[111.606825,32.95425],[111.604355,32.957862],[111.598874,32.962085],[111.590087,32.9628],[111.586529,32.966704],[111.586959,32.971358],[111.584761,32.976613],[111.587929,32.978212],[111.589929,32.983379],[111.595707,32.983131],[111.597327,32.984581],[111.599467,32.991295],[111.603968,32.996519],[111.602519,33.008738],[111.608241,33.01236],[111.59371,33.021718],[111.590322,33.02169],[111.590042,33.025263],[111.584686,33.02994],[111.587994,33.034821],[111.583896,33.040512],[111.589837,33.043763],[111.593108,33.042907],[111.597471,33.039769],[111.602888,33.032157],[111.604582,33.03325],[111.606124,33.038819],[111.610536,33.041181],[111.593605,33.052541],[111.599969,33.073379],[111.591768,33.066644],[111.584532,33.070646],[111.575972,33.069986],[111.576018,33.073545],[111.584084,33.093122],[111.577338,33.095966],[111.576447,33.097857],[111.584367,33.104471],[111.586655,33.110109],[111.581905,33.107787],[111.570833,33.11746],[111.580123,33.123614],[111.58517,33.135376],[111.591813,33.141984],[111.595925,33.15066],[111.607478,33.156828],[111.61098,33.136486],[111.615907,33.121639],[111.624434,33.120856],[111.634501,33.123496],[111.639996,33.123104],[111.64771,33.118614],[111.656704,33.10291],[111.663663,33.094974],[111.679342,33.088751],[111.687278,33.089303],[111.709566,33.098278],[111.713889,33.101768],[111.716455,33.113258],[111.720255,33.115132],[111.732641,33.110001],[111.736707,33.112332],[111.740149,33.120159],[111.744483,33.12204],[111.748313,33.121159],[111.754582,33.122829],[111.759999,33.12586],[111.764773,33.13599],[111.763204,33.15087],[111.769383,33.158262],[111.768237,33.161688],[111.761417,33.162311],[111.758363,33.165262],[111.753755,33.183094],[111.743466,33.196283],[111.739514,33.204487],[111.734756,33.231937],[111.734348,33.240873],[111.737164,33.25511],[111.735932,33.264492],[111.734507,33.269292],[111.731466,33.271778],[111.72892,33.277022],[111.727383,33.289151],[111.732425,33.300206],[111.733703,33.306863],[111.729454,33.317361],[111.717902,33.320439],[111.718328,33.328463],[111.729221,33.334313],[111.732411,33.340763],[111.730717,33.344181],[111.695299,33.3479],[111.682691,33.346602],[111.670849,33.349435],[111.662497,33.35827],[111.659635,33.365339],[111.650509,33.37027],[111.629014,33.376886],[111.621488,33.384589],[111.619924,33.397406],[111.617336,33.405162],[111.617806,33.410441],[111.622543,33.422868],[111.621118,33.426515],[111.612856,33.42963],[111.610319,33.433271],[111.609703,33.437841],[111.618591,33.448258],[111.622208,33.46319],[111.646466,33.474249],[111.655,33.473435],[111.681727,33.449704],[111.686712,33.447014],[111.694943,33.447114],[111.700946,33.449936],[111.703035,33.45775],[111.701844,33.464609],[111.704193,33.472429],[111.715779,33.488374],[111.720588,33.498051],[111.721606,33.504021],[111.724823,33.509784],[111.727813,33.511878],[111.733298,33.511708],[111.741056,33.506748],[111.753343,33.491068],[111.761918,33.485422],[111.779199,33.484204],[111.789005,33.48772],[111.799745,33.503389],[111.807258,33.519211],[111.826003,33.521388],[111.833175,33.534927],[111.834284,33.542667],[111.824906,33.55568],[111.821321,33.563428],[111.822127,33.570919],[111.835476,33.597821],[111.843426,33.595813],[111.872429,33.599232],[111.884538,33.596114],[111.899159,33.588671],[111.916369,33.572094],[111.916516,33.56041],[111.919893,33.552194],[111.935183,33.537673],[111.944205,33.517366],[111.950649,33.507349],[111.961506,33.493941],[111.982276,33.481556],[111.990339,33.473395],[112.00321,33.45383],[112.014818,33.422788],[112.0204,33.41529],[112.02647,33.413288],[112.030023,33.414243],[112.049681,33.425894],[112.057355,33.428256],[112.063131,33.42785],[112.066192,33.422607],[112.071906,33.400738],[112.073813,33.398864],[112.07183,33.393674],[112.076342,33.385508],[112.090148,33.387294],[112.090414,33.379099],[112.085833,33.374519],[112.085604,33.371291],[112.105054,33.373194],[112.112238,33.366597],[112.112046,33.356741],[112.116513,33.347376],[112.144476,33.339055],[112.155199,33.330863],[112.162049,33.328138],[112.149722,33.302189],[112.144853,33.297581],[112.128751,33.296809],[112.121399,33.294702],[112.107848,33.282699],[112.069864,33.276681],[112.063898,33.270437],[112.066706,33.262444],[112.078589,33.253382],[112.080258,33.250871],[112.080301,33.246057],[112.073938,33.240881],[112.063023,33.219838],[112.045142,33.204299],[112.042914,33.197796],[112.036646,33.199861],[112.035151,33.198827],[112.033437,33.199823],[112.030959,33.197344],[112.029123,33.19892],[112.023946,33.197174],[112.021488,33.198388],[112.016913,33.197194],[112.014264,33.193803],[112.016972,33.19096],[112.017273,33.183956],[112.015446,33.182229],[112.012898,33.182922],[112.010791,33.180484],[112.010388,33.167884],[112.007056,33.162961],[111.999762,33.159756],[111.997188,33.151976],[112.002561,33.134847],[111.999381,33.126561],[111.987979,33.113428],[111.988391,33.102139],[111.984702,33.097021],[111.980207,33.083014],[111.981302,33.080728],[111.991137,33.078633],[111.992024,33.074109],[111.988205,33.071058],[111.977276,33.071085],[111.974664,33.06969],[111.989767,33.054271],[111.993536,33.034833],[112.00015,33.028556],[111.996147,33.027823],[111.997161,33.018399],[112.006551,33.017808],[112.0063,33.015845],[112.010885,33.008584],[112.003339,33.001066],[111.998041,33.001221],[111.998923,32.995789],[111.994949,32.994606],[111.99519,32.992136],[111.999434,32.990607],[111.993383,32.990109],[111.993494,32.987798],[111.990263,32.984225],[111.990513,32.978893],[111.980606,32.967552]]]}},{"type":"Feature","properties":{"dt_adcode":"411326"},"geometry":{"type":"MultiPolygon","coordinates":[[[[111.476577,32.702039],[111.467871,32.707364],[111.472209,32.711016],[111.47358,32.716287],[111.472636,32.717781],[111.465399,32.71862],[111.464669,32.72235],[111.461623,32.723277],[111.453971,32.721997],[111.438734,32.723549],[111.42547,32.732654],[111.425134,32.734372],[111.427239,32.736262],[111.431516,32.735058],[111.438834,32.728544],[111.443315,32.726609],[111.44432,32.729074],[111.439551,32.734222],[111.440359,32.736518],[111.443536,32.736983],[111.451968,32.729661],[111.456987,32.726971],[111.460368,32.727085],[111.468978,32.738619],[111.469192,32.752789],[111.474519,32.756749],[111.473544,32.76155],[111.469218,32.765176],[111.464141,32.773653],[111.461925,32.774401],[111.461247,32.772964],[111.462647,32.76379],[111.45616,32.760751],[111.448232,32.76148],[111.446548,32.759756],[111.447721,32.755916],[111.444963,32.751897],[111.437575,32.750244],[111.42964,32.752516],[111.422939,32.750987],[111.420002,32.754249],[111.413548,32.757148],[111.410221,32.769345],[111.404145,32.775628],[111.405664,32.782514],[111.401573,32.786453],[111.398411,32.793264],[111.396122,32.794537],[111.385084,32.821322],[111.380032,32.828817],[111.358613,32.836991],[111.331261,32.841161],[111.320797,32.845813],[111.31635,32.85079],[111.29354,32.859386],[111.290486,32.862088],[111.289878,32.86506],[111.290724,32.892572],[111.285932,32.900983],[111.280131,32.904337],[111.273366,32.901487],[111.264847,32.891741],[111.254897,32.884037],[111.249981,32.884198],[111.246369,32.888505],[111.246474,32.896757],[111.250122,32.905511],[111.249948,32.914218],[111.24282,32.930623],[111.245556,32.944181],[111.253113,32.955776],[111.267799,32.963746],[111.27365,32.97185],[111.269514,32.987835],[111.2588,33.006477],[111.240528,33.01998],[111.23848,33.026601],[111.241363,33.032599],[111.24046,33.037171],[111.221668,33.042633],[111.214194,33.04036],[111.210303,33.04189],[111.189321,33.038655],[111.185038,33.042808],[111.179836,33.043944],[111.152951,33.039713],[111.148268,33.0424],[111.147861,33.049041],[111.150767,33.053206],[111.158025,33.058111],[111.167807,33.063988],[111.18236,33.067135],[111.192893,33.071622],[111.19383,33.078967],[111.190944,33.086727],[111.177025,33.101189],[111.176798,33.107357],[111.180053,33.113129],[111.179522,33.115468],[111.162538,33.124254],[111.15456,33.122267],[111.146295,33.123794],[111.139236,33.134357],[111.132047,33.137767],[111.131034,33.149818],[111.128229,33.1539],[111.131586,33.157999],[111.131602,33.160739],[111.122761,33.156247],[111.117433,33.160707],[111.10669,33.164444],[111.103697,33.168877],[111.099108,33.172035],[111.086885,33.172035],[111.086081,33.174554],[111.088654,33.179111],[111.084794,33.181738],[111.073483,33.179915],[111.060618,33.164154],[111.054185,33.15874],[111.040944,33.156328],[111.039067,33.157454],[111.037995,33.161313],[111.040836,33.166513],[111.055042,33.173214],[111.057833,33.183589],[111.056536,33.192738],[111.051433,33.200671],[111.033328,33.208738],[111.026164,33.21877],[111.018978,33.221138],[111.011131,33.234115],[110.996681,33.239419],[110.985006,33.255429],[110.99052,33.254193],[110.994252,33.250866],[110.997027,33.254745],[110.982874,33.270076],[110.99066,33.274854],[110.990361,33.279493],[110.997083,33.2873],[110.996716,33.298171],[110.998487,33.30142],[111.00471,33.301576],[111.007954,33.303701],[111.007257,33.310335],[111.00451,33.310281],[110.999488,33.313397],[110.997448,33.318403],[111.000352,33.323957],[111.015438,33.325842],[111.026049,33.330396],[111.029502,33.336421],[111.036476,33.33586],[111.048214,33.339283],[111.067011,33.358859],[111.075984,33.362448],[111.084814,33.360988],[111.102,33.351631],[111.112894,33.354769],[111.126561,33.368948],[111.135172,33.37256],[111.143246,33.370089],[111.145739,33.366661],[111.140904,33.358836],[111.141217,33.35425],[111.144373,33.352264],[111.151591,33.353391],[111.152917,33.350816],[111.150371,33.34553],[111.143068,33.339423],[111.139165,33.340775],[111.136268,33.344363],[111.132386,33.343424],[111.130456,33.338893],[111.131149,33.330648],[111.133613,33.330027],[111.168317,33.343724],[111.178796,33.346731],[111.183286,33.345866],[111.188653,33.34122],[111.187819,33.33585],[111.184135,33.328841],[111.184482,33.320941],[111.17847,33.315411],[111.168611,33.312778],[111.167757,33.309456],[111.175879,33.308174],[111.182263,33.302986],[111.185661,33.303976],[111.187178,33.306344],[111.196522,33.303854],[111.226556,33.305613],[111.233993,33.30319],[111.239548,33.298678],[111.240172,33.28081],[111.244104,33.276053],[111.262303,33.28272],[111.268091,33.281198],[111.27115,33.278261],[111.2774,33.267123],[111.284366,33.261037],[111.316484,33.258534],[111.326409,33.255475],[111.336525,33.25746],[111.344648,33.263312],[111.348906,33.270482],[111.355653,33.276312],[111.365034,33.273009],[111.366435,33.271193],[111.377162,33.269747],[111.390946,33.280246],[111.400567,33.277854],[111.413576,33.254413],[111.419401,33.249671],[111.454868,33.227806],[111.468722,33.223007],[111.471051,33.221128],[111.472368,33.216306],[111.479276,33.210126],[111.482,33.209271],[111.487629,33.211059],[111.493584,33.203547],[111.494588,33.195409],[111.501577,33.196164],[111.501342,33.201092],[111.505692,33.201437],[111.507571,33.205056],[111.514184,33.207402],[111.516144,33.206634],[111.533522,33.210452],[111.558599,33.210682],[111.568711,33.208944],[111.571207,33.20668],[111.578887,33.186817],[111.585235,33.18161],[111.599275,33.174886],[111.602162,33.169541],[111.606059,33.167943],[111.6097,33.16291],[111.607478,33.156828],[111.595925,33.15066],[111.591813,33.141984],[111.58517,33.135376],[111.578705,33.12177],[111.570833,33.11746],[111.581905,33.107787],[111.586655,33.110109],[111.584367,33.104471],[111.576447,33.097857],[111.577338,33.095966],[111.584084,33.093122],[111.576018,33.073545],[111.575972,33.069986],[111.584532,33.070646],[111.591768,33.066644],[111.599969,33.073379],[111.593605,33.052541],[111.610536,33.041181],[111.606124,33.038819],[111.604582,33.03325],[111.602888,33.032157],[111.597471,33.039769],[111.593108,33.042907],[111.589837,33.043763],[111.583896,33.040512],[111.587994,33.034821],[111.584686,33.02994],[111.590042,33.025263],[111.590322,33.02169],[111.59371,33.021718],[111.608241,33.01236],[111.602519,33.008738],[111.603968,32.996519],[111.599467,32.991295],[111.597327,32.984581],[111.595707,32.983131],[111.589929,32.983379],[111.587929,32.978212],[111.584731,32.976303],[111.586959,32.971358],[111.586839,32.966084],[111.590087,32.9628],[111.598874,32.962085],[111.604355,32.957862],[111.606825,32.95425],[111.602694,32.950677],[111.606905,32.946414],[111.613758,32.942924],[111.617671,32.936992],[111.613937,32.932583],[111.611599,32.924996],[111.614631,32.922279],[111.627535,32.917159],[111.630368,32.911003],[111.622675,32.896248],[111.651723,32.868183],[111.65937,32.86759],[111.672405,32.872565],[111.68061,32.871745],[111.703681,32.860339],[111.728796,32.826733],[111.729855,32.822737],[111.726469,32.820706],[111.725638,32.817846],[111.7339,32.816965],[111.732982,32.818544],[111.734413,32.826544],[111.742501,32.83213],[111.743822,32.835581],[111.735971,32.852455],[111.733035,32.866633],[111.735155,32.870552],[111.747821,32.881223],[111.756226,32.88337],[111.771552,32.897264],[111.778595,32.899617],[111.782957,32.898964],[111.786693,32.895383],[111.795896,32.872891],[111.798911,32.857271],[111.799048,32.845415],[111.806915,32.838005],[111.813758,32.833982],[111.81927,32.823648],[111.832886,32.817092],[111.833089,32.815219],[111.827769,32.813079],[111.834023,32.808481],[111.838595,32.797661],[111.840906,32.78622],[111.84073,32.757809],[111.843733,32.758066],[111.845169,32.751951],[111.834084,32.745468],[111.831908,32.742501],[111.825118,32.741017],[111.825572,32.736876],[111.826984,32.737266],[111.84911,32.719838],[111.870378,32.710693],[111.879996,32.688171],[111.87912,32.685664],[111.880715,32.68335],[111.873824,32.677961],[111.862438,32.677231],[111.856157,32.674355],[111.851444,32.669166],[111.847061,32.667176],[111.830762,32.663781],[111.818749,32.661769],[111.815847,32.663109],[111.813171,32.667428],[111.807436,32.670334],[111.79442,32.657346],[111.724255,32.666272],[111.721099,32.660204],[111.720175,32.642088],[111.710018,32.634662],[111.705052,32.634157],[111.691926,32.641757],[111.684051,32.643329],[111.653529,32.638453],[111.643066,32.626686],[111.620912,32.628729],[111.618366,32.627618],[111.603694,32.61027],[111.577651,32.593495],[111.572484,32.594131],[111.559112,32.601102],[111.536044,32.621278],[111.530254,32.628329],[111.526534,32.640439],[111.524804,32.647298],[111.526578,32.654183],[111.518306,32.663962],[111.513002,32.673995],[111.50578,32.680309],[111.496419,32.683758],[111.486824,32.69178],[111.479871,32.694683],[111.476577,32.702039]]],[[[111.033859,33.177988],[111.029694,33.174914],[111.026136,33.175129],[111.020559,33.172347],[111.015704,33.172953],[111.030456,33.187722],[111.0332,33.188801],[111.036946,33.187477],[111.038068,33.185307],[111.033859,33.177988]]]]}},{"type":"Feature","properties":{"dt_adcode":"411327"},"geometry":{"type":"Polygon","coordinates":[[[112.776826,32.902972],[112.781913,32.90719],[112.775138,32.921728],[112.777508,32.925296],[112.779966,32.926085],[112.776349,32.927729],[112.782195,32.932456],[112.781326,32.936861],[112.783624,32.94019],[112.791966,32.946736],[112.791621,32.953395],[112.794368,32.95801],[112.818955,32.957009],[112.826624,32.966713],[112.829857,32.974403],[112.826219,32.987774],[112.831072,32.999507],[112.820571,33.004386],[112.815536,33.003494],[112.809672,32.999579],[112.806142,32.993599],[112.801689,32.995329],[112.799181,32.998587],[112.799948,33.007206],[112.795061,33.009298],[112.798127,33.013892],[112.795429,33.014888],[112.795979,33.017377],[112.786424,33.021792],[112.787491,33.026222],[112.784897,33.030349],[112.775851,33.032852],[112.775889,33.034752],[112.773849,33.034782],[112.775331,33.04082],[112.773648,33.041705],[112.774956,33.056027],[112.778565,33.06214],[112.78092,33.062929],[112.782598,33.068138],[112.777769,33.069203],[112.788676,33.094384],[112.793306,33.099427],[112.801456,33.113403],[112.840423,33.113832],[112.870398,33.110593],[112.887847,33.117002],[112.896836,33.118371],[112.912681,33.113333],[112.92607,33.105094],[112.933181,33.105102],[112.940565,33.108319],[112.944932,33.113596],[112.949859,33.127128],[112.954246,33.132174],[112.962473,33.134253],[112.96903,33.133582],[112.974869,33.137255],[112.979094,33.136846],[112.981754,33.136113],[112.982746,33.132373],[112.98111,33.127866],[112.991549,33.126914],[112.993416,33.125909],[112.993265,33.120445],[112.999629,33.119914],[113.00214,33.129468],[113.001307,33.13606],[113.003144,33.13952],[113.020282,33.141726],[113.042759,33.150251],[113.049063,33.149117],[113.053134,33.145019],[113.052712,33.139664],[113.056352,33.134679],[113.053594,33.133592],[113.053704,33.131431],[113.066697,33.129374],[113.073531,33.119127],[113.073681,33.112653],[113.078588,33.109147],[113.08665,33.106503],[113.08627,33.110165],[113.09597,33.111652],[113.098481,33.113204],[113.100993,33.118599],[113.098772,33.12144],[113.099323,33.128515],[113.095861,33.127363],[113.090156,33.128691],[113.092779,33.129703],[113.092769,33.133906],[113.095662,33.132997],[113.09434,33.131085],[113.096462,33.130225],[113.107036,33.128316],[113.113146,33.134378],[113.116156,33.134397],[113.129869,33.145568],[113.14362,33.148531],[113.155389,33.146628],[113.164019,33.147431],[113.180531,33.151029],[113.194772,33.137022],[113.195568,33.13339],[113.191826,33.128929],[113.191349,33.125399],[113.194727,33.117694],[113.195167,33.103671],[113.198191,33.099876],[113.196794,33.090764],[113.198267,33.088249],[113.204271,33.084808],[113.201533,33.078011],[113.206142,33.070823],[113.19616,33.070599],[113.192495,33.068692],[113.189073,33.065787],[113.187366,33.059466],[113.184021,33.055563],[113.178927,33.052063],[113.16556,33.048976],[113.16238,33.045392],[113.161426,33.038931],[113.149242,33.027502],[113.142003,33.016661],[113.127349,33.010537],[113.120331,33.001206],[113.116112,32.986409],[113.108811,32.973328],[113.103826,32.956793],[113.097842,32.947259],[113.10155,32.943409],[113.109807,32.942013],[113.111403,32.935232],[113.115543,32.932996],[113.140122,32.930639],[113.144058,32.932391],[113.147127,32.94112],[113.155923,32.936142],[113.161926,32.927434],[113.181703,32.920635],[113.193433,32.919159],[113.199004,32.920306],[113.208154,32.916422],[113.205168,32.909717],[113.203499,32.89794],[113.200691,32.890525],[113.205569,32.884923],[113.199165,32.877214],[113.19407,32.875737],[113.195464,32.871487],[113.187069,32.866447],[113.177079,32.852445],[113.168009,32.847037],[113.165816,32.838054],[113.157922,32.828385],[113.153061,32.829382],[113.149221,32.825577],[113.137086,32.827859],[113.13256,32.823221],[113.12714,32.824567],[113.111097,32.822075],[113.095429,32.799003],[113.084966,32.790919],[113.064269,32.792083],[113.059744,32.79394],[113.046372,32.793861],[113.043324,32.796896],[113.044797,32.801609],[113.043848,32.806299],[113.040391,32.80907],[113.039929,32.812593],[113.035749,32.815885],[113.034207,32.812389],[113.027864,32.807998],[113.022567,32.809438],[113.017164,32.807911],[113.011011,32.800468],[113.006829,32.804501],[113.005138,32.803451],[113.004266,32.798689],[113.002497,32.798846],[113.001774,32.801298],[112.998907,32.799949],[112.998166,32.797405],[112.994035,32.796181],[112.987928,32.802557],[112.982186,32.801527],[112.979825,32.80273],[112.968747,32.814491],[112.961363,32.815879],[112.959891,32.818164],[112.960093,32.824494],[112.958447,32.826452],[112.942782,32.826212],[112.941181,32.824705],[112.939641,32.817311],[112.932206,32.815159],[112.929033,32.819309],[112.919768,32.818648],[112.908884,32.823012],[112.901921,32.82311],[112.899013,32.826331],[112.901296,32.829275],[112.901427,32.832546],[112.889963,32.834481],[112.877717,32.843077],[112.862493,32.844251],[112.854179,32.849436],[112.850197,32.848692],[112.849219,32.846733],[112.843211,32.850539],[112.836104,32.850129],[112.837641,32.85705],[112.835645,32.857414],[112.837822,32.866046],[112.830586,32.869131],[112.835257,32.873535],[112.835217,32.876667],[112.831245,32.876905],[112.833012,32.879814],[112.832833,32.886408],[112.819229,32.890036],[112.81845,32.887285],[112.81289,32.887065],[112.808816,32.881328],[112.803275,32.883158],[112.802696,32.881568],[112.800819,32.882131],[112.800409,32.87927],[112.798072,32.877352],[112.789883,32.881925],[112.791302,32.888758],[112.789305,32.889441],[112.790334,32.892072],[112.789254,32.892523],[112.793219,32.896448],[112.778954,32.901419],[112.776826,32.902972]]]}},{"type":"Feature","properties":{"dt_adcode":"411328"},"geometry":{"type":"MultiPolygon","coordinates":[[[[112.733681,32.356205],[112.727253,32.355786],[112.724729,32.356975],[112.723034,32.360968],[112.732072,32.362762],[112.735005,32.357939],[112.733681,32.356205]]],[[[112.862493,32.844251],[112.877717,32.843077],[112.889963,32.834481],[112.901427,32.832546],[112.901296,32.829275],[112.899013,32.826331],[112.901921,32.82311],[112.908884,32.823012],[112.919768,32.818648],[112.929033,32.819309],[112.932206,32.815159],[112.939641,32.817311],[112.941181,32.824705],[112.942782,32.826212],[112.958447,32.826452],[112.960093,32.824494],[112.959891,32.818164],[112.961363,32.815879],[112.968747,32.814491],[112.979825,32.80273],[112.982186,32.801527],[112.987928,32.802557],[112.994035,32.796181],[112.998166,32.797405],[112.998907,32.799949],[113.001774,32.801298],[113.002497,32.798846],[113.004266,32.798689],[113.005138,32.803451],[113.006829,32.804501],[113.011011,32.800468],[113.017164,32.807911],[113.022567,32.809438],[113.027864,32.807998],[113.034207,32.812389],[113.035749,32.815885],[113.039929,32.812593],[113.040391,32.80907],[113.043848,32.806299],[113.044797,32.801609],[113.043324,32.796896],[113.046372,32.793861],[113.059744,32.79394],[113.064269,32.792083],[113.084966,32.790919],[113.095429,32.799003],[113.111097,32.822075],[113.12714,32.824567],[113.13256,32.823221],[113.137086,32.827859],[113.149221,32.825577],[113.153061,32.829382],[113.158494,32.828803],[113.165816,32.838054],[113.168683,32.834379],[113.175726,32.832411],[113.179581,32.828515],[113.180576,32.825023],[113.187021,32.820623],[113.178287,32.805791],[113.178902,32.803756],[113.185269,32.800315],[113.185251,32.788299],[113.175859,32.777666],[113.199966,32.750242],[113.201516,32.741762],[113.200719,32.737497],[113.193995,32.733362],[113.192877,32.724807],[113.190409,32.723852],[113.189574,32.718996],[113.192244,32.717272],[113.199487,32.71981],[113.204859,32.719482],[113.207684,32.717246],[113.207683,32.709488],[113.213767,32.703057],[113.219704,32.701336],[113.231245,32.701501],[113.236666,32.698785],[113.241124,32.691444],[113.239926,32.686579],[113.236265,32.682593],[113.253238,32.680912],[113.259896,32.677801],[113.267572,32.667954],[113.269327,32.662071],[113.268232,32.659608],[113.262847,32.654242],[113.259139,32.653505],[113.253913,32.662428],[113.256513,32.668412],[113.248098,32.667513],[113.243317,32.669827],[113.237661,32.674616],[113.236221,32.679163],[113.225711,32.684218],[113.220613,32.684463],[113.210263,32.678934],[113.206961,32.674254],[113.205452,32.667118],[113.201708,32.660324],[113.197765,32.656981],[113.189171,32.653805],[113.18619,32.646473],[113.192236,32.635396],[113.202658,32.633304],[113.201539,32.612947],[113.197561,32.608886],[113.195733,32.604423],[113.200506,32.593309],[113.200661,32.585094],[113.198278,32.582726],[113.193183,32.58461],[113.183636,32.582333],[113.177668,32.582785],[113.170193,32.594841],[113.156799,32.600678],[113.13572,32.600479],[113.129355,32.605228],[113.125565,32.605819],[113.101681,32.605045],[113.099744,32.602756],[113.093664,32.602917],[113.085382,32.597091],[113.079627,32.600094],[113.072192,32.597812],[113.063544,32.598877],[113.05666,32.596509],[113.054954,32.593368],[113.057973,32.576698],[113.05725,32.574278],[113.053315,32.57257],[113.043939,32.577911],[113.037059,32.587701],[113.033846,32.597272],[113.033978,32.613229],[113.031286,32.613547],[113.023871,32.607968],[113.016717,32.607619],[113.016124,32.596698],[113.007461,32.58755],[113.008515,32.578006],[113.019145,32.571434],[113.038041,32.567335],[113.038825,32.565179],[113.033642,32.561766],[113.01822,32.55819],[113.018752,32.556099],[113.026689,32.551413],[113.029772,32.542824],[113.024064,32.529927],[113.024516,32.521886],[113.01507,32.515548],[113.019331,32.513208],[113.028393,32.519053],[113.031608,32.517493],[113.031477,32.514877],[113.023731,32.507794],[113.023008,32.504849],[113.039209,32.483155],[113.045044,32.481796],[113.046881,32.479773],[113.045374,32.474671],[113.042491,32.473748],[113.036587,32.478636],[113.034026,32.482944],[113.031143,32.481825],[113.030218,32.464399],[113.032647,32.457934],[113.024118,32.451893],[113.027271,32.444059],[113.02727,32.437031],[113.03606,32.435353],[113.038943,32.429282],[113.033628,32.422731],[113.029168,32.425268],[113.026215,32.425127],[113.02313,32.421099],[113.016377,32.418006],[113.00056,32.416782],[112.995114,32.410882],[112.98863,32.399579],[112.991878,32.37829],[112.988061,32.372328],[112.977205,32.369782],[112.969872,32.371137],[112.960382,32.385314],[112.95414,32.388509],[112.911857,32.390747],[112.902366,32.388683],[112.888853,32.376775],[112.881521,32.375225],[112.878171,32.377124],[112.877222,32.379527],[112.878576,32.392584],[112.87614,32.396702],[112.870461,32.397855],[112.860727,32.395801],[112.835623,32.381627],[112.80402,32.372262],[112.804581,32.365057],[112.801654,32.361321],[112.795414,32.360127],[112.784764,32.361017],[112.780312,32.356637],[112.776354,32.358377],[112.771549,32.350856],[112.772564,32.348282],[112.770695,32.346333],[112.76788,32.344147],[112.758984,32.342626],[112.748582,32.344536],[112.734929,32.351681],[112.736267,32.358329],[112.733577,32.366214],[112.729295,32.366112],[112.719173,32.361766],[112.713637,32.352578],[112.701085,32.353155],[112.692932,32.357332],[112.685629,32.357697],[112.681492,32.359671],[112.678877,32.365555],[112.672045,32.368121],[112.651725,32.367161],[112.645488,32.368451],[112.642322,32.371171],[112.641371,32.368348],[112.636417,32.369194],[112.602024,32.380511],[112.603339,32.383453],[112.596622,32.385558],[112.589069,32.38132],[112.581544,32.383251],[112.57722,32.382502],[112.577825,32.387951],[112.570561,32.394137],[112.561711,32.398896],[112.558201,32.397413],[112.545256,32.403869],[112.542144,32.40229],[112.541277,32.400039],[112.544745,32.395527],[112.543573,32.391692],[112.530785,32.376988],[112.519637,32.383349],[112.511191,32.380337],[112.505876,32.380711],[112.498026,32.377477],[112.498943,32.379604],[112.497443,32.382016],[112.476862,32.394304],[112.474496,32.397303],[112.474428,32.400208],[112.479128,32.407489],[112.484193,32.405046],[112.498678,32.4037],[112.498014,32.421012],[112.506915,32.426172],[112.528984,32.423651],[112.534454,32.437131],[112.53746,32.465686],[112.569468,32.475104],[112.5635,32.493229],[112.567148,32.501465],[112.570079,32.522504],[112.592436,32.536568],[112.589991,32.552394],[112.599998,32.570355],[112.596544,32.577919],[112.599445,32.5952],[112.592239,32.609541],[112.591374,32.620086],[112.588467,32.62715],[112.585044,32.625525],[112.579273,32.626957],[112.576704,32.622951],[112.562663,32.624687],[112.559745,32.626461],[112.558267,32.632832],[112.559294,32.635053],[112.568306,32.630815],[112.570613,32.638034],[112.578452,32.638154],[112.583917,32.637598],[112.583966,32.634777],[112.591512,32.632416],[112.591732,32.634416],[112.594384,32.633974],[112.598039,32.6379],[112.600769,32.637677],[112.599581,32.641509],[112.592234,32.646079],[112.592083,32.647989],[112.594194,32.652436],[112.599374,32.650616],[112.603062,32.656357],[112.598955,32.662409],[112.604624,32.671324],[112.612381,32.668661],[112.610122,32.662307],[112.615209,32.661336],[112.617436,32.665783],[112.641868,32.657483],[112.642933,32.667076],[112.634394,32.66942],[112.642264,32.680621],[112.645501,32.689797],[112.648164,32.707448],[112.647051,32.712025],[112.63179,32.718842],[112.628513,32.722951],[112.629035,32.729139],[112.637696,32.742915],[112.646106,32.750969],[112.65279,32.761524],[112.659265,32.760504],[112.666482,32.773407],[112.668939,32.77388],[112.66542,32.780341],[112.667113,32.791298],[112.659583,32.793543],[112.665928,32.807363],[112.660367,32.80968],[112.660564,32.824228],[112.670506,32.841607],[112.672849,32.840826],[112.674352,32.84332],[112.677751,32.840955],[112.677671,32.839154],[112.684658,32.839778],[112.685139,32.838217],[112.686693,32.838351],[112.687796,32.841565],[112.69374,32.842136],[112.697259,32.846965],[112.700336,32.845189],[112.70187,32.846433],[112.703553,32.845375],[112.702311,32.844002],[112.704836,32.840994],[112.703994,32.839372],[112.712181,32.838204],[112.712001,32.840515],[112.717853,32.849419],[112.719626,32.849421],[112.722371,32.853117],[112.734078,32.851818],[112.731494,32.853437],[112.732757,32.856749],[112.735079,32.857152],[112.733007,32.858101],[112.733878,32.859692],[112.730844,32.860831],[112.733839,32.866727],[112.732808,32.868707],[112.730385,32.868665],[112.731106,32.871037],[112.728502,32.871125],[112.728493,32.876448],[112.726239,32.877216],[112.72646,32.883031],[112.715442,32.886029],[112.71992,32.890087],[112.722204,32.8893],[112.726191,32.897149],[112.723878,32.898107],[112.722465,32.895984],[112.71903,32.898772],[112.719801,32.900334],[112.716034,32.904071],[112.71878,32.908727],[112.714191,32.910563],[112.714192,32.914405],[112.720183,32.909811],[112.721836,32.913885],[112.726958,32.911566],[112.729137,32.916845],[112.736657,32.912889],[112.738078,32.909888],[112.742072,32.908139],[112.741491,32.906378],[112.749717,32.905511],[112.750978,32.906592],[112.750807,32.90493],[112.756389,32.90358],[112.75771,32.906101],[112.760791,32.905021],[112.761161,32.906452],[112.76702,32.903528],[112.772129,32.905647],[112.775127,32.903774],[112.777386,32.904502],[112.776826,32.902972],[112.778954,32.901419],[112.793219,32.896448],[112.789254,32.892523],[112.790334,32.892072],[112.789305,32.889441],[112.791302,32.888758],[112.789883,32.881925],[112.798072,32.877352],[112.800409,32.87927],[112.800819,32.882131],[112.802696,32.881568],[112.803275,32.883158],[112.808816,32.881328],[112.81289,32.887065],[112.81845,32.887285],[112.819229,32.890036],[112.832833,32.886408],[112.833012,32.879814],[112.831245,32.876905],[112.835217,32.876667],[112.835257,32.873535],[112.830586,32.869131],[112.837822,32.866046],[112.835645,32.857414],[112.837641,32.85705],[112.835964,32.850279],[112.843211,32.850539],[112.849219,32.846733],[112.850197,32.848692],[112.854179,32.849436],[112.862493,32.844251]]]]}},{"type":"Feature","properties":{"dt_adcode":"411329"},"geometry":{"type":"Polygon","coordinates":[[[112.229015,32.385372],[112.226847,32.38747],[112.228415,32.387449],[112.228964,32.393758],[112.223743,32.402234],[112.228136,32.40327],[112.227118,32.405521],[112.235528,32.407914],[112.234839,32.409675],[112.237616,32.409602],[112.237556,32.410883],[112.244411,32.411439],[112.24479,32.408428],[112.258326,32.409617],[112.256726,32.414167],[112.258026,32.415517],[112.257777,32.419657],[112.262167,32.419818],[112.262207,32.425009],[112.266108,32.425691],[112.26635,32.427544],[112.273898,32.432401],[112.289026,32.438681],[112.295476,32.446739],[112.293725,32.448757],[112.292805,32.459528],[112.289751,32.462934],[112.290013,32.474396],[112.28815,32.475554],[112.28733,32.479334],[112.282795,32.479719],[112.282775,32.48199],[112.286599,32.482124],[112.285257,32.495756],[112.286041,32.501112],[112.288894,32.50074],[112.289525,32.505872],[112.284174,32.508496],[112.280838,32.518322],[112.282125,32.525888],[112.290982,32.54129],[112.300188,32.580015],[112.303864,32.583393],[112.278992,32.590254],[112.280073,32.594136],[112.272427,32.595951],[112.274359,32.601254],[112.264434,32.603779],[112.265335,32.606771],[112.255365,32.60911],[112.255236,32.617253],[112.249708,32.618554],[112.253296,32.622524],[112.248978,32.624086],[112.248048,32.622856],[112.249179,32.628217],[112.253587,32.627777],[112.253877,32.631008],[112.264167,32.638232],[112.265128,32.642284],[112.283221,32.645008],[112.284072,32.647869],[112.280818,32.647946],[112.274234,32.652043],[112.274464,32.655064],[112.277957,32.654076],[112.280849,32.65712],[112.301366,32.659116],[112.306987,32.660896],[112.306196,32.663356],[112.308881,32.663756],[112.301972,32.67349],[112.305475,32.675019],[112.306517,32.679773],[112.315315,32.68404],[112.314876,32.702168],[112.309481,32.701716],[112.308704,32.709861],[112.311339,32.709395],[112.314446,32.712602],[112.316029,32.711584],[112.31679,32.713466],[112.322091,32.713736],[112.32131,32.719107],[112.326953,32.719788],[112.327504,32.724552],[112.326803,32.727932],[112.324628,32.727788],[112.324117,32.73358],[112.31566,32.735023],[112.315557,32.748309],[112.343076,32.787908],[112.345477,32.794112],[112.3454,32.805796],[112.348476,32.806195],[112.348537,32.808116],[112.352044,32.808003],[112.351794,32.811524],[112.361763,32.811281],[112.362454,32.8076],[112.382865,32.805976],[112.383866,32.804707],[112.382142,32.789976],[112.389175,32.776511],[112.393284,32.773552],[112.404439,32.771617],[112.410657,32.768347],[112.415622,32.771026],[112.420708,32.771515],[112.43086,32.769569],[112.434768,32.766162],[112.433625,32.75677],[112.419197,32.757246],[112.403294,32.738091],[112.400871,32.733266],[112.400931,32.725019],[112.404229,32.718161],[112.412128,32.71522],[112.424604,32.717789],[112.431653,32.717585],[112.450717,32.70618],[112.47074,32.704833],[112.469304,32.702875],[112.469662,32.695561],[112.47362,32.690369],[112.473211,32.685818],[112.477647,32.685346],[112.477704,32.683336],[112.486158,32.682451],[112.488717,32.679769],[112.493055,32.6799],[112.493095,32.677529],[112.498505,32.675681],[112.496861,32.672135],[112.497788,32.671432],[112.504843,32.66968],[112.506577,32.671806],[112.512686,32.671928],[112.514041,32.674625],[112.519941,32.675157],[112.52618,32.674649],[112.528163,32.671622],[112.533715,32.670436],[112.547445,32.669689],[112.546997,32.667521],[112.54954,32.666936],[112.549469,32.664194],[112.556942,32.663438],[112.554717,32.660441],[112.556004,32.659879],[112.555474,32.654397],[112.556702,32.654005],[112.554406,32.639463],[112.559294,32.635053],[112.558267,32.632832],[112.559745,32.626461],[112.562663,32.624687],[112.576704,32.622951],[112.579273,32.626957],[112.585044,32.625525],[112.588467,32.62715],[112.591374,32.620086],[112.592239,32.609541],[112.599445,32.5952],[112.596544,32.577919],[112.599998,32.570355],[112.589991,32.552394],[112.592436,32.536568],[112.570079,32.522504],[112.567148,32.501465],[112.5635,32.493229],[112.569468,32.475104],[112.53746,32.465686],[112.534454,32.437131],[112.528984,32.423651],[112.506915,32.426172],[112.498014,32.421012],[112.498678,32.4037],[112.484193,32.405046],[112.480311,32.407574],[112.477597,32.406126],[112.474428,32.400208],[112.475204,32.396066],[112.497443,32.382016],[112.498523,32.37848],[112.495645,32.374912],[112.493032,32.374443],[112.482202,32.381067],[112.478572,32.381288],[112.476171,32.379578],[112.471117,32.37018],[112.460235,32.368249],[112.457307,32.366224],[112.445516,32.355559],[112.445854,32.350855],[112.451594,32.344655],[112.451189,32.343038],[112.444832,32.34396],[112.41997,32.355178],[112.413199,32.364021],[112.399022,32.369767],[112.390999,32.371167],[112.387929,32.363681],[112.368165,32.367918],[112.360005,32.365626],[112.356616,32.356458],[112.351134,32.350428],[112.337241,32.347572],[112.32925,32.337017],[112.32811,32.321671],[112.325334,32.32158],[112.317866,32.329102],[112.313765,32.327741],[112.299476,32.334939],[112.297036,32.3384],[112.291182,32.341266],[112.288311,32.345602],[112.281632,32.349406],[112.269433,32.353487],[112.261972,32.358871],[112.256591,32.358793],[112.251616,32.368136],[112.242649,32.370339],[112.230949,32.377475],[112.229015,32.385372]]]}},{"type":"Feature","properties":{"dt_adcode":"411330"},"geometry":{"type":"Polygon","coordinates":[[[113.71858,32.417196],[113.71278,32.410868],[113.70784,32.410326],[113.701535,32.420411],[113.691114,32.41625],[113.681028,32.420711],[113.671967,32.41762],[113.664272,32.422241],[113.661895,32.418938],[113.666766,32.413657],[113.665942,32.411799],[113.660741,32.410004],[113.656447,32.413697],[113.651224,32.413429],[113.643294,32.402539],[113.639621,32.390261],[113.636589,32.385906],[113.624601,32.379494],[113.624979,32.363577],[113.623483,32.360357],[113.615877,32.357665],[113.610212,32.359627],[113.601941,32.366],[113.593734,32.365273],[113.59181,32.362576],[113.593258,32.358561],[113.603895,32.355745],[113.606276,32.353338],[113.605617,32.35055],[113.593536,32.350957],[113.589611,32.349484],[113.585633,32.354703],[113.582901,32.353697],[113.579181,32.355248],[113.57945,32.350004],[113.58302,32.343064],[113.577536,32.340638],[113.565241,32.340202],[113.551289,32.329266],[113.553203,32.324414],[113.556964,32.323794],[113.559804,32.316918],[113.561524,32.30735],[113.55937,32.305471],[113.550818,32.302537],[113.548202,32.306262],[113.547693,32.316055],[113.550082,32.328756],[113.546143,32.328999],[113.540063,32.326737],[113.537672,32.329793],[113.529893,32.330831],[113.51546,32.318834],[113.500223,32.312704],[113.480286,32.298969],[113.475147,32.297774],[113.469211,32.298573],[113.464589,32.292243],[113.458261,32.290363],[113.428839,32.27057],[113.420479,32.26953],[113.415058,32.275545],[113.410024,32.278031],[113.397931,32.279269],[113.395638,32.281425],[113.394076,32.288092],[113.387074,32.294133],[113.375099,32.298564],[113.365143,32.294759],[113.35355,32.294935],[113.347652,32.29865],[113.332064,32.316107],[113.318371,32.319024],[113.316475,32.323007],[113.317719,32.327031],[113.333641,32.336472],[113.331344,32.341958],[113.325194,32.346588],[113.318504,32.349061],[113.304161,32.351226],[113.298726,32.353963],[113.294834,32.362389],[113.294797,32.369058],[113.282207,32.37534],[113.2732,32.384759],[113.25953,32.39057],[113.236334,32.406954],[113.229804,32.417681],[113.228365,32.424352],[113.220596,32.426255],[113.21179,32.431988],[113.202847,32.429909],[113.185682,32.421866],[113.172705,32.42117],[113.159128,32.410671],[113.159716,32.400764],[113.155348,32.387045],[113.155607,32.380768],[113.150251,32.376265],[113.143726,32.378662],[113.118715,32.375813],[113.114759,32.380307],[113.112148,32.391815],[113.107964,32.398483],[113.098013,32.398814],[113.07892,32.394417],[113.058869,32.404616],[113.050288,32.417934],[113.046945,32.420019],[113.035798,32.421102],[113.033628,32.422731],[113.038943,32.429282],[113.038812,32.431831],[113.034022,32.436591],[113.030415,32.435601],[113.02727,32.437031],[113.027271,32.444059],[113.024118,32.451893],[113.032647,32.457934],[113.030218,32.464399],[113.030027,32.47875],[113.031143,32.481825],[113.034026,32.482944],[113.039409,32.475833],[113.044059,32.473817],[113.046881,32.479773],[113.045044,32.481796],[113.039209,32.483155],[113.023008,32.504849],[113.023731,32.507794],[113.031477,32.514877],[113.031608,32.517493],[113.028393,32.519053],[113.019331,32.513208],[113.015724,32.514243],[113.015071,32.516529],[113.024516,32.521886],[113.024064,32.529927],[113.029772,32.542824],[113.026689,32.551413],[113.018752,32.556099],[113.01822,32.55819],[113.036856,32.562951],[113.038825,32.56629],[113.013438,32.573901],[113.007922,32.579181],[113.007461,32.58755],[113.016124,32.596698],[113.016717,32.607619],[113.023871,32.607968],[113.032863,32.613618],[113.034431,32.611398],[113.033846,32.597272],[113.037059,32.587701],[113.043939,32.577911],[113.053315,32.57257],[113.05725,32.574278],[113.057973,32.576698],[113.055224,32.594545],[113.060264,32.598348],[113.072192,32.597812],[113.079627,32.600094],[113.085382,32.597091],[113.093664,32.602917],[113.099744,32.602756],[113.101681,32.605045],[113.125565,32.605819],[113.129355,32.605228],[113.13572,32.600479],[113.151911,32.601405],[113.162474,32.598378],[113.170193,32.594841],[113.177668,32.582785],[113.183636,32.582333],[113.194699,32.584408],[113.198278,32.582726],[113.198598,32.579536],[113.204204,32.575838],[113.203848,32.571413],[113.205442,32.569973],[113.224581,32.570765],[113.240835,32.576374],[113.243863,32.578845],[113.249766,32.593537],[113.251875,32.595291],[113.265151,32.595254],[113.271335,32.593741],[113.280511,32.596001],[113.282283,32.592001],[113.293567,32.590272],[113.303149,32.586717],[113.308306,32.578991],[113.310376,32.579552],[113.315735,32.587975],[113.32045,32.588502],[113.326356,32.577566],[113.338501,32.572566],[113.342102,32.567788],[113.351568,32.573647],[113.358396,32.573221],[113.366066,32.569684],[113.372014,32.57625],[113.382217,32.593339],[113.396522,32.61035],[113.403738,32.613464],[113.420599,32.60674],[113.425498,32.600079],[113.429157,32.59876],[113.442486,32.586281],[113.447423,32.584719],[113.457996,32.586253],[113.459432,32.575086],[113.472622,32.578584],[113.478704,32.576454],[113.492724,32.567761],[113.501579,32.567674],[113.512743,32.57155],[113.513531,32.579401],[113.52525,32.594142],[113.542274,32.58917],[113.565412,32.602692],[113.571573,32.624763],[113.585482,32.635873],[113.588595,32.641396],[113.588908,32.650397],[113.595264,32.649458],[113.598691,32.652377],[113.598569,32.654811],[113.593158,32.660516],[113.605381,32.665379],[113.618975,32.6666],[113.616589,32.684067],[113.617388,32.691146],[113.612006,32.693854],[113.609576,32.698003],[113.61647,32.71318],[113.619023,32.713342],[113.621497,32.707918],[113.627359,32.704673],[113.635135,32.705878],[113.642321,32.702817],[113.649101,32.708271],[113.651101,32.707716],[113.655934,32.701004],[113.66408,32.696792],[113.668392,32.692412],[113.67374,32.69346],[113.679888,32.691956],[113.690035,32.696163],[113.69626,32.695614],[113.717736,32.683685],[113.724199,32.674082],[113.729141,32.669699],[113.747399,32.661257],[113.76121,32.652692],[113.765113,32.652116],[113.771026,32.655293],[113.781054,32.652574],[113.786737,32.644892],[113.792151,32.643531],[113.785185,32.631414],[113.786345,32.627128],[113.799069,32.620889],[113.800463,32.616102],[113.806506,32.609652],[113.809284,32.603825],[113.814453,32.600866],[113.80531,32.59769],[113.801569,32.594746],[113.799819,32.590999],[113.78972,32.586348],[113.781999,32.566178],[113.77698,32.561239],[113.769101,32.55929],[113.764323,32.553471],[113.763203,32.547888],[113.765596,32.543979],[113.774274,32.537357],[113.765673,32.531539],[113.759496,32.512042],[113.760059,32.504427],[113.764238,32.489973],[113.764393,32.480364],[113.761808,32.470656],[113.75341,32.465443],[113.748307,32.466755],[113.746946,32.46884],[113.741287,32.465369],[113.738213,32.453405],[113.735261,32.461019],[113.732752,32.461933],[113.730476,32.460616],[113.730884,32.449302],[113.725332,32.436033],[113.719423,32.427871],[113.710246,32.421957],[113.71858,32.417196]]]}},{"type":"Feature","properties":{"dt_adcode":"411381"},"geometry":{"type":"Polygon","coordinates":[[[112.347114,32.811666],[112.348476,32.806195],[112.3454,32.805796],[112.345477,32.794112],[112.343076,32.787908],[112.315557,32.748309],[112.31566,32.735023],[112.324117,32.73358],[112.324628,32.727788],[112.326803,32.727932],[112.327504,32.724552],[112.326953,32.719788],[112.32131,32.719107],[112.322091,32.713736],[112.31679,32.713466],[112.316029,32.711584],[112.314446,32.712602],[112.311339,32.709395],[112.308704,32.709861],[112.309481,32.701716],[112.314876,32.702168],[112.315315,32.68404],[112.306517,32.679773],[112.305475,32.675019],[112.301972,32.67349],[112.308881,32.663756],[112.306196,32.663356],[112.306987,32.660896],[112.301366,32.659116],[112.280849,32.65712],[112.277957,32.654076],[112.274464,32.655064],[112.274234,32.652043],[112.280818,32.647946],[112.284072,32.647869],[112.283221,32.645008],[112.265128,32.642284],[112.264167,32.638232],[112.253877,32.631008],[112.253587,32.627777],[112.249498,32.628928],[112.248109,32.625236],[112.248048,32.622856],[112.248978,32.624086],[112.253296,32.622524],[112.249708,32.618554],[112.255236,32.617253],[112.254865,32.6096],[112.265335,32.606771],[112.264434,32.603779],[112.274359,32.601254],[112.272427,32.595951],[112.280073,32.594136],[112.278992,32.590254],[112.303864,32.583393],[112.300188,32.580015],[112.290982,32.54129],[112.282125,32.525888],[112.280838,32.518322],[112.284174,32.508496],[112.289525,32.505872],[112.288894,32.50074],[112.286041,32.501112],[112.285257,32.495756],[112.286599,32.482124],[112.282775,32.48199],[112.282795,32.479719],[112.28733,32.479334],[112.28815,32.475554],[112.290013,32.474396],[112.289751,32.462934],[112.292805,32.459528],[112.293725,32.448757],[112.295476,32.446739],[112.289026,32.438681],[112.273898,32.432401],[112.26635,32.427544],[112.266108,32.425691],[112.262207,32.425009],[112.262167,32.419818],[112.257777,32.419657],[112.258026,32.415517],[112.256726,32.414167],[112.258326,32.409617],[112.24479,32.408428],[112.244411,32.411439],[112.237556,32.410883],[112.237616,32.409602],[112.234839,32.409675],[112.235528,32.407914],[112.227118,32.405521],[112.228136,32.40327],[112.223743,32.402234],[112.228964,32.393758],[112.228415,32.387449],[112.226847,32.38747],[112.226894,32.386151],[112.205898,32.392977],[112.194232,32.391437],[112.172765,32.385168],[112.172381,32.387782],[112.174555,32.3885],[112.175257,32.391292],[112.179036,32.39286],[112.176442,32.39596],[112.177504,32.398324],[112.171683,32.399037],[112.17248,32.405896],[112.174201,32.408301],[112.170543,32.406561],[112.169145,32.409709],[112.164664,32.411288],[112.160385,32.408599],[112.159964,32.410891],[112.156531,32.409435],[112.150371,32.411719],[112.143628,32.407014],[112.14616,32.40545],[112.146928,32.402679],[112.151511,32.401011],[112.154867,32.402502],[112.155653,32.401289],[112.158871,32.401866],[112.161713,32.399293],[112.159601,32.394881],[112.161291,32.393082],[112.158333,32.390994],[112.156204,32.391475],[112.157602,32.395745],[112.155574,32.395621],[112.15398,32.392983],[112.155308,32.389651],[112.149584,32.387154],[112.149919,32.385047],[112.151527,32.384188],[112.159113,32.386453],[112.159919,32.3885],[112.164612,32.384904],[112.160738,32.379018],[112.155797,32.377458],[112.145542,32.383232],[112.141361,32.389169],[112.136457,32.391397],[112.130247,32.403111],[112.128168,32.403065],[112.124408,32.398755],[112.115041,32.401416],[112.108447,32.404758],[112.105333,32.410773],[112.099228,32.415827],[112.093657,32.418906],[112.084397,32.419707],[112.080839,32.422486],[112.081824,32.42644],[112.086674,32.430703],[112.086774,32.433855],[112.084766,32.43599],[112.075165,32.436911],[112.066416,32.442293],[112.06978,32.461021],[112.065776,32.467286],[112.064019,32.474242],[112.055517,32.471476],[112.047984,32.473741],[112.038122,32.4701],[112.033814,32.463337],[112.025785,32.459073],[112.01774,32.452324],[112.014372,32.450318],[112.007053,32.45103],[112.004727,32.456374],[112.00109,32.459419],[111.990428,32.457483],[111.988034,32.461609],[111.991738,32.464027],[111.992851,32.467335],[111.974746,32.472643],[111.974257,32.478208],[111.970294,32.482812],[111.966807,32.494923],[111.961461,32.50418],[111.958157,32.506939],[111.956444,32.512277],[111.950511,32.516431],[111.941528,32.516908],[111.932323,32.515213],[111.915322,32.50773],[111.898554,32.504151],[111.889923,32.503163],[111.870235,32.50632],[111.862748,32.513634],[111.862146,32.524391],[111.858274,32.528694],[111.828241,32.531275],[111.827037,32.538073],[111.823767,32.538073],[111.821787,32.535836],[111.818862,32.537127],[111.809138,32.536696],[111.803118,32.543052],[111.790083,32.545776],[111.786416,32.549957],[111.785057,32.557335],[111.775502,32.562976],[111.76681,32.565189],[111.757516,32.57014],[111.747376,32.5776],[111.740325,32.589262],[111.72924,32.594003],[111.724498,32.600347],[111.713572,32.606549],[111.699159,32.607939],[111.692122,32.605929],[111.673009,32.614976],[111.662734,32.610689],[111.65852,32.614587],[111.655057,32.608816],[111.646402,32.606192],[111.641706,32.61163],[111.640802,32.617344],[111.643316,32.627716],[111.653529,32.638453],[111.684051,32.643329],[111.691926,32.641757],[111.705052,32.634157],[111.710018,32.634662],[111.714784,32.637229],[111.720175,32.642088],[111.721099,32.660204],[111.724255,32.666272],[111.79442,32.657346],[111.807436,32.670334],[111.813171,32.667428],[111.815847,32.663109],[111.818749,32.661769],[111.830762,32.663781],[111.847061,32.667176],[111.851444,32.669166],[111.856157,32.674355],[111.862438,32.677231],[111.873824,32.677961],[111.880715,32.68335],[111.87912,32.685664],[111.879996,32.688171],[111.870378,32.710693],[111.84911,32.719838],[111.826984,32.737266],[111.825572,32.736876],[111.825118,32.741017],[111.831908,32.742501],[111.834084,32.745468],[111.845169,32.751951],[111.843733,32.758066],[111.84073,32.757809],[111.840023,32.792174],[111.834023,32.808481],[111.827769,32.813079],[111.833089,32.815219],[111.832886,32.817092],[111.81927,32.823648],[111.813758,32.833982],[111.806915,32.838005],[111.799048,32.845415],[111.798911,32.857271],[111.793505,32.878666],[111.798904,32.876721],[111.80529,32.878171],[111.811591,32.913179],[111.818036,32.918724],[111.83451,32.926868],[111.849027,32.939347],[111.861458,32.945624],[111.875001,32.948933],[111.884393,32.953513],[111.90051,32.951544],[111.909518,32.958448],[111.910859,32.965103],[111.907809,32.967414],[111.906071,32.973679],[111.895257,32.98605],[111.901114,32.990141],[111.899635,32.994284],[111.897415,32.99495],[111.904513,32.997145],[111.905792,32.995363],[111.923513,32.992416],[111.945737,32.983002],[111.971839,32.969293],[111.980606,32.967552],[111.991631,32.95896],[111.997273,32.943438],[111.99411,32.932637],[111.993719,32.924988],[111.990504,32.921443],[111.980029,32.919853],[111.983123,32.913536],[111.992124,32.916643],[111.994557,32.914406],[111.991509,32.913495],[111.993416,32.909491],[111.99511,32.91006],[111.995504,32.907573],[112.000098,32.90815],[112.005967,32.904493],[112.008969,32.905004],[112.012278,32.912305],[112.0141,32.910011],[112.019882,32.91058],[112.02152,32.913102],[112.024459,32.913898],[112.028343,32.912447],[112.032628,32.903591],[112.03034,32.899986],[112.031059,32.896373],[112.042047,32.89116],[112.039375,32.882965],[112.039828,32.878679],[112.034679,32.874692],[112.03613,32.872576],[112.032051,32.87089],[112.032657,32.868535],[112.031155,32.866302],[112.03347,32.865957],[112.042575,32.874275],[112.045888,32.872649],[112.045709,32.869349],[112.048292,32.869444],[112.050682,32.871072],[112.049937,32.874959],[112.052498,32.877628],[112.052405,32.879677],[112.060279,32.883193],[112.069735,32.881918],[112.074039,32.882626],[112.074039,32.885241],[112.079434,32.885296],[112.079815,32.884152],[112.096542,32.885405],[112.100301,32.887257],[112.111144,32.872383],[112.114195,32.863937],[112.121496,32.863338],[112.126028,32.866632],[112.146596,32.870445],[112.145061,32.860813],[112.149747,32.852817],[112.157655,32.849418],[112.166593,32.851982],[112.171979,32.856586],[112.179851,32.857308],[112.20294,32.854893],[112.21649,32.859763],[112.233331,32.859844],[112.243357,32.86425],[112.258795,32.874419],[112.276543,32.875107],[112.276248,32.879085],[112.280479,32.880371],[112.282434,32.878919],[112.283052,32.874206],[112.286061,32.869764],[112.301517,32.869439],[112.301424,32.861922],[112.303235,32.859676],[112.309671,32.857332],[112.321864,32.858506],[112.323829,32.852579],[112.330259,32.850072],[112.330488,32.846277],[112.324842,32.844496],[112.326682,32.832017],[112.33465,32.823592],[112.342313,32.818836],[112.342571,32.81314],[112.347114,32.811666]]]}},{"type":"Feature","properties":{"dt_adcode":"411402"},"geometry":{"type":"Polygon","coordinates":[[[115.537099,34.366982],[115.523653,34.359289],[115.520456,34.362029],[115.512244,34.378261],[115.509675,34.378257],[115.503162,34.373087],[115.499231,34.372831],[115.493759,34.377628],[115.491093,34.383867],[115.486063,34.386009],[115.478797,34.382114],[115.462229,34.384506],[115.461143,34.38659],[115.46257,34.389605],[115.460084,34.389095],[115.45793,34.385978],[115.455267,34.385923],[115.448124,34.388678],[115.441907,34.393801],[115.436606,34.393748],[115.431943,34.391482],[115.424711,34.39319],[115.413647,34.38405],[115.404328,34.380758],[115.396245,34.382807],[115.400717,34.382199],[115.401117,34.383539],[115.401347,34.38482],[115.397216,34.385769],[115.397986,34.389401],[115.400458,34.389312],[115.400567,34.392244],[115.397438,34.394131],[115.397728,34.399137],[115.402569,34.398288],[115.40704,34.407269],[115.407398,34.418934],[115.410679,34.423857],[115.411609,34.439409],[115.413675,34.445901],[115.425153,34.455991],[115.431059,34.464548],[115.436973,34.485445],[115.439677,34.487155],[115.446192,34.485058],[115.456256,34.490674],[115.455226,34.495066],[115.448507,34.505654],[115.448715,34.508332],[115.453019,34.511462],[115.453306,34.513996],[115.441606,34.545052],[115.435879,34.551376],[115.434138,34.562884],[115.415261,34.586999],[115.415582,34.589319],[115.428836,34.600513],[115.438233,34.604249],[115.442359,34.611238],[115.453463,34.613572],[115.459438,34.617198],[115.461706,34.624187],[115.461388,34.637266],[115.478996,34.625879],[115.491598,34.607016],[115.515605,34.582596],[115.53171,34.574398],[115.547079,34.571483],[115.548609,34.568814],[115.554772,34.569044],[115.561751,34.572364],[115.580869,34.570692],[115.593741,34.573161],[115.610365,34.572079],[115.62191,34.574742],[115.638211,34.570002],[115.639527,34.571536],[115.643579,34.567721],[115.656498,34.56334],[115.659665,34.560498],[115.668054,34.557132],[115.684405,34.555594],[115.69733,34.569019],[115.697388,34.594295],[115.699088,34.59886],[115.703788,34.599708],[115.711466,34.598689],[115.718259,34.59111],[115.722971,34.589513],[115.740496,34.589738],[115.762081,34.587719],[115.798248,34.577219],[115.799421,34.573082],[115.782963,34.560435],[115.772415,34.563445],[115.758659,34.553939],[115.752923,34.54791],[115.751586,34.543994],[115.751967,34.536649],[115.758743,34.528223],[115.757415,34.523845],[115.754135,34.520828],[115.748632,34.517789],[115.741426,34.517252],[115.739135,34.522736],[115.741228,34.531946],[115.735123,34.531881],[115.728791,34.528824],[115.721192,34.511081],[115.723814,34.503618],[115.727898,34.503082],[115.727577,34.501201],[115.730669,34.499372],[115.730734,34.498141],[115.727207,34.498599],[115.723193,34.495972],[115.724784,34.494403],[115.723733,34.493991],[115.724703,34.487048],[115.723191,34.486506],[115.722831,34.483333],[115.723942,34.480392],[115.734459,34.47647],[115.734449,34.473137],[115.730997,34.471483],[115.730076,34.466749],[115.73851,34.464755],[115.738811,34.467507],[115.742732,34.46895],[115.742782,34.471192],[115.745993,34.472424],[115.747563,34.475556],[115.762628,34.477698],[115.763288,34.475317],[115.760159,34.471755],[115.760879,34.468963],[115.762847,34.468893],[115.763067,34.466371],[115.767863,34.466249],[115.767863,34.465058],[115.763436,34.464179],[115.767972,34.464087],[115.767922,34.462156],[115.763746,34.462158],[115.767882,34.461516],[115.767952,34.456393],[115.767582,34.454091],[115.765544,34.453952],[115.765524,34.451891],[115.763245,34.45005],[115.762615,34.445077],[115.766242,34.444086],[115.767261,34.438412],[115.769329,34.438531],[115.769908,34.43715],[115.766971,34.435677],[115.76758,34.434329],[115.772799,34.432354],[115.790143,34.416925],[115.792187,34.40845],[115.789898,34.393277],[115.797564,34.377961],[115.799103,34.370672],[115.799972,34.372271],[115.801158,34.367868],[115.803244,34.367664],[115.804101,34.360639],[115.806127,34.360726],[115.803741,34.352595],[115.801915,34.352468],[115.799999,34.347688],[115.801605,34.344246],[115.801189,34.33414],[115.797731,34.324702],[115.792508,34.323051],[115.780584,34.32662],[115.769974,34.335017],[115.766086,34.336852],[115.760384,34.336761],[115.734697,34.352365],[115.714475,34.357581],[115.710403,34.356593],[115.707201,34.351385],[115.706138,34.345926],[115.695316,34.337922],[115.690593,34.341784],[115.688735,34.348009],[115.691947,34.385132],[115.690316,34.388388],[115.679484,34.394848],[115.675931,34.424455],[115.655156,34.423589],[115.631884,34.426426],[115.617028,34.426237],[115.613979,34.430031],[115.610873,34.430346],[115.596407,34.429298],[115.595519,34.426002],[115.579832,34.42564],[115.579055,34.420671],[115.585231,34.414752],[115.586305,34.410488],[115.550666,34.393353],[115.547326,34.390185],[115.54628,34.384347],[115.554364,34.37643],[115.556009,34.371889],[115.550663,34.368875],[115.537099,34.366982]]]}},{"type":"Feature","properties":{"dt_adcode":"411403"},"geometry":{"type":"Polygon","coordinates":[[[115.695316,34.337922],[115.689016,34.332279],[115.681869,34.31662],[115.680145,34.317307],[115.678061,34.313061],[115.681718,34.311998],[115.681577,34.310697],[115.685475,34.310425],[115.684753,34.308802],[115.691355,34.304763],[115.691325,34.303372],[115.696074,34.303171],[115.696695,34.304572],[115.700081,34.301947],[115.699009,34.299214],[115.702444,34.298139],[115.701665,34.296263],[115.703266,34.295939],[115.699117,34.284358],[115.70666,34.282349],[115.70724,34.2803],[115.706419,34.276367],[115.705214,34.278251],[115.703554,34.277162],[115.702963,34.278882],[115.702433,34.27598],[115.705848,34.276006],[115.705326,34.269072],[115.703173,34.270478],[115.702702,34.267316],[115.698765,34.26776],[115.699737,34.264669],[115.702491,34.264653],[115.701389,34.259631],[115.69646,34.259592],[115.696621,34.261424],[115.694216,34.258599],[115.693815,34.253836],[115.697311,34.253352],[115.696899,34.251491],[115.699254,34.250884],[115.699084,34.246612],[115.700376,34.246404],[115.69717,34.240626],[115.694144,34.240791],[115.699463,34.235828],[115.697901,34.235746],[115.697339,34.232874],[115.694774,34.233139],[115.694654,34.228757],[115.693341,34.228826],[115.691909,34.223441],[115.690065,34.223557],[115.689944,34.220276],[115.693811,34.219903],[115.693591,34.216111],[115.695825,34.217055],[115.698021,34.211888],[115.709026,34.209105],[115.707994,34.206782],[115.710802,34.207583],[115.709627,34.205074],[115.711639,34.206857],[115.711881,34.204176],[115.715875,34.203733],[115.716906,34.201683],[115.715624,34.1972],[115.719078,34.197274],[115.721721,34.195307],[115.722942,34.193128],[115.721761,34.191856],[115.723793,34.191849],[115.724954,34.189759],[115.724733,34.181836],[115.727656,34.181329],[115.729186,34.177349],[115.739182,34.177428],[115.740592,34.163251],[115.745331,34.147371],[115.743119,34.142009],[115.743944,34.139661],[115.757707,34.134539],[115.757946,34.130919],[115.765911,34.132187],[115.765402,34.135568],[115.76731,34.135637],[115.768029,34.131406],[115.770736,34.131024],[115.770676,34.126173],[115.768338,34.125834],[115.767529,34.121953],[115.765011,34.120704],[115.769856,34.111069],[115.769595,34.106088],[115.762761,34.105751],[115.768745,34.103198],[115.768396,34.095936],[115.771112,34.092384],[115.770932,34.087212],[115.773269,34.088912],[115.784213,34.075309],[115.783783,34.071638],[115.78025,34.07314],[115.781441,34.062219],[115.768847,34.062152],[115.75343,34.067714],[115.735851,34.076832],[115.715559,34.066664],[115.714343,34.06358],[115.705982,34.059818],[115.704187,34.064196],[115.6998,34.066034],[115.684625,34.065775],[115.680119,34.064661],[115.672474,34.058441],[115.667194,34.056399],[115.658437,34.061286],[115.653584,34.060101],[115.650724,34.061666],[115.648081,34.06751],[115.64623,34.079951],[115.641945,34.084152],[115.634453,34.087674],[115.627527,34.087523],[115.621819,34.083808],[115.616182,34.082949],[115.599213,34.085798],[115.593296,34.085799],[115.586818,34.083628],[115.573712,34.086424],[115.545249,34.08554],[115.541624,34.09632],[115.540059,34.107306],[115.536366,34.115447],[115.534801,34.124151],[115.535822,34.126166],[115.532384,34.127057],[115.529844,34.130484],[115.524114,34.129619],[115.524164,34.131559],[115.522838,34.131613],[115.522899,34.134364],[115.524642,34.133959],[115.525968,34.136876],[115.52821,34.13677],[115.519606,34.158998],[115.516191,34.161005],[115.502276,34.160298],[115.49744,34.149116],[115.493176,34.146919],[115.487563,34.150287],[115.482738,34.162639],[115.472642,34.169298],[115.472859,34.174575],[115.480396,34.183293],[115.481313,34.186286],[115.471935,34.194371],[115.472646,34.202927],[115.471296,34.204927],[115.45466,34.209031],[115.449404,34.215782],[115.441642,34.219646],[115.422137,34.223446],[115.413444,34.221168],[115.407811,34.221384],[115.402603,34.230013],[115.390765,34.235749],[115.385126,34.2361],[115.366704,34.232226],[115.360486,34.232644],[115.356981,34.239878],[115.344193,34.240283],[115.332423,34.263518],[115.337626,34.265441],[115.340907,34.269585],[115.347486,34.281152],[115.351132,34.293249],[115.357918,34.297541],[115.360424,34.304323],[115.351208,34.351493],[115.351565,34.357272],[115.353636,34.359844],[115.359281,34.362279],[115.391491,34.362497],[115.393628,34.36364],[115.394312,34.369028],[115.393191,34.369128],[115.395904,34.374622],[115.394044,34.375685],[115.396245,34.382807],[115.404328,34.380758],[115.413647,34.38405],[115.424711,34.39319],[115.431943,34.391482],[115.438344,34.393976],[115.443125,34.393249],[115.449301,34.387996],[115.456324,34.385731],[115.461723,34.389966],[115.462229,34.384506],[115.478797,34.382114],[115.486063,34.386009],[115.491093,34.383867],[115.493759,34.377628],[115.499231,34.372831],[115.503162,34.373087],[115.509675,34.378257],[115.512244,34.378261],[115.520456,34.362029],[115.523653,34.359289],[115.525752,34.359475],[115.534976,34.366232],[115.554775,34.370104],[115.555735,34.374364],[115.54628,34.384347],[115.547326,34.390185],[115.550666,34.393353],[115.584885,34.409217],[115.586305,34.410488],[115.585231,34.414752],[115.579055,34.420671],[115.579832,34.42564],[115.595519,34.426002],[115.596407,34.429298],[115.612148,34.430282],[115.617028,34.426237],[115.631884,34.426426],[115.645084,34.424155],[115.675931,34.424455],[115.679484,34.394848],[115.690316,34.388388],[115.691947,34.385132],[115.688735,34.348009],[115.690593,34.341784],[115.695316,34.337922]]]}},{"type":"Feature","properties":{"dt_adcode":"411421"},"geometry":{"type":"Polygon","coordinates":[[[114.835672,34.746906],[114.835505,34.753036],[114.828387,34.755312],[114.826887,34.758301],[114.829004,34.764296],[114.835605,34.767462],[114.863374,34.768024],[114.866847,34.769205],[114.867381,34.775502],[114.870367,34.776969],[114.877559,34.775209],[114.890591,34.764988],[114.922867,34.748434],[114.936825,34.747049],[114.94379,34.749257],[114.952814,34.755352],[114.960556,34.757499],[114.96313,34.760081],[114.973528,34.757876],[114.975177,34.760831],[114.980488,34.76092],[114.988391,34.764567],[114.996298,34.759993],[115.00098,34.760656],[115.027253,34.771487],[115.038908,34.773997],[115.077105,34.77375],[115.096093,34.771074],[115.104126,34.772346],[115.119619,34.788654],[115.133964,34.793678],[115.140076,34.793304],[115.154478,34.781786],[115.158108,34.780915],[115.163887,34.783059],[115.169955,34.79094],[115.175533,34.790449],[115.178997,34.800272],[115.190912,34.79969],[115.192718,34.796253],[115.191795,34.792521],[115.193696,34.792417],[115.196092,34.795486],[115.197039,34.792522],[115.198806,34.797934],[115.200152,34.797819],[115.199316,34.800085],[115.200773,34.800053],[115.200992,34.801684],[115.201751,34.800652],[115.205056,34.801645],[115.201112,34.803206],[115.2029,34.805655],[115.239232,34.799997],[115.241131,34.797483],[115.246279,34.797541],[115.248328,34.798091],[115.248479,34.802986],[115.253528,34.802885],[115.253899,34.805007],[115.247819,34.80688],[115.248619,34.808782],[115.24646,34.809654],[115.24693,34.810714],[115.242141,34.810546],[115.242662,34.813479],[115.243951,34.813498],[115.244181,34.815901],[115.244541,34.813468],[115.245721,34.815009],[115.24636,34.813177],[115.252429,34.814047],[115.254509,34.812955],[115.254379,34.810943],[115.25833,34.814287],[115.25855,34.811864],[115.25964,34.815619],[115.263692,34.819503],[115.263873,34.823528],[115.262083,34.824118],[115.264053,34.82536],[115.260542,34.825219],[115.266355,34.828554],[115.267246,34.831267],[115.264514,34.831657],[115.264654,34.833509],[115.259613,34.837812],[115.256079,34.845314],[115.264009,34.851781],[115.270988,34.854474],[115.289595,34.851588],[115.305853,34.860291],[115.313582,34.86018],[115.329626,34.85147],[115.34973,34.844405],[115.356947,34.837307],[115.371653,34.833696],[115.375497,34.829772],[115.379241,34.828771],[115.394019,34.831798],[115.408535,34.825929],[115.411334,34.817484],[115.414789,34.816248],[115.416139,34.813315],[115.413813,34.810707],[115.413843,34.807834],[115.416939,34.805915],[115.426781,34.805411],[115.429037,34.802693],[115.431414,34.794959],[115.434621,34.790315],[115.436535,34.776789],[115.449296,34.744282],[115.448539,34.741377],[115.44509,34.738594],[115.428956,34.731076],[115.428295,34.729513],[115.43106,34.725457],[115.440134,34.721701],[115.446682,34.705035],[115.447072,34.698611],[115.443518,34.680205],[115.44473,34.67448],[115.449883,34.664892],[115.45816,34.656183],[115.45958,34.652685],[115.462244,34.632053],[115.460996,34.619551],[115.453463,34.613572],[115.442359,34.611238],[115.438233,34.604249],[115.428836,34.600513],[115.41743,34.591529],[115.415261,34.586999],[115.410731,34.588106],[115.39023,34.601159],[115.378933,34.606224],[115.366369,34.609259],[115.34879,34.612443],[115.335722,34.612247],[115.327943,34.611668],[115.304722,34.604192],[115.28692,34.60442],[115.270721,34.612167],[115.259301,34.613806],[115.249527,34.618979],[115.238003,34.616505],[115.230959,34.618232],[115.215909,34.614817],[115.210691,34.612175],[115.204833,34.601746],[115.197194,34.599075],[115.177939,34.601201],[115.166732,34.60062],[115.164151,34.598414],[115.163123,34.592352],[115.167659,34.583891],[115.168146,34.577583],[115.16031,34.562478],[115.162319,34.549805],[115.161389,34.540483],[115.157253,34.534792],[115.145783,34.528198],[115.135026,34.530406],[115.12524,34.526482],[115.114161,34.525593],[115.11072,34.527456],[115.112613,34.536495],[115.103926,34.540859],[115.098183,34.547147],[115.094976,34.546421],[115.093995,34.548061],[115.085847,34.549057],[115.085146,34.551788],[115.08758,34.552881],[115.083715,34.55552],[115.081662,34.555007],[115.080892,34.55905],[115.079529,34.557037],[115.076855,34.557114],[115.075583,34.560185],[115.075403,34.557332],[115.072688,34.557468],[115.072347,34.559079],[115.072187,34.557628],[115.066235,34.557478],[115.062196,34.558833],[115.060892,34.553536],[115.055097,34.554295],[115.052199,34.552228],[115.051056,34.555577],[115.049,34.555683],[115.051106,34.555968],[115.050585,34.557848],[115.04919,34.556384],[115.049371,34.557886],[115.043691,34.559937],[115.043865,34.562356],[115.040684,34.562638],[115.037222,34.558306],[115.036249,34.551658],[115.034292,34.551653],[115.035386,34.550295],[115.030599,34.548931],[115.029836,34.541673],[115.027246,34.541736],[115.027236,34.540245],[115.024998,34.539708],[115.021063,34.540007],[115.020782,34.538565],[115.006298,34.540093],[114.999773,34.543095],[115.000667,34.549103],[114.999245,34.549251],[114.999538,34.551489],[115.000767,34.551235],[115.001339,34.553108],[114.99881,34.553881],[114.999483,34.557396],[114.989475,34.557056],[114.990941,34.559341],[114.986284,34.555605],[114.98251,34.556015],[114.980302,34.553817],[114.962002,34.554311],[114.960337,34.556398],[114.950592,34.55804],[114.947294,34.557634],[114.947013,34.55455],[114.940259,34.55521],[114.939548,34.553067],[114.937334,34.559488],[114.933207,34.560665],[114.93427,34.568533],[114.929202,34.569108],[114.927581,34.573539],[114.929573,34.573681],[114.926349,34.573949],[114.925528,34.571386],[114.915575,34.572108],[114.907076,34.569697],[114.904888,34.5862],[114.897,34.6026],[114.901682,34.617274],[114.898327,34.631782],[114.90305,34.642407],[114.893494,34.652483],[114.893242,34.65581],[114.896469,34.661348],[114.902396,34.665725],[114.926618,34.668627],[114.935741,34.672204],[114.937843,34.675285],[114.936651,34.681933],[114.931692,34.686822],[114.903543,34.69859],[114.88746,34.697539],[114.867723,34.688044],[114.860191,34.689582],[114.857997,34.692289],[114.858196,34.701509],[114.855563,34.710916],[114.840648,34.715084],[114.841638,34.717943],[114.850531,34.723895],[114.853547,34.729426],[114.858778,34.734268],[114.86018,34.737346],[114.859304,34.740327],[114.835672,34.746906]]]}},{"type":"Feature","properties":{"dt_adcode":"411422"},"geometry":{"type":"Polygon","coordinates":[[[115.164005,34.253653],[115.159351,34.249051],[115.158943,34.241045],[115.164335,34.232711],[115.156124,34.229826],[115.166276,34.222617],[115.154122,34.225276],[115.146034,34.232548],[115.142357,34.224868],[115.146442,34.21204],[115.139906,34.209589],[115.142684,34.212939],[115.133043,34.211223],[115.130184,34.205586],[115.125205,34.205645],[115.126247,34.209459],[115.123177,34.210388],[115.109493,34.207614],[115.098233,34.216352],[115.087809,34.221409],[115.052453,34.224639],[115.04723,34.230261],[115.041084,34.246331],[115.03328,34.247237],[115.012963,34.253385],[114.998576,34.250096],[114.992346,34.25029],[114.986622,34.253413],[114.979393,34.263948],[114.977319,34.264657],[114.966302,34.261276],[114.962227,34.261907],[114.943723,34.273853],[114.940832,34.27423],[114.940876,34.276896],[114.935926,34.28144],[114.913871,34.281494],[114.908452,34.284133],[114.899616,34.284668],[114.882658,34.30121],[114.871657,34.304503],[114.869196,34.315832],[114.865176,34.325156],[114.855534,34.334741],[114.858201,34.337587],[114.856972,34.348462],[114.85995,34.355706],[114.862459,34.357435],[114.86024,34.35891],[114.858953,34.364185],[114.861897,34.365671],[114.861698,34.367032],[114.879012,34.370661],[114.878883,34.373703],[114.882639,34.374899],[114.882689,34.377821],[114.888453,34.378196],[114.888504,34.380718],[114.888833,34.379646],[114.890482,34.380766],[114.890422,34.383527],[114.889514,34.385479],[114.889215,34.38244],[114.888993,34.38663],[114.887734,34.382229],[114.882619,34.384064],[114.882191,34.387836],[114.878624,34.387161],[114.877556,34.390533],[114.875049,34.390616],[114.874461,34.39642],[114.871595,34.397654],[114.863937,34.397256],[114.86228,34.398949],[114.848457,34.400313],[114.848487,34.402014],[114.852589,34.402727],[114.851731,34.40483],[114.848807,34.405395],[114.848548,34.409949],[114.848951,34.408989],[114.849227,34.410268],[114.849554,34.409105],[114.853947,34.410729],[114.853907,34.41213],[114.854845,34.410948],[114.855744,34.413378],[114.853689,34.419265],[114.852022,34.419278],[114.853639,34.422997],[114.851493,34.420879],[114.849417,34.422854],[114.850186,34.427166],[114.852202,34.426964],[114.852392,34.428863],[114.858799,34.429403],[114.8589,34.432114],[114.864799,34.433736],[114.865019,34.435536],[114.862334,34.435641],[114.862684,34.437311],[114.856495,34.436581],[114.856345,34.438362],[114.853701,34.438947],[114.855377,34.439064],[114.855677,34.443977],[114.860686,34.443337],[114.860817,34.447971],[114.859969,34.449723],[114.857694,34.449977],[114.858912,34.451897],[114.861257,34.452022],[114.861467,34.455274],[114.865081,34.45648],[114.865601,34.462883],[114.871771,34.461563],[114.867577,34.458888],[114.869544,34.458524],[114.869783,34.456033],[114.880777,34.450526],[114.886303,34.461317],[114.896466,34.46102],[114.898926,34.462541],[114.901195,34.466763],[114.903981,34.467623],[114.912309,34.483594],[114.91495,34.482964],[114.915861,34.485436],[114.918623,34.484937],[114.920676,34.493024],[114.919154,34.493884],[114.922397,34.498189],[114.917694,34.500658],[114.914073,34.497471],[114.912492,34.498602],[114.909619,34.495152],[114.907509,34.497233],[114.911301,34.499934],[114.912554,34.505048],[114.914121,34.504649],[114.916233,34.507982],[114.917674,34.511575],[114.914743,34.513485],[114.915264,34.516157],[114.919547,34.515869],[114.913753,34.518159],[114.915784,34.5185],[114.914804,34.519991],[114.915864,34.522733],[114.916975,34.520902],[114.918386,34.522684],[114.916916,34.524535],[114.920689,34.531432],[114.918647,34.531371],[114.917726,34.528688],[114.917846,34.529809],[114.914024,34.530748],[114.913014,34.534691],[114.911113,34.53477],[114.912115,34.541476],[114.917868,34.541968],[114.914997,34.548692],[114.908474,34.54831],[114.908694,34.546709],[114.906513,34.54767],[114.907275,34.553572],[114.908414,34.553624],[114.905885,34.565404],[114.907076,34.569697],[114.915575,34.572108],[114.925528,34.571386],[114.926349,34.573949],[114.929573,34.573681],[114.927581,34.573539],[114.929202,34.569108],[114.93427,34.568533],[114.933207,34.560665],[114.937334,34.559488],[114.939548,34.553067],[114.940259,34.55521],[114.947013,34.55455],[114.947294,34.557634],[114.950592,34.55804],[114.960337,34.556398],[114.962002,34.554311],[114.980302,34.553817],[114.98251,34.556015],[114.986284,34.555605],[114.990188,34.559459],[114.990127,34.556847],[114.99075,34.55809],[114.998338,34.556381],[114.999483,34.557396],[114.99881,34.553881],[115.001339,34.553108],[115.000767,34.551235],[114.999538,34.551489],[114.999245,34.549251],[115.000667,34.549103],[114.999773,34.543095],[115.006298,34.540093],[115.015854,34.538841],[115.020782,34.538565],[115.021063,34.540007],[115.024998,34.539708],[115.027236,34.540245],[115.027246,34.541736],[115.029836,34.541673],[115.030599,34.548931],[115.035386,34.550295],[115.034292,34.551653],[115.036249,34.551658],[115.037222,34.558306],[115.040684,34.562638],[115.043865,34.562356],[115.043691,34.559937],[115.049371,34.557886],[115.04919,34.556384],[115.050585,34.557848],[115.051106,34.555968],[115.049,34.555683],[115.051056,34.555577],[115.052199,34.552228],[115.055097,34.554295],[115.060892,34.553536],[115.062196,34.558833],[115.066235,34.557478],[115.072187,34.557628],[115.072347,34.559079],[115.072688,34.557468],[115.075403,34.557332],[115.075583,34.560185],[115.076855,34.557114],[115.079529,34.557037],[115.080892,34.55905],[115.081662,34.555007],[115.083715,34.55552],[115.08758,34.552881],[115.085146,34.551788],[115.085847,34.549057],[115.093995,34.548061],[115.094976,34.546421],[115.098183,34.547147],[115.103926,34.540859],[115.112613,34.536495],[115.11072,34.527456],[115.114161,34.525593],[115.121641,34.525994],[115.135026,34.530406],[115.145783,34.528198],[115.149736,34.509411],[115.157395,34.508078],[115.163702,34.504527],[115.167443,34.498997],[115.170874,34.497364],[115.190615,34.497054],[115.19259,34.494518],[115.191584,34.484385],[115.193169,34.478419],[115.205444,34.465069],[115.210461,34.456603],[115.198745,34.446296],[115.196481,34.425588],[115.191526,34.418136],[115.189566,34.399429],[115.187183,34.395635],[115.195611,34.386828],[115.195074,34.379872],[115.199698,34.361799],[115.19404,34.352874],[115.1849,34.347825],[115.179954,34.343036],[115.168179,34.314883],[115.169173,34.30254],[115.179412,34.297955],[115.180408,34.2956],[115.172117,34.284167],[115.168702,34.267428],[115.164005,34.253653]]]}},{"type":"Feature","properties":{"dt_adcode":"411423"},"geometry":{"type":"Polygon","coordinates":[[[115.358988,34.29904],[115.351132,34.293249],[115.347486,34.281152],[115.340907,34.269585],[115.337626,34.265441],[115.332423,34.263518],[115.306576,34.27061],[115.300505,34.270243],[115.288862,34.266731],[115.281359,34.2582],[115.27187,34.254769],[115.25846,34.253409],[115.252747,34.253837],[115.247192,34.256584],[115.236503,34.256804],[115.218553,34.252612],[115.197764,34.251682],[115.187333,34.248844],[115.187552,34.246153],[115.186134,34.248711],[115.181835,34.248614],[115.181934,34.246453],[115.181266,34.248586],[115.172854,34.247991],[115.174207,34.250435],[115.172574,34.250782],[115.172525,34.253374],[115.167096,34.254434],[115.166697,34.252924],[115.166198,34.254616],[115.165829,34.253116],[115.164005,34.253653],[115.168702,34.267428],[115.172117,34.284167],[115.180408,34.2956],[115.179412,34.297955],[115.169173,34.30254],[115.168179,34.314883],[115.179954,34.343036],[115.1849,34.347825],[115.19404,34.352874],[115.199698,34.361799],[115.195074,34.379872],[115.195611,34.386828],[115.187183,34.395635],[115.189566,34.399429],[115.191526,34.418136],[115.196481,34.425588],[115.198745,34.446296],[115.210461,34.456603],[115.205444,34.465069],[115.193169,34.478419],[115.191584,34.484385],[115.19259,34.494518],[115.190615,34.497054],[115.170874,34.497364],[115.167443,34.498997],[115.163702,34.504527],[115.157395,34.508078],[115.149736,34.509411],[115.148166,34.512201],[115.145783,34.528198],[115.157253,34.534792],[115.159972,34.537345],[115.162181,34.543391],[115.16031,34.562478],[115.168146,34.577583],[115.167659,34.583891],[115.163123,34.592352],[115.164151,34.598414],[115.166732,34.60062],[115.177939,34.601201],[115.197194,34.599075],[115.201146,34.600006],[115.204833,34.601746],[115.210691,34.612175],[115.215909,34.614817],[115.230959,34.618232],[115.238003,34.616505],[115.249527,34.618979],[115.259301,34.613806],[115.270721,34.612167],[115.283184,34.605196],[115.298626,34.603639],[115.313856,34.606399],[115.327943,34.611668],[115.34879,34.612443],[115.378933,34.606224],[115.398898,34.596524],[115.410731,34.588106],[115.415261,34.586999],[115.434138,34.562884],[115.435879,34.551376],[115.441606,34.545052],[115.453306,34.513996],[115.453019,34.511462],[115.448325,34.506797],[115.455226,34.495066],[115.456256,34.490674],[115.446192,34.485058],[115.439677,34.487155],[115.436973,34.485445],[115.431059,34.464548],[115.425153,34.455991],[115.413675,34.445901],[115.411609,34.439409],[115.410679,34.423857],[115.407398,34.418934],[115.40704,34.407269],[115.402569,34.398288],[115.397728,34.399137],[115.397438,34.394131],[115.400567,34.392244],[115.400458,34.389312],[115.397986,34.389401],[115.397216,34.385769],[115.401347,34.38482],[115.400717,34.382199],[115.396355,34.383227],[115.394044,34.375685],[115.395904,34.374622],[115.393191,34.369128],[115.394312,34.369028],[115.393628,34.36364],[115.387346,34.361853],[115.359281,34.362279],[115.353636,34.359844],[115.351565,34.357272],[115.353207,34.339798],[115.360354,34.307816],[115.358988,34.29904]]]}},{"type":"Feature","properties":{"dt_adcode":"411424"},"geometry":{"type":"Polygon","coordinates":[[[115.125205,34.205645],[115.130184,34.205586],[115.133043,34.211223],[115.142684,34.212939],[115.139906,34.209589],[115.146442,34.21204],[115.142357,34.224868],[115.146034,34.232548],[115.154122,34.225276],[115.166276,34.222617],[115.156124,34.229826],[115.164335,34.232711],[115.158943,34.241045],[115.159351,34.249051],[115.166198,34.254616],[115.166697,34.252924],[115.167096,34.254434],[115.172525,34.253374],[115.172574,34.250782],[115.174207,34.250435],[115.172854,34.247991],[115.181266,34.248586],[115.181934,34.246453],[115.181835,34.248614],[115.186134,34.248711],[115.187552,34.246153],[115.187333,34.248844],[115.197764,34.251682],[115.218553,34.252612],[115.236503,34.256804],[115.247192,34.256584],[115.252747,34.253837],[115.25846,34.253409],[115.27187,34.254769],[115.281359,34.2582],[115.288862,34.266731],[115.300505,34.270243],[115.306576,34.27061],[115.330083,34.264893],[115.332423,34.263518],[115.344193,34.240283],[115.356981,34.239878],[115.360486,34.232644],[115.366704,34.232226],[115.385126,34.2361],[115.390765,34.235749],[115.402603,34.230013],[115.407811,34.221384],[115.413444,34.221168],[115.422137,34.223446],[115.441642,34.219646],[115.449404,34.215782],[115.45466,34.209031],[115.471296,34.204927],[115.472646,34.202927],[115.471935,34.194371],[115.481313,34.186286],[115.480396,34.183293],[115.472859,34.174575],[115.472642,34.169298],[115.482738,34.162639],[115.487563,34.150287],[115.490339,34.147925],[115.493176,34.146919],[115.49744,34.149116],[115.502276,34.160298],[115.516191,34.161005],[115.519606,34.158998],[115.52821,34.13677],[115.525968,34.136876],[115.524642,34.133959],[115.522899,34.134364],[115.522838,34.131613],[115.524164,34.131559],[115.524114,34.129619],[115.529844,34.130484],[115.532384,34.127057],[115.535822,34.126166],[115.534801,34.124151],[115.536366,34.115447],[115.540059,34.107306],[115.541624,34.09632],[115.545249,34.08554],[115.543683,34.084547],[115.547593,34.07441],[115.549434,34.041136],[115.533017,34.019746],[115.525629,34.018555],[115.51334,34.019375],[115.50297,34.015449],[115.489254,34.017558],[115.474192,34.009254],[115.463747,34.006926],[115.457771,33.986223],[115.433715,33.986797],[115.402579,33.993372],[115.375394,34.006794],[115.356393,34.018604],[115.349034,34.018197],[115.340535,34.013686],[115.334451,34.006242],[115.318049,34.003485],[115.313725,33.995917],[115.292478,33.996152],[115.289548,33.99729],[115.289044,34.001354],[115.295079,34.014679],[115.294653,34.019172],[115.272454,34.018044],[115.258471,34.015328],[115.253904,34.012404],[115.254292,33.985608],[115.252295,33.982471],[115.24096,33.975164],[115.230421,33.974173],[115.208845,33.985717],[115.200094,33.992506],[115.197174,33.991156],[115.195467,33.98738],[115.203221,33.978237],[115.204147,33.971746],[115.189487,33.958116],[115.185069,33.955556],[115.180521,33.955208],[115.176466,33.950723],[115.163368,33.948822],[115.148569,33.950165],[115.146074,33.951382],[115.14038,33.959734],[115.119725,33.962965],[115.115022,33.961112],[115.106898,33.949669],[115.108033,33.93783],[115.105681,33.93569],[115.085268,33.933524],[115.05299,33.939674],[115.049882,33.943162],[115.049988,33.950026],[115.057282,33.955676],[115.058859,33.964611],[115.065646,33.97015],[115.065759,33.973539],[115.062289,33.977598],[115.063037,33.980862],[115.070076,33.990644],[115.083224,34.003176],[115.082418,34.007951],[115.084651,34.007712],[115.085081,34.009583],[115.083087,34.014274],[115.071139,34.013748],[115.07088,34.021799],[115.079725,34.023121],[115.109726,34.021113],[115.110276,34.025924],[115.112936,34.027374],[115.112796,34.029455],[115.114316,34.029324],[115.114286,34.027543],[115.118644,34.026981],[115.118403,34.02445],[115.121182,34.024279],[115.140468,34.053214],[115.140043,34.055854],[115.133644,34.06086],[115.128979,34.060791],[115.128679,34.064152],[115.116718,34.066331],[115.119208,34.072712],[115.117179,34.074594],[115.116669,34.073603],[115.116849,34.075054],[115.115212,34.073845],[115.11607,34.077985],[115.118818,34.076603],[115.120577,34.078182],[115.120198,34.084264],[115.11757,34.085216],[115.120159,34.086885],[115.118733,34.087638],[115.118186,34.09863],[115.126158,34.105186],[115.123453,34.1166],[115.119394,34.122058],[115.125953,34.131255],[115.12788,34.146765],[115.13343,34.154247],[115.134142,34.159095],[115.132582,34.172328],[115.121543,34.182895],[115.11869,34.189957],[115.125205,34.205645]]]}},{"type":"Feature","properties":{"dt_adcode":"411425"},"geometry":{"type":"Polygon","coordinates":[[[115.798248,34.577219],[115.802394,34.572495],[115.827434,34.558288],[115.838815,34.560564],[115.836638,34.566403],[115.838122,34.567789],[115.849702,34.565612],[115.858312,34.569966],[115.929966,34.579962],[115.969991,34.582608],[115.981916,34.586084],[115.986078,34.596581],[115.985311,34.604799],[115.986516,34.607319],[115.988708,34.607429],[115.989036,34.610935],[116.001029,34.615168],[116.001637,34.611702],[116.00645,34.612296],[116.006568,34.609839],[116.012156,34.610387],[116.015991,34.605566],[116.015991,34.603046],[116.018511,34.602279],[116.018155,34.600878],[116.024976,34.599211],[116.030614,34.602243],[116.045247,34.595156],[116.051492,34.594828],[116.059491,34.598772],[116.10595,34.596581],[116.105942,34.592118],[116.118222,34.587706],[116.124842,34.572328],[116.134539,34.559713],[116.140128,34.558461],[116.146869,34.553188],[116.156635,34.553739],[116.190126,34.570508],[116.197015,34.575957],[116.199038,34.57047],[116.195681,34.569433],[116.197052,34.56668],[116.196323,34.555659],[116.191993,34.544851],[116.190964,34.53615],[116.193113,34.536077],[116.192929,34.532297],[116.198543,34.521769],[116.203836,34.518747],[116.203934,34.508675],[116.189457,34.497051],[116.178613,34.496046],[116.178855,34.48355],[116.173513,34.47469],[116.167197,34.473339],[116.166094,34.47127],[116.167813,34.468365],[116.162049,34.459406],[116.174944,34.444694],[116.179211,34.430482],[116.18199,34.428659],[116.177608,34.423414],[116.160334,34.410707],[116.141887,34.404873],[116.130832,34.405039],[116.119399,34.415068],[116.113026,34.417095],[116.101132,34.416779],[116.08943,34.412176],[116.019806,34.412671],[116.015979,34.415356],[116.013651,34.410415],[116.001985,34.410231],[116.00055,34.412208],[115.997112,34.411738],[115.994735,34.405651],[115.996952,34.400038],[115.995229,34.40002],[115.994376,34.387741],[115.991564,34.382546],[115.9949,34.382504],[115.994508,34.379281],[115.992506,34.378757],[115.998701,34.378183],[115.997396,34.370324],[115.99544,34.369618],[115.997065,34.368052],[115.993795,34.368473],[115.996924,34.367561],[115.994516,34.360471],[115.99257,34.360115],[115.995359,34.359412],[115.993603,34.354405],[115.987815,34.354048],[115.987474,34.351715],[115.990122,34.351653],[115.988045,34.350987],[115.988096,34.348786],[115.983502,34.348343],[115.982137,34.345177],[115.980813,34.345223],[115.980442,34.342881],[115.983491,34.342469],[115.981826,34.340213],[115.984463,34.338951],[115.985947,34.32982],[115.982417,34.331391],[115.980351,34.331225],[115.98018,34.329624],[115.975788,34.330142],[115.974043,34.325935],[115.977853,34.324945],[115.976599,34.319889],[115.975336,34.319926],[115.976619,34.315127],[115.983478,34.313125],[115.984375,34.310886],[115.99077,34.310385],[115.990589,34.309314],[115.993809,34.308633],[115.993528,34.307452],[115.996918,34.307352],[115.997079,34.303931],[115.999767,34.303095],[115.999325,34.301116],[116.001362,34.300902],[116.001492,34.298712],[115.996958,34.300019],[115.995741,34.297186],[115.993396,34.296967],[115.993226,34.294055],[115.990507,34.292466],[115.988711,34.287088],[115.989653,34.282449],[115.977137,34.281924],[115.976886,34.279192],[115.972774,34.275479],[115.973957,34.27016],[115.972563,34.268296],[115.96329,34.266663],[115.965304,34.260004],[115.962437,34.254665],[115.963519,34.254268],[115.962727,34.252625],[115.965063,34.25127],[115.963438,34.248145],[115.964882,34.247278],[115.958764,34.240091],[115.96888,34.22566],[115.970814,34.217561],[115.956704,34.208136],[115.953424,34.201753],[115.950497,34.20039],[115.947552,34.201586],[115.94644,34.198812],[115.941172,34.201735],[115.940221,34.199823],[115.935275,34.201437],[115.932022,34.197951],[115.927469,34.200308],[115.925708,34.197665],[115.923257,34.198383],[115.919185,34.19486],[115.918294,34.190177],[115.904743,34.190128],[115.896258,34.186232],[115.889886,34.17235],[115.885977,34.169026],[115.879553,34.136601],[115.887619,34.136287],[115.904753,34.129583],[115.912607,34.122926],[115.917314,34.112311],[115.918175,34.104321],[115.933778,34.09889],[115.939414,34.094708],[115.941821,34.090089],[115.94082,34.085379],[115.932379,34.077431],[115.932164,34.070326],[115.93955,34.065321],[115.950668,34.066069],[115.951079,34.057444],[115.944683,34.057128],[115.936494,34.051084],[115.935531,34.044432],[115.941748,34.04296],[115.940191,34.038788],[115.934589,34.035758],[115.933788,34.033167],[115.93633,34.029839],[115.940485,34.029855],[115.939243,34.026573],[115.93708,34.02658],[115.936449,34.024768],[115.937239,34.023193],[115.940945,34.024315],[115.940674,34.018043],[115.93724,34.016247],[115.935838,34.017006],[115.934567,34.015224],[115.934157,34.020724],[115.932495,34.020993],[115.932175,34.019422],[115.927982,34.019948],[115.926861,34.018436],[115.92472,34.020045],[115.92485,34.017274],[115.930443,34.012418],[115.927911,34.012756],[115.927166,34.007817],[115.925505,34.007207],[115.918058,34.007872],[115.917578,34.003679],[115.914187,34.00235],[115.913591,34.000196],[115.904473,34.002441],[115.902412,34.006611],[115.903465,34.011468],[115.892514,34.014446],[115.893889,34.020494],[115.898425,34.019395],[115.900304,34.020357],[115.898288,34.026451],[115.889674,34.026588],[115.884404,34.028421],[115.880785,34.028284],[115.876873,34.023347],[115.877069,34.003158],[115.849979,34.004729],[115.845478,34.012039],[115.845237,34.03085],[115.823345,34.045376],[115.815553,34.052888],[115.813281,34.058297],[115.80912,34.062453],[115.793436,34.063667],[115.782697,34.070397],[115.782153,34.07156],[115.784801,34.073107],[115.780809,34.080934],[115.773269,34.088912],[115.770932,34.087212],[115.771112,34.092384],[115.768396,34.095936],[115.768745,34.103198],[115.762761,34.105751],[115.769595,34.106088],[115.769856,34.111069],[115.765011,34.120704],[115.767529,34.121953],[115.768338,34.125834],[115.770676,34.126173],[115.770736,34.131024],[115.768029,34.131406],[115.76731,34.135637],[115.765402,34.135568],[115.765911,34.132187],[115.757946,34.130919],[115.757707,34.134539],[115.743944,34.139661],[115.743119,34.142009],[115.745331,34.147371],[115.740592,34.163251],[115.739182,34.177428],[115.729186,34.177349],[115.727656,34.181329],[115.724733,34.181836],[115.724954,34.189759],[115.723793,34.191849],[115.721761,34.191856],[115.722942,34.193128],[115.721721,34.195307],[115.719078,34.197274],[115.715624,34.1972],[115.716906,34.201683],[115.715875,34.203733],[115.711881,34.204176],[115.711639,34.206857],[115.709627,34.205074],[115.710802,34.207583],[115.707994,34.206782],[115.709026,34.209105],[115.698021,34.211888],[115.695825,34.217055],[115.693591,34.216111],[115.693811,34.219903],[115.689944,34.220276],[115.690065,34.223557],[115.691909,34.223441],[115.693341,34.228826],[115.694654,34.228757],[115.694774,34.233139],[115.697339,34.232874],[115.697901,34.235746],[115.699463,34.235828],[115.694144,34.240791],[115.69717,34.240626],[115.700376,34.246404],[115.699084,34.246612],[115.699254,34.250884],[115.696899,34.251491],[115.697311,34.253352],[115.693815,34.253836],[115.694216,34.258599],[115.696621,34.261424],[115.69646,34.259592],[115.701389,34.259631],[115.702491,34.264653],[115.699737,34.264669],[115.698765,34.26776],[115.702702,34.267316],[115.703173,34.270478],[115.705326,34.269072],[115.705848,34.276006],[115.702433,34.27598],[115.702963,34.278882],[115.703554,34.277162],[115.705214,34.278251],[115.706419,34.276367],[115.70724,34.2803],[115.70666,34.282349],[115.699117,34.284358],[115.703266,34.295939],[115.701665,34.296263],[115.702444,34.298139],[115.699009,34.299214],[115.700081,34.301947],[115.696695,34.304572],[115.696074,34.303171],[115.691325,34.303372],[115.691355,34.304763],[115.684753,34.308802],[115.685475,34.310425],[115.678822,34.312222],[115.678331,34.314872],[115.680145,34.317307],[115.681869,34.31662],[115.689016,34.332279],[115.706138,34.345926],[115.707201,34.351385],[115.710403,34.356593],[115.714475,34.357581],[115.734697,34.352365],[115.760384,34.336761],[115.766086,34.336852],[115.780584,34.32662],[115.792508,34.323051],[115.797731,34.324702],[115.800686,34.330695],[115.801605,34.344246],[115.799999,34.347688],[115.801915,34.352468],[115.803741,34.352595],[115.806127,34.360726],[115.804101,34.360639],[115.803244,34.367664],[115.801158,34.367868],[115.799972,34.372271],[115.799103,34.370672],[115.797564,34.377961],[115.789898,34.393277],[115.792187,34.40845],[115.790143,34.416925],[115.772799,34.432354],[115.76758,34.434329],[115.766971,34.435677],[115.769908,34.43715],[115.769329,34.438531],[115.767261,34.438412],[115.766242,34.444086],[115.762615,34.445077],[115.763245,34.45005],[115.765524,34.451891],[115.765544,34.453952],[115.767582,34.454091],[115.767952,34.456393],[115.767882,34.461516],[115.763746,34.462158],[115.767922,34.462156],[115.767972,34.464087],[115.763436,34.464179],[115.767863,34.465058],[115.767863,34.466249],[115.763067,34.466371],[115.762847,34.468893],[115.760879,34.468963],[115.760159,34.471755],[115.763288,34.475317],[115.762628,34.477698],[115.747563,34.475556],[115.745993,34.472424],[115.742782,34.471192],[115.742732,34.46895],[115.738811,34.467507],[115.73851,34.464755],[115.730076,34.466749],[115.730997,34.471483],[115.734449,34.473137],[115.734459,34.47647],[115.723942,34.480392],[115.722831,34.483333],[115.723191,34.486506],[115.724703,34.487048],[115.723733,34.493991],[115.724784,34.494403],[115.723193,34.495972],[115.727207,34.498599],[115.730734,34.498141],[115.730669,34.499372],[115.727577,34.501201],[115.727898,34.503082],[115.723814,34.503618],[115.721192,34.511081],[115.728791,34.528824],[115.735123,34.531881],[115.741228,34.531946],[115.739135,34.522736],[115.741426,34.517252],[115.748632,34.517789],[115.754135,34.520828],[115.757415,34.523845],[115.758743,34.528223],[115.751967,34.536649],[115.751586,34.543994],[115.752923,34.54791],[115.758659,34.553939],[115.772415,34.563445],[115.782963,34.560435],[115.799421,34.573082],[115.798248,34.577219]]]}},{"type":"Feature","properties":{"dt_adcode":"411426"},"geometry":{"type":"Polygon","coordinates":[[[115.936494,34.051084],[115.944683,34.057128],[115.951079,34.057444],[115.950668,34.066069],[115.93955,34.065321],[115.932164,34.070326],[115.932379,34.077431],[115.94082,34.085379],[115.941821,34.090089],[115.939414,34.094708],[115.933778,34.09889],[115.918175,34.104321],[115.917314,34.112311],[115.912607,34.122926],[115.904753,34.129583],[115.887619,34.136287],[115.879553,34.136601],[115.885977,34.169026],[115.889886,34.17235],[115.896258,34.186232],[115.904743,34.190128],[115.918294,34.190177],[115.919185,34.19486],[115.923257,34.198383],[115.925708,34.197665],[115.927469,34.200308],[115.932022,34.197951],[115.935275,34.201437],[115.940221,34.199823],[115.941172,34.201735],[115.94644,34.198812],[115.947552,34.201586],[115.950497,34.20039],[115.953424,34.201753],[115.956704,34.208136],[115.970814,34.217561],[115.96888,34.22566],[115.958764,34.240091],[115.964882,34.247278],[115.963438,34.248145],[115.965063,34.25127],[115.962727,34.252625],[115.963519,34.254268],[115.962437,34.254665],[115.965304,34.260004],[115.96329,34.266663],[115.972563,34.268296],[115.973957,34.27016],[115.972774,34.275479],[115.976886,34.279192],[115.977137,34.281924],[115.989653,34.282449],[115.988711,34.287088],[115.990507,34.292466],[115.993226,34.294055],[115.993396,34.296967],[115.995741,34.297186],[115.996958,34.300019],[116.001492,34.298712],[116.001362,34.300902],[115.999325,34.301116],[115.999767,34.303095],[115.997079,34.303931],[115.996918,34.307352],[115.993528,34.307452],[115.993809,34.308633],[115.990589,34.309314],[115.99077,34.310385],[115.984375,34.310886],[115.983478,34.313125],[115.976619,34.315127],[115.975336,34.319926],[115.976599,34.319889],[115.977853,34.324945],[115.974043,34.325935],[115.975788,34.330142],[115.98018,34.329624],[115.980351,34.331225],[115.982417,34.331391],[115.985947,34.32982],[115.984463,34.338951],[115.981826,34.340213],[115.983491,34.342469],[115.980442,34.342881],[115.980813,34.345223],[115.982137,34.345177],[115.983502,34.348343],[115.988096,34.348786],[115.988045,34.350987],[115.990122,34.351653],[115.987474,34.351715],[115.987815,34.354048],[115.993603,34.354405],[115.995359,34.359412],[115.99257,34.360115],[115.994516,34.360471],[115.996924,34.367561],[115.993795,34.368473],[115.997065,34.368052],[115.99544,34.369618],[115.997396,34.370324],[115.998701,34.378183],[115.992506,34.378757],[115.994508,34.379281],[115.9949,34.382504],[115.991564,34.382546],[115.994376,34.387741],[115.995229,34.40002],[115.996952,34.400038],[115.994735,34.405651],[115.998006,34.412179],[116.00055,34.412208],[116.001985,34.410231],[116.013651,34.410415],[116.015979,34.415356],[116.019806,34.412671],[116.08943,34.412176],[116.101132,34.416779],[116.113026,34.417095],[116.119399,34.415068],[116.130832,34.405039],[116.141887,34.404873],[116.163079,34.412326],[116.177608,34.423414],[116.18199,34.428659],[116.191132,34.424799],[116.198916,34.418408],[116.205299,34.415683],[116.215891,34.403342],[116.21706,34.395545],[116.209939,34.390227],[116.209956,34.387248],[116.213593,34.382216],[116.224953,34.377453],[116.236022,34.374985],[116.255635,34.376474],[116.265886,34.374699],[116.270841,34.370729],[116.276777,34.360431],[116.289253,34.359701],[116.292641,34.351007],[116.304429,34.339811],[116.307136,34.335279],[116.30941,34.334487],[116.312591,34.337247],[116.317413,34.336033],[116.329651,34.329698],[116.357674,34.319805],[116.357384,34.31409],[116.365017,34.312385],[116.364646,34.310681],[116.369979,34.305647],[116.373378,34.293963],[116.363264,34.27623],[116.364525,34.269498],[116.372223,34.266126],[116.375945,34.27129],[116.380476,34.27317],[116.393928,34.276126],[116.394458,34.274244],[116.399929,34.275007],[116.399595,34.271915],[116.400689,34.271916],[116.401165,34.275673],[116.406111,34.276531],[116.406919,34.273819],[116.409153,34.273772],[116.409439,34.276198],[116.410104,34.27596],[116.410579,34.272392],[116.412576,34.272392],[116.412386,34.273867],[116.413241,34.269633],[116.415949,34.270013],[116.416234,34.268253],[116.417328,34.270012],[116.417755,34.268395],[116.419894,34.270154],[116.419988,34.268584],[116.427067,34.272004],[116.427304,34.270196],[116.431625,34.271572],[116.43324,34.270143],[116.430724,34.278041],[116.433098,34.280655],[116.434237,34.279702],[116.436042,34.280841],[116.436564,34.283837],[116.438368,34.282694],[116.438495,34.285713],[116.447118,34.288243],[116.450707,34.288265],[116.452774,34.286535],[116.448599,34.280362],[116.455474,34.273918],[116.458694,34.254876],[116.463905,34.246369],[116.465791,34.236046],[116.460465,34.218647],[116.464524,34.201208],[116.469456,34.19603],[116.469801,34.191819],[116.466377,34.188124],[116.451614,34.184539],[116.450556,34.17988],[116.445027,34.18015],[116.445168,34.18241],[116.437522,34.184272],[116.435346,34.180177],[116.443484,34.175652],[116.444574,34.167406],[116.423425,34.169341],[116.419583,34.165023],[116.408455,34.164152],[116.402427,34.159225],[116.39655,34.157264],[116.390336,34.148856],[116.383492,34.143794],[116.357534,34.145612],[116.348461,34.15162],[116.331994,34.153013],[116.322329,34.143218],[116.320615,34.133861],[116.318046,34.131689],[116.313192,34.132561],[116.308354,34.137397],[116.303257,34.139513],[116.294332,34.139153],[116.291131,34.137199],[116.289129,34.131921],[116.282582,34.125046],[116.273733,34.123329],[116.254526,34.113441],[116.250963,34.106293],[116.246167,34.101738],[116.245656,34.093967],[116.24304,34.088198],[116.244249,34.081292],[116.238946,34.079895],[116.233131,34.083855],[116.229688,34.086311],[116.229079,34.09207],[116.212376,34.081385],[116.2006,34.087855],[116.196117,34.086039],[116.193855,34.077549],[116.196671,34.069083],[116.185324,34.070984],[116.183802,34.067708],[116.173878,34.063587],[116.167714,34.054097],[116.152089,34.055971],[116.150842,34.064127],[116.147295,34.066389],[116.140846,34.066516],[116.132683,34.062554],[116.126893,34.055341],[116.127981,34.044419],[116.121289,34.036298],[116.121416,34.031986],[116.118156,34.026913],[116.106394,34.019031],[116.098931,34.022193],[116.092296,34.027756],[116.086017,34.028016],[116.085326,34.024584],[116.082615,34.024752],[116.082424,34.022501],[116.079722,34.022159],[116.080012,34.019799],[116.081574,34.01967],[116.079932,34.013117],[116.081613,34.012898],[116.084264,34.0062],[116.080591,34.003195],[116.074034,34.002808],[116.073323,33.998856],[116.068967,33.997169],[116.06399,34.001551],[116.061536,34.000047],[116.05833,34.001351],[116.058441,34.003981],[116.054794,34.006235],[116.055204,34.007296],[116.048139,34.009251],[116.051457,34.010019],[116.04852,34.010802],[116.049463,34.012805],[116.051478,34.012249],[116.049653,34.013216],[116.052019,34.014301],[116.051077,34.016129],[116.054064,34.021687],[116.051549,34.024322],[116.05209,34.026544],[116.049665,34.027749],[116.048973,34.026237],[116.044984,34.028478],[116.040202,34.027816],[116.039861,34.025885],[116.038086,34.02617],[116.036311,34.023775],[116.033113,34.025826],[116.030584,34.022609],[116.026393,34.024277],[116.023915,34.0227],[116.02214,34.023295],[116.024478,34.029943],[116.021709,34.030516],[116.019352,34.029689],[116.018288,34.027305],[116.015681,34.027867],[116.018027,34.026284],[116.014927,34.019093],[116.011707,34.019393],[116.012009,34.020764],[116.009407,34.021348],[116.009099,34.022926],[116.007033,34.02309],[116.00628,34.021227],[116.001757,34.024744],[115.997322,34.023871],[115.997513,34.025422],[115.994233,34.025832],[115.994453,34.026833],[115.992136,34.027006],[115.991916,34.025505],[115.989037,34.025696],[115.989368,34.027528],[115.988786,34.026416],[115.984062,34.027143],[115.983931,34.022811],[115.980381,34.022712],[115.980301,34.019741],[115.979037,34.019627],[115.978926,34.016736],[115.982195,34.012054],[115.980249,34.011609],[115.981373,34.010621],[115.977671,34.00614],[115.979593,33.992078],[115.967578,34.002103],[115.957573,34.007734],[115.948763,34.006267],[115.927166,34.007817],[115.927911,34.012756],[115.930656,34.013103],[115.927191,34.014356],[115.92472,34.020045],[115.926861,34.018436],[115.927982,34.019948],[115.932175,34.019422],[115.932495,34.020993],[115.934157,34.020724],[115.934567,34.015224],[115.935838,34.017006],[115.93724,34.016247],[115.940674,34.018043],[115.940945,34.024315],[115.937239,34.023193],[115.936449,34.024768],[115.93708,34.02658],[115.939243,34.026573],[115.940485,34.029855],[115.93633,34.029839],[115.933788,34.033167],[115.934589,34.035758],[115.940191,34.038788],[115.941748,34.04296],[115.935531,34.044432],[115.936494,34.051084]]]}},{"type":"Feature","properties":{"dt_adcode":"411481"},"geometry":{"type":"Polygon","coordinates":[[[116.072319,33.783405],[116.071808,33.787504],[116.074726,33.791387],[116.07426,33.793333],[116.066246,33.796693],[116.066346,33.800475],[116.055447,33.804816],[116.05596,33.808997],[116.058926,33.809163],[116.062327,33.814502],[116.058988,33.816954],[116.058063,33.821393],[116.045424,33.822994],[116.045937,33.829041],[116.047949,33.830799],[116.052078,33.83021],[116.051841,33.826657],[116.061366,33.825079],[116.063475,33.826211],[116.06262,33.832228],[116.065487,33.846022],[116.064241,33.848014],[116.056411,33.851414],[116.059208,33.860965],[116.054912,33.860888],[116.054122,33.8644],[116.049316,33.865808],[116.048657,33.868834],[116.042702,33.875415],[116.034747,33.873749],[116.034549,33.88005],[116.030605,33.882296],[116.024119,33.884679],[116.013465,33.885728],[116.012939,33.895869],[116.010283,33.899658],[115.99915,33.901917],[115.985635,33.901211],[115.985977,33.907539],[115.988249,33.912621],[115.979998,33.913831],[115.981456,33.923394],[115.984196,33.923096],[115.984567,33.925344],[115.977179,33.927162],[115.977296,33.929429],[115.987225,33.930465],[115.988398,33.934901],[115.992541,33.934627],[115.993948,33.949032],[115.991407,33.949188],[115.991232,33.951279],[115.994417,33.951964],[115.996275,33.950138],[116.000325,33.963224],[115.998314,33.970548],[115.979593,33.992078],[115.977671,34.00614],[115.981373,34.010621],[115.980249,34.011609],[115.982195,34.012054],[115.978926,34.016736],[115.979037,34.019627],[115.980301,34.019741],[115.980381,34.022712],[115.983931,34.022811],[115.984062,34.027143],[115.988786,34.026416],[115.989368,34.027528],[115.989037,34.025696],[115.991916,34.025505],[115.992136,34.027006],[115.994453,34.026833],[115.994233,34.025832],[115.997513,34.025422],[115.997322,34.023871],[116.001757,34.024744],[116.00628,34.021227],[116.007033,34.02309],[116.009099,34.022926],[116.009407,34.021348],[116.012009,34.020764],[116.011707,34.019393],[116.014927,34.019093],[116.018027,34.026284],[116.015681,34.027867],[116.018288,34.027305],[116.019352,34.029689],[116.021709,34.030516],[116.024478,34.029943],[116.02214,34.023295],[116.023915,34.0227],[116.026393,34.024277],[116.030584,34.022609],[116.033113,34.025826],[116.036311,34.023775],[116.038086,34.02617],[116.039861,34.025885],[116.040202,34.027816],[116.044984,34.028478],[116.048973,34.026237],[116.049665,34.027749],[116.05209,34.026544],[116.051549,34.024322],[116.054064,34.021687],[116.051077,34.016129],[116.052019,34.014301],[116.049653,34.013216],[116.051478,34.012249],[116.049463,34.012805],[116.04852,34.010802],[116.051237,34.009388],[116.048139,34.009251],[116.057529,34.005601],[116.057699,34.00201],[116.059382,34.000752],[116.061536,34.000047],[116.06399,34.001551],[116.068967,33.997169],[116.071912,33.998033],[116.074034,34.002808],[116.080591,34.003195],[116.084264,34.0062],[116.081613,34.012898],[116.079932,34.013117],[116.081574,34.01967],[116.080012,34.019799],[116.079722,34.022159],[116.082424,34.022501],[116.082615,34.024752],[116.085326,34.024584],[116.086017,34.028016],[116.092296,34.027756],[116.098931,34.022193],[116.106394,34.019031],[116.118156,34.026913],[116.121416,34.031986],[116.121289,34.036298],[116.127981,34.044419],[116.126893,34.055341],[116.132683,34.062554],[116.140846,34.066516],[116.147295,34.066389],[116.150842,34.064127],[116.152089,34.055971],[116.167714,34.054097],[116.173878,34.063587],[116.183802,34.067708],[116.185324,34.070984],[116.196671,34.069083],[116.193855,34.077549],[116.196117,34.086039],[116.2006,34.087855],[116.212376,34.081385],[116.229079,34.09207],[116.229688,34.086311],[116.233131,34.083855],[116.238946,34.079895],[116.244249,34.081292],[116.24304,34.088198],[116.245656,34.093967],[116.246167,34.101738],[116.250963,34.106293],[116.254526,34.113441],[116.273733,34.123329],[116.282582,34.125046],[116.289129,34.131921],[116.291131,34.137199],[116.294332,34.139153],[116.303257,34.139513],[116.308354,34.137397],[116.313192,34.132561],[116.318046,34.131689],[116.320615,34.133861],[116.322329,34.143218],[116.331994,34.153013],[116.348461,34.15162],[116.357534,34.145612],[116.383492,34.143794],[116.390336,34.148856],[116.39655,34.157264],[116.402427,34.159225],[116.408455,34.164152],[116.419583,34.165023],[116.423425,34.169341],[116.444574,34.167406],[116.443484,34.175652],[116.435346,34.180177],[116.437522,34.184272],[116.445168,34.18241],[116.445027,34.18015],[116.450556,34.17988],[116.451614,34.184539],[116.466377,34.188124],[116.469801,34.191819],[116.469456,34.19603],[116.464524,34.201208],[116.460465,34.218647],[116.465791,34.236046],[116.463905,34.246369],[116.458694,34.254876],[116.45686,34.269117],[116.470416,34.273467],[116.490154,34.290933],[116.50306,34.296453],[116.516278,34.296003],[116.566484,34.284362],[116.582428,34.275239],[116.582324,34.266489],[116.56838,34.251784],[116.560497,34.24851],[116.553967,34.241919],[116.545829,34.241891],[116.5436,34.239544],[116.545501,34.235913],[116.544476,34.231789],[116.547125,34.228186],[116.542771,34.220324],[116.54337,34.211062],[116.547627,34.207019],[116.543142,34.203791],[116.547171,34.199402],[116.54627,34.194706],[116.551491,34.188472],[116.554348,34.186449],[116.559944,34.186146],[116.560808,34.178144],[116.565632,34.173692],[116.565514,34.169549],[116.55793,34.164645],[116.545876,34.161046],[116.53831,34.1543],[116.535462,34.147552],[116.534653,34.126579],[116.528013,34.122837],[116.53226,34.121066],[116.534736,34.113645],[116.541472,34.109932],[116.53963,34.103484],[116.552191,34.10099],[116.557976,34.097789],[116.560491,34.089674],[116.566896,34.083782],[116.567712,34.075952],[116.570583,34.071005],[116.573136,34.072151],[116.57624,34.068368],[116.580444,34.067431],[116.580301,34.065541],[116.577554,34.065568],[116.57689,34.064047],[116.581126,34.058337],[116.5818,34.054006],[116.586307,34.050511],[116.587425,34.045736],[116.596096,34.039524],[116.604057,34.023183],[116.602813,34.01472],[116.599934,34.014517],[116.60237,34.013459],[116.599713,34.013705],[116.601287,34.010112],[116.6036,34.009448],[116.603157,34.007922],[116.607406,34.007138],[116.606171,34.001182],[116.622581,33.989732],[116.62209,33.984654],[116.629939,33.984047],[116.629723,33.981987],[116.633848,33.980793],[116.633509,33.977072],[116.641246,33.97786],[116.644924,33.973837],[116.648034,33.973348],[116.649344,33.970803],[116.651641,33.964858],[116.651144,33.960476],[116.639991,33.948888],[116.645774,33.929899],[116.638501,33.917193],[116.638596,33.910308],[116.643196,33.896817],[116.641081,33.890138],[116.635046,33.888232],[116.627316,33.888601],[116.611805,33.894636],[116.597079,33.904122],[116.58658,33.907234],[116.58161,33.908334],[116.564039,33.907487],[116.558356,33.901697],[116.555102,33.888298],[116.557418,33.888151],[116.558452,33.886185],[116.558391,33.88148],[116.546656,33.882535],[116.545628,33.876682],[116.539303,33.874203],[116.536872,33.877734],[116.536894,33.882274],[116.532518,33.883493],[116.531846,33.881922],[116.529522,33.882417],[116.529252,33.879978],[116.523515,33.879667],[116.521287,33.86846],[116.516856,33.869434],[116.515719,33.866511],[116.508688,33.869712],[116.506229,33.866394],[116.503183,33.867042],[116.501926,33.864696],[116.484888,33.869772],[116.481899,33.866079],[116.473959,33.861315],[116.465264,33.861814],[116.46394,33.860053],[116.460174,33.859926],[116.458697,33.851804],[116.453529,33.849522],[116.453011,33.846953],[116.437348,33.846546],[116.437621,33.838411],[116.433903,33.826304],[116.433003,33.81486],[116.436968,33.803084],[116.43261,33.795329],[116.425813,33.797613],[116.422632,33.795731],[116.414951,33.803412],[116.408251,33.805526],[116.405679,33.799444],[116.404099,33.799999],[116.393699,33.783082],[116.383314,33.782246],[116.379151,33.778785],[116.372497,33.780265],[116.36999,33.777591],[116.364985,33.778656],[116.361041,33.776288],[116.348714,33.77873],[116.338974,33.777287],[116.330682,33.77385],[116.328729,33.766365],[116.322433,33.767367],[116.316833,33.77129],[116.308149,33.757557],[116.281121,33.748454],[116.271929,33.740063],[116.270088,33.735217],[116.263584,33.730078],[116.246045,33.7287],[116.241613,33.73048],[116.241709,33.733044],[116.230196,33.734872],[116.226656,33.722473],[116.204937,33.726819],[116.197298,33.725351],[116.186607,33.719259],[116.185409,33.716483],[116.174049,33.709002],[116.161182,33.70816],[116.155399,33.709924],[116.146692,33.723358],[116.139655,33.729775],[116.142773,33.738454],[116.138829,33.741461],[116.133781,33.750675],[116.109301,33.758194],[116.103935,33.763573],[116.098891,33.774869],[116.102058,33.778897],[116.100396,33.782748],[116.084958,33.782856],[116.077864,33.780486],[116.072319,33.783405]]]}},{"type":"Feature","properties":{"dt_adcode":"411502"},"geometry":{"type":"Polygon","coordinates":[[[114.114656,31.806834],[114.099188,31.803386],[114.089859,31.794849],[114.08664,31.782208],[114.072281,31.78489],[114.065494,31.783445],[114.063738,31.781927],[114.061669,31.773872],[114.059113,31.772274],[114.044652,31.773238],[114.036422,31.768674],[114.029156,31.770965],[114.015805,31.770288],[113.991414,31.751721],[113.985818,31.750509],[113.97535,31.757216],[113.972479,31.763108],[113.972315,31.771637],[113.968166,31.777943],[113.967687,31.784001],[113.957304,31.78848],[113.952592,31.793851],[113.952994,31.813502],[113.946605,31.823295],[113.951552,31.834701],[113.95643,31.840253],[113.957709,31.852451],[113.95491,31.856351],[113.933524,31.869389],[113.932648,31.871102],[113.935115,31.876286],[113.934715,31.879472],[113.926978,31.880821],[113.914946,31.876986],[113.906574,31.868536],[113.896383,31.849369],[113.892083,31.846739],[113.885159,31.846267],[113.875567,31.840618],[113.87296,31.840645],[113.86599,31.845177],[113.858383,31.841258],[113.838671,31.854687],[113.837165,31.85999],[113.838041,31.869494],[113.832199,31.874447],[113.831238,31.878993],[113.835334,31.892834],[113.833984,31.897879],[113.835854,31.910947],[113.833587,31.916612],[113.831043,31.919327],[113.816337,31.92324],[113.812407,31.927232],[113.807949,31.927756],[113.805127,31.931508],[113.807319,31.9489],[113.812211,31.95792],[113.815588,31.961063],[113.816861,31.966083],[113.798519,31.9741],[113.78819,31.973995],[113.777246,31.980503],[113.770121,31.978575],[113.762162,31.986111],[113.759447,31.986469],[113.757617,31.990036],[113.757418,31.993981],[113.760489,32.003607],[113.769891,32.017034],[113.779278,32.018919],[113.783222,32.026568],[113.790976,32.033693],[113.790024,32.039354],[113.787798,32.043662],[113.781352,32.048769],[113.763755,32.054757],[113.747421,32.069784],[113.744878,32.076795],[113.728503,32.083189],[113.727652,32.08571],[113.728353,32.099399],[113.722748,32.125479],[113.736948,32.121587],[113.739899,32.11306],[113.750341,32.116332],[113.765158,32.134308],[113.766191,32.138374],[113.76373,32.16169],[113.78347,32.186387],[113.781487,32.196993],[113.778783,32.199625],[113.777909,32.207956],[113.766994,32.203738],[113.764688,32.204216],[113.752658,32.216175],[113.748356,32.234789],[113.740467,32.242836],[113.738714,32.255829],[113.739348,32.257584],[113.750988,32.261334],[113.750589,32.269984],[113.7435,32.281382],[113.748518,32.291909],[113.773775,32.303742],[113.772657,32.308447],[113.768279,32.310602],[113.766273,32.317666],[113.7879,32.320556],[113.812369,32.319469],[113.825297,32.312088],[113.828441,32.313484],[113.827744,32.324697],[113.842418,32.329224],[113.857792,32.330949],[113.860588,32.334449],[113.863733,32.335495],[113.866878,32.324978],[113.871772,32.320767],[113.884791,32.321149],[113.889094,32.316413],[113.900499,32.315176],[113.903009,32.312854],[113.912868,32.312578],[113.915329,32.310731],[113.916902,32.307244],[113.915055,32.303209],[113.905144,32.29459],[113.902922,32.285461],[113.903947,32.281357],[113.906748,32.277938],[113.911122,32.276023],[113.921172,32.276027],[113.929108,32.279179],[113.943959,32.275711],[113.952039,32.261296],[113.947279,32.257218],[113.947963,32.253663],[113.954059,32.250871],[113.953785,32.247314],[113.957586,32.242296],[113.962245,32.24299],[113.974351,32.251766],[113.983039,32.250171],[113.9869,32.245892],[113.992606,32.246916],[113.998684,32.242491],[114.008018,32.240434],[114.024997,32.250383],[114.031163,32.251822],[114.035332,32.256386],[114.036865,32.268546],[114.035795,32.273503],[114.040085,32.277075],[114.040912,32.28412],[114.063743,32.297761],[114.069977,32.298057],[114.070554,32.296582],[114.077516,32.29855],[114.079448,32.295446],[114.080206,32.285453],[114.090054,32.280301],[114.083797,32.271272],[114.084868,32.265927],[114.070302,32.268376],[114.068842,32.264188],[114.074523,32.261882],[114.077678,32.257681],[114.078026,32.229653],[114.085736,32.218449],[114.087138,32.211794],[114.081879,32.199877],[114.085383,32.186217],[114.081176,32.180608],[114.077319,32.167291],[114.072409,32.164131],[114.069076,32.151689],[114.069075,32.141179],[114.071881,32.136279],[114.079594,32.131734],[114.093229,32.1202],[114.110759,32.111015],[114.115142,32.099297],[114.117703,32.097344],[114.120021,32.091868],[114.118009,32.089672],[114.11595,32.080787],[114.119394,32.079291],[114.115842,32.068864],[114.117241,32.06536],[114.121439,32.061504],[114.127385,32.056946],[114.135777,32.053433],[114.167929,32.057586],[114.179109,32.054062],[114.198325,32.044919],[114.202518,32.040708],[114.204264,32.030896],[114.208787,32.02448],[114.209816,32.015158],[114.20385,32.010201],[114.200066,32.004407],[114.194915,32.003436],[114.184744,31.992686],[114.171086,31.99023],[114.170341,31.986016],[114.172721,31.982416],[114.168904,31.978748],[114.174278,31.966892],[114.170824,31.958762],[114.16936,31.946756],[114.176819,31.933916],[114.190641,31.922176],[114.192233,31.912714],[114.196898,31.908915],[114.205764,31.907724],[114.212637,31.891392],[114.211788,31.883664],[114.204453,31.872238],[114.202729,31.863531],[114.196955,31.858672],[114.184888,31.853066],[114.170581,31.853173],[114.166997,31.851027],[114.162774,31.841084],[114.156972,31.839275],[114.150064,31.839221],[114.138054,31.84374],[114.134078,31.842788],[114.127156,31.835384],[114.127916,31.826344],[114.122536,31.818607],[114.120385,31.807031],[114.119232,31.805756],[114.114656,31.806834]],[[113.757748,32.282104],[113.759968,32.268541],[113.765351,32.268503],[113.765552,32.270665],[113.761946,32.275008],[113.768302,32.274925],[113.769966,32.276001],[113.770366,32.279787],[113.769291,32.282978],[113.762086,32.289735],[113.758504,32.29193],[113.755199,32.29193],[113.754036,32.288263],[113.757748,32.282104]]]}},{"type":"Feature","properties":{"dt_adcode":"411503"},"geometry":{"type":"Polygon","coordinates":[[[114.208787,32.02448],[114.204264,32.030896],[114.202518,32.040708],[114.198325,32.044919],[114.179109,32.054062],[114.167929,32.057586],[114.135777,32.053433],[114.127385,32.056946],[114.121439,32.061504],[114.117241,32.06536],[114.115842,32.068864],[114.119394,32.079291],[114.11595,32.080787],[114.118009,32.089672],[114.120021,32.091868],[114.117703,32.097344],[114.115142,32.099297],[114.110759,32.111015],[114.093229,32.1202],[114.079594,32.131734],[114.071881,32.136279],[114.069075,32.141179],[114.069076,32.151689],[114.072409,32.164131],[114.077319,32.167291],[114.081176,32.180608],[114.085383,32.186217],[114.081879,32.199877],[114.087138,32.211794],[114.085736,32.218449],[114.078026,32.229653],[114.077678,32.257681],[114.074523,32.261882],[114.068842,32.264188],[114.070302,32.268376],[114.084868,32.265927],[114.083797,32.271272],[114.090054,32.280301],[114.080206,32.285453],[114.079448,32.295446],[114.077516,32.29855],[114.070554,32.296582],[114.069977,32.298057],[114.063743,32.297761],[114.040912,32.28412],[114.040085,32.277075],[114.036029,32.274591],[114.036865,32.268546],[114.034586,32.25507],[114.031163,32.251822],[114.024997,32.250383],[114.008018,32.240434],[113.998684,32.242491],[113.992606,32.246916],[113.9869,32.245892],[113.983039,32.250171],[113.974351,32.251766],[113.962245,32.24299],[113.957586,32.242296],[113.953785,32.247314],[113.954059,32.250871],[113.947963,32.253663],[113.947279,32.257218],[113.952039,32.261296],[113.943959,32.275711],[113.929108,32.279179],[113.921172,32.276027],[113.911122,32.276023],[113.906748,32.277938],[113.903947,32.281357],[113.902922,32.285461],[113.905144,32.29459],[113.915055,32.303209],[113.916902,32.307244],[113.915329,32.310731],[113.912868,32.312578],[113.903009,32.312854],[113.900499,32.315176],[113.889094,32.316413],[113.884791,32.321149],[113.871772,32.320767],[113.866878,32.324978],[113.863733,32.335495],[113.860588,32.334449],[113.857792,32.330949],[113.842418,32.329224],[113.827744,32.324697],[113.828441,32.313484],[113.825297,32.312088],[113.812369,32.319469],[113.7879,32.320556],[113.766273,32.317666],[113.753866,32.328224],[113.75267,32.336913],[113.758492,32.352221],[113.770677,32.358615],[113.771986,32.362282],[113.771111,32.365612],[113.768848,32.36948],[113.761122,32.36996],[113.757374,32.360911],[113.754225,32.359715],[113.751474,32.360791],[113.743864,32.36946],[113.743231,32.374204],[113.74909,32.376698],[113.750765,32.378929],[113.753194,32.384353],[113.752796,32.388657],[113.746184,32.392922],[113.740759,32.393138],[113.737729,32.396047],[113.735256,32.410855],[113.729238,32.412326],[113.710246,32.421957],[113.719423,32.427871],[113.725332,32.436033],[113.730884,32.449302],[113.730076,32.458723],[113.731275,32.461454],[113.735261,32.461019],[113.738213,32.453405],[113.741287,32.465369],[113.746946,32.46884],[113.748307,32.466755],[113.75341,32.465443],[113.761808,32.470656],[113.764393,32.480364],[113.764238,32.489973],[113.760059,32.504427],[113.759496,32.512042],[113.765673,32.531539],[113.774274,32.537357],[113.765596,32.543979],[113.763203,32.547888],[113.764323,32.553471],[113.769101,32.55929],[113.77698,32.561239],[113.781999,32.566178],[113.78972,32.586348],[113.799819,32.590999],[113.801569,32.594746],[113.80531,32.59769],[113.814453,32.600866],[113.819759,32.600946],[113.819682,32.617517],[113.821907,32.620463],[113.826677,32.622408],[113.836379,32.620835],[113.844489,32.622235],[113.850409,32.61736],[113.85343,32.617393],[113.859715,32.619337],[113.865118,32.623796],[113.86898,32.624248],[113.872677,32.622767],[113.889301,32.605504],[113.893322,32.604902],[113.913954,32.60799],[113.918935,32.606397],[113.922397,32.593958],[113.9283,32.583494],[113.93285,32.578196],[113.941068,32.575496],[113.938112,32.554714],[113.946209,32.542426],[113.948242,32.530627],[113.953831,32.526591],[113.954352,32.514292],[113.962221,32.505416],[113.965413,32.50383],[113.992109,32.504799],[113.998063,32.506531],[114.000779,32.509389],[114.007377,32.507775],[114.016413,32.516793],[114.034437,32.518919],[114.039266,32.522281],[114.050731,32.521371],[114.053888,32.523252],[114.054454,32.534058],[114.05627,32.539017],[114.062757,32.541192],[114.066824,32.536335],[114.066667,32.527025],[114.072966,32.517225],[114.07101,32.508151],[114.07636,32.493526],[114.083421,32.489805],[114.087483,32.484625],[114.087361,32.481237],[114.079269,32.480072],[114.078313,32.477222],[114.080742,32.454836],[114.085483,32.450775],[114.095414,32.451936],[114.103543,32.448091],[114.109353,32.447373],[114.122496,32.45251],[114.136739,32.462004],[114.157392,32.458302],[114.163041,32.45911],[114.164964,32.461899],[114.163337,32.471491],[114.166515,32.478383],[114.166195,32.484563],[114.167667,32.486994],[114.180987,32.49169],[114.193892,32.492059],[114.197423,32.486351],[114.198729,32.467428],[114.203862,32.465865],[114.209109,32.468729],[114.211178,32.462347],[114.210061,32.4584],[114.200995,32.452493],[114.202025,32.447669],[114.204492,32.445232],[114.214831,32.44394],[114.221197,32.445966],[114.225529,32.453516],[114.243487,32.458586],[114.246071,32.456751],[114.249218,32.450162],[114.247605,32.447749],[114.250276,32.440981],[114.247526,32.436568],[114.247898,32.43222],[114.252764,32.431881],[114.252399,32.42627],[114.259711,32.421415],[114.260067,32.418566],[114.263373,32.415467],[114.262383,32.410024],[114.268996,32.40923],[114.276289,32.412772],[114.278243,32.415884],[114.277991,32.418883],[114.284377,32.418774],[114.285287,32.419928],[114.288457,32.418915],[114.280099,32.405082],[114.280839,32.396378],[114.284129,32.393788],[114.286035,32.386314],[114.287188,32.377778],[114.286126,32.371871],[114.290443,32.365347],[114.293907,32.364936],[114.307882,32.369132],[114.31221,32.372776],[114.315115,32.373255],[114.322832,32.369604],[114.339615,32.366945],[114.343436,32.364342],[114.348425,32.347563],[114.348197,32.32485],[114.356917,32.318366],[114.366821,32.315201],[114.37065,32.305576],[114.369141,32.302526],[114.369807,32.298728],[114.373312,32.293763],[114.376622,32.292014],[114.371008,32.274326],[114.372519,32.26547],[114.371171,32.257576],[114.369572,32.255024],[114.364792,32.255082],[114.364435,32.251781],[114.359915,32.250172],[114.352517,32.243934],[114.345709,32.243071],[114.339456,32.230789],[114.328483,32.220964],[114.316764,32.218825],[114.314506,32.222292],[114.31033,32.222714],[114.305984,32.222167],[114.30452,32.219671],[114.297094,32.219494],[114.2936,32.221169],[114.288386,32.220513],[114.285004,32.223588],[114.283433,32.219807],[114.281702,32.224884],[114.280242,32.224983],[114.279049,32.208734],[114.28167,32.203208],[114.279199,32.202416],[114.278669,32.198475],[114.275638,32.201703],[114.276877,32.198164],[114.274878,32.197913],[114.274397,32.195503],[114.276159,32.19314],[114.277372,32.194091],[114.278578,32.191509],[114.278413,32.181313],[114.275538,32.175999],[114.276484,32.172995],[114.286428,32.170781],[114.291361,32.163713],[114.300328,32.161273],[114.303926,32.155674],[114.319363,32.153094],[114.320702,32.150773],[114.32709,32.147228],[114.327909,32.14118],[114.32541,32.137823],[114.313862,32.136473],[114.299819,32.130527],[114.298171,32.128577],[114.299152,32.121976],[114.296988,32.119556],[114.29313,32.119418],[114.292209,32.115691],[114.286909,32.113528],[114.284424,32.100783],[114.286516,32.09049],[114.281548,32.084668],[114.284361,32.082466],[114.283805,32.079133],[114.281251,32.078117],[114.277952,32.080466],[114.27282,32.07713],[114.263536,32.075708],[114.256967,32.066001],[114.25165,32.065184],[114.25001,32.06043],[114.242995,32.058961],[114.242699,32.05009],[114.240445,32.046236],[114.228666,32.043042],[114.225798,32.038224],[114.218781,32.035227],[114.216953,32.032778],[114.211411,32.031935],[114.208787,32.02448]]]}},{"type":"Feature","properties":{"dt_adcode":"411521"},"geometry":{"type":"Polygon","coordinates":[[[114.376622,32.292014],[114.401554,32.292432],[114.417169,32.279435],[114.420118,32.278718],[114.429307,32.289333],[114.433927,32.290324],[114.438345,32.288485],[114.446139,32.281139],[114.450157,32.280355],[114.47003,32.294623],[114.47317,32.294215],[114.483609,32.285199],[114.487622,32.283992],[114.490839,32.286651],[114.490806,32.298153],[114.495008,32.30125],[114.498311,32.301518],[114.524954,32.297671],[114.535081,32.286084],[114.542349,32.284989],[114.550706,32.28902],[114.557739,32.29536],[114.563636,32.306381],[114.575316,32.309025],[114.605254,32.305245],[114.609074,32.304299],[114.612112,32.297664],[114.614734,32.296883],[114.63318,32.312831],[114.636327,32.313293],[114.659046,32.30014],[114.67601,32.309961],[114.680299,32.309544],[114.685317,32.304356],[114.680853,32.286994],[114.681679,32.284118],[114.683837,32.283141],[114.695267,32.282787],[114.709713,32.290591],[114.708729,32.274427],[114.695692,32.26594],[114.694708,32.263096],[114.705258,32.253113],[114.699551,32.239279],[114.71236,32.232503],[114.714776,32.224417],[114.712716,32.221964],[114.703124,32.217896],[114.696799,32.205973],[114.683437,32.197404],[114.683011,32.193382],[114.685959,32.183454],[114.681765,32.172025],[114.665845,32.167043],[114.659687,32.162523],[114.657589,32.150509],[114.651796,32.144029],[114.650683,32.140137],[114.65877,32.12615],[114.659422,32.122001],[114.657752,32.120233],[114.646386,32.119282],[114.627894,32.095894],[114.626687,32.092789],[114.627373,32.086579],[114.615242,32.070663],[114.610629,32.054059],[114.60141,32.045676],[114.60298,32.034811],[114.599517,32.025694],[114.593565,32.020549],[114.572939,32.015128],[114.568398,31.993354],[114.561555,31.98902],[114.551511,31.986916],[114.547564,31.98423],[114.541896,31.97663],[114.545477,31.963207],[114.554669,31.95701],[114.557378,31.949538],[114.569087,31.94808],[114.575187,31.94572],[114.577041,31.942565],[114.571825,31.940545],[114.57127,31.937769],[114.574233,31.936196],[114.582788,31.936447],[114.587712,31.929664],[114.597678,31.910428],[114.596072,31.901867],[114.597607,31.900232],[114.59536,31.896918],[114.598717,31.890347],[114.590354,31.887851],[114.583504,31.882627],[114.580044,31.869545],[114.575926,31.863765],[114.575146,31.857084],[114.571064,31.849899],[114.573221,31.84305],[114.580041,31.838239],[114.582061,31.834626],[114.580786,31.829987],[114.569494,31.827191],[114.566722,31.822849],[114.567751,31.792896],[114.562414,31.787856],[114.566936,31.784525],[114.568105,31.781778],[114.567671,31.776966],[114.569949,31.772159],[114.56923,31.766816],[114.564794,31.764312],[114.554975,31.768536],[114.550837,31.767748],[114.549487,31.765438],[114.551434,31.758119],[114.550282,31.753181],[114.543765,31.752079],[114.545296,31.746147],[114.53782,31.741442],[114.533001,31.740398],[114.531029,31.741959],[114.521283,31.766918],[114.516276,31.768128],[114.509686,31.766872],[114.504324,31.756425],[114.504359,31.750486],[114.510679,31.744329],[114.508647,31.740687],[114.49098,31.735439],[114.479538,31.740553],[114.473578,31.741287],[114.461343,31.733265],[114.451562,31.738247],[114.450011,31.729243],[114.446556,31.728054],[114.438164,31.730099],[114.430877,31.734951],[114.4265,31.730809],[114.422477,31.730773],[114.419139,31.733166],[114.416313,31.742074],[114.40336,31.746699],[114.399811,31.746939],[114.392952,31.741612],[114.385179,31.741368],[114.357964,31.750557],[114.350384,31.755409],[114.335246,31.754104],[114.321509,31.755094],[114.315362,31.751854],[114.304783,31.754127],[114.298039,31.751845],[114.292808,31.752276],[114.287509,31.762036],[114.274067,31.775654],[114.271957,31.782368],[114.265379,31.786589],[114.262029,31.796315],[114.248489,31.810503],[114.247614,31.815207],[114.237263,31.827766],[114.235435,31.833387],[114.237021,31.838168],[114.236467,31.841915],[114.233762,31.841359],[114.228346,31.833451],[114.221302,31.832383],[114.208893,31.842742],[114.200788,31.844949],[114.192405,31.851797],[114.184888,31.853066],[114.196955,31.858672],[114.202729,31.863531],[114.204453,31.872238],[114.211788,31.883664],[114.213061,31.88943],[114.205764,31.907724],[114.196898,31.908915],[114.192233,31.912714],[114.190641,31.922176],[114.176819,31.933916],[114.16936,31.946756],[114.170824,31.958762],[114.174278,31.966892],[114.169138,31.977147],[114.169068,31.979696],[114.172721,31.982416],[114.170341,31.986016],[114.170437,31.989186],[114.173336,31.991597],[114.184744,31.992686],[114.194915,32.003436],[114.200066,32.004407],[114.20385,32.010201],[114.209288,32.013525],[114.208604,32.023002],[114.210432,32.031121],[114.216953,32.032778],[114.218781,32.035227],[114.225798,32.038224],[114.228666,32.043042],[114.240445,32.046236],[114.242699,32.05009],[114.242995,32.058961],[114.25001,32.06043],[114.25165,32.065184],[114.256967,32.066001],[114.263536,32.075708],[114.27282,32.07713],[114.277952,32.080466],[114.281251,32.078117],[114.283805,32.079133],[114.284361,32.082466],[114.281548,32.084668],[114.286516,32.09049],[114.284424,32.100783],[114.286909,32.113528],[114.292209,32.115691],[114.29313,32.119418],[114.296988,32.119556],[114.299152,32.121976],[114.298171,32.128577],[114.299819,32.130527],[114.313862,32.136473],[114.32541,32.137823],[114.327417,32.140157],[114.32709,32.147228],[114.320702,32.150773],[114.319363,32.153094],[114.303926,32.155674],[114.300328,32.161273],[114.291361,32.163713],[114.286428,32.170781],[114.278316,32.171818],[114.275764,32.173941],[114.278413,32.181313],[114.278578,32.191509],[114.274417,32.195752],[114.274878,32.197913],[114.276877,32.198164],[114.275638,32.201703],[114.278669,32.198475],[114.279199,32.202416],[114.28167,32.203208],[114.279049,32.208734],[114.27917,32.218963],[114.280891,32.220235],[114.280101,32.224723],[114.281702,32.224884],[114.283433,32.219807],[114.285004,32.223588],[114.288386,32.220513],[114.2936,32.221169],[114.297094,32.219494],[114.30452,32.219671],[114.305984,32.222167],[114.313485,32.22265],[114.316764,32.218825],[114.323735,32.219467],[114.331561,32.222604],[114.339456,32.230789],[114.344761,32.242254],[114.352517,32.243934],[114.359915,32.250172],[114.364435,32.251781],[114.364792,32.255082],[114.370389,32.256136],[114.372388,32.262724],[114.371538,32.277464],[114.376622,32.292014]]]}},{"type":"Feature","properties":{"dt_adcode":"411522"},"geometry":{"type":"Polygon","coordinates":[[[114.684611,32.189497],[114.710226,32.188593],[114.712417,32.187158],[114.713729,32.180461],[114.718963,32.179063],[114.72908,32.18043],[114.741513,32.187335],[114.750006,32.17747],[114.757186,32.165119],[114.762965,32.165998],[114.763436,32.168217],[114.767124,32.169045],[114.769521,32.164651],[114.766164,32.162807],[114.767363,32.158277],[114.774838,32.156713],[114.78184,32.149429],[114.793595,32.146756],[114.80774,32.136327],[114.822714,32.135486],[114.835336,32.141443],[114.838826,32.139852],[114.844076,32.142194],[114.854421,32.151734],[114.856241,32.157515],[114.860131,32.157672],[114.862506,32.161966],[114.869231,32.16663],[114.882062,32.17029],[114.884248,32.169505],[114.89261,32.176737],[114.897608,32.176179],[114.899144,32.180728],[114.909518,32.191936],[114.907295,32.186789],[114.909717,32.184893],[114.91531,32.184895],[114.912756,32.180843],[114.915084,32.178752],[114.911584,32.174518],[114.912139,32.168316],[114.905991,32.163612],[114.907562,32.159224],[114.899324,32.152641],[114.899324,32.149763],[114.90171,32.147151],[114.901475,32.142917],[114.912952,32.137233],[114.922332,32.119083],[114.929597,32.111036],[114.931926,32.10424],[114.937812,32.098023],[114.943151,32.096855],[114.94476,32.092347],[114.948423,32.090131],[114.947509,32.084933],[114.949805,32.082666],[114.950623,32.078649],[114.956157,32.075948],[114.961765,32.070211],[114.966223,32.069976],[114.968843,32.067728],[114.972779,32.069992],[114.985505,32.069146],[114.989181,32.071982],[115.008864,32.072499],[115.008566,32.065522],[115.001875,32.060992],[114.997709,32.053348],[114.998589,32.04894],[115.002978,32.043486],[115.003053,32.036325],[114.994388,32.030727],[114.980911,32.029807],[114.981076,32.028041],[114.986973,32.022962],[114.987234,32.019399],[114.986224,32.017518],[114.979107,32.014916],[114.978053,32.011285],[114.979271,32.008349],[114.983923,32.004799],[114.98996,32.002988],[114.996747,32.003123],[115.002915,31.999612],[114.998976,31.994501],[114.998322,31.987589],[114.994514,31.981663],[114.99183,31.971803],[114.996255,31.956049],[115.004096,31.946058],[115.01036,31.943921],[115.019316,31.933865],[115.031615,31.925406],[115.040202,31.924365],[115.046993,31.91824],[115.0581,31.919555],[115.064722,31.928161],[115.069436,31.927481],[115.072315,31.92474],[115.07428,31.918486],[115.07834,31.916236],[115.083676,31.909379],[115.089629,31.906997],[115.096238,31.894078],[115.107057,31.885305],[115.109113,31.876938],[115.113721,31.871725],[115.140927,31.870867],[115.13511,31.866483],[115.122542,31.842199],[115.125447,31.834746],[115.121752,31.829242],[115.123581,31.818375],[115.121724,31.816612],[115.114306,31.81495],[115.118228,31.805553],[115.116301,31.796094],[115.116986,31.794622],[115.124819,31.794257],[115.134392,31.784166],[115.144508,31.782649],[115.145782,31.780686],[115.144672,31.774234],[115.148389,31.769718],[115.165969,31.764541],[115.173116,31.760311],[115.17762,31.754633],[115.180651,31.745052],[115.185545,31.741384],[115.186194,31.737477],[115.176898,31.725076],[115.170695,31.722261],[115.164578,31.707532],[115.138736,31.699386],[115.122348,31.702656],[115.119867,31.706156],[115.119217,31.715624],[115.110488,31.71777],[115.109577,31.722958],[115.105819,31.725263],[115.08937,31.727106],[115.091021,31.734647],[115.087277,31.737587],[115.08327,31.735849],[115.075767,31.728972],[115.072298,31.730356],[115.057509,31.724472],[115.051695,31.72428],[115.044644,31.733579],[115.04111,31.742638],[115.040684,31.750416],[115.025418,31.747481],[115.020149,31.742807],[115.021473,31.739011],[115.018834,31.737143],[115.012771,31.740145],[115.008004,31.739911],[115.006117,31.746004],[114.996926,31.746922],[114.991089,31.750158],[114.983152,31.746737],[114.971638,31.746688],[114.964951,31.742488],[114.942273,31.737624],[114.939855,31.740037],[114.939395,31.74623],[114.91479,31.749434],[114.909337,31.754775],[114.900083,31.760431],[114.886948,31.762252],[114.882707,31.767222],[114.862606,31.77978],[114.848864,31.784607],[114.839085,31.792354],[114.836443,31.792064],[114.834285,31.789258],[114.835004,31.780089],[114.822971,31.772172],[114.819809,31.772014],[114.813312,31.775538],[114.808391,31.772279],[114.797585,31.772312],[114.790997,31.765851],[114.78048,31.76047],[114.778494,31.761353],[114.777809,31.764621],[114.781886,31.773932],[114.778921,31.779669],[114.779346,31.784963],[114.771306,31.786407],[114.765007,31.784842],[114.751606,31.792049],[114.742809,31.789594],[114.736728,31.781699],[114.733157,31.780487],[114.71873,31.792349],[114.709105,31.793023],[114.708158,31.795669],[114.716079,31.798916],[114.713888,31.801723],[114.71048,31.802306],[114.707045,31.801157],[114.704618,31.796937],[114.699348,31.794411],[114.696033,31.779096],[114.693223,31.776346],[114.68683,31.785289],[114.675434,31.783388],[114.66757,31.786053],[114.665744,31.79059],[114.666884,31.798191],[114.654968,31.804672],[114.634214,31.807598],[114.616316,31.799706],[114.612651,31.801338],[114.605524,31.808591],[114.601446,31.816778],[114.582172,31.815544],[114.581376,31.836766],[114.573221,31.84305],[114.570804,31.848723],[114.575146,31.857084],[114.575926,31.863765],[114.580044,31.869545],[114.583504,31.882627],[114.590354,31.887851],[114.598717,31.890347],[114.59536,31.896918],[114.597607,31.900232],[114.596072,31.901867],[114.597678,31.910428],[114.583178,31.936119],[114.574233,31.936196],[114.57127,31.937769],[114.571825,31.940545],[114.577041,31.942565],[114.575187,31.94572],[114.569087,31.94808],[114.557993,31.948917],[114.554669,31.95701],[114.545477,31.963207],[114.541896,31.97663],[114.547564,31.98423],[114.551511,31.986916],[114.561555,31.98902],[114.568398,31.993354],[114.572939,32.015128],[114.593565,32.020549],[114.599517,32.025694],[114.60298,32.034811],[114.60141,32.045676],[114.610629,32.054059],[114.615242,32.070663],[114.627373,32.086579],[114.626687,32.092789],[114.627894,32.095894],[114.646386,32.119282],[114.657752,32.120233],[114.659422,32.122001],[114.65877,32.12615],[114.650683,32.140137],[114.651796,32.144029],[114.657589,32.150509],[114.659687,32.162523],[114.665845,32.167043],[114.681765,32.172025],[114.685698,32.180266],[114.684611,32.189497]]]}},{"type":"Feature","properties":{"dt_adcode":"411523"},"geometry":{"type":"Polygon","coordinates":[[[114.580786,31.829987],[114.582727,31.81512],[114.592396,31.817106],[114.601446,31.816778],[114.605524,31.808591],[114.612651,31.801338],[114.616316,31.799706],[114.634214,31.807598],[114.654968,31.804672],[114.666884,31.798191],[114.665744,31.79059],[114.66757,31.786053],[114.675434,31.783388],[114.68683,31.785289],[114.693223,31.776346],[114.696033,31.779096],[114.699348,31.794411],[114.704618,31.796937],[114.707045,31.801157],[114.71048,31.802306],[114.713888,31.801723],[114.716079,31.798916],[114.708158,31.795669],[114.709105,31.793023],[114.71873,31.792349],[114.733157,31.780487],[114.736728,31.781699],[114.742809,31.789594],[114.751606,31.792049],[114.765007,31.784842],[114.771306,31.786407],[114.779346,31.784963],[114.778921,31.779669],[114.781886,31.773932],[114.777809,31.764621],[114.778494,31.761353],[114.78048,31.76047],[114.790997,31.765851],[114.797585,31.772312],[114.808391,31.772279],[114.813312,31.775538],[114.819809,31.772014],[114.822971,31.772172],[114.835004,31.780089],[114.833896,31.788083],[114.83814,31.792486],[114.848864,31.784607],[114.862606,31.77978],[114.882707,31.767222],[114.886948,31.762252],[114.900083,31.760431],[114.909337,31.754775],[114.91479,31.749434],[114.939395,31.74623],[114.939855,31.740037],[114.942273,31.737624],[114.964951,31.742488],[114.971638,31.746688],[114.983152,31.746737],[114.991089,31.750158],[114.996926,31.746922],[115.006117,31.746004],[115.008004,31.739911],[115.012771,31.740145],[115.018834,31.737143],[115.021473,31.739011],[115.020149,31.742807],[115.025418,31.747481],[115.040684,31.750416],[115.041893,31.740156],[115.050711,31.724638],[115.057509,31.724472],[115.072298,31.730356],[115.075767,31.728972],[115.08327,31.735849],[115.088076,31.73739],[115.091021,31.734647],[115.08937,31.727106],[115.105819,31.725263],[115.109577,31.722958],[115.110488,31.71777],[115.119217,31.715624],[115.119867,31.706156],[115.122348,31.702656],[115.138736,31.699386],[115.164578,31.707532],[115.160531,31.692849],[115.163207,31.686521],[115.166733,31.683572],[115.165329,31.679293],[115.180039,31.67938],[115.185618,31.682345],[115.18735,31.681753],[115.18806,31.678156],[115.200788,31.680208],[115.209826,31.677646],[115.211394,31.671416],[115.208941,31.666387],[115.20238,31.660515],[115.201339,31.648408],[115.187182,31.642615],[115.182123,31.634567],[115.180034,31.627284],[115.175269,31.619235],[115.179184,31.611678],[115.173726,31.601937],[115.164404,31.604568],[115.148938,31.604366],[115.134836,31.602424],[115.125366,31.599101],[115.124784,31.596551],[115.128114,31.585207],[115.127263,31.579064],[115.106743,31.567471],[115.102948,31.560281],[115.104189,31.554593],[115.111055,31.552337],[115.105499,31.542662],[115.107461,31.53789],[115.113796,31.532853],[115.114455,31.530499],[115.102094,31.520596],[115.092803,31.519092],[115.094349,31.51552],[115.098675,31.514221],[115.096226,31.508459],[115.084045,31.507914],[115.08337,31.509233],[115.080911,31.508505],[115.076919,31.510503],[115.066306,31.510512],[115.064363,31.513175],[115.063174,31.511421],[115.055654,31.514624],[115.052662,31.513477],[115.048936,31.51755],[115.038443,31.517042],[115.030771,31.522382],[115.029456,31.528392],[115.024343,31.528576],[115.011412,31.506081],[115.002028,31.501998],[115.001706,31.49997],[115.011019,31.489473],[115.009773,31.487475],[115.002027,31.485294],[115.001172,31.47764],[114.997373,31.471289],[114.993627,31.472127],[114.989699,31.477411],[114.985369,31.477694],[114.982477,31.480366],[114.977557,31.494867],[114.967987,31.496606],[114.963991,31.495355],[114.959925,31.490834],[114.942095,31.479587],[114.937511,31.469774],[114.922668,31.481309],[114.917629,31.481173],[114.912001,31.476791],[114.896384,31.474375],[114.884031,31.46925],[114.876782,31.470567],[114.875282,31.478282],[114.869934,31.479335],[114.850679,31.476162],[114.839589,31.460261],[114.836852,31.45883],[114.829836,31.458908],[114.824179,31.469953],[114.813005,31.478855],[114.805164,31.480541],[114.789407,31.480544],[114.783035,31.484618],[114.781328,31.487808],[114.783868,31.493727],[114.773835,31.502905],[114.774391,31.514128],[114.777599,31.516873],[114.778858,31.520742],[114.771008,31.520547],[114.761985,31.523392],[114.757021,31.527221],[114.748408,31.523911],[114.74087,31.527475],[114.721761,31.52048],[114.719328,31.521953],[114.718085,31.526657],[114.715729,31.528488],[114.704633,31.525461],[114.696562,31.525844],[114.696284,31.532463],[114.700878,31.541521],[114.699843,31.546142],[114.697599,31.547015],[114.687935,31.544686],[114.673955,31.544579],[114.670119,31.547044],[114.656933,31.562867],[114.655742,31.568725],[114.653021,31.572707],[114.644038,31.575025],[114.644482,31.579091],[114.641726,31.582158],[114.627672,31.585758],[114.623023,31.583978],[114.616222,31.58518],[114.612019,31.578481],[114.609188,31.577234],[114.595632,31.576296],[114.593263,31.567866],[114.588639,31.561091],[114.574951,31.559549],[114.573477,31.55397],[114.561064,31.560947],[114.554226,31.584678],[114.553672,31.595424],[114.548904,31.609786],[114.548264,31.625115],[114.551086,31.627581],[114.552956,31.633116],[114.549659,31.643588],[114.554672,31.648559],[114.556819,31.654653],[114.570816,31.660111],[114.574761,31.690719],[114.576711,31.692191],[114.58479,31.691226],[114.59172,31.701507],[114.589049,31.704934],[114.581167,31.705958],[114.579139,31.708152],[114.58252,31.712653],[114.579461,31.71991],[114.579738,31.724673],[114.584117,31.731884],[114.581586,31.742518],[114.583537,31.749443],[114.587604,31.754033],[114.588021,31.756582],[114.584501,31.764088],[114.578823,31.76477],[114.573614,31.762336],[114.570408,31.767055],[114.56923,31.766816],[114.569949,31.772159],[114.567671,31.776966],[114.568105,31.781778],[114.566936,31.784525],[114.562414,31.787856],[114.567751,31.792896],[114.566107,31.819467],[114.567571,31.82569],[114.580786,31.829987]]]}},{"type":"Feature","properties":{"dt_adcode":"411524"},"geometry":{"type":"Polygon","coordinates":[[[115.373632,31.405765],[115.352873,31.399618],[115.337345,31.403972],[115.327191,31.391137],[115.313567,31.383428],[115.307209,31.382371],[115.301121,31.384063],[115.294052,31.395037],[115.285542,31.399407],[115.281352,31.399861],[115.273367,31.396488],[115.265607,31.389246],[115.260415,31.387393],[115.249954,31.392951],[115.259175,31.406126],[115.260347,31.410049],[115.260287,31.412141],[115.252569,31.421688],[115.243292,31.423292],[115.235849,31.426696],[115.22389,31.424942],[115.2205,31.426711],[115.216383,31.43574],[115.212344,31.439833],[115.210516,31.445457],[115.212219,31.456764],[115.217044,31.462873],[115.218544,31.471566],[115.216916,31.481573],[115.21228,31.492399],[115.219007,31.504551],[115.218809,31.517528],[115.223768,31.523536],[115.230568,31.53824],[115.231349,31.548208],[115.235921,31.555462],[115.23305,31.55677],[115.215553,31.554664],[115.211106,31.557091],[115.207259,31.564222],[115.201453,31.562662],[115.192971,31.564051],[115.192123,31.571307],[115.187168,31.572788],[115.179276,31.579209],[115.177449,31.584966],[115.176861,31.598859],[115.173726,31.601937],[115.179184,31.611678],[115.175269,31.619235],[115.180034,31.627284],[115.182123,31.634567],[115.187182,31.642615],[115.201339,31.648408],[115.20238,31.660515],[115.208941,31.666387],[115.211654,31.674441],[115.209826,31.677646],[115.200788,31.680208],[115.187575,31.678287],[115.186597,31.682278],[115.180039,31.67938],[115.165329,31.679293],[115.166733,31.683572],[115.163207,31.686521],[115.160531,31.692849],[115.163728,31.700948],[115.16489,31.710302],[115.170695,31.722261],[115.175382,31.724033],[115.17941,31.727882],[115.186194,31.737477],[115.18629,31.739894],[115.180651,31.745052],[115.17762,31.754633],[115.173116,31.760311],[115.165969,31.764541],[115.148389,31.769718],[115.144672,31.774234],[115.145782,31.780686],[115.144508,31.782649],[115.134392,31.784166],[115.123839,31.794878],[115.116986,31.794622],[115.118228,31.805553],[115.114306,31.81495],[115.121724,31.816612],[115.123581,31.818375],[115.121752,31.829242],[115.125447,31.834746],[115.122542,31.842199],[115.13511,31.866483],[115.143502,31.87315],[115.141543,31.878544],[115.14762,31.890774],[115.153132,31.898051],[115.168303,31.909153],[115.173717,31.908587],[115.174107,31.89986],[115.18004,31.896499],[115.182552,31.897802],[115.190224,31.897548],[115.1921,31.899152],[115.1921,31.900632],[115.18689,31.902031],[115.190091,31.905209],[115.19768,31.901029],[115.20663,31.904147],[115.211232,31.90388],[115.215175,31.90162],[115.220923,31.906874],[115.222327,31.903865],[115.216813,31.893497],[115.222812,31.890712],[115.229575,31.892862],[115.233921,31.89204],[115.236071,31.888706],[115.235325,31.887596],[115.233686,31.887337],[115.230911,31.890311],[115.22791,31.889073],[115.226895,31.885904],[115.228074,31.881915],[115.232705,31.876962],[115.241857,31.875355],[115.248486,31.878129],[115.24453,31.889584],[115.2446,31.893767],[115.252377,31.898502],[115.248394,31.907114],[115.251692,31.907441],[115.257872,31.898324],[115.262448,31.898127],[115.266044,31.899975],[115.284231,31.917749],[115.286883,31.917914],[115.290586,31.915207],[115.293168,31.915961],[115.295594,31.92407],[115.286953,31.930577],[115.284172,31.93662],[115.288657,31.939518],[115.290519,31.947198],[115.294875,31.950243],[115.293206,31.959636],[115.296355,31.968119],[115.295061,31.99131],[115.306211,32.002199],[115.307664,32.008517],[115.305438,32.011536],[115.307657,32.022813],[115.306674,32.027925],[115.314565,32.039277],[115.323882,32.03615],[115.334322,32.039119],[115.34218,32.049899],[115.350531,32.047081],[115.359691,32.047971],[115.365848,32.046167],[115.371604,32.052931],[115.382131,32.052139],[115.384452,32.050671],[115.386936,32.042061],[115.401528,32.029898],[115.40401,32.022971],[115.407735,32.023299],[115.41283,32.028625],[115.417116,32.028101],[115.419268,32.025092],[115.421619,32.026905],[115.426319,32.025528],[115.428999,32.038811],[115.423615,32.042736],[115.423025,32.044958],[115.426226,32.054155],[115.425247,32.062522],[115.430572,32.071649],[115.429368,32.086061],[115.443721,32.092595],[115.450088,32.093465],[115.459016,32.092109],[115.469611,32.097721],[115.471342,32.096213],[115.472899,32.089053],[115.481438,32.084569],[115.489025,32.086704],[115.496256,32.082272],[115.502561,32.083944],[115.504654,32.082956],[115.500761,32.068379],[115.502136,32.067164],[115.506754,32.068737],[115.507281,32.059878],[115.506658,32.058099],[115.499237,32.053515],[115.49793,32.047832],[115.507503,32.035239],[115.521082,32.029334],[115.549332,32.035877],[115.554508,32.027893],[115.555155,32.004396],[115.566248,31.99949],[115.572867,31.991506],[115.571852,31.982899],[115.564029,31.97863],[115.564972,31.972239],[115.568039,31.968836],[115.567614,31.962089],[115.570516,31.959208],[115.574268,31.959368],[115.577795,31.96701],[115.582294,31.966645],[115.584773,31.956938],[115.585786,31.939309],[115.596566,31.93177],[115.595515,31.923927],[115.605841,31.917048],[115.607307,31.912735],[115.596694,31.907099],[115.584212,31.893856],[115.586206,31.884705],[115.581307,31.880771],[115.579806,31.87368],[115.574814,31.867951],[115.574422,31.855127],[115.578365,31.843831],[115.574646,31.834783],[115.566259,31.829256],[115.570892,31.811619],[115.577322,31.809029],[115.576472,31.803296],[115.577936,31.79862],[115.583718,31.795574],[115.59926,31.795844],[115.604849,31.802577],[115.609719,31.804016],[115.618385,31.801096],[115.624855,31.792996],[115.624889,31.789516],[115.623777,31.784088],[115.616385,31.776617],[115.621909,31.772765],[115.634115,31.768806],[115.638425,31.756135],[115.632567,31.748783],[115.619152,31.738338],[115.601433,31.731682],[115.594248,31.725116],[115.585887,31.720919],[115.581092,31.712526],[115.564906,31.709],[115.5575,31.70274],[115.553491,31.695279],[115.548211,31.694637],[115.533811,31.698464],[115.529511,31.697693],[115.520324,31.690528],[115.515047,31.682864],[115.496556,31.674227],[115.491209,31.66277],[115.485578,31.660531],[115.485637,31.650907],[115.476648,31.644459],[115.490652,31.623601],[115.490721,31.618829],[115.488212,31.612233],[115.485279,31.609103],[115.472344,31.605527],[115.459143,31.597388],[115.444533,31.591908],[115.440036,31.588711],[115.438466,31.579154],[115.433274,31.575727],[115.428054,31.56591],[115.431643,31.558258],[115.428738,31.553031],[115.428538,31.547197],[115.417105,31.527313],[115.408027,31.519829],[115.396808,31.515169],[115.389615,31.507581],[115.377144,31.502977],[115.37158,31.495844],[115.371579,31.491659],[115.374885,31.487529],[115.373056,31.483047],[115.377637,31.470516],[115.389931,31.44936],[115.385648,31.443324],[115.384472,31.420228],[115.375041,31.410556],[115.373632,31.405765]]]}},{"type":"Feature","properties":{"dt_adcode":"411525"},"geometry":{"type":"Polygon","coordinates":[[[115.37603,32.247061],[115.406937,32.249682],[115.458641,32.276574],[115.46613,32.279176],[115.485916,32.276034],[115.506436,32.278025],[115.509394,32.282984],[115.506922,32.290738],[115.508972,32.296532],[115.512821,32.29822],[115.515942,32.293897],[115.518027,32.293858],[115.521158,32.298032],[115.521185,32.302181],[115.525942,32.305944],[115.524931,32.309967],[115.520208,32.312839],[115.520477,32.320127],[115.521939,32.320254],[115.526436,32.315111],[115.536169,32.321032],[115.540929,32.320808],[115.545099,32.316516],[115.551228,32.319019],[115.550544,32.324706],[115.55625,32.322847],[115.559246,32.323887],[115.558657,32.326699],[115.550839,32.329297],[115.550874,32.333008],[115.548944,32.336216],[115.551429,32.338988],[115.547871,32.343703],[115.547681,32.347527],[115.550971,32.352339],[115.554624,32.347952],[115.556581,32.348179],[115.555464,32.355468],[115.557266,32.357329],[115.569391,32.357553],[115.574027,32.359474],[115.572659,32.368072],[115.575138,32.382173],[115.576802,32.384361],[115.584379,32.387213],[115.583071,32.400633],[115.596598,32.423538],[115.604556,32.425926],[115.608603,32.424817],[115.610709,32.419439],[115.620882,32.411299],[115.624109,32.405536],[115.626261,32.405098],[115.645584,32.417534],[115.654174,32.428909],[115.656719,32.429891],[115.657968,32.427427],[115.655915,32.409394],[115.659599,32.407399],[115.667444,32.40989],[115.671868,32.416816],[115.674438,32.430869],[115.680593,32.44],[115.681759,32.444969],[115.681358,32.451824],[115.674583,32.465156],[115.679533,32.466948],[115.696717,32.467465],[115.700946,32.469974],[115.700789,32.472882],[115.692211,32.480604],[115.691506,32.483183],[115.693269,32.489638],[115.699163,32.49432],[115.704957,32.494838],[115.715995,32.487231],[115.743923,32.47631],[115.757192,32.480202],[115.761998,32.483447],[115.766763,32.492437],[115.767356,32.504264],[115.769848,32.505982],[115.780756,32.496603],[115.787042,32.485764],[115.786599,32.476511],[115.780986,32.467568],[115.782674,32.465835],[115.784764,32.466356],[115.804125,32.485464],[115.818571,32.495295],[115.823847,32.502243],[115.840822,32.50027],[115.839386,32.520513],[115.841764,32.527939],[115.851995,32.535075],[115.861397,32.537388],[115.863776,32.539658],[115.887549,32.567649],[115.891566,32.576245],[115.89912,32.578233],[115.915424,32.576865],[115.929278,32.567223],[115.921164,32.565386],[115.912471,32.568128],[115.899417,32.556188],[115.877664,32.543854],[115.875229,32.540474],[115.875505,32.531545],[115.873014,32.525837],[115.853431,32.515663],[115.847348,32.509574],[115.844527,32.504311],[115.845743,32.501813],[115.853043,32.504462],[115.873178,32.504708],[115.874467,32.497795],[115.881002,32.494167],[115.883576,32.489256],[115.88129,32.472493],[115.873499,32.470613],[115.864352,32.462805],[115.863194,32.46015],[115.864259,32.458953],[115.877091,32.458312],[115.883157,32.455235],[115.883676,32.443441],[115.881687,32.442645],[115.883334,32.438797],[115.879669,32.439071],[115.879229,32.432575],[115.884201,32.43033],[115.889403,32.424267],[115.888143,32.418568],[115.889286,32.413476],[115.898808,32.392367],[115.898152,32.352358],[115.899239,32.344971],[115.904859,32.340165],[115.906264,32.32714],[115.904432,32.321127],[115.906618,32.309964],[115.900154,32.305258],[115.899365,32.302513],[115.909628,32.297938],[115.911588,32.29163],[115.911457,32.283067],[115.921327,32.270717],[115.914718,32.254862],[115.912434,32.238325],[115.912754,32.227606],[115.922884,32.203655],[115.923343,32.191696],[115.925244,32.187841],[115.933679,32.180431],[115.94194,32.165167],[115.938063,32.153808],[115.940258,32.145181],[115.932396,32.118409],[115.932372,32.111591],[115.926479,32.104544],[115.932488,32.084257],[115.942569,32.07767],[115.943304,32.074332],[115.937527,32.06335],[115.92449,32.056439],[115.922211,32.049638],[115.925051,32.048861],[115.923865,32.043745],[115.927734,32.036326],[115.925144,32.036417],[115.925879,32.035145],[115.923891,32.033538],[115.921364,32.033431],[115.921943,32.031958],[115.91956,32.027865],[115.923772,32.025328],[115.924456,32.022],[115.925181,32.023803],[115.928196,32.023095],[115.927406,32.020529],[115.928538,32.019609],[115.926668,32.018463],[115.927421,32.015628],[115.931064,32.014152],[115.929506,32.013376],[115.930217,32.011414],[115.92788,32.011819],[115.927588,32.007551],[115.930102,32.005042],[115.928954,32.002923],[115.933808,32.001633],[115.934396,31.998096],[115.931499,31.994558],[115.924568,31.995595],[115.922023,31.991543],[115.921233,31.989646],[115.922934,31.983635],[115.916916,31.972816],[115.91136,31.958011],[115.908678,31.955396],[115.907766,31.946704],[115.909006,31.943242],[115.916132,31.935988],[115.91528,31.930924],[115.920185,31.920469],[115.910573,31.894943],[115.90377,31.883507],[115.898348,31.880241],[115.899113,31.872706],[115.895114,31.864953],[115.8947,31.847051],[115.89268,31.838802],[115.893792,31.832408],[115.90407,31.829394],[115.913142,31.820099],[115.915011,31.811905],[115.912151,31.804644],[115.910232,31.792338],[115.899251,31.791505],[115.896312,31.787278],[115.891699,31.785004],[115.887735,31.777663],[115.877611,31.774503],[115.868683,31.776527],[115.857268,31.774094],[115.854488,31.777355],[115.851741,31.786348],[115.849891,31.786682],[115.844288,31.782425],[115.842381,31.777406],[115.838749,31.774038],[115.836456,31.773865],[115.833829,31.777507],[115.831442,31.777823],[115.827089,31.772081],[115.82306,31.770415],[115.815346,31.762364],[115.807767,31.767584],[115.807995,31.773287],[115.802814,31.771412],[115.79526,31.772833],[115.787576,31.780284],[115.776399,31.783555],[115.768454,31.787816],[115.763049,31.782359],[115.741377,31.781679],[115.740126,31.776136],[115.73427,31.776031],[115.733018,31.773599],[115.73402,31.770135],[115.731129,31.768625],[115.732241,31.766817],[115.737304,31.765911],[115.735595,31.762916],[115.719437,31.765799],[115.710833,31.770901],[115.699504,31.767943],[115.69207,31.772113],[115.688374,31.777303],[115.677799,31.778867],[115.661065,31.760878],[115.638425,31.756135],[115.634115,31.768806],[115.621909,31.772765],[115.616385,31.776617],[115.623777,31.784088],[115.624889,31.789516],[115.624855,31.792996],[115.618385,31.801096],[115.613444,31.803773],[115.607167,31.803558],[115.600406,31.796564],[115.593448,31.7949],[115.57921,31.797313],[115.576472,31.803296],[115.577651,31.808441],[115.571386,31.810703],[115.566259,31.829256],[115.574646,31.834783],[115.578365,31.843831],[115.574422,31.855127],[115.574814,31.867951],[115.579806,31.87368],[115.581307,31.880771],[115.586206,31.884705],[115.584212,31.893856],[115.596694,31.907099],[115.607307,31.912735],[115.605841,31.917048],[115.595515,31.923927],[115.596566,31.93177],[115.585786,31.939309],[115.584773,31.956938],[115.582294,31.966645],[115.577795,31.96701],[115.574268,31.959368],[115.570516,31.959208],[115.567614,31.962089],[115.568039,31.968836],[115.564972,31.972239],[115.564029,31.97863],[115.571852,31.982899],[115.572867,31.991506],[115.566248,31.99949],[115.555155,32.004396],[115.554508,32.027893],[115.550241,32.03509],[115.546528,32.036014],[115.529879,32.03042],[115.521082,32.029334],[115.507503,32.035239],[115.49793,32.047832],[115.499237,32.053515],[115.506658,32.058099],[115.507281,32.059878],[115.506754,32.068737],[115.502136,32.067164],[115.500761,32.068379],[115.504654,32.082956],[115.502561,32.083944],[115.496256,32.082272],[115.489025,32.086704],[115.481438,32.084569],[115.472899,32.089053],[115.471342,32.096213],[115.469611,32.097721],[115.459016,32.092109],[115.450088,32.093465],[115.443721,32.092595],[115.429368,32.086061],[115.430572,32.071649],[115.425247,32.062522],[115.426226,32.054155],[115.423025,32.044958],[115.423615,32.042736],[115.428999,32.038811],[115.426319,32.025528],[115.421619,32.026905],[115.419268,32.025092],[115.417116,32.028101],[115.41283,32.028625],[115.407735,32.023299],[115.40401,32.022971],[115.401528,32.029898],[115.386936,32.042061],[115.384061,32.051226],[115.373439,32.053179],[115.372475,32.062687],[115.376944,32.069807],[115.376796,32.074055],[115.373571,32.07785],[115.373476,32.082955],[115.370746,32.084683],[115.36706,32.091599],[115.36726,32.094506],[115.362721,32.098674],[115.360147,32.104381],[115.364183,32.107123],[115.364262,32.113971],[115.359662,32.12714],[115.352148,32.132282],[115.353001,32.137014],[115.349017,32.143036],[115.352002,32.15054],[115.355203,32.152438],[115.351045,32.156814],[115.352098,32.158968],[115.356134,32.160973],[115.354743,32.166211],[115.358649,32.168101],[115.361484,32.17253],[115.367659,32.173192],[115.371016,32.175992],[115.36846,32.186225],[115.370948,32.194203],[115.36794,32.197167],[115.370487,32.199316],[115.370262,32.201375],[115.365367,32.207862],[115.366724,32.213428],[115.363419,32.215432],[115.365776,32.218009],[115.365794,32.221867],[115.370577,32.225639],[115.371116,32.231309],[115.367726,32.233054],[115.367986,32.23423],[115.373586,32.234501],[115.378237,32.23846],[115.376438,32.243557],[115.378316,32.245935],[115.37603,32.247061]]]}},{"type":"Feature","properties":{"dt_adcode":"411526"},"geometry":{"type":"Polygon","coordinates":[[[115.361735,32.249989],[115.378316,32.245935],[115.376438,32.243557],[115.378237,32.23846],[115.373586,32.234501],[115.367986,32.23423],[115.367726,32.233054],[115.371116,32.231309],[115.370577,32.225639],[115.365794,32.221867],[115.365776,32.218009],[115.363419,32.215432],[115.366724,32.213428],[115.365367,32.207862],[115.370262,32.201375],[115.370487,32.199316],[115.36794,32.197167],[115.370948,32.194203],[115.36846,32.186225],[115.371016,32.175992],[115.367659,32.173192],[115.361484,32.17253],[115.358649,32.168101],[115.354743,32.166211],[115.356134,32.160973],[115.352098,32.158968],[115.351045,32.156814],[115.355203,32.152438],[115.352002,32.15054],[115.349017,32.143036],[115.353001,32.137014],[115.352148,32.132282],[115.359662,32.12714],[115.364262,32.113971],[115.364183,32.107123],[115.360147,32.104381],[115.362721,32.098674],[115.36726,32.094506],[115.36706,32.091599],[115.370746,32.084683],[115.373476,32.082955],[115.373571,32.07785],[115.376796,32.074055],[115.376944,32.069807],[115.372475,32.062687],[115.373439,32.053179],[115.369918,32.052259],[115.365848,32.046167],[115.359691,32.047971],[115.350531,32.047081],[115.34218,32.049899],[115.334322,32.039119],[115.323882,32.03615],[115.316087,32.039575],[115.313434,32.037984],[115.306674,32.027925],[115.307657,32.022813],[115.305438,32.011536],[115.307664,32.008517],[115.306211,32.002199],[115.295061,31.99131],[115.296355,31.968119],[115.293206,31.959636],[115.294875,31.950243],[115.290519,31.947198],[115.288657,31.939518],[115.284172,31.93662],[115.285023,31.933026],[115.288422,31.928977],[115.294942,31.92531],[115.294446,31.918121],[115.291924,31.915208],[115.284231,31.917749],[115.266044,31.899975],[115.262448,31.898127],[115.257872,31.898324],[115.251692,31.907441],[115.248394,31.907114],[115.252377,31.898502],[115.2446,31.893767],[115.24453,31.889584],[115.248486,31.878129],[115.241857,31.875355],[115.232705,31.876962],[115.228074,31.881915],[115.226895,31.885904],[115.22791,31.889073],[115.230911,31.890311],[115.233686,31.887337],[115.235325,31.887596],[115.236071,31.888706],[115.233921,31.89204],[115.229575,31.892862],[115.222812,31.890712],[115.216813,31.893497],[115.222327,31.903865],[115.220923,31.906874],[115.215175,31.90162],[115.211232,31.90388],[115.20663,31.904147],[115.19768,31.901029],[115.190091,31.905209],[115.18689,31.902031],[115.1921,31.900632],[115.1921,31.899152],[115.190224,31.897548],[115.182552,31.897802],[115.18004,31.896499],[115.174791,31.898945],[115.174367,31.907342],[115.169768,31.909835],[115.150879,31.895703],[115.141543,31.878544],[115.143536,31.873803],[115.142756,31.87217],[115.140927,31.870867],[115.115491,31.871071],[115.109113,31.876938],[115.107057,31.885305],[115.096238,31.894078],[115.089629,31.906997],[115.083676,31.909379],[115.07834,31.916236],[115.07428,31.918486],[115.072315,31.92474],[115.069436,31.927481],[115.064722,31.928161],[115.0581,31.919555],[115.046993,31.91824],[115.040202,31.924365],[115.031615,31.925406],[115.019316,31.933865],[115.01036,31.943921],[115.004096,31.946058],[114.995758,31.956898],[114.99183,31.971803],[114.994514,31.981663],[114.998322,31.987589],[114.998976,31.994501],[115.002915,31.999612],[114.996747,32.003123],[114.98996,32.002988],[114.983923,32.004799],[114.979271,32.008349],[114.978053,32.011285],[114.979107,32.014916],[114.986224,32.017518],[114.987234,32.019399],[114.986973,32.022962],[114.981076,32.028041],[114.980911,32.029807],[114.994388,32.030727],[115.003053,32.036325],[115.002978,32.043486],[114.998589,32.04894],[114.997709,32.053348],[115.001875,32.060992],[115.008566,32.065522],[115.008864,32.072499],[114.989181,32.071982],[114.984747,32.069012],[114.972092,32.069926],[114.969766,32.067633],[114.966223,32.069976],[114.961765,32.070211],[114.956157,32.075948],[114.950623,32.078649],[114.949805,32.082666],[114.947509,32.084933],[114.948423,32.090131],[114.94476,32.092347],[114.943151,32.096855],[114.939681,32.096815],[114.934247,32.101333],[114.929597,32.111036],[114.922332,32.119083],[114.912952,32.137233],[114.902065,32.142069],[114.90171,32.147151],[114.899063,32.150614],[114.901138,32.154666],[114.907562,32.159224],[114.905991,32.163612],[114.912139,32.168316],[114.911584,32.174518],[114.915084,32.178752],[114.912756,32.180843],[114.91531,32.184895],[114.909717,32.184893],[114.907295,32.186789],[114.909457,32.18991],[114.908997,32.194521],[114.918612,32.201411],[114.921427,32.201609],[114.921375,32.198472],[114.923426,32.198489],[114.928284,32.206836],[114.935308,32.204784],[114.939952,32.205533],[114.941509,32.211042],[114.958171,32.214684],[114.957841,32.220967],[114.967236,32.230573],[114.973742,32.244004],[114.988959,32.23957],[114.996278,32.243039],[115.007632,32.255182],[115.014516,32.266983],[115.039518,32.280012],[115.04092,32.283482],[115.039649,32.287367],[115.027935,32.293038],[115.034364,32.300605],[115.04545,32.301729],[115.067928,32.298439],[115.074312,32.300656],[115.088457,32.31693],[115.090517,32.328027],[115.087181,32.336718],[115.087477,32.340004],[115.090848,32.344516],[115.107097,32.349602],[115.114615,32.364327],[115.112429,32.375374],[115.117887,32.378607],[115.128027,32.376436],[115.138665,32.364542],[115.16059,32.364525],[115.171583,32.356562],[115.185322,32.361618],[115.190442,32.361021],[115.201141,32.348204],[115.201331,32.339576],[115.205611,32.337249],[115.215136,32.343428],[115.219444,32.344501],[115.227282,32.34235],[115.235928,32.335316],[115.240405,32.335411],[115.242826,32.338287],[115.239686,32.346067],[115.240111,32.351607],[115.245699,32.357848],[115.257991,32.35845],[115.272904,32.355808],[115.277813,32.356402],[115.289295,32.361952],[115.291755,32.359538],[115.299806,32.342469],[115.306389,32.338068],[115.312477,32.336364],[115.316835,32.329605],[115.31526,32.322951],[115.320114,32.314854],[115.3113,32.304231],[115.309952,32.298772],[115.312178,32.291994],[115.308245,32.282183],[115.311323,32.272465],[115.318299,32.265613],[115.317185,32.257947],[115.318238,32.255499],[115.321021,32.253085],[115.323284,32.257503],[115.327182,32.258293],[115.329835,32.252874],[115.335404,32.256953],[115.343756,32.256609],[115.361735,32.249989]]]}},{"type":"Feature","properties":{"dt_adcode":"411527"},"geometry":{"type":"Polygon","coordinates":[[[115.596598,32.423538],[115.583071,32.400633],[115.584379,32.387213],[115.576802,32.384361],[115.575138,32.382173],[115.572659,32.368072],[115.574027,32.359474],[115.569391,32.357553],[115.557266,32.357329],[115.555464,32.355468],[115.556581,32.348179],[115.554624,32.347952],[115.550971,32.352339],[115.547681,32.347527],[115.547871,32.343703],[115.551429,32.338988],[115.548944,32.336216],[115.550874,32.333008],[115.550839,32.329297],[115.558657,32.326699],[115.559246,32.323887],[115.55625,32.322847],[115.550544,32.324706],[115.551228,32.319019],[115.545099,32.316516],[115.540929,32.320808],[115.536169,32.321032],[115.526436,32.315111],[115.521939,32.320254],[115.520477,32.320127],[115.520208,32.312839],[115.524931,32.309967],[115.525942,32.305944],[115.521185,32.302181],[115.521158,32.298032],[115.518027,32.293858],[115.515942,32.293897],[115.512821,32.29822],[115.508972,32.296532],[115.506922,32.290738],[115.509394,32.282984],[115.506436,32.278025],[115.485916,32.276034],[115.468722,32.2791],[115.463767,32.278582],[115.417966,32.25459],[115.400856,32.248441],[115.37603,32.247061],[115.361735,32.249989],[115.341067,32.256964],[115.333698,32.256492],[115.329835,32.252874],[115.327999,32.257642],[115.326068,32.258486],[115.323284,32.257503],[115.320691,32.253052],[115.317316,32.256869],[115.318299,32.265613],[115.311323,32.272465],[115.308314,32.279013],[115.30835,32.284143],[115.312178,32.291994],[115.309952,32.298772],[115.310447,32.301747],[115.320114,32.314854],[115.31526,32.322951],[115.316835,32.329605],[115.312477,32.336364],[115.306389,32.338068],[115.299806,32.342469],[115.291755,32.359538],[115.289295,32.361952],[115.277813,32.356402],[115.272904,32.355808],[115.257991,32.35845],[115.245699,32.357848],[115.240111,32.351607],[115.239686,32.346067],[115.242826,32.338287],[115.240405,32.335411],[115.235928,32.335316],[115.227282,32.34235],[115.219444,32.344501],[115.215136,32.343428],[115.205611,32.337249],[115.201331,32.339576],[115.201141,32.348204],[115.190442,32.361021],[115.185322,32.361618],[115.171583,32.356562],[115.16059,32.364525],[115.138665,32.364542],[115.128027,32.376436],[115.122407,32.378565],[115.122477,32.380983],[115.126979,32.381142],[115.128808,32.383397],[115.126459,32.38902],[115.129529,32.397238],[115.122609,32.403323],[115.11888,32.412307],[115.124293,32.415393],[115.120859,32.425397],[115.12772,32.428562],[115.124095,32.430642],[115.115879,32.430385],[115.116383,32.434203],[115.121953,32.43482],[115.116401,32.439047],[115.124295,32.440546],[115.124061,32.442549],[115.119395,32.445789],[115.121798,32.449177],[115.121191,32.453085],[115.122987,32.456901],[115.112144,32.476611],[115.111979,32.481588],[115.105721,32.484793],[115.102997,32.501342],[115.096866,32.503728],[115.09202,32.514041],[115.080766,32.513083],[115.066357,32.521736],[115.045131,32.526874],[115.042354,32.529882],[115.047422,32.53793],[115.046466,32.545958],[115.049746,32.547556],[115.049896,32.550597],[115.05486,32.550578],[115.057737,32.545982],[115.062157,32.54485],[115.061766,32.541649],[115.066848,32.541058],[115.067931,32.544961],[115.065838,32.548076],[115.066726,32.553398],[115.074963,32.558872],[115.074076,32.5654],[115.076485,32.569294],[115.075025,32.572971],[115.073521,32.575845],[115.062649,32.585098],[115.05036,32.582785],[115.03669,32.583387],[115.032134,32.585305],[115.023963,32.585086],[115.022491,32.588319],[115.041446,32.602331],[115.047481,32.608755],[115.057439,32.610802],[115.063009,32.618039],[115.074212,32.616292],[115.076117,32.633091],[115.090581,32.637027],[115.094307,32.636701],[115.098033,32.633761],[115.099543,32.619865],[115.111566,32.60744],[115.116859,32.605672],[115.124762,32.607563],[115.1388,32.601825],[115.140238,32.596085],[115.137038,32.585528],[115.140202,32.580129],[115.145654,32.580139],[115.152103,32.590007],[115.175339,32.605361],[115.178935,32.605747],[115.191877,32.603107],[115.197445,32.598586],[115.199406,32.592686],[115.209679,32.592607],[115.214287,32.587454],[115.229487,32.590587],[115.230982,32.588776],[115.229774,32.585704],[115.223653,32.581476],[115.227115,32.578637],[115.230685,32.579669],[115.233233,32.584838],[115.239381,32.58811],[115.241976,32.5926],[115.244992,32.593699],[115.249645,32.592457],[115.254791,32.595217],[115.259376,32.593486],[115.26202,32.589088],[115.254416,32.586958],[115.254743,32.584993],[115.2661,32.578088],[115.281615,32.58518],[115.282406,32.587304],[115.280088,32.59032],[115.280984,32.591181],[115.289204,32.589873],[115.29075,32.583049],[115.293279,32.580964],[115.297444,32.582532],[115.299378,32.588133],[115.301153,32.588381],[115.305546,32.583176],[115.297772,32.576325],[115.29779,32.574065],[115.310867,32.570243],[115.306504,32.567933],[115.300845,32.568741],[115.296561,32.561815],[115.304206,32.553788],[115.310563,32.551886],[115.324007,32.554855],[115.324541,32.557236],[115.320481,32.56265],[115.32157,32.56413],[115.329583,32.561211],[115.387665,32.570899],[115.38986,32.569953],[115.39014,32.565461],[115.391948,32.566322],[115.394249,32.571447],[115.400971,32.573925],[115.404358,32.577225],[115.40834,32.577155],[115.411567,32.574768],[115.412934,32.567503],[115.412793,32.5598],[115.408887,32.550009],[115.410009,32.548091],[115.413564,32.548909],[115.416791,32.552862],[115.424854,32.550026],[115.431653,32.552313],[115.433965,32.549667],[115.434642,32.545198],[115.43881,32.548555],[115.442978,32.546128],[115.443065,32.539881],[115.437618,32.534976],[115.438967,32.53257],[115.465723,32.52012],[115.476635,32.520966],[115.478034,32.518809],[115.477641,32.511814],[115.486539,32.511491],[115.484406,32.504601],[115.489842,32.504129],[115.489367,32.497459],[115.497529,32.492511],[115.513475,32.458619],[115.513734,32.452557],[115.524112,32.447848],[115.52321,32.442018],[115.524266,32.440737],[115.529922,32.438568],[115.537475,32.438954],[115.541236,32.435701],[115.548884,32.423487],[115.563037,32.422523],[115.570661,32.420078],[115.569104,32.414622],[115.564248,32.411394],[115.560386,32.410583],[115.553229,32.412611],[115.552224,32.410316],[115.553636,32.40748],[115.565289,32.403189],[115.586106,32.419223],[115.596598,32.423538]]]}},{"type":"Feature","properties":{"dt_adcode":"411528"},"geometry":{"type":"Polygon","coordinates":[[[114.582527,32.308457],[114.575992,32.316398],[114.576478,32.318869],[114.591521,32.320371],[114.595589,32.326189],[114.602123,32.328899],[114.608026,32.337031],[114.609061,32.348871],[114.623339,32.352547],[114.620151,32.363387],[114.621186,32.368808],[114.62374,32.370605],[114.635237,32.372213],[114.645674,32.375891],[114.644122,32.382419],[114.645926,32.386752],[114.63535,32.395838],[114.62639,32.399718],[114.613269,32.399779],[114.612952,32.401959],[114.614773,32.4029],[114.613763,32.40488],[114.605642,32.407538],[114.603662,32.409827],[114.598444,32.410328],[114.597064,32.413508],[114.597794,32.417579],[114.595226,32.42054],[114.587053,32.423384],[114.585195,32.421855],[114.577396,32.424323],[114.573922,32.423037],[114.570478,32.427303],[114.571018,32.430542],[114.567585,32.432607],[114.567176,32.434959],[114.572566,32.437221],[114.573814,32.44672],[114.580678,32.445634],[114.581103,32.450043],[114.585847,32.453719],[114.584309,32.459008],[114.581804,32.461444],[114.572929,32.46586],[114.570183,32.468893],[114.570461,32.47583],[114.57476,32.486349],[114.573322,32.491456],[114.569544,32.49511],[114.571261,32.508064],[114.583872,32.514132],[114.604969,32.513436],[114.611384,32.509389],[114.614614,32.509512],[114.632773,32.517769],[114.644013,32.526278],[114.658145,32.528435],[114.66606,32.527173],[114.672966,32.517538],[114.676681,32.514992],[114.690104,32.514598],[114.699454,32.51641],[114.703925,32.519967],[114.704247,32.52519],[114.702091,32.53338],[114.702926,32.536931],[114.713032,32.543724],[114.720178,32.545109],[114.724533,32.541488],[114.730553,32.518267],[114.737851,32.517075],[114.752295,32.523959],[114.757278,32.52404],[114.759708,32.522325],[114.761582,32.516264],[114.774049,32.508703],[114.780666,32.507382],[114.789695,32.508226],[114.794442,32.512708],[114.795118,32.518071],[114.793524,32.521742],[114.785402,32.5254],[114.784769,32.529267],[114.781145,32.534573],[114.783097,32.541511],[114.788984,32.548262],[114.795433,32.551923],[114.799897,32.552155],[114.808892,32.558901],[114.810521,32.565239],[114.807819,32.575731],[114.802681,32.583415],[114.791337,32.584149],[114.788833,32.602316],[114.790463,32.610448],[114.79576,32.613752],[114.80615,32.609488],[114.812596,32.610396],[114.816851,32.620357],[114.822377,32.622859],[114.847437,32.621557],[114.856551,32.619247],[114.862842,32.624143],[114.869367,32.623056],[114.876128,32.618363],[114.882345,32.6164],[114.89166,32.617511],[114.902899,32.638223],[114.901312,32.64897],[114.909499,32.653268],[114.914014,32.652551],[114.919373,32.64889],[114.929384,32.64808],[114.955453,32.659501],[114.985486,32.659346],[115.030102,32.648623],[115.050035,32.640139],[115.062688,32.629441],[115.065176,32.629052],[115.076117,32.633091],[115.074212,32.616292],[115.063009,32.618039],[115.057439,32.610802],[115.047481,32.608755],[115.041446,32.602331],[115.023371,32.589989],[115.022221,32.587337],[115.023963,32.585086],[115.032134,32.585305],[115.03669,32.583387],[115.041775,32.584121],[115.048488,32.582665],[115.062649,32.585098],[115.073521,32.575845],[115.075025,32.572971],[115.076485,32.569294],[115.074076,32.5654],[115.074963,32.558872],[115.066726,32.553398],[115.065838,32.548076],[115.067931,32.544961],[115.066848,32.541058],[115.061766,32.541649],[115.062157,32.54485],[115.057737,32.545982],[115.05486,32.550578],[115.049896,32.550597],[115.049746,32.547556],[115.046466,32.545958],[115.047422,32.53793],[115.042502,32.529327],[115.045131,32.526874],[115.066357,32.521736],[115.082139,32.512659],[115.09202,32.514041],[115.096866,32.503728],[115.102997,32.501342],[115.105721,32.484793],[115.111979,32.481588],[115.112144,32.476611],[115.122987,32.456901],[115.121191,32.453085],[115.121798,32.449177],[115.119395,32.445789],[115.124061,32.442549],[115.124295,32.440546],[115.116401,32.439047],[115.121953,32.43482],[115.116383,32.434203],[115.115636,32.431171],[115.117563,32.429551],[115.124832,32.430509],[115.12772,32.428562],[115.120859,32.425397],[115.124293,32.415393],[115.118836,32.411588],[115.122609,32.403323],[115.129365,32.397892],[115.126459,32.38902],[115.128808,32.383397],[115.126979,32.381142],[115.122477,32.380983],[115.122407,32.378565],[115.117887,32.378607],[115.113149,32.37655],[115.112394,32.372268],[115.114615,32.364327],[115.107097,32.349602],[115.089311,32.343241],[115.086955,32.338369],[115.090517,32.328027],[115.088457,32.31693],[115.074312,32.300656],[115.067928,32.298439],[115.04545,32.301729],[115.034364,32.300605],[115.027935,32.293038],[115.039649,32.287367],[115.04092,32.283482],[115.039518,32.280012],[115.01652,32.26869],[115.003327,32.249972],[114.993062,32.240708],[114.986929,32.239857],[114.973742,32.244004],[114.967236,32.230573],[114.957841,32.220967],[114.957641,32.214325],[114.941509,32.211042],[114.939952,32.205533],[114.935308,32.204784],[114.928284,32.206836],[114.922835,32.198178],[114.921375,32.198472],[114.921801,32.201365],[114.918612,32.201411],[114.908381,32.193867],[114.90885,32.192377],[114.899144,32.180728],[114.897608,32.176179],[114.89261,32.176737],[114.884248,32.169505],[114.882062,32.17029],[114.869231,32.16663],[114.862506,32.161966],[114.860131,32.157672],[114.856241,32.157515],[114.854421,32.151734],[114.844076,32.142194],[114.838826,32.139852],[114.835336,32.141443],[114.824247,32.135614],[114.80774,32.136327],[114.793595,32.146756],[114.78184,32.149429],[114.774838,32.156713],[114.767363,32.158277],[114.766164,32.162807],[114.769521,32.164651],[114.767124,32.169045],[114.763436,32.168217],[114.762965,32.165998],[114.757186,32.165119],[114.750006,32.17747],[114.741513,32.187335],[114.72908,32.18043],[114.718963,32.179063],[114.713729,32.180461],[114.712417,32.187158],[114.710226,32.188593],[114.684611,32.189497],[114.683011,32.193382],[114.683437,32.197404],[114.696799,32.205973],[114.703124,32.217896],[114.712716,32.221964],[114.714776,32.224417],[114.71236,32.232503],[114.699551,32.239279],[114.705258,32.253113],[114.694708,32.263096],[114.695692,32.26594],[114.708729,32.274427],[114.709713,32.290591],[114.695267,32.282787],[114.681679,32.284118],[114.680853,32.286994],[114.685317,32.304356],[114.677941,32.310258],[114.659046,32.30014],[114.634458,32.31329],[114.614734,32.296883],[114.612112,32.297664],[114.609074,32.304299],[114.582527,32.308457]]]}},{"type":"Feature","properties":{"dt_adcode":"411602"},"geometry":{"type":"Polygon","coordinates":[[[114.826777,33.561762],[114.82566,33.554264],[114.817202,33.552842],[114.814896,33.548704],[114.803687,33.537949],[114.803218,33.532877],[114.806411,33.524649],[114.801339,33.512401],[114.789017,33.501222],[114.785582,33.500086],[114.774833,33.507889],[114.759503,33.529545],[114.758003,33.533507],[114.759674,33.54128],[114.757004,33.546372],[114.745902,33.547131],[114.740019,33.549349],[114.714146,33.549119],[114.710252,33.556149],[114.703059,33.557889],[114.697786,33.562703],[114.683599,33.564334],[114.68059,33.573472],[114.674412,33.57083],[114.673869,33.567129],[114.673859,33.573411],[114.672436,33.573418],[114.672216,33.575879],[114.66476,33.575385],[114.666618,33.566489],[114.66829,33.566356],[114.667735,33.561225],[114.665279,33.5616],[114.665531,33.563801],[114.662587,33.563696],[114.660227,33.565863],[114.657799,33.571614],[114.632719,33.578809],[114.627449,33.585453],[114.623856,33.58622],[114.623266,33.584809],[114.619243,33.586356],[114.619013,33.591628],[114.61247,33.590384],[114.601534,33.582755],[114.586328,33.587844],[114.584689,33.588915],[114.582939,33.594766],[114.590275,33.602749],[114.584015,33.606944],[114.582251,33.617567],[114.595291,33.626662],[114.610692,33.632302],[114.608473,33.638251],[114.608629,33.648931],[114.604396,33.65287],[114.603251,33.658112],[114.587932,33.681903],[114.586866,33.686041],[114.589789,33.689747],[114.594916,33.691099],[114.601761,33.689958],[114.607246,33.683253],[114.610241,33.681899],[114.619942,33.685006],[114.632862,33.683521],[114.635218,33.686519],[114.637574,33.697363],[114.648791,33.700803],[114.652079,33.711078],[114.661715,33.707815],[114.663359,33.700044],[114.665734,33.698949],[114.683392,33.702143],[114.70382,33.710454],[114.716477,33.712122],[114.734149,33.703239],[114.734959,33.698528],[114.744816,33.699144],[114.745156,33.690942],[114.749187,33.684401],[114.760156,33.67806],[114.760316,33.673638],[114.757446,33.668637],[114.758226,33.663295],[114.763584,33.659503],[114.765713,33.659551],[114.768949,33.667055],[114.777286,33.667812],[114.778428,33.675405],[114.784258,33.679141],[114.783014,33.687635],[114.789648,33.691154],[114.794514,33.691337],[114.801777,33.686187],[114.806259,33.68688],[114.808842,33.681211],[114.814664,33.680174],[114.814178,33.673748],[114.821359,33.671479],[114.826116,33.664711],[114.824067,33.659524],[114.820117,33.65711],[114.828807,33.634109],[114.833846,33.633774],[114.833187,33.628032],[114.838651,33.623613],[114.844266,33.626122],[114.851758,33.622842],[114.857002,33.615329],[114.855029,33.61002],[114.853032,33.610594],[114.848553,33.606721],[114.8406,33.608292],[114.838431,33.600396],[114.832675,33.589058],[114.827982,33.588026],[114.824874,33.581686],[114.816358,33.586371],[114.812751,33.586321],[114.810772,33.573462],[114.814115,33.57192],[114.81874,33.563959],[114.826777,33.561762]]]}},{"type":"Feature","properties":{"dt_adcode":"411603"},"geometry":{"type":"Polygon","coordinates":[[[114.727035,33.919612],[114.732275,33.913376],[114.737809,33.912454],[114.741909,33.909444],[114.78176,33.906405],[114.795855,33.902466],[114.83983,33.906846],[114.858976,33.913444],[114.871714,33.912962],[114.884459,33.909026],[114.923887,33.91305],[114.936604,33.910354],[114.962254,33.910364],[114.972337,33.905113],[114.993662,33.899824],[114.997244,33.901404],[115.001698,33.906571],[115.005676,33.905759],[115.006556,33.908555],[115.009587,33.908544],[115.010651,33.912189],[115.007399,33.912479],[115.008545,33.923955],[115.012949,33.924085],[115.012921,33.922368],[115.016214,33.922317],[115.021072,33.919541],[115.030024,33.925038],[115.039762,33.925608],[115.06606,33.92343],[115.065659,33.918288],[115.063243,33.916514],[115.063089,33.910951],[115.066169,33.908978],[115.071364,33.910164],[115.08074,33.907161],[115.08076,33.894304],[115.064627,33.891534],[115.063993,33.887985],[115.073927,33.8843],[115.074064,33.869931],[115.078706,33.85881],[115.082345,33.824047],[115.08941,33.816707],[115.091163,33.795116],[115.080377,33.785142],[115.078915,33.776475],[115.072133,33.773775],[115.069557,33.75842],[115.067556,33.754316],[115.062736,33.750635],[115.049541,33.745882],[115.048322,33.744239],[115.047893,33.722361],[115.025324,33.702706],[115.024817,33.683715],[115.013691,33.675446],[115.010431,33.666609],[115.012651,33.656283],[115.01625,33.650285],[115.015081,33.642479],[115.017817,33.640731],[115.020448,33.632626],[115.032486,33.624244],[115.045393,33.619668],[115.0652,33.600527],[115.053187,33.55965],[115.05726,33.552168],[115.059258,33.519467],[115.064191,33.507583],[115.06305,33.501749],[115.064938,33.495797],[115.071226,33.489118],[115.072652,33.481772],[115.064727,33.478944],[115.053361,33.469523],[115.052464,33.464527],[115.055397,33.456276],[115.052444,33.452474],[115.045764,33.452067],[115.035817,33.447263],[115.028387,33.446881],[115.027131,33.432901],[115.028177,33.425777],[115.025183,33.419011],[115.021668,33.41788],[115.016838,33.411759],[115.003866,33.418192],[114.986958,33.414352],[114.975287,33.424219],[114.967999,33.434849],[114.962202,33.447586],[114.953838,33.454451],[114.945154,33.455256],[114.925121,33.449614],[114.914174,33.449519],[114.907141,33.451693],[114.901403,33.458685],[114.896414,33.47044],[114.897239,33.475003],[114.907187,33.478694],[114.908897,33.483579],[114.907647,33.486719],[114.897805,33.495976],[114.887196,33.501226],[114.877323,33.503815],[114.868616,33.509344],[114.867959,33.513503],[114.869942,33.521726],[114.868977,33.525905],[114.835284,33.559736],[114.820446,33.562958],[114.814115,33.57192],[114.810772,33.573462],[114.812751,33.586321],[114.816358,33.586371],[114.824874,33.581686],[114.827982,33.588026],[114.832675,33.589058],[114.838431,33.600396],[114.8406,33.608292],[114.848553,33.606721],[114.853032,33.610594],[114.855029,33.61002],[114.857002,33.615329],[114.851758,33.622842],[114.844266,33.626122],[114.838651,33.623613],[114.833187,33.628032],[114.833846,33.633774],[114.828807,33.634109],[114.820117,33.65711],[114.824067,33.659524],[114.826116,33.664711],[114.821359,33.671479],[114.814178,33.673748],[114.814664,33.680174],[114.808842,33.681211],[114.806259,33.68688],[114.801777,33.686187],[114.794514,33.691337],[114.789648,33.691154],[114.783014,33.687635],[114.784258,33.679141],[114.778428,33.675405],[114.777286,33.667812],[114.768949,33.667055],[114.765713,33.659551],[114.763584,33.659503],[114.758226,33.663295],[114.757446,33.668637],[114.760316,33.673638],[114.760156,33.67806],[114.749187,33.684401],[114.745156,33.690942],[114.744816,33.699144],[114.734959,33.698528],[114.734149,33.703239],[114.719201,33.711226],[114.71385,33.712004],[114.70382,33.710454],[114.683392,33.702143],[114.665734,33.698949],[114.663359,33.700044],[114.661715,33.707815],[114.653644,33.711081],[114.65508,33.717789],[114.654222,33.75309],[114.674368,33.755124],[114.687444,33.760962],[114.689662,33.760894],[114.691158,33.757758],[114.693733,33.757691],[114.707737,33.759141],[114.718162,33.762794],[114.718739,33.788791],[114.7166,33.793351],[114.716958,33.799914],[114.723739,33.806983],[114.724522,33.813865],[114.723097,33.819711],[114.715604,33.828404],[114.715239,33.834036],[114.720673,33.837573],[114.721882,33.840498],[114.719194,33.843919],[114.720687,33.847742],[114.7159,33.848266],[114.714606,33.850474],[114.71432,33.861385],[114.707817,33.871716],[114.705817,33.878596],[114.715393,33.896225],[114.718889,33.907141],[114.727035,33.919612]]]}},{"type":"Feature","properties":{"dt_adcode":"411621"},"geometry":{"type":"Polygon","coordinates":[[[114.314676,33.859855],[114.314282,33.863068],[114.315846,33.865751],[114.311318,33.871421],[114.316328,33.882026],[114.311891,33.881867],[114.305389,33.890671],[114.299895,33.953042],[114.302863,33.959648],[114.310333,33.959976],[114.310549,33.963297],[114.306796,33.972114],[114.307057,33.978249],[114.312241,33.981612],[114.31066,33.994211],[114.307815,33.994346],[114.307836,33.997467],[114.305933,33.997464],[114.305813,33.999384],[114.296797,33.998825],[114.296633,34.00113],[114.29368,34.000896],[114.29317,34.004956],[114.287685,34.00569],[114.286946,34.013531],[114.28853,34.020591],[114.281959,34.046598],[114.279815,34.050447],[114.27668,34.052157],[114.272261,34.051867],[114.271115,34.053792],[114.270404,34.063206],[114.262137,34.095867],[114.262857,34.098148],[114.273403,34.102576],[114.273829,34.107532],[114.285102,34.120879],[114.288031,34.133898],[114.275268,34.174646],[114.277397,34.175195],[114.277667,34.177196],[114.274686,34.175593],[114.274687,34.180815],[114.278108,34.190201],[114.276198,34.190789],[114.276528,34.19308],[114.281642,34.202408],[114.283702,34.201009],[114.287655,34.206966],[114.286626,34.215978],[114.285995,34.218228],[114.283654,34.218555],[114.284025,34.221907],[114.280173,34.223584],[114.279343,34.226974],[114.273041,34.22789],[114.272653,34.242345],[114.268053,34.242843],[114.265363,34.246183],[114.266503,34.247134],[114.259916,34.251233],[114.260456,34.253874],[114.267515,34.256952],[114.271276,34.27081],[114.274627,34.274878],[114.282973,34.277026],[114.287898,34.276532],[114.298453,34.268163],[114.328871,34.267289],[114.344225,34.251804],[114.356441,34.247191],[114.370608,34.244539],[114.385699,34.243859],[114.39658,34.247291],[114.405815,34.248008],[114.409945,34.251538],[114.414934,34.263932],[114.430921,34.266114],[114.437931,34.268674],[114.456429,34.290755],[114.455711,34.294108],[114.449816,34.297758],[114.44256,34.300695],[114.430674,34.302278],[114.425552,34.305636],[114.424529,34.309033],[114.426571,34.309568],[114.425382,34.310209],[114.434488,34.313902],[114.432352,34.321919],[114.434619,34.322026],[114.433242,34.324729],[114.435258,34.324857],[114.435518,34.328778],[114.436745,34.325905],[114.437025,34.328716],[114.433442,34.330911],[114.433222,34.332622],[114.427721,34.333829],[114.430258,34.337308],[114.432853,34.337315],[114.432933,34.335995],[114.439909,34.336386],[114.440627,34.332623],[114.438592,34.331825],[114.438572,34.328014],[114.442094,34.326088],[114.445246,34.326893],[114.446613,34.322829],[114.449226,34.322795],[114.452856,34.319996],[114.46393,34.321063],[114.461969,34.322799],[114.46181,34.325961],[114.459704,34.326734],[114.462019,34.327191],[114.462618,34.330651],[114.479334,34.32963],[114.485932,34.325046],[114.490765,34.316293],[114.496661,34.309999],[114.509864,34.309746],[114.515476,34.313653],[114.519384,34.313426],[114.52471,34.306278],[114.526454,34.295925],[114.529771,34.296536],[114.528067,34.29594],[114.528655,34.290766],[114.52703,34.28945],[114.526233,34.28472],[114.528515,34.284744],[114.528634,34.282252],[114.531713,34.284425],[114.538031,34.282147],[114.543114,34.282595],[114.543622,34.286735],[114.55439,34.287051],[114.555311,34.284656],[114.551628,34.284966],[114.552714,34.277651],[114.55049,34.277335],[114.5506,34.27554],[114.551158,34.272051],[114.553411,34.272017],[114.553651,34.269555],[114.556742,34.269519],[114.555675,34.26821],[114.573155,34.270712],[114.580732,34.269602],[114.581102,34.272443],[114.589751,34.272687],[114.589861,34.273757],[114.602074,34.271002],[114.602564,34.268301],[114.611485,34.261071],[114.612006,34.255168],[114.608296,34.229096],[114.611221,34.219075],[114.616569,34.212374],[114.613356,34.203313],[114.613928,34.201388],[114.619851,34.198252],[114.620701,34.182169],[114.618069,34.180456],[114.597954,34.1771],[114.572533,34.177299],[114.55987,34.173609],[114.555601,34.167698],[114.553895,34.156113],[114.545646,34.15342],[114.538966,34.147304],[114.53861,34.134467],[114.53925,34.128474],[114.544363,34.120508],[114.549554,34.11686],[114.552471,34.108722],[114.551474,34.101237],[114.540881,34.090528],[114.541373,34.077261],[114.544859,34.066056],[114.565125,34.067476],[114.56982,34.072318],[114.574447,34.074024],[114.583486,34.068238],[114.593389,34.066591],[114.597735,34.063451],[114.602646,34.048937],[114.60215,34.039738],[114.599008,34.033319],[114.587896,34.029402],[114.587825,34.015316],[114.579918,34.007123],[114.578495,33.995214],[114.590744,33.976912],[114.608913,33.965142],[114.61091,33.962432],[114.601431,33.956868],[114.584828,33.953916],[114.57337,33.954784],[114.56113,33.949311],[114.555511,33.950857],[114.553876,33.957064],[114.543923,33.957586],[114.542434,33.954023],[114.533549,33.951908],[114.500092,33.937278],[114.491998,33.935233],[114.4893,33.931247],[114.487734,33.923123],[114.489013,33.911138],[114.488085,33.890068],[114.470397,33.882984],[114.426298,33.882667],[114.414046,33.878182],[114.406637,33.878682],[114.396942,33.875007],[114.392453,33.87101],[114.372404,33.863286],[114.342768,33.855501],[114.338986,33.851499],[114.334838,33.850135],[114.331838,33.852198],[114.331195,33.854549],[114.332986,33.860687],[114.331483,33.862966],[114.314676,33.859855]]]}},{"type":"Feature","properties":{"dt_adcode":"411622"},"geometry":{"type":"Polygon","coordinates":[[[114.584015,33.606944],[114.581406,33.604901],[114.576136,33.604763],[114.563402,33.612628],[114.554682,33.609916],[114.546157,33.615464],[114.535705,33.610799],[114.531484,33.611808],[114.524982,33.626717],[114.510249,33.651919],[114.507906,33.655529],[114.503644,33.657431],[114.491529,33.652172],[114.486877,33.651936],[114.478195,33.656678],[114.469052,33.658544],[114.458678,33.667538],[114.455865,33.667151],[114.451242,33.662847],[114.448047,33.66246],[114.430471,33.667744],[114.423815,33.671922],[114.415976,33.667878],[114.405046,33.673442],[114.401514,33.672159],[114.398519,33.668663],[114.390314,33.669407],[114.386962,33.670848],[114.385677,33.673664],[114.387076,33.682544],[114.385323,33.688017],[114.377192,33.692431],[114.3632,33.692394],[114.347561,33.697859],[114.341457,33.697472],[114.334779,33.69368],[114.332457,33.693888],[114.328963,33.703261],[114.321781,33.709202],[114.321574,33.722556],[114.311967,33.723752],[114.304649,33.729035],[114.295724,33.729558],[114.290946,33.735006],[114.279888,33.737545],[114.272188,33.743066],[114.269548,33.742637],[114.258456,33.729279],[114.255645,33.720954],[114.254758,33.710508],[114.248139,33.703733],[114.226193,33.696921],[114.219383,33.696577],[114.214241,33.691329],[114.204191,33.692669],[114.196465,33.690915],[114.186547,33.682531],[114.185747,33.678467],[114.187247,33.673244],[114.184495,33.671542],[114.178767,33.671678],[114.173713,33.66451],[114.169561,33.664769],[114.162257,33.669953],[114.157554,33.667752],[114.152649,33.662239],[114.152098,33.65702],[114.153949,33.653653],[114.152213,33.651186],[114.138136,33.65083],[114.12543,33.652852],[114.116406,33.651371],[114.118213,33.671606],[114.115422,33.681215],[114.115848,33.684573],[114.111027,33.685527],[114.097717,33.683201],[114.096794,33.696093],[114.091979,33.709552],[114.09152,33.716398],[114.093674,33.726029],[114.102767,33.733305],[114.107148,33.740703],[114.107166,33.745809],[114.104247,33.74934],[114.10382,33.755969],[114.098081,33.758331],[114.097407,33.764128],[114.131918,33.768108],[114.142035,33.765926],[114.140317,33.769571],[114.139961,33.783096],[114.133475,33.792392],[114.134776,33.806396],[114.135572,33.807803],[114.147592,33.810926],[114.155046,33.809309],[114.1563,33.803546],[114.161476,33.799804],[114.17059,33.803121],[114.17477,33.801197],[114.177047,33.806684],[114.179124,33.805341],[114.179478,33.799315],[114.189232,33.802131],[114.195637,33.799873],[114.197342,33.797732],[114.20367,33.800574],[114.207446,33.797535],[114.212024,33.806228],[114.211495,33.798119],[114.217591,33.793139],[114.229257,33.792786],[114.234826,33.790671],[114.240312,33.791866],[114.242591,33.790795],[114.245079,33.782057],[114.249778,33.779275],[114.272442,33.774574],[114.280717,33.770658],[114.287422,33.770734],[114.296562,33.776452],[114.309982,33.781357],[114.313051,33.787211],[114.313053,33.80012],[114.315627,33.807079],[114.324409,33.815009],[114.323354,33.832886],[114.316109,33.833189],[114.315555,33.836923],[114.312524,33.838006],[114.310723,33.84265],[114.301324,33.842182],[114.301114,33.852362],[114.312343,33.853396],[114.313415,33.856617],[114.312158,33.859265],[114.331483,33.862966],[114.332986,33.860687],[114.330986,33.857045],[114.331838,33.852198],[114.334838,33.850135],[114.337055,33.850498],[114.342768,33.855501],[114.372404,33.863286],[114.392453,33.87101],[114.396942,33.875007],[114.406637,33.878682],[114.414046,33.878182],[114.426298,33.882667],[114.460162,33.883722],[114.468261,33.882561],[114.487022,33.889001],[114.489013,33.911138],[114.487517,33.920271],[114.490148,33.933242],[114.491998,33.935233],[114.500092,33.937278],[114.533549,33.951908],[114.542434,33.954023],[114.543923,33.957586],[114.553876,33.957064],[114.555511,33.950857],[114.56113,33.949311],[114.57337,33.954784],[114.584828,33.953916],[114.601431,33.956868],[114.614297,33.965527],[114.617085,33.973978],[114.619726,33.976834],[114.627146,33.979693],[114.634072,33.976918],[114.647424,33.965597],[114.655059,33.961687],[114.664349,33.960564],[114.683784,33.963275],[114.690786,33.957582],[114.701501,33.935958],[114.712649,33.932196],[114.727035,33.919612],[114.718889,33.907141],[114.715393,33.896225],[114.705817,33.878596],[114.707817,33.871716],[114.71432,33.861385],[114.714606,33.850474],[114.7159,33.848266],[114.720687,33.847742],[114.719194,33.843919],[114.721882,33.840498],[114.720673,33.837573],[114.715239,33.834036],[114.715604,33.828404],[114.723097,33.819711],[114.724522,33.813865],[114.723739,33.806983],[114.716958,33.799914],[114.7166,33.793351],[114.718739,33.788791],[114.718162,33.762794],[114.707737,33.759141],[114.693733,33.757691],[114.691158,33.757758],[114.689662,33.760894],[114.687444,33.760962],[114.674368,33.755124],[114.654222,33.75309],[114.65508,33.717789],[114.653644,33.711081],[114.652079,33.711078],[114.648791,33.700803],[114.637574,33.697363],[114.635218,33.686519],[114.632862,33.683521],[114.619942,33.685006],[114.610241,33.681899],[114.607246,33.683253],[114.601761,33.689958],[114.594916,33.691099],[114.589789,33.689747],[114.586727,33.684257],[114.603251,33.658112],[114.604396,33.65287],[114.608629,33.648931],[114.608473,33.638251],[114.610692,33.632302],[114.595291,33.626662],[114.583138,33.618987],[114.582163,33.615746],[114.584015,33.606944]]]}},{"type":"Feature","properties":{"dt_adcode":"411623"},"geometry":{"type":"Polygon","coordinates":[[[114.24909,33.704314],[114.254758,33.710508],[114.255645,33.720954],[114.258456,33.729279],[114.269548,33.742637],[114.272188,33.743066],[114.279888,33.737545],[114.290946,33.735006],[114.295724,33.729558],[114.304649,33.729035],[114.311967,33.723752],[114.321574,33.722556],[114.321781,33.709202],[114.328963,33.703261],[114.332457,33.693888],[114.334779,33.69368],[114.341457,33.697472],[114.347561,33.697859],[114.3632,33.692394],[114.377192,33.692431],[114.383724,33.68937],[114.386964,33.684578],[114.385677,33.673664],[114.388213,33.669956],[114.398519,33.668663],[114.401514,33.672159],[114.405046,33.673442],[114.415976,33.667878],[114.423815,33.671922],[114.430471,33.667744],[114.448047,33.66246],[114.451242,33.662847],[114.455865,33.667151],[114.458678,33.667538],[114.469052,33.658544],[114.478195,33.656678],[114.486877,33.651936],[114.491529,33.652172],[114.503644,33.657431],[114.507906,33.655529],[114.510249,33.651919],[114.524982,33.626717],[114.531484,33.611808],[114.535705,33.610799],[114.546157,33.615464],[114.554682,33.609916],[114.563402,33.612628],[114.576136,33.604763],[114.581406,33.604901],[114.584015,33.606944],[114.590275,33.602749],[114.582939,33.594766],[114.584689,33.588915],[114.586328,33.587844],[114.601534,33.582755],[114.61247,33.590384],[114.619013,33.591628],[114.619243,33.586356],[114.623266,33.584809],[114.623856,33.58622],[114.627449,33.585453],[114.632719,33.578809],[114.657799,33.571614],[114.660227,33.565863],[114.662587,33.563696],[114.665531,33.563801],[114.665279,33.5616],[114.667735,33.561225],[114.66829,33.566356],[114.666618,33.566489],[114.66476,33.575385],[114.672216,33.575879],[114.672436,33.573418],[114.673859,33.573411],[114.673869,33.567129],[114.674412,33.57083],[114.68059,33.573472],[114.683599,33.564334],[114.697786,33.562703],[114.703059,33.557889],[114.710252,33.556149],[114.714146,33.549119],[114.740019,33.549349],[114.745902,33.547131],[114.757004,33.546372],[114.759674,33.54128],[114.758003,33.533507],[114.759503,33.529545],[114.774833,33.507889],[114.783853,33.500377],[114.789017,33.501222],[114.801339,33.512401],[114.806411,33.524649],[114.803088,33.536599],[114.807451,33.542925],[114.814896,33.548704],[114.817202,33.552842],[114.82566,33.554264],[114.826777,33.561762],[114.835284,33.559736],[114.868977,33.525905],[114.869805,33.518932],[114.867959,33.513503],[114.856154,33.513047],[114.853758,33.495747],[114.84027,33.494442],[114.847304,33.481953],[114.838628,33.472503],[114.821884,33.469736],[114.820463,33.468241],[114.820255,33.461037],[114.804314,33.455285],[114.800248,33.437849],[114.797336,33.434785],[114.789006,33.430803],[114.791562,33.424308],[114.787218,33.412043],[114.793631,33.396732],[114.790779,33.388888],[114.79441,33.378326],[114.794192,33.366163],[114.801669,33.352027],[114.801167,33.347889],[114.788997,33.34366],[114.781514,33.335108],[114.767697,33.332977],[114.76335,33.329838],[114.761135,33.313822],[114.748157,33.311896],[114.743311,33.308897],[114.745872,33.297554],[114.712432,33.302393],[114.705789,33.302168],[114.691463,33.298059],[114.685252,33.298225],[114.682425,33.302574],[114.684644,33.314117],[114.675031,33.314312],[114.670464,33.309756],[114.666027,33.311281],[114.665532,33.313421],[114.669708,33.319422],[114.660853,33.324773],[114.657819,33.337556],[114.651427,33.344537],[114.645566,33.34624],[114.633751,33.342352],[114.625079,33.341631],[114.618051,33.343124],[114.60528,33.357761],[114.5874,33.364348],[114.585728,33.374819],[114.574728,33.376969],[114.573836,33.380682],[114.577823,33.388257],[114.571992,33.39604],[114.572418,33.406846],[114.564449,33.418557],[114.563029,33.423341],[114.560535,33.424628],[114.552285,33.427429],[114.5471,33.424086],[114.537219,33.426607],[114.523154,33.418977],[114.488636,33.417546],[114.490445,33.434805],[114.489451,33.438125],[114.480111,33.443107],[114.472223,33.441899],[114.466824,33.437561],[114.462238,33.438303],[114.460144,33.443552],[114.460396,33.453396],[114.450512,33.45971],[114.446599,33.464567],[114.40794,33.460892],[114.402065,33.456718],[114.379418,33.453651],[114.371032,33.445919],[114.368956,33.446594],[114.364924,33.454257],[114.351719,33.450561],[114.349398,33.452626],[114.348972,33.459829],[114.347234,33.462391],[114.30791,33.481296],[114.303086,33.481894],[114.299627,33.478502],[114.284657,33.47257],[114.283876,33.483658],[114.279491,33.490662],[114.283487,33.501044],[114.280561,33.512652],[114.291472,33.525984],[114.295333,33.553772],[114.293231,33.557265],[114.28285,33.558679],[114.280636,33.560872],[114.278639,33.570143],[114.265376,33.593244],[114.26588,33.597917],[114.278503,33.602559],[114.279711,33.616042],[114.277359,33.621745],[114.268522,33.628979],[114.264955,33.635254],[114.264176,33.654726],[114.260827,33.661965],[114.260612,33.678012],[114.250776,33.693238],[114.250994,33.699587],[114.24909,33.704314]]]}},{"type":"Feature","properties":{"dt_adcode":"411624"},"geometry":{"type":"Polygon","coordinates":[[[115.315635,33.425163],[115.317348,33.418229],[115.328674,33.403572],[115.329422,33.400256],[115.327133,33.394651],[115.320172,33.388396],[115.313272,33.377095],[115.313055,33.37367],[115.316134,33.370983],[115.343117,33.370697],[115.343377,33.367505],[115.338088,33.364937],[115.338548,33.363018],[115.346829,33.358693],[115.349428,33.347216],[115.348357,33.338974],[115.351645,33.337768],[115.361857,33.338285],[115.365005,33.336008],[115.358784,33.311454],[115.362176,33.301525],[115.361323,33.298635],[115.354103,33.297909],[115.349249,33.300469],[115.343638,33.301119],[115.335029,33.298074],[115.333797,33.284729],[115.336889,33.282118],[115.340681,33.272315],[115.34092,33.263551],[115.329729,33.250561],[115.331016,33.234422],[115.324838,33.228273],[115.317686,33.225157],[115.315363,33.220479],[115.316259,33.218394],[115.326402,33.215094],[115.326402,33.211349],[115.313613,33.206474],[115.300861,33.204294],[115.296779,33.201327],[115.295009,33.19698],[115.293809,33.190337],[115.297824,33.185436],[115.294358,33.177892],[115.2947,33.17403],[115.300171,33.162991],[115.298468,33.153525],[115.300286,33.152763],[115.300559,33.150668],[115.303571,33.149969],[115.301484,33.14162],[115.298637,33.140577],[115.292855,33.143388],[115.290924,33.133359],[115.289246,33.13195],[115.283466,33.135081],[115.26958,33.137855],[115.267191,33.133339],[115.265019,33.132482],[115.246311,33.136371],[115.239967,33.127883],[115.220099,33.124761],[115.20984,33.113481],[115.204919,33.118932],[115.197138,33.12144],[115.194611,33.120697],[115.179459,33.11377],[115.172416,33.108076],[115.168638,33.099592],[115.167927,33.088747],[115.147713,33.083681],[115.111108,33.082931],[115.066061,33.085271],[115.059459,33.082709],[115.057423,33.083741],[115.053847,33.092651],[115.041257,33.08663],[115.023375,33.090736],[115.010568,33.098262],[114.996539,33.099629],[114.990633,33.102252],[114.992141,33.121751],[114.982838,33.125649],[114.981444,33.129087],[114.969694,33.132361],[114.968014,33.140301],[114.973694,33.144528],[114.980485,33.146349],[114.997447,33.180823],[115.009879,33.180535],[115.010375,33.17588],[115.012309,33.175172],[115.014025,33.169576],[115.025657,33.171396],[115.040969,33.165943],[115.054298,33.166436],[115.060555,33.162917],[115.062234,33.16367],[115.061592,33.176173],[115.064776,33.17832],[115.064421,33.188094],[115.063133,33.189625],[115.058591,33.19017],[115.05806,33.192273],[115.059202,33.215837],[115.063816,33.235271],[115.064248,33.291921],[115.066676,33.303234],[115.062249,33.311714],[115.055174,33.314413],[115.053887,33.3239],[115.048526,33.338656],[115.051312,33.340588],[115.06447,33.342362],[115.069116,33.34508],[115.07097,33.35985],[115.069258,33.372867],[115.063831,33.38256],[115.055572,33.382492],[115.052108,33.384445],[115.043073,33.398033],[115.022425,33.407682],[115.016838,33.411759],[115.021668,33.41788],[115.025183,33.419011],[115.028177,33.425777],[115.027131,33.432901],[115.028387,33.446881],[115.035817,33.447263],[115.045764,33.452067],[115.052444,33.452474],[115.055397,33.456276],[115.052464,33.464527],[115.053361,33.469523],[115.064727,33.478944],[115.072478,33.481167],[115.071226,33.489118],[115.064329,33.496829],[115.06305,33.501749],[115.064051,33.508794],[115.059258,33.519467],[115.059224,33.528312],[115.08759,33.516069],[115.093906,33.514718],[115.113017,33.523262],[115.14194,33.515727],[115.146351,33.515541],[115.149168,33.518088],[115.159487,33.517143],[115.160692,33.516498],[115.160197,33.512077],[115.162259,33.506439],[115.170938,33.50093],[115.17578,33.491112],[115.17642,33.479412],[115.188443,33.474468],[115.195979,33.462113],[115.198542,33.453406],[115.202666,33.4478],[115.227802,33.439348],[115.243476,33.436625],[115.283138,33.433606],[115.289135,33.426799],[115.315635,33.425163]]]}},{"type":"Feature","properties":{"dt_adcode":"411625"},"geometry":{"type":"Polygon","coordinates":[[[115.08941,33.816707],[115.109461,33.805463],[115.116824,33.793688],[115.124103,33.794259],[115.126268,33.790514],[115.130572,33.792201],[115.133407,33.790215],[115.141855,33.789964],[115.143333,33.793093],[115.146778,33.795018],[115.14722,33.798386],[115.163872,33.790352],[115.182194,33.790531],[115.192442,33.793935],[115.206566,33.805518],[115.216706,33.805896],[115.228461,33.800606],[115.250193,33.798719],[115.251443,33.795652],[115.248587,33.794014],[115.24837,33.790413],[115.254003,33.788415],[115.264665,33.780552],[115.280547,33.781116],[115.297038,33.779603],[115.308328,33.785807],[115.322438,33.779448],[115.343955,33.77612],[115.364084,33.775629],[115.378029,33.764902],[115.379324,33.761693],[115.386146,33.759283],[115.395476,33.749744],[115.400574,33.748159],[115.421716,33.749734],[115.440816,33.759333],[115.44973,33.760202],[115.457125,33.756185],[115.465392,33.755007],[115.466879,33.738387],[115.475341,33.729921],[115.480238,33.727859],[115.506367,33.729602],[115.507612,33.731122],[115.551698,33.731002],[115.567492,33.728387],[115.577343,33.722899],[115.580974,33.717974],[115.585889,33.717614],[115.598215,33.725381],[115.601581,33.716923],[115.596626,33.70785],[115.596304,33.700324],[115.607163,33.689054],[115.599601,33.688289],[115.598263,33.683546],[115.599156,33.676397],[115.60279,33.672329],[115.601129,33.658804],[115.609554,33.643905],[115.617284,33.633179],[115.625032,33.625624],[115.639743,33.585118],[115.620796,33.582692],[115.620439,33.578681],[115.618695,33.578584],[115.618139,33.582371],[115.601146,33.578168],[115.565028,33.576354],[115.563899,33.568159],[115.559343,33.56196],[115.557075,33.561964],[115.551309,33.565971],[115.542213,33.565779],[115.528569,33.562711],[115.522886,33.558876],[115.516062,33.557185],[115.511305,33.553348],[115.508252,33.553713],[115.503021,33.558153],[115.501853,33.564359],[115.500582,33.564791],[115.484953,33.558632],[115.4743,33.557333],[115.468321,33.56119],[115.463703,33.567211],[115.459643,33.566721],[115.45282,33.561664],[115.445864,33.562346],[115.416154,33.555379],[115.415964,33.551232],[115.410805,33.550283],[115.410342,33.546197],[115.412103,33.546137],[115.411628,33.543763],[115.417989,33.542371],[115.416724,33.537655],[115.413843,33.539499],[115.406279,33.533772],[115.407333,33.528514],[115.40174,33.524365],[115.405365,33.516688],[115.402747,33.509446],[115.396816,33.501991],[115.393711,33.50754],[115.390407,33.509463],[115.38948,33.506417],[115.389303,33.510122],[115.379819,33.515704],[115.372587,33.516341],[115.372805,33.519583],[115.366571,33.523454],[115.361518,33.516948],[115.346729,33.504868],[115.345852,33.499674],[115.348576,33.498026],[115.348381,33.492184],[115.351239,33.490394],[115.350452,33.487719],[115.348789,33.48808],[115.347831,33.483649],[115.345506,33.484388],[115.343823,33.480857],[115.348867,33.478966],[115.349084,33.471061],[115.346794,33.463922],[115.346941,33.45076],[115.335929,33.447304],[115.324571,33.457613],[115.323664,33.448788],[115.316372,33.448918],[115.319007,33.441481],[115.315636,33.43144],[115.315635,33.425163],[115.289135,33.426799],[115.283138,33.433606],[115.243476,33.436625],[115.227802,33.439348],[115.205517,33.446297],[115.198542,33.453406],[115.195979,33.462113],[115.188443,33.474468],[115.17642,33.479412],[115.17578,33.491112],[115.170938,33.50093],[115.162259,33.506439],[115.160197,33.512077],[115.160692,33.516498],[115.149168,33.518088],[115.146351,33.515541],[115.14194,33.515727],[115.113017,33.523262],[115.093906,33.514718],[115.08759,33.516069],[115.059224,33.528312],[115.05726,33.552168],[115.053187,33.55965],[115.053257,33.563432],[115.0652,33.600527],[115.045393,33.619668],[115.035134,33.622879],[115.022651,33.630431],[115.019873,33.633569],[115.017817,33.640731],[115.015081,33.642479],[115.01625,33.650285],[115.012651,33.656283],[115.010431,33.666609],[115.012008,33.672606],[115.015799,33.677627],[115.024817,33.683715],[115.025002,33.700886],[115.026823,33.704814],[115.047893,33.722361],[115.048322,33.744239],[115.049541,33.745882],[115.062736,33.750635],[115.067556,33.754316],[115.069557,33.75842],[115.072133,33.773775],[115.078915,33.776475],[115.080377,33.785142],[115.09052,33.79344],[115.091302,33.798327],[115.089166,33.808042],[115.08941,33.816707]]]}},{"type":"Feature","properties":{"dt_adcode":"411627"},"geometry":{"type":"Polygon","coordinates":[[[115.126247,34.209459],[115.11869,34.189957],[115.121543,34.182895],[115.132582,34.172328],[115.134142,34.159095],[115.13343,34.154247],[115.12788,34.146765],[115.125953,34.131255],[115.119394,34.122058],[115.123453,34.1166],[115.126158,34.105186],[115.118186,34.09863],[115.118733,34.087638],[115.120159,34.086885],[115.11757,34.085216],[115.120198,34.084264],[115.120577,34.078182],[115.118818,34.076603],[115.11607,34.077985],[115.115212,34.073845],[115.116849,34.075054],[115.116669,34.073603],[115.117179,34.074594],[115.119208,34.072712],[115.116718,34.066331],[115.128679,34.064152],[115.128979,34.060791],[115.133644,34.06086],[115.138197,34.057782],[115.140043,34.055854],[115.139687,34.050613],[115.12851,34.036861],[115.121182,34.024279],[115.118403,34.02445],[115.118644,34.026981],[115.114286,34.027543],[115.114316,34.029324],[115.112796,34.029455],[115.112936,34.027374],[115.110276,34.025924],[115.109726,34.021113],[115.079725,34.023121],[115.07088,34.021799],[115.071139,34.013748],[115.083087,34.014274],[115.085132,34.010914],[115.084651,34.007712],[115.082418,34.007951],[115.083224,34.003176],[115.065648,33.985431],[115.062289,33.977598],[115.065759,33.973539],[115.065646,33.97015],[115.058859,33.964611],[115.057282,33.955676],[115.050884,33.951563],[115.049561,33.947958],[115.049882,33.943162],[115.05299,33.939674],[115.060997,33.938835],[115.070001,33.935588],[115.068166,33.934616],[115.066381,33.926921],[115.064768,33.926989],[115.066301,33.925501],[115.064516,33.925568],[115.063625,33.923796],[115.033195,33.925507],[115.028429,33.924314],[115.021072,33.919541],[115.016214,33.922317],[115.012921,33.922368],[115.012949,33.924085],[115.008545,33.923955],[115.007399,33.912479],[115.010651,33.912189],[115.009587,33.908544],[115.006556,33.908555],[115.005676,33.905759],[115.001698,33.906571],[114.995379,33.900185],[114.972337,33.905113],[114.962254,33.910364],[114.936604,33.910354],[114.923887,33.91305],[114.884459,33.909026],[114.871714,33.912962],[114.858976,33.913444],[114.83983,33.906846],[114.795855,33.902466],[114.78176,33.906405],[114.74626,33.908447],[114.739312,33.910174],[114.737809,33.912454],[114.732275,33.913376],[114.712649,33.932196],[114.703075,33.934391],[114.690786,33.957582],[114.683784,33.963275],[114.664349,33.960564],[114.655059,33.961687],[114.647424,33.965597],[114.634072,33.976918],[114.627146,33.979693],[114.619726,33.976834],[114.617085,33.973978],[114.614297,33.965527],[114.61091,33.962432],[114.608913,33.965142],[114.590744,33.976912],[114.578495,33.995214],[114.579918,34.007123],[114.587825,34.015316],[114.587896,34.029402],[114.599008,34.033319],[114.60215,34.039738],[114.602646,34.048937],[114.597735,34.063451],[114.593389,34.066591],[114.583486,34.068238],[114.574447,34.074024],[114.56982,34.072318],[114.565125,34.067476],[114.560925,34.066628],[114.546702,34.065553],[114.543717,34.067627],[114.542446,34.071552],[114.540881,34.090528],[114.550124,34.099456],[114.552756,34.104158],[114.551329,34.114004],[114.544363,34.120508],[114.53925,34.128474],[114.538473,34.144809],[114.540385,34.149795],[114.545646,34.15342],[114.553895,34.156113],[114.555601,34.167698],[114.557662,34.171618],[114.563498,34.175459],[114.572533,34.177299],[114.597954,34.1771],[114.618069,34.180456],[114.620701,34.182169],[114.619851,34.198252],[114.613928,34.201388],[114.613356,34.203313],[114.616569,34.212374],[114.611221,34.219075],[114.608296,34.229096],[114.612006,34.255168],[114.611485,34.261071],[114.625713,34.25976],[114.634064,34.261892],[114.642727,34.252783],[114.647347,34.250337],[114.664638,34.250921],[114.676608,34.244595],[114.702261,34.244499],[114.711114,34.242231],[114.719791,34.236696],[114.726074,34.22604],[114.730428,34.225224],[114.752726,34.233635],[114.75757,34.236846],[114.762068,34.251413],[114.764663,34.254432],[114.76859,34.25413],[114.769139,34.252489],[114.772638,34.254968],[114.773827,34.253947],[114.773776,34.255398],[114.77978,34.254512],[114.782669,34.259632],[114.787652,34.261387],[114.792955,34.261181],[114.793174,34.258819],[114.80216,34.260317],[114.812769,34.259],[114.813119,34.257359],[114.816103,34.260785],[114.821362,34.261386],[114.820564,34.263418],[114.823617,34.263143],[114.823767,34.266424],[114.824905,34.265461],[114.825534,34.26708],[114.832958,34.269647],[114.833347,34.273648],[114.83219,34.275702],[114.829436,34.276157],[114.829919,34.278594],[114.834401,34.282543],[114.845462,34.280705],[114.867771,34.271054],[114.894798,34.265339],[114.896507,34.265803],[114.898504,34.269708],[114.901967,34.284561],[114.908452,34.284133],[114.913871,34.281494],[114.933718,34.282152],[114.940876,34.276896],[114.940832,34.27423],[114.943723,34.273853],[114.962227,34.261907],[114.966302,34.261276],[114.977319,34.264657],[114.979393,34.263948],[114.986622,34.253413],[114.992346,34.25029],[114.998576,34.250096],[115.012963,34.253385],[115.03328,34.247237],[115.041084,34.246331],[115.04723,34.230261],[115.052453,34.224639],[115.087809,34.221409],[115.098233,34.216352],[115.109493,34.207614],[115.119551,34.210178],[115.126247,34.209459]]]}},{"type":"Feature","properties":{"dt_adcode":"411628"},"geometry":{"type":"Polygon","coordinates":[[[115.598215,33.725381],[115.585889,33.717614],[115.580974,33.717974],[115.577343,33.722899],[115.567492,33.728387],[115.551698,33.731002],[115.507612,33.731122],[115.506367,33.729602],[115.480238,33.727859],[115.475341,33.729921],[115.466879,33.738387],[115.465392,33.755007],[115.457125,33.756185],[115.44973,33.760202],[115.440816,33.759333],[115.421716,33.749734],[115.400574,33.748159],[115.395476,33.749744],[115.386146,33.759283],[115.379324,33.761693],[115.378029,33.764902],[115.364084,33.775629],[115.343955,33.77612],[115.322438,33.779448],[115.308328,33.785807],[115.297038,33.779603],[115.280547,33.781116],[115.264665,33.780552],[115.254003,33.788415],[115.24837,33.790413],[115.248587,33.794014],[115.251443,33.795652],[115.250193,33.798719],[115.228461,33.800606],[115.216706,33.805896],[115.206566,33.805518],[115.192442,33.793935],[115.182194,33.790531],[115.163872,33.790352],[115.14722,33.798386],[115.146778,33.795018],[115.143333,33.793093],[115.141855,33.789964],[115.133407,33.790215],[115.130572,33.792201],[115.126268,33.790514],[115.124103,33.794259],[115.116824,33.793688],[115.109461,33.805463],[115.08941,33.816707],[115.082345,33.824047],[115.078706,33.85881],[115.074064,33.869931],[115.073927,33.8843],[115.063993,33.887985],[115.064627,33.891534],[115.08076,33.894304],[115.08074,33.907161],[115.071364,33.910164],[115.066169,33.908978],[115.063089,33.910951],[115.063243,33.916514],[115.064827,33.916557],[115.066581,33.922271],[115.063635,33.924296],[115.066301,33.925501],[115.064768,33.926989],[115.066381,33.926921],[115.068166,33.934616],[115.070001,33.935588],[115.089566,33.933337],[115.107183,33.936332],[115.108181,33.939827],[115.106898,33.949669],[115.115022,33.961112],[115.119725,33.962965],[115.14038,33.959734],[115.146074,33.951382],[115.148569,33.950165],[115.163368,33.948822],[115.176466,33.950723],[115.180521,33.955208],[115.185069,33.955556],[115.189487,33.958116],[115.204147,33.971746],[115.203221,33.978237],[115.195467,33.98738],[115.198881,33.992223],[115.230421,33.974173],[115.243381,33.976161],[115.252295,33.982471],[115.254292,33.985608],[115.253904,34.012404],[115.258471,34.015328],[115.266104,34.017186],[115.294653,34.019172],[115.295079,34.014679],[115.289044,34.001354],[115.289548,33.99729],[115.292478,33.996152],[115.313725,33.995917],[115.318049,34.003485],[115.334451,34.006242],[115.340535,34.013686],[115.349034,34.018197],[115.356393,34.018604],[115.375394,34.006794],[115.402579,33.993372],[115.433715,33.986797],[115.457771,33.986223],[115.463747,34.006926],[115.474192,34.009254],[115.489254,34.017558],[115.50297,34.015449],[115.51334,34.019375],[115.530249,34.018826],[115.535647,34.021736],[115.549434,34.041136],[115.547593,34.07441],[115.543735,34.085179],[115.573712,34.086424],[115.586818,34.083628],[115.593296,34.085799],[115.599213,34.085798],[115.616182,34.082949],[115.621819,34.083808],[115.627527,34.087523],[115.634453,34.087674],[115.641945,34.084152],[115.64623,34.079951],[115.648081,34.06751],[115.650724,34.061666],[115.653584,34.060101],[115.654079,34.052969],[115.648009,34.046308],[115.649869,34.036203],[115.642227,34.032269],[115.627731,34.032377],[115.621368,34.030142],[115.618499,34.032958],[115.615067,34.03338],[115.607479,34.030349],[115.601852,34.025411],[115.601058,34.022992],[115.604089,34.019598],[115.606261,34.011628],[115.591971,34.009473],[115.587451,33.995445],[115.583384,33.99395],[115.584069,33.988636],[115.591682,33.985494],[115.589011,33.983301],[115.587874,33.976315],[115.578259,33.973434],[115.576334,33.958763],[115.578223,33.950988],[115.571463,33.948322],[115.569184,33.945508],[115.569963,33.932831],[115.5626,33.92719],[115.560893,33.919919],[115.56176,33.915523],[115.559768,33.91454],[115.568558,33.910001],[115.568288,33.90691],[115.566617,33.905165],[115.558935,33.904662],[115.555272,33.901817],[115.554631,33.898538],[115.559393,33.894731],[115.556232,33.889067],[115.548086,33.890261],[115.546562,33.888446],[115.54631,33.87527],[115.556685,33.876899],[115.559744,33.871818],[115.564222,33.871334],[115.571528,33.876572],[115.579522,33.87701],[115.591606,33.868322],[115.604641,33.866993],[115.610909,33.871445],[115.617294,33.871997],[115.620905,33.876117],[115.625439,33.871736],[115.629505,33.871382],[115.633502,33.867323],[115.633389,33.865397],[115.631468,33.864431],[115.633094,33.854393],[115.636672,33.849337],[115.63728,33.842669],[115.626713,33.836898],[115.625252,33.822794],[115.616142,33.819006],[115.616517,33.817013],[115.623327,33.811963],[115.62022,33.806191],[115.621184,33.796778],[115.614249,33.775636],[115.590542,33.783713],[115.58037,33.788916],[115.575642,33.786803],[115.573189,33.781689],[115.565608,33.780596],[115.563122,33.77279],[115.570016,33.765309],[115.569591,33.760851],[115.572866,33.754554],[115.585354,33.745339],[115.589134,33.738811],[115.595292,33.732943],[115.598215,33.725381]]]}},{"type":"Feature","properties":{"dt_adcode":"411681"},"geometry":{"type":"Polygon","coordinates":[[[114.897196,33.093673],[114.897194,33.080599],[114.894444,33.079691],[114.857485,33.075683],[114.856808,33.062611],[114.853003,33.053484],[114.845068,33.05332],[114.833938,33.059441],[114.827849,33.060505],[114.81793,33.060452],[114.802274,33.056714],[114.795117,33.068569],[114.776884,33.067928],[114.771576,33.069537],[114.770407,33.088286],[114.765844,33.090874],[114.761749,33.105358],[114.743318,33.106159],[114.741851,33.112991],[114.733858,33.113341],[114.731617,33.12076],[114.720867,33.125617],[114.720659,33.133824],[114.71766,33.136513],[114.716982,33.145253],[114.705766,33.148216],[114.705054,33.1602],[114.6968,33.161489],[114.688554,33.169108],[114.681369,33.170469],[114.697664,33.197075],[114.699953,33.209637],[114.705207,33.215103],[114.71752,33.221793],[114.719164,33.229749],[114.724024,33.238014],[114.723364,33.251072],[114.72849,33.249686],[114.729241,33.252309],[114.73028,33.251756],[114.730519,33.267167],[114.728164,33.277367],[114.730451,33.282257],[114.730164,33.285466],[114.728878,33.289389],[114.722386,33.295803],[114.7211,33.299725],[114.722396,33.301141],[114.745872,33.297554],[114.743311,33.308897],[114.748157,33.311896],[114.761135,33.313822],[114.76335,33.329838],[114.767697,33.332977],[114.781514,33.335108],[114.788997,33.34366],[114.801167,33.347889],[114.801669,33.352027],[114.794192,33.366163],[114.79441,33.378326],[114.790779,33.388888],[114.793631,33.396732],[114.787218,33.412043],[114.791562,33.424308],[114.789006,33.430803],[114.797336,33.434785],[114.800248,33.437849],[114.804314,33.455285],[114.820255,33.461037],[114.820463,33.468241],[114.821884,33.469736],[114.838628,33.472503],[114.847304,33.481953],[114.84027,33.494442],[114.853758,33.495747],[114.856154,33.513047],[114.867959,33.513503],[114.868616,33.509344],[114.872241,33.506696],[114.897805,33.495976],[114.907647,33.486719],[114.908897,33.483579],[114.907187,33.478694],[114.897239,33.475003],[114.896414,33.47044],[114.901403,33.458685],[114.907141,33.451693],[114.914174,33.449519],[114.925121,33.449614],[114.94866,33.45544],[114.957519,33.45257],[114.962202,33.447586],[114.967999,33.434849],[114.975287,33.424219],[114.986958,33.414352],[115.006251,33.417832],[115.022425,33.407682],[115.043073,33.398033],[115.05404,33.382988],[115.063831,33.38256],[115.069258,33.372867],[115.07097,33.35985],[115.069116,33.34508],[115.06447,33.342362],[115.051312,33.340588],[115.048526,33.338656],[115.053887,33.3239],[115.055174,33.314413],[115.062249,33.311714],[115.066676,33.303234],[115.064248,33.291921],[115.063816,33.235271],[115.059202,33.215837],[115.05806,33.192273],[115.058591,33.19017],[115.063133,33.189625],[115.065064,33.186204],[115.064776,33.17832],[115.061487,33.175424],[115.062234,33.16367],[115.059093,33.163271],[115.053262,33.166684],[115.040969,33.165943],[115.025657,33.171396],[115.015349,33.169224],[115.013171,33.170538],[115.008728,33.181315],[115.004178,33.179932],[114.997447,33.180823],[114.979739,33.145536],[114.973694,33.144528],[114.968879,33.141455],[114.965768,33.141647],[114.964081,33.143568],[114.966132,33.143444],[114.966363,33.146372],[114.964136,33.148346],[114.95989,33.146935],[114.958046,33.150007],[114.932665,33.153979],[114.932728,33.150561],[114.934389,33.15037],[114.933484,33.145733],[114.929145,33.143703],[114.927536,33.138963],[114.910238,33.136612],[114.907962,33.132897],[114.902935,33.129562],[114.902431,33.126316],[114.905035,33.124068],[114.906285,33.116575],[114.903541,33.105569],[114.897196,33.093673]]]}},{"type":"Feature","properties":{"dt_adcode":"411702"},"geometry":{"type":"Polygon","coordinates":[[[113.660373,32.850873],[113.661826,32.870361],[113.641717,32.888092],[113.619894,32.894689],[113.597906,32.897761],[113.583338,32.898469],[113.557951,32.894869],[113.555163,32.897766],[113.554328,32.903549],[113.563417,32.921702],[113.56703,32.92509],[113.567392,32.930386],[113.571679,32.941254],[113.568193,32.95813],[113.564859,32.958558],[113.556619,32.955559],[113.553302,32.956518],[113.546417,32.949601],[113.543086,32.950031],[113.544201,32.952481],[113.540722,32.955036],[113.533624,32.955199],[113.531059,32.953136],[113.515253,32.955447],[113.513556,32.961459],[113.519782,32.967897],[113.532424,32.964422],[113.545191,32.96519],[113.555384,32.970794],[113.550207,32.972502],[113.540579,32.972015],[113.54229,32.98064],[113.538247,32.992757],[113.544222,32.997041],[113.532249,33.011304],[113.535645,33.014195],[113.550046,33.003274],[113.5539,32.98462],[113.559161,32.985739],[113.572606,32.982872],[113.571424,32.997491],[113.591945,32.997576],[113.594225,33.003893],[113.595521,33.015948],[113.598942,33.018241],[113.601412,33.036192],[113.61017,33.049248],[113.612463,33.059096],[113.612172,33.065507],[113.5998,33.076725],[113.593836,33.088238],[113.593037,33.092974],[113.599439,33.106522],[113.610211,33.116577],[113.615162,33.12503],[113.617033,33.147276],[113.623251,33.148715],[113.628358,33.153009],[113.63416,33.136463],[113.639225,33.130713],[113.642502,33.130652],[113.649273,33.13377],[113.660636,33.133642],[113.670061,33.130847],[113.679069,33.12411],[113.680964,33.118815],[113.679294,33.114542],[113.684467,33.103611],[113.688551,33.082964],[113.697723,33.073054],[113.703642,33.058935],[113.724653,33.047844],[113.728604,33.040651],[113.729419,33.026343],[113.741193,33.024063],[113.743119,33.012044],[113.746157,33.005569],[113.754357,33.004737],[113.761807,32.999308],[113.766768,33.000091],[113.779269,33.010435],[113.78296,33.011183],[113.785759,33.00935],[113.784882,32.997168],[113.788174,32.994384],[113.796689,32.992017],[113.807547,32.991986],[113.825208,32.999519],[113.827077,33.001391],[113.827417,33.005313],[113.826569,33.017765],[113.827928,33.021003],[113.835066,33.026446],[113.835576,33.028321],[113.833706,33.030201],[113.823247,33.031948],[113.817394,33.038246],[113.822322,33.040966],[113.830365,33.038924],[113.840638,33.040326],[113.85189,33.045004],[113.851722,33.063764],[113.86192,33.068011],[113.872462,33.089654],[113.875412,33.091329],[113.893802,33.092695],[113.892449,33.099612],[113.897895,33.100462],[113.899938,33.107112],[113.901811,33.108305],[113.90377,33.107911],[113.907328,33.098718],[113.910793,33.096092],[113.93329,33.097326],[113.932055,33.085723],[113.933254,33.080556],[113.927191,33.076251],[113.92719,33.065166],[113.942366,33.053929],[113.946972,33.043533],[113.959262,33.044922],[113.963872,33.047831],[113.967118,33.054149],[113.971902,33.076673],[113.984545,33.089839],[113.98728,33.096157],[113.98899,33.109635],[113.991326,33.111619],[114.004712,33.11224],[114.014197,33.109113],[114.015391,33.093427],[114.017078,33.091154],[114.053656,33.088583],[114.053143,33.085341],[114.044604,33.071508],[114.040163,33.067404],[114.040675,33.064165],[114.044945,33.062299],[114.044944,33.059741],[114.039991,33.055465],[114.037941,33.046762],[114.040417,33.041738],[114.054248,33.037506],[114.05476,33.035972],[114.047759,33.025724],[114.060874,33.023865],[114.066629,33.031046],[114.081615,33.031908],[114.084359,33.034821],[114.110642,33.041134],[114.115671,33.041001],[114.121252,33.035471],[114.125489,33.035483],[114.127976,33.037804],[114.133971,33.036554],[114.134967,33.032717],[114.142683,33.023919],[114.168497,33.028045],[114.170947,33.025512],[114.176341,33.024629],[114.192436,33.024337],[114.209232,33.035486],[114.213236,33.036614],[114.23544,33.012404],[114.24071,33.00118],[114.240709,32.996028],[114.236265,32.985902],[114.236874,32.97944],[114.235044,32.976909],[114.244237,32.974765],[114.242407,32.971796],[114.244237,32.970137],[114.243103,32.965771],[114.244149,32.961318],[114.231306,32.937194],[114.220528,32.933604],[114.214434,32.935031],[114.209538,32.940822],[114.205187,32.941921],[114.200509,32.942583],[114.190068,32.939764],[114.178649,32.942514],[114.169786,32.93429],[114.163113,32.934254],[114.153078,32.938368],[114.138566,32.928447],[114.137339,32.923804],[114.139611,32.909694],[114.150887,32.899701],[114.15248,32.896591],[114.151865,32.893176],[114.149415,32.890986],[114.142635,32.891227],[114.135949,32.887409],[114.135723,32.884891],[114.147975,32.867148],[114.148174,32.862765],[114.139142,32.858526],[114.142809,32.848915],[114.141012,32.847516],[114.135024,32.853429],[114.13123,32.854535],[114.105241,32.855196],[114.103471,32.856871],[114.102581,32.862101],[114.092596,32.86152],[114.092583,32.864119],[114.096585,32.864553],[114.097768,32.868422],[114.091313,32.875845],[114.094562,32.878778],[114.090874,32.881349],[114.086691,32.887829],[114.060362,32.885781],[114.063581,32.872932],[114.060169,32.87292],[114.054694,32.867655],[114.050195,32.865804],[114.048048,32.867044],[114.044038,32.865934],[114.032408,32.855309],[114.026497,32.859755],[114.011816,32.859733],[114.005376,32.861611],[113.99723,32.856719],[113.983212,32.852945],[113.959767,32.852694],[113.954795,32.854128],[113.924042,32.851519],[113.914436,32.85653],[113.911037,32.856429],[113.877318,32.841882],[113.867037,32.838893],[113.860052,32.840205],[113.848379,32.83562],[113.845886,32.835625],[113.84429,32.839131],[113.811942,32.858197],[113.803154,32.85913],[113.787951,32.855844],[113.750732,32.857882],[113.743551,32.85893],[113.737472,32.864831],[113.735027,32.864651],[113.732286,32.856206],[113.729698,32.853489],[113.720212,32.854723],[113.712521,32.850017],[113.710236,32.851617],[113.709906,32.857307],[113.681034,32.862212],[113.670164,32.849028],[113.660373,32.850873]]]}},{"type":"Feature","properties":{"dt_adcode":"411721"},"geometry":{"type":"Polygon","coordinates":[[[114.192302,33.423993],[114.187143,33.416475],[114.183231,33.414276],[114.172282,33.413087],[114.170517,33.408872],[114.173874,33.402864],[114.18491,33.395081],[114.188637,33.394563],[114.184221,33.389707],[114.193913,33.382469],[114.159988,33.372738],[114.152691,33.366994],[114.145062,33.354692],[114.153241,33.327797],[114.158814,33.319024],[114.15858,33.313808],[114.162267,33.306049],[114.161618,33.302943],[114.15503,33.302514],[114.142875,33.308157],[114.138406,33.30648],[114.123757,33.305644],[114.122065,33.301079],[114.119879,33.301451],[114.119284,33.295559],[114.107857,33.285326],[114.101914,33.275466],[114.094339,33.270754],[114.096325,33.258342],[114.093288,33.2535],[114.093677,33.24709],[114.087931,33.247773],[114.07864,33.245475],[114.067719,33.237154],[114.032419,33.237891],[114.029399,33.241286],[114.020618,33.24242],[114.014194,33.245509],[114.011479,33.250048],[114.003967,33.251202],[113.989186,33.249668],[113.978177,33.253007],[113.963536,33.252986],[113.95797,33.2603],[113.925708,33.271028],[113.924762,33.275768],[113.928461,33.282787],[113.928333,33.301577],[113.924635,33.304289],[113.918194,33.304382],[113.903922,33.29658],[113.889592,33.298892],[113.879117,33.295795],[113.845705,33.296042],[113.839776,33.294778],[113.832834,33.290687],[113.82752,33.292004],[113.824257,33.289328],[113.821486,33.281583],[113.810216,33.277677],[113.801315,33.278264],[113.796908,33.281967],[113.788333,33.284429],[113.784027,33.282308],[113.774433,33.283968],[113.751443,33.28327],[113.739847,33.279865],[113.725918,33.279607],[113.719176,33.274889],[113.718584,33.267807],[113.716429,33.263062],[113.700357,33.246374],[113.699208,33.237165],[113.696782,33.233827],[113.69027,33.230345],[113.675575,33.230656],[113.658809,33.219754],[113.652897,33.213281],[113.649619,33.205617],[113.648948,33.185087],[113.63486,33.186863],[113.628396,33.185699],[113.620702,33.20171],[113.613809,33.211517],[113.606834,33.239779],[113.613172,33.26178],[113.618758,33.291501],[113.625542,33.308895],[113.639861,33.323491],[113.642219,33.34637],[113.639152,33.35524],[113.644097,33.358917],[113.646375,33.363389],[113.653521,33.370518],[113.675841,33.377121],[113.683895,33.392625],[113.690923,33.416854],[113.693079,33.418202],[113.710457,33.41699],[113.714221,33.431688],[113.766863,33.432155],[113.771155,33.435714],[113.799495,33.434786],[113.803002,33.437492],[113.805782,33.44618],[113.809514,33.450001],[113.814526,33.451111],[113.823213,33.457068],[113.82597,33.460739],[113.836598,33.461601],[113.847487,33.466844],[113.854646,33.476918],[113.85997,33.478824],[113.914158,33.478502],[113.917907,33.474676],[113.933768,33.465879],[113.943664,33.465174],[113.954356,33.473886],[113.967132,33.476865],[113.96889,33.482213],[113.982794,33.482928],[113.986068,33.488916],[113.991343,33.492123],[113.994781,33.500186],[113.997248,33.500693],[113.997107,33.502754],[114.0052,33.503919],[114.00528,33.5058],[114.007457,33.505916],[114.007116,33.507586],[114.012453,33.509451],[114.015484,33.522418],[114.03115,33.522941],[114.038582,33.529581],[114.04649,33.530877],[114.05216,33.528975],[114.058472,33.522449],[114.075549,33.517772],[114.089103,33.509771],[114.095767,33.510441],[114.099085,33.503112],[114.106786,33.504978],[114.106131,33.50667],[114.116305,33.510269],[114.119919,33.503914],[114.104042,33.49934],[114.105369,33.496209],[114.103535,33.491592],[114.106624,33.489187],[114.115839,33.488638],[114.124136,33.493956],[114.130949,33.494982],[114.129934,33.490298],[114.133342,33.485091],[114.132217,33.482814],[114.129812,33.482998],[114.129395,33.474985],[114.13129,33.472549],[114.141352,33.472379],[114.151497,33.468148],[114.149427,33.461331],[114.159079,33.45673],[114.171638,33.459],[114.177756,33.456995],[114.180379,33.453681],[114.180543,33.449773],[114.171083,33.445324],[114.170606,33.441977],[114.192302,33.423993]]]}},{"type":"Feature","properties":{"dt_adcode":"411722"},"geometry":{"type":"Polygon","coordinates":[[[114.093677,33.24709],[114.093288,33.2535],[114.096325,33.258342],[114.094339,33.270754],[114.101914,33.275466],[114.107857,33.285326],[114.119284,33.295559],[114.119879,33.301451],[114.122065,33.301079],[114.123757,33.305644],[114.138406,33.30648],[114.142875,33.308157],[114.15503,33.302514],[114.161618,33.302943],[114.162267,33.306049],[114.15858,33.313808],[114.158814,33.319024],[114.153241,33.327797],[114.145062,33.354692],[114.152691,33.366994],[114.159988,33.372738],[114.193913,33.382469],[114.184221,33.389707],[114.188637,33.394563],[114.18491,33.395081],[114.173874,33.402864],[114.170517,33.408872],[114.172282,33.413087],[114.183231,33.414276],[114.190822,33.420524],[114.193488,33.428935],[114.195325,33.447672],[114.211377,33.453747],[114.224741,33.451018],[114.23071,33.45157],[114.247579,33.459654],[114.266622,33.461649],[114.284657,33.47257],[114.299627,33.478502],[114.304555,33.482076],[114.326401,33.473322],[114.332905,33.468734],[114.347234,33.462391],[114.348972,33.459829],[114.349398,33.452626],[114.351719,33.450561],[114.364924,33.454257],[114.368956,33.446594],[114.371032,33.445919],[114.379418,33.453651],[114.402065,33.456718],[114.40794,33.460892],[114.446599,33.464567],[114.450512,33.45971],[114.460396,33.453396],[114.460144,33.443552],[114.462238,33.438303],[114.466824,33.437561],[114.472223,33.441899],[114.480111,33.443107],[114.489451,33.438125],[114.490445,33.434805],[114.488636,33.417546],[114.523154,33.418977],[114.537219,33.426607],[114.5471,33.424086],[114.552285,33.427429],[114.560535,33.424628],[114.563029,33.423341],[114.564449,33.418557],[114.571204,33.40956],[114.572418,33.406846],[114.571992,33.39604],[114.577398,33.39004],[114.57387,33.378434],[114.575508,33.376398],[114.585728,33.374819],[114.5874,33.364348],[114.60528,33.357761],[114.618051,33.343124],[114.625079,33.341631],[114.633751,33.342352],[114.645566,33.34624],[114.651427,33.344537],[114.657819,33.337556],[114.660853,33.324773],[114.669708,33.319422],[114.665532,33.313421],[114.666027,33.311281],[114.670464,33.309756],[114.675031,33.314312],[114.684105,33.31465],[114.684861,33.31212],[114.682643,33.307905],[114.682425,33.302574],[114.684034,33.299044],[114.68747,33.297695],[114.705789,33.302168],[114.722396,33.301141],[114.7211,33.298655],[114.728878,33.289389],[114.730451,33.282257],[114.728164,33.277367],[114.730519,33.267167],[114.73028,33.251756],[114.729241,33.252309],[114.72849,33.249686],[114.723364,33.251072],[114.724024,33.238014],[114.719164,33.229749],[114.71752,33.221793],[114.705207,33.215103],[114.699953,33.209637],[114.697664,33.197075],[114.681369,33.170469],[114.645471,33.169007],[114.639837,33.166448],[114.622396,33.165971],[114.609447,33.167974],[114.580246,33.16388],[114.576034,33.161333],[114.56491,33.159501],[114.556241,33.154611],[114.540169,33.150316],[114.520959,33.150188],[114.518485,33.150358],[114.508456,33.158304],[114.501781,33.159566],[114.49501,33.158589],[114.485108,33.153222],[114.479703,33.153204],[114.470941,33.159816],[114.462929,33.161243],[114.455097,33.166689],[114.450518,33.166142],[114.445236,33.160902],[114.440403,33.1579],[114.437206,33.157774],[114.434729,33.167],[114.425006,33.177279],[114.396527,33.182746],[114.38397,33.181167],[114.363287,33.16351],[114.339422,33.160098],[114.321023,33.154781],[114.313172,33.154637],[114.296215,33.147365],[114.287023,33.145914],[114.285536,33.144944],[114.287045,33.137549],[114.283648,33.13657],[114.278606,33.136335],[114.277776,33.143019],[114.274316,33.143347],[114.266106,33.149969],[114.259407,33.152126],[114.249674,33.151979],[114.244116,33.154565],[114.200612,33.157002],[114.194189,33.152974],[114.189298,33.15223],[114.189202,33.144724],[114.191582,33.137393],[114.190499,33.134518],[114.184666,33.131568],[114.180693,33.132655],[114.167987,33.12756],[114.163713,33.130446],[114.17004,33.142422],[114.168701,33.162653],[114.170986,33.166753],[114.178022,33.170241],[114.180273,33.174161],[114.178283,33.181574],[114.180795,33.197971],[114.174184,33.211441],[114.175847,33.220891],[114.168257,33.22223],[114.161539,33.209356],[114.157367,33.209003],[114.153065,33.214341],[114.153949,33.226099],[114.146287,33.230591],[114.141855,33.237416],[114.122546,33.237863],[114.105441,33.235842],[114.102301,33.237216],[114.098779,33.243168],[114.093677,33.24709]]]}},{"type":"Feature","properties":{"dt_adcode":"411723"},"geometry":{"type":"Polygon","coordinates":[[[114.554084,32.832633],[114.556297,32.828406],[114.555739,32.823454],[114.553823,32.820696],[114.550682,32.819712],[114.538969,32.823983],[114.527819,32.837381],[114.529025,32.839479],[114.532344,32.84051],[114.536151,32.835726],[114.540654,32.834985],[114.540744,32.837236],[114.53628,32.843872],[114.540197,32.845172],[114.54259,32.85056],[114.54579,32.851613],[114.551423,32.849709],[114.560419,32.852903],[114.560151,32.863159],[114.554302,32.869682],[114.540419,32.876821],[114.53437,32.876437],[114.529646,32.871116],[114.533263,32.868565],[114.532594,32.862303],[114.528838,32.861463],[114.519981,32.864399],[114.511593,32.8571],[114.510536,32.85194],[114.499519,32.849452],[114.497836,32.851258],[114.498603,32.854878],[114.507837,32.855661],[114.504819,32.861083],[114.511006,32.866568],[114.507112,32.869491],[114.511515,32.876763],[114.508915,32.881024],[114.502959,32.87962],[114.499591,32.875388],[114.495388,32.878773],[114.4924,32.879001],[114.489958,32.870443],[114.488225,32.869197],[114.479467,32.869162],[114.468413,32.861052],[114.460331,32.86171],[114.457397,32.864626],[114.457588,32.866654],[114.465376,32.867553],[114.466683,32.870427],[114.460496,32.872076],[114.457727,32.875991],[114.44739,32.874473],[114.433402,32.879547],[114.43134,32.881872],[114.427493,32.89965],[114.425179,32.899915],[114.414009,32.891186],[114.410479,32.890926],[114.409474,32.902029],[114.413456,32.909584],[114.408494,32.913632],[114.400129,32.916526],[114.400424,32.91906],[114.403514,32.921964],[114.408868,32.920306],[114.410829,32.921858],[114.403707,32.938866],[114.414093,32.94485],[114.424871,32.947264],[114.428001,32.957205],[114.438443,32.962294],[114.442229,32.965888],[114.448162,32.979779],[114.459444,32.995129],[114.459704,33.000395],[114.454472,33.010607],[114.449366,33.013909],[114.448937,33.017712],[114.451013,33.018579],[114.451232,33.021851],[114.466786,33.027072],[114.472644,33.049687],[114.47652,33.0563],[114.47486,33.06682],[114.480007,33.074589],[114.480206,33.077827],[114.454041,33.077156],[114.452545,33.083993],[114.450129,33.085993],[114.450164,33.088545],[114.446641,33.092295],[114.445212,33.09678],[114.446381,33.09959],[114.452321,33.09984],[114.454633,33.101406],[114.45646,33.115385],[114.466397,33.137505],[114.453825,33.166578],[114.462929,33.161243],[114.470941,33.159816],[114.479703,33.153204],[114.485108,33.153222],[114.49501,33.158589],[114.501781,33.159566],[114.511387,33.156757],[114.518485,33.150358],[114.535255,33.149805],[114.556241,33.154611],[114.56491,33.159501],[114.576034,33.161333],[114.580246,33.16388],[114.609447,33.167974],[114.622396,33.165971],[114.639837,33.166448],[114.645471,33.169007],[114.673731,33.171036],[114.686371,33.169924],[114.691842,33.167081],[114.6968,33.161489],[114.705054,33.1602],[114.705766,33.148216],[114.716982,33.145253],[114.71766,33.136513],[114.720659,33.133824],[114.720867,33.125617],[114.731617,33.12076],[114.733858,33.113341],[114.741851,33.112991],[114.743318,33.106159],[114.761749,33.105358],[114.765844,33.090874],[114.770407,33.088286],[114.771576,33.069537],[114.776884,33.067928],[114.795117,33.068569],[114.802274,33.056714],[114.81793,33.060452],[114.827849,33.060505],[114.833938,33.059441],[114.845068,33.05332],[114.851583,33.053058],[114.854572,33.055407],[114.856808,33.062611],[114.857485,33.075683],[114.894444,33.079691],[114.897194,33.080599],[114.897299,33.086593],[114.905891,33.087002],[114.908991,33.084129],[114.914018,33.082809],[114.919526,33.068831],[114.916084,33.064383],[114.914981,33.059781],[114.922476,33.048341],[114.922978,33.036101],[114.929575,33.032562],[114.930475,33.030478],[114.934453,33.029396],[114.936982,33.025508],[114.929939,33.023993],[114.92862,33.020114],[114.926017,33.019656],[114.924336,33.016691],[114.915389,33.016071],[114.891809,33.020471],[114.891592,33.017189],[114.899504,33.006341],[114.901569,33.000346],[114.883324,32.99126],[114.883393,32.983768],[114.886098,32.978629],[114.866235,32.9609],[114.865385,32.958678],[114.870151,32.951181],[114.868582,32.946733],[114.861077,32.945242],[114.848679,32.947552],[114.82879,32.938038],[114.826304,32.935491],[114.822257,32.921861],[114.820369,32.920555],[114.785359,32.916879],[114.779861,32.910639],[114.777797,32.90253],[114.779626,32.888661],[114.767915,32.883051],[114.751363,32.869889],[114.740542,32.868839],[114.723399,32.874072],[114.715609,32.87269],[114.712992,32.868369],[114.706962,32.825352],[114.693593,32.815289],[114.694184,32.812347],[114.701194,32.807847],[114.700933,32.801828],[114.696871,32.797504],[114.681021,32.798391],[114.68036,32.795773],[114.684031,32.792084],[114.684813,32.788946],[114.684491,32.783059],[114.681411,32.781028],[114.670928,32.77924],[114.653896,32.767699],[114.641971,32.735925],[114.63972,32.735008],[114.639016,32.737827],[114.631193,32.738595],[114.63102,32.745406],[114.620185,32.742834],[114.615651,32.743348],[114.615235,32.746559],[114.624634,32.75575],[114.625634,32.758901],[114.617694,32.757877],[114.600565,32.760495],[114.599517,32.778254],[114.583002,32.771013],[114.573009,32.777397],[114.571242,32.78035],[114.572594,32.782802],[114.584156,32.783358],[114.58798,32.78529],[114.586983,32.788541],[114.579346,32.789834],[114.579104,32.800259],[114.592472,32.804906],[114.591034,32.808359],[114.593453,32.813791],[114.587918,32.819047],[114.583892,32.819891],[114.582025,32.818371],[114.580037,32.809238],[114.57786,32.808509],[114.576332,32.812644],[114.579798,32.820615],[114.577791,32.822518],[114.576813,32.819638],[114.574836,32.81977],[114.568119,32.823722],[114.573149,32.826846],[114.574237,32.831178],[114.567501,32.834519],[114.556747,32.834048],[114.554084,32.832633]]]}},{"type":"Feature","properties":{"dt_adcode":"411724"},"geometry":{"type":"Polygon","coordinates":[[[114.901312,32.64897],[114.902899,32.638223],[114.89166,32.617511],[114.882345,32.6164],[114.876128,32.618363],[114.869367,32.623056],[114.862842,32.624143],[114.856551,32.619247],[114.847437,32.621557],[114.822377,32.622859],[114.816851,32.620357],[114.812596,32.610396],[114.80615,32.609488],[114.79576,32.613752],[114.790463,32.610448],[114.788833,32.602316],[114.791337,32.584149],[114.802681,32.583415],[114.807819,32.575731],[114.810521,32.565239],[114.808892,32.558901],[114.799897,32.552155],[114.795433,32.551923],[114.788984,32.548262],[114.783097,32.541511],[114.781145,32.534573],[114.784769,32.529267],[114.785402,32.5254],[114.793524,32.521742],[114.795118,32.518071],[114.794442,32.512708],[114.789695,32.508226],[114.780666,32.507382],[114.774049,32.508703],[114.761582,32.516264],[114.759708,32.522325],[114.757278,32.52404],[114.752295,32.523959],[114.737851,32.517075],[114.730553,32.518267],[114.724533,32.541488],[114.720178,32.545109],[114.713032,32.543724],[114.702926,32.536931],[114.702091,32.53338],[114.704247,32.52519],[114.703925,32.519967],[114.699454,32.51641],[114.690104,32.514598],[114.676681,32.514992],[114.672966,32.517538],[114.66606,32.527173],[114.658145,32.528435],[114.644013,32.526278],[114.632773,32.517769],[114.614614,32.509512],[114.611384,32.509389],[114.604969,32.513436],[114.583872,32.514132],[114.570498,32.507349],[114.569544,32.49511],[114.573322,32.491456],[114.57476,32.486349],[114.570461,32.47583],[114.570183,32.468893],[114.572929,32.46586],[114.581804,32.461444],[114.584309,32.459008],[114.585847,32.453719],[114.581103,32.450043],[114.580678,32.445634],[114.573814,32.44672],[114.572566,32.437221],[114.567176,32.434959],[114.567585,32.432607],[114.571018,32.430542],[114.570478,32.427303],[114.573922,32.423037],[114.577396,32.424323],[114.585195,32.421855],[114.587053,32.423384],[114.595226,32.42054],[114.597794,32.417579],[114.597064,32.413508],[114.598444,32.410328],[114.603662,32.409827],[114.605642,32.407538],[114.613763,32.40488],[114.614773,32.4029],[114.612952,32.401959],[114.613269,32.399779],[114.62639,32.399718],[114.63535,32.395838],[114.645896,32.387032],[114.644122,32.382419],[114.645934,32.376121],[114.621186,32.368808],[114.620151,32.363387],[114.623339,32.352547],[114.609061,32.348871],[114.608026,32.337031],[114.602123,32.328899],[114.595589,32.326189],[114.591521,32.320371],[114.576478,32.318869],[114.575992,32.316398],[114.582527,32.308457],[114.575316,32.309025],[114.563636,32.306381],[114.557739,32.29536],[114.550706,32.28902],[114.542349,32.284989],[114.535081,32.286084],[114.524954,32.297671],[114.498311,32.301518],[114.495008,32.30125],[114.490806,32.298153],[114.490839,32.286651],[114.487622,32.283992],[114.483609,32.285199],[114.47317,32.294215],[114.47003,32.294623],[114.450157,32.280355],[114.446139,32.281139],[114.438345,32.288485],[114.433927,32.290324],[114.429307,32.289333],[114.420118,32.278718],[114.417169,32.279435],[114.401554,32.292432],[114.376622,32.292014],[114.373312,32.293763],[114.369382,32.299937],[114.37065,32.305576],[114.366821,32.315201],[114.356917,32.318366],[114.348197,32.32485],[114.348425,32.347563],[114.343436,32.364342],[114.339615,32.366945],[114.322832,32.369604],[114.315115,32.373255],[114.31221,32.372776],[114.307882,32.369132],[114.293907,32.364936],[114.290443,32.365347],[114.286126,32.371871],[114.287188,32.377778],[114.286035,32.386314],[114.284129,32.393788],[114.280839,32.396378],[114.280099,32.405082],[114.288457,32.418915],[114.285287,32.419928],[114.284377,32.418774],[114.277991,32.418883],[114.278243,32.415884],[114.276289,32.412772],[114.268996,32.40923],[114.262383,32.410024],[114.263373,32.415467],[114.260067,32.418566],[114.259711,32.421415],[114.252399,32.42627],[114.252764,32.431881],[114.247898,32.43222],[114.247526,32.436568],[114.250276,32.440981],[114.247605,32.447749],[114.249218,32.450162],[114.246071,32.456751],[114.243487,32.458586],[114.225529,32.453516],[114.221197,32.445966],[114.214831,32.44394],[114.204492,32.445232],[114.202025,32.447669],[114.200995,32.452493],[114.210061,32.4584],[114.211178,32.462347],[114.209109,32.468729],[114.203862,32.465865],[114.198729,32.467428],[114.197423,32.486351],[114.195398,32.49088],[114.190248,32.492393],[114.192074,32.495724],[114.208438,32.50498],[114.210914,32.51413],[114.21444,32.520304],[114.220763,32.522845],[114.237529,32.525054],[114.240927,32.528581],[114.234861,32.542677],[114.235644,32.570041],[114.229578,32.577303],[114.227552,32.585218],[114.230429,32.592277],[114.237666,32.597208],[114.237866,32.600479],[114.234867,32.603686],[114.224686,32.609057],[114.221586,32.613261],[114.224393,32.621399],[114.221527,32.632733],[114.237384,32.63991],[114.249001,32.634821],[114.259254,32.633316],[114.266474,32.635656],[114.273862,32.641253],[114.279584,32.6433],[114.292274,32.638835],[114.305362,32.642106],[114.320949,32.648495],[114.324053,32.650591],[114.328054,32.658955],[114.338923,32.663324],[114.353818,32.673438],[114.356435,32.679214],[114.362572,32.684252],[114.364633,32.69172],[114.375957,32.696067],[114.384254,32.708903],[114.389387,32.71185],[114.390838,32.71889],[114.403035,32.720719],[114.407556,32.719658],[114.409257,32.724848],[114.420594,32.729955],[114.423412,32.735299],[114.425995,32.736163],[114.423647,32.741767],[114.426664,32.749064],[114.431657,32.755183],[114.428641,32.761513],[114.440598,32.759432],[114.443059,32.766435],[114.454506,32.774639],[114.468127,32.774027],[114.470368,32.771594],[114.472341,32.774598],[114.475939,32.775455],[114.4816,32.770208],[114.494372,32.770271],[114.495637,32.768556],[114.499791,32.773367],[114.498895,32.77431],[114.505342,32.774492],[114.504642,32.776634],[114.507541,32.776705],[114.509334,32.779201],[114.511984,32.777893],[114.517124,32.779488],[114.518738,32.783136],[114.520631,32.781999],[114.522235,32.783535],[114.523415,32.781121],[114.526806,32.785419],[114.530828,32.784917],[114.530075,32.788804],[114.535551,32.793105],[114.53742,32.798898],[114.541244,32.796467],[114.547293,32.796772],[114.550911,32.801211],[114.553015,32.801141],[114.554754,32.790337],[114.556546,32.789239],[114.562616,32.793846],[114.567501,32.794361],[114.570014,32.801061],[114.573705,32.801318],[114.575532,32.794611],[114.579103,32.794958],[114.579346,32.789834],[114.588223,32.787283],[114.585648,32.783696],[114.571459,32.781866],[114.571441,32.779393],[114.577628,32.773572],[114.584199,32.771053],[114.599517,32.778254],[114.600565,32.760495],[114.617694,32.757877],[114.625391,32.75934],[114.624634,32.75575],[114.617354,32.749533],[114.615139,32.744066],[114.620185,32.742834],[114.63102,32.745406],[114.631193,32.738595],[114.639798,32.73719],[114.639798,32.730051],[114.635607,32.726176],[114.638841,32.720209],[114.634546,32.719405],[114.633625,32.717331],[114.641952,32.707918],[114.643229,32.699516],[114.649637,32.693414],[114.661839,32.692797],[114.669206,32.687956],[114.671624,32.681888],[114.680114,32.678584],[114.686186,32.678974],[114.691259,32.686632],[114.694338,32.686954],[114.697051,32.684747],[114.6991,32.678652],[114.696705,32.676656],[114.690318,32.675731],[114.692597,32.673323],[114.705696,32.678281],[114.715461,32.679433],[114.716539,32.683442],[114.714619,32.690986],[114.71608,32.692124],[114.718496,32.691311],[114.723268,32.685583],[114.730247,32.683816],[114.729473,32.679916],[114.718556,32.674541],[114.71426,32.661533],[114.71512,32.658684],[114.717937,32.658487],[114.729889,32.66874],[114.732983,32.669062],[114.735233,32.666452],[114.734894,32.663681],[114.726256,32.656504],[114.727854,32.653195],[114.731643,32.653138],[114.741756,32.658549],[114.742998,32.657395],[114.742033,32.649846],[114.758643,32.649641],[114.762947,32.643748],[114.765498,32.64259],[114.789869,32.650577],[114.792183,32.648201],[114.79292,32.644312],[114.784458,32.640464],[114.788914,32.637487],[114.808639,32.639044],[114.814124,32.64353],[114.817823,32.640873],[114.821963,32.642122],[114.825463,32.645664],[114.823974,32.652954],[114.827014,32.653787],[114.830713,32.651188],[114.830972,32.64348],[114.832747,32.64248],[114.844243,32.648739],[114.843983,32.651182],[114.839488,32.654821],[114.841991,32.659332],[114.841992,32.66322],[114.846073,32.672774],[114.854529,32.678473],[114.858184,32.672883],[114.862925,32.677283],[114.867023,32.671493],[114.876896,32.670423],[114.88287,32.667824],[114.885219,32.658371],[114.894214,32.651166],[114.901312,32.64897]]]}},{"type":"Feature","properties":{"dt_adcode":"411725"},"geometry":{"type":"Polygon","coordinates":[[[113.94778,32.853285],[113.983212,32.852945],[113.99723,32.856719],[114.005376,32.861611],[114.011816,32.859733],[114.026497,32.859755],[114.032408,32.855309],[114.044038,32.865934],[114.048048,32.867044],[114.050195,32.865804],[114.054694,32.867655],[114.060169,32.87292],[114.063581,32.872932],[114.060362,32.885781],[114.086691,32.887829],[114.090874,32.881349],[114.094562,32.878778],[114.091313,32.875845],[114.097768,32.868422],[114.096585,32.864553],[114.092583,32.864119],[114.092596,32.86152],[114.102581,32.862101],[114.103471,32.856871],[114.105241,32.855196],[114.13123,32.854535],[114.135024,32.853429],[114.141012,32.847516],[114.142645,32.849831],[114.160266,32.846637],[114.164957,32.84434],[114.170436,32.844329],[114.182621,32.834381],[114.18532,32.820329],[114.188322,32.817036],[114.190573,32.810982],[114.186564,32.804089],[114.187801,32.791807],[114.185317,32.790535],[114.175511,32.79474],[114.161403,32.794849],[114.160874,32.783126],[114.152798,32.777907],[114.152503,32.775291],[114.161919,32.756749],[114.165632,32.756382],[114.174824,32.762808],[114.183817,32.76261],[114.189356,32.757172],[114.198782,32.754491],[114.202036,32.741879],[114.196494,32.731686],[114.185475,32.728353],[114.178083,32.719963],[114.172311,32.718844],[114.166936,32.722419],[114.166572,32.714639],[114.158625,32.708929],[114.157811,32.700854],[114.162112,32.689515],[114.166639,32.688265],[114.187072,32.688275],[114.198351,32.690054],[114.20223,32.697323],[114.213963,32.701016],[114.221853,32.699634],[114.225119,32.694921],[114.224694,32.689854],[114.219868,32.679477],[114.205717,32.66725],[114.204114,32.662478],[114.214641,32.638855],[114.221527,32.632733],[114.224324,32.623362],[114.221456,32.614536],[114.222599,32.611283],[114.237866,32.600479],[114.237666,32.597208],[114.230429,32.592277],[114.227552,32.585218],[114.229578,32.577303],[114.235644,32.570041],[114.234861,32.542677],[114.240927,32.528581],[114.237529,32.525054],[114.220763,32.522845],[114.21444,32.520304],[114.210914,32.51413],[114.208438,32.50498],[114.192074,32.495724],[114.190248,32.492393],[114.180987,32.49169],[114.167667,32.486994],[114.166195,32.484563],[114.166515,32.478383],[114.163337,32.471491],[114.164964,32.461899],[114.163041,32.45911],[114.157392,32.458302],[114.136739,32.462004],[114.122496,32.45251],[114.109353,32.447373],[114.103543,32.448091],[114.097644,32.451618],[114.087758,32.450657],[114.082575,32.452087],[114.080465,32.456631],[114.078548,32.479594],[114.085964,32.480398],[114.087361,32.481237],[114.087483,32.484625],[114.083421,32.489805],[114.07636,32.493526],[114.07101,32.508151],[114.072966,32.517225],[114.066667,32.527025],[114.066824,32.536335],[114.062757,32.541192],[114.05627,32.539017],[114.054454,32.534058],[114.053888,32.523252],[114.050731,32.521371],[114.039266,32.522281],[114.034437,32.518919],[114.016413,32.516793],[114.007377,32.507775],[114.000779,32.509389],[113.998063,32.506531],[113.992109,32.504799],[113.982118,32.503574],[113.976723,32.504636],[113.969084,32.503001],[113.962221,32.505416],[113.954352,32.514292],[113.953831,32.526591],[113.948242,32.530627],[113.946209,32.542426],[113.938112,32.554714],[113.941068,32.575496],[113.93285,32.578196],[113.9283,32.583494],[113.922397,32.593958],[113.918935,32.606397],[113.913954,32.60799],[113.893322,32.604902],[113.889301,32.605504],[113.872677,32.622767],[113.86898,32.624248],[113.865118,32.623796],[113.859715,32.619337],[113.851127,32.617239],[113.844489,32.622235],[113.836379,32.620835],[113.826677,32.622408],[113.821907,32.620463],[113.819682,32.617517],[113.820235,32.601783],[113.818928,32.600509],[113.814453,32.600866],[113.809284,32.603825],[113.806506,32.609652],[113.800463,32.616102],[113.799069,32.620889],[113.786345,32.627128],[113.785185,32.631414],[113.791952,32.642055],[113.791753,32.644367],[113.786737,32.644892],[113.781054,32.652574],[113.775317,32.654574],[113.771026,32.655293],[113.765113,32.652116],[113.76121,32.652692],[113.747399,32.661257],[113.729141,32.669699],[113.724199,32.674082],[113.717736,32.683685],[113.69626,32.695614],[113.690035,32.696163],[113.679888,32.691956],[113.67374,32.69346],[113.668392,32.692412],[113.66408,32.696792],[113.655934,32.701004],[113.651101,32.707716],[113.649101,32.708271],[113.645113,32.719251],[113.636771,32.733382],[113.635556,32.739725],[113.632645,32.744301],[113.628136,32.746765],[113.628363,32.750428],[113.632455,32.755926],[113.633664,32.767437],[113.635263,32.769369],[113.634481,32.774714],[113.637462,32.777434],[113.634613,32.787454],[113.636447,32.796858],[113.63233,32.810309],[113.637893,32.829105],[113.637694,32.838392],[113.641257,32.845103],[113.646203,32.848643],[113.660373,32.850873],[113.670164,32.849028],[113.680417,32.862046],[113.709906,32.857307],[113.710236,32.851617],[113.711704,32.849951],[113.720212,32.854723],[113.729698,32.853489],[113.732286,32.856206],[113.735027,32.864651],[113.737472,32.864831],[113.743551,32.85893],[113.750732,32.857882],[113.787951,32.855844],[113.803154,32.85913],[113.811942,32.858197],[113.84429,32.839131],[113.845886,32.835625],[113.860052,32.840205],[113.867037,32.838893],[113.877318,32.841882],[113.911037,32.856429],[113.914436,32.85653],[113.924042,32.851519],[113.94778,32.853285]]]}},{"type":"Feature","properties":{"dt_adcode":"411726"},"geometry":{"type":"Polygon","coordinates":[[[113.198278,32.582726],[113.200661,32.585094],[113.200506,32.593309],[113.195733,32.604423],[113.197561,32.608886],[113.201539,32.612947],[113.202658,32.633304],[113.192236,32.635396],[113.18619,32.646473],[113.189171,32.653805],[113.197765,32.656981],[113.201708,32.660324],[113.205452,32.667118],[113.206961,32.674254],[113.210263,32.678934],[113.222607,32.68486],[113.23244,32.6815],[113.236221,32.679163],[113.237661,32.674616],[113.243317,32.669827],[113.248098,32.667513],[113.256513,32.668412],[113.253913,32.662428],[113.259139,32.653505],[113.262847,32.654242],[113.269327,32.662071],[113.267572,32.667954],[113.259896,32.677801],[113.253238,32.680912],[113.236265,32.682593],[113.239926,32.686579],[113.241124,32.691444],[113.236666,32.698785],[113.231245,32.701501],[113.219704,32.701336],[113.213767,32.703057],[113.207683,32.709488],[113.207684,32.717246],[113.204859,32.719482],[113.199487,32.71981],[113.192244,32.717272],[113.189574,32.718996],[113.190409,32.723852],[113.192877,32.724807],[113.193995,32.733362],[113.200719,32.737497],[113.201516,32.741762],[113.199966,32.750242],[113.175859,32.777666],[113.185251,32.788299],[113.185269,32.800315],[113.178902,32.803756],[113.178287,32.805791],[113.187021,32.820623],[113.180576,32.825023],[113.179581,32.828515],[113.175726,32.832411],[113.167211,32.835498],[113.166059,32.841137],[113.168009,32.847037],[113.177079,32.852445],[113.187069,32.866447],[113.195464,32.871487],[113.19407,32.875737],[113.199165,32.877214],[113.205569,32.884923],[113.200691,32.890525],[113.203499,32.89794],[113.205168,32.909717],[113.208154,32.916422],[113.199004,32.920306],[113.193433,32.919159],[113.181703,32.920635],[113.161926,32.927434],[113.155923,32.936142],[113.14808,32.940921],[113.145853,32.940286],[113.144058,32.932391],[113.137651,32.930684],[113.115543,32.932996],[113.111403,32.935232],[113.109807,32.942013],[113.104424,32.942213],[113.098884,32.945024],[113.097842,32.947259],[113.103826,32.956793],[113.108811,32.973328],[113.116112,32.986409],[113.120331,33.001206],[113.122803,33.004875],[113.127349,33.010537],[113.142003,33.016661],[113.149242,33.027502],[113.161426,33.038931],[113.16238,33.045392],[113.16556,33.048976],[113.181154,33.053495],[113.185771,33.056917],[113.190026,33.067181],[113.19616,33.070599],[113.206142,33.070823],[113.219298,33.064592],[113.237102,33.077039],[113.248416,33.076954],[113.258938,33.083715],[113.2648,33.083556],[113.273503,33.080131],[113.301424,33.080161],[113.310112,33.076226],[113.315418,33.075716],[113.325449,33.079166],[113.333837,33.085964],[113.35997,33.092833],[113.372432,33.104181],[113.378735,33.105783],[113.384002,33.109301],[113.386635,33.113451],[113.389356,33.124424],[113.388792,33.128414],[113.395561,33.147396],[113.397871,33.149949],[113.413098,33.156653],[113.422901,33.158006],[113.432534,33.156801],[113.449248,33.160567],[113.463403,33.156149],[113.498126,33.155877],[113.510233,33.162701],[113.51377,33.163009],[113.52259,33.153828],[113.532319,33.152723],[113.541298,33.143066],[113.548046,33.13926],[113.550236,33.140133],[113.556997,33.149613],[113.559734,33.161195],[113.573859,33.156905],[113.586469,33.156831],[113.593596,33.157704],[113.600171,33.163129],[113.617033,33.147276],[113.616766,33.134793],[113.615162,33.12503],[113.610211,33.116577],[113.599439,33.106522],[113.593037,33.092974],[113.593836,33.088238],[113.5998,33.076725],[113.612172,33.065507],[113.612463,33.059096],[113.61017,33.049248],[113.601412,33.036192],[113.598942,33.018241],[113.595521,33.015948],[113.594225,33.003893],[113.591945,32.997576],[113.571424,32.997491],[113.572606,32.982872],[113.559161,32.985739],[113.5539,32.98462],[113.550046,33.003274],[113.535645,33.014195],[113.532249,33.011304],[113.544222,32.997041],[113.538247,32.992757],[113.54229,32.98064],[113.540579,32.972015],[113.550207,32.972502],[113.555384,32.970794],[113.545191,32.96519],[113.532424,32.964422],[113.519782,32.967897],[113.513556,32.961459],[113.515253,32.955447],[113.531059,32.953136],[113.533624,32.955199],[113.540722,32.955036],[113.544201,32.952481],[113.543086,32.950031],[113.546417,32.949601],[113.553302,32.956518],[113.556619,32.955559],[113.564859,32.958558],[113.568193,32.95813],[113.571679,32.941254],[113.567392,32.930386],[113.56703,32.92509],[113.563417,32.921702],[113.554328,32.903549],[113.555163,32.897766],[113.557951,32.894869],[113.583338,32.898469],[113.619894,32.894689],[113.641717,32.888092],[113.661826,32.870361],[113.660373,32.850873],[113.644439,32.847984],[113.637694,32.838392],[113.637893,32.829105],[113.63233,32.810309],[113.636447,32.796858],[113.634613,32.787454],[113.637462,32.777434],[113.634481,32.774714],[113.635263,32.769369],[113.633664,32.767437],[113.632455,32.755926],[113.628363,32.750428],[113.628136,32.746765],[113.632645,32.744301],[113.635556,32.739725],[113.636771,32.733382],[113.645113,32.719251],[113.649101,32.708271],[113.642321,32.702817],[113.635135,32.705878],[113.627359,32.704673],[113.621497,32.707918],[113.619023,32.713342],[113.61647,32.71318],[113.609576,32.698003],[113.612006,32.693854],[113.617388,32.691146],[113.616589,32.684067],[113.618975,32.6666],[113.605381,32.665379],[113.593158,32.660516],[113.598569,32.654811],[113.598691,32.652377],[113.595264,32.649458],[113.588908,32.650397],[113.588595,32.641396],[113.585482,32.635873],[113.571573,32.624763],[113.565412,32.602692],[113.542274,32.58917],[113.52525,32.594142],[113.513531,32.579401],[113.512743,32.57155],[113.509241,32.569804],[113.494151,32.567377],[113.472622,32.578584],[113.459432,32.575086],[113.457996,32.586253],[113.447423,32.584719],[113.442486,32.586281],[113.429157,32.59876],[113.425498,32.600079],[113.420599,32.60674],[113.403738,32.613464],[113.396522,32.61035],[113.382217,32.593339],[113.372014,32.57625],[113.365466,32.569444],[113.358396,32.573221],[113.351568,32.573647],[113.342102,32.567788],[113.338501,32.572566],[113.326356,32.577566],[113.32045,32.588502],[113.315735,32.587975],[113.310376,32.579552],[113.308306,32.578991],[113.303149,32.586717],[113.293567,32.590272],[113.282283,32.592001],[113.280511,32.596001],[113.271335,32.593741],[113.265151,32.595254],[113.251875,32.595291],[113.249766,32.593537],[113.243863,32.578845],[113.236575,32.574184],[113.224581,32.570765],[113.205442,32.569973],[113.203848,32.571413],[113.204204,32.575838],[113.198598,32.579536],[113.198278,32.582726]]]}},{"type":"Feature","properties":{"dt_adcode":"411727"},"geometry":{"type":"Polygon","coordinates":[[[114.555031,32.822024],[114.555998,32.829137],[114.553655,32.831463],[114.554682,32.833111],[114.570356,32.834045],[114.574498,32.830016],[114.572281,32.825807],[114.568249,32.824492],[114.568469,32.823061],[114.576303,32.819558],[114.578101,32.822538],[114.580088,32.820084],[114.576332,32.812644],[114.577501,32.8088],[114.580037,32.809238],[114.582025,32.818371],[114.58587,32.819899],[114.593183,32.814521],[114.591034,32.808359],[114.592472,32.804906],[114.580061,32.801548],[114.579103,32.794958],[114.575532,32.794611],[114.575004,32.800205],[114.571097,32.801582],[114.568809,32.799427],[114.567501,32.794361],[114.562616,32.793846],[114.556546,32.789239],[114.554754,32.790337],[114.553015,32.801141],[114.550911,32.801211],[114.547293,32.796772],[114.541244,32.796467],[114.537049,32.798767],[114.535551,32.793105],[114.530075,32.788804],[114.530828,32.784917],[114.526806,32.785419],[114.523415,32.781121],[114.522235,32.783535],[114.520631,32.781999],[114.518738,32.783136],[114.517124,32.779488],[114.511984,32.777893],[114.509334,32.779201],[114.507541,32.776705],[114.504642,32.776634],[114.505342,32.774492],[114.498895,32.77431],[114.499791,32.773367],[114.495637,32.768556],[114.494372,32.770271],[114.4816,32.770208],[114.475939,32.775455],[114.472341,32.774598],[114.470368,32.771594],[114.467081,32.77421],[114.452351,32.77389],[114.443059,32.766435],[114.440598,32.759432],[114.428408,32.761235],[114.431657,32.755183],[114.426664,32.749064],[114.423647,32.741767],[114.425995,32.736163],[114.423412,32.735299],[114.420594,32.729955],[114.409257,32.724848],[114.407556,32.719658],[114.403035,32.720719],[114.390838,32.71889],[114.389387,32.71185],[114.384254,32.708903],[114.375957,32.696067],[114.364633,32.69172],[114.362572,32.684252],[114.356435,32.679214],[114.353818,32.673438],[114.338923,32.663324],[114.328054,32.658955],[114.322453,32.649379],[114.305362,32.642106],[114.292274,32.638835],[114.279584,32.6433],[114.273862,32.641253],[114.266474,32.635656],[114.259254,32.633316],[114.249001,32.634821],[114.237384,32.63991],[114.221527,32.632733],[114.214641,32.638855],[114.204114,32.662478],[114.204669,32.666108],[114.218135,32.677451],[114.22316,32.68585],[114.225474,32.692957],[114.221853,32.699634],[114.213963,32.701016],[114.203598,32.698072],[114.201477,32.696736],[114.200204,32.691441],[114.198351,32.690054],[114.187072,32.688275],[114.166639,32.688265],[114.162112,32.689515],[114.157811,32.700854],[114.158625,32.708929],[114.166572,32.714639],[114.166936,32.722419],[114.172311,32.718844],[114.178083,32.719963],[114.185475,32.728353],[114.196494,32.731686],[114.202261,32.743186],[114.198782,32.754491],[114.189356,32.757172],[114.183817,32.76261],[114.174824,32.762808],[114.165632,32.756382],[114.162439,32.756421],[114.152823,32.773851],[114.152798,32.777907],[114.160874,32.783126],[114.161403,32.794849],[114.175511,32.79474],[114.183724,32.790899],[114.187247,32.791055],[114.188321,32.793441],[114.186564,32.804089],[114.190573,32.810982],[114.188322,32.817036],[114.18532,32.820329],[114.18314,32.833399],[114.180042,32.836905],[114.170436,32.844329],[114.164957,32.84434],[114.160266,32.846637],[114.142726,32.84974],[114.139401,32.855484],[114.139402,32.859082],[114.146477,32.861458],[114.148373,32.863549],[114.145958,32.870994],[114.135723,32.884891],[114.135949,32.887409],[114.142635,32.891227],[114.149415,32.890986],[114.151865,32.893176],[114.15248,32.896591],[114.14358,32.906808],[114.140169,32.908446],[114.137459,32.926566],[114.150565,32.937592],[114.153078,32.938368],[114.163113,32.934254],[114.169786,32.93429],[114.178649,32.942514],[114.190068,32.939764],[114.200509,32.942583],[114.205187,32.941921],[114.209538,32.940822],[114.214434,32.935031],[114.220528,32.933604],[114.231306,32.937194],[114.244149,32.961318],[114.243103,32.965771],[114.244237,32.970137],[114.242407,32.971796],[114.244237,32.974765],[114.235044,32.976909],[114.236874,32.97944],[114.236265,32.985902],[114.240709,32.996028],[114.24071,33.00118],[114.23544,33.012404],[114.213236,33.036614],[114.209232,33.035486],[114.192436,33.024337],[114.176341,33.024629],[114.170947,33.025512],[114.168497,33.028045],[114.142683,33.023919],[114.134967,33.032717],[114.133971,33.036554],[114.127976,33.037804],[114.125489,33.035483],[114.121252,33.035471],[114.115671,33.041001],[114.110642,33.041134],[114.109437,33.048346],[114.112473,33.051518],[114.111693,33.055477],[114.107774,33.058518],[114.11009,33.065239],[114.11081,33.077292],[114.10838,33.087493],[114.109959,33.087833],[114.110099,33.089794],[114.120695,33.09078],[114.125117,33.094139],[114.124429,33.097202],[114.117451,33.097416],[114.118469,33.101049],[114.125567,33.101193],[114.125258,33.105166],[114.120536,33.106471],[114.120497,33.107862],[114.129092,33.109466],[114.129451,33.110987],[114.131428,33.111135],[114.131697,33.114587],[114.135469,33.116954],[114.140139,33.114476],[114.140148,33.110484],[114.138661,33.109235],[114.140387,33.108682],[114.140995,33.103878],[114.155175,33.104164],[114.158465,33.107707],[114.154916,33.11059],[114.157946,33.112941],[114.158924,33.116243],[114.157558,33.127577],[114.163713,33.130446],[114.166188,33.127792],[114.170299,33.127784],[114.180693,33.132655],[114.184666,33.131568],[114.190499,33.134518],[114.191582,33.137393],[114.189202,33.144724],[114.189298,33.15223],[114.194189,33.152974],[114.200612,33.157002],[114.244116,33.154565],[114.249674,33.151979],[114.259407,33.152126],[114.266106,33.149969],[114.274316,33.143347],[114.277776,33.143019],[114.278606,33.136335],[114.287045,33.137549],[114.285536,33.144944],[114.287023,33.145914],[114.296215,33.147365],[114.313172,33.154637],[114.321023,33.154781],[114.339422,33.160098],[114.363287,33.16351],[114.370754,33.16882],[114.377758,33.176908],[114.38397,33.181167],[114.388026,33.181889],[114.401301,33.182485],[114.425006,33.177279],[114.434729,33.167],[114.437206,33.157774],[114.440403,33.1579],[114.450518,33.166142],[114.453825,33.166578],[114.466397,33.137505],[114.45646,33.115385],[114.454633,33.101406],[114.452321,33.09984],[114.446381,33.09959],[114.445212,33.09678],[114.446641,33.092295],[114.450164,33.088545],[114.450129,33.085993],[114.452545,33.083993],[114.454041,33.077156],[114.480206,33.077827],[114.480007,33.074589],[114.47486,33.06682],[114.47652,33.0563],[114.472644,33.049687],[114.466786,33.027072],[114.451232,33.021851],[114.451013,33.018579],[114.448937,33.017712],[114.449366,33.013909],[114.454472,33.010607],[114.459704,33.000395],[114.459444,32.995129],[114.448162,32.979779],[114.442229,32.965888],[114.438443,32.962294],[114.428001,32.957205],[114.424871,32.947264],[114.414093,32.94485],[114.403707,32.938866],[114.410829,32.921858],[114.408868,32.920306],[114.403514,32.921964],[114.400424,32.91906],[114.400129,32.916526],[114.408494,32.913632],[114.413456,32.909584],[114.409474,32.902029],[114.410479,32.890926],[114.414009,32.891186],[114.425179,32.899915],[114.427493,32.89965],[114.43134,32.881872],[114.433402,32.879547],[114.44739,32.874473],[114.457727,32.875991],[114.460496,32.872076],[114.466683,32.870427],[114.465376,32.867553],[114.457588,32.866654],[114.457397,32.864626],[114.460331,32.86171],[114.468413,32.861052],[114.479467,32.869162],[114.488225,32.869197],[114.489958,32.870443],[114.4924,32.879001],[114.495388,32.878773],[114.499591,32.875388],[114.502959,32.87962],[114.508915,32.881024],[114.511515,32.876763],[114.507112,32.869491],[114.511006,32.866568],[114.504819,32.861083],[114.507837,32.855661],[114.498603,32.854878],[114.497836,32.851258],[114.499519,32.849452],[114.510536,32.85194],[114.511593,32.8571],[114.519981,32.864399],[114.528838,32.861463],[114.532594,32.862303],[114.533263,32.868565],[114.529646,32.871116],[114.53437,32.876437],[114.540419,32.876821],[114.554302,32.869682],[114.560151,32.863159],[114.560419,32.852903],[114.551423,32.849709],[114.54579,32.851613],[114.54259,32.85056],[114.540197,32.845172],[114.53628,32.843872],[114.540744,32.837236],[114.540654,32.834985],[114.536151,32.835726],[114.532344,32.84051],[114.529025,32.839479],[114.527819,32.836771],[114.540793,32.823168],[114.551061,32.819731],[114.555031,32.822024]]]}},{"type":"Feature","properties":{"dt_adcode":"411728"},"geometry":{"type":"Polygon","coordinates":[[[114.163713,33.130446],[114.157558,33.127577],[114.159219,33.119546],[114.157946,33.112941],[114.154942,33.110951],[114.158335,33.108459],[114.156638,33.105274],[114.153704,33.103839],[114.140995,33.103878],[114.140387,33.108682],[114.138661,33.109235],[114.140148,33.110484],[114.140139,33.114476],[114.134848,33.117014],[114.131697,33.114587],[114.131428,33.111135],[114.129451,33.110987],[114.129092,33.109466],[114.120497,33.107862],[114.120536,33.106471],[114.125258,33.105166],[114.125567,33.101193],[114.118469,33.101049],[114.117451,33.097416],[114.124429,33.097202],[114.124978,33.093979],[114.120695,33.09078],[114.110099,33.089794],[114.109959,33.087833],[114.10838,33.087493],[114.11081,33.077292],[114.11009,33.065239],[114.107774,33.058518],[114.111693,33.055477],[114.112473,33.051518],[114.109437,33.048346],[114.110642,33.041134],[114.084359,33.034821],[114.081615,33.031908],[114.066629,33.031046],[114.060283,33.023814],[114.047759,33.025724],[114.05476,33.035972],[114.054248,33.037506],[114.040417,33.041738],[114.037941,33.046762],[114.039991,33.055465],[114.044944,33.059741],[114.044945,33.062299],[114.040675,33.064165],[114.040163,33.067404],[114.044604,33.071508],[114.053143,33.085341],[114.053656,33.088583],[114.017078,33.091154],[114.015391,33.093427],[114.014197,33.109113],[114.004712,33.11224],[113.991326,33.111619],[113.98899,33.109635],[113.98728,33.096157],[113.984545,33.089839],[113.970535,33.07377],[113.967118,33.054149],[113.963872,33.047831],[113.959262,33.044922],[113.946972,33.043533],[113.942366,33.053929],[113.92719,33.065166],[113.927191,33.076251],[113.933254,33.080556],[113.932055,33.085723],[113.93329,33.097326],[113.910793,33.096092],[113.907328,33.098718],[113.90377,33.107911],[113.901811,33.108305],[113.899938,33.107112],[113.897895,33.100462],[113.892449,33.099612],[113.893802,33.092695],[113.875412,33.091329],[113.872462,33.089654],[113.86192,33.068011],[113.851722,33.063764],[113.85189,33.045004],[113.844661,33.041218],[113.836083,33.039573],[113.819094,33.04029],[113.817394,33.038246],[113.820443,33.033641],[113.833706,33.030201],[113.835576,33.028321],[113.835066,33.026446],[113.827928,33.021003],[113.826569,33.017765],[113.827077,33.001391],[113.81217,32.993744],[113.800958,32.991308],[113.788174,32.994384],[113.784882,32.997168],[113.785759,33.00935],[113.784424,33.010856],[113.779269,33.010435],[113.770618,33.00228],[113.763308,32.99921],[113.754357,33.004737],[113.746157,33.005569],[113.743119,33.012044],[113.741193,33.024063],[113.729419,33.026343],[113.728604,33.040651],[113.726937,33.045295],[113.722524,33.049314],[113.703642,33.058935],[113.697723,33.073054],[113.688551,33.082964],[113.684467,33.103611],[113.679294,33.114542],[113.680964,33.118815],[113.679069,33.12411],[113.670061,33.130847],[113.660636,33.133642],[113.649273,33.13377],[113.642502,33.130652],[113.639225,33.130713],[113.63416,33.136463],[113.628358,33.153009],[113.635058,33.160834],[113.648469,33.182416],[113.649619,33.205617],[113.652897,33.213281],[113.658809,33.219754],[113.675575,33.230656],[113.69027,33.230345],[113.696782,33.233827],[113.699208,33.237165],[113.700357,33.246374],[113.716429,33.263062],[113.718584,33.267807],[113.719176,33.274889],[113.722973,33.278099],[113.727716,33.280133],[113.741514,33.280126],[113.751443,33.28327],[113.774433,33.283968],[113.783082,33.282276],[113.788333,33.284429],[113.796908,33.281967],[113.801315,33.278264],[113.810216,33.277677],[113.821486,33.281583],[113.824257,33.289328],[113.82752,33.292004],[113.832834,33.290687],[113.839776,33.294778],[113.845705,33.296042],[113.879117,33.295795],[113.889592,33.298892],[113.903922,33.29658],[113.917057,33.303956],[113.921397,33.304547],[113.927057,33.303602],[113.928333,33.301577],[113.928461,33.282787],[113.924762,33.275768],[113.925708,33.271028],[113.95797,33.2603],[113.96504,33.252433],[113.978177,33.253007],[113.989186,33.249668],[114.003967,33.251202],[114.011479,33.250048],[114.014194,33.245509],[114.020618,33.24242],[114.029399,33.241286],[114.034115,33.237636],[114.067719,33.237154],[114.07864,33.245475],[114.087931,33.247773],[114.093677,33.24709],[114.098779,33.243168],[114.102301,33.237216],[114.105441,33.235842],[114.139638,33.238008],[114.143552,33.235648],[114.147725,33.229282],[114.152971,33.227703],[114.154339,33.224496],[114.153783,33.211954],[114.159288,33.208674],[114.163366,33.212198],[114.167573,33.221773],[114.175552,33.221285],[114.174184,33.211441],[114.180795,33.197971],[114.178283,33.181574],[114.180273,33.174161],[114.178022,33.170241],[114.170986,33.166753],[114.168701,33.162653],[114.17004,33.142422],[114.163713,33.130446]]]}},{"type":"Feature","properties":{"dt_adcode":"411729"},"geometry":{"type":"Polygon","coordinates":[[[114.886098,32.978629],[114.893835,32.972674],[114.916067,32.971317],[114.922208,32.960471],[114.931385,32.956253],[114.936019,32.95215],[114.942244,32.937563],[114.94568,32.933819],[114.951831,32.93439],[114.962546,32.940235],[114.997893,32.941328],[115.009255,32.940166],[115.023979,32.933716],[115.03542,32.932348],[115.035739,32.92824],[115.033859,32.928413],[115.033224,32.92666],[115.034203,32.924082],[115.038549,32.922308],[115.038367,32.918036],[115.036773,32.916297],[115.02665,32.913762],[115.024891,32.910401],[115.026851,32.907535],[115.067342,32.903262],[115.084749,32.903703],[115.095201,32.896411],[115.101376,32.894199],[115.116161,32.900244],[115.13914,32.897945],[115.143829,32.894388],[115.142519,32.88432],[115.154929,32.877282],[115.155967,32.864838],[115.176247,32.856267],[115.191121,32.857475],[115.197168,32.856109],[115.20266,32.843499],[115.200268,32.841588],[115.188893,32.840411],[115.188494,32.83451],[115.195935,32.828136],[115.190285,32.815366],[115.190285,32.810382],[115.196929,32.802115],[115.206356,32.797693],[115.212638,32.788353],[115.211008,32.786041],[115.206953,32.785331],[115.198201,32.7865],[115.189729,32.790204],[115.182087,32.787309],[115.182364,32.779133],[115.188687,32.772681],[115.189926,32.767813],[115.182205,32.743125],[115.179025,32.739324],[115.179379,32.726344],[115.184308,32.720394],[115.183354,32.712541],[115.179099,32.701962],[115.182555,32.691947],[115.178119,32.68413],[115.178457,32.682894],[115.183308,32.682008],[115.184165,32.679933],[115.18341,32.66615],[115.192418,32.667504],[115.1969,32.671677],[115.194964,32.675545],[115.19149,32.676948],[115.188419,32.680772],[115.188817,32.683324],[115.191884,32.683438],[115.201509,32.677321],[115.205146,32.672937],[115.205986,32.661227],[115.203993,32.653913],[115.209807,32.654326],[115.213083,32.660001],[115.219652,32.658817],[115.216376,32.65303],[115.208301,32.648461],[115.2098,32.641497],[115.214675,32.640958],[115.214605,32.639572],[115.208912,32.636579],[115.20506,32.637761],[115.202906,32.640291],[115.203782,32.643905],[115.202714,32.645521],[115.196743,32.64504],[115.194887,32.642376],[115.194554,32.631268],[115.197022,32.630737],[115.199999,32.633592],[115.20252,32.631044],[115.202864,32.624189],[115.199502,32.618954],[115.20912,32.612917],[115.208404,32.609892],[115.203485,32.606437],[115.197695,32.608007],[115.19147,32.604368],[115.191988,32.602995],[115.175339,32.605361],[115.152103,32.590007],[115.145654,32.580139],[115.140202,32.580129],[115.137038,32.585528],[115.140238,32.596085],[115.139719,32.600712],[115.124762,32.607563],[115.116859,32.605672],[115.111566,32.60744],[115.099543,32.619865],[115.098884,32.63108],[115.098033,32.633761],[115.094307,32.636701],[115.090581,32.637027],[115.065176,32.629052],[115.062688,32.629441],[115.050035,32.640139],[115.030102,32.648623],[114.985486,32.659346],[114.955453,32.659501],[114.929384,32.64808],[114.919373,32.64889],[114.91107,32.653399],[114.901312,32.64897],[114.894214,32.651166],[114.885219,32.658371],[114.88287,32.667824],[114.876896,32.670423],[114.867023,32.671493],[114.862925,32.677283],[114.858184,32.672883],[114.854529,32.678473],[114.846073,32.672774],[114.841992,32.66322],[114.841991,32.659332],[114.839488,32.654821],[114.844442,32.650415],[114.843108,32.647684],[114.831509,32.642682],[114.830236,32.652066],[114.825247,32.653851],[114.823818,32.651978],[114.825463,32.645664],[114.821963,32.642122],[114.817823,32.640873],[114.814124,32.64353],[114.808639,32.639044],[114.788914,32.637487],[114.784458,32.640464],[114.79292,32.644312],[114.792183,32.648201],[114.789869,32.650577],[114.765498,32.64259],[114.762947,32.643748],[114.758643,32.649641],[114.742033,32.649846],[114.742998,32.657395],[114.741756,32.658549],[114.731643,32.653138],[114.726777,32.653793],[114.726256,32.656504],[114.734894,32.663681],[114.735233,32.666452],[114.732983,32.669062],[114.729889,32.66874],[114.717937,32.658487],[114.71512,32.658684],[114.71426,32.661533],[114.718556,32.674541],[114.728056,32.678799],[114.730568,32.682121],[114.72943,32.684393],[114.723268,32.685583],[114.717297,32.691987],[114.714619,32.690986],[114.716539,32.683442],[114.715461,32.679433],[114.705696,32.678281],[114.692597,32.673323],[114.690318,32.675731],[114.696705,32.676656],[114.6991,32.678652],[114.697051,32.684747],[114.694338,32.686954],[114.691259,32.686632],[114.686186,32.678974],[114.680114,32.678584],[114.671624,32.681888],[114.669206,32.687956],[114.661839,32.692797],[114.650654,32.692858],[114.643229,32.699516],[114.641952,32.707918],[114.633851,32.716493],[114.634546,32.719405],[114.638841,32.720209],[114.635764,32.727195],[114.639798,32.730051],[114.63972,32.735008],[114.643024,32.737366],[114.653896,32.767699],[114.670928,32.77924],[114.683247,32.781619],[114.685082,32.785416],[114.684813,32.788946],[114.684031,32.792084],[114.68036,32.795773],[114.681021,32.798391],[114.696871,32.797504],[114.700933,32.801828],[114.701194,32.807847],[114.694184,32.812347],[114.693593,32.815289],[114.706962,32.825352],[114.714366,32.871314],[114.718487,32.873806],[114.723399,32.874072],[114.737927,32.869343],[114.745614,32.868448],[114.754159,32.871598],[114.767915,32.883051],[114.779626,32.888661],[114.777797,32.90253],[114.779861,32.910639],[114.785359,32.916879],[114.820369,32.920555],[114.822257,32.921861],[114.826304,32.935491],[114.82879,32.938038],[114.848679,32.947552],[114.861077,32.945242],[114.868582,32.946733],[114.870151,32.951181],[114.865255,32.957205],[114.866235,32.9609],[114.886098,32.978629]]]}},{"type":"Feature","properties":{"dt_adcode":"419001"},"geometry":{"type":"Polygon","coordinates":[[[112.058815,35.279896],[112.075815,35.27713],[112.08693,35.279436],[112.09393,35.279205],[112.115444,35.273221],[112.115287,35.27115],[112.111292,35.270345],[112.110516,35.268581],[112.117266,35.263757],[112.135376,35.271456],[112.17353,35.263809],[112.191116,35.256366],[112.214329,35.254093],[112.217257,35.253266],[112.220775,35.247029],[112.217022,35.239389],[112.242717,35.234836],[112.261279,35.241186],[112.282793,35.242022],[112.294441,35.252825],[112.300788,35.253775],[112.30444,35.251899],[112.302674,35.245193],[112.289144,35.222947],[112.288083,35.21977],[112.289961,35.217067],[112.311499,35.221214],[112.320684,35.219114],[112.330454,35.221073],[112.341294,35.219212],[112.36731,35.220198],[112.376726,35.224093],[112.39072,35.238808],[112.396254,35.241518],[112.401421,35.241872],[112.423976,35.238044],[112.457749,35.226349],[112.464658,35.23057],[112.468527,35.23103],[112.483807,35.224492],[112.488963,35.229476],[112.491014,35.229705],[112.513492,35.218552],[112.537967,35.223481],[112.559055,35.21276],[112.567848,35.211745],[112.569201,35.218212],[112.575008,35.221144],[112.602542,35.222861],[112.619,35.220042],[112.637229,35.225677],[112.63882,35.228501],[112.635117,35.238904],[112.619002,35.242919],[112.617291,35.246856],[112.618326,35.254047],[112.623966,35.257696],[112.628208,35.263229],[112.634798,35.265469],[112.636911,35.263002],[112.63491,35.255031],[112.6375,35.247686],[112.639144,35.247864],[112.645034,35.260573],[112.651453,35.25923],[112.65328,35.257234],[112.655514,35.243698],[112.661109,35.24315],[112.672885,35.234256],[112.682664,35.233717],[112.684277,35.227238],[112.695336,35.218711],[112.698938,35.217158],[112.707429,35.216937],[112.708057,35.214069],[112.703163,35.209331],[112.703095,35.201556],[112.709074,35.187439],[112.71265,35.187007],[112.720324,35.206446],[112.726477,35.209731],[112.735356,35.210425],[112.74772,35.204242],[112.758011,35.204413],[112.757611,35.19812],[112.764338,35.192297],[112.766481,35.187519],[112.766889,35.182961],[112.761982,35.158057],[112.764568,35.154058],[112.763039,35.140591],[112.76586,35.13712],[112.764678,35.122624],[112.767324,35.109625],[112.763148,35.10401],[112.753806,35.098071],[112.75357,35.086309],[112.749218,35.080868],[112.745811,35.067869],[112.743344,35.064574],[112.736053,35.060011],[112.735286,35.043339],[112.727106,35.035038],[112.698966,35.023206],[112.688306,35.016247],[112.684598,35.012506],[112.678174,34.996731],[112.670167,34.989629],[112.666451,34.987506],[112.654618,34.989601],[112.651964,34.986774],[112.65038,34.981655],[112.644664,34.978881],[112.62478,34.977888],[112.614197,34.979998],[112.606084,34.973528],[112.59985,34.971702],[112.579421,34.971746],[112.563844,34.949684],[112.557338,34.946196],[112.554471,34.940262],[112.551215,34.938564],[112.543831,34.938302],[112.532816,34.931618],[112.527888,34.932029],[112.519419,34.940353],[112.517063,34.941104],[112.51123,34.938513],[112.505181,34.942469],[112.501538,34.935337],[112.499441,34.925818],[112.496426,34.922395],[112.509918,34.920151],[112.516004,34.929234],[112.525708,34.930451],[112.532051,34.920802],[112.536238,34.918518],[112.537294,34.916022],[112.534479,34.912816],[112.53574,34.906526],[112.528632,34.911538],[112.524523,34.910488],[112.534677,34.903093],[112.533274,34.896751],[112.536344,34.895509],[112.534198,34.893754],[112.505011,34.899169],[112.478806,34.907206],[112.457142,34.916989],[112.419406,34.921881],[112.387609,34.916465],[112.370837,34.921531],[112.354066,34.934459],[112.329083,34.941273],[112.314233,34.93708],[112.301829,34.939876],[112.290648,34.958394],[112.282611,34.961364],[112.267977,34.958356],[112.258107,34.942224],[112.253295,34.940112],[112.247822,34.940754],[112.226863,34.956607],[112.212045,34.965013],[112.192687,34.969459],[112.187702,34.972999],[112.177743,34.991643],[112.169914,35.002413],[112.1543,35.014254],[112.125876,35.021222],[112.108223,35.029216],[112.100109,35.0283],[112.086377,35.030366],[112.060356,35.027799],[112.050315,35.031153],[112.042419,35.027831],[112.035222,35.032296],[112.038936,35.045498],[112.045178,35.046102],[112.049181,35.04317],[112.053542,35.044238],[112.062138,35.055782],[112.062732,35.078602],[112.055548,35.09282],[112.067209,35.136216],[112.066505,35.138038],[112.062383,35.138561],[112.060208,35.140731],[112.065862,35.147504],[112.066272,35.153503],[112.051964,35.177059],[112.041486,35.189795],[112.04066,35.19779],[112.042079,35.200264],[112.048678,35.204279],[112.058919,35.206302],[112.067636,35.214197],[112.078694,35.219387],[112.081519,35.223741],[112.079634,35.228327],[112.079636,35.242382],[112.07058,35.261893],[112.067989,35.265299],[112.054986,35.271479],[112.054925,35.273125],[112.057988,35.275484],[112.058815,35.279896]]]}}]}