{"type":"FeatureCollection","features":[{"type":"Feature","properties":{"dt_adcode":"430102"},"geometry":{"type":"Polygon","coordinates":[[[113.107174,28.182376],[113.101001,28.180843],[113.09122,28.175223],[113.080278,28.173157],[113.068495,28.177109],[113.050571,28.189652],[113.044276,28.184724],[113.044897,28.177227],[113.040853,28.175541],[113.034408,28.180436],[113.034314,28.182269],[113.030282,28.182081],[113.03035,28.184183],[112.976888,28.186526],[112.976007,28.200581],[112.99137,28.197875],[112.992611,28.203733],[112.994771,28.205513],[113.006847,28.206007],[113.007745,28.209441],[113.00534,28.209214],[113.001202,28.213012],[113.005837,28.218232],[113.008216,28.218882],[113.011928,28.216551],[113.024047,28.219263],[113.040778,28.216562],[113.045471,28.2174],[113.057841,28.223802],[113.05766,28.220189],[113.059825,28.217806],[113.072619,28.21758],[113.072788,28.215361],[113.078198,28.215329],[113.084753,28.212978],[113.084714,28.210036],[113.087672,28.211231],[113.086762,28.215216],[113.089841,28.214905],[113.092651,28.21151],[113.096929,28.210075],[113.097618,28.207175],[113.101353,28.207511],[113.103411,28.205242],[113.10352,28.207361],[113.105461,28.207928],[113.106223,28.202452],[113.109683,28.202753],[113.110949,28.20107],[113.109757,28.197237],[113.106673,28.196642],[113.107246,28.190737],[113.109134,28.187853],[113.10899,28.184467],[113.107174,28.182376]]]}},{"type":"Feature","properties":{"dt_adcode":"430103"},"geometry":{"type":"Polygon","coordinates":[[[112.986764,28.185794],[112.985081,28.167586],[112.986256,28.16336],[112.983956,28.156627],[112.986237,28.144325],[112.993912,28.147214],[112.994741,28.143493],[113.000324,28.137458],[113.006771,28.123299],[113.000567,28.123149],[113.000524,28.121712],[113.00432,28.120968],[113.002776,28.120192],[113.003934,28.118401],[113.002599,28.115421],[112.996804,28.115049],[112.996349,28.112239],[112.994931,28.112281],[112.996905,28.107299],[113.000548,28.10479],[112.999329,28.096714],[113.003045,28.08855],[112.999553,28.087716],[112.998118,28.084681],[113.002143,28.081588],[113.005607,28.082762],[113.005443,28.076338],[113.007542,28.070181],[113.011123,28.072857],[113.013937,28.072952],[113.023624,28.067484],[113.028272,28.060685],[113.031662,28.061556],[113.033336,28.057163],[113.032606,28.054209],[113.035052,28.051596],[113.033216,28.050385],[113.035274,28.049173],[113.032871,28.046901],[113.035274,28.04584],[113.034931,28.042961],[113.032356,28.041598],[113.032013,28.038568],[113.026348,28.036901],[113.02755,28.035234],[113.026691,28.033719],[113.02137,28.028416],[113.01416,28.028719],[113.01622,28.028264],[113.016736,28.021142],[113.022572,28.016596],[113.022572,28.01402],[113.027893,28.007048],[113.030468,28.006745],[113.033043,28.008867],[113.033901,28.003411],[113.041285,28.005903],[113.030186,27.99333],[113.035907,27.979537],[113.035358,27.976129],[113.029314,27.975671],[113.027816,27.979968],[113.030429,27.983063],[113.026135,27.985661],[113.022859,27.985267],[113.024418,27.978279],[113.020768,27.973705],[113.012352,27.972602],[113.003185,27.965158],[112.992077,27.975852],[112.972898,27.987467],[112.962702,27.99656],[112.960631,28.009418],[112.930891,28.053049],[112.927954,28.073501],[112.92925,28.084352],[112.932502,28.09044],[112.948855,28.106744],[112.95372,28.11421],[112.956767,28.125738],[112.955724,28.137664],[112.957065,28.147599],[112.960539,28.155677],[112.967376,28.195624],[112.976346,28.195304],[112.976532,28.186687],[112.986764,28.185794]]]}},{"type":"Feature","properties":{"dt_adcode":"430104"},"geometry":{"type":"MultiPolygon","coordinates":[[[[112.784684,28.051125],[112.791792,28.049766],[112.796199,28.047188],[112.808664,28.036863],[112.804242,28.025636],[112.791611,28.023938],[112.790467,28.031764],[112.787441,28.034536],[112.782983,28.03394],[112.776998,28.036957],[112.771783,28.035342],[112.766742,28.039625],[112.767263,28.042795],[112.7726,28.043252],[112.773069,28.049241],[112.774709,28.050557],[112.780564,28.046392],[112.784684,28.051125]]],[[[112.66978,28.205104],[112.666645,28.200423],[112.667473,28.19856],[112.670713,28.198163],[112.671784,28.190081],[112.676632,28.188417],[112.676417,28.187112],[112.68088,28.184672],[112.68221,28.182246],[112.686373,28.185235],[112.688176,28.183221],[112.695042,28.184091],[112.701951,28.182011],[112.704998,28.180119],[112.707487,28.172283],[112.709805,28.171942],[112.712594,28.16744],[112.732204,28.177687],[112.735938,28.175001],[112.739757,28.17553],[112.744907,28.171747],[112.740787,28.171672],[112.742289,28.170158],[112.741645,28.168418],[112.752031,28.163176],[112.757308,28.164425],[112.760398,28.167698],[112.762479,28.166449],[112.761857,28.164255],[112.763895,28.161701],[112.773615,28.161815],[112.772198,28.16382],[112.777134,28.163744],[112.777048,28.162004],[112.779429,28.161854],[112.781467,28.158316],[112.787046,28.155439],[112.788676,28.152677],[112.788785,28.145979],[112.797685,28.138147],[112.808585,28.142406],[112.808659,28.146915],[112.810569,28.14646],[112.814003,28.149696],[112.814839,28.154731],[112.822776,28.1535],[112.826894,28.159175],[112.83035,28.154824],[112.833118,28.157359],[112.834276,28.153348],[112.838847,28.153045],[112.840671,28.150055],[112.84168,28.151569],[112.842795,28.150225],[112.84507,28.151343],[112.84621,28.155748],[112.852966,28.159286],[112.856695,28.162624],[112.855602,28.16427],[112.858047,28.165008],[112.855708,28.168753],[112.851396,28.16813],[112.849957,28.16999],[112.845784,28.170273],[112.846772,28.173441],[112.844219,28.175314],[112.852317,28.178478],[112.859456,28.178893],[112.86005,28.183067],[112.863223,28.186104],[112.861335,28.188184],[112.861056,28.191683],[112.855982,28.194107],[112.859922,28.19818],[112.857602,28.200621],[112.853293,28.201698],[112.854779,28.202139],[112.85405,28.205997],[112.850812,28.209332],[112.84247,28.206338],[112.839796,28.217814],[112.833149,28.222161],[112.831519,28.227134],[112.82887,28.224903],[112.825936,28.229494],[112.822288,28.230477],[112.818595,28.224712],[112.816493,28.224863],[112.812769,28.232094],[112.812336,28.230169],[112.810613,28.231563],[112.809075,28.230402],[112.805941,28.234603],[112.805374,28.238565],[112.803056,28.238366],[112.803861,28.239516],[112.799901,28.241964],[112.798624,28.244362],[112.799589,28.245704],[112.802511,28.247631],[112.805193,28.246043],[112.806401,28.250709],[112.812367,28.250283],[112.817721,28.253247],[112.827564,28.245534],[112.832886,28.24731],[112.8378,28.24645],[112.841211,28.249645],[112.845523,28.249286],[112.846422,28.247699],[112.849596,28.249004],[112.850433,28.254429],[112.856591,28.25347],[112.856579,28.251353],[112.858199,28.252336],[112.860292,28.25104],[112.863024,28.253851],[112.865874,28.249202],[112.869357,28.249546],[112.873083,28.255814],[112.875271,28.25432],[112.881601,28.257291],[112.887411,28.255942],[112.892846,28.258678],[112.895346,28.258247],[112.897072,28.260251],[112.904047,28.258633],[112.904862,28.26175],[112.910636,28.265908],[112.915572,28.266873],[112.919616,28.272181],[112.926051,28.273456],[112.92678,28.272359],[112.926973,28.273701],[112.930127,28.271178],[112.929761,28.268569],[112.93401,28.267899],[112.933785,28.264506],[112.938924,28.266671],[112.941874,28.264198],[112.950955,28.264371],[112.950089,28.267523],[112.951854,28.268553],[112.951611,28.270547],[112.95319,28.269462],[112.954413,28.271635],[112.954316,28.270539],[112.961456,28.273134],[112.962194,28.275305],[112.971421,28.251205],[112.971803,28.236026],[112.967281,28.194727],[112.960539,28.155677],[112.957065,28.147599],[112.955724,28.137664],[112.956767,28.125738],[112.95372,28.11421],[112.948855,28.106744],[112.932502,28.09044],[112.92925,28.084352],[112.927954,28.073501],[112.930891,28.053049],[112.960631,28.009418],[112.96386,27.995263],[112.955164,28.000401],[112.945698,28.01475],[112.938609,28.01923],[112.933444,28.015272],[112.935582,28.00864],[112.935312,28.001865],[112.928052,27.993104],[112.929486,27.991778],[112.937624,27.992395],[112.941389,27.984815],[112.940363,27.982589],[112.937867,27.981611],[112.93758,27.984907],[112.935711,27.985458],[112.928346,27.983577],[112.926512,27.980967],[112.930511,27.979862],[112.929215,27.976941],[112.922844,27.974742],[112.920776,27.976934],[112.914538,27.97771],[112.906548,27.971063],[112.904629,27.971251],[112.901695,27.976726],[112.898449,27.978754],[112.894448,27.978903],[112.886561,27.973786],[112.883759,27.979154],[112.891785,27.988504],[112.893468,27.992148],[112.892766,27.995347],[112.88926,27.995801],[112.886067,27.993308],[112.882268,27.992899],[112.880855,27.993999],[112.882674,27.996117],[112.881202,28.001349],[112.875002,28.004674],[112.869028,28.000642],[112.875166,27.997279],[112.873024,27.9903],[112.865316,27.986832],[112.858633,27.987331],[112.86126,27.996529],[112.859735,28.004171],[112.849467,28.022576],[112.838757,28.021452],[112.832596,28.025169],[112.833542,28.037707],[112.831965,28.040511],[112.825562,28.044004],[112.822114,28.052093],[112.816664,28.05909],[112.816092,28.062923],[112.818597,28.069213],[112.816787,28.071505],[112.81046,28.069297],[112.802131,28.069375],[112.782726,28.073564],[112.779447,28.072905],[112.77518,28.07957],[112.758456,28.089584],[112.739296,28.0807],[112.714556,28.080045],[112.702928,28.081544],[112.69187,28.085726],[112.686755,28.093495],[112.666813,28.098556],[112.660114,28.105512],[112.652989,28.107266],[112.651407,28.114014],[112.649337,28.115113],[112.62992,28.112624],[112.61625,28.113671],[112.61302,28.126832],[112.623655,28.130934],[112.630365,28.137463],[112.634122,28.159137],[112.633653,28.164097],[112.628586,28.172602],[112.636949,28.176279],[112.642811,28.191155],[112.657077,28.197182],[112.662036,28.202052],[112.66978,28.205104]]]]}},{"type":"Feature","properties":{"dt_adcode":"430105"},"geometry":{"type":"Polygon","coordinates":[[[113.025038,28.374085],[113.029134,28.374296],[113.028656,28.378265],[113.031891,28.379857],[113.032361,28.377594],[113.035029,28.377986],[113.036904,28.375884],[113.036337,28.371285],[113.040524,28.37018],[113.043899,28.36503],[113.055747,28.358582],[113.063439,28.355148],[113.078572,28.356422],[113.081762,28.353734],[113.07965,28.351125],[113.082049,28.345769],[113.080484,28.343914],[113.076554,28.343731],[113.077562,28.33998],[113.075553,28.334121],[113.072144,28.333153],[113.069291,28.325598],[113.059346,28.320426],[113.059772,28.316321],[113.064087,28.312198],[113.06039,28.310527],[113.061137,28.30411],[113.059319,28.303814],[113.058622,28.306233],[113.05723,28.303727],[113.063164,28.296931],[113.060092,28.293936],[113.056115,28.293904],[113.052956,28.290768],[113.0462,28.289435],[113.041184,28.28622],[113.030026,28.265818],[113.029939,28.26299],[113.035546,28.259628],[113.035675,28.257474],[113.037778,28.257397],[113.038599,28.251472],[113.043915,28.254411],[113.046404,28.253391],[113.048722,28.255886],[113.053013,28.254336],[113.053323,28.247406],[113.058981,28.245609],[113.058553,28.231015],[113.056157,28.230755],[113.055695,28.228881],[113.059308,28.226436],[113.057093,28.223094],[113.040778,28.216562],[113.024047,28.219263],[113.011928,28.216551],[113.008216,28.218882],[113.005837,28.218232],[113.001202,28.213012],[113.00534,28.209214],[113.007745,28.209441],[113.006847,28.206007],[112.994771,28.205513],[112.992611,28.203733],[112.99137,28.197875],[112.976007,28.200581],[112.976346,28.195304],[112.967376,28.195624],[112.971803,28.236026],[112.971421,28.251205],[112.964022,28.271754],[112.949166,28.296671],[112.907567,28.336823],[112.920093,28.343661],[112.950998,28.353408],[112.951716,28.360014],[112.956308,28.368055],[112.957249,28.378115],[112.962368,28.378521],[112.977634,28.38595],[112.978505,28.390882],[112.991658,28.380281],[113.007994,28.376942],[113.018438,28.379219],[113.025038,28.374085]]]}},{"type":"Feature","properties":{"dt_adcode":"430111"},"geometry":{"type":"Polygon","coordinates":[[[112.986764,28.185794],[113.03035,28.184183],[113.030282,28.182081],[113.034314,28.182269],[113.038635,28.176258],[113.042361,28.175476],[113.045118,28.177892],[113.044276,28.184724],[113.047732,28.188623],[113.049578,28.18817],[113.050753,28.189653],[113.073366,28.174551],[113.083155,28.172989],[113.091724,28.175428],[113.104778,28.182276],[113.10872,28.181767],[113.114855,28.172725],[113.114438,28.168858],[113.108831,28.167163],[113.098777,28.171225],[113.092844,28.170882],[113.080086,28.161376],[113.076285,28.153851],[113.075362,28.137614],[113.084994,28.126077],[113.089526,28.113681],[113.103604,28.098387],[113.117337,28.089149],[113.126262,28.088846],[113.137078,28.091875],[113.155444,28.089604],[113.173641,28.068854],[113.175358,28.062341],[113.174328,28.056281],[113.183542,28.056719],[113.186375,28.053392],[113.184234,28.040995],[113.184614,28.025087],[113.177231,28.014929],[113.168177,28.012996],[113.164096,28.006728],[113.170654,27.999896],[113.166894,27.995459],[113.162661,27.996772],[113.163281,27.999098],[113.16069,28.00007],[113.160032,27.997813],[113.148878,27.993032],[113.151174,27.987365],[113.149345,27.981299],[113.153071,27.973796],[113.15688,27.971332],[113.158434,27.972663],[113.162205,27.968553],[113.159568,27.96559],[113.153738,27.963931],[113.149716,27.95653],[113.146534,27.953884],[113.134966,27.952511],[113.138558,27.944441],[113.131041,27.942228],[113.129896,27.94001],[113.132913,27.935602],[113.132965,27.930579],[113.139389,27.927527],[113.135764,27.913697],[113.130457,27.912705],[113.122096,27.914314],[113.108629,27.933039],[113.10019,27.934751],[113.087751,27.947104],[113.086682,27.950109],[113.09128,27.96461],[113.08232,27.964273],[113.080243,27.968463],[113.074817,27.968926],[113.073487,27.971439],[113.086832,27.983263],[113.090952,27.989886],[113.086973,27.996855],[113.080237,28.002306],[113.07583,28.008601],[113.071734,28.01089],[113.068229,28.01073],[113.047708,28.007552],[113.033901,28.003411],[113.033043,28.008867],[113.030468,28.006745],[113.027893,28.007048],[113.022572,28.01402],[113.022572,28.016596],[113.016736,28.021142],[113.01622,28.028264],[113.01416,28.029476],[113.02137,28.028416],[113.026691,28.033719],[113.02755,28.035234],[113.026348,28.036901],[113.032013,28.038568],[113.032356,28.041598],[113.034931,28.042961],[113.035274,28.04584],[113.032871,28.046901],[113.035274,28.049173],[113.033216,28.050385],[113.035052,28.051596],[113.032606,28.054209],[113.033336,28.057163],[113.031662,28.061556],[113.028272,28.060685],[113.023624,28.067484],[113.013937,28.072952],[113.011123,28.072857],[113.007542,28.070181],[113.005443,28.076338],[113.005607,28.082762],[113.002143,28.081588],[112.998118,28.084681],[112.999553,28.087716],[113.003045,28.08855],[112.999329,28.096714],[113.000548,28.10479],[112.996905,28.107299],[112.994931,28.112281],[112.996349,28.112239],[112.996804,28.115049],[113.002599,28.115421],[113.003934,28.118401],[113.002776,28.120192],[113.00432,28.120968],[113.000524,28.121712],[113.000567,28.123149],[113.006771,28.123299],[113.000324,28.137458],[112.994741,28.143493],[112.993912,28.147214],[112.986237,28.144325],[112.983956,28.156627],[112.986256,28.16336],[112.985081,28.167586],[112.986764,28.185794]]]}},{"type":"Feature","properties":{"dt_adcode":"430112"},"geometry":{"type":"Polygon","coordinates":[[[112.962194,28.275305],[112.961456,28.273134],[112.954316,28.270539],[112.954413,28.271635],[112.95319,28.269462],[112.951611,28.270547],[112.951854,28.268553],[112.950089,28.267523],[112.950955,28.264371],[112.941874,28.264198],[112.938924,28.266671],[112.933785,28.264506],[112.93401,28.267899],[112.929761,28.268569],[112.930127,28.271178],[112.926973,28.273701],[112.92678,28.272359],[112.926051,28.273456],[112.919616,28.272181],[112.915572,28.266873],[112.910636,28.265908],[112.904862,28.26175],[112.904047,28.258633],[112.897072,28.260251],[112.895346,28.258247],[112.892846,28.258678],[112.887411,28.255942],[112.881601,28.257291],[112.875271,28.25432],[112.873083,28.255814],[112.869357,28.249546],[112.865874,28.249202],[112.863024,28.253851],[112.860292,28.25104],[112.858199,28.252336],[112.856579,28.251353],[112.856591,28.25347],[112.850433,28.254429],[112.849596,28.249004],[112.846422,28.247699],[112.845523,28.249286],[112.841211,28.249645],[112.8378,28.24645],[112.832886,28.24731],[112.827564,28.245534],[112.817721,28.253247],[112.812367,28.250283],[112.806401,28.250709],[112.805193,28.246043],[112.802511,28.247631],[112.799589,28.245704],[112.798624,28.244362],[112.799901,28.241964],[112.803861,28.239516],[112.803056,28.238366],[112.805374,28.238565],[112.805941,28.234603],[112.809075,28.230402],[112.810613,28.231563],[112.812336,28.230169],[112.812769,28.232094],[112.816858,28.224806],[112.818595,28.224712],[112.822288,28.230477],[112.825936,28.229494],[112.82887,28.224903],[112.831519,28.227134],[112.833149,28.222161],[112.839796,28.217814],[112.84247,28.206338],[112.850812,28.209332],[112.85405,28.205997],[112.854779,28.202139],[112.853293,28.201698],[112.857602,28.200621],[112.859922,28.19818],[112.855982,28.194107],[112.861056,28.191683],[112.861335,28.188184],[112.863223,28.186104],[112.86005,28.183067],[112.859456,28.178893],[112.852317,28.178478],[112.844219,28.175314],[112.846772,28.173441],[112.845784,28.170273],[112.849957,28.16999],[112.851396,28.16813],[112.855708,28.168753],[112.858047,28.165008],[112.855602,28.16427],[112.856695,28.162624],[112.852966,28.159286],[112.84621,28.155748],[112.84507,28.151343],[112.842795,28.150225],[112.84168,28.151569],[112.840671,28.150055],[112.837559,28.153537],[112.834276,28.153348],[112.832453,28.157605],[112.83035,28.154824],[112.826894,28.159175],[112.822776,28.1535],[112.814839,28.154731],[112.814003,28.149696],[112.810569,28.14646],[112.808659,28.146915],[112.808585,28.142406],[112.797685,28.138147],[112.788785,28.145979],[112.788676,28.152677],[112.787046,28.155439],[112.781467,28.158316],[112.779429,28.161854],[112.777048,28.162004],[112.777134,28.163744],[112.772198,28.16382],[112.773615,28.161815],[112.763895,28.161701],[112.761857,28.164255],[112.762479,28.166449],[112.760398,28.167698],[112.757308,28.164425],[112.752031,28.163176],[112.741645,28.168418],[112.742289,28.170158],[112.740787,28.171672],[112.744907,28.171747],[112.739757,28.17553],[112.735938,28.175001],[112.732204,28.177687],[112.712594,28.16744],[112.709805,28.171942],[112.707487,28.172283],[112.704998,28.180119],[112.699806,28.18307],[112.688176,28.183221],[112.686373,28.185235],[112.68221,28.182246],[112.68088,28.184672],[112.676417,28.187112],[112.676632,28.188417],[112.671784,28.190081],[112.670713,28.198163],[112.667473,28.19856],[112.666645,28.200423],[112.671181,28.205465],[112.681839,28.203086],[112.685328,28.20432],[112.689609,28.208393],[112.692072,28.21379],[112.700485,28.218432],[112.706558,28.225517],[112.700082,28.233204],[112.69645,28.233199],[112.697677,28.234919],[112.69559,28.236132],[112.695225,28.243268],[112.697077,28.243434],[112.694774,28.244636],[112.696745,28.249889],[112.694749,28.249432],[112.691137,28.253061],[112.70033,28.253711],[112.698929,28.256581],[112.701037,28.262995],[112.700385,28.272164],[112.702395,28.274114],[112.71525,28.278079],[112.71732,28.280197],[112.716285,28.280914],[112.710954,28.278808],[112.709572,28.280707],[112.719486,28.284292],[112.719182,28.290496],[112.711538,28.296315],[112.706895,28.306521],[112.707434,28.308109],[112.711887,28.309924],[112.708531,28.315464],[112.709122,28.318351],[112.716532,28.322128],[112.716298,28.328614],[112.721698,28.330212],[112.71149,28.343842],[112.703628,28.351239],[112.701123,28.359054],[112.702663,28.363482],[112.721771,28.371855],[112.723823,28.375496],[112.722646,28.380865],[112.71902,28.381468],[112.71136,28.379099],[112.705857,28.381954],[112.703271,28.381199],[112.696992,28.383376],[112.696628,28.385911],[112.702213,28.392202],[112.702213,28.39587],[112.700213,28.397308],[112.686536,28.398974],[112.681681,28.40206],[112.67814,28.410647],[112.678889,28.415569],[112.682004,28.420583],[112.67996,28.424167],[112.660123,28.433694],[112.659227,28.43735],[112.660548,28.444251],[112.658485,28.445662],[112.65922,28.447041],[112.653109,28.446834],[112.652672,28.448167],[112.655314,28.448373],[112.662529,28.457288],[112.667085,28.458675],[112.673533,28.464173],[112.684532,28.469647],[112.670637,28.481482],[112.659118,28.484039],[112.651836,28.487831],[112.651761,28.495658],[112.657234,28.498597],[112.660943,28.503437],[112.663211,28.50108],[112.672572,28.517527],[112.682343,28.525215],[112.695925,28.521789],[112.714556,28.510648],[112.731657,28.507437],[112.746898,28.510462],[112.745552,28.515999],[112.753872,28.517988],[112.754793,28.524203],[112.757729,28.529741],[112.772685,28.54641],[112.796432,28.558528],[112.807987,28.559898],[112.80803,28.557581],[112.790994,28.539304],[112.788809,28.53501],[112.791262,28.524207],[112.797279,28.519359],[112.810038,28.519776],[112.812439,28.521437],[112.815593,28.527795],[112.822422,28.528371],[112.824267,28.52421],[112.822308,28.51561],[112.823642,28.511389],[112.832316,28.51204],[112.841446,28.510502],[112.854455,28.512318],[112.864439,28.507279],[112.865523,28.503167],[112.872389,28.500641],[112.873941,28.503989],[112.871115,28.512994],[112.871463,28.51915],[112.885113,28.520648],[112.891316,28.524777],[112.897616,28.518184],[112.902043,28.516709],[112.912341,28.517163],[112.919647,28.520183],[112.923366,28.519832],[112.939806,28.508515],[112.94754,28.514031],[112.955337,28.515939],[112.965644,28.521155],[112.97444,28.520651],[112.978629,28.523439],[112.978899,28.513938],[112.974891,28.506995],[112.977547,28.497151],[112.969743,28.49078],[112.967296,28.483409],[112.961131,28.479434],[112.960783,28.477059],[112.970542,28.466968],[112.977118,28.46463],[112.98257,28.46476],[112.988084,28.460319],[113.01621,28.470902],[113.024295,28.480508],[113.032057,28.485466],[113.036917,28.486265],[113.041428,28.484913],[113.049124,28.479138],[113.049672,28.476998],[113.046521,28.473459],[113.0325,28.471979],[113.029643,28.46974],[113.024154,28.456343],[113.022698,28.439676],[113.025084,28.435978],[113.025023,28.432641],[113.021232,28.424232],[113.005462,28.411617],[112.99809,28.411796],[112.994518,28.410281],[112.991609,28.411766],[112.985274,28.406655],[112.984917,28.405069],[112.990214,28.402037],[112.990318,28.395378],[112.984664,28.391464],[112.978392,28.390814],[112.977634,28.38595],[112.962368,28.378521],[112.957249,28.378115],[112.956308,28.368055],[112.951716,28.360014],[112.950998,28.353408],[112.920093,28.343661],[112.907567,28.336823],[112.949166,28.296671],[112.962194,28.275305]]]}},{"type":"Feature","properties":{"dt_adcode":"430121"},"geometry":{"type":"Polygon","coordinates":[[[113.05766,28.220189],[113.059308,28.226436],[113.055695,28.228881],[113.056157,28.230755],[113.058553,28.231015],[113.058981,28.245609],[113.053323,28.247406],[113.05371,28.252415],[113.050438,28.25581],[113.038599,28.251472],[113.037778,28.257397],[113.035675,28.257474],[113.035546,28.259628],[113.029939,28.26299],[113.030026,28.265818],[113.041184,28.28622],[113.0462,28.289435],[113.052956,28.290768],[113.056115,28.293904],[113.060092,28.293936],[113.063164,28.296931],[113.05723,28.303727],[113.058622,28.306233],[113.059319,28.303814],[113.061137,28.30411],[113.06039,28.310527],[113.064087,28.312198],[113.059772,28.316321],[113.059346,28.320426],[113.069291,28.325598],[113.072144,28.333153],[113.075553,28.334121],[113.077562,28.33998],[113.076554,28.343731],[113.080484,28.343914],[113.082049,28.345769],[113.07965,28.351125],[113.081762,28.353734],[113.078572,28.356422],[113.063439,28.355148],[113.055747,28.358582],[113.043899,28.36503],[113.040524,28.37018],[113.036337,28.371285],[113.036904,28.375884],[113.035029,28.377986],[113.032361,28.377594],[113.031891,28.379857],[113.028656,28.378265],[113.029134,28.374296],[113.024541,28.37364],[113.018438,28.379219],[113.008874,28.376914],[113.00044,28.377586],[112.991658,28.380281],[112.978505,28.390882],[112.984664,28.391464],[112.991006,28.396459],[112.990214,28.402037],[112.984769,28.405857],[112.99085,28.411245],[112.992576,28.41189],[112.994518,28.410281],[112.99809,28.411796],[113.005462,28.411617],[113.021232,28.424232],[113.025023,28.432641],[113.025084,28.435978],[113.022698,28.439676],[113.024154,28.456343],[113.029643,28.46974],[113.0325,28.471979],[113.047417,28.473808],[113.049455,28.478804],[113.041428,28.484913],[113.047811,28.489563],[113.055254,28.499364],[113.062321,28.503403],[113.067933,28.519273],[113.072161,28.523611],[113.074778,28.524038],[113.079039,28.521885],[113.084314,28.515169],[113.084992,28.508231],[113.089529,28.506013],[113.096565,28.508692],[113.105353,28.501894],[113.111915,28.499305],[113.1193,28.500445],[113.130447,28.49851],[113.132078,28.490773],[113.128667,28.473998],[113.131181,28.471311],[113.142401,28.472645],[113.154292,28.470879],[113.16989,28.480466],[113.171389,28.492411],[113.175505,28.493589],[113.177645,28.499357],[113.185816,28.504124],[113.183061,28.510158],[113.185922,28.529229],[113.19476,28.541534],[113.193929,28.550083],[113.200758,28.55559],[113.194667,28.566464],[113.186116,28.567959],[113.185128,28.573562],[113.189695,28.582147],[113.183433,28.599103],[113.186517,28.601996],[113.195034,28.603674],[113.198171,28.608442],[113.204021,28.610348],[113.215037,28.619846],[113.212854,28.634273],[113.216478,28.638052],[113.234706,28.646445],[113.23361,28.661612],[113.238255,28.660873],[113.24359,28.65618],[113.248102,28.6455],[113.245958,28.640602],[113.251009,28.634086],[113.251816,28.629696],[113.259949,28.627804],[113.264647,28.631333],[113.274758,28.631984],[113.279373,28.637913],[113.287134,28.638172],[113.297235,28.634713],[113.309993,28.633161],[113.315254,28.630437],[113.316539,28.628625],[113.315636,28.621018],[113.320324,28.615781],[113.323491,28.615409],[113.334217,28.619225],[113.349231,28.616596],[113.352963,28.617755],[113.358595,28.622403],[113.361348,28.633266],[113.369627,28.640029],[113.379867,28.644671],[113.384759,28.644564],[113.391674,28.641753],[113.403328,28.634504],[113.409699,28.632457],[113.425315,28.635959],[113.426564,28.633064],[113.423753,28.621031],[113.418019,28.618901],[113.41775,28.615256],[113.420716,28.608661],[113.416925,28.604661],[113.414581,28.590903],[113.415674,28.587652],[113.419856,28.588614],[113.424321,28.578719],[113.425917,28.579329],[113.426785,28.585772],[113.430401,28.590291],[113.441997,28.590368],[113.445818,28.594003],[113.449456,28.590979],[113.452911,28.590631],[113.461319,28.597381],[113.472388,28.587222],[113.475104,28.578528],[113.491351,28.570449],[113.497223,28.565838],[113.500933,28.559176],[113.503794,28.543299],[113.507366,28.536949],[113.505739,28.522836],[113.497911,28.514163],[113.490584,28.514002],[113.47451,28.509685],[113.475539,28.502963],[113.474518,28.501279],[113.465466,28.500904],[113.456895,28.496119],[113.440628,28.49393],[113.436937,28.495932],[113.435681,28.49972],[113.429022,28.48549],[113.408427,28.479465],[113.407646,28.476423],[113.411881,28.470981],[113.41293,28.464262],[113.411168,28.457954],[113.405916,28.455386],[113.394984,28.453919],[113.375512,28.448361],[113.369018,28.442405],[113.367504,28.434399],[113.365443,28.431528],[113.357304,28.429752],[113.354381,28.422372],[113.344848,28.421553],[113.329875,28.409807],[113.3283,28.402871],[113.335301,28.384799],[113.339545,28.365887],[113.337987,28.361321],[113.332524,28.356771],[113.331804,28.343922],[113.33615,28.34023],[113.336376,28.336111],[113.33206,28.328451],[113.330694,28.314183],[113.3253,28.309572],[113.327308,28.301276],[113.317678,28.293519],[113.311364,28.295849],[113.308893,28.288918],[113.30364,28.28459],[113.300134,28.275819],[113.299055,28.263392],[113.296724,28.256408],[113.287752,28.250624],[113.289073,28.245486],[113.284901,28.242118],[113.282631,28.233495],[113.268399,28.227332],[113.267079,28.224799],[113.268121,28.219876],[113.280196,28.205129],[113.280812,28.200842],[113.27824,28.195718],[113.278865,28.193683],[113.282845,28.187176],[113.286547,28.18593],[113.292187,28.173982],[113.295465,28.173906],[113.299326,28.177655],[113.307962,28.181466],[113.324332,28.186439],[113.336111,28.193342],[113.3402,28.192712],[113.339269,28.187188],[113.343226,28.184808],[113.346497,28.189254],[113.356283,28.19114],[113.359501,28.196262],[113.362562,28.196703],[113.369752,28.19245],[113.370039,28.187147],[113.366187,28.183155],[113.3589,28.181092],[113.352097,28.162275],[113.35675,28.162318],[113.365001,28.153209],[113.365184,28.151573],[113.35947,28.145896],[113.359009,28.14274],[113.361557,28.14228],[113.367514,28.147052],[113.377494,28.151529],[113.402835,28.158244],[113.405812,28.155406],[113.406228,28.150441],[113.4156,28.14334],[113.428653,28.143657],[113.432581,28.142447],[113.430846,28.138681],[113.413525,28.123123],[113.404376,28.119508],[113.399323,28.113759],[113.389942,28.11121],[113.380027,28.104088],[113.376299,28.099195],[113.367987,28.095503],[113.365204,28.085867],[113.35816,28.08121],[113.350201,28.071477],[113.334969,28.062778],[113.327192,28.063308],[113.324156,28.056154],[113.308925,28.05642],[113.30495,28.051412],[113.305263,28.049492],[113.312977,28.039264],[113.319613,28.037948],[113.320874,28.036364],[113.31863,28.03406],[113.313585,28.031761],[113.303705,28.031506],[113.299523,28.036285],[113.302271,28.040817],[113.301489,28.044316],[113.281729,28.047626],[113.256264,28.060061],[113.240105,28.075717],[113.234969,28.070321],[113.232904,28.065493],[113.234274,28.061508],[113.238958,28.058135],[113.238854,28.055451],[113.233059,28.050898],[113.22835,28.052111],[113.22646,28.057963],[113.223703,28.060841],[113.217599,28.060786],[113.211158,28.058164],[113.202517,28.049067],[113.195819,28.057729],[113.174328,28.056281],[113.175358,28.062341],[113.173641,28.068854],[113.155444,28.089604],[113.137078,28.091875],[113.126262,28.088846],[113.117337,28.089149],[113.103604,28.098387],[113.089526,28.113681],[113.084994,28.126077],[113.075362,28.137614],[113.074798,28.1448],[113.077494,28.157419],[113.083398,28.16465],[113.089803,28.169363],[113.098777,28.171225],[113.110411,28.167162],[113.114916,28.169442],[113.114855,28.172725],[113.111159,28.179306],[113.107174,28.182376],[113.10899,28.184467],[113.109134,28.187853],[113.107246,28.190737],[113.106673,28.196642],[113.109757,28.197237],[113.110949,28.20107],[113.109683,28.202753],[113.106223,28.202452],[113.105461,28.207928],[113.10352,28.207361],[113.103411,28.205242],[113.101353,28.207511],[113.097618,28.207175],[113.096929,28.210075],[113.092651,28.21151],[113.091156,28.214532],[113.086762,28.215216],[113.087672,28.211231],[113.084714,28.210036],[113.084753,28.212978],[113.078198,28.215329],[113.072788,28.215361],[113.072619,28.21758],[113.059825,28.217806],[113.05766,28.220189]]]}},{"type":"Feature","properties":{"dt_adcode":"430181"},"geometry":{"type":"Polygon","coordinates":[[[113.880023,27.991301],[113.871266,28.002905],[113.864831,28.006307],[113.86148,28.004297],[113.850285,27.987421],[113.851221,27.981574],[113.853463,27.979533],[113.851242,27.978346],[113.848294,27.969539],[113.840284,27.972369],[113.828832,27.971627],[113.826054,27.974585],[113.825128,27.980779],[113.820159,27.981967],[113.797273,27.969921],[113.79308,27.962202],[113.794968,27.956018],[113.771034,27.952685],[113.762891,27.942145],[113.753435,27.934686],[113.750216,27.929736],[113.745841,27.921442],[113.74499,27.915959],[113.735294,27.902849],[113.730395,27.884706],[113.72104,27.885384],[113.699435,27.870222],[113.672206,27.876845],[113.660669,27.884902],[113.655496,27.882226],[113.654948,27.877816],[113.647881,27.878044],[113.644917,27.879746],[113.643101,27.885416],[113.636776,27.890282],[113.633943,27.895768],[113.623242,27.900229],[113.602182,27.913557],[113.597306,27.91295],[113.594808,27.91033],[113.597272,27.902919],[113.592206,27.891375],[113.5774,27.899068],[113.571447,27.911794],[113.573856,27.91871],[113.569438,27.92779],[113.572428,27.937363],[113.578216,27.939756],[113.577299,27.954804],[113.574578,27.96103],[113.567717,27.964779],[113.555922,27.961411],[113.542341,27.961919],[113.533282,27.958534],[113.52528,27.959621],[113.523861,27.957122],[113.524596,27.94912],[113.52316,27.944476],[113.519613,27.941273],[113.512486,27.939552],[113.511156,27.937041],[113.490189,27.939449],[113.486608,27.937995],[113.483926,27.935931],[113.480637,27.926074],[113.461563,27.916293],[113.45817,27.908068],[113.459537,27.900188],[113.454714,27.896963],[113.446183,27.895662],[113.428746,27.898345],[113.424194,27.897659],[113.421616,27.892732],[113.415536,27.888967],[113.415082,27.861014],[113.41175,27.856946],[113.400014,27.853389],[113.387133,27.854524],[113.371524,27.852619],[113.359395,27.848072],[113.343071,27.858548],[113.329342,27.85728],[113.315748,27.865102],[113.301607,27.868344],[113.300294,27.870071],[113.300077,27.877231],[113.297312,27.878536],[113.287923,27.876618],[113.289834,27.864915],[113.274991,27.862679],[113.273582,27.863891],[113.276016,27.874152],[113.281386,27.882031],[113.281622,27.894451],[113.277799,27.903694],[113.272473,27.906025],[113.271657,27.907876],[113.2816,27.910773],[113.287984,27.909627],[113.290566,27.910914],[113.284897,27.919089],[113.27236,27.919737],[113.268478,27.931686],[113.259091,27.941799],[113.263191,27.949485],[113.270113,27.946895],[113.271181,27.947759],[113.271825,27.961766],[113.277968,27.9687],[113.277673,27.970616],[113.269238,27.977803],[113.271793,27.988851],[113.271437,27.990652],[113.267563,27.993123],[113.269978,27.996683],[113.266817,28.001132],[113.268719,28.001766],[113.268823,28.004044],[113.264029,28.011741],[113.26191,28.009575],[113.259861,28.002657],[113.260294,27.994355],[113.256843,27.993801],[113.260347,28.010687],[113.259844,28.013233],[113.256234,28.012982],[113.25468,28.019123],[113.250262,28.019678],[113.242624,28.009656],[113.238104,28.012944],[113.228191,28.01443],[113.226569,28.020422],[113.21789,28.018968],[113.213938,28.024541],[113.208441,28.011391],[113.190816,28.010671],[113.178539,28.012737],[113.177231,28.014929],[113.181035,28.019014],[113.185203,28.027621],[113.184234,28.040995],[113.186747,28.051134],[113.183542,28.056719],[113.195819,28.057729],[113.202517,28.049067],[113.211158,28.058164],[113.217599,28.060786],[113.223703,28.060841],[113.22646,28.057963],[113.22835,28.052111],[113.233059,28.050898],[113.238854,28.055451],[113.238958,28.058135],[113.234274,28.061508],[113.232904,28.065493],[113.234969,28.070321],[113.240105,28.075717],[113.256264,28.060061],[113.281729,28.047626],[113.301489,28.044316],[113.302271,28.040817],[113.299523,28.036285],[113.303705,28.031506],[113.316012,28.032263],[113.320874,28.036364],[113.319613,28.037948],[113.312977,28.039264],[113.305263,28.049492],[113.30495,28.051412],[113.308925,28.05642],[113.324156,28.056154],[113.327192,28.063308],[113.334969,28.062778],[113.350201,28.071477],[113.35816,28.08121],[113.365204,28.085867],[113.367987,28.095503],[113.376299,28.099195],[113.380027,28.104088],[113.389942,28.11121],[113.399323,28.113759],[113.404376,28.119508],[113.413525,28.123123],[113.432129,28.140364],[113.432581,28.142447],[113.428653,28.143657],[113.4156,28.14334],[113.406228,28.150441],[113.405812,28.155406],[113.402835,28.158244],[113.377494,28.151529],[113.367514,28.147052],[113.361557,28.14228],[113.359009,28.14274],[113.35947,28.145896],[113.365184,28.151573],[113.365001,28.153209],[113.35675,28.162318],[113.352097,28.162275],[113.3589,28.181092],[113.366187,28.183155],[113.370039,28.187147],[113.369752,28.19245],[113.362562,28.196703],[113.359501,28.196262],[113.356283,28.19114],[113.346497,28.189254],[113.343226,28.184808],[113.339269,28.187188],[113.3402,28.192712],[113.336111,28.193342],[113.324332,28.186439],[113.307962,28.181466],[113.299326,28.177655],[113.295465,28.173906],[113.292187,28.173982],[113.286547,28.18593],[113.282845,28.187176],[113.278865,28.193683],[113.27824,28.195718],[113.280812,28.200842],[113.280196,28.205129],[113.267035,28.22295],[113.268399,28.227332],[113.282631,28.233495],[113.284901,28.242118],[113.289073,28.245486],[113.287752,28.250624],[113.29582,28.254659],[113.299055,28.263392],[113.300134,28.275819],[113.30364,28.28459],[113.308893,28.288918],[113.311364,28.295849],[113.317678,28.293519],[113.327308,28.301276],[113.3253,28.309572],[113.330694,28.314183],[113.33206,28.328451],[113.336376,28.336111],[113.33615,28.34023],[113.331804,28.343922],[113.332524,28.356771],[113.337987,28.361321],[113.339545,28.365887],[113.335301,28.384799],[113.3283,28.402871],[113.329875,28.409807],[113.344848,28.421553],[113.354381,28.422372],[113.357304,28.429752],[113.365443,28.431528],[113.367504,28.434399],[113.369018,28.442405],[113.375512,28.448361],[113.394984,28.453919],[113.405916,28.455386],[113.411168,28.457954],[113.41293,28.464262],[113.411881,28.470981],[113.407646,28.476423],[113.408427,28.479465],[113.429022,28.48549],[113.435681,28.49972],[113.436937,28.495932],[113.440628,28.49393],[113.45983,28.496832],[113.465466,28.500904],[113.474518,28.501279],[113.475539,28.502963],[113.47451,28.509685],[113.490584,28.514002],[113.495359,28.513167],[113.504389,28.520873],[113.506595,28.526943],[113.507366,28.536949],[113.517753,28.536323],[113.528209,28.528282],[113.548499,28.52496],[113.552014,28.526502],[113.556819,28.532736],[113.566951,28.533052],[113.576941,28.536264],[113.607256,28.503083],[113.617785,28.494002],[113.624844,28.490671],[113.629647,28.482767],[113.636111,28.482483],[113.649746,28.470021],[113.654222,28.462339],[113.661506,28.456078],[113.656672,28.449937],[113.657333,28.447709],[113.676956,28.44203],[113.704669,28.422183],[113.719634,28.425109],[113.721667,28.431737],[113.731978,28.442361],[113.761677,28.451379],[113.773894,28.451039],[113.779736,28.45329],[113.784962,28.457555],[113.803516,28.457149],[113.815153,28.464853],[113.817543,28.466876],[113.824894,28.484108],[113.832988,28.489045],[113.832452,28.498867],[113.844417,28.5239],[113.855784,28.53184],[113.859464,28.531813],[113.876489,28.518906],[113.885647,28.515164],[113.889529,28.515628],[113.902465,28.528576],[113.917856,28.525443],[113.935439,28.531394],[113.94125,28.526366],[113.95321,28.538101],[113.962454,28.542335],[113.970631,28.558771],[113.975999,28.564734],[113.987415,28.562837],[113.995761,28.564896],[114.002019,28.562179],[114.013551,28.554596],[114.015056,28.545686],[114.019581,28.542894],[114.025438,28.542805],[114.040056,28.55103],[114.053292,28.54417],[114.065957,28.547716],[114.073891,28.555207],[114.086761,28.555885],[114.091891,28.547907],[114.100662,28.540322],[114.106908,28.538607],[114.1185,28.538996],[114.125416,28.534412],[114.129601,28.53639],[114.135232,28.536206],[114.138108,28.53371],[114.142671,28.520235],[114.147286,28.51769],[114.154645,28.507551],[114.15996,28.506788],[114.166167,28.500872],[114.174666,28.497383],[114.185209,28.497402],[114.192429,28.499451],[114.195597,28.498555],[114.209354,28.488687],[114.218197,28.484572],[114.219608,28.47336],[114.216896,28.466408],[114.208044,28.460393],[114.202313,28.459264],[114.198381,28.451966],[114.192165,28.447627],[114.190035,28.441316],[114.187542,28.438952],[114.182979,28.436864],[114.175484,28.437036],[114.171831,28.434612],[114.172367,28.432783],[114.189108,28.431801],[114.195522,28.429389],[114.204526,28.421776],[114.214622,28.403065],[114.222522,28.401629],[114.228153,28.395434],[114.233344,28.398792],[114.236144,28.396926],[114.252462,28.395736],[114.255012,28.393919],[114.256356,28.381853],[114.259123,28.378265],[114.259279,28.375229],[114.249858,28.365991],[114.251584,28.362455],[114.258688,28.357539],[114.261264,28.352234],[114.259737,28.350101],[114.253725,28.349764],[114.247115,28.338086],[114.255519,28.326594],[114.255674,28.323612],[114.250626,28.3182],[114.244,28.315623],[114.239959,28.311927],[114.235131,28.310921],[114.232964,28.307181],[114.229047,28.305381],[114.227149,28.301016],[114.219013,28.295862],[114.21567,28.294004],[114.21043,28.294714],[114.198151,28.290739],[114.196151,28.284424],[114.198799,28.278551],[114.198383,28.269786],[114.18867,28.266861],[114.184662,28.267634],[114.182151,28.250047],[114.167929,28.253557],[114.155997,28.248916],[114.150623,28.249484],[114.145029,28.247787],[114.143781,28.238159],[114.129644,28.228151],[114.128656,28.223386],[114.122919,28.217328],[114.12122,28.213136],[114.106636,28.201626],[114.107814,28.184402],[114.105325,28.181518],[114.095513,28.181488],[114.083776,28.179201],[114.077627,28.174158],[114.060327,28.170994],[114.053468,28.171084],[114.048025,28.176688],[114.041014,28.173401],[114.03181,28.17398],[114.027294,28.172093],[114.012352,28.1751],[114.007364,28.166563],[113.994099,28.163963],[113.992994,28.158855],[113.995831,28.152623],[113.999895,28.147238],[114.005978,28.14485],[114.008214,28.137579],[114.007204,28.125428],[114.009197,28.123748],[114.014802,28.123329],[114.017073,28.12017],[114.015671,28.117511],[114.018342,28.100492],[114.022136,28.099427],[114.023589,28.094657],[114.027026,28.092386],[114.028348,28.084216],[114.023458,28.086047],[114.022326,28.084705],[114.01908,28.085444],[114.024806,28.080609],[114.028052,28.081651],[114.029879,28.079687],[114.036309,28.078149],[114.038048,28.075817],[114.037439,28.072621],[114.042954,28.067736],[114.04711,28.057576],[114.045162,28.055917],[114.04571,28.052885],[114.035358,28.050579],[114.03179,28.044511],[114.027552,28.041795],[114.026829,28.031806],[114.000573,28.040435],[113.989259,28.038724],[113.967664,28.04087],[113.960289,28.037513],[113.956236,28.030613],[113.966323,28.019272],[113.964279,28.016104],[113.953714,28.013863],[113.944057,28.014189],[113.935526,28.018919],[113.930653,28.015349],[113.929801,28.010917],[113.925294,28.004169],[113.918445,28.000749],[113.915502,27.992401],[113.904606,27.988711],[113.894434,27.987801],[113.885169,27.991528],[113.880023,27.991301]]]}},{"type":"Feature","properties":{"dt_adcode":"430182"},"geometry":{"type":"Polygon","coordinates":[[[112.651836,28.487831],[112.659118,28.484039],[112.670637,28.481482],[112.68441,28.470487],[112.684384,28.468867],[112.662529,28.457288],[112.655314,28.448373],[112.652672,28.448167],[112.653109,28.446834],[112.65922,28.447041],[112.658485,28.445662],[112.660548,28.444251],[112.659227,28.43735],[112.660123,28.433694],[112.67996,28.424167],[112.682004,28.420583],[112.678889,28.415569],[112.67814,28.410647],[112.681681,28.40206],[112.686536,28.398974],[112.700213,28.397308],[112.702213,28.39587],[112.702213,28.392202],[112.696628,28.385911],[112.696992,28.383376],[112.703271,28.381199],[112.705857,28.381954],[112.71136,28.379099],[112.71902,28.381468],[112.722876,28.380207],[112.723718,28.374364],[112.721771,28.371855],[112.702663,28.363482],[112.701123,28.359054],[112.703628,28.351239],[112.71149,28.343842],[112.721698,28.330212],[112.716298,28.328614],[112.716532,28.322128],[112.709122,28.318351],[112.708531,28.315464],[112.711887,28.309924],[112.707434,28.308109],[112.706895,28.306521],[112.711538,28.296315],[112.71873,28.291281],[112.71966,28.285592],[112.71879,28.283661],[112.709572,28.280707],[112.710954,28.278808],[112.716285,28.280914],[112.71732,28.280197],[112.71525,28.278079],[112.702395,28.274114],[112.700385,28.272164],[112.701037,28.262995],[112.698929,28.256581],[112.70033,28.253711],[112.691137,28.253061],[112.694749,28.249432],[112.696745,28.249889],[112.694774,28.244636],[112.697077,28.243434],[112.695225,28.243268],[112.69559,28.236132],[112.697677,28.234919],[112.69645,28.233199],[112.698736,28.23403],[112.698721,28.232295],[112.700082,28.233204],[112.70414,28.228926],[112.706549,28.225968],[112.705522,28.223132],[112.699537,28.217684],[112.692072,28.21379],[112.689609,28.208393],[112.685328,28.20432],[112.680169,28.203284],[112.67386,28.205731],[112.667239,28.204334],[112.662036,28.202052],[112.657077,28.197182],[112.642811,28.191155],[112.636949,28.176279],[112.628343,28.172034],[112.633653,28.164097],[112.634122,28.159137],[112.630365,28.137463],[112.623655,28.130934],[112.61408,28.127918],[112.612864,28.124628],[112.617084,28.113231],[112.62992,28.112624],[112.649337,28.115113],[112.651407,28.114014],[112.652989,28.107266],[112.660114,28.105512],[112.668936,28.097573],[112.686755,28.093495],[112.69187,28.085726],[112.698499,28.082665],[112.714556,28.080045],[112.739296,28.0807],[112.758456,28.089584],[112.774407,28.080124],[112.777652,28.076664],[112.779447,28.072905],[112.777139,28.061139],[112.784684,28.051125],[112.780564,28.046392],[112.774709,28.050557],[112.773069,28.049241],[112.7726,28.043252],[112.767263,28.042795],[112.766456,28.041485],[112.767783,28.03834],[112.771783,28.035342],[112.772408,28.031036],[112.780224,28.024686],[112.780406,28.022948],[112.770099,28.017394],[112.768701,28.006411],[112.763684,28.002342],[112.76587,27.991696],[112.760427,27.980693],[112.758299,27.972352],[112.759679,27.970463],[112.758412,27.965413],[112.744089,27.946432],[112.744271,27.939436],[112.741759,27.92978],[112.73844,27.92824],[112.731001,27.928607],[112.728593,27.923686],[112.732722,27.919825],[112.731001,27.916964],[112.713638,27.916],[112.705211,27.923292],[112.683426,27.920309],[112.682251,27.921186],[112.687742,27.925544],[112.687124,27.927056],[112.679268,27.929809],[112.672969,27.934236],[112.666808,27.935566],[112.660649,27.941689],[112.654594,27.941493],[112.651724,27.939341],[112.641927,27.923309],[112.645851,27.916813],[112.651226,27.918525],[112.652634,27.908425],[112.657062,27.900342],[112.652738,27.893016],[112.65192,27.883403],[112.64831,27.880047],[112.633858,27.880111],[112.630511,27.890535],[112.627009,27.895199],[112.619684,27.899777],[112.611648,27.900278],[112.609546,27.903055],[112.612326,27.908309],[112.607731,27.91103],[112.606551,27.918852],[112.602062,27.918021],[112.598981,27.921174],[112.598773,27.9267],[112.594755,27.931527],[112.594148,27.93507],[112.598904,27.947083],[112.597785,27.952593],[112.588162,27.958032],[112.576689,27.959316],[112.575163,27.961657],[112.575068,27.967075],[112.567727,27.97065],[112.563308,27.980947],[112.56135,27.980458],[112.55908,27.975217],[112.553891,27.972628],[112.539987,27.975234],[112.536326,27.978889],[112.533384,27.993116],[112.519685,27.994941],[112.512487,27.993956],[112.508827,28.003747],[112.508309,28.010936],[112.511242,28.016969],[112.516408,28.018827],[112.486274,28.040224],[112.480253,28.056248],[112.475449,28.060184],[112.468689,28.05889],[112.459148,28.051908],[112.445298,28.057392],[112.438738,28.054373],[112.432539,28.054105],[112.423667,28.050377],[112.421923,28.043945],[112.418288,28.045754],[112.413299,28.040674],[112.410096,28.031594],[112.412257,28.028398],[112.411874,28.021518],[112.414867,28.014202],[112.410658,28.008553],[112.408531,28.001718],[112.399988,28.002682],[112.397939,28.000831],[112.398468,27.99619],[112.408548,27.996053],[112.411741,27.991422],[112.415794,27.991923],[112.411828,27.978959],[112.412686,27.971109],[112.410229,27.962044],[112.409744,27.968223],[112.407339,27.969898],[112.406106,27.968403],[112.40733,27.963005],[112.402356,27.966359],[112.397015,27.963],[112.390526,27.96184],[112.388537,27.964659],[112.384723,27.964263],[112.381943,27.968309],[112.374972,27.967652],[112.371112,27.970056],[112.354043,27.965672],[112.352608,27.961161],[112.346119,27.957657],[112.339074,27.957857],[112.333551,27.963212],[112.330159,27.963957],[112.32594,27.963558],[112.315581,27.958397],[112.310841,27.961665],[112.308059,27.969912],[112.305051,27.971801],[112.29467,27.970391],[112.257672,27.959147],[112.255321,27.961406],[112.250998,27.961295],[112.245289,27.963696],[112.230355,27.961834],[112.227269,27.968348],[112.223117,27.971451],[112.220378,27.96938],[112.221409,27.963525],[112.213998,27.954569],[112.211104,27.953731],[112.206296,27.958594],[112.200752,27.959899],[112.198872,27.962903],[112.199245,27.96947],[112.197721,27.970354],[112.193069,27.965152],[112.192904,27.959984],[112.188738,27.952949],[112.183047,27.947094],[112.182041,27.938411],[112.173433,27.940725],[112.171814,27.937162],[112.172303,27.933646],[112.168825,27.934805],[112.166314,27.933821],[112.158873,27.928336],[112.156785,27.924011],[112.160682,27.916894],[112.153371,27.913538],[112.151171,27.908799],[112.142525,27.908178],[112.137611,27.905696],[112.135818,27.907431],[112.134959,27.912596],[112.129047,27.91265],[112.118278,27.897627],[112.103355,27.893711],[112.09714,27.89392],[112.093094,27.895913],[112.087754,27.908388],[112.064218,27.917512],[112.061062,27.920158],[112.055913,27.918202],[112.052172,27.920016],[112.049117,27.914873],[112.044096,27.912143],[112.035862,27.913465],[112.032415,27.908417],[112.031118,27.908872],[112.030518,27.914388],[112.020269,27.910396],[112.016177,27.9058],[112.012728,27.909146],[112.009245,27.907689],[111.999701,27.907838],[111.990263,27.940963],[111.986014,27.950023],[111.982253,27.954334],[111.976377,27.956208],[111.970258,27.962712],[111.963218,27.966132],[111.956946,27.980148],[111.951223,27.987099],[111.940336,27.991568],[111.936319,27.991207],[111.926847,27.980866],[111.912629,27.973796],[111.908324,27.974515],[111.9008,27.980053],[111.899638,27.983636],[111.908291,28.000182],[111.899344,28.005349],[111.896404,28.008685],[111.896621,28.011326],[111.899719,28.020017],[111.913537,28.028802],[111.912052,28.033083],[111.908502,28.036484],[111.907531,28.041831],[111.911064,28.052307],[111.919261,28.061918],[111.926906,28.06625],[111.920243,28.069897],[111.917065,28.074446],[111.917022,28.077716],[111.914087,28.079344],[111.91526,28.082797],[111.901824,28.09408],[111.899169,28.099811],[111.902892,28.103712],[111.908838,28.116061],[111.926363,28.12822],[111.932498,28.134315],[111.933342,28.143486],[111.930918,28.148475],[111.934082,28.15876],[111.933222,28.168151],[111.935395,28.170471],[111.941793,28.17227],[111.944915,28.178978],[111.938494,28.186501],[111.944759,28.186743],[111.951856,28.19304],[111.956214,28.192577],[111.96113,28.198146],[111.962141,28.208862],[111.972384,28.213023],[111.976015,28.219673],[111.986602,28.224173],[112.000247,28.224129],[112.007049,28.22594],[112.007781,28.229102],[112.003976,28.235874],[112.009654,28.244036],[112.023117,28.247424],[112.030331,28.252059],[112.041382,28.251448],[112.046238,28.253057],[112.051711,28.25129],[112.05667,28.25479],[112.061749,28.25342],[112.071001,28.255764],[112.080658,28.260802],[112.082248,28.267872],[112.091881,28.264765],[112.099071,28.270057],[112.103697,28.268783],[112.116286,28.27171],[112.123154,28.266156],[112.139069,28.265946],[112.142665,28.262996],[112.1462,28.254538],[112.16206,28.247263],[112.169517,28.2456],[112.177977,28.235742],[112.195524,28.233236],[112.201369,28.235204],[112.204308,28.238781],[112.210104,28.239245],[112.221577,28.234843],[112.224611,28.232032],[112.22852,28.218849],[112.235144,28.215086],[112.237953,28.210458],[112.241683,28.212953],[112.243436,28.217441],[112.251696,28.224391],[112.255732,28.233469],[112.265282,28.236138],[112.276157,28.247338],[112.280648,28.248448],[112.279701,28.251264],[112.282326,28.253882],[112.284255,28.25501],[112.288296,28.254075],[112.294118,28.24709],[112.301621,28.253661],[112.301665,28.256674],[112.306432,28.261353],[112.321746,28.262491],[112.322851,28.267891],[112.31665,28.282963],[112.31792,28.284869],[112.332933,28.284389],[112.34678,28.274803],[112.351955,28.274771],[112.356912,28.277388],[112.359304,28.282697],[112.349146,28.281845],[112.349025,28.285007],[112.345276,28.289499],[112.347077,28.291293],[112.352791,28.291236],[112.37033,28.284406],[112.376893,28.288536],[112.379944,28.295387],[112.381899,28.29443],[112.383107,28.290483],[112.38766,28.289378],[112.393759,28.290277],[112.397242,28.294294],[112.401514,28.294454],[112.404805,28.298689],[112.407428,28.294927],[112.409837,28.294761],[112.4223,28.304607],[112.42034,28.313192],[112.422864,28.312809],[112.425684,28.309732],[112.428131,28.309989],[112.433688,28.318727],[112.435309,28.317705],[112.436098,28.310889],[112.440951,28.312239],[112.443751,28.317153],[112.451253,28.317863],[112.457576,28.31431],[112.461343,28.314925],[112.466018,28.312885],[112.472952,28.31774],[112.477461,28.313064],[112.486919,28.309248],[112.493027,28.31254],[112.500978,28.311885],[112.503098,28.3135],[112.503176,28.318027],[112.499102,28.326211],[112.500772,28.327419],[112.505616,28.320674],[112.525967,28.325961],[112.536984,28.332521],[112.539979,28.329392],[112.535997,28.32438],[112.552654,28.318929],[112.556439,28.320328],[112.562885,28.326842],[112.571404,28.324971],[112.572522,28.326454],[112.569254,28.330647],[112.564428,28.333127],[112.562375,28.344111],[112.572212,28.34999],[112.575185,28.354598],[112.575438,28.369056],[112.580337,28.372901],[112.578451,28.382356],[112.581986,28.391213],[112.58334,28.40097],[112.592987,28.405489],[112.596182,28.416689],[112.612134,28.42454],[112.62411,28.445518],[112.627306,28.468262],[112.635764,28.467861],[112.639834,28.469325],[112.654419,28.484507],[112.651836,28.487831]]]}},{"type":"Feature","properties":{"dt_adcode":"430202"},"geometry":{"type":"MultiPolygon","coordinates":[[[[113.272836,27.862866],[113.269865,27.859586],[113.26032,27.861057],[113.233,27.844444],[113.229018,27.840202],[113.225766,27.84079],[113.220545,27.838741],[113.211657,27.830864],[113.20344,27.834364],[113.197873,27.834844],[113.195189,27.834582],[113.190662,27.830352],[113.187971,27.833291],[113.171714,27.828049],[113.160917,27.828047],[113.150224,27.847776],[113.136939,27.857469],[113.148947,27.863113],[113.153596,27.867656],[113.160847,27.868164],[113.16108,27.875444],[113.163601,27.882813],[113.165596,27.883789],[113.165631,27.886588],[113.169399,27.887033],[113.170751,27.895676],[113.171781,27.893741],[113.176416,27.894841],[113.180966,27.892052],[113.184162,27.892109],[113.184612,27.893589],[113.185813,27.891389],[113.192736,27.895363],[113.191921,27.896501],[113.195482,27.900787],[113.195053,27.902986],[113.197328,27.903403],[113.196254,27.904465],[113.197199,27.905717],[113.194711,27.907312],[113.195311,27.911027],[113.193465,27.91152],[113.195353,27.919143],[113.19742,27.920387],[113.19544,27.922587],[113.199867,27.923439],[113.19978,27.925621],[113.201497,27.925431],[113.206517,27.929658],[113.211,27.935935],[113.214973,27.934475],[113.215892,27.935442],[113.212071,27.937638],[113.215811,27.939333],[113.211601,27.938477],[113.20864,27.940847],[113.208618,27.939273],[113.206152,27.9417],[113.2042,27.941435],[113.204934,27.94409],[113.203625,27.945076],[113.19796,27.944867],[113.197073,27.943114],[113.19445,27.950754],[113.196532,27.954488],[113.195629,27.955335],[113.2145,27.972149],[113.224994,27.977633],[113.227878,27.976126],[113.230284,27.969124],[113.239568,27.968644],[113.241966,27.97006],[113.252999,27.984593],[113.258223,27.987689],[113.254389,27.989978],[113.256666,27.993989],[113.260294,27.994355],[113.259861,28.002657],[113.26191,28.009575],[113.264029,28.011741],[113.268823,28.004044],[113.268719,28.001766],[113.266817,28.001132],[113.269978,27.996683],[113.267563,27.993123],[113.271437,27.990652],[113.271793,27.988851],[113.269238,27.977803],[113.277673,27.970616],[113.277968,27.9687],[113.271825,27.961766],[113.271181,27.947759],[113.270113,27.946895],[113.263191,27.949485],[113.259091,27.941799],[113.268478,27.931686],[113.27236,27.919737],[113.284897,27.919089],[113.290566,27.910914],[113.287984,27.909627],[113.2816,27.910773],[113.271657,27.907876],[113.272473,27.906025],[113.277799,27.903694],[113.281665,27.892814],[113.281386,27.882031],[113.276016,27.874152],[113.272836,27.862866]]],[[[113.257396,27.994758],[113.254809,27.997761],[113.256554,28.001654],[113.255374,28.011201],[113.258915,28.013721],[113.260347,28.010687],[113.258167,28.004479],[113.257396,27.994758]]]]}},{"type":"Feature","properties":{"dt_adcode":"430203"},"geometry":{"type":"Polygon","coordinates":[[[113.136939,27.857469],[113.150224,27.847776],[113.161399,27.827854],[113.171714,27.828049],[113.187971,27.833291],[113.190662,27.830352],[113.195189,27.834582],[113.197873,27.834844],[113.20344,27.834364],[113.211657,27.830864],[113.220545,27.838741],[113.225766,27.84079],[113.229018,27.840202],[113.233,27.844444],[113.261225,27.861487],[113.269865,27.859586],[113.273582,27.863891],[113.274991,27.862679],[113.289834,27.864915],[113.288497,27.877194],[113.298973,27.878114],[113.300485,27.876166],[113.300763,27.868836],[113.315748,27.865102],[113.32723,27.857921],[113.331327,27.856922],[113.343071,27.858548],[113.359395,27.848072],[113.361748,27.815756],[113.360045,27.802089],[113.362291,27.795186],[113.360119,27.789504],[113.353378,27.789327],[113.348776,27.787102],[113.349042,27.774747],[113.352375,27.767247],[113.351549,27.761421],[113.345761,27.752061],[113.338138,27.751639],[113.330913,27.744455],[113.323741,27.743816],[113.318879,27.753882],[113.312281,27.755906],[113.30356,27.762294],[113.298087,27.762419],[113.296605,27.760531],[113.297346,27.755509],[113.284837,27.74949],[113.277081,27.753109],[113.27522,27.759525],[113.271613,27.762448],[113.265014,27.761018],[113.258924,27.756406],[113.251727,27.75604],[113.235011,27.773966],[113.227232,27.775426],[113.21636,27.780175],[113.220764,27.773653],[113.221392,27.768294],[113.213582,27.767921],[113.197721,27.761175],[113.187373,27.769147],[113.177893,27.765161],[113.177496,27.763067],[113.180846,27.757813],[113.174077,27.751781],[113.160359,27.758203],[113.151078,27.766581],[113.1497,27.764304],[113.147909,27.767276],[113.140408,27.768921],[113.134833,27.768928],[113.133445,27.758707],[113.11995,27.756208],[113.113813,27.780081],[113.114089,27.784435],[113.116822,27.790125],[113.120608,27.792369],[113.135909,27.795],[113.14316,27.798079],[113.146441,27.80404],[113.148995,27.816927],[113.148609,27.826535],[113.146157,27.83349],[113.132716,27.845046],[113.127446,27.847797],[113.129927,27.850271],[113.130977,27.854747],[113.136939,27.857469]]]}},{"type":"Feature","properties":{"dt_adcode":"430204"},"geometry":{"type":"Polygon","coordinates":[[[113.19445,27.950754],[113.197073,27.943114],[113.19796,27.944867],[113.203625,27.945076],[113.204934,27.94409],[113.2042,27.941435],[113.206152,27.9417],[113.208618,27.939273],[113.20864,27.940847],[113.211601,27.938477],[113.215811,27.939333],[113.212071,27.937638],[113.215892,27.935442],[113.214973,27.934475],[113.211,27.935935],[113.206517,27.929658],[113.201497,27.925431],[113.19978,27.925621],[113.199867,27.923439],[113.19544,27.922587],[113.19742,27.920387],[113.195353,27.919143],[113.193465,27.91152],[113.195311,27.911027],[113.194711,27.907312],[113.197199,27.905717],[113.196254,27.904465],[113.197328,27.903403],[113.195053,27.902986],[113.195482,27.900787],[113.191921,27.896501],[113.192736,27.895363],[113.185813,27.891389],[113.184612,27.893589],[113.184162,27.892109],[113.180966,27.892052],[113.176416,27.894841],[113.171781,27.893741],[113.170751,27.895676],[113.169399,27.887033],[113.165631,27.886588],[113.165596,27.883789],[113.163601,27.882813],[113.16108,27.875444],[113.160847,27.868164],[113.153596,27.867656],[113.147547,27.86227],[113.130977,27.854747],[113.129927,27.850271],[113.127446,27.847797],[113.115799,27.848649],[113.104243,27.847035],[113.075377,27.853214],[113.065862,27.853854],[113.057895,27.852549],[113.046382,27.846409],[113.04204,27.856349],[113.042744,27.861838],[113.039071,27.863229],[113.038604,27.866662],[113.04636,27.876415],[113.048379,27.891007],[113.061339,27.91088],[113.063315,27.923714],[113.069206,27.938584],[113.079882,27.946351],[113.082744,27.946219],[113.086682,27.950109],[113.09312,27.940659],[113.10019,27.934751],[113.108629,27.933039],[113.122096,27.914314],[113.134819,27.913286],[113.136631,27.915008],[113.136805,27.920936],[113.139389,27.927527],[113.132965,27.930579],[113.132913,27.935602],[113.129896,27.94001],[113.131041,27.942228],[113.138558,27.944441],[113.135486,27.953443],[113.146534,27.953884],[113.149716,27.95653],[113.153738,27.963931],[113.159568,27.96559],[113.162205,27.968553],[113.158434,27.972663],[113.15688,27.971332],[113.153071,27.973796],[113.149345,27.981299],[113.151174,27.987365],[113.148644,27.992292],[113.160032,27.997813],[113.16069,28.00007],[113.163281,27.999098],[113.162033,27.997488],[113.163601,27.996108],[113.168081,27.996258],[113.170403,28.000853],[113.164096,28.006728],[113.167181,28.012309],[113.175836,28.015032],[113.178002,28.014596],[113.178539,28.012737],[113.190816,28.010671],[113.208441,28.011391],[113.213938,28.024541],[113.21789,28.018968],[113.226569,28.020422],[113.228191,28.01443],[113.238104,28.012944],[113.241401,28.009676],[113.243856,28.009923],[113.246096,28.015219],[113.250262,28.019678],[113.255418,28.01878],[113.256685,28.015043],[113.255374,28.011201],[113.256554,28.001654],[113.254809,27.997761],[113.257569,27.994478],[113.254422,27.989192],[113.257612,27.988922],[113.257713,27.986739],[113.252999,27.984593],[113.239568,27.968644],[113.230284,27.969124],[113.227878,27.976126],[113.224994,27.977633],[113.217644,27.974522],[113.195629,27.955335],[113.196532,27.954488],[113.19445,27.950754]]]}},{"type":"Feature","properties":{"dt_adcode":"430211"},"geometry":{"type":"Polygon","coordinates":[[[113.02064,27.61257],[113.022723,27.613236],[113.026972,27.618917],[113.038808,27.621598],[113.040468,27.624115],[113.03779,27.6323],[113.023896,27.643631],[113.026094,27.650057],[113.031461,27.651922],[113.030949,27.654902],[113.025996,27.659649],[113.017627,27.660824],[113.004011,27.652398],[113.001897,27.652747],[113.000419,27.658586],[112.993965,27.667364],[112.994478,27.675222],[113.001378,27.681976],[113.010491,27.687028],[113.026339,27.711116],[113.051602,27.711837],[113.055909,27.71836],[113.058854,27.728183],[113.054447,27.72965],[113.055347,27.727746],[113.052508,27.727261],[113.051989,27.728992],[113.049981,27.728957],[113.051677,27.732247],[113.048977,27.735224],[113.043126,27.732039],[113.041464,27.729442],[113.040702,27.731693],[113.039041,27.731831],[113.038141,27.737959],[113.036029,27.73834],[113.031528,27.735639],[113.030593,27.737613],[113.024188,27.738652],[113.024326,27.742564],[113.027339,27.743291],[113.029549,27.752071],[113.032191,27.755818],[113.037871,27.759083],[113.03924,27.763975],[113.034631,27.766649],[113.030892,27.777304],[113.023027,27.791808],[113.018032,27.796075],[113.015485,27.796635],[113.011388,27.794684],[113.002659,27.799799],[113.001426,27.803441],[113.002338,27.810402],[113.012454,27.822892],[113.038143,27.843283],[113.057895,27.852549],[113.065862,27.853854],[113.075377,27.853214],[113.104243,27.847035],[113.125877,27.848615],[113.132716,27.845046],[113.146157,27.83349],[113.148609,27.826535],[113.148995,27.816927],[113.146441,27.80404],[113.14316,27.798079],[113.135909,27.795],[113.120608,27.792369],[113.116822,27.790125],[113.113538,27.782561],[113.11995,27.756208],[113.134263,27.732805],[113.137407,27.724369],[113.13723,27.716684],[113.114897,27.67127],[113.112549,27.661356],[113.106278,27.647244],[113.10694,27.636803],[113.110834,27.629869],[113.115139,27.596944],[113.122675,27.578184],[113.112928,27.566616],[113.109834,27.564905],[113.104475,27.568607],[113.098949,27.566452],[113.093945,27.555705],[113.053156,27.520128],[113.045676,27.516852],[113.039913,27.517059],[113.037087,27.519427],[113.038501,27.532441],[113.03695,27.536856],[113.03429,27.540054],[113.026502,27.544148],[113.024174,27.54845],[113.025228,27.553314],[113.028803,27.556391],[113.050971,27.562137],[113.0482,27.564799],[113.051113,27.568514],[113.052321,27.573829],[113.043105,27.583277],[113.02064,27.61257]]]}},{"type":"Feature","properties":{"dt_adcode":"430212"},"geometry":{"type":"Polygon","coordinates":[[[113.297346,27.755509],[113.298216,27.750513],[113.296038,27.748161],[113.296037,27.74534],[113.300462,27.737632],[113.299773,27.7313],[113.301187,27.727827],[113.303954,27.726184],[113.303503,27.72358],[113.301362,27.722582],[113.295539,27.724338],[113.29165,27.721953],[113.287882,27.713704],[113.279036,27.705701],[113.280845,27.698566],[113.273208,27.690588],[113.260712,27.692798],[113.256736,27.691997],[113.254217,27.685068],[113.250632,27.683708],[113.247054,27.684946],[113.246345,27.68832],[113.244677,27.689119],[113.225588,27.686541],[113.216926,27.678835],[113.209358,27.662324],[113.209851,27.652634],[113.204948,27.637],[113.204491,27.626307],[113.198733,27.620274],[113.178252,27.618694],[113.177458,27.612115],[113.170615,27.606099],[113.172674,27.593712],[113.184864,27.584855],[113.187384,27.568364],[113.189991,27.562439],[113.196289,27.554205],[113.199529,27.546402],[113.206852,27.541316],[113.210041,27.536046],[113.208844,27.531065],[113.199588,27.525243],[113.194969,27.51313],[113.186451,27.503809],[113.183123,27.491614],[113.189465,27.483832],[113.200234,27.479896],[113.224835,27.489996],[113.229241,27.490167],[113.23441,27.487068],[113.238824,27.481028],[113.243942,27.464824],[113.252655,27.454597],[113.259765,27.449766],[113.274348,27.447903],[113.289139,27.448334],[113.29445,27.446846],[113.301206,27.440895],[113.311649,27.42022],[113.317219,27.402357],[113.316128,27.394453],[113.309567,27.389073],[113.296977,27.388136],[113.293038,27.385424],[113.283022,27.372158],[113.275781,27.369532],[113.258145,27.345568],[113.24812,27.343984],[113.239997,27.339782],[113.22879,27.340724],[113.220109,27.338774],[113.203714,27.332129],[113.197757,27.324864],[113.198442,27.322448],[113.203759,27.321686],[113.209928,27.314108],[113.209516,27.30456],[113.205913,27.296089],[113.211229,27.28432],[113.215724,27.283771],[113.221926,27.280203],[113.231629,27.281211],[113.235251,27.27863],[113.236977,27.274604],[113.229472,27.242331],[113.226532,27.239937],[113.213194,27.237379],[113.207034,27.239532],[113.190597,27.239384],[113.182999,27.2409],[113.173711,27.233465],[113.170002,27.232899],[113.16431,27.236025],[113.156287,27.245041],[113.147309,27.251444],[113.144136,27.249302],[113.133228,27.229637],[113.127503,27.207348],[113.122515,27.204721],[113.116129,27.204944],[113.113804,27.21281],[113.107633,27.220035],[113.110428,27.221724],[113.108597,27.224403],[113.097605,27.232329],[113.090951,27.23288],[113.087858,27.235474],[113.092593,27.238275],[113.082427,27.25389],[113.085235,27.25513],[113.082315,27.258292],[113.085583,27.262139],[113.085853,27.266435],[113.080507,27.267913],[113.068413,27.28094],[113.059896,27.282291],[113.050096,27.288862],[113.047738,27.294967],[113.046937,27.304437],[113.04383,27.309622],[113.048601,27.314352],[113.048593,27.3217],[113.042499,27.32714],[113.032519,27.329245],[113.033539,27.333793],[113.032338,27.344099],[113.040489,27.348395],[113.042057,27.351761],[113.036293,27.35638],[113.03247,27.362228],[113.025241,27.367265],[113.02133,27.376552],[113.024414,27.383055],[113.024144,27.385806],[113.001989,27.392753],[112.995981,27.399763],[112.994264,27.407078],[112.997574,27.415653],[112.99924,27.435623],[112.995416,27.438303],[112.993944,27.444604],[112.989109,27.447097],[112.98738,27.450558],[112.986531,27.46934],[112.979013,27.467537],[112.975759,27.468256],[112.974198,27.469747],[112.974703,27.472242],[112.971473,27.474487],[112.973862,27.480805],[112.985108,27.488447],[112.987682,27.497762],[112.981987,27.501711],[112.975777,27.501286],[112.972189,27.504979],[112.969421,27.511654],[112.975283,27.526307],[112.976512,27.54214],[112.975554,27.549032],[112.970783,27.561682],[112.972159,27.568791],[112.981208,27.577131],[112.988009,27.577649],[112.993063,27.584421],[112.998867,27.586637],[113.002498,27.594057],[113.009008,27.598744],[113.007201,27.602456],[112.999022,27.606116],[112.997124,27.616121],[113.000325,27.620652],[113.00734,27.621955],[113.012246,27.616545],[113.02064,27.61257],[113.043105,27.583277],[113.052321,27.573829],[113.051113,27.568514],[113.0482,27.564799],[113.050971,27.562137],[113.028803,27.556391],[113.025228,27.553314],[113.024174,27.54845],[113.026502,27.544148],[113.03429,27.540054],[113.03695,27.536856],[113.038501,27.532441],[113.037087,27.519427],[113.039913,27.517059],[113.045676,27.516852],[113.053156,27.520128],[113.079426,27.542131],[113.093945,27.555705],[113.098949,27.566452],[113.104475,27.568607],[113.109834,27.564905],[113.11834,27.572525],[113.122675,27.578184],[113.115139,27.596944],[113.110834,27.629869],[113.10694,27.636803],[113.106278,27.647244],[113.112549,27.661356],[113.114897,27.67127],[113.13723,27.716684],[113.137407,27.724369],[113.134263,27.732805],[113.11995,27.756208],[113.133445,27.758707],[113.134833,27.768928],[113.147909,27.767276],[113.1497,27.764304],[113.151078,27.766581],[113.160359,27.758203],[113.174077,27.751781],[113.180846,27.757813],[113.177496,27.763067],[113.177893,27.765161],[113.187373,27.769147],[113.197721,27.761175],[113.213582,27.767921],[113.221392,27.768294],[113.220764,27.773653],[113.21636,27.780175],[113.227232,27.775426],[113.235011,27.773966],[113.251727,27.75604],[113.258924,27.756406],[113.269763,27.762697],[113.27522,27.759525],[113.277081,27.753109],[113.282029,27.749784],[113.288796,27.750814],[113.297346,27.755509]]]}},{"type":"Feature","properties":{"dt_adcode":"430223"},"geometry":{"type":"Polygon","coordinates":[[[113.624516,27.409449],[113.631898,27.406048],[113.630646,27.401964],[113.619691,27.398917],[113.602671,27.385759],[113.602011,27.377502],[113.604388,27.365532],[113.613647,27.349342],[113.616668,27.345402],[113.625908,27.343224],[113.639175,27.349956],[113.644606,27.350353],[113.657705,27.347448],[113.672171,27.33328],[113.679362,27.33159],[113.699749,27.332048],[113.717991,27.342393],[113.722752,27.348995],[113.727938,27.350537],[113.740763,27.347387],[113.749139,27.354852],[113.762907,27.360865],[113.783253,27.362176],[113.803939,27.368059],[113.810892,27.368408],[113.826241,27.364949],[113.837417,27.371884],[113.872631,27.384863],[113.874676,27.384142],[113.876182,27.382052],[113.872923,27.346743],[113.854656,27.305243],[113.854855,27.302256],[113.858388,27.298754],[113.869134,27.296514],[113.871897,27.293485],[113.872607,27.290028],[113.869341,27.280434],[113.859874,27.269105],[113.856861,27.259279],[113.853058,27.234768],[113.850365,27.22838],[113.847179,27.222462],[113.827778,27.200731],[113.814704,27.174301],[113.801065,27.158438],[113.77937,27.137182],[113.775036,27.124706],[113.769452,27.122794],[113.74919,27.120967],[113.742759,27.118182],[113.740137,27.114681],[113.737089,27.103381],[113.726729,27.09994],[113.706302,27.099467],[113.696609,27.094819],[113.688428,27.086846],[113.675334,27.078737],[113.666569,27.075866],[113.648001,27.073182],[113.643169,27.070969],[113.638432,27.066912],[113.622777,27.046788],[113.607366,27.035394],[113.581103,27.023377],[113.549946,27.013796],[113.537016,27.000662],[113.514627,26.984975],[113.511712,26.98081],[113.510085,26.97379],[113.508562,26.958711],[113.505777,26.956145],[113.49993,26.956788],[113.493383,26.961387],[113.489949,26.960249],[113.487604,26.950746],[113.482456,26.944433],[113.469744,26.942787],[113.453877,26.949639],[113.442504,26.958011],[113.434079,26.960603],[113.416481,26.954738],[113.416875,26.951384],[113.42159,26.951236],[113.422892,26.949788],[113.422017,26.946056],[113.416352,26.938787],[113.408648,26.936966],[113.378381,26.936164],[113.368574,26.923362],[113.368071,26.914535],[113.370851,26.905456],[113.377719,26.896526],[113.376813,26.894676],[113.368222,26.891837],[113.366318,26.887588],[113.368325,26.868362],[113.365994,26.865289],[113.358473,26.864624],[113.355133,26.861619],[113.368243,26.827411],[113.375563,26.822565],[113.386608,26.822464],[113.395441,26.810913],[113.396249,26.808328],[113.394303,26.804793],[113.384434,26.797091],[113.372318,26.7979],[113.338142,26.810264],[113.332748,26.810036],[113.326294,26.807569],[113.315081,26.796184],[113.306268,26.77353],[113.303137,26.769885],[113.299259,26.768082],[113.294129,26.768359],[113.283394,26.771446],[113.278094,26.777698],[113.277877,26.780915],[113.285447,26.790027],[113.285326,26.799676],[113.273796,26.813045],[113.274969,26.819857],[113.280618,26.825205],[113.278054,26.826907],[113.267629,26.826166],[113.256855,26.828397],[113.254581,26.830594],[113.252376,26.839202],[113.243508,26.850977],[113.232872,26.860986],[113.231728,26.868186],[113.227141,26.876406],[113.230428,26.87924],[113.239093,26.877725],[113.242886,26.889305],[113.239702,26.894447],[113.248258,26.896609],[113.254742,26.90027],[113.256383,26.906207],[113.25529,26.915743],[113.257079,26.917701],[113.267532,26.919141],[113.278323,26.928451],[113.282938,26.938375],[113.27563,26.940683],[113.245032,26.938309],[113.235351,26.951735],[113.225612,26.956272],[113.225838,26.967776],[113.22152,26.974525],[113.226828,26.994659],[113.225311,26.99999],[113.218748,27.00372],[113.222581,27.006946],[113.224913,27.012461],[113.236882,27.015485],[113.236527,27.019545],[113.234601,27.021376],[113.23108,27.021034],[113.226648,27.024741],[113.220015,27.024438],[113.216738,27.025858],[113.219339,27.030211],[113.215846,27.040787],[113.209033,27.038947],[113.198781,27.039813],[113.199848,27.051405],[113.196373,27.054285],[113.199329,27.057549],[113.193636,27.069767],[113.19366,27.076652],[113.181843,27.086627],[113.17512,27.088832],[113.171508,27.098147],[113.166179,27.099867],[113.164291,27.102547],[113.165808,27.113468],[113.16807,27.118702],[113.166822,27.123931],[113.167966,27.126152],[113.178858,27.132031],[113.184272,27.132399],[113.189237,27.135585],[113.192781,27.135246],[113.193795,27.140459],[113.196031,27.141794],[113.20493,27.138267],[113.209445,27.133992],[113.215998,27.131332],[113.219457,27.131729],[113.228605,27.13956],[113.235518,27.140974],[113.236056,27.145217],[113.239092,27.144705],[113.241521,27.140455],[113.244819,27.140002],[113.245948,27.151596],[113.250296,27.154551],[113.251642,27.159544],[113.257814,27.16016],[113.257234,27.172062],[113.260055,27.173182],[113.269521,27.168044],[113.279156,27.166524],[113.281338,27.167861],[113.283658,27.174623],[113.283728,27.1801],[113.280583,27.190542],[113.276378,27.195266],[113.271913,27.205689],[113.263315,27.217053],[113.255397,27.223631],[113.255589,27.229338],[113.248419,27.239432],[113.244592,27.240779],[113.231857,27.237345],[113.226532,27.239937],[113.231206,27.245397],[113.236977,27.274604],[113.235251,27.27863],[113.231629,27.281211],[113.221926,27.280203],[113.215724,27.283771],[113.211229,27.28432],[113.205913,27.296089],[113.209516,27.30456],[113.209928,27.314108],[113.203759,27.321686],[113.198442,27.322448],[113.197757,27.324864],[113.203714,27.332129],[113.220109,27.338774],[113.22879,27.340724],[113.239997,27.339782],[113.24812,27.343984],[113.258145,27.345568],[113.276582,27.370279],[113.283022,27.372158],[113.292045,27.384502],[113.296977,27.388136],[113.312786,27.390476],[113.316128,27.394453],[113.316846,27.39965],[113.316392,27.394536],[113.318909,27.39237],[113.317426,27.389794],[113.317718,27.385092],[113.32417,27.374804],[113.333461,27.374444],[113.351363,27.381126],[113.361939,27.380677],[113.367538,27.38262],[113.370521,27.384267],[113.374051,27.39232],[113.377416,27.407745],[113.381049,27.413952],[113.39158,27.422237],[113.397069,27.423028],[113.404883,27.417455],[113.425203,27.413344],[113.441169,27.403755],[113.457669,27.400559],[113.471389,27.392021],[113.486937,27.393011],[113.497299,27.384696],[113.503388,27.383577],[113.512685,27.383849],[113.528618,27.389404],[113.53631,27.401058],[113.538682,27.407795],[113.539661,27.419226],[113.543391,27.426787],[113.557293,27.432495],[113.563354,27.427935],[113.580196,27.419646],[113.593296,27.409781],[113.610223,27.411132],[113.616204,27.409304],[113.624516,27.409449]]]}},{"type":"Feature","properties":{"dt_adcode":"430224"},"geometry":{"type":"Polygon","coordinates":[[[113.603622,26.507677],[113.597046,26.512199],[113.588553,26.51171],[113.588257,26.514075],[113.59149,26.518025],[113.591026,26.520708],[113.575195,26.518521],[113.570786,26.521609],[113.567368,26.533165],[113.558716,26.549503],[113.558085,26.55732],[113.56232,26.566903],[113.562208,26.57517],[113.554961,26.585378],[113.544851,26.591266],[113.523481,26.595491],[113.509157,26.592724],[113.495759,26.584202],[113.487384,26.571238],[113.473705,26.560878],[113.467301,26.559364],[113.454323,26.561613],[113.43307,26.55822],[113.427227,26.560361],[113.428431,26.569019],[113.421826,26.574892],[113.414591,26.587379],[113.399124,26.596971],[113.3979,26.600657],[113.40028,26.605224],[113.409013,26.607421],[113.411356,26.61015],[113.412277,26.620243],[113.418048,26.629359],[113.417207,26.64131],[113.415481,26.645694],[113.407689,26.6552],[113.400987,26.658227],[113.399318,26.661792],[113.399883,26.666586],[113.392198,26.674911],[113.383066,26.690356],[113.381234,26.696305],[113.382027,26.699143],[113.385502,26.70172],[113.393598,26.703345],[113.400776,26.706956],[113.404762,26.712549],[113.417319,26.738782],[113.427641,26.764562],[113.428128,26.76978],[113.412706,26.782598],[113.408992,26.791827],[113.404722,26.797617],[113.394303,26.804793],[113.396249,26.808328],[113.389718,26.819764],[113.386608,26.822464],[113.375563,26.822565],[113.370851,26.824712],[113.368243,26.827411],[113.363071,26.839479],[113.355133,26.861619],[113.358473,26.864624],[113.365994,26.865289],[113.368325,26.868362],[113.366318,26.887588],[113.368222,26.891837],[113.376813,26.894676],[113.377719,26.896526],[113.369689,26.908258],[113.368071,26.914535],[113.368574,26.923362],[113.378381,26.936164],[113.408648,26.936966],[113.416352,26.938787],[113.422017,26.946056],[113.422892,26.949788],[113.42159,26.951236],[113.416875,26.951384],[113.416481,26.954738],[113.431581,26.960173],[113.442504,26.958011],[113.462474,26.944904],[113.469744,26.942787],[113.482456,26.944433],[113.487604,26.950746],[113.489949,26.960249],[113.493383,26.961387],[113.49993,26.956788],[113.505777,26.956145],[113.508562,26.958711],[113.510085,26.97379],[113.511712,26.98081],[113.514627,26.984975],[113.537016,27.000662],[113.549946,27.013796],[113.581103,27.023377],[113.607366,27.035394],[113.622777,27.046788],[113.638432,27.066912],[113.643169,27.070969],[113.648001,27.073182],[113.666569,27.075866],[113.675334,27.078737],[113.688428,27.086846],[113.696609,27.094819],[113.706302,27.099467],[113.726729,27.09994],[113.737089,27.103381],[113.740137,27.114681],[113.742759,27.118182],[113.74919,27.120967],[113.769452,27.122794],[113.775036,27.124706],[113.771947,27.096408],[113.775172,27.090848],[113.779982,27.087104],[113.788179,27.086521],[113.793628,27.089421],[113.803303,27.099379],[113.807633,27.097703],[113.811944,27.081558],[113.816686,27.046799],[113.820867,27.037777],[113.823914,27.036119],[113.8385,27.034963],[113.843062,27.032364],[113.845546,27.028418],[113.846402,27.019217],[113.848142,27.016663],[113.863303,27.018483],[113.866342,27.016366],[113.870715,27.003895],[113.871476,26.990101],[113.884063,26.978187],[113.892521,26.964735],[113.918168,26.95927],[113.921406,26.960062],[113.921258,26.954507],[113.926857,26.949165],[113.918635,26.939072],[113.903694,26.928212],[113.902185,26.925829],[113.902532,26.919349],[113.90104,26.917878],[113.903034,26.910632],[113.900051,26.908151],[113.896946,26.901317],[113.891398,26.897845],[113.890401,26.89551],[113.89131,26.884552],[113.888622,26.880063],[113.891153,26.874416],[113.891075,26.866728],[113.892981,26.860784],[113.877443,26.859484],[113.873952,26.856269],[113.859011,26.833798],[113.857946,26.826824],[113.834587,26.804081],[113.836768,26.796141],[113.840568,26.791101],[113.845935,26.788159],[113.848696,26.777345],[113.853543,26.769425],[113.852426,26.763313],[113.855447,26.757196],[113.852858,26.750017],[113.856761,26.735636],[113.855367,26.727292],[113.856943,26.722573],[113.856448,26.714733],[113.8614,26.705952],[113.862629,26.69952],[113.860488,26.664092],[113.868013,26.652984],[113.856157,26.643361],[113.851507,26.634494],[113.852269,26.630244],[113.857558,26.622503],[113.858657,26.614305],[113.849549,26.600921],[113.836719,26.597697],[113.822678,26.598242],[113.806262,26.592047],[113.801066,26.588276],[113.789457,26.557805],[113.778607,26.544992],[113.774074,26.543006],[113.769037,26.541059],[113.75411,26.540483],[113.72673,26.526477],[113.713585,26.525986],[113.679179,26.511257],[113.671432,26.510852],[113.652672,26.522682],[113.647622,26.523706],[113.6388,26.516703],[113.637227,26.510365],[113.630285,26.50416],[113.62741,26.503661],[113.619004,26.510794],[113.610252,26.506798],[113.603622,26.507677]]]}},{"type":"Feature","properties":{"dt_adcode":"430225"},"geometry":{"type":"Polygon","coordinates":[[[113.868013,26.652984],[113.877169,26.656462],[113.881466,26.654339],[113.884931,26.635788],[113.899918,26.629684],[113.903637,26.618807],[113.906447,26.615678],[113.91547,26.613956],[113.92454,26.615272],[113.938922,26.612862],[113.953166,26.613724],[113.962566,26.618488],[113.970263,26.616625],[113.973455,26.612467],[113.9769,26.616206],[113.984409,26.614578],[113.996384,26.615594],[114.017688,26.599619],[114.015625,26.591481],[114.019741,26.587442],[114.033097,26.585603],[114.042561,26.579927],[114.060882,26.580639],[114.069659,26.575837],[114.074081,26.576807],[114.078858,26.575127],[114.084685,26.577777],[114.107672,26.575653],[114.108903,26.571784],[114.105902,26.559671],[114.09628,26.548274],[114.097529,26.541222],[114.086287,26.525736],[114.087493,26.52119],[114.083985,26.513619],[114.084202,26.505019],[114.082474,26.499986],[114.078079,26.491587],[114.072163,26.486374],[114.073413,26.479331],[114.077366,26.480328],[114.086761,26.478187],[114.098071,26.484145],[114.110128,26.483001],[114.109582,26.480216],[114.098157,26.468324],[114.096022,26.461278],[114.089954,26.453901],[114.090239,26.446235],[114.086411,26.439583],[114.088954,26.434812],[114.085758,26.423457],[114.089057,26.418055],[114.088666,26.411484],[114.085436,26.406266],[114.077543,26.406187],[114.076474,26.404155],[114.071679,26.409837],[114.067683,26.409425],[114.06252,26.406111],[114.049896,26.391112],[114.042991,26.39025],[114.040842,26.382969],[114.036274,26.377328],[114.030567,26.376618],[114.031863,26.369283],[114.039675,26.361417],[114.037517,26.354478],[114.039761,26.345679],[114.047588,26.337375],[114.038507,26.329902],[114.035627,26.323398],[114.037583,26.314742],[114.041784,26.309553],[114.027211,26.29851],[114.021598,26.288545],[114.021224,26.283037],[114.024373,26.272151],[114.029306,26.266371],[114.016775,26.259253],[114.011266,26.258499],[113.998854,26.249441],[113.989125,26.246682],[113.978908,26.237747],[113.980926,26.228677],[113.977672,26.223903],[113.971547,26.219333],[113.973538,26.208264],[113.970067,26.202117],[113.965109,26.198678],[113.949484,26.192669],[113.944729,26.181331],[113.942539,26.179584],[113.930221,26.172766],[113.916947,26.171319],[113.914482,26.158758],[113.902813,26.148046],[113.896456,26.135516],[113.888464,26.130362],[113.860257,26.119336],[113.849616,26.107571],[113.847148,26.097973],[113.84507,26.095711],[113.824769,26.084109],[113.814042,26.083951],[113.811082,26.086394],[113.805784,26.100013],[113.803385,26.102539],[113.799055,26.104248],[113.791606,26.104317],[113.780765,26.093706],[113.780124,26.087225],[113.78235,26.073785],[113.780937,26.066157],[113.761533,26.047898],[113.750723,26.041622],[113.740004,26.04016],[113.728647,26.046504],[113.709092,26.065797],[113.707919,26.071319],[113.693979,26.091454],[113.693284,26.09582],[113.697579,26.107708],[113.700118,26.121449],[113.702474,26.124404],[113.722026,26.133121],[113.727195,26.136956],[113.72928,26.139225],[113.736532,26.159331],[113.738739,26.183174],[113.730934,26.203245],[113.727662,26.220044],[113.725169,26.223748],[113.708497,26.234052],[113.683115,26.243992],[113.678316,26.247258],[113.671579,26.256747],[113.665015,26.261414],[113.657895,26.27037],[113.644136,26.267972],[113.615227,26.278915],[113.614591,26.285078],[113.617286,26.293236],[113.617052,26.308261],[113.607071,26.315094],[113.600199,26.324191],[113.597155,26.345849],[113.594102,26.349459],[113.592516,26.3602],[113.58923,26.366013],[113.583542,26.370332],[113.582433,26.374851],[113.584488,26.383477],[113.583215,26.394641],[113.60772,26.419071],[113.609535,26.425981],[113.609622,26.431029],[113.603262,26.448329],[113.593486,26.459018],[113.58902,26.467113],[113.591136,26.471446],[113.596826,26.475273],[113.595699,26.479912],[113.596636,26.484491],[113.603622,26.507677],[113.610252,26.506798],[113.619004,26.510794],[113.62741,26.503661],[113.630285,26.50416],[113.637227,26.510365],[113.6388,26.516703],[113.647622,26.523706],[113.652672,26.522682],[113.671432,26.510852],[113.679179,26.511257],[113.713585,26.525986],[113.72673,26.526477],[113.75411,26.540483],[113.769037,26.541059],[113.778607,26.544992],[113.789457,26.557805],[113.801066,26.588276],[113.806262,26.592047],[113.822678,26.598242],[113.836719,26.597697],[113.844787,26.599192],[113.849549,26.600921],[113.852925,26.604361],[113.858657,26.614305],[113.857558,26.622503],[113.852269,26.630244],[113.851507,26.634494],[113.856157,26.643361],[113.868013,26.652984]]]}},{"type":"Feature","properties":{"dt_adcode":"430281"},"geometry":{"type":"Polygon","coordinates":[[[113.316392,27.394536],[113.317219,27.402357],[113.308396,27.427787],[113.301206,27.440895],[113.29445,27.446846],[113.289139,27.448334],[113.274348,27.447903],[113.259765,27.449766],[113.252655,27.454597],[113.243942,27.464824],[113.238824,27.481028],[113.23441,27.487068],[113.229241,27.490167],[113.224835,27.489996],[113.200234,27.479896],[113.189465,27.483832],[113.183123,27.491614],[113.186451,27.503809],[113.194969,27.51313],[113.199588,27.525243],[113.208844,27.531065],[113.210041,27.536046],[113.206852,27.541316],[113.199529,27.546402],[113.196289,27.554205],[113.189991,27.562439],[113.187384,27.568364],[113.184864,27.584855],[113.172674,27.593712],[113.170615,27.606099],[113.177458,27.612115],[113.178252,27.618694],[113.198733,27.620274],[113.204491,27.626307],[113.204948,27.637],[113.209851,27.652634],[113.209358,27.662324],[113.216926,27.678835],[113.225588,27.686541],[113.244677,27.689119],[113.246345,27.68832],[113.247054,27.684946],[113.250632,27.683708],[113.254217,27.685068],[113.256736,27.691997],[113.260712,27.692798],[113.273208,27.690588],[113.280845,27.698566],[113.279036,27.705701],[113.287882,27.713704],[113.29165,27.721953],[113.295539,27.724338],[113.301362,27.722582],[113.303503,27.72358],[113.303954,27.726184],[113.301187,27.727827],[113.299773,27.7313],[113.300462,27.737632],[113.295809,27.746971],[113.298216,27.750513],[113.296575,27.758893],[113.298087,27.762419],[113.30356,27.762294],[113.312281,27.755906],[113.318879,27.753882],[113.323741,27.743816],[113.330913,27.744455],[113.338138,27.751639],[113.344821,27.751536],[113.348315,27.754929],[113.352429,27.764709],[113.349042,27.774747],[113.348776,27.787102],[113.353378,27.789327],[113.360119,27.789504],[113.362291,27.795186],[113.360045,27.802089],[113.361748,27.815756],[113.359395,27.848072],[113.371524,27.852619],[113.387133,27.854524],[113.400014,27.853389],[113.41175,27.856946],[113.415082,27.861014],[113.415536,27.888967],[113.421616,27.892732],[113.424194,27.897659],[113.428746,27.898345],[113.446183,27.895662],[113.454714,27.896963],[113.459537,27.900188],[113.45817,27.908068],[113.461563,27.916293],[113.480637,27.926074],[113.483926,27.935931],[113.486608,27.937995],[113.490189,27.939449],[113.511156,27.937041],[113.512486,27.939552],[113.519613,27.941273],[113.52316,27.944476],[113.524596,27.94912],[113.523861,27.957122],[113.52528,27.959621],[113.533282,27.958534],[113.542341,27.961919],[113.555922,27.961411],[113.567717,27.964779],[113.575687,27.959749],[113.577472,27.952552],[113.578216,27.939756],[113.572428,27.937363],[113.569473,27.92909],[113.573856,27.91871],[113.571862,27.910446],[113.5774,27.899068],[113.590419,27.891632],[113.592831,27.891946],[113.597272,27.902919],[113.595259,27.911273],[113.601757,27.913629],[113.623242,27.900229],[113.632449,27.896928],[113.636776,27.890282],[113.643101,27.885416],[113.644917,27.879746],[113.647881,27.878044],[113.654948,27.877816],[113.655496,27.882226],[113.660669,27.884902],[113.672206,27.876845],[113.696957,27.869901],[113.701452,27.871098],[113.70552,27.875107],[113.711578,27.877571],[113.72104,27.885384],[113.730395,27.884706],[113.73023,27.880438],[113.727954,27.876064],[113.731505,27.869119],[113.738975,27.868212],[113.742697,27.865428],[113.751757,27.86301],[113.75632,27.860197],[113.759329,27.855339],[113.765641,27.832991],[113.767252,27.808185],[113.763211,27.799292],[113.751699,27.791649],[113.731211,27.774475],[113.701433,27.744771],[113.699033,27.741128],[113.700415,27.731014],[113.696311,27.718897],[113.673584,27.699917],[113.669739,27.69487],[113.659252,27.672038],[113.652114,27.663626],[113.637182,27.65232],[113.619418,27.641743],[113.611826,27.634938],[113.607715,27.634938],[113.605455,27.625898],[113.607254,27.625367],[113.605257,27.614145],[113.606409,27.598939],[113.60493,27.594595],[113.608627,27.588125],[113.608812,27.584982],[113.60151,27.579067],[113.599384,27.56742],[113.593191,27.564463],[113.590418,27.55753],[113.584965,27.553648],[113.578819,27.545173],[113.578186,27.538064],[113.579624,27.531617],[113.583377,27.524677],[113.58694,27.522335],[113.610428,27.514519],[113.61364,27.515301],[113.622486,27.526834],[113.623715,27.525612],[113.623509,27.519627],[113.627791,27.517604],[113.628623,27.512225],[113.625874,27.51072],[113.622347,27.503641],[113.626919,27.499872],[113.627019,27.498013],[113.620454,27.493285],[113.613722,27.484097],[113.614354,27.477447],[113.60414,27.475207],[113.599747,27.469895],[113.591687,27.467635],[113.59964,27.450313],[113.597729,27.428757],[113.601825,27.420375],[113.606874,27.417516],[113.623455,27.417654],[113.626692,27.413584],[113.625432,27.409954],[113.616204,27.409304],[113.611489,27.411039],[113.602199,27.411137],[113.597129,27.409291],[113.593296,27.409781],[113.580196,27.419646],[113.563354,27.427935],[113.557293,27.432495],[113.543391,27.426787],[113.539661,27.419226],[113.538682,27.407795],[113.53631,27.401058],[113.528618,27.389404],[113.512685,27.383849],[113.503388,27.383577],[113.497299,27.384696],[113.486937,27.393011],[113.471389,27.392021],[113.457669,27.400559],[113.446419,27.401789],[113.425203,27.413344],[113.404883,27.417455],[113.397069,27.423028],[113.39158,27.422237],[113.381049,27.413952],[113.377416,27.407745],[113.376207,27.399544],[113.370521,27.384267],[113.361939,27.380677],[113.351363,27.381126],[113.344752,27.379475],[113.333461,27.374444],[113.32417,27.374804],[113.318667,27.381893],[113.317387,27.388975],[113.318909,27.39237],[113.316392,27.394536]]]}},{"type":"Feature","properties":{"dt_adcode":"430302"},"geometry":{"type":"MultiPolygon","coordinates":[[[[112.665828,27.819596],[112.664423,27.817441],[112.657047,27.814871],[112.655687,27.815678],[112.65665,27.820113],[112.665828,27.819596]]],[[[112.674799,27.820987],[112.669831,27.819979],[112.668302,27.825286],[112.673321,27.825711],[112.674799,27.820987]]],[[[112.685595,27.832384],[112.685026,27.830327],[112.679991,27.828791],[112.673109,27.83521],[112.675776,27.837908],[112.680872,27.83947],[112.685595,27.832384]]],[[[112.669989,27.84966],[112.669387,27.837629],[112.659309,27.834133],[112.656708,27.834734],[112.654902,27.838967],[112.656714,27.839837],[112.652924,27.846475],[112.649594,27.844668],[112.647928,27.846393],[112.653792,27.851835],[112.66481,27.854369],[112.667315,27.854237],[112.669989,27.84966]]],[[[112.702528,27.846891],[112.702905,27.851913],[112.708279,27.859792],[112.717404,27.859693],[112.717294,27.856519],[112.708844,27.854019],[112.709004,27.852853],[112.715499,27.852359],[112.715753,27.849605],[112.707489,27.851282],[112.704492,27.846606],[112.702528,27.846891]]],[[[112.895875,27.79849],[112.878556,27.800842],[112.872191,27.81475],[112.862977,27.821576],[112.855455,27.820303],[112.84251,27.821071],[112.82573,27.830851],[112.801662,27.83718],[112.787998,27.844419],[112.777627,27.843673],[112.773231,27.840008],[112.770451,27.834734],[112.755684,27.824954],[112.75252,27.821119],[112.74389,27.833392],[112.745327,27.839442],[112.749355,27.841351],[112.751081,27.845186],[112.735068,27.851323],[112.733678,27.859138],[112.723988,27.869754],[112.721116,27.875918],[112.721308,27.881767],[112.72476,27.890397],[112.729746,27.892315],[112.727829,27.904014],[112.72149,27.915494],[112.732435,27.91825],[112.732418,27.920435],[112.728593,27.923686],[112.731488,27.929113],[112.73844,27.92824],[112.743072,27.931961],[112.744089,27.946432],[112.757135,27.963467],[112.759584,27.96933],[112.758299,27.972352],[112.760427,27.980693],[112.76587,27.991696],[112.763684,28.002342],[112.768701,28.006411],[112.770099,28.017394],[112.780406,28.022948],[112.780224,28.024686],[112.772408,28.031036],[112.771783,28.035342],[112.776998,28.036957],[112.782983,28.03394],[112.787441,28.034536],[112.790467,28.031764],[112.790467,28.025272],[112.792452,28.023737],[112.804242,28.025636],[112.80797,28.033017],[112.808664,28.036863],[112.800508,28.044359],[112.791792,28.049766],[112.786038,28.050293],[112.782559,28.052792],[112.777139,28.061139],[112.779742,28.073189],[112.802131,28.069375],[112.81046,28.069297],[112.815634,28.071722],[112.81839,28.070396],[112.816075,28.060325],[112.822114,28.052093],[112.825562,28.044004],[112.832944,28.039112],[112.832596,28.025169],[112.838757,28.021452],[112.849467,28.022576],[112.859735,28.004171],[112.86126,27.996529],[112.858711,27.988858],[112.859344,27.986724],[112.867414,27.987322],[112.873024,27.9903],[112.875166,27.997279],[112.869028,28.000642],[112.875002,28.004674],[112.881202,28.001349],[112.882674,27.996117],[112.880855,27.993999],[112.882268,27.992899],[112.890354,27.996012],[112.893564,27.99373],[112.890561,27.986504],[112.883759,27.979154],[112.885659,27.974277],[112.889285,27.974404],[112.894448,27.978903],[112.900254,27.978109],[112.904629,27.971251],[112.906548,27.971063],[112.914538,27.97771],[112.920776,27.976934],[112.922844,27.974742],[112.92553,27.975407],[112.930067,27.977675],[112.930119,27.980264],[112.926512,27.980967],[112.928346,27.983577],[112.935711,27.985458],[112.93758,27.984907],[112.938458,27.981604],[112.941233,27.984027],[112.940059,27.989567],[112.937624,27.992395],[112.929486,27.991778],[112.928052,27.993104],[112.933321,27.998116],[112.935843,28.00396],[112.933444,28.015272],[112.939757,28.019189],[112.949021,28.010885],[112.955164,28.000401],[112.99693,27.972019],[113.008295,27.960152],[113.009748,27.956669],[113.010276,27.948048],[113.00869,27.943437],[112.998845,27.934653],[112.984913,27.929799],[112.977247,27.923648],[112.974146,27.915709],[112.96724,27.906035],[112.961101,27.885316],[112.952535,27.872627],[112.937058,27.862249],[112.896755,27.843591],[112.891782,27.839027],[112.887946,27.829046],[112.887286,27.818141],[112.890383,27.807197],[112.895875,27.79849]]]]}},{"type":"Feature","properties":{"dt_adcode":"430304"},"geometry":{"type":"Polygon","coordinates":[[[113.003185,27.965158],[113.012352,27.972602],[113.020768,27.973705],[113.024418,27.978279],[113.022859,27.985267],[113.026135,27.985661],[113.030429,27.983063],[113.027816,27.979968],[113.029314,27.975671],[113.035358,27.976129],[113.035907,27.979537],[113.030186,27.99333],[113.041692,28.006179],[113.071734,28.01089],[113.07583,28.008601],[113.080237,28.002306],[113.086973,27.996855],[113.090952,27.989886],[113.086832,27.983263],[113.073487,27.971439],[113.074817,27.968926],[113.080243,27.968463],[113.08232,27.964273],[113.090959,27.965111],[113.087264,27.951331],[113.082744,27.946219],[113.079882,27.946351],[113.069206,27.938584],[113.063315,27.923714],[113.061339,27.91088],[113.048379,27.891007],[113.04636,27.876415],[113.038964,27.867855],[113.039071,27.863229],[113.042744,27.861838],[113.04204,27.856349],[113.046382,27.846409],[113.038143,27.843283],[113.019272,27.828918],[113.004205,27.812797],[112.971391,27.801443],[112.941794,27.793154],[112.919659,27.790359],[112.908749,27.791789],[112.895875,27.79849],[112.890383,27.807197],[112.887286,27.818141],[112.887946,27.829046],[112.891782,27.839027],[112.896755,27.843591],[112.929572,27.858335],[112.947731,27.86838],[112.955712,27.876133],[112.961101,27.885316],[112.968241,27.908248],[112.974146,27.915709],[112.979416,27.926631],[112.998845,27.934653],[113.00869,27.943437],[113.010276,27.948048],[113.009748,27.956669],[113.003185,27.965158]]]}},{"type":"Feature","properties":{"dt_adcode":"430321"},"geometry":{"type":"Polygon","coordinates":[[[113.004205,27.812797],[113.001426,27.803441],[113.002659,27.799799],[113.011388,27.794684],[113.015485,27.796635],[113.018032,27.796075],[113.023027,27.791808],[113.030892,27.777304],[113.034631,27.766649],[113.03924,27.763975],[113.037871,27.759083],[113.032191,27.755818],[113.029549,27.752071],[113.027339,27.743291],[113.024326,27.742564],[113.024188,27.738652],[113.030593,27.737613],[113.031528,27.735639],[113.036029,27.73834],[113.038141,27.737959],[113.039041,27.731831],[113.040702,27.731693],[113.041464,27.729442],[113.043126,27.732039],[113.048977,27.735224],[113.051677,27.732247],[113.049981,27.728957],[113.051989,27.728992],[113.052508,27.727261],[113.055347,27.727746],[113.054447,27.72965],[113.058854,27.728183],[113.055909,27.71836],[113.051602,27.711837],[113.026339,27.711116],[113.010491,27.687028],[113.001378,27.681976],[112.994478,27.675222],[112.993965,27.667364],[113.000419,27.658586],[113.001897,27.652747],[113.004011,27.652398],[113.017627,27.660824],[113.025996,27.659649],[113.029762,27.656513],[113.031461,27.651922],[113.026094,27.650057],[113.023896,27.643631],[113.03779,27.6323],[113.040468,27.624115],[113.038808,27.621598],[113.026972,27.618917],[113.02172,27.61265],[113.012246,27.616545],[113.006788,27.622176],[112.998824,27.619659],[112.997109,27.616857],[112.999022,27.606116],[113.007201,27.602456],[113.009008,27.598744],[113.002498,27.594057],[112.998867,27.586637],[112.993063,27.584421],[112.988009,27.577649],[112.981208,27.577131],[112.972159,27.568791],[112.970783,27.561682],[112.975554,27.549032],[112.976512,27.54214],[112.975283,27.526307],[112.969421,27.511654],[112.972189,27.504979],[112.975777,27.501286],[112.981987,27.501711],[112.987682,27.497762],[112.985108,27.488447],[112.973862,27.480805],[112.971473,27.474487],[112.974703,27.472242],[112.974198,27.469747],[112.975759,27.468256],[112.979013,27.467537],[112.986531,27.46934],[112.98738,27.450558],[112.989109,27.447097],[112.994466,27.443826],[112.995416,27.438303],[112.987941,27.440232],[112.978133,27.439191],[112.955947,27.430291],[112.939624,27.426262],[112.925122,27.41889],[112.92261,27.415079],[112.921801,27.409839],[112.924935,27.367084],[112.92019,27.35661],[112.899556,27.360638],[112.882653,27.356361],[112.869949,27.356122],[112.863889,27.35121],[112.852986,27.355072],[112.836877,27.354945],[112.833948,27.353536],[112.830681,27.348111],[112.830057,27.345332],[112.832309,27.338825],[112.821521,27.338285],[112.815699,27.343767],[112.806555,27.338229],[112.799829,27.344314],[112.806287,27.348727],[112.803835,27.362046],[112.796441,27.36434],[112.790441,27.362023],[112.781336,27.372245],[112.774144,27.376338],[112.774986,27.382961],[112.772549,27.391326],[112.769191,27.395447],[112.762682,27.398853],[112.760321,27.40401],[112.751065,27.399242],[112.735801,27.401514],[112.730943,27.396212],[112.727484,27.394893],[112.721694,27.400469],[112.706928,27.407252],[112.694924,27.407712],[112.685005,27.406183],[112.683805,27.412764],[112.677836,27.417707],[112.678481,27.428903],[112.68727,27.437124],[112.691882,27.451969],[112.690673,27.454144],[112.675386,27.453846],[112.672132,27.456878],[112.668782,27.456177],[112.664449,27.452293],[112.661099,27.451876],[112.651485,27.458358],[112.65074,27.462363],[112.648417,27.464169],[112.644564,27.46417],[112.639581,27.459842],[112.636556,27.463814],[112.632496,27.463546],[112.630479,27.466254],[112.622066,27.466351],[112.617844,27.468164],[112.608331,27.456],[112.600786,27.454235],[112.593079,27.455591],[112.593764,27.449169],[112.58874,27.445504],[112.587265,27.437058],[112.585495,27.434761],[112.578063,27.4337],[112.571986,27.440521],[112.566898,27.441769],[112.552274,27.431477],[112.554543,27.424913],[112.548169,27.424845],[112.542471,27.418462],[112.538861,27.416698],[112.531764,27.4243],[112.531029,27.430277],[112.521994,27.429191],[112.500962,27.445834],[112.480959,27.453111],[112.473031,27.458224],[112.470227,27.461918],[112.468496,27.471342],[112.463692,27.483314],[112.460143,27.490453],[112.456004,27.494189],[112.450389,27.493932],[112.444999,27.491653],[112.441989,27.495358],[112.437787,27.495081],[112.435127,27.49768],[112.430092,27.498492],[112.429652,27.499761],[112.434171,27.503175],[112.43209,27.508254],[112.432788,27.51273],[112.434629,27.513851],[112.437244,27.511293],[112.437532,27.512349],[112.430211,27.524425],[112.421278,27.527436],[112.422329,27.529828],[112.42598,27.530968],[112.429312,27.537029],[112.428409,27.542818],[112.430089,27.547021],[112.428452,27.562982],[112.430516,27.566304],[112.43583,27.56828],[112.449972,27.56397],[112.453965,27.565564],[112.460643,27.571817],[112.465682,27.573574],[112.486757,27.575936],[112.494761,27.586237],[112.504564,27.592974],[112.507956,27.59345],[112.510768,27.593042],[112.51614,27.585811],[112.519834,27.583508],[112.536779,27.582443],[112.541402,27.58537],[112.547099,27.585701],[112.549272,27.580279],[112.548943,27.569279],[112.551503,27.565876],[112.553352,27.558499],[112.557676,27.555649],[112.560424,27.556779],[112.562436,27.568452],[112.564271,27.570691],[112.569496,27.567241],[112.577161,27.571522],[112.584836,27.568917],[112.589136,27.571605],[112.592523,27.57964],[112.607904,27.576021],[112.618394,27.579755],[112.614908,27.599934],[112.589578,27.62376],[112.584981,27.634614],[112.58591,27.649955],[112.589138,27.654815],[112.606844,27.659488],[112.610422,27.66226],[112.611135,27.664745],[112.607784,27.678278],[112.591882,27.696937],[112.589107,27.701241],[112.588924,27.705618],[112.590486,27.708972],[112.598245,27.712178],[112.622893,27.705872],[112.629194,27.707306],[112.629115,27.710433],[112.627495,27.710932],[112.628921,27.713784],[112.627232,27.716733],[112.636524,27.717448],[112.637271,27.720645],[112.634185,27.727721],[112.624103,27.734758],[112.619368,27.747219],[112.618742,27.752543],[112.623549,27.771183],[112.63525,27.776739],[112.646697,27.777979],[112.655319,27.776609],[112.655959,27.778099],[112.651044,27.794697],[112.645143,27.798738],[112.642514,27.803817],[112.647781,27.809129],[112.647651,27.811611],[112.644915,27.813807],[112.630411,27.816018],[112.624742,27.820575],[112.618617,27.816827],[112.604096,27.7994],[112.5998,27.796089],[112.598511,27.796853],[112.596231,27.808039],[112.60087,27.817003],[112.594751,27.820087],[112.588057,27.827736],[112.585487,27.833213],[112.583369,27.845306],[112.583804,27.84741],[112.592442,27.843636],[112.592985,27.85364],[112.594693,27.85407],[112.605428,27.852044],[112.61558,27.845944],[112.624462,27.853651],[112.627549,27.861793],[112.63945,27.864306],[112.639317,27.8738],[112.640987,27.879821],[112.649954,27.880759],[112.65192,27.883403],[112.653278,27.89444],[112.657027,27.899324],[112.652634,27.908425],[112.651226,27.918525],[112.645851,27.916813],[112.641927,27.923309],[112.652585,27.940431],[112.660649,27.941689],[112.666808,27.935566],[112.672969,27.934236],[112.679268,27.929809],[112.687124,27.927056],[112.687742,27.925544],[112.682251,27.921186],[112.683426,27.920309],[112.705211,27.923292],[112.712438,27.916477],[112.72149,27.915494],[112.727829,27.904014],[112.729746,27.892315],[112.72476,27.890397],[112.721308,27.881767],[112.721116,27.875918],[112.723988,27.869754],[112.733678,27.859138],[112.735068,27.851323],[112.751081,27.845186],[112.749355,27.841351],[112.745327,27.839442],[112.74389,27.833392],[112.75252,27.821119],[112.755684,27.824954],[112.770451,27.834734],[112.773231,27.840008],[112.777627,27.843673],[112.787998,27.844419],[112.801662,27.83718],[112.82573,27.830851],[112.84251,27.821071],[112.855455,27.820303],[112.862977,27.821576],[112.872191,27.81475],[112.878556,27.800842],[112.895875,27.79849],[112.913221,27.790824],[112.941794,27.793154],[113.004205,27.812797]],[[112.656274,27.815037],[112.664423,27.817441],[112.666299,27.819168],[112.65665,27.820113],[112.655421,27.817744],[112.656274,27.815037]],[[112.668363,27.821475],[112.672509,27.819529],[112.67494,27.822414],[112.673321,27.825711],[112.670045,27.826114],[112.668302,27.825286],[112.668363,27.821475]],[[112.679991,27.828791],[112.685642,27.831538],[112.680872,27.83947],[112.675776,27.837908],[112.673109,27.83521],[112.679991,27.828791]],[[112.702239,27.847529],[112.70521,27.846757],[112.707489,27.851282],[112.715753,27.849605],[112.715499,27.852359],[112.709004,27.852853],[112.708844,27.854019],[112.717294,27.856519],[112.717404,27.859693],[112.708279,27.859792],[112.702905,27.851913],[112.702239,27.847529]],[[112.668018,27.853384],[112.66481,27.854369],[112.655593,27.852558],[112.647928,27.846393],[112.649594,27.844668],[112.652924,27.846475],[112.65496,27.843925],[112.656714,27.839837],[112.654902,27.838967],[112.657638,27.834045],[112.666851,27.835697],[112.669387,27.837629],[112.670399,27.845291],[112.668018,27.853384]]]}},{"type":"Feature","properties":{"dt_adcode":"430381"},"geometry":{"type":"Polygon","coordinates":[[[112.154869,27.649486],[112.150824,27.653344],[112.150137,27.658904],[112.147012,27.663851],[112.140104,27.666984],[112.134599,27.661598],[112.135513,27.655863],[112.124871,27.646127],[112.117206,27.645442],[112.114504,27.647895],[112.113299,27.653863],[112.109319,27.651987],[112.10583,27.653751],[112.092012,27.642721],[112.089443,27.642509],[112.07805,27.645754],[112.076919,27.650386],[112.07197,27.656243],[112.066922,27.657505],[112.070956,27.669604],[112.069269,27.671461],[112.06401,27.670612],[112.062623,27.672466],[112.062569,27.678416],[112.058057,27.680383],[112.056533,27.677171],[112.052681,27.676112],[112.050451,27.679572],[112.049552,27.674794],[112.04726,27.6749],[112.047528,27.686122],[112.053706,27.691537],[112.049133,27.69584],[112.050312,27.701114],[112.045601,27.701776],[112.044708,27.704876],[112.051295,27.712671],[112.071771,27.720656],[112.081071,27.718411],[112.083292,27.715209],[112.092107,27.71633],[112.09132,27.719523],[112.081522,27.722595],[112.085577,27.728849],[112.085807,27.732803],[112.094088,27.735201],[112.098596,27.731428],[112.099048,27.728017],[112.101987,27.726998],[112.100712,27.722274],[112.101906,27.718896],[112.106389,27.717131],[112.109316,27.723389],[112.110922,27.738716],[112.118734,27.743387],[112.128298,27.745172],[112.130798,27.747417],[112.125706,27.75299],[112.117338,27.755723],[112.112655,27.761992],[112.097998,27.765415],[112.097772,27.776527],[112.106506,27.790644],[112.101222,27.807382],[112.096569,27.811523],[112.091932,27.814285],[112.087008,27.813835],[112.076885,27.806046],[112.067036,27.804448],[112.046866,27.817069],[112.040531,27.839507],[112.031222,27.840227],[112.029816,27.836561],[112.02696,27.835182],[112.018419,27.842057],[112.014805,27.847102],[112.013264,27.853524],[112.012448,27.867807],[112.014406,27.870545],[112.013283,27.875422],[112.003392,27.896056],[111.999701,27.907838],[112.009245,27.907689],[112.012728,27.909146],[112.016177,27.9058],[112.020269,27.910396],[112.030518,27.914388],[112.031118,27.908872],[112.032415,27.908417],[112.035862,27.913465],[112.044096,27.912143],[112.049117,27.914873],[112.052172,27.920016],[112.055913,27.918202],[112.061062,27.920158],[112.064218,27.917512],[112.087754,27.908388],[112.094891,27.894458],[112.103355,27.893711],[112.118278,27.897627],[112.129047,27.91265],[112.134959,27.912596],[112.135818,27.907431],[112.137611,27.905696],[112.142525,27.908178],[112.149569,27.908007],[112.152427,27.909899],[112.153371,27.913538],[112.160682,27.916894],[112.156785,27.924011],[112.158873,27.928336],[112.166314,27.933821],[112.168825,27.934805],[112.172303,27.933646],[112.171814,27.937162],[112.173433,27.940725],[112.182041,27.938411],[112.183047,27.947094],[112.188738,27.952949],[112.192904,27.959984],[112.193069,27.965152],[112.198188,27.970424],[112.199401,27.968676],[112.198872,27.962903],[112.200752,27.959899],[112.206296,27.958594],[112.211104,27.953731],[112.213998,27.954569],[112.221409,27.963525],[112.220378,27.96938],[112.223117,27.971451],[112.227269,27.968348],[112.230355,27.961834],[112.245289,27.963696],[112.250998,27.961295],[112.255321,27.961406],[112.257672,27.959147],[112.29467,27.970391],[112.305051,27.971801],[112.308059,27.969912],[112.310841,27.961665],[112.315581,27.958397],[112.32594,27.963558],[112.330159,27.963957],[112.333551,27.963212],[112.339074,27.957857],[112.346119,27.957657],[112.352608,27.961161],[112.354043,27.965672],[112.371112,27.970056],[112.374972,27.967652],[112.381943,27.968309],[112.384723,27.964263],[112.388537,27.964659],[112.390526,27.96184],[112.397015,27.963],[112.402356,27.966359],[112.40733,27.963005],[112.406106,27.968403],[112.407339,27.969898],[112.409744,27.968223],[112.410229,27.962044],[112.412686,27.971109],[112.411828,27.978959],[112.415794,27.991923],[112.411741,27.991422],[112.408548,27.996053],[112.398468,27.99619],[112.397939,28.000831],[112.399988,28.002682],[112.408531,28.001718],[112.410658,28.008553],[112.414867,28.014202],[112.411874,28.021518],[112.412257,28.028398],[112.410096,28.031594],[112.413299,28.040674],[112.418288,28.045754],[112.421923,28.043945],[112.422895,28.049339],[112.425663,28.051481],[112.432539,28.054105],[112.438738,28.054373],[112.443998,28.057329],[112.452089,28.055768],[112.457346,28.051725],[112.47081,28.059701],[112.475449,28.060184],[112.478946,28.058419],[112.486274,28.040224],[112.501665,28.02911],[112.497695,28.025428],[112.496968,28.020437],[112.492252,28.014916],[112.492139,28.006616],[112.472892,27.993409],[112.468607,27.988161],[112.465914,27.983502],[112.465272,27.978485],[112.465912,27.965024],[112.463166,27.965858],[112.462478,27.963963],[112.460676,27.9651],[112.444884,27.962067],[112.449604,27.956779],[112.445056,27.952306],[112.445514,27.949156],[112.444239,27.948439],[112.441932,27.951786],[112.434271,27.944923],[112.432278,27.947691],[112.433166,27.950347],[112.42907,27.949792],[112.430303,27.946249],[112.429119,27.936746],[112.432007,27.937184],[112.43284,27.933514],[112.431262,27.92752],[112.436841,27.926985],[112.437235,27.925673],[112.435553,27.922921],[112.433152,27.923681],[112.425353,27.912416],[112.408655,27.907731],[112.408076,27.905692],[112.410429,27.902559],[112.410744,27.898466],[112.404476,27.89084],[112.409685,27.880644],[112.419582,27.884019],[112.423781,27.887166],[112.426868,27.887076],[112.427446,27.877099],[112.435448,27.866701],[112.439461,27.864201],[112.440954,27.858948],[112.449325,27.849779],[112.465631,27.837484],[112.475759,27.839913],[112.477761,27.850363],[112.491237,27.855031],[112.482353,27.857612],[112.48134,27.872542],[112.489923,27.874363],[112.500223,27.881647],[112.509104,27.872278],[112.522539,27.864955],[112.533806,27.860875],[112.539642,27.864138],[112.545939,27.86455],[112.548086,27.867361],[112.556569,27.8664],[112.560051,27.864575],[112.566063,27.855241],[112.583804,27.84741],[112.585487,27.833213],[112.588057,27.827736],[112.594751,27.820087],[112.60087,27.817003],[112.596231,27.808039],[112.59803,27.798083],[112.5998,27.796089],[112.609661,27.804886],[112.62284,27.820532],[112.624742,27.820575],[112.630411,27.816018],[112.644915,27.813807],[112.648117,27.810943],[112.642514,27.803817],[112.645143,27.798738],[112.651044,27.794697],[112.655319,27.776609],[112.63921,27.7775],[112.625166,27.772712],[112.623549,27.771183],[112.618742,27.752543],[112.624103,27.734758],[112.636541,27.724597],[112.636524,27.717448],[112.63345,27.716483],[112.627897,27.717633],[112.627218,27.716096],[112.628921,27.713784],[112.627495,27.710932],[112.629115,27.710433],[112.629194,27.707306],[112.627846,27.706265],[112.622893,27.705872],[112.598245,27.712178],[112.590486,27.708972],[112.588924,27.705618],[112.589107,27.701241],[112.591882,27.696937],[112.607784,27.678278],[112.611135,27.664745],[112.610422,27.66226],[112.606844,27.659488],[112.589138,27.654815],[112.58591,27.649955],[112.584981,27.634614],[112.589578,27.62376],[112.614908,27.599934],[112.618394,27.579755],[112.607904,27.576021],[112.592523,27.57964],[112.589136,27.571605],[112.584836,27.568917],[112.577161,27.571522],[112.569496,27.567241],[112.564271,27.570691],[112.562436,27.568452],[112.560424,27.556779],[112.557676,27.555649],[112.553352,27.558499],[112.551503,27.565876],[112.548943,27.569279],[112.549272,27.580279],[112.547099,27.585701],[112.541402,27.58537],[112.536779,27.582443],[112.519834,27.583508],[112.51614,27.585811],[112.510768,27.593042],[112.507956,27.59345],[112.504564,27.592974],[112.494761,27.586237],[112.486757,27.575936],[112.465682,27.573574],[112.460643,27.571817],[112.453965,27.565564],[112.449972,27.56397],[112.43583,27.56828],[112.430516,27.566304],[112.428452,27.562982],[112.430089,27.547021],[112.428409,27.542818],[112.429312,27.537029],[112.426861,27.532023],[112.422329,27.529828],[112.421278,27.527436],[112.406058,27.524445],[112.406797,27.518693],[112.399441,27.510872],[112.40221,27.508247],[112.402731,27.505145],[112.394017,27.50308],[112.392538,27.501395],[112.391928,27.499703],[112.394351,27.496233],[112.393463,27.492544],[112.384192,27.490931],[112.378756,27.486682],[112.373754,27.486574],[112.369109,27.481738],[112.365821,27.480926],[112.35659,27.485051],[112.357847,27.487339],[112.35653,27.490196],[112.35453,27.487548],[112.352088,27.488954],[112.348345,27.487889],[112.344467,27.497661],[112.33954,27.493685],[112.333866,27.495736],[112.326409,27.489131],[112.324509,27.489616],[112.324112,27.491881],[112.327153,27.49379],[112.32242,27.496418],[112.310235,27.49128],[112.305764,27.493623],[112.305252,27.501929],[112.300873,27.503898],[112.303531,27.508982],[112.302791,27.515905],[112.306189,27.525256],[112.305525,27.529213],[112.308584,27.53457],[112.313788,27.537346],[112.315686,27.543996],[112.330294,27.563987],[112.33428,27.581421],[112.330784,27.602544],[112.298044,27.620974],[112.283895,27.633631],[112.282122,27.638456],[112.281879,27.643277],[112.283444,27.644878],[112.288884,27.64693],[112.309853,27.649407],[112.31348,27.651006],[112.314541,27.653757],[112.315116,27.664313],[112.319552,27.670268],[112.320613,27.675315],[112.315761,27.685885],[112.309065,27.691174],[112.304187,27.697841],[112.295424,27.704286],[112.290514,27.705675],[112.280146,27.702031],[112.268507,27.700916],[112.263578,27.70439],[112.25661,27.704161],[112.248119,27.710158],[112.245082,27.710563],[112.243508,27.708941],[112.240867,27.691095],[112.238768,27.687676],[112.235842,27.689037],[112.232125,27.687569],[112.230613,27.685848],[112.229917,27.678741],[112.221131,27.670614],[112.218082,27.670644],[112.216392,27.676214],[112.206431,27.669895],[112.207883,27.666352],[112.20567,27.656657],[112.206846,27.651612],[112.199387,27.654292],[112.186643,27.650722],[112.176104,27.650195],[112.17576,27.654306],[112.169691,27.656566],[112.165486,27.660427],[112.161309,27.657809],[112.159414,27.650251],[112.154869,27.649486]]]}},{"type":"Feature","properties":{"dt_adcode":"430382"},"geometry":{"type":"Polygon","coordinates":[[[112.501665,28.02911],[112.516408,28.018827],[112.511242,28.016969],[112.508309,28.010936],[112.508827,28.003747],[112.512487,27.993956],[112.519685,27.994941],[112.533384,27.993116],[112.536326,27.978889],[112.539987,27.975234],[112.553891,27.972628],[112.55908,27.975217],[112.56135,27.980458],[112.563308,27.980947],[112.567727,27.97065],[112.575068,27.967075],[112.575163,27.961657],[112.576689,27.959316],[112.588162,27.958032],[112.598254,27.951867],[112.598904,27.947083],[112.594625,27.938581],[112.594338,27.932816],[112.598773,27.9267],[112.599918,27.919894],[112.602574,27.917864],[112.606551,27.918852],[112.607731,27.91103],[112.612326,27.908309],[112.609546,27.903055],[112.611648,27.900278],[112.619684,27.899777],[112.625766,27.896471],[112.630511,27.890535],[112.633858,27.880111],[112.640987,27.879821],[112.639317,27.8738],[112.63945,27.864306],[112.627549,27.861793],[112.625509,27.855142],[112.617206,27.846941],[112.614511,27.845582],[112.605428,27.852044],[112.593358,27.853931],[112.592687,27.843924],[112.591176,27.843439],[112.579152,27.850303],[112.566063,27.855241],[112.560051,27.864575],[112.556569,27.8664],[112.548086,27.867361],[112.545939,27.86455],[112.539642,27.864138],[112.533806,27.860875],[112.522539,27.864955],[112.509104,27.872278],[112.500223,27.881647],[112.489923,27.874363],[112.48134,27.872542],[112.482353,27.857612],[112.491237,27.855031],[112.477761,27.850363],[112.475759,27.839913],[112.465631,27.837484],[112.449325,27.849779],[112.440954,27.858948],[112.439461,27.864201],[112.435448,27.866701],[112.427446,27.877099],[112.426868,27.887076],[112.423781,27.887166],[112.411069,27.880875],[112.408225,27.88164],[112.404476,27.89084],[112.410744,27.898466],[112.410429,27.902559],[112.407905,27.906757],[112.425353,27.912416],[112.433152,27.923681],[112.435553,27.922921],[112.437235,27.925673],[112.436841,27.926985],[112.431262,27.92752],[112.43284,27.933514],[112.432007,27.937184],[112.429119,27.936746],[112.430303,27.946249],[112.42907,27.949792],[112.433166,27.950347],[112.432278,27.947691],[112.434271,27.944923],[112.441932,27.951786],[112.444239,27.948439],[112.445514,27.949156],[112.445056,27.952306],[112.449604,27.956779],[112.444884,27.962067],[112.460676,27.9651],[112.462478,27.963963],[112.463166,27.965858],[112.465912,27.965024],[112.465914,27.983502],[112.472892,27.993409],[112.492139,28.006616],[112.492252,28.014916],[112.496968,28.020437],[112.497695,28.025428],[112.501665,28.02911]]]}},{"type":"Feature","properties":{"dt_adcode":"430405"},"geometry":{"type":"Polygon","coordinates":[[[112.735528,26.976301],[112.726758,26.969258],[112.716741,26.965325],[112.71635,26.962748],[112.718697,26.959241],[112.718488,26.955918],[112.716358,26.954378],[112.707713,26.955842],[112.703799,26.954133],[112.700815,26.947894],[112.702059,26.941412],[112.706129,26.936069],[112.704352,26.929464],[112.700478,26.926226],[112.695387,26.925424],[112.695091,26.921393],[112.699289,26.920664],[112.710554,26.91431],[112.718278,26.91676],[112.726948,26.906515],[112.718621,26.900151],[112.720166,26.898237],[112.718364,26.896017],[112.718707,26.891654],[112.720682,26.889587],[112.724801,26.893301],[112.737858,26.873464],[112.735696,26.863044],[112.717924,26.847176],[112.712688,26.838882],[112.706582,26.823653],[112.706216,26.813239],[112.708816,26.805574],[112.709554,26.791576],[112.707257,26.786581],[112.701256,26.783085],[112.693183,26.782435],[112.689545,26.773057],[112.681566,26.77073],[112.676049,26.760847],[112.649436,26.747499],[112.636983,26.748001],[112.626684,26.750699],[112.595911,26.765657],[112.583332,26.774526],[112.587921,26.787117],[112.592798,26.795375],[112.599299,26.802559],[112.609084,26.808776],[112.616554,26.811344],[112.627842,26.811555],[112.656668,26.807251],[112.662776,26.8105],[112.664038,26.813847],[112.667049,26.837355],[112.666216,26.858056],[112.66077,26.861464],[112.648505,26.863358],[112.642069,26.868069],[112.630515,26.871123],[112.622511,26.876006],[112.620538,26.879638],[112.616387,26.90259],[112.617013,26.908301],[112.62028,26.912408],[112.639813,26.924003],[112.655721,26.939052],[112.661916,26.947781],[112.66323,26.954521],[112.661473,26.967887],[112.652481,27.001719],[112.653108,27.010488],[112.655196,27.015912],[112.660059,27.020348],[112.670517,27.024601],[112.684534,27.027599],[112.692199,27.027201],[112.701847,27.020825],[112.710384,26.996629],[112.716917,26.986837],[112.72515,26.97951],[112.735528,26.976301]]]}},{"type":"Feature","properties":{"dt_adcode":"430406"},"geometry":{"type":"Polygon","coordinates":[[[112.600998,26.894869],[112.617116,26.896794],[112.620686,26.879004],[112.622511,26.876006],[112.630515,26.871123],[112.642069,26.868069],[112.648505,26.863358],[112.66077,26.861464],[112.665772,26.858669],[112.667451,26.851056],[112.666954,26.835481],[112.662776,26.8105],[112.65318,26.807034],[112.630737,26.811426],[112.617049,26.811403],[112.610013,26.809221],[112.600332,26.803394],[112.592798,26.795375],[112.587921,26.787117],[112.583332,26.774526],[112.579863,26.776932],[112.569841,26.778459],[112.563966,26.785029],[112.561765,26.78558],[112.559746,26.782676],[112.555086,26.781899],[112.549682,26.786156],[112.547552,26.792041],[112.547396,26.797693],[112.55229,26.808619],[112.550549,26.810949],[112.547423,26.810991],[112.556873,26.821932],[112.55767,26.828964],[112.562331,26.831923],[112.572611,26.846447],[112.576001,26.848922],[112.573981,26.854481],[112.575403,26.856224],[112.602107,26.871694],[112.604955,26.874932],[112.603934,26.885571],[112.600998,26.894869]]]}},{"type":"Feature","properties":{"dt_adcode":"430407"},"geometry":{"type":"Polygon","coordinates":[[[112.543875,26.957021],[112.54707,26.95911],[112.548257,26.964122],[112.554207,26.967059],[112.554562,26.969209],[112.552215,26.973117],[112.544067,26.9738],[112.542275,26.982728],[112.533576,26.989308],[112.535247,26.994887],[112.566901,26.995055],[112.569102,26.99643],[112.572639,27.003356],[112.581041,27.008284],[112.584527,27.008242],[112.594533,27.002403],[112.598931,27.001912],[112.602421,27.00474],[112.600989,27.013214],[112.606181,27.015876],[112.614762,27.015687],[112.615769,27.014243],[112.612034,27.010635],[112.616673,27.009367],[112.620391,27.006294],[112.629473,27.006289],[112.633315,27.008093],[112.635932,27.004479],[112.641088,27.009534],[112.644828,27.010253],[112.647967,27.014495],[112.654247,27.013464],[112.652481,27.001719],[112.661473,26.967887],[112.663221,26.954823],[112.662107,26.948344],[112.655721,26.939052],[112.640552,26.924637],[112.619124,26.911213],[112.616639,26.907103],[112.617116,26.896794],[112.600998,26.894869],[112.600296,26.912508],[112.595687,26.916401],[112.583697,26.91644],[112.569504,26.925222],[112.568621,26.927715],[112.563006,26.931727],[112.551823,26.943948],[112.543875,26.957021]]]}},{"type":"Feature","properties":{"dt_adcode":"430408"},"geometry":{"type":"Polygon","coordinates":[[[112.600998,26.894869],[112.603934,26.885571],[112.604955,26.874932],[112.602107,26.871694],[112.575403,26.856224],[112.573981,26.854481],[112.576001,26.848922],[112.572611,26.846447],[112.562331,26.831923],[112.55767,26.828964],[112.556873,26.821932],[112.547423,26.810991],[112.539346,26.811097],[112.527029,26.80733],[112.518601,26.808856],[112.513296,26.803392],[112.509983,26.80348],[112.508244,26.806252],[112.513263,26.820387],[112.510019,26.825469],[112.505944,26.82832],[112.500476,26.827473],[112.494878,26.824086],[112.489331,26.824739],[112.479788,26.833775],[112.482185,26.837109],[112.481648,26.838736],[112.477858,26.840034],[112.477944,26.841466],[112.487239,26.842465],[112.488381,26.845131],[112.485093,26.847917],[112.485811,26.84959],[112.498712,26.846175],[112.500209,26.849023],[112.505946,26.849009],[112.510375,26.851564],[112.510177,26.859715],[112.514798,26.866577],[112.514426,26.869118],[112.508811,26.87019],[112.508223,26.871648],[112.511978,26.881328],[112.510446,26.890861],[112.511988,26.897519],[112.504194,26.907594],[112.498475,26.907879],[112.491423,26.910991],[112.490524,26.915621],[112.492289,26.919734],[112.49755,26.921489],[112.502326,26.918827],[112.503657,26.914672],[112.505941,26.914183],[112.508633,26.91619],[112.510104,26.918467],[112.511844,26.941709],[112.513635,26.94384],[112.515876,26.944096],[112.523153,26.938969],[112.526026,26.938787],[112.527913,26.948669],[112.543875,26.957021],[112.551823,26.943948],[112.563006,26.931727],[112.568621,26.927715],[112.569504,26.925222],[112.583697,26.91644],[112.595687,26.916401],[112.600296,26.912508],[112.600998,26.894869]]]}},{"type":"Feature","properties":{"dt_adcode":"430412"},"geometry":{"type":"Polygon","coordinates":[[[112.574901,27.243701],[112.57732,27.247064],[112.588673,27.250649],[112.595034,27.250613],[112.606362,27.247849],[112.622214,27.237515],[112.63613,27.238122],[112.639974,27.241468],[112.640662,27.259898],[112.642792,27.261381],[112.646167,27.260969],[112.652873,27.258269],[112.659223,27.260086],[112.660989,27.265336],[112.660216,27.269858],[112.650995,27.273714],[112.630361,27.275806],[112.619133,27.286463],[112.619229,27.292858],[112.639864,27.291512],[112.644543,27.294097],[112.6459,27.300478],[112.656921,27.303754],[112.665588,27.32385],[112.675367,27.32351],[112.679126,27.320461],[112.679438,27.313688],[112.684085,27.31364],[112.687504,27.316616],[112.689323,27.325249],[112.693604,27.328969],[112.702078,27.330761],[112.706209,27.325075],[112.70874,27.325048],[112.721906,27.330549],[112.728243,27.331231],[112.732016,27.330058],[112.73271,27.320645],[112.739314,27.311162],[112.750207,27.307271],[112.761989,27.306745],[112.772047,27.303604],[112.779109,27.297867],[112.781954,27.291433],[112.780565,27.283551],[112.775377,27.274968],[112.768626,27.273928],[112.767749,27.271682],[112.766308,27.260037],[112.768624,27.246838],[112.766914,27.245357],[112.750488,27.244436],[112.748317,27.240699],[112.751972,27.232],[112.761636,27.23075],[112.763527,27.217182],[112.769316,27.211087],[112.76922,27.204692],[112.76304,27.201588],[112.762476,27.199826],[112.764064,27.196624],[112.768698,27.19345],[112.768689,27.19215],[112.765209,27.190823],[112.751813,27.194754],[112.745846,27.189935],[112.742901,27.189971],[112.741694,27.193697],[112.739044,27.194646],[112.733221,27.18976],[112.730136,27.18943],[112.725121,27.197374],[112.702998,27.20183],[112.688157,27.198864],[112.68271,27.206072],[112.680457,27.206463],[112.663169,27.2048],[112.655478,27.199557],[112.648154,27.19758],[112.649694,27.205039],[112.633424,27.207373],[112.622125,27.213273],[112.613325,27.222732],[112.597531,27.226507],[112.589097,27.225362],[112.580519,27.229418],[112.570436,27.231349],[112.569249,27.232794],[112.571086,27.234977],[112.576981,27.236174],[112.579141,27.238197],[112.578022,27.242014],[112.574901,27.243701]]]}},{"type":"Feature","properties":{"dt_adcode":"430421"},"geometry":{"type":"Polygon","coordinates":[[[112.654247,27.013464],[112.647967,27.014495],[112.644828,27.010253],[112.641088,27.009534],[112.635932,27.004479],[112.633315,27.008093],[112.629473,27.006289],[112.620391,27.006294],[112.616673,27.009367],[112.612034,27.010635],[112.615769,27.014243],[112.614762,27.015687],[112.606181,27.015876],[112.600989,27.013214],[112.602421,27.00474],[112.598931,27.001912],[112.594533,27.002403],[112.584527,27.008242],[112.581041,27.008284],[112.572639,27.003356],[112.569102,26.99643],[112.566901,26.995055],[112.535247,26.994887],[112.533602,26.991175],[112.534511,26.987571],[112.542275,26.982728],[112.544067,26.9738],[112.552215,26.973117],[112.554562,26.969209],[112.554207,26.967059],[112.548257,26.964122],[112.54707,26.95911],[112.538447,26.953069],[112.527913,26.948669],[112.526026,26.938787],[112.523153,26.938969],[112.515876,26.944096],[112.513635,26.94384],[112.511844,26.941709],[112.510104,26.918467],[112.508633,26.91619],[112.505941,26.914183],[112.503657,26.914672],[112.502326,26.918827],[112.49755,26.921489],[112.494764,26.921141],[112.49119,26.918015],[112.491423,26.910991],[112.498475,26.907879],[112.496017,26.903124],[112.490499,26.902346],[112.486896,26.908638],[112.479439,26.901254],[112.471423,26.907631],[112.463467,26.906518],[112.457977,26.911386],[112.457172,26.913577],[112.458532,26.916679],[112.455294,26.923608],[112.446138,26.929205],[112.437541,26.930551],[112.433554,26.927793],[112.436111,26.927327],[112.435894,26.921157],[112.429547,26.918424],[112.422781,26.905436],[112.424611,26.901551],[112.418096,26.897162],[112.418087,26.89149],[112.420463,26.886664],[112.410754,26.882962],[112.400128,26.883753],[112.39787,26.88075],[112.397757,26.877383],[112.389218,26.873037],[112.385335,26.873756],[112.386629,26.877611],[112.382745,26.878269],[112.381451,26.880275],[112.380157,26.888889],[112.378853,26.889836],[112.376306,26.886803],[112.371117,26.88672],[112.364822,26.881287],[112.359831,26.880235],[112.357718,26.881156],[112.356448,26.885514],[112.352596,26.889597],[112.347482,26.89297],[112.339045,26.891975],[112.331599,26.886606],[112.323232,26.885922],[112.317831,26.888736],[112.312265,26.888778],[112.305274,26.892445],[112.302466,26.896457],[112.297953,26.897676],[112.294511,26.901194],[112.284838,26.894912],[112.274239,26.899767],[112.267925,26.900755],[112.262592,26.890201],[112.245852,26.897799],[112.241817,26.897462],[112.233102,26.906834],[112.215045,26.899856],[112.212654,26.900035],[112.209101,26.903685],[112.203479,26.903633],[112.191333,26.896128],[112.177459,26.894735],[112.176653,26.89094],[112.174981,26.890023],[112.168962,26.891892],[112.166008,26.887183],[112.164346,26.887418],[112.160526,26.894501],[112.161575,26.901537],[112.154922,26.895866],[112.14586,26.891092],[112.1142,26.876863],[112.101157,26.87746],[112.080923,26.875265],[112.059468,26.87922],[112.055929,26.881119],[112.050117,26.879893],[112.039683,26.882221],[112.039022,26.886153],[112.035854,26.890407],[112.027941,26.893685],[112.020846,26.902449],[112.016048,26.904629],[112.015691,26.908246],[112.010719,26.917574],[112.00432,26.925356],[112.001656,26.939933],[112.001621,26.944315],[112.007056,26.952658],[112.016296,26.955425],[112.019866,26.964919],[112.021904,26.966345],[112.028321,26.966192],[112.036191,26.972578],[112.042319,26.97099],[112.047123,26.975276],[112.047184,26.987674],[112.043208,26.995649],[112.037316,26.99668],[112.037534,26.997868],[112.040554,26.997097],[112.047725,26.999202],[112.05017,27.006452],[112.057731,27.012446],[112.060088,27.013032],[112.06727,27.010292],[112.072304,27.011611],[112.080985,27.008556],[112.085034,27.011078],[112.08784,27.015333],[112.089752,27.022964],[112.086112,27.027338],[112.086843,27.033929],[112.079519,27.038624],[112.078042,27.041783],[112.079233,27.044174],[112.083447,27.046395],[112.083465,27.048492],[112.076366,27.050714],[112.073464,27.063024],[112.071812,27.064982],[112.050567,27.071099],[112.046234,27.074269],[112.046931,27.077265],[112.054509,27.079624],[112.056389,27.083512],[112.052118,27.093729],[112.051179,27.10033],[112.056652,27.111243],[112.056513,27.114842],[112.046439,27.128663],[112.046612,27.132693],[112.05247,27.142858],[112.049086,27.147693],[112.049016,27.150797],[112.055369,27.170082],[112.058126,27.175432],[112.068484,27.185202],[112.06825,27.189332],[112.071171,27.19113],[112.075499,27.187771],[112.074152,27.185776],[112.076742,27.185165],[112.084163,27.187103],[112.091259,27.185645],[112.092813,27.187261],[112.091876,27.1901],[112.086794,27.189417],[112.086361,27.191266],[112.091268,27.192609],[112.092536,27.194758],[112.088619,27.195162],[112.088541,27.196447],[112.089957,27.201256],[112.094013,27.202369],[112.092154,27.205677],[112.094586,27.208656],[112.096843,27.207138],[112.09838,27.209391],[112.100698,27.206283],[112.100863,27.208482],[112.10719,27.214149],[112.10942,27.210967],[112.114209,27.210731],[112.114669,27.212144],[112.111832,27.214845],[112.113012,27.223026],[112.11447,27.223449],[112.114591,27.221873],[112.118651,27.223177],[112.128544,27.220391],[112.130148,27.222623],[112.127955,27.227644],[112.13281,27.229607],[112.135315,27.23555],[112.152316,27.23846],[112.159965,27.246811],[112.152551,27.252241],[112.149718,27.259357],[112.150533,27.265848],[112.157611,27.270188],[112.163328,27.278952],[112.162047,27.286408],[112.158392,27.290067],[112.153698,27.30019],[112.154686,27.302114],[112.160879,27.305044],[112.161087,27.308352],[112.152797,27.306306],[112.159234,27.316404],[112.160092,27.322931],[112.163895,27.324548],[112.174842,27.319631],[112.179111,27.316043],[112.183259,27.308912],[112.191513,27.311623],[112.191998,27.307917],[112.195393,27.304572],[112.192699,27.299483],[112.19767,27.295808],[112.205357,27.296537],[112.208577,27.291247],[112.206471,27.283629],[112.209703,27.281784],[112.211513,27.278221],[112.217553,27.275562],[112.214026,27.27481],[112.213959,27.268898],[112.223775,27.261205],[112.226592,27.260863],[112.232081,27.26396],[112.2332,27.269462],[112.236582,27.27321],[112.235932,27.277784],[112.237988,27.281073],[112.238057,27.286979],[112.248485,27.293853],[112.255471,27.296468],[112.255906,27.303158],[112.253762,27.305263],[112.255056,27.309899],[112.257529,27.310349],[112.267252,27.305066],[112.269076,27.310092],[112.272976,27.311948],[112.281012,27.312512],[112.280787,27.319879],[112.286391,27.324243],[112.287833,27.328936],[112.282587,27.338252],[112.299728,27.35875],[112.308484,27.359549],[112.308458,27.364511],[112.311224,27.366773],[112.321529,27.364018],[112.325331,27.367769],[112.331063,27.370185],[112.339265,27.365931],[112.352077,27.365831],[112.358756,27.362472],[112.361069,27.363554],[112.361017,27.367021],[112.368094,27.367357],[112.37052,27.36387],[112.368128,27.356094],[112.408535,27.361446],[112.424178,27.354855],[112.432363,27.35421],[112.438104,27.344599],[112.451896,27.349807],[112.454416,27.347413],[112.456001,27.347865],[112.455846,27.356294],[112.459916,27.355162],[112.462236,27.356395],[112.466401,27.352938],[112.469275,27.356432],[112.473819,27.34893],[112.480743,27.348558],[112.485139,27.346418],[112.489336,27.349842],[112.501552,27.348054],[112.503421,27.344027],[112.500098,27.343153],[112.498956,27.337906],[112.50002,27.33387],[112.502728,27.332592],[112.502364,27.328634],[112.510211,27.324219],[112.511431,27.321138],[112.517521,27.317419],[112.516647,27.310625],[112.518031,27.306363],[112.527783,27.300461],[112.526614,27.290786],[112.530862,27.285506],[112.526439,27.274966],[112.533665,27.268671],[112.531786,27.259655],[112.527753,27.257539],[112.530582,27.249012],[112.538831,27.249176],[112.538451,27.253573],[112.545004,27.249356],[112.548632,27.25039],[112.551914,27.245824],[112.575447,27.243711],[112.578751,27.240957],[112.579141,27.238197],[112.576981,27.236174],[112.571086,27.234977],[112.569249,27.232794],[112.570436,27.231349],[112.580519,27.229418],[112.589097,27.225362],[112.597531,27.226507],[112.608783,27.224382],[112.615054,27.221641],[112.62322,27.212451],[112.633424,27.207373],[112.649694,27.205039],[112.647884,27.199518],[112.648945,27.193275],[112.652267,27.187591],[112.650466,27.184047],[112.654685,27.182451],[112.665115,27.17185],[112.665976,27.163455],[112.663738,27.145894],[112.671934,27.140042],[112.673012,27.135605],[112.668836,27.130819],[112.658074,27.130793],[112.654533,27.128169],[112.650069,27.111288],[112.656714,27.104496],[112.665293,27.102947],[112.675185,27.095665],[112.693413,27.104621],[112.698537,27.100052],[112.705399,27.089648],[112.708565,27.089493],[112.711653,27.092276],[112.714053,27.092386],[112.716914,27.08494],[112.7224,27.084547],[112.724505,27.082213],[112.727085,27.075212],[112.724757,27.06989],[112.72879,27.067991],[112.726347,27.063119],[112.727963,27.060679],[112.727789,27.047289],[112.717694,27.034444],[112.720728,27.029846],[112.718319,27.010604],[112.720666,27.009869],[112.727343,27.014824],[112.740361,27.016156],[112.74351,27.012541],[112.739388,27.006634],[112.739839,27.003889],[112.746754,27.002879],[112.747579,26.999056],[112.751653,26.999007],[112.751852,26.996587],[112.748161,26.994003],[112.741889,26.994445],[112.737371,26.986218],[112.735528,26.976301],[112.730817,26.976972],[112.722177,26.981376],[112.716917,26.986837],[112.710384,26.996629],[112.701847,27.020825],[112.692199,27.027201],[112.684534,27.027599],[112.670517,27.024601],[112.660059,27.020348],[112.654247,27.013464]]]}},{"type":"Feature","properties":{"dt_adcode":"430422"},"geometry":{"type":"Polygon","coordinates":[[[112.579863,26.776932],[112.595911,26.765657],[112.626684,26.750699],[112.636983,26.748001],[112.649436,26.747499],[112.676049,26.760847],[112.681566,26.77073],[112.689545,26.773057],[112.693183,26.782435],[112.701256,26.783085],[112.707257,26.786581],[112.709554,26.791576],[112.708816,26.805574],[112.706216,26.813239],[112.706582,26.823653],[112.712688,26.838882],[112.717924,26.847176],[112.735696,26.863044],[112.737858,26.873464],[112.724801,26.893301],[112.720682,26.889587],[112.718707,26.891654],[112.718364,26.896017],[112.720166,26.898237],[112.718621,26.900151],[112.726948,26.906515],[112.718278,26.91676],[112.710554,26.91431],[112.699289,26.920664],[112.695091,26.921393],[112.695387,26.925424],[112.700478,26.926226],[112.704352,26.929464],[112.706129,26.936069],[112.702059,26.941412],[112.700815,26.947894],[112.703799,26.954133],[112.707713,26.955842],[112.716358,26.954378],[112.718488,26.955918],[112.718697,26.959241],[112.71635,26.962748],[112.716741,26.965325],[112.726758,26.969258],[112.735528,26.976301],[112.748542,26.974604],[112.74617,26.967978],[112.74848,26.965545],[112.754516,26.96547],[112.762989,26.970974],[112.767017,26.971122],[112.769325,26.96919],[112.774748,26.9586],[112.778539,26.956574],[112.783612,26.949514],[112.786873,26.940724],[112.785684,26.933851],[112.792031,26.928135],[112.792595,26.925953],[112.787331,26.923063],[112.785596,26.921068],[112.785969,26.918945],[112.791683,26.914436],[112.796226,26.904717],[112.811525,26.900035],[112.810233,26.894346],[112.811091,26.88989],[112.815216,26.886065],[112.821844,26.883915],[112.821678,26.857465],[112.827753,26.858841],[112.838219,26.856503],[112.840698,26.861382],[112.849788,26.853998],[112.852994,26.856376],[112.861817,26.8564],[112.86532,26.861789],[112.870929,26.865952],[112.872047,26.863518],[112.874657,26.863434],[112.892327,26.878611],[112.897579,26.888609],[112.898646,26.894734],[112.89718,26.903514],[112.897763,26.912911],[112.900349,26.917021],[112.911968,26.922792],[112.923496,26.923701],[112.941425,26.939081],[112.968692,26.948986],[112.980815,26.95593],[113.006106,26.965362],[113.009731,26.965009],[113.011969,26.959126],[113.017902,26.953203],[113.029462,26.9539],[113.034042,26.949237],[113.036864,26.948594],[113.046147,26.954109],[113.066711,26.951537],[113.074042,26.94725],[113.076024,26.931763],[113.072197,26.920206],[113.063472,26.911603],[113.063671,26.897961],[113.070412,26.891503],[113.069994,26.880901],[113.088997,26.872984],[113.088779,26.870062],[113.082139,26.864318],[113.074688,26.861672],[113.071696,26.857351],[113.073939,26.848703],[113.073469,26.840623],[113.07099,26.833103],[113.07579,26.826974],[113.069015,26.817885],[113.072859,26.811091],[113.07811,26.809261],[113.083882,26.809399],[113.089869,26.799216],[113.092266,26.788769],[113.097252,26.781626],[113.095583,26.759918],[113.096902,26.756298],[113.101957,26.753249],[113.108503,26.755291],[113.111776,26.754292],[113.115342,26.744125],[113.11719,26.742729],[113.131156,26.743666],[113.132379,26.739959],[113.131407,26.738079],[113.122803,26.732997],[113.120104,26.724881],[113.122325,26.723201],[113.133548,26.722071],[113.137987,26.719969],[113.139175,26.717951],[113.134692,26.71484],[113.135863,26.710935],[113.140604,26.706592],[113.152271,26.700522],[113.152947,26.697995],[113.151447,26.694226],[113.1485,26.692305],[113.134968,26.690141],[113.125073,26.695325],[113.119651,26.70248],[113.120137,26.705292],[113.117829,26.705589],[113.110635,26.699745],[113.108907,26.692766],[113.099434,26.690605],[113.083544,26.699194],[113.082206,26.703982],[113.075555,26.705885],[113.058949,26.69941],[113.041644,26.698796],[113.038562,26.697148],[113.036602,26.692972],[113.02128,26.683239],[113.01756,26.682338],[113.015914,26.684521],[113.007097,26.687878],[113.000171,26.694267],[112.997959,26.69823],[112.997802,26.702759],[112.984369,26.704356],[112.980893,26.702938],[112.976686,26.697969],[112.972654,26.697813],[112.956879,26.702579],[112.945175,26.702919],[112.944523,26.70103],[112.955076,26.6929],[112.956016,26.690604],[112.955232,26.688716],[112.950698,26.687325],[112.949776,26.681908],[112.947192,26.682679],[112.948584,26.679749],[112.954379,26.676913],[112.958739,26.670191],[112.963396,26.668508],[112.965703,26.660018],[112.96767,26.658005],[112.977449,26.656589],[112.984121,26.649398],[112.982875,26.646539],[112.983762,26.629457],[112.981427,26.616975],[112.975931,26.609891],[112.967832,26.605569],[112.966586,26.601619],[112.955914,26.601723],[112.946151,26.604572],[112.935506,26.611811],[112.930733,26.619594],[112.928412,26.619717],[112.924426,26.613878],[112.916531,26.61453],[112.913197,26.613174],[112.903739,26.603545],[112.89748,26.601238],[112.877884,26.605212],[112.876417,26.606654],[112.876834,26.609091],[112.881169,26.614411],[112.882614,26.619733],[112.882741,26.651053],[112.881485,26.65642],[112.872285,26.662902],[112.857089,26.668517],[112.848431,26.668812],[112.840753,26.664458],[112.833813,26.664909],[112.832054,26.668879],[112.836396,26.680195],[112.836162,26.682374],[112.833502,26.683998],[112.814316,26.672851],[112.813042,26.663346],[112.809306,26.657872],[112.798159,26.657892],[112.797318,26.654803],[112.798869,26.648833],[112.793979,26.641759],[112.795929,26.636817],[112.795331,26.633728],[112.786329,26.620891],[112.772441,26.611292],[112.773533,26.601886],[112.772544,26.596792],[112.769394,26.592741],[112.756816,26.590459],[112.747028,26.586209],[112.744917,26.584273],[112.745247,26.576535],[112.744031,26.574189],[112.740582,26.57558],[112.736498,26.574794],[112.723295,26.568724],[112.720069,26.568698],[112.718392,26.577952],[112.716131,26.579547],[112.71,26.578765],[112.707469,26.580543],[112.707766,26.587739],[112.706243,26.589921],[112.700755,26.591713],[112.6799,26.586958],[112.676428,26.583529],[112.675488,26.576024],[112.662179,26.575544],[112.6684,26.593404],[112.667186,26.597743],[112.662587,26.600758],[112.657663,26.601515],[112.651907,26.5996],[112.633019,26.584701],[112.627627,26.587144],[112.622387,26.598753],[112.617148,26.599632],[112.578411,26.594006],[112.567254,26.59051],[112.550481,26.583097],[112.537631,26.566844],[112.534507,26.565659],[112.522261,26.568318],[112.511151,26.574238],[112.502266,26.581608],[112.497906,26.582458],[112.492904,26.57354],[112.49408,26.563941],[112.490973,26.557055],[112.481688,26.55085],[112.464298,26.549578],[112.44599,26.557263],[112.438116,26.571523],[112.435192,26.580387],[112.431031,26.586815],[112.425204,26.590266],[112.418107,26.587693],[112.396115,26.560776],[112.392703,26.554095],[112.391391,26.546906],[112.387898,26.543748],[112.381008,26.546986],[112.373084,26.557355],[112.35525,26.56639],[112.339795,26.567618],[112.326956,26.564231],[112.321938,26.569253],[112.322251,26.573745],[112.332515,26.577907],[112.336456,26.582647],[112.340475,26.59368],[112.339441,26.599918],[112.332195,26.604648],[112.325794,26.604039],[112.32702,26.607708],[112.325933,26.609835],[112.319827,26.604334],[112.318444,26.604718],[112.316853,26.611648],[112.304052,26.610122],[112.299671,26.615328],[112.302115,26.623069],[112.300332,26.625202],[112.294569,26.62537],[112.289197,26.623106],[112.283514,26.629694],[112.279465,26.622],[112.270856,26.621447],[112.262113,26.627847],[112.253485,26.630975],[112.253173,26.634779],[112.261307,26.648889],[112.261256,26.662945],[112.259346,26.666015],[112.254911,26.66649],[112.24494,26.661967],[112.243648,26.66416],[112.243536,26.673044],[112.234897,26.674994],[112.23162,26.679699],[112.227059,26.680927],[112.22621,26.686297],[112.219692,26.685487],[112.222189,26.698522],[112.215039,26.697843],[112.211599,26.699374],[112.209363,26.704944],[112.210776,26.707392],[112.207943,26.707609],[112.207406,26.709671],[112.201757,26.705924],[112.20472,26.711225],[112.20317,26.715043],[112.204391,26.719518],[112.198302,26.726872],[112.20279,26.731971],[112.205709,26.732627],[112.210743,26.730271],[112.229776,26.727652],[112.235361,26.730842],[112.248346,26.732062],[112.249804,26.732547],[112.249692,26.734605],[112.255662,26.735051],[112.259751,26.740812],[112.257477,26.742359],[112.26088,26.748252],[112.257382,26.752709],[112.253711,26.753365],[112.254362,26.755539],[112.251186,26.763266],[112.242241,26.764282],[112.240879,26.766914],[112.238572,26.765003],[112.235121,26.766281],[112.236873,26.774682],[112.238417,26.775976],[112.243526,26.77412],[112.247152,26.77521],[112.244133,26.778821],[112.24573,26.785353],[112.248064,26.782277],[112.253835,26.783596],[112.256734,26.787748],[112.260544,26.787123],[112.256092,26.793146],[112.255589,26.797575],[112.253523,26.799464],[112.248456,26.799011],[112.241394,26.801321],[112.240527,26.804134],[112.23397,26.807312],[112.230259,26.80476],[112.228326,26.805402],[112.22498,26.810359],[112.221625,26.808023],[112.205429,26.811364],[112.205144,26.817164],[112.197521,26.817179],[112.186556,26.822497],[112.179896,26.828767],[112.178337,26.832399],[112.171868,26.829846],[112.161613,26.830698],[112.158669,26.84089],[112.15134,26.842862],[112.144444,26.840559],[112.135986,26.847809],[112.13382,26.853377],[112.116585,26.873189],[112.116359,26.87549],[112.154922,26.895866],[112.161575,26.901537],[112.160526,26.894501],[112.164346,26.887418],[112.166008,26.887183],[112.168962,26.891892],[112.174981,26.890023],[112.176653,26.89094],[112.177459,26.894735],[112.191333,26.896128],[112.203479,26.903633],[112.209101,26.903685],[112.212654,26.900035],[112.215045,26.899856],[112.233102,26.906834],[112.241817,26.897462],[112.245852,26.897799],[112.262592,26.890201],[112.267925,26.900755],[112.274239,26.899767],[112.284838,26.894912],[112.294511,26.901194],[112.297953,26.897676],[112.302466,26.896457],[112.305274,26.892445],[112.312265,26.888778],[112.317831,26.888736],[112.323232,26.885922],[112.331599,26.886606],[112.339045,26.891975],[112.347482,26.89297],[112.352596,26.889597],[112.356448,26.885514],[112.357718,26.881156],[112.359831,26.880235],[112.364822,26.881287],[112.371117,26.88672],[112.376306,26.886803],[112.378853,26.889836],[112.380157,26.888889],[112.381451,26.880275],[112.382745,26.878269],[112.386629,26.877611],[112.385335,26.873756],[112.389218,26.873037],[112.397757,26.877383],[112.39787,26.88075],[112.400128,26.883753],[112.410754,26.882962],[112.420463,26.886664],[112.418087,26.89149],[112.418096,26.897162],[112.424611,26.901551],[112.422781,26.905436],[112.428628,26.917312],[112.435894,26.921157],[112.436111,26.927327],[112.433554,26.927793],[112.437541,26.930551],[112.441225,26.930509],[112.449447,26.927606],[112.455294,26.923608],[112.458532,26.916679],[112.457172,26.913577],[112.457977,26.911386],[112.463467,26.906518],[112.471423,26.907631],[112.479439,26.901254],[112.486896,26.908638],[112.490499,26.902346],[112.493231,26.901767],[112.496963,26.904167],[112.498475,26.907879],[112.501537,26.90816],[112.505949,26.906272],[112.511988,26.897519],[112.510446,26.890861],[112.511978,26.881328],[112.508223,26.871648],[112.508811,26.87019],[112.514426,26.869118],[112.514798,26.866577],[112.510177,26.859715],[112.510375,26.851564],[112.505946,26.849009],[112.500209,26.849023],[112.498712,26.846175],[112.485811,26.84959],[112.485093,26.847917],[112.488381,26.845131],[112.487239,26.842465],[112.477944,26.841466],[112.477858,26.840034],[112.481648,26.838736],[112.482185,26.837109],[112.479788,26.833775],[112.489331,26.824739],[112.494878,26.824086],[112.500476,26.827473],[112.505944,26.82832],[112.510019,26.825469],[112.513263,26.820387],[112.508244,26.806252],[112.509983,26.80348],[112.513296,26.803392],[112.518601,26.808856],[112.527029,26.80733],[112.539346,26.811097],[112.550549,26.810949],[112.55229,26.808619],[112.546894,26.794979],[112.549682,26.786156],[112.555086,26.781899],[112.559746,26.782676],[112.561765,26.78558],[112.563966,26.785029],[112.569841,26.778459],[112.579863,26.776932]]]}},{"type":"Feature","properties":{"dt_adcode":"430423"},"geometry":{"type":"Polygon","coordinates":[[[112.521994,27.429191],[112.531029,27.430277],[112.531764,27.4243],[112.535243,27.421936],[112.537398,27.417008],[112.54074,27.417188],[112.548169,27.424845],[112.554543,27.424913],[112.552274,27.431477],[112.566898,27.441769],[112.571986,27.440521],[112.578063,27.4337],[112.585495,27.434761],[112.587265,27.437058],[112.58874,27.445504],[112.593764,27.449169],[112.593079,27.455591],[112.600786,27.454235],[112.608331,27.456],[112.617844,27.468164],[112.622066,27.466351],[112.630479,27.466254],[112.632496,27.463546],[112.636556,27.463814],[112.639581,27.459842],[112.646278,27.464713],[112.650131,27.463267],[112.651485,27.458358],[112.661099,27.451876],[112.664449,27.452293],[112.668782,27.456177],[112.672132,27.456878],[112.675386,27.453846],[112.687236,27.454686],[112.691795,27.452983],[112.686669,27.435925],[112.678481,27.428903],[112.677836,27.417707],[112.683805,27.412764],[112.685649,27.405689],[112.694924,27.407712],[112.706928,27.407252],[112.721694,27.400469],[112.727484,27.394893],[112.730943,27.396212],[112.735801,27.401514],[112.751065,27.399242],[112.760321,27.40401],[112.762682,27.398853],[112.769191,27.395447],[112.772549,27.391326],[112.774986,27.382961],[112.774144,27.376338],[112.781336,27.372245],[112.790441,27.362023],[112.796441,27.36434],[112.803835,27.362046],[112.806287,27.348727],[112.799829,27.344314],[112.806555,27.338229],[112.815699,27.343767],[112.821521,27.338285],[112.832309,27.338825],[112.830057,27.345332],[112.830681,27.348111],[112.833948,27.353536],[112.836877,27.354945],[112.852986,27.355072],[112.863889,27.35121],[112.869949,27.356122],[112.882653,27.356361],[112.899556,27.360638],[112.92019,27.35661],[112.917756,27.350271],[112.918842,27.34648],[112.920901,27.341456],[112.936121,27.324866],[112.941268,27.315069],[112.945843,27.305469],[112.946868,27.290216],[112.941396,27.281444],[112.916759,27.267051],[112.906996,27.25569],[112.892778,27.246814],[112.877734,27.230614],[112.861798,27.218615],[112.852775,27.209271],[112.84878,27.201133],[112.848198,27.192046],[112.849948,27.185615],[112.867567,27.161463],[112.869812,27.150029],[112.868702,27.143767],[112.863872,27.136922],[112.857649,27.132273],[112.851331,27.130639],[112.833177,27.130269],[112.822554,27.126839],[112.817302,27.120128],[112.814017,27.111466],[112.814346,27.105312],[112.817396,27.099629],[112.827239,27.089876],[112.827992,27.083781],[112.824803,27.080752],[112.818339,27.078541],[112.810764,27.078396],[112.777332,27.087578],[112.761477,27.089451],[112.755018,27.088377],[112.751249,27.085351],[112.746697,27.077848],[112.743667,27.067124],[112.743692,27.059501],[112.749172,27.043294],[112.756734,27.023472],[112.763548,27.011599],[112.775956,27.000419],[112.77698,26.996579],[112.777118,26.992954],[112.775079,26.989037],[112.764926,26.980409],[112.749601,26.974645],[112.735528,26.976301],[112.739395,26.991183],[112.742549,26.994799],[112.749837,26.994846],[112.751852,26.996587],[112.751653,26.999007],[112.747579,26.999056],[112.747093,27.002412],[112.745043,27.003763],[112.739839,27.003889],[112.739388,27.006634],[112.74351,27.012541],[112.740361,27.016156],[112.727343,27.014824],[112.720666,27.009869],[112.718449,27.010231],[112.720728,27.029846],[112.717694,27.034444],[112.727789,27.047289],[112.727963,27.060679],[112.726347,27.063119],[112.72879,27.067991],[112.724757,27.06989],[112.727085,27.075212],[112.724505,27.082213],[112.7224,27.084547],[112.716914,27.08494],[112.714053,27.092386],[112.711653,27.092276],[112.708565,27.089493],[112.705399,27.089648],[112.698537,27.100052],[112.693413,27.104621],[112.675185,27.095665],[112.665293,27.102947],[112.656714,27.104496],[112.650069,27.111288],[112.654533,27.128169],[112.658074,27.130793],[112.668836,27.130819],[112.673012,27.135605],[112.671934,27.140042],[112.663738,27.145894],[112.665976,27.163455],[112.665115,27.17185],[112.654685,27.182451],[112.650814,27.183149],[112.652267,27.187591],[112.648154,27.19758],[112.655478,27.199557],[112.663169,27.2048],[112.680457,27.206463],[112.68271,27.206072],[112.688157,27.198864],[112.702998,27.20183],[112.725121,27.197374],[112.730136,27.18943],[112.733221,27.18976],[112.739044,27.194646],[112.741694,27.193697],[112.742901,27.189971],[112.745846,27.189935],[112.751813,27.194754],[112.762267,27.190861],[112.768689,27.19215],[112.762476,27.199826],[112.76304,27.201588],[112.76922,27.204692],[112.769316,27.211087],[112.763527,27.217182],[112.761636,27.23075],[112.751972,27.232],[112.748317,27.240699],[112.750488,27.244436],[112.766914,27.245357],[112.768624,27.246838],[112.766308,27.260037],[112.766847,27.267556],[112.768626,27.273928],[112.775377,27.274968],[112.780565,27.283551],[112.781954,27.291433],[112.779109,27.297867],[112.772047,27.303604],[112.761989,27.306745],[112.750207,27.307271],[112.739314,27.311162],[112.73271,27.320645],[112.732016,27.330058],[112.721906,27.330549],[112.713819,27.326124],[112.706209,27.325075],[112.703713,27.327736],[112.703852,27.329907],[112.699537,27.330789],[112.693604,27.328969],[112.689323,27.325249],[112.687504,27.316616],[112.684085,27.31364],[112.679438,27.313688],[112.679126,27.320461],[112.675367,27.32351],[112.665588,27.32385],[112.656921,27.303754],[112.6459,27.300478],[112.644543,27.294097],[112.639864,27.291512],[112.619229,27.292858],[112.619133,27.286463],[112.630361,27.275806],[112.650995,27.273714],[112.660216,27.269858],[112.660989,27.265336],[112.659223,27.260086],[112.652873,27.258269],[112.646167,27.260969],[112.642792,27.261381],[112.640662,27.259898],[112.639974,27.241468],[112.63613,27.238122],[112.622214,27.237515],[112.606362,27.247849],[112.595034,27.250613],[112.588673,27.250649],[112.57732,27.247064],[112.574901,27.243701],[112.551914,27.245824],[112.548632,27.25039],[112.545004,27.249356],[112.538451,27.253573],[112.538831,27.249176],[112.531405,27.248575],[112.527753,27.257539],[112.531786,27.259655],[112.533665,27.268671],[112.526439,27.274966],[112.530862,27.285506],[112.526614,27.290786],[112.527783,27.300461],[112.518031,27.306363],[112.516647,27.310625],[112.517521,27.317419],[112.511431,27.321138],[112.510211,27.324219],[112.502364,27.328634],[112.502728,27.332592],[112.50002,27.33387],[112.498956,27.337906],[112.500098,27.343153],[112.503274,27.34363],[112.502607,27.346959],[112.494734,27.349609],[112.489336,27.349842],[112.486073,27.346324],[112.477047,27.349328],[112.474356,27.348683],[112.46963,27.356308],[112.466401,27.352938],[112.461345,27.356429],[112.465276,27.36136],[112.464956,27.364548],[112.467259,27.369013],[112.471129,27.372802],[112.473933,27.367568],[112.477542,27.367567],[112.481358,27.362061],[112.486662,27.35993],[112.489795,27.363632],[112.489597,27.371922],[112.500957,27.375441],[112.499392,27.385554],[112.496597,27.387463],[112.498994,27.390894],[112.497446,27.394124],[112.494219,27.395056],[112.493138,27.400268],[112.494721,27.401184],[112.499012,27.397707],[112.504896,27.40129],[112.504541,27.403974],[112.512804,27.403141],[112.513236,27.405636],[112.506463,27.415276],[112.512485,27.418674],[112.522409,27.420448],[112.52414,27.425795],[112.521994,27.429191]]]}},{"type":"Feature","properties":{"dt_adcode":"430424"},"geometry":{"type":"Polygon","coordinates":[[[112.995416,27.438303],[112.99924,27.435623],[112.999771,27.433311],[112.997574,27.415653],[112.994264,27.407078],[112.995981,27.399763],[113.001989,27.392753],[113.024144,27.385806],[113.024414,27.383055],[113.02133,27.376552],[113.025241,27.367265],[113.03247,27.362228],[113.036293,27.35638],[113.042057,27.351761],[113.040489,27.348395],[113.032338,27.344099],[113.033539,27.333793],[113.032519,27.329245],[113.042499,27.32714],[113.048593,27.3217],[113.048601,27.314352],[113.04383,27.309622],[113.046937,27.304437],[113.047738,27.294967],[113.050096,27.288862],[113.059896,27.282291],[113.068413,27.28094],[113.080507,27.267913],[113.085853,27.266435],[113.085583,27.262139],[113.082315,27.258292],[113.085235,27.25513],[113.082427,27.25389],[113.092593,27.238275],[113.087858,27.235474],[113.090951,27.23288],[113.097605,27.232329],[113.108597,27.224403],[113.110428,27.221724],[113.107633,27.220035],[113.113804,27.21281],[113.116129,27.204944],[113.122515,27.204721],[113.127503,27.207348],[113.133228,27.229637],[113.144136,27.249302],[113.148314,27.251685],[113.16431,27.236025],[113.170002,27.232899],[113.173711,27.233465],[113.182999,27.2409],[113.190597,27.239384],[113.207034,27.239532],[113.213194,27.237379],[113.226532,27.239937],[113.231857,27.237345],[113.247257,27.240316],[113.255589,27.229338],[113.255397,27.223631],[113.262091,27.218444],[113.271913,27.205689],[113.276378,27.195266],[113.281192,27.189145],[113.283946,27.178635],[113.280912,27.167175],[113.269521,27.168044],[113.260055,27.173182],[113.258162,27.172867],[113.256756,27.170866],[113.257814,27.16016],[113.251642,27.159544],[113.250296,27.154551],[113.245948,27.151596],[113.244819,27.140002],[113.241521,27.140455],[113.239092,27.144705],[113.236056,27.145217],[113.235518,27.140974],[113.228605,27.13956],[113.219457,27.131729],[113.215998,27.131332],[113.209445,27.133992],[113.203023,27.139253],[113.195025,27.141551],[113.192781,27.135246],[113.189237,27.135585],[113.184272,27.132399],[113.178858,27.132031],[113.167966,27.126152],[113.166822,27.123931],[113.16807,27.118702],[113.164196,27.103956],[113.165218,27.100529],[113.171508,27.098147],[113.17512,27.088832],[113.181843,27.086627],[113.19366,27.076652],[113.193636,27.069767],[113.199329,27.057549],[113.196373,27.054285],[113.199848,27.051405],[113.19801,27.040702],[113.200974,27.039112],[113.209033,27.038947],[113.215846,27.040787],[113.219339,27.030211],[113.216738,27.025858],[113.220015,27.024438],[113.226648,27.024741],[113.23108,27.021034],[113.234601,27.021376],[113.236527,27.019545],[113.236882,27.015485],[113.224913,27.012461],[113.222581,27.006946],[113.218748,27.00372],[113.225311,26.99999],[113.226828,26.994659],[113.22152,26.974525],[113.225838,26.967776],[113.225612,26.956272],[113.235351,26.951735],[113.245032,26.938309],[113.27563,26.940683],[113.282938,26.938375],[113.278323,26.928451],[113.267532,26.919141],[113.257079,26.917701],[113.25529,26.915743],[113.256383,26.906207],[113.254742,26.90027],[113.248258,26.896609],[113.239702,26.894447],[113.242886,26.889305],[113.239093,26.877725],[113.230428,26.87924],[113.227141,26.876406],[113.231728,26.868186],[113.232872,26.860986],[113.243508,26.850977],[113.252376,26.839202],[113.254581,26.830594],[113.259788,26.827796],[113.261289,26.824629],[113.25851,26.815483],[113.254328,26.812659],[113.242307,26.809311],[113.238064,26.805205],[113.235167,26.806192],[113.232001,26.811056],[113.224621,26.814421],[113.223694,26.820923],[113.217538,26.821445],[113.211783,26.824784],[113.206322,26.825504],[113.207103,26.829675],[113.205777,26.830235],[113.202004,26.828821],[113.191141,26.828747],[113.183863,26.825214],[113.174376,26.825351],[113.160504,26.827541],[113.156267,26.836564],[113.148129,26.83712],[113.144125,26.834467],[113.14291,26.812504],[113.145389,26.809134],[113.144634,26.802433],[113.151273,26.797383],[113.149054,26.792132],[113.139163,26.790449],[113.133661,26.787622],[113.126441,26.788154],[113.116065,26.784461],[113.108462,26.785095],[113.097252,26.781626],[113.092266,26.788769],[113.090868,26.796859],[113.083882,26.809399],[113.07811,26.809261],[113.072859,26.811091],[113.069015,26.817885],[113.07579,26.826974],[113.07099,26.833103],[113.073469,26.840623],[113.073939,26.848703],[113.071696,26.857351],[113.074688,26.861672],[113.082139,26.864318],[113.088779,26.870062],[113.088997,26.872984],[113.069994,26.880901],[113.070412,26.891503],[113.063671,26.897961],[113.063472,26.911603],[113.072197,26.920206],[113.076024,26.931763],[113.074042,26.94725],[113.066711,26.951537],[113.046147,26.954109],[113.040078,26.949381],[113.034042,26.949237],[113.029462,26.9539],[113.015532,26.954244],[113.011969,26.959126],[113.010654,26.964371],[113.006106,26.965362],[112.980815,26.95593],[112.965984,26.947851],[112.941425,26.939081],[112.923496,26.923701],[112.911968,26.922792],[112.900349,26.917021],[112.897763,26.912911],[112.89718,26.903514],[112.898646,26.894734],[112.897579,26.888609],[112.892327,26.878611],[112.874657,26.863434],[112.872047,26.863518],[112.870929,26.865952],[112.86532,26.861789],[112.861817,26.8564],[112.852994,26.856376],[112.849788,26.853998],[112.840698,26.861382],[112.838219,26.856503],[112.827753,26.858841],[112.821678,26.857465],[112.821844,26.883915],[112.815216,26.886065],[112.811091,26.88989],[112.810233,26.894346],[112.811525,26.900035],[112.796226,26.904717],[112.791683,26.914436],[112.785969,26.918945],[112.785596,26.921068],[112.787331,26.923063],[112.792595,26.925953],[112.792031,26.928135],[112.785684,26.933851],[112.786378,26.943479],[112.782407,26.951584],[112.778539,26.956574],[112.774748,26.9586],[112.767017,26.971122],[112.762989,26.970974],[112.754516,26.96547],[112.74848,26.965545],[112.74617,26.967978],[112.748542,26.974604],[112.767564,26.981945],[112.773057,26.986503],[112.777118,26.992954],[112.775956,27.000419],[112.763548,27.011599],[112.756734,27.023472],[112.743692,27.059501],[112.743667,27.067124],[112.746697,27.077848],[112.751249,27.085351],[112.755018,27.088377],[112.767779,27.089497],[112.810764,27.078396],[112.818339,27.078541],[112.824803,27.080752],[112.827992,27.083781],[112.827239,27.089876],[112.817396,27.099629],[112.814346,27.105312],[112.814017,27.111466],[112.817302,27.120128],[112.822554,27.126839],[112.833177,27.130269],[112.851331,27.130639],[112.857649,27.132273],[112.863872,27.136922],[112.868702,27.143767],[112.869812,27.150029],[112.867567,27.161463],[112.849948,27.185615],[112.848198,27.192046],[112.84878,27.201133],[112.852775,27.209271],[112.861798,27.218615],[112.877734,27.230614],[112.892778,27.246814],[112.906996,27.25569],[112.916759,27.267051],[112.935726,27.277414],[112.945955,27.287152],[112.947086,27.294438],[112.945843,27.305469],[112.936121,27.324866],[112.920901,27.341456],[112.917756,27.350271],[112.924935,27.367084],[112.921801,27.409839],[112.92261,27.415079],[112.925122,27.41889],[112.931372,27.423037],[112.955947,27.430291],[112.978133,27.439191],[112.987941,27.440232],[112.995416,27.438303]]]}},{"type":"Feature","properties":{"dt_adcode":"430426"},"geometry":{"type":"Polygon","coordinates":[[[112.194565,26.479611],[112.197036,26.48936],[112.20176,26.495266],[112.211273,26.502743],[112.217997,26.504336],[112.231936,26.503204],[112.240175,26.508781],[112.243211,26.514051],[112.244366,26.531267],[112.242693,26.535046],[112.227821,26.546458],[112.222186,26.548497],[112.21313,26.548544],[112.190449,26.536902],[112.1742,26.524122],[112.152449,26.502699],[112.144739,26.504456],[112.147624,26.511246],[112.148769,26.520023],[112.146724,26.525216],[112.14734,26.527463],[112.153413,26.532639],[112.15434,26.53581],[112.160906,26.534995],[112.162743,26.53934],[112.151248,26.544752],[112.149134,26.547856],[112.154133,26.549989],[112.157382,26.556189],[112.160258,26.552984],[112.162631,26.555078],[112.166001,26.553798],[112.169491,26.557066],[112.168348,26.560131],[112.174471,26.563841],[112.172488,26.56598],[112.174689,26.571192],[112.168183,26.574648],[112.172143,26.579165],[112.170541,26.585352],[112.158572,26.591829],[112.146677,26.592411],[112.141592,26.596074],[112.140959,26.6025],[112.145344,26.60489],[112.14453,26.61328],[112.150309,26.617027],[112.15109,26.625715],[112.146879,26.626439],[112.142348,26.630598],[112.137564,26.630517],[112.133171,26.633986],[112.133535,26.636101],[112.126331,26.635729],[112.120686,26.639208],[112.115734,26.643394],[112.118979,26.649349],[112.114286,26.651383],[112.111502,26.650473],[112.109801,26.654039],[112.10509,26.654076],[112.102086,26.652167],[112.101245,26.646319],[112.099547,26.645333],[112.094186,26.645118],[112.093951,26.635336],[112.092266,26.633041],[112.076882,26.643958],[112.070859,26.64543],[112.056146,26.647944],[112.045818,26.643229],[112.028506,26.651816],[112.018876,26.648553],[112.006485,26.648479],[111.996148,26.644064],[111.995686,26.639393],[112.004794,26.630022],[112.005508,26.624816],[112.008105,26.624432],[112.013981,26.627582],[112.012561,26.624466],[112.01809,26.622432],[112.019745,26.619189],[112.012106,26.599931],[112.010138,26.597697],[112.006028,26.596901],[111.997521,26.605117],[111.995658,26.612459],[111.991792,26.615735],[111.989651,26.625001],[111.980692,26.627078],[111.973562,26.630908],[111.969602,26.637449],[111.960971,26.645284],[111.960971,26.653194],[111.951916,26.664238],[111.951438,26.673341],[111.949012,26.681503],[111.943378,26.689902],[111.940344,26.699432],[111.927049,26.71105],[111.91694,26.731605],[111.917992,26.748926],[111.906211,26.750892],[111.898948,26.754182],[111.896736,26.760288],[111.887795,26.768773],[111.885913,26.77448],[111.875407,26.784271],[111.873752,26.791989],[111.867937,26.800001],[111.859174,26.79957],[111.848235,26.788652],[111.831829,26.786167],[111.826068,26.780311],[111.817077,26.783987],[111.818429,26.790882],[111.822431,26.791789],[111.824034,26.798458],[111.823264,26.802746],[111.820553,26.804491],[111.802497,26.801525],[111.797297,26.792575],[111.792486,26.790281],[111.781276,26.789162],[111.779716,26.793138],[111.771719,26.799883],[111.772119,26.808762],[111.763209,26.810591],[111.75847,26.807601],[111.753687,26.80702],[111.743858,26.813355],[111.743998,26.823658],[111.752299,26.830311],[111.747811,26.833939],[111.75098,26.838648],[111.749722,26.841059],[111.746734,26.841512],[111.739024,26.832877],[111.731262,26.83262],[111.726222,26.835975],[111.722433,26.84502],[111.712688,26.849166],[111.709609,26.846081],[111.700573,26.843184],[111.701469,26.836205],[111.693701,26.837112],[111.687176,26.832878],[111.665975,26.843304],[111.661147,26.841106],[111.650847,26.840421],[111.648769,26.838265],[111.647638,26.830564],[111.644158,26.825293],[111.642454,26.817241],[111.643044,26.805899],[111.644505,26.803229],[111.637992,26.802321],[111.637061,26.800872],[111.640504,26.797947],[111.632861,26.796333],[111.629662,26.789291],[111.615619,26.791361],[111.607775,26.786572],[111.602383,26.785504],[111.590475,26.792874],[111.588002,26.79759],[111.5784,26.798397],[111.575366,26.809346],[111.570259,26.810327],[111.558082,26.808659],[111.551343,26.810436],[111.55,26.812353],[111.550001,26.818587],[111.5458,26.82305],[111.549118,26.832482],[111.543611,26.840934],[111.550748,26.846949],[111.552056,26.851782],[111.549969,26.854391],[111.551,26.860022],[111.554431,26.864484],[111.560712,26.866116],[111.564473,26.869606],[111.567837,26.883469],[111.570949,26.884714],[111.578571,26.883114],[111.580297,26.888094],[111.583359,26.889139],[111.589311,26.897637],[111.581956,26.912761],[111.583127,26.925037],[111.574594,26.927794],[111.56713,26.934818],[111.576485,26.945025],[111.581456,26.962142],[111.587572,26.96693],[111.589776,26.96664],[111.595156,26.96154],[111.604488,26.958411],[111.612009,26.96036],[111.622052,26.95421],[111.6307,26.957672],[111.635284,26.963738],[111.641516,26.962858],[111.644525,26.964627],[111.650265,26.963175],[111.649213,26.967417],[111.657826,26.986988],[111.652164,26.993273],[111.653964,26.996441],[111.64979,27.00114],[111.649294,27.004454],[111.651521,27.008706],[111.656705,27.009776],[111.659594,27.012166],[111.662482,27.019615],[111.660656,27.023448],[111.665528,27.026863],[111.664371,27.030351],[111.665815,27.031745],[111.677003,27.033049],[111.685547,27.032151],[111.687669,27.030616],[111.690332,27.036721],[111.697309,27.039644],[111.699275,27.046594],[111.712859,27.052331],[111.713808,27.055064],[111.720763,27.06155],[111.721337,27.064985],[111.72471,27.068573],[111.724554,27.071903],[111.737874,27.06156],[111.743972,27.06246],[111.746212,27.060321],[111.757231,27.063292],[111.757951,27.061924],[111.753671,27.059002],[111.753541,27.057311],[111.771209,27.058686],[111.774349,27.055556],[111.777627,27.045238],[111.783558,27.043461],[111.786931,27.039689],[111.793415,27.038909],[111.796769,27.036084],[111.803173,27.03545],[111.806362,27.032992],[111.80916,27.034224],[111.810417,27.037606],[111.807836,27.043671],[111.808503,27.045657],[111.816057,27.045452],[111.823463,27.03574],[111.820383,27.0314],[111.817762,27.019932],[111.822613,27.020264],[111.827134,27.015695],[111.831162,27.016402],[111.841945,27.008723],[111.854896,27.011018],[111.861783,27.009271],[111.869617,27.013414],[111.87135,27.009013],[111.877321,27.005652],[111.877294,26.997062],[111.882002,26.999315],[111.882314,26.997101],[111.890127,26.994689],[111.898375,26.986661],[111.894341,26.97825],[111.898244,26.968846],[111.899007,26.960456],[111.898043,26.953354],[111.89911,26.947176],[111.897626,26.943693],[111.899039,26.933709],[111.897443,26.929562],[111.898518,26.926651],[111.901746,26.924516],[111.905417,26.923415],[111.917823,26.935156],[111.922791,26.936486],[111.925214,26.934922],[111.927048,26.935671],[111.929828,26.938556],[111.935617,26.95224],[111.944623,26.954688],[111.948414,26.953277],[111.953581,26.955191],[111.961802,26.951147],[111.965814,26.951285],[111.968929,26.952426],[111.973726,26.958889],[111.983781,26.958231],[111.985809,26.955799],[111.986357,26.950018],[111.980341,26.944882],[111.979479,26.94229],[111.98883,26.942445],[111.993871,26.945106],[111.998452,26.943552],[112.001621,26.944315],[112.00432,26.925356],[112.010719,26.917574],[112.015691,26.908246],[112.016048,26.904629],[112.020846,26.902449],[112.027941,26.893685],[112.035854,26.890407],[112.039022,26.886153],[112.039683,26.882221],[112.050117,26.879893],[112.055929,26.881119],[112.059468,26.87922],[112.080923,26.875265],[112.101157,26.87746],[112.1142,26.876863],[112.122179,26.87965],[112.116359,26.87549],[112.116585,26.873189],[112.121207,26.869355],[112.127701,26.859261],[112.13382,26.853377],[112.135986,26.847809],[112.142035,26.841891],[112.145345,26.840427],[112.153419,26.842841],[112.158669,26.84089],[112.161613,26.830698],[112.171868,26.829846],[112.179307,26.832015],[112.179896,26.828767],[112.186556,26.822497],[112.197521,26.817179],[112.205144,26.817164],[112.205429,26.811364],[112.221625,26.808023],[112.22498,26.810359],[112.228326,26.805402],[112.230259,26.80476],[112.23397,26.807312],[112.240527,26.804134],[112.241394,26.801321],[112.248456,26.799011],[112.253523,26.799464],[112.260544,26.787123],[112.256734,26.787748],[112.253835,26.783596],[112.248064,26.782277],[112.24573,26.785353],[112.244133,26.778821],[112.247152,26.77521],[112.243526,26.77412],[112.238417,26.775976],[112.236873,26.774682],[112.235121,26.766281],[112.238572,26.765003],[112.240879,26.766914],[112.242241,26.764282],[112.251186,26.763266],[112.254362,26.755539],[112.253711,26.753365],[112.257382,26.752709],[112.26088,26.748252],[112.257477,26.742359],[112.259751,26.740812],[112.255662,26.735051],[112.249692,26.734605],[112.249804,26.732547],[112.248346,26.732062],[112.235361,26.730842],[112.229776,26.727652],[112.210743,26.730271],[112.205709,26.732627],[112.20279,26.731971],[112.198302,26.726872],[112.204391,26.719518],[112.20317,26.715043],[112.20472,26.711225],[112.201757,26.705924],[112.207406,26.709671],[112.207943,26.707609],[112.210776,26.707392],[112.209363,26.704944],[112.211599,26.699374],[112.215039,26.697843],[112.222189,26.698522],[112.219692,26.685487],[112.22621,26.686297],[112.227059,26.680927],[112.23162,26.679699],[112.234897,26.674994],[112.243536,26.673044],[112.243648,26.66416],[112.24494,26.661967],[112.254911,26.66649],[112.259346,26.666015],[112.261256,26.662945],[112.261307,26.648889],[112.253173,26.634779],[112.253485,26.630975],[112.262113,26.627847],[112.270856,26.621447],[112.279465,26.622],[112.283514,26.629694],[112.289197,26.623106],[112.294569,26.62537],[112.300332,26.625202],[112.302115,26.623069],[112.299671,26.615328],[112.304052,26.610122],[112.316853,26.611648],[112.318444,26.604718],[112.319827,26.604334],[112.325933,26.609835],[112.32702,26.607708],[112.325037,26.604606],[112.332195,26.604648],[112.339441,26.599918],[112.340475,26.59368],[112.336456,26.582647],[112.333568,26.578896],[112.322251,26.573745],[112.321938,26.569253],[112.326956,26.564231],[112.314201,26.559845],[112.309143,26.553369],[112.309195,26.545325],[112.318149,26.524152],[112.322212,26.509874],[112.322272,26.504511],[112.315522,26.492791],[112.312374,26.490128],[112.277699,26.470536],[112.264905,26.465267],[112.256189,26.46359],[112.233641,26.466725],[112.221643,26.471853],[112.215559,26.472512],[112.203394,26.470625],[112.197923,26.473843],[112.194565,26.479611]]]}},{"type":"Feature","properties":{"dt_adcode":"430481"},"geometry":{"type":"Polygon","coordinates":[[[113.227928,26.486463],[113.23007,26.482087],[113.226851,26.467051],[113.217392,26.462731],[113.21011,26.465169],[113.207684,26.464408],[113.194926,26.451685],[113.191997,26.446922],[113.194891,26.443645],[113.211677,26.433107],[113.212994,26.429779],[113.212214,26.425246],[113.191232,26.406186],[113.185461,26.403804],[113.179068,26.404946],[113.171868,26.412095],[113.166843,26.412592],[113.163576,26.40955],[113.159875,26.390144],[113.16788,26.376489],[113.167091,26.374263],[113.157326,26.368343],[113.156571,26.36245],[113.162463,26.353974],[113.168892,26.349098],[113.164784,26.344499],[113.167695,26.335992],[113.173794,26.329691],[113.172815,26.327293],[113.165832,26.326788],[113.162695,26.324299],[113.158336,26.326632],[113.153695,26.323179],[113.149479,26.322933],[113.14206,26.325868],[113.138557,26.324468],[113.127335,26.313568],[113.130665,26.309356],[113.130648,26.306551],[113.126588,26.3004],[113.128808,26.293049],[113.127013,26.291404],[113.119205,26.293016],[113.117061,26.287303],[113.103547,26.290559],[113.09831,26.28825],[113.086259,26.271206],[113.09168,26.250091],[113.090203,26.248439],[113.073522,26.248544],[113.068148,26.252928],[113.062406,26.252387],[113.05205,26.248484],[113.045278,26.254533],[113.039993,26.255014],[113.032111,26.252011],[113.029611,26.249499],[113.025874,26.245276],[113.025758,26.238804],[113.031262,26.232824],[113.03505,26.221009],[113.0399,26.2136],[113.035476,26.21024],[113.034936,26.206632],[113.037983,26.196251],[113.035831,26.191222],[113.037276,26.179198],[113.034915,26.171993],[113.029777,26.173471],[113.025953,26.165803],[113.016265,26.160845],[113.012492,26.155606],[113.008659,26.155649],[113.000975,26.161969],[112.994903,26.162765],[112.984571,26.156592],[112.975095,26.153691],[112.968625,26.154218],[112.958892,26.159427],[112.948728,26.16081],[112.946457,26.166499],[112.942604,26.170789],[112.930126,26.176776],[112.922669,26.176867],[112.921061,26.174413],[112.921019,26.157949],[112.906701,26.148424],[112.903627,26.148466],[112.89108,26.156546],[112.875845,26.149821],[112.874155,26.153899],[112.870045,26.155817],[112.857917,26.154187],[112.846461,26.158282],[112.838584,26.155764],[112.828524,26.160248],[112.823187,26.15851],[112.818768,26.161806],[112.820562,26.172033],[112.818537,26.186659],[112.809731,26.192151],[112.806203,26.1922],[112.802641,26.190236],[112.795609,26.180103],[112.789843,26.179846],[112.791726,26.19324],[112.790469,26.196445],[112.78602,26.197008],[112.775966,26.183889],[112.77535,26.18004],[112.777171,26.177332],[112.788109,26.175341],[112.793051,26.170911],[112.790658,26.169465],[112.791394,26.166291],[112.783633,26.16422],[112.782419,26.162625],[112.78214,26.146038],[112.780118,26.144561],[112.773013,26.144655],[112.768354,26.145517],[112.765108,26.151372],[112.758754,26.149846],[112.758445,26.142649],[112.760758,26.135285],[112.758579,26.131099],[112.755557,26.129833],[112.752512,26.12987],[112.747395,26.133954],[112.746205,26.143781],[112.741897,26.145536],[112.739985,26.144455],[112.735049,26.134562],[112.729182,26.132297],[112.724444,26.126816],[112.720376,26.125484],[112.718203,26.131859],[112.713342,26.134416],[112.710298,26.131742],[112.709645,26.125131],[112.707714,26.122443],[112.699128,26.117291],[112.686705,26.114759],[112.685618,26.121895],[112.689377,26.128957],[112.689221,26.137523],[112.692893,26.143049],[112.692675,26.145844],[112.6885,26.155104],[112.682732,26.162998],[112.671214,26.191613],[112.659083,26.199405],[112.654874,26.204047],[112.654162,26.210332],[112.657173,26.224289],[112.652043,26.233126],[112.657626,26.241881],[112.658141,26.247454],[112.651687,26.268057],[112.646292,26.275449],[112.644998,26.280317],[112.65668,26.292177],[112.653038,26.295669],[112.639658,26.297586],[112.635017,26.3053],[112.629119,26.309421],[112.627637,26.314475],[112.634581,26.334397],[112.640506,26.339073],[112.642664,26.343583],[112.640574,26.351284],[112.636293,26.356156],[112.634474,26.363824],[112.631238,26.369539],[112.631845,26.37433],[112.641621,26.382168],[112.641892,26.392463],[112.63778,26.403828],[112.654843,26.424309],[112.665906,26.430351],[112.666649,26.447006],[112.669045,26.456331],[112.673431,26.461856],[112.669381,26.469109],[112.659316,26.474179],[112.657556,26.478143],[112.665314,26.486939],[112.675807,26.510007],[112.673016,26.527515],[112.677737,26.546001],[112.678089,26.556015],[112.675876,26.559618],[112.660062,26.562442],[112.64954,26.560405],[112.642391,26.556437],[112.640332,26.557584],[112.640234,26.560337],[112.645022,26.566024],[112.657414,26.569311],[112.660197,26.571167],[112.662179,26.575544],[112.675488,26.576024],[112.677716,26.585591],[112.684059,26.588723],[112.698267,26.591607],[112.706243,26.589921],[112.707766,26.587739],[112.706826,26.581256],[112.708861,26.579501],[112.716131,26.579547],[112.718392,26.577952],[112.720069,26.568698],[112.723295,26.568724],[112.736498,26.574794],[112.740582,26.57558],[112.744031,26.574189],[112.745247,26.576535],[112.744917,26.584273],[112.747028,26.586209],[112.756816,26.590459],[112.769394,26.592741],[112.772544,26.596792],[112.773533,26.601886],[112.772441,26.611292],[112.786329,26.620891],[112.795331,26.633728],[112.795929,26.636817],[112.793979,26.641759],[112.798869,26.648833],[112.797318,26.654803],[112.798159,26.657892],[112.809306,26.657872],[112.813042,26.663346],[112.814316,26.672851],[112.833502,26.683998],[112.836162,26.682374],[112.836396,26.680195],[112.832054,26.668879],[112.833813,26.664909],[112.840753,26.664458],[112.848431,26.668812],[112.857089,26.668517],[112.872285,26.662902],[112.881485,26.65642],[112.882741,26.651053],[112.882614,26.619733],[112.881169,26.614411],[112.876834,26.609091],[112.876417,26.606654],[112.877884,26.605212],[112.89748,26.601238],[112.903739,26.603545],[112.913197,26.613174],[112.916531,26.61453],[112.924426,26.613878],[112.928412,26.619717],[112.930733,26.619594],[112.935506,26.611811],[112.946151,26.604572],[112.955914,26.601723],[112.966586,26.601619],[112.967832,26.605569],[112.975931,26.609891],[112.981427,26.616975],[112.983762,26.629457],[112.982875,26.646539],[112.984121,26.649398],[112.977449,26.656589],[112.96767,26.658005],[112.965703,26.660018],[112.963396,26.668508],[112.958739,26.670191],[112.954379,26.676913],[112.948584,26.679749],[112.947192,26.682679],[112.949776,26.681908],[112.950698,26.687325],[112.955232,26.688716],[112.956016,26.690604],[112.955076,26.6929],[112.944523,26.70103],[112.945175,26.702919],[112.956879,26.702579],[112.972654,26.697813],[112.976686,26.697969],[112.980893,26.702938],[112.984369,26.704356],[112.997802,26.702759],[112.997959,26.69823],[113.000171,26.694267],[113.007097,26.687878],[113.015914,26.684521],[113.01756,26.682338],[113.02128,26.683239],[113.036602,26.692972],[113.038562,26.697148],[113.041644,26.698796],[113.058949,26.69941],[113.075555,26.705885],[113.082206,26.703982],[113.083544,26.699194],[113.090661,26.694735],[113.099434,26.690605],[113.105191,26.691304],[113.108907,26.692766],[113.110635,26.699745],[113.119261,26.705533],[113.120502,26.704649],[113.119651,26.70248],[113.125073,26.695325],[113.134968,26.690141],[113.1485,26.692305],[113.151447,26.694226],[113.152947,26.697995],[113.163042,26.686779],[113.174149,26.689936],[113.182986,26.687786],[113.181834,26.680976],[113.184658,26.676821],[113.188157,26.662462],[113.186337,26.651994],[113.179578,26.638366],[113.179335,26.632812],[113.183857,26.620102],[113.181838,26.615137],[113.182695,26.611976],[113.186672,26.608099],[113.186567,26.604148],[113.184081,26.602681],[113.183577,26.590081],[113.179236,26.578489],[113.179139,26.564444],[113.174469,26.556653],[113.160553,26.544185],[113.159209,26.536979],[113.161774,26.532486],[113.168731,26.528006],[113.171651,26.521215],[113.179396,26.519363],[113.18397,26.512787],[113.189047,26.511016],[113.189636,26.506142],[113.191213,26.504865],[113.197296,26.502971],[113.209602,26.505084],[113.212826,26.503795],[113.227928,26.486463]]]}},{"type":"Feature","properties":{"dt_adcode":"430482"},"geometry":{"type":"Polygon","coordinates":[[[112.686418,26.123831],[112.681877,26.127192],[112.67705,26.127264],[112.676441,26.117728],[112.673806,26.111025],[112.665327,26.109837],[112.662142,26.104028],[112.654909,26.101051],[112.642291,26.105999],[112.642626,26.109804],[112.646187,26.112435],[112.658208,26.114984],[112.670659,26.127686],[112.67035,26.12955],[112.667129,26.128529],[112.664798,26.131218],[112.663124,26.128713],[112.654235,26.129262],[112.647653,26.132991],[112.641069,26.133265],[112.639652,26.137874],[112.637305,26.138912],[112.63428,26.146138],[112.630673,26.150042],[112.630125,26.154401],[112.633664,26.163266],[112.631604,26.173013],[112.62818,26.176859],[112.625321,26.189643],[112.623418,26.192114],[112.613731,26.194489],[112.608963,26.198452],[112.604943,26.213161],[112.599614,26.219848],[112.588064,26.221065],[112.581055,26.219084],[112.58056,26.208988],[112.572331,26.19341],[112.574081,26.186643],[112.577428,26.181985],[112.57623,26.168347],[112.582031,26.159247],[112.58053,26.154586],[112.57616,26.154131],[112.57349,26.155741],[112.572441,26.160028],[112.569269,26.1598],[112.554824,26.147273],[112.548563,26.149141],[112.538286,26.146739],[112.529102,26.147597],[112.527683,26.141476],[112.524446,26.137486],[112.512903,26.135556],[112.508249,26.143869],[112.509884,26.150143],[112.507791,26.159601],[112.498403,26.157514],[112.490625,26.151398],[112.485424,26.152109],[112.481989,26.159072],[112.485053,26.167968],[112.481185,26.174071],[112.47601,26.177759],[112.464549,26.177053],[112.452529,26.180917],[112.444593,26.175933],[112.438683,26.182242],[112.430604,26.184065],[112.42926,26.189722],[112.427361,26.190049],[112.418897,26.186482],[112.410749,26.187667],[112.405766,26.184811],[112.395069,26.186195],[112.391855,26.189024],[112.387799,26.203354],[112.383116,26.206913],[112.37957,26.205043],[112.377267,26.201524],[112.37505,26.19056],[112.362713,26.179195],[112.360277,26.166051],[112.357025,26.161319],[112.35085,26.161703],[112.337786,26.167559],[112.329097,26.164879],[112.327044,26.161112],[112.32326,26.160339],[112.315624,26.161885],[112.310415,26.158571],[112.309545,26.155409],[112.311858,26.148972],[112.304248,26.132897],[112.297988,26.133179],[112.295763,26.138009],[112.292399,26.134396],[112.291165,26.134757],[112.291583,26.142912],[112.286516,26.144301],[112.266952,26.131158],[112.257523,26.13004],[112.257714,26.123289],[112.249833,26.12283],[112.249678,26.126647],[112.247743,26.127543],[112.243005,26.122136],[112.232433,26.117855],[112.231749,26.134086],[112.228445,26.134705],[112.224328,26.13891],[112.222629,26.150782],[112.220757,26.151387],[112.21788,26.149597],[112.212568,26.151181],[112.211944,26.152752],[112.217222,26.165462],[112.215732,26.167911],[112.206131,26.165526],[112.200119,26.168791],[112.194029,26.173486],[112.185932,26.185668],[112.186512,26.18928],[112.192861,26.193923],[112.195062,26.199786],[112.194889,26.206886],[112.191434,26.213441],[112.190282,26.223682],[112.196025,26.229807],[112.198174,26.239334],[112.198388,26.255543],[112.200832,26.262382],[112.197324,26.2773],[112.205017,26.285275],[112.208856,26.291898],[112.212479,26.305623],[112.211786,26.310086],[112.208944,26.313554],[112.204924,26.314716],[112.201901,26.313083],[112.200125,26.308427],[112.197093,26.307027],[112.193992,26.311065],[112.190415,26.312232],[112.184993,26.310348],[112.181207,26.304355],[112.17828,26.30427],[112.177424,26.324427],[112.181695,26.336555],[112.181479,26.343367],[112.177305,26.348164],[112.171892,26.348678],[112.168046,26.346674],[112.167631,26.351182],[112.162114,26.353349],[112.158753,26.353031],[112.155608,26.349894],[112.1525,26.350172],[112.148124,26.358904],[112.14984,26.362302],[112.148706,26.373925],[112.151981,26.382059],[112.150136,26.384611],[112.141732,26.387083],[112.140588,26.389627],[112.140607,26.407947],[112.143588,26.407656],[112.149618,26.401738],[112.153265,26.403129],[112.150623,26.408064],[112.15252,26.411213],[112.150121,26.417096],[112.154418,26.418843],[112.154652,26.420679],[112.152513,26.423178],[112.152738,26.430054],[112.145591,26.431703],[112.146492,26.435551],[112.142957,26.438035],[112.143226,26.441476],[112.148399,26.444336],[112.155269,26.444516],[112.161913,26.450711],[112.163126,26.454904],[112.162589,26.456502],[112.157409,26.458575],[112.157038,26.466533],[112.151745,26.467915],[112.152169,26.469696],[112.159083,26.474802],[112.166488,26.477051],[112.166177,26.481059],[112.159551,26.486324],[112.159084,26.492621],[112.163553,26.495756],[112.170041,26.495877],[112.175696,26.500168],[112.187267,26.490706],[112.191874,26.488861],[112.192602,26.482337],[112.200484,26.471652],[112.206071,26.470254],[112.212997,26.472263],[112.221643,26.471853],[112.233641,26.466725],[112.247363,26.463902],[112.264905,26.465267],[112.277699,26.470536],[112.306059,26.485826],[112.315522,26.492791],[112.319497,26.499322],[112.322272,26.504511],[112.322212,26.509874],[112.308511,26.550424],[112.311145,26.557316],[112.319575,26.562431],[112.339795,26.567618],[112.35525,26.56639],[112.373084,26.557355],[112.381008,26.546986],[112.387898,26.543748],[112.391391,26.546906],[112.392703,26.554095],[112.396115,26.560776],[112.418107,26.587693],[112.425204,26.590266],[112.431031,26.586815],[112.435192,26.580387],[112.438116,26.571523],[112.44599,26.557263],[112.464298,26.549578],[112.481688,26.55085],[112.485357,26.552356],[112.493154,26.56001],[112.492904,26.57354],[112.497906,26.582458],[112.502266,26.581608],[112.511151,26.574238],[112.522261,26.568318],[112.534507,26.565659],[112.537631,26.566844],[112.550481,26.583097],[112.578411,26.594006],[112.620154,26.599793],[112.622387,26.598753],[112.627627,26.587144],[112.633019,26.584701],[112.651907,26.5996],[112.657663,26.601515],[112.664684,26.599493],[112.667186,26.597743],[112.6684,26.593404],[112.661547,26.57302],[112.657414,26.569311],[112.645022,26.566024],[112.640881,26.562276],[112.640072,26.559018],[112.642391,26.556437],[112.64954,26.560405],[112.660062,26.562442],[112.675876,26.559618],[112.678089,26.556015],[112.677737,26.546001],[112.673016,26.527515],[112.675807,26.510007],[112.665314,26.486939],[112.657556,26.478143],[112.659316,26.474179],[112.669381,26.469109],[112.673431,26.461856],[112.669045,26.456331],[112.666649,26.447006],[112.665906,26.430351],[112.654843,26.424309],[112.63778,26.403828],[112.641892,26.392463],[112.641621,26.382168],[112.631845,26.37433],[112.631238,26.369539],[112.634474,26.363824],[112.636293,26.356156],[112.640574,26.351284],[112.642664,26.343583],[112.640506,26.339073],[112.634581,26.334397],[112.627637,26.314475],[112.629119,26.309421],[112.635017,26.3053],[112.639658,26.297586],[112.653038,26.295669],[112.65668,26.292177],[112.644998,26.280317],[112.646292,26.275449],[112.651687,26.268057],[112.658141,26.247454],[112.657626,26.241881],[112.652043,26.233126],[112.657173,26.224289],[112.654162,26.210332],[112.654874,26.204047],[112.659083,26.199405],[112.671214,26.191613],[112.682732,26.162998],[112.6885,26.155104],[112.692675,26.145844],[112.692893,26.143049],[112.689221,26.137523],[112.689377,26.128957],[112.686418,26.123831]]]}},{"type":"Feature","properties":{"dt_adcode":"430502"},"geometry":{"type":"Polygon","coordinates":[[[111.600596,27.286759],[111.604981,27.283238],[111.606565,27.274185],[111.603618,27.267971],[111.608839,27.264739],[111.609515,27.260909],[111.614039,27.259445],[111.611833,27.249276],[111.614786,27.248722],[111.624978,27.254487],[111.629643,27.250643],[111.627333,27.247713],[111.625852,27.241532],[111.622439,27.238988],[111.623592,27.229874],[111.62057,27.223054],[111.618302,27.200916],[111.610742,27.196604],[111.6089,27.192811],[111.605174,27.191586],[111.60255,27.192535],[111.60081,27.197579],[111.59823,27.199751],[111.588477,27.200231],[111.579127,27.197188],[111.565334,27.197139],[111.552419,27.18989],[111.550338,27.19059],[111.546749,27.201155],[111.544311,27.201674],[111.539351,27.199119],[111.533539,27.202878],[111.526607,27.195357],[111.520369,27.191257],[111.521462,27.197741],[111.508377,27.203111],[111.504531,27.207045],[111.496116,27.198229],[111.492757,27.195885],[111.489025,27.195789],[111.485027,27.204304],[111.474631,27.21385],[111.477116,27.217288],[111.473389,27.218715],[111.473705,27.220742],[111.481526,27.228246],[111.475076,27.229678],[111.473565,27.234817],[111.468547,27.242135],[111.474945,27.246079],[111.474953,27.24781],[111.468331,27.250674],[111.464774,27.256953],[111.464715,27.262984],[111.467771,27.266833],[111.472032,27.266682],[111.479414,27.254814],[111.483865,27.25293],[111.488326,27.253664],[111.494407,27.260809],[111.495551,27.267272],[111.491153,27.27315],[111.493123,27.281964],[111.489543,27.28764],[111.485467,27.289803],[111.492169,27.2976],[111.489873,27.300217],[111.491935,27.302703],[111.499099,27.305917],[111.500094,27.301362],[111.5058,27.299122],[111.51069,27.299917],[111.516652,27.298021],[111.532856,27.300689],[111.536777,27.298679],[111.537349,27.29624],[111.534145,27.291794],[111.524345,27.28305],[111.523644,27.277871],[111.526387,27.27696],[111.535668,27.277252],[111.542751,27.280585],[111.54509,27.294551],[111.547107,27.295272],[111.549437,27.294222],[111.551099,27.284063],[111.562258,27.276246],[111.580229,27.275788],[111.584826,27.277777],[111.591387,27.286781],[111.600596,27.286759]]]}},{"type":"Feature","properties":{"dt_adcode":"430503"},"geometry":{"type":"Polygon","coordinates":[[[111.468547,27.242135],[111.473565,27.234817],[111.475076,27.229678],[111.481526,27.228246],[111.473705,27.220742],[111.473389,27.218715],[111.47687,27.217696],[111.474631,27.21385],[111.485027,27.204304],[111.489025,27.195789],[111.492757,27.195885],[111.496116,27.198229],[111.504531,27.207045],[111.508377,27.203111],[111.521462,27.197741],[111.520369,27.191257],[111.526607,27.195357],[111.533539,27.202878],[111.539351,27.199119],[111.544311,27.201674],[111.546749,27.201155],[111.550338,27.19059],[111.552419,27.18989],[111.56827,27.197882],[111.579127,27.197188],[111.586418,27.199985],[111.59823,27.199751],[111.594097,27.194635],[111.59297,27.192574],[111.593995,27.190689],[111.586095,27.178672],[111.583292,27.165237],[111.574982,27.148935],[111.575346,27.143621],[111.586654,27.135379],[111.585961,27.132784],[111.583656,27.132023],[111.590738,27.126511],[111.586062,27.122226],[111.586391,27.120094],[111.589473,27.119564],[111.591369,27.122178],[111.594561,27.122397],[111.593622,27.112897],[111.595089,27.108701],[111.591324,27.108577],[111.585817,27.105373],[111.588947,27.104093],[111.588784,27.10189],[111.584636,27.103626],[111.580025,27.100145],[111.569206,27.100711],[111.569541,27.096405],[111.563834,27.096786],[111.560384,27.094363],[111.55937,27.089266],[111.550614,27.085493],[111.539893,27.089995],[111.539996,27.097963],[111.542218,27.1017],[111.544651,27.102121],[111.542195,27.110454],[111.537203,27.110282],[111.54008,27.118887],[111.533786,27.120919],[111.533406,27.122725],[111.535721,27.125618],[111.522482,27.128787],[111.523107,27.130906],[111.520291,27.131448],[111.516868,27.137563],[111.515914,27.144854],[111.50988,27.146915],[111.501523,27.144135],[111.496469,27.144255],[111.494179,27.143063],[111.492966,27.139872],[111.486625,27.142239],[111.484641,27.140652],[111.487589,27.140517],[111.486233,27.137893],[111.482079,27.136552],[111.485511,27.135833],[111.484848,27.13226],[111.487734,27.129],[111.485864,27.120011],[111.490631,27.117232],[111.491978,27.110374],[111.490446,27.104612],[111.483365,27.096557],[111.480314,27.095354],[111.475769,27.096967],[111.471864,27.100742],[111.472919,27.105185],[111.467409,27.105101],[111.466599,27.101252],[111.468572,27.100194],[111.468141,27.097928],[111.465585,27.099106],[111.463051,27.093812],[111.457543,27.094599],[111.456397,27.091813],[111.449197,27.087764],[111.439769,27.086717],[111.436211,27.081121],[111.431853,27.083218],[111.429733,27.080522],[111.428439,27.081749],[111.429883,27.077264],[111.428289,27.076573],[111.424445,27.077387],[111.418251,27.083967],[111.415293,27.083512],[111.409226,27.086002],[111.410165,27.089475],[111.406961,27.093206],[111.419821,27.09542],[111.421579,27.100896],[111.42037,27.103532],[111.417059,27.104067],[111.419626,27.108464],[111.417688,27.111699],[111.421106,27.117867],[111.425321,27.119931],[111.428427,27.125502],[111.422845,27.130358],[111.415743,27.129409],[111.419093,27.131073],[111.4149,27.136412],[111.411899,27.138815],[111.407885,27.138827],[111.410761,27.147585],[111.408301,27.15184],[111.400717,27.155301],[111.394182,27.162318],[111.391906,27.162562],[111.388549,27.160175],[111.386477,27.161555],[111.387132,27.16673],[111.382861,27.171644],[111.379572,27.185738],[111.383476,27.194084],[111.386518,27.194162],[111.390509,27.201684],[111.398215,27.208738],[111.406299,27.208822],[111.408445,27.199724],[111.417562,27.194328],[111.422512,27.194814],[111.428098,27.199441],[111.430336,27.202852],[111.430652,27.209518],[111.420614,27.226787],[111.421141,27.229554],[111.42851,27.237485],[111.446044,27.242735],[111.452678,27.239292],[111.468547,27.242135]]]}},{"type":"Feature","properties":{"dt_adcode":"430511"},"geometry":{"type":"Polygon","coordinates":[[[111.478989,27.293361],[111.489543,27.28764],[111.493123,27.281964],[111.491153,27.27315],[111.495551,27.267272],[111.494407,27.260809],[111.487501,27.253169],[111.481637,27.25342],[111.478332,27.256271],[111.47376,27.265321],[111.470996,27.267082],[111.467771,27.266833],[111.464982,27.26388],[111.464774,27.256953],[111.469399,27.24933],[111.474698,27.248389],[111.474945,27.246079],[111.473395,27.24482],[111.467458,27.241509],[111.458432,27.239709],[111.452678,27.239292],[111.446044,27.242735],[111.427402,27.236748],[111.421141,27.229554],[111.420614,27.226787],[111.430841,27.208305],[111.430336,27.202852],[111.425247,27.196539],[111.420265,27.194196],[111.412188,27.19674],[111.408445,27.199724],[111.407022,27.207824],[111.403782,27.209565],[111.395239,27.207014],[111.385344,27.193355],[111.377949,27.194117],[111.376288,27.196399],[111.377279,27.199246],[111.375367,27.200038],[111.373642,27.198199],[111.371634,27.199867],[111.36163,27.197446],[111.353575,27.198416],[111.354702,27.2051],[111.357157,27.20466],[111.356624,27.207071],[111.358986,27.208034],[111.357519,27.210358],[111.359734,27.211409],[111.358496,27.216034],[111.356135,27.215335],[111.355407,27.218184],[111.360566,27.225303],[111.365239,27.226921],[111.366782,27.23288],[111.364807,27.237769],[111.367213,27.244583],[111.362257,27.246999],[111.360256,27.251034],[111.36538,27.254798],[111.363507,27.256024],[111.365614,27.257465],[111.368188,27.256477],[111.371874,27.257761],[111.373361,27.262004],[111.377554,27.26676],[111.384604,27.270424],[111.388302,27.267689],[111.391405,27.26858],[111.392717,27.271533],[111.395665,27.272966],[111.400119,27.272084],[111.403469,27.275284],[111.404052,27.272428],[111.409103,27.272856],[111.411777,27.277269],[111.41713,27.276026],[111.419353,27.280768],[111.424256,27.280814],[111.430595,27.286789],[111.424979,27.29228],[111.429573,27.296532],[111.437459,27.297646],[111.441685,27.296389],[111.445444,27.290768],[111.452729,27.292224],[111.454817,27.291103],[111.455536,27.287788],[111.460175,27.289328],[111.459981,27.291621],[111.46283,27.292442],[111.464176,27.298603],[111.474785,27.299596],[111.478989,27.293361]]]}},{"type":"Feature","properties":{"dt_adcode":"430522"},"geometry":{"type":"Polygon","coordinates":[[[111.556978,27.629203],[111.562226,27.63057],[111.568001,27.627072],[111.568142,27.616891],[111.574079,27.607713],[111.589041,27.606568],[111.590594,27.601977],[111.590202,27.593937],[111.593143,27.589615],[111.595508,27.590865],[111.596539,27.589768],[111.594718,27.584312],[111.595546,27.580611],[111.598372,27.579842],[111.601083,27.575291],[111.604016,27.576959],[111.60769,27.575851],[111.61195,27.569699],[111.612153,27.566526],[111.615574,27.566172],[111.620744,27.572439],[111.611244,27.578527],[111.611253,27.580124],[111.616159,27.579684],[111.625481,27.575195],[111.627853,27.577036],[111.628059,27.579977],[111.632216,27.580215],[111.631821,27.577274],[111.635136,27.578776],[111.636187,27.580706],[111.635217,27.584575],[111.637391,27.584736],[111.639989,27.576575],[111.635637,27.575497],[111.634587,27.573735],[111.636375,27.572469],[111.641395,27.574638],[111.640322,27.568758],[111.635608,27.562385],[111.630602,27.562318],[111.625939,27.556115],[111.627907,27.553503],[111.630643,27.553073],[111.636041,27.555492],[111.635124,27.56037],[111.638714,27.560442],[111.640492,27.555032],[111.644007,27.552703],[111.641899,27.54723],[111.65246,27.540826],[111.652258,27.536813],[111.650092,27.534016],[111.646313,27.536703],[111.643302,27.536203],[111.641382,27.538503],[111.638658,27.537938],[111.642615,27.528878],[111.643889,27.520145],[111.649316,27.517643],[111.651658,27.514259],[111.654024,27.514762],[111.669546,27.537932],[111.673197,27.538138],[111.686267,27.527281],[111.688421,27.521648],[111.690744,27.523696],[111.689819,27.531273],[111.692998,27.533859],[111.717746,27.516599],[111.723171,27.515693],[111.730923,27.518224],[111.733764,27.515703],[111.737109,27.507901],[111.745996,27.494992],[111.756553,27.49347],[111.770202,27.495636],[111.787466,27.494622],[111.787372,27.484928],[111.79018,27.470463],[111.792234,27.468394],[111.79636,27.468158],[111.803579,27.474799],[111.808466,27.474104],[111.81077,27.471343],[111.813584,27.45435],[111.823745,27.447378],[111.81691,27.434023],[111.814275,27.423931],[111.818346,27.417916],[111.825615,27.412771],[111.835907,27.41003],[111.838543,27.406655],[111.836564,27.400936],[111.837862,27.396597],[111.832517,27.393501],[111.826382,27.397986],[111.823444,27.393247],[111.819321,27.391872],[111.816197,27.394709],[111.809057,27.394438],[111.806586,27.404087],[111.803206,27.405085],[111.794526,27.401468],[111.792757,27.391093],[111.782531,27.382938],[111.778417,27.383289],[111.775527,27.38558],[111.769346,27.385077],[111.767674,27.388549],[111.763207,27.390847],[111.74754,27.384282],[111.73279,27.380251],[111.728783,27.374719],[111.727566,27.364673],[111.72866,27.35818],[111.72587,27.351664],[111.721724,27.347748],[111.693521,27.343721],[111.686553,27.340181],[111.686057,27.336759],[111.69237,27.304938],[111.690169,27.295631],[111.68661,27.292828],[111.681443,27.292871],[111.677197,27.294931],[111.672421,27.300696],[111.669671,27.301533],[111.670133,27.305558],[111.666373,27.306141],[111.659722,27.301747],[111.654909,27.30161],[111.655571,27.311229],[111.652222,27.315083],[111.643168,27.311418],[111.633951,27.30133],[111.629752,27.3004],[111.626223,27.301736],[111.623755,27.303247],[111.620211,27.319295],[111.618065,27.321935],[111.614737,27.322344],[111.595833,27.313935],[111.594626,27.31147],[111.59539,27.307523],[111.601605,27.303969],[111.600596,27.286759],[111.591387,27.286781],[111.584826,27.277777],[111.580229,27.275788],[111.562258,27.276246],[111.551099,27.284063],[111.549437,27.294222],[111.547107,27.295272],[111.54509,27.294551],[111.542751,27.280585],[111.540438,27.278776],[111.535668,27.277252],[111.523644,27.277871],[111.524345,27.28305],[111.534145,27.291794],[111.537349,27.29624],[111.536777,27.298679],[111.532856,27.300689],[111.516652,27.298021],[111.51069,27.299917],[111.5058,27.299122],[111.500094,27.301362],[111.498771,27.30594],[111.490088,27.300789],[111.492169,27.2976],[111.485467,27.289803],[111.478989,27.293361],[111.474785,27.299596],[111.464176,27.298603],[111.46283,27.292442],[111.459981,27.291621],[111.460175,27.289328],[111.455536,27.287788],[111.454817,27.291103],[111.452729,27.292224],[111.445444,27.290768],[111.441685,27.296389],[111.437459,27.297646],[111.429573,27.296532],[111.424979,27.29228],[111.430595,27.286789],[111.424256,27.280814],[111.419353,27.280768],[111.41713,27.276026],[111.411777,27.277269],[111.409905,27.275708],[111.409838,27.273106],[111.404052,27.272428],[111.403469,27.275284],[111.400119,27.272084],[111.395665,27.272966],[111.392717,27.271533],[111.391802,27.268908],[111.388585,27.267689],[111.385368,27.270499],[111.381996,27.269595],[111.373702,27.262433],[111.371874,27.257761],[111.368585,27.256502],[111.366096,27.257616],[111.361326,27.255087],[111.35942,27.258508],[111.355933,27.259694],[111.352142,27.258075],[111.349796,27.254636],[111.343503,27.254683],[111.341136,27.252449],[111.330042,27.254225],[111.327951,27.251417],[111.324972,27.25369],[111.320898,27.251701],[111.320545,27.252972],[111.316383,27.253413],[111.314104,27.251558],[111.314103,27.24723],[111.303846,27.246678],[111.305103,27.245456],[111.303728,27.243576],[111.302772,27.244236],[111.303886,27.241305],[111.302597,27.240402],[111.299313,27.241137],[111.29954,27.244018],[111.297804,27.245058],[111.302386,27.248327],[111.296602,27.251127],[111.293994,27.248736],[111.292238,27.252681],[111.286778,27.247777],[111.283483,27.248989],[111.283421,27.246376],[111.279037,27.244255],[111.278085,27.246356],[111.276165,27.244722],[111.27652,27.24979],[111.274469,27.250622],[111.278824,27.25201],[111.277201,27.254221],[111.277474,27.259484],[111.273863,27.259879],[111.270202,27.267711],[111.267521,27.267837],[111.268436,27.261291],[111.265428,27.26171],[111.266526,27.263443],[111.262294,27.261336],[111.25478,27.264035],[111.250358,27.262649],[111.243039,27.267833],[111.237835,27.260712],[111.234345,27.261166],[111.227434,27.271169],[111.231738,27.278381],[111.232145,27.282124],[111.223922,27.284731],[111.222139,27.291066],[111.216657,27.292152],[111.213377,27.297421],[111.216074,27.300178],[111.215233,27.303479],[111.203171,27.304584],[111.204879,27.311445],[111.203887,27.314301],[111.193721,27.315491],[111.190036,27.317464],[111.191313,27.320792],[111.182719,27.334961],[111.179625,27.33679],[111.175507,27.336783],[111.153129,27.333978],[111.147718,27.336261],[111.145906,27.340388],[111.14536,27.348654],[111.147902,27.355548],[111.168495,27.353299],[111.172363,27.354931],[111.176739,27.354418],[111.183526,27.358854],[111.179002,27.366714],[111.172227,27.369945],[111.172134,27.374581],[111.168949,27.378959],[111.162167,27.378534],[111.161475,27.382816],[111.159681,27.383712],[111.160983,27.387542],[111.148613,27.387754],[111.146819,27.389186],[111.145889,27.402204],[111.148989,27.407456],[111.153581,27.408871],[111.15747,27.407344],[111.161365,27.40974],[111.163268,27.415084],[111.169612,27.420503],[111.16842,27.423716],[111.158145,27.425797],[111.152764,27.43125],[111.154264,27.433742],[111.164703,27.440042],[111.163311,27.444147],[111.156623,27.443007],[111.156827,27.44577],[111.166113,27.449131],[111.168915,27.453936],[111.179391,27.452211],[111.182442,27.456658],[111.188634,27.459581],[111.185548,27.464137],[111.193539,27.467232],[111.183322,27.476001],[111.18663,27.484102],[111.191823,27.484888],[111.18644,27.489987],[111.189996,27.496394],[111.198787,27.499398],[111.20119,27.50251],[111.201401,27.508928],[111.196774,27.518124],[111.201681,27.525418],[111.202788,27.53005],[111.19739,27.549179],[111.205604,27.553129],[111.222189,27.551076],[111.225003,27.546344],[111.223808,27.536185],[111.244649,27.525101],[111.247826,27.526979],[111.248614,27.530599],[111.252012,27.531386],[111.252308,27.539025],[111.255646,27.537828],[111.256774,27.543779],[111.261004,27.542184],[111.266021,27.543566],[111.269916,27.541179],[111.278386,27.555771],[111.295771,27.566075],[111.300882,27.567081],[111.317196,27.553709],[111.322131,27.546845],[111.335083,27.540481],[111.338283,27.540461],[111.339226,27.538893],[111.349801,27.53703],[111.355984,27.528032],[111.355741,27.526829],[111.350338,27.530657],[111.353795,27.524591],[111.357821,27.522997],[111.357958,27.525627],[111.359697,27.526797],[111.362774,27.524479],[111.367757,27.524905],[111.37654,27.532825],[111.378032,27.538275],[111.374625,27.542954],[111.375586,27.544864],[111.388399,27.544914],[111.394644,27.552593],[111.403975,27.557379],[111.414388,27.575198],[111.417605,27.578071],[111.415786,27.573901],[111.422524,27.57139],[111.424232,27.578374],[111.42834,27.582669],[111.431374,27.583182],[111.433241,27.58953],[111.453219,27.596205],[111.458313,27.582262],[111.463001,27.582193],[111.465696,27.579134],[111.477811,27.57865],[111.485239,27.591741],[111.489359,27.594259],[111.50892,27.601351],[111.517921,27.602945],[111.522262,27.605551],[111.526718,27.6054],[111.527466,27.606481],[111.525921,27.608],[111.52741,27.608835],[111.531179,27.605914],[111.54407,27.610416],[111.548967,27.615781],[111.553597,27.62606],[111.556978,27.629203]]]}},{"type":"Feature","properties":{"dt_adcode":"430523"},"geometry":{"type":"Polygon","coordinates":[[[111.669765,27.032551],[111.665076,27.031205],[111.664075,27.029465],[111.665397,27.026491],[111.660656,27.023448],[111.662482,27.019615],[111.659594,27.012166],[111.656705,27.009776],[111.651521,27.008706],[111.649294,27.004454],[111.64979,27.00114],[111.653964,26.996441],[111.652164,26.993273],[111.657826,26.986988],[111.649213,26.967417],[111.650265,26.963175],[111.644525,26.964627],[111.641516,26.962858],[111.635284,26.963738],[111.6307,26.957672],[111.622052,26.95421],[111.612009,26.96036],[111.604488,26.958411],[111.595156,26.96154],[111.589776,26.96664],[111.587572,26.96693],[111.581456,26.962142],[111.576485,26.945025],[111.56713,26.934818],[111.574594,26.927794],[111.583127,26.925037],[111.581956,26.912761],[111.58925,26.89907],[111.589094,26.896734],[111.583359,26.889139],[111.580297,26.888094],[111.577634,26.882527],[111.570949,26.884714],[111.567837,26.883469],[111.564473,26.869606],[111.560712,26.866116],[111.552793,26.863315],[111.549969,26.854391],[111.552056,26.851782],[111.550748,26.846949],[111.544234,26.841186],[111.533654,26.847115],[111.532191,26.859276],[111.530434,26.862982],[111.526392,26.8654],[111.5172,26.865134],[111.507948,26.859553],[111.495243,26.860707],[111.482535,26.85675],[111.476804,26.858057],[111.47147,26.861978],[111.462506,26.86106],[111.460107,26.867115],[111.442809,26.867234],[111.437181,26.860782],[111.433894,26.862432],[111.430026,26.867897],[111.421158,26.868138],[111.412875,26.858804],[111.408594,26.857924],[111.394485,26.863001],[111.372905,26.858192],[111.364667,26.865464],[111.351187,26.861652],[111.349655,26.859831],[111.349716,26.85155],[111.329869,26.836684],[111.321921,26.820136],[111.322512,26.81309],[111.315322,26.803739],[111.323981,26.789866],[111.321509,26.78311],[111.32251,26.77812],[111.32922,26.772142],[111.326687,26.764826],[111.329393,26.757607],[111.325153,26.739896],[111.323978,26.737719],[111.318146,26.735419],[111.317206,26.733186],[111.316735,26.724671],[111.321974,26.719865],[111.321443,26.714228],[111.316673,26.711018],[111.309075,26.710946],[111.302957,26.700014],[111.276244,26.688855],[111.26989,26.696043],[111.269248,26.702091],[111.272186,26.710726],[111.270361,26.713954],[111.262365,26.716592],[111.253374,26.716951],[111.237047,26.712544],[111.223869,26.711433],[111.212989,26.717635],[111.214848,26.728913],[111.210733,26.741744],[111.210108,26.749413],[111.208065,26.755711],[111.203078,26.759809],[111.200709,26.769489],[111.205978,26.77715],[111.203349,26.783297],[111.198673,26.784869],[111.187582,26.784889],[111.167544,26.792214],[111.157139,26.793679],[111.153819,26.802354],[111.148686,26.803739],[111.138826,26.801768],[111.135081,26.796277],[111.133426,26.790343],[111.130177,26.790056],[111.128087,26.792084],[111.127477,26.796373],[111.114613,26.799699],[111.112828,26.802476],[111.113271,26.808102],[111.106255,26.810038],[111.098009,26.81791],[111.094311,26.817324],[111.093349,26.814609],[111.091446,26.814],[111.08103,26.815087],[111.070364,26.813311],[111.064776,26.818639],[111.065177,26.820919],[111.080753,26.830959],[111.082066,26.83526],[111.078953,26.842997],[111.072141,26.845172],[111.070506,26.847779],[111.067939,26.860084],[111.065293,26.862969],[111.064728,26.866213],[111.068906,26.871068],[111.076302,26.873926],[111.079112,26.877694],[111.076877,26.882859],[111.060533,26.885263],[111.031919,26.89352],[111.018444,26.900818],[111.005352,26.914068],[110.998378,26.918071],[111.002206,26.925476],[111.007158,26.930301],[111.00912,26.931061],[111.022056,26.927277],[111.030087,26.929013],[111.031798,26.931387],[111.032664,26.933304],[111.029847,26.943931],[111.035506,26.952612],[111.031931,26.964789],[111.035455,26.967668],[111.031406,26.972396],[111.036646,26.978926],[111.027217,26.982019],[111.022957,26.991174],[111.024147,26.999239],[111.027046,27.001561],[111.034749,27.000379],[111.040216,27.002501],[111.053174,27.011563],[111.05898,27.020247],[111.071526,27.027131],[111.074739,27.042628],[111.078701,27.048158],[111.083661,27.04647],[111.092701,27.026471],[111.098995,27.026681],[111.106082,27.030549],[111.126784,27.014006],[111.133297,27.003079],[111.137537,27.001662],[111.140129,27.004755],[111.138044,27.009689],[111.14,27.020581],[111.133116,27.025461],[111.127453,27.031378],[111.126783,27.034301],[111.128131,27.035918],[111.134971,27.035936],[111.134373,27.037723],[111.137298,27.038561],[111.137993,27.043258],[111.134937,27.045162],[111.134686,27.054316],[111.1359,27.055264],[111.136749,27.052767],[111.139386,27.054922],[111.139834,27.059705],[111.140934,27.055899],[111.142039,27.056261],[111.140938,27.059338],[111.142742,27.059698],[111.146228,27.058179],[111.147154,27.055675],[111.14948,27.055565],[111.151432,27.059155],[111.15521,27.059301],[111.158238,27.062993],[111.159981,27.062727],[111.159861,27.059601],[111.162707,27.058967],[111.166521,27.063281],[111.170357,27.063895],[111.17315,27.066335],[111.180822,27.066781],[111.183027,27.064585],[111.18521,27.066819],[111.189859,27.066492],[111.191886,27.062681],[111.197184,27.067667],[111.20125,27.066404],[111.203405,27.068482],[111.203459,27.066345],[111.205726,27.06639],[111.213222,27.071864],[111.215804,27.076782],[111.213653,27.091952],[111.218509,27.099153],[111.218308,27.108091],[111.219769,27.111474],[111.216098,27.10841],[111.212671,27.110869],[111.211965,27.122074],[111.216191,27.126387],[111.222354,27.124025],[111.221079,27.126842],[111.222015,27.129289],[111.227871,27.132504],[111.229682,27.136042],[111.234637,27.138949],[111.235694,27.143114],[111.234012,27.146505],[111.236696,27.149001],[111.232141,27.159621],[111.230497,27.159043],[111.228296,27.16208],[111.225694,27.160801],[111.224124,27.162795],[111.221352,27.162405],[111.221481,27.167304],[111.226169,27.167567],[111.226344,27.169312],[111.224089,27.170971],[111.228502,27.170562],[111.230139,27.175977],[111.228909,27.177022],[111.225861,27.175989],[111.225919,27.179234],[111.222295,27.18053],[111.224784,27.184627],[111.220266,27.184057],[111.222835,27.185428],[111.221057,27.186229],[111.221096,27.188556],[111.22434,27.193661],[111.222082,27.194096],[111.223525,27.196909],[111.222295,27.197647],[111.227529,27.196592],[111.227146,27.193623],[111.229232,27.192975],[111.23064,27.195207],[111.23091,27.193307],[111.232109,27.193825],[111.231694,27.191713],[111.235464,27.193909],[111.234406,27.195228],[111.233309,27.194465],[111.226926,27.203147],[111.229909,27.205803],[111.230309,27.208956],[111.232505,27.211156],[111.231103,27.211924],[111.231813,27.215781],[111.234007,27.217276],[111.231919,27.217618],[111.230642,27.220806],[111.225544,27.222135],[111.224831,27.22523],[111.225689,27.226269],[111.227296,27.225009],[111.227934,27.227304],[111.224964,27.231599],[111.22523,27.236007],[111.223069,27.234023],[111.220496,27.239511],[111.218646,27.238812],[111.218139,27.24212],[111.219548,27.244719],[111.225148,27.24599],[111.227858,27.248616],[111.227261,27.249812],[111.233412,27.260903],[111.237835,27.260712],[111.24234,27.267746],[111.250358,27.262649],[111.25478,27.264035],[111.262294,27.261336],[111.266526,27.263443],[111.265428,27.26171],[111.267861,27.261267],[111.26907,27.263561],[111.267521,27.267837],[111.270886,27.267466],[111.273863,27.259879],[111.277474,27.259484],[111.277201,27.254221],[111.278824,27.25201],[111.274469,27.250622],[111.27652,27.24979],[111.276165,27.244722],[111.278085,27.246356],[111.279037,27.244255],[111.283421,27.246376],[111.283483,27.248989],[111.286778,27.247777],[111.292238,27.252681],[111.293994,27.248736],[111.296602,27.251127],[111.302386,27.248327],[111.297804,27.245058],[111.29954,27.244018],[111.299313,27.241137],[111.301392,27.240427],[111.303776,27.24089],[111.302772,27.244236],[111.303728,27.243576],[111.305103,27.245456],[111.303846,27.246678],[111.314103,27.24723],[111.314104,27.251558],[111.317315,27.253681],[111.320898,27.251701],[111.324068,27.253788],[111.327951,27.251417],[111.330042,27.254225],[111.341136,27.252449],[111.343503,27.254683],[111.349796,27.254636],[111.352142,27.258075],[111.355933,27.259694],[111.35942,27.258508],[111.361326,27.255087],[111.365186,27.255719],[111.360256,27.251034],[111.362257,27.246999],[111.367213,27.244583],[111.364807,27.237769],[111.366631,27.231697],[111.365239,27.226921],[111.360566,27.225303],[111.355407,27.218184],[111.356135,27.215335],[111.358496,27.216034],[111.359734,27.211409],[111.357519,27.210358],[111.358986,27.208034],[111.356624,27.207071],[111.357157,27.20466],[111.354702,27.2051],[111.353037,27.199294],[111.354458,27.197934],[111.36163,27.197446],[111.371634,27.199867],[111.373642,27.198199],[111.375367,27.200038],[111.377279,27.199246],[111.376288,27.196399],[111.377949,27.194117],[111.383476,27.194084],[111.379572,27.185738],[111.382861,27.171644],[111.387132,27.16673],[111.386477,27.161555],[111.388549,27.160175],[111.391906,27.162562],[111.394182,27.162318],[111.400717,27.155301],[111.408301,27.15184],[111.410761,27.147585],[111.407885,27.138827],[111.411899,27.138815],[111.4149,27.136412],[111.419093,27.131073],[111.415743,27.129409],[111.422845,27.130358],[111.428427,27.125502],[111.425321,27.119931],[111.421106,27.117867],[111.417688,27.111699],[111.419626,27.108464],[111.417059,27.104067],[111.42037,27.103532],[111.421579,27.100896],[111.419821,27.09542],[111.406862,27.092858],[111.410165,27.089475],[111.40955,27.085652],[111.412215,27.085731],[111.415293,27.083512],[111.418251,27.083967],[111.424445,27.077387],[111.429557,27.076946],[111.428439,27.081749],[111.429733,27.080522],[111.431853,27.083218],[111.436211,27.081121],[111.439769,27.086717],[111.449197,27.087764],[111.456397,27.091813],[111.457543,27.094599],[111.463051,27.093812],[111.465585,27.099106],[111.468141,27.097928],[111.468572,27.100194],[111.466599,27.101252],[111.467409,27.105101],[111.472919,27.105185],[111.471864,27.100742],[111.475769,27.096967],[111.480314,27.095354],[111.483365,27.096557],[111.490446,27.104612],[111.491978,27.110374],[111.490631,27.117232],[111.485864,27.120011],[111.487734,27.129],[111.484848,27.13226],[111.485511,27.135833],[111.482079,27.136552],[111.486233,27.137893],[111.487589,27.140517],[111.484641,27.140652],[111.486625,27.142239],[111.492966,27.139872],[111.494179,27.143063],[111.496469,27.144255],[111.512892,27.146692],[111.515914,27.144854],[111.516868,27.137563],[111.520291,27.131448],[111.523107,27.130906],[111.522482,27.128787],[111.535721,27.125618],[111.533406,27.122725],[111.533786,27.120919],[111.54008,27.118887],[111.537203,27.110282],[111.542195,27.110454],[111.544651,27.102121],[111.542218,27.1017],[111.539996,27.097963],[111.539154,27.091221],[111.544515,27.087639],[111.549513,27.085587],[111.553049,27.086264],[111.55937,27.089266],[111.561101,27.095144],[111.564614,27.097014],[111.569541,27.096405],[111.569206,27.100711],[111.580025,27.100145],[111.584636,27.103626],[111.591858,27.10189],[111.593573,27.098595],[111.595135,27.099894],[111.600008,27.097927],[111.601824,27.094266],[111.603264,27.096485],[111.610023,27.088576],[111.605753,27.088076],[111.603963,27.083317],[111.602341,27.082908],[111.603223,27.080004],[111.601219,27.074083],[111.602036,27.071036],[111.604961,27.069172],[111.606218,27.064257],[111.614215,27.068833],[111.614849,27.067453],[111.616555,27.068336],[111.618181,27.075006],[111.620066,27.073506],[111.623632,27.074039],[111.622395,27.076685],[111.624326,27.077654],[111.624005,27.080541],[111.621484,27.083306],[111.628011,27.087777],[111.632873,27.084258],[111.636612,27.0838],[111.637073,27.077382],[111.638738,27.076343],[111.641469,27.076506],[111.639867,27.077258],[111.640547,27.078204],[111.641857,27.07685],[111.644207,27.07779],[111.643933,27.080461],[111.646352,27.082062],[111.645033,27.084578],[111.646086,27.083197],[111.647122,27.084715],[111.65004,27.083587],[111.651726,27.080683],[111.660436,27.078145],[111.664929,27.066446],[111.66854,27.062933],[111.672089,27.065277],[111.671019,27.063644],[111.672696,27.061931],[111.67083,27.061706],[111.670909,27.058748],[111.676645,27.061431],[111.674532,27.057331],[111.672192,27.05669],[111.668191,27.046037],[111.667837,27.043623],[111.671697,27.042712],[111.669139,27.041022],[111.668574,27.038151],[111.670331,27.035522],[111.669765,27.032551]]]}},{"type":"Feature","properties":{"dt_adcode":"430524"},"geometry":{"type":"Polygon","coordinates":[[[110.648271,27.36729],[110.649281,27.373714],[110.654903,27.380193],[110.659674,27.396769],[110.660328,27.412156],[110.663096,27.420676],[110.6741,27.434552],[110.691581,27.447568],[110.693322,27.455846],[110.684664,27.46872],[110.684002,27.4879],[110.680311,27.497049],[110.648222,27.529582],[110.63265,27.536099],[110.631319,27.540448],[110.633077,27.546891],[110.638119,27.555914],[110.652762,27.56583],[110.652126,27.569547],[110.653795,27.575356],[110.661424,27.57289],[110.657222,27.578258],[110.657581,27.583063],[110.662198,27.585636],[110.663251,27.588694],[110.666924,27.592958],[110.669886,27.593707],[110.674034,27.600053],[110.680223,27.602637],[110.705326,27.604698],[110.710525,27.606952],[110.715425,27.616321],[110.734154,27.61638],[110.732997,27.623326],[110.737303,27.627101],[110.74105,27.625663],[110.743673,27.617345],[110.737994,27.609875],[110.737201,27.601114],[110.742403,27.603588],[110.749003,27.602573],[110.75582,27.596822],[110.76704,27.581288],[110.776901,27.574004],[110.786802,27.560518],[110.793014,27.558943],[110.79945,27.559436],[110.808704,27.563384],[110.82432,27.578831],[110.842689,27.588418],[110.853472,27.592029],[110.854601,27.60182],[110.847659,27.609007],[110.844524,27.620966],[110.84735,27.622007],[110.845154,27.624052],[110.850174,27.624179],[110.857296,27.621392],[110.861828,27.62352],[110.861582,27.624911],[110.852022,27.628003],[110.854261,27.630674],[110.853857,27.641694],[110.85558,27.64736],[110.868962,27.653159],[110.869188,27.655468],[110.871261,27.653642],[110.882905,27.650713],[110.9175,27.656411],[110.945728,27.653842],[110.975499,27.659806],[110.983796,27.660103],[110.994735,27.652385],[110.998439,27.639335],[110.994079,27.630119],[110.996947,27.626929],[111.008106,27.625874],[111.017661,27.632831],[111.025746,27.635655],[111.037375,27.632066],[111.050591,27.632849],[111.059926,27.631306],[111.07085,27.620589],[111.073772,27.605459],[111.071466,27.599248],[111.072014,27.593972],[111.074102,27.591458],[111.080313,27.58874],[111.106929,27.590707],[111.111871,27.58453],[111.113182,27.578798],[111.11629,27.577204],[111.130213,27.581383],[111.134855,27.581393],[111.144616,27.578064],[111.15011,27.582164],[111.157344,27.578912],[111.154338,27.573344],[111.157396,27.571174],[111.162055,27.572811],[111.163974,27.576788],[111.167161,27.575982],[111.169907,27.578192],[111.170414,27.576541],[111.165814,27.571149],[111.170012,27.561931],[111.173877,27.559977],[111.182146,27.563735],[111.183926,27.55596],[111.194227,27.552414],[111.19739,27.549179],[111.202788,27.53005],[111.201681,27.525418],[111.196774,27.518124],[111.201401,27.508928],[111.201493,27.50456],[111.198787,27.499398],[111.189996,27.496394],[111.18644,27.489987],[111.191823,27.484888],[111.18663,27.484102],[111.18352,27.47493],[111.193539,27.467232],[111.185548,27.464137],[111.188234,27.458869],[111.182442,27.456658],[111.178292,27.451857],[111.168915,27.453936],[111.166113,27.449131],[111.156827,27.44577],[111.156623,27.443007],[111.163311,27.444147],[111.164703,27.440042],[111.154264,27.433742],[111.152764,27.43125],[111.158145,27.425797],[111.16842,27.423716],[111.169111,27.419435],[111.163268,27.415084],[111.161365,27.40974],[111.15747,27.407344],[111.153581,27.408871],[111.148989,27.407456],[111.145889,27.402204],[111.146819,27.389186],[111.148613,27.387754],[111.160983,27.387542],[111.159681,27.383712],[111.161475,27.382816],[111.162167,27.378534],[111.168949,27.378959],[111.172134,27.374581],[111.172227,27.369945],[111.179002,27.366714],[111.183526,27.358854],[111.176739,27.354418],[111.172363,27.354931],[111.168495,27.353299],[111.147902,27.355548],[111.14536,27.348654],[111.145906,27.340388],[111.147718,27.336261],[111.153129,27.333978],[111.175507,27.336783],[111.179625,27.33679],[111.182719,27.334961],[111.191313,27.320792],[111.190036,27.317464],[111.193721,27.315491],[111.203887,27.314301],[111.204879,27.311445],[111.203171,27.304584],[111.215233,27.303479],[111.216074,27.300178],[111.213377,27.297421],[111.216657,27.292152],[111.222139,27.291066],[111.223922,27.284731],[111.232145,27.282124],[111.231738,27.278381],[111.227337,27.272239],[111.233934,27.261534],[111.227261,27.249812],[111.227858,27.248616],[111.225148,27.24599],[111.219548,27.244719],[111.218068,27.241079],[111.218885,27.238474],[111.220496,27.239511],[111.222186,27.237363],[111.223069,27.234023],[111.22523,27.236007],[111.224964,27.231599],[111.227934,27.227304],[111.227296,27.225009],[111.225689,27.226269],[111.224831,27.22523],[111.225544,27.222135],[111.230642,27.220806],[111.231919,27.217618],[111.234007,27.217276],[111.231813,27.215781],[111.231103,27.211924],[111.232505,27.211156],[111.230309,27.208956],[111.229909,27.205803],[111.226926,27.203147],[111.233309,27.194465],[111.234406,27.195228],[111.235464,27.193909],[111.231694,27.191713],[111.232109,27.193825],[111.23091,27.193307],[111.23064,27.195207],[111.229232,27.192975],[111.227146,27.193623],[111.227529,27.196592],[111.222295,27.197647],[111.223525,27.196909],[111.222082,27.194096],[111.22434,27.193661],[111.221096,27.188556],[111.221057,27.186229],[111.222835,27.185428],[111.220266,27.184057],[111.224784,27.184627],[111.222295,27.18053],[111.225919,27.179234],[111.225861,27.175989],[111.228909,27.177022],[111.230139,27.175977],[111.228502,27.170562],[111.224089,27.170971],[111.226344,27.169312],[111.226169,27.167567],[111.221481,27.167304],[111.221352,27.162405],[111.224124,27.162795],[111.225694,27.160801],[111.228296,27.16208],[111.230497,27.159043],[111.232141,27.159621],[111.236696,27.149001],[111.234012,27.146505],[111.235694,27.143114],[111.234637,27.138949],[111.229682,27.136042],[111.227871,27.132504],[111.222015,27.129289],[111.221079,27.126842],[111.222354,27.124025],[111.216191,27.126387],[111.211965,27.122074],[111.212671,27.110869],[111.216098,27.10841],[111.219769,27.111474],[111.218308,27.108091],[111.218509,27.099153],[111.213653,27.091952],[111.215438,27.082828],[111.215045,27.075065],[111.211314,27.069969],[111.205726,27.06639],[111.203459,27.066345],[111.203405,27.068482],[111.20125,27.066404],[111.197184,27.067667],[111.191886,27.062681],[111.189859,27.066492],[111.18521,27.066819],[111.181864,27.064589],[111.181403,27.066622],[111.174953,27.06659],[111.166521,27.063281],[111.16387,27.059172],[111.159861,27.059601],[111.159981,27.062727],[111.158238,27.062993],[111.15521,27.059301],[111.151432,27.059155],[111.14948,27.055565],[111.147154,27.055675],[111.146228,27.058179],[111.142742,27.059698],[111.140938,27.059338],[111.142039,27.056261],[111.140934,27.055899],[111.139834,27.059705],[111.139386,27.054922],[111.136749,27.052767],[111.1359,27.055264],[111.134686,27.054316],[111.134937,27.045162],[111.137993,27.043258],[111.137298,27.038561],[111.134373,27.037723],[111.134971,27.035936],[111.128131,27.035918],[111.126783,27.034301],[111.127453,27.031378],[111.133116,27.025461],[111.14,27.020581],[111.138044,27.009689],[111.140129,27.004755],[111.137537,27.001662],[111.133297,27.003079],[111.126784,27.014006],[111.106082,27.030549],[111.098995,27.026681],[111.092701,27.026471],[111.083661,27.04647],[111.080275,27.048368],[111.077117,27.046888],[111.074739,27.042628],[111.071526,27.027131],[111.05898,27.020247],[111.053174,27.011563],[111.040216,27.002501],[111.034749,27.000379],[111.028674,27.001568],[111.025139,27.000534],[111.023318,26.996268],[111.023716,26.992898],[111.02016,26.994404],[111.0099,27.008514],[111.005599,27.005382],[111.002016,27.006745],[110.999345,27.013375],[110.999896,27.01791],[110.997235,27.02614],[110.988571,27.032058],[110.935241,27.029742],[110.925968,27.025823],[110.919603,27.027049],[110.920795,27.037463],[110.916422,27.041812],[110.910591,27.043246],[110.907967,27.050728],[110.905257,27.052699],[110.890501,27.047451],[110.886561,27.050176],[110.884001,27.05444],[110.88283,27.077018],[110.877511,27.08257],[110.863649,27.09131],[110.856989,27.104285],[110.85178,27.119267],[110.84848,27.119526],[110.845905,27.124537],[110.844122,27.125703],[110.839611,27.122655],[110.834081,27.121868],[110.814693,27.121429],[110.813279,27.134204],[110.810362,27.139021],[110.81211,27.142837],[110.807846,27.145084],[110.807089,27.147554],[110.786177,27.15311],[110.778561,27.149231],[110.773043,27.14844],[110.778993,27.153217],[110.775096,27.157367],[110.779472,27.164612],[110.775856,27.166928],[110.778581,27.171179],[110.775816,27.173702],[110.77669,27.175836],[110.780329,27.175502],[110.78415,27.178535],[110.786165,27.174383],[110.790734,27.179268],[110.792232,27.183366],[110.795052,27.184489],[110.796619,27.184489],[110.799324,27.179494],[110.803651,27.178764],[110.805091,27.179999],[110.810861,27.177976],[110.817379,27.17803],[110.824018,27.181058],[110.828072,27.18005],[110.829125,27.182503],[110.834366,27.184603],[110.827978,27.190338],[110.830907,27.194315],[110.830201,27.195788],[110.834116,27.194699],[110.834389,27.196135],[110.826633,27.19926],[110.82938,27.195052],[110.824363,27.199647],[110.820917,27.199112],[110.820271,27.207388],[110.815621,27.213873],[110.808446,27.216708],[110.801749,27.226369],[110.801738,27.232695],[110.796317,27.23559],[110.798484,27.242922],[110.795312,27.246949],[110.797828,27.255855],[110.794231,27.260331],[110.793513,27.268322],[110.791865,27.270933],[110.777288,27.28107],[110.777854,27.302867],[110.783403,27.346937],[110.781798,27.354366],[110.772338,27.359884],[110.764593,27.360029],[110.746826,27.35238],[110.738644,27.343997],[110.735597,27.335423],[110.716265,27.337391],[110.711209,27.333451],[110.707696,27.332761],[110.704586,27.342737],[110.692756,27.343773],[110.683669,27.342669],[110.677811,27.344312],[110.673345,27.351635],[110.673956,27.361714],[110.66694,27.369614],[110.66365,27.370911],[110.648271,27.36729]]]}},{"type":"Feature","properties":{"dt_adcode":"430525"},"geometry":{"type":"Polygon","coordinates":[[[110.919603,27.027049],[110.912779,27.025084],[110.914535,27.016037],[110.917968,27.009204],[110.917506,26.997736],[110.919357,26.990292],[110.941101,26.965958],[110.945003,26.964167],[110.956833,26.964057],[110.959466,26.962301],[110.956679,26.95377],[110.951345,26.951972],[110.950067,26.949406],[110.950518,26.943369],[110.937115,26.937691],[110.93349,26.938582],[110.925516,26.936401],[110.921373,26.937725],[110.913416,26.932439],[110.908324,26.924783],[110.909724,26.914455],[110.907301,26.913696],[110.907246,26.911651],[110.905209,26.913898],[110.904572,26.910868],[110.884642,26.912486],[110.87291,26.91813],[110.86879,26.926151],[110.875722,26.934306],[110.876279,26.937118],[110.869252,26.939287],[110.867342,26.935466],[110.857498,26.940712],[110.857563,26.944242],[110.852025,26.944695],[110.853191,26.950977],[110.843962,26.958975],[110.840595,26.958619],[110.843541,26.956353],[110.839461,26.952531],[110.835414,26.952629],[110.832046,26.95917],[110.827804,26.959494],[110.827806,26.955574],[110.825273,26.962136],[110.809554,26.961084],[110.806675,26.965571],[110.803314,26.965252],[110.801611,26.966697],[110.803571,26.969349],[110.80267,26.970392],[110.793753,26.970431],[110.782014,26.966596],[110.782607,26.961897],[110.780419,26.951034],[110.77622,26.94862],[110.76505,26.947788],[110.750967,26.932148],[110.748229,26.921018],[110.741746,26.916041],[110.734069,26.9125],[110.704589,26.910653],[110.699802,26.908114],[110.694693,26.900539],[110.698738,26.882198],[110.693969,26.880121],[110.683349,26.879224],[110.658578,26.899886],[110.653312,26.902193],[110.639434,26.902826],[110.628571,26.91068],[110.62092,26.911724],[110.604044,26.909294],[110.584326,26.893453],[110.569943,26.889089],[110.564441,26.885793],[110.556615,26.888636],[110.553296,26.883878],[110.541099,26.877418],[110.538063,26.868133],[110.540374,26.861827],[110.540031,26.853624],[110.535513,26.855587],[110.530446,26.861537],[110.526892,26.863377],[110.520439,26.864122],[110.514401,26.86246],[110.518312,26.874111],[110.527215,26.884946],[110.525556,26.890904],[110.520155,26.898211],[110.515669,26.901313],[110.506084,26.920499],[110.498722,26.927331],[110.496014,26.925621],[110.493623,26.913655],[110.487101,26.914871],[110.475629,26.929022],[110.481042,26.933423],[110.482637,26.940994],[110.480174,26.945142],[110.467631,26.954616],[110.452413,26.96161],[110.449403,26.966432],[110.453394,26.972838],[110.453684,26.976289],[110.447225,26.977521],[110.441534,26.983286],[110.432839,26.983228],[110.431711,26.990096],[110.43207,26.993153],[110.435403,26.996741],[110.434161,27.000942],[110.422914,27.011944],[110.414244,27.012467],[110.418092,27.01685],[110.420577,27.015056],[110.423048,27.016105],[110.425182,27.022492],[110.430139,27.021191],[110.433148,27.022586],[110.433759,27.024114],[110.430499,27.026531],[110.434027,27.027714],[110.432013,27.039619],[110.417114,27.043952],[110.411274,27.04415],[110.407261,27.040746],[110.395516,27.036715],[110.387388,27.04124],[110.378838,27.040445],[110.375102,27.045106],[110.381529,27.051562],[110.378625,27.057459],[110.3811,27.064349],[110.371872,27.066436],[110.366073,27.075471],[110.368507,27.079124],[110.370782,27.079191],[110.370891,27.081278],[110.373822,27.081563],[110.373976,27.086219],[110.368125,27.086739],[110.363688,27.084312],[110.363065,27.078048],[110.355721,27.084744],[110.355831,27.086457],[110.363768,27.091375],[110.370389,27.088363],[110.377593,27.088006],[110.393446,27.097125],[110.401892,27.107137],[110.403711,27.117908],[110.393839,27.127994],[110.379745,27.135773],[110.372611,27.143236],[110.369352,27.141883],[110.368445,27.137209],[110.360422,27.136076],[110.355873,27.131712],[110.358794,27.126894],[110.355172,27.123578],[110.347523,27.122445],[110.330964,27.111913],[110.327121,27.114472],[110.315833,27.116392],[110.308133,27.107259],[110.304261,27.098236],[110.310506,27.06787],[110.30291,27.034424],[110.298857,27.026787],[110.2895,27.016166],[110.283657,27.004245],[110.284074,26.993428],[110.265138,26.959334],[110.256011,26.952621],[110.24431,26.950387],[110.229414,26.951907],[110.224776,26.96112],[110.224664,26.970723],[110.219488,26.975216],[110.207674,26.975295],[110.19367,26.972724],[110.175877,26.975842],[110.165807,26.980999],[110.153729,26.983432],[110.148528,26.989703],[110.153626,26.998415],[110.153984,27.009484],[110.150337,27.022864],[110.155053,27.037718],[110.162611,27.046412],[110.18328,27.055324],[110.198112,27.059361],[110.201414,27.061917],[110.20391,27.067451],[110.208364,27.081268],[110.204396,27.092028],[110.196096,27.098615],[110.194186,27.102084],[110.200481,27.118175],[110.206851,27.122365],[110.226521,27.130354],[110.239584,27.140082],[110.249483,27.151066],[110.267053,27.153868],[110.292338,27.163423],[110.297599,27.161225],[110.305059,27.16716],[110.314364,27.157961],[110.327298,27.15841],[110.331563,27.155984],[110.331777,27.151466],[110.338911,27.149812],[110.34272,27.150507],[110.345264,27.153536],[110.346475,27.160295],[110.355896,27.175275],[110.356406,27.184407],[110.352102,27.195952],[110.354664,27.205121],[110.357776,27.20895],[110.364009,27.210501],[110.368087,27.217208],[110.375602,27.223036],[110.383175,27.221357],[110.391721,27.214088],[110.397141,27.212802],[110.424045,27.199494],[110.434844,27.199351],[110.443055,27.201249],[110.456289,27.213283],[110.462113,27.247081],[110.467457,27.252395],[110.483536,27.262133],[110.511659,27.273773],[110.521077,27.282551],[110.526393,27.289929],[110.524281,27.293379],[110.540863,27.305182],[110.553944,27.308245],[110.558658,27.299319],[110.571141,27.284245],[110.578912,27.278555],[110.598701,27.281456],[110.609078,27.288963],[110.609927,27.292153],[110.609956,27.295999],[110.606373,27.301829],[110.609991,27.309531],[110.605399,27.319943],[110.614866,27.324105],[110.621951,27.330326],[110.622426,27.333338],[110.63221,27.343268],[110.636507,27.353638],[110.64921,27.365202],[110.648271,27.36729],[110.66365,27.370911],[110.66694,27.369614],[110.673956,27.361714],[110.673345,27.351635],[110.677811,27.344312],[110.683669,27.342669],[110.692756,27.343773],[110.704586,27.342737],[110.707696,27.332761],[110.711209,27.333451],[110.716265,27.337391],[110.735597,27.335423],[110.738644,27.343997],[110.746826,27.35238],[110.764593,27.360029],[110.772338,27.359884],[110.781798,27.354366],[110.783403,27.346937],[110.777854,27.302867],[110.777288,27.28107],[110.791865,27.270933],[110.793513,27.268322],[110.794231,27.260331],[110.797828,27.255855],[110.795312,27.246949],[110.798484,27.242922],[110.796317,27.23559],[110.801738,27.232695],[110.801749,27.226369],[110.808446,27.216708],[110.815621,27.213873],[110.820271,27.207388],[110.820917,27.199112],[110.824363,27.199647],[110.82938,27.195052],[110.826633,27.19926],[110.834389,27.196135],[110.834116,27.194699],[110.830201,27.195788],[110.830907,27.194315],[110.827978,27.190338],[110.834366,27.184603],[110.829125,27.182503],[110.828072,27.18005],[110.824018,27.181058],[110.817379,27.17803],[110.810861,27.177976],[110.805091,27.179999],[110.803651,27.178764],[110.799324,27.179494],[110.796619,27.184489],[110.795052,27.184489],[110.792232,27.183366],[110.790734,27.179268],[110.786165,27.174383],[110.78415,27.178535],[110.780329,27.175502],[110.77669,27.175836],[110.775816,27.173702],[110.778581,27.171179],[110.775856,27.166928],[110.779472,27.164612],[110.775096,27.157367],[110.778993,27.153217],[110.773043,27.14844],[110.778561,27.149231],[110.786177,27.15311],[110.807089,27.147554],[110.807846,27.145084],[110.81211,27.142837],[110.810362,27.139021],[110.813279,27.134204],[110.814693,27.121429],[110.834081,27.121868],[110.839611,27.122655],[110.844122,27.125703],[110.845905,27.124537],[110.84848,27.119526],[110.85178,27.119267],[110.856989,27.104285],[110.863649,27.09131],[110.877511,27.08257],[110.88283,27.077018],[110.884001,27.05444],[110.886561,27.050176],[110.890501,27.047451],[110.905257,27.052699],[110.907967,27.050728],[110.910591,27.043246],[110.916422,27.041812],[110.920795,27.037463],[110.919603,27.027049]]]}},{"type":"Feature","properties":{"dt_adcode":"430527"},"geometry":{"type":"Polygon","coordinates":[[[109.946207,26.686068],[109.954106,26.690315],[109.963583,26.691829],[109.975573,26.689841],[109.977525,26.685891],[109.987594,26.685348],[109.995549,26.680064],[109.998963,26.67334],[110.007472,26.673103],[110.005469,26.669221],[110.002124,26.668008],[110.004791,26.664494],[110.011196,26.664936],[110.019165,26.662382],[110.021777,26.664738],[110.02189,26.668273],[110.025264,26.669756],[110.02874,26.675518],[110.036883,26.681947],[110.043158,26.697817],[110.050516,26.696426],[110.056213,26.697872],[110.061978,26.695025],[110.065181,26.69539],[110.068421,26.698859],[110.072092,26.700137],[110.072502,26.707736],[110.067616,26.71274],[110.06662,26.719537],[110.064596,26.720544],[110.062966,26.717253],[110.060802,26.717548],[110.047477,26.72467],[110.050304,26.735626],[110.055902,26.738369],[110.056537,26.740194],[110.049601,26.748603],[110.059106,26.747265],[110.063082,26.749399],[110.06416,26.753551],[110.06228,26.761525],[110.066874,26.759778],[110.069251,26.760515],[110.068227,26.765292],[110.063481,26.769917],[110.068602,26.784621],[110.061647,26.793485],[110.060738,26.800978],[110.056526,26.808835],[110.058155,26.82204],[110.048719,26.825019],[110.042087,26.835749],[110.045906,26.842119],[110.04869,26.86073],[110.057507,26.878657],[110.063568,26.882062],[110.068472,26.880976],[110.078217,26.882019],[110.093257,26.891158],[110.097044,26.896024],[110.097426,26.906365],[110.090115,26.915466],[110.08492,26.919997],[110.077421,26.923579],[110.073501,26.928352],[110.072163,26.932012],[110.075892,26.941705],[110.089683,26.948765],[110.102778,26.948915],[110.116265,26.978002],[110.126844,26.985274],[110.135593,26.98575],[110.139623,26.987983],[110.146265,26.986886],[110.148528,26.989703],[110.153729,26.983432],[110.165807,26.980999],[110.175877,26.975842],[110.19367,26.972724],[110.207674,26.975295],[110.219488,26.975216],[110.224664,26.970723],[110.224776,26.96112],[110.229414,26.951907],[110.24431,26.950387],[110.256011,26.952621],[110.265138,26.959334],[110.284074,26.993428],[110.283657,27.004245],[110.2895,27.016166],[110.298857,27.026787],[110.30291,27.034424],[110.310506,27.06787],[110.304261,27.098236],[110.308133,27.107259],[110.314527,27.115253],[110.318888,27.116498],[110.332643,27.112342],[110.347523,27.122445],[110.356103,27.124167],[110.358794,27.126894],[110.355873,27.131712],[110.360422,27.136076],[110.368445,27.137209],[110.369352,27.141883],[110.371864,27.143231],[110.379745,27.135773],[110.388149,27.131865],[110.401487,27.121057],[110.403711,27.117908],[110.401892,27.107137],[110.393446,27.097125],[110.377593,27.088006],[110.370389,27.088363],[110.364606,27.09138],[110.362393,27.090992],[110.356365,27.087263],[110.355721,27.084744],[110.363065,27.078048],[110.363688,27.084312],[110.368125,27.086739],[110.373976,27.086219],[110.373822,27.081563],[110.370891,27.081278],[110.370782,27.079191],[110.368507,27.079124],[110.366073,27.075471],[110.371872,27.066436],[110.3811,27.064349],[110.378625,27.057459],[110.381529,27.051562],[110.375159,27.045802],[110.378838,27.040445],[110.387388,27.04124],[110.396503,27.036793],[110.412672,27.04423],[110.432013,27.039619],[110.434027,27.027714],[110.430499,27.026531],[110.433759,27.024114],[110.433148,27.022586],[110.430139,27.021191],[110.425182,27.022492],[110.423048,27.016105],[110.420577,27.015056],[110.418092,27.01685],[110.414244,27.012467],[110.422914,27.011944],[110.434161,27.000942],[110.435403,26.996741],[110.43207,26.993153],[110.431711,26.990096],[110.432839,26.983228],[110.441534,26.983286],[110.447225,26.977521],[110.453684,26.976289],[110.453394,26.972838],[110.449403,26.966432],[110.452413,26.96161],[110.467631,26.954616],[110.480174,26.945142],[110.482637,26.940994],[110.481042,26.933423],[110.475629,26.929022],[110.487101,26.914871],[110.493623,26.913655],[110.496014,26.925621],[110.50008,26.927332],[110.509088,26.916349],[110.510472,26.910246],[110.515669,26.901313],[110.523784,26.893756],[110.52688,26.8833],[110.520184,26.877138],[110.514134,26.863132],[110.526892,26.863377],[110.530446,26.861537],[110.535513,26.855587],[110.540031,26.853624],[110.533931,26.828396],[110.530484,26.825396],[110.527287,26.815285],[110.509839,26.795147],[110.483103,26.748292],[110.452993,26.722857],[110.433301,26.709766],[110.436562,26.705485],[110.429641,26.700988],[110.425607,26.693365],[110.421589,26.681606],[110.411919,26.665282],[110.404684,26.642409],[110.399073,26.634167],[110.384292,26.622656],[110.367127,26.601136],[110.346744,26.581811],[110.326339,26.553064],[110.312121,26.519917],[110.305126,26.491967],[110.302263,26.468665],[110.296714,26.461329],[110.288132,26.454811],[110.28063,26.453534],[110.275512,26.453757],[110.271541,26.456002],[110.269421,26.459311],[110.264992,26.467089],[110.26362,26.474497],[110.263413,26.493343],[110.265351,26.504968],[110.262833,26.514728],[110.255981,26.515951],[110.238336,26.502736],[110.234632,26.500608],[110.229497,26.500382],[110.225681,26.500785],[110.222291,26.504156],[110.219821,26.514834],[110.216293,26.520277],[110.204965,26.52815],[110.195893,26.526042],[110.189031,26.522224],[110.183408,26.508474],[110.179777,26.493943],[110.18033,26.480827],[110.167966,26.451772],[110.163469,26.435214],[110.16488,26.414709],[110.170917,26.399276],[110.166844,26.372134],[110.166375,26.354476],[110.167986,26.346822],[110.166798,26.343891],[110.156411,26.340698],[110.148569,26.341978],[110.128754,26.348616],[110.120585,26.348753],[110.11073,26.355392],[110.103848,26.355925],[110.097615,26.354132],[110.087774,26.34744],[110.067009,26.337755],[110.054063,26.333719],[110.048666,26.335253],[110.0382,26.32329],[110.033991,26.314708],[110.024639,26.307571],[110.022427,26.303561],[110.023344,26.285403],[110.029321,26.28127],[110.030017,26.278805],[110.025188,26.267948],[110.020112,26.262901],[110.012749,26.267332],[110.003411,26.270356],[109.991752,26.268465],[109.990382,26.272828],[109.984443,26.277748],[109.984933,26.280304],[109.996982,26.296156],[110.009306,26.304015],[110.012984,26.335057],[110.016755,26.340624],[110.017679,26.347522],[110.011549,26.364649],[110.01222,26.372465],[110.005462,26.377659],[109.993669,26.380561],[109.978666,26.388034],[109.977987,26.400194],[109.988334,26.429961],[109.987272,26.43247],[109.972209,26.428115],[109.966829,26.428037],[109.952898,26.434492],[109.950558,26.436984],[109.95503,26.446921],[109.950872,26.451223],[109.93981,26.454051],[109.934907,26.456966],[109.934169,26.472343],[109.932579,26.475993],[109.928468,26.477083],[109.919034,26.474664],[109.910445,26.466747],[109.902849,26.461829],[109.896749,26.459917],[109.891387,26.459392],[109.875424,26.468157],[109.87083,26.467874],[109.86017,26.463618],[109.856297,26.465195],[109.857666,26.475771],[109.862346,26.486846],[109.866888,26.490801],[109.875781,26.494119],[109.877335,26.497623],[109.87937,26.497044],[109.878349,26.503798],[109.883669,26.512284],[109.879695,26.517378],[109.883095,26.518828],[109.884757,26.523561],[109.89194,26.524819],[109.892283,26.527237],[109.890288,26.531724],[109.884934,26.530478],[109.872309,26.538898],[109.869102,26.537126],[109.863275,26.538911],[109.861958,26.550966],[109.864343,26.561019],[109.872022,26.568374],[109.87206,26.571029],[109.861694,26.583661],[109.856845,26.580927],[109.83256,26.599251],[109.826844,26.605845],[109.827451,26.616416],[109.830691,26.621503],[109.840401,26.622073],[109.844005,26.619586],[109.851466,26.621813],[109.858215,26.643401],[109.876511,26.651187],[109.898965,26.65559],[109.901084,26.668018],[109.904625,26.671047],[109.914036,26.676217],[109.928646,26.675723],[109.934061,26.673728],[109.941963,26.677741],[109.946207,26.686068]]]}},{"type":"Feature","properties":{"dt_adcode":"430528"},"geometry":{"type":"Polygon","coordinates":[[[110.921611,26.254885],[110.925021,26.261931],[110.919204,26.268266],[110.916379,26.275982],[110.91491,26.276333],[110.855632,26.268151],[110.845998,26.259846],[110.836591,26.25613],[110.807141,26.259251],[110.788646,26.258427],[110.782269,26.257473],[110.767781,26.250274],[110.759095,26.248697],[110.758193,26.255194],[110.744898,26.262894],[110.735221,26.270999],[110.742806,26.276109],[110.750032,26.290502],[110.749515,26.301106],[110.745614,26.310258],[110.741755,26.313903],[110.732557,26.311767],[110.720929,26.294229],[110.709478,26.293161],[110.697785,26.308721],[110.681343,26.315228],[110.667233,26.317622],[110.659843,26.312963],[110.6504,26.309893],[110.643761,26.308455],[110.635044,26.310443],[110.625792,26.31564],[110.622845,26.330078],[110.621037,26.332588],[110.617195,26.33393],[110.612337,26.333661],[110.595094,26.318376],[110.584537,26.30039],[110.563827,26.308741],[110.536309,26.305269],[110.521513,26.314043],[110.510529,26.318037],[110.50621,26.322614],[110.504384,26.326378],[110.508012,26.340439],[110.507467,26.348503],[110.503763,26.359252],[110.491353,26.378244],[110.488921,26.384564],[110.488575,26.396064],[110.494299,26.428624],[110.503344,26.430472],[110.520647,26.429383],[110.526465,26.43277],[110.529244,26.436767],[110.548031,26.473735],[110.555787,26.492418],[110.57049,26.516055],[110.576806,26.540556],[110.579886,26.545002],[110.589631,26.544997],[110.600249,26.538289],[110.604314,26.533503],[110.608145,26.533093],[110.611803,26.534301],[110.615905,26.538473],[110.615002,26.544949],[110.617062,26.553582],[110.612813,26.558366],[110.621148,26.560009],[110.633339,26.557836],[110.652993,26.564518],[110.663019,26.560382],[110.67168,26.559069],[110.690665,26.562795],[110.693616,26.560591],[110.699246,26.54747],[110.705599,26.546257],[110.712648,26.560863],[110.721452,26.566198],[110.73986,26.560735],[110.761385,26.564527],[110.767247,26.568147],[110.777076,26.586506],[110.786092,26.591345],[110.792009,26.587606],[110.800752,26.571318],[110.809328,26.569277],[110.813612,26.57228],[110.816629,26.575572],[110.81767,26.579886],[110.815849,26.583652],[110.81221,26.611867],[110.819139,26.632884],[110.817797,26.656849],[110.820624,26.669573],[110.830291,26.672531],[110.836178,26.672461],[110.840122,26.669962],[110.845514,26.661877],[110.852997,26.662647],[110.855139,26.664147],[110.862207,26.678956],[110.868757,26.697696],[110.869469,26.705013],[110.868125,26.712433],[110.86365,26.718864],[110.850016,26.722852],[110.847837,26.730104],[110.848455,26.736386],[110.876491,26.741504],[110.886421,26.745132],[110.8893,26.743562],[110.893038,26.73696],[110.896671,26.733985],[110.899485,26.733845],[110.925339,26.740393],[110.932907,26.746232],[110.946197,26.777539],[110.93975,26.801974],[110.930999,26.826524],[110.929016,26.836044],[110.929461,26.847281],[110.931531,26.851319],[110.934985,26.852992],[110.948509,26.842924],[110.960482,26.840747],[110.969891,26.842832],[110.979067,26.849299],[110.98244,26.853508],[110.983016,26.858536],[110.983051,26.863129],[110.980576,26.868762],[110.979697,26.883511],[110.984517,26.902593],[110.988536,26.912976],[110.998378,26.918071],[111.005352,26.914068],[111.018444,26.900818],[111.031919,26.89352],[111.060533,26.885263],[111.076877,26.882859],[111.079112,26.877694],[111.076302,26.873926],[111.068906,26.871068],[111.064728,26.866213],[111.065293,26.862969],[111.067939,26.860084],[111.070506,26.847779],[111.072141,26.845172],[111.078953,26.842997],[111.082066,26.83526],[111.080753,26.830959],[111.065177,26.820919],[111.064776,26.818639],[111.070364,26.813311],[111.08103,26.815087],[111.091446,26.814],[111.093349,26.814609],[111.094311,26.817324],[111.098009,26.81791],[111.106255,26.810038],[111.113271,26.808102],[111.112828,26.802476],[111.114613,26.799699],[111.127477,26.796373],[111.128087,26.792084],[111.130177,26.790056],[111.133426,26.790343],[111.135081,26.796277],[111.138826,26.801768],[111.148686,26.803739],[111.153819,26.802354],[111.157139,26.793679],[111.167544,26.792214],[111.187582,26.784889],[111.199356,26.784781],[111.204447,26.782572],[111.205978,26.77715],[111.200709,26.769489],[111.203078,26.759809],[111.208065,26.755711],[111.210108,26.749413],[111.210733,26.741744],[111.214848,26.728913],[111.212989,26.717635],[111.223869,26.711433],[111.237047,26.712544],[111.253374,26.716951],[111.262365,26.716592],[111.270361,26.713954],[111.272186,26.710726],[111.269248,26.702091],[111.26989,26.696043],[111.276244,26.688855],[111.283061,26.676413],[111.290949,26.67425],[111.295716,26.670762],[111.299361,26.660668],[111.301248,26.644202],[111.312543,26.639023],[111.311489,26.633384],[111.314604,26.628576],[111.314256,26.626638],[111.306066,26.619754],[111.30389,26.604044],[111.306656,26.596124],[111.304298,26.592275],[111.30542,26.588636],[111.304593,26.583351],[111.29771,26.576941],[111.297005,26.567751],[111.291411,26.564691],[111.288531,26.559638],[111.296053,26.526214],[111.29694,26.511746],[111.29553,26.506812],[111.29058,26.502696],[111.288761,26.492332],[111.283526,26.489861],[111.278291,26.490208],[111.271875,26.49942],[111.268346,26.499771],[111.261645,26.488908],[111.261002,26.479897],[111.251368,26.483831],[111.241199,26.481779],[111.231338,26.482107],[111.222062,26.474017],[111.212909,26.469656],[111.208686,26.464509],[111.203812,26.463432],[111.201175,26.457331],[111.182206,26.461872],[111.181061,26.463371],[111.184841,26.46844],[111.184642,26.470495],[111.17482,26.475152],[111.169306,26.473401],[111.163264,26.479046],[111.155521,26.482436],[111.155522,26.488189],[111.158869,26.494406],[111.154413,26.501281],[111.164142,26.505139],[111.165963,26.511739],[111.157926,26.517271],[111.153998,26.527024],[111.142265,26.541308],[111.125425,26.55533],[111.127128,26.577491],[111.133177,26.590753],[111.133881,26.600762],[111.137282,26.608626],[111.133292,26.620197],[111.125135,26.622965],[111.10922,26.617454],[111.10922,26.615223],[111.113857,26.609233],[111.112858,26.602306],[111.106985,26.586895],[111.102928,26.585839],[111.086884,26.588886],[111.081118,26.58706],[111.073584,26.587815],[111.071287,26.586345],[111.067109,26.577267],[111.063931,26.558386],[111.066575,26.534115],[111.063276,26.526537],[111.066513,26.521552],[111.067513,26.507143],[111.062508,26.502496],[111.061924,26.492927],[111.056447,26.486605],[111.060156,26.480331],[111.060268,26.473758],[111.052674,26.457042],[111.043711,26.451209],[111.042709,26.446805],[111.045191,26.443583],[111.044947,26.440939],[111.031747,26.432484],[111.029507,26.429484],[111.029157,26.424493],[111.025558,26.419201],[111.023082,26.407277],[111.019194,26.401014],[111.018304,26.393206],[111.025381,26.382955],[111.019131,26.37739],[111.016533,26.365996],[111.008574,26.35887],[110.991889,26.363575],[110.98381,26.371914],[110.983636,26.378017],[110.976203,26.385275],[110.958935,26.382738],[110.949043,26.377965],[110.944847,26.373609],[110.948746,26.365521],[110.950511,26.356958],[110.947404,26.353129],[110.947598,26.341744],[110.943921,26.326717],[110.938489,26.323159],[110.925442,26.319857],[110.932434,26.30842],[110.936027,26.305373],[110.936853,26.299856],[110.935556,26.294307],[110.938967,26.290733],[110.939733,26.286685],[110.930378,26.264343],[110.92996,26.255656],[110.927194,26.254011],[110.921611,26.254885]]]}},{"type":"Feature","properties":{"dt_adcode":"430529"},"geometry":{"type":"Polygon","coordinates":[[[110.283329,25.968244],[110.272238,25.966082],[110.266777,25.962726],[110.262056,25.963693],[110.252123,25.969631],[110.250794,25.980586],[110.253183,25.986729],[110.259838,25.988321],[110.259781,25.991507],[110.253183,25.995773],[110.251249,26.001461],[110.248576,25.999982],[110.246472,26.001517],[110.250226,26.010845],[110.246131,26.018296],[110.240841,26.018751],[110.238623,26.024781],[110.240386,26.032914],[110.23703,26.034621],[110.231971,26.032425],[110.230603,26.033028],[110.230034,26.037351],[110.213022,26.043942],[110.209584,26.051314],[110.208929,26.056884],[110.194004,26.063036],[110.194004,26.067367],[110.189636,26.066494],[110.183957,26.057502],[110.176658,26.051704],[110.172948,26.045003],[110.168815,26.028902],[110.165834,26.023824],[110.156387,26.018503],[110.144276,26.018804],[110.134803,26.024221],[110.129653,26.029217],[110.115326,26.035036],[110.112523,26.034775],[110.105268,26.024367],[110.100997,26.020188],[110.097941,26.019464],[110.09541,26.023935],[110.09594,26.03841],[110.089206,26.042387],[110.07261,26.04472],[110.065397,26.051556],[110.072122,26.063905],[110.074061,26.071272],[110.074419,26.083091],[110.079551,26.094371],[110.08268,26.096085],[110.080868,26.099083],[110.093555,26.118845],[110.096613,26.125424],[110.096054,26.127139],[110.098399,26.129677],[110.101221,26.127722],[110.102335,26.130188],[110.102384,26.132762],[110.100484,26.133002],[110.094402,26.147131],[110.094418,26.157407],[110.098715,26.169139],[110.083982,26.171495],[110.068443,26.168061],[110.051568,26.169212],[110.041554,26.162442],[110.030218,26.166114],[110.018486,26.182401],[110.014177,26.185504],[110.005749,26.185784],[109.996157,26.18084],[109.989242,26.180003],[109.984383,26.179932],[109.977139,26.184873],[109.970096,26.195097],[109.966249,26.1955],[109.974372,26.218343],[109.978639,26.224606],[109.992773,26.238619],[109.988819,26.245175],[109.995334,26.258676],[109.991109,26.265281],[109.991752,26.268465],[110.003411,26.270356],[110.012749,26.267332],[110.018613,26.262803],[110.02332,26.265131],[110.030017,26.278805],[110.029321,26.28127],[110.023344,26.285403],[110.022427,26.303561],[110.024639,26.307571],[110.033991,26.314708],[110.0382,26.32329],[110.048666,26.335253],[110.054063,26.333719],[110.067009,26.337755],[110.087774,26.34744],[110.097615,26.354132],[110.103848,26.355925],[110.11073,26.355392],[110.120585,26.348753],[110.128754,26.348616],[110.148569,26.341978],[110.156411,26.340698],[110.166798,26.343891],[110.167986,26.346822],[110.166375,26.354476],[110.166844,26.372134],[110.170917,26.399276],[110.16488,26.414709],[110.163469,26.435214],[110.167966,26.451772],[110.18033,26.480827],[110.179777,26.493943],[110.183408,26.508474],[110.189031,26.522224],[110.195893,26.526042],[110.204965,26.52815],[110.216293,26.520277],[110.219821,26.514834],[110.222291,26.504156],[110.225681,26.500785],[110.229497,26.500382],[110.234632,26.500608],[110.238336,26.502736],[110.255981,26.515951],[110.262833,26.514728],[110.265351,26.504968],[110.263413,26.493343],[110.26362,26.474497],[110.264992,26.467089],[110.269421,26.459311],[110.271541,26.456002],[110.275512,26.453757],[110.28063,26.453534],[110.288132,26.454811],[110.296714,26.461329],[110.302263,26.468665],[110.305126,26.491967],[110.312121,26.519917],[110.326339,26.553064],[110.346744,26.581811],[110.367127,26.601136],[110.384292,26.622656],[110.399073,26.634167],[110.404684,26.642409],[110.411919,26.665282],[110.421589,26.681606],[110.425607,26.693365],[110.429641,26.700988],[110.436562,26.705485],[110.433301,26.709766],[110.439544,26.706449],[110.450361,26.689852],[110.468345,26.690818],[110.480925,26.687212],[110.496557,26.674493],[110.503299,26.662902],[110.507461,26.642479],[110.514065,26.637327],[110.519579,26.635442],[110.532574,26.638934],[110.533804,26.642321],[110.531942,26.645401],[110.523579,26.651099],[110.523251,26.654331],[110.528125,26.658913],[110.532731,26.658916],[110.547064,26.654531],[110.551968,26.650844],[110.560529,26.635493],[110.566206,26.631771],[110.571296,26.631294],[110.575321,26.634316],[110.586167,26.65723],[110.592139,26.662689],[110.598669,26.664675],[110.613028,26.655732],[110.622171,26.641289],[110.623056,26.621721],[110.620856,26.606659],[110.610858,26.563937],[110.612813,26.558366],[110.617062,26.553582],[110.615002,26.544949],[110.615905,26.538473],[110.611803,26.534301],[110.604314,26.533503],[110.600249,26.538289],[110.589631,26.544997],[110.579886,26.545002],[110.576806,26.540556],[110.57049,26.516055],[110.555787,26.492418],[110.548031,26.473735],[110.526465,26.43277],[110.520647,26.429383],[110.503344,26.430472],[110.494299,26.428624],[110.4921,26.421383],[110.492775,26.415608],[110.488289,26.391256],[110.491353,26.378244],[110.503763,26.359252],[110.507467,26.348503],[110.508012,26.340439],[110.504384,26.326378],[110.510529,26.318037],[110.521513,26.314043],[110.536309,26.305269],[110.566601,26.308146],[110.584537,26.30039],[110.585536,26.301319],[110.584069,26.296928],[110.575228,26.293699],[110.569339,26.289583],[110.555219,26.28637],[110.553164,26.283431],[110.546085,26.257271],[110.546631,26.23358],[110.542671,26.221164],[110.532832,26.211696],[110.517542,26.186824],[110.507717,26.17667],[110.500151,26.16974],[110.490526,26.165555],[110.486951,26.16737],[110.481524,26.17652],[110.477672,26.17994],[110.471324,26.178524],[110.456955,26.16443],[110.437965,26.153967],[110.42314,26.13365],[110.414557,26.125771],[110.400368,26.116459],[110.37712,26.094421],[110.373346,26.089103],[110.373206,26.078541],[110.362883,26.06443],[110.356046,26.059533],[110.353287,26.054681],[110.357976,26.046472],[110.356514,26.039801],[110.340261,26.0084],[110.33309,25.986976],[110.325554,25.975641],[110.309759,25.970167],[110.307216,25.967368],[110.304271,25.967832],[110.304963,25.971298],[110.303578,25.972864],[110.301653,25.967968],[110.298708,25.970188],[110.296841,25.965514],[110.292439,25.965067],[110.283329,25.968244]]]}},{"type":"Feature","properties":{"dt_adcode":"430581"},"geometry":{"type":"Polygon","coordinates":[[[110.536564,26.836013],[110.540374,26.861827],[110.538063,26.868133],[110.541099,26.877418],[110.553296,26.883878],[110.556615,26.888636],[110.564441,26.885793],[110.569943,26.889089],[110.584326,26.893453],[110.604044,26.909294],[110.62092,26.911724],[110.628571,26.91068],[110.639434,26.902826],[110.653312,26.902193],[110.658578,26.899886],[110.683349,26.879224],[110.693969,26.880121],[110.698738,26.882198],[110.694693,26.900539],[110.699802,26.908114],[110.704589,26.910653],[110.734069,26.9125],[110.741746,26.916041],[110.748229,26.921018],[110.750967,26.932148],[110.76505,26.947788],[110.77622,26.94862],[110.780419,26.951034],[110.782607,26.961897],[110.782014,26.966596],[110.793753,26.970431],[110.80267,26.970392],[110.803571,26.969349],[110.801611,26.966697],[110.803314,26.965252],[110.806675,26.965571],[110.809554,26.961084],[110.825273,26.962136],[110.827806,26.955574],[110.827804,26.959494],[110.832046,26.95917],[110.835414,26.952629],[110.839461,26.952531],[110.843541,26.956353],[110.840595,26.958619],[110.843962,26.958975],[110.853191,26.950977],[110.852025,26.944695],[110.857563,26.944242],[110.857498,26.940712],[110.867342,26.935466],[110.869252,26.939287],[110.876279,26.937118],[110.875722,26.934306],[110.86879,26.926151],[110.87291,26.91813],[110.884642,26.912486],[110.904572,26.910868],[110.905209,26.913898],[110.907246,26.911651],[110.907301,26.913696],[110.909724,26.914455],[110.908324,26.924783],[110.913416,26.932439],[110.921373,26.937725],[110.925516,26.936401],[110.93349,26.938582],[110.937115,26.937691],[110.950518,26.943369],[110.950067,26.949406],[110.951345,26.951972],[110.956679,26.95377],[110.959466,26.962301],[110.956833,26.964057],[110.945003,26.964167],[110.941101,26.965958],[110.934837,26.974147],[110.922652,26.985306],[110.918036,26.993803],[110.917968,27.009204],[110.913492,27.019993],[110.912779,27.025084],[110.916734,27.026498],[110.925968,27.025823],[110.938869,27.030029],[110.948635,27.029335],[110.988571,27.032058],[110.997235,27.02614],[110.999896,27.01791],[110.999345,27.013375],[111.002016,27.006745],[111.005599,27.005382],[111.0099,27.008514],[111.02016,26.994404],[111.023716,26.992898],[111.024144,26.987436],[111.028055,26.980961],[111.036646,26.978926],[111.031406,26.972396],[111.035316,26.96879],[111.031754,26.962869],[111.035506,26.952612],[111.029847,26.943931],[111.032664,26.933304],[111.030087,26.929013],[111.022056,26.927277],[111.00912,26.931061],[111.007158,26.930301],[111.002206,26.925476],[110.998378,26.918071],[110.988536,26.912976],[110.986811,26.910299],[110.979697,26.883511],[110.980576,26.868762],[110.983051,26.863129],[110.983016,26.858536],[110.98244,26.853508],[110.979067,26.849299],[110.969891,26.842832],[110.960482,26.840747],[110.948509,26.842924],[110.934985,26.852992],[110.931531,26.851319],[110.929461,26.847281],[110.929016,26.836044],[110.930999,26.826524],[110.93975,26.801974],[110.946197,26.777539],[110.932907,26.746232],[110.925339,26.740393],[110.899485,26.733845],[110.896671,26.733985],[110.893038,26.73696],[110.8893,26.743562],[110.886421,26.745132],[110.876491,26.741504],[110.848455,26.736386],[110.847837,26.730104],[110.850016,26.722852],[110.86365,26.718864],[110.868125,26.712433],[110.869469,26.705013],[110.868757,26.697696],[110.862207,26.678956],[110.855139,26.664147],[110.852997,26.662647],[110.845514,26.661877],[110.840122,26.669962],[110.836178,26.672461],[110.830291,26.672531],[110.820624,26.669573],[110.817797,26.656849],[110.819139,26.632884],[110.81221,26.611867],[110.815849,26.583652],[110.81767,26.579886],[110.816629,26.575572],[110.809328,26.569277],[110.800752,26.571318],[110.792009,26.587606],[110.786092,26.591345],[110.777076,26.586506],[110.767247,26.568147],[110.761385,26.564527],[110.73986,26.560735],[110.721452,26.566198],[110.712648,26.560863],[110.705599,26.546257],[110.699246,26.54747],[110.693616,26.560591],[110.690665,26.562795],[110.67168,26.559069],[110.663019,26.560382],[110.652993,26.564518],[110.633339,26.557836],[110.621148,26.560009],[110.612813,26.558366],[110.610858,26.563937],[110.623056,26.621721],[110.622171,26.641289],[110.613028,26.655732],[110.598669,26.664675],[110.592139,26.662689],[110.586167,26.65723],[110.575321,26.634316],[110.571296,26.631294],[110.566206,26.631771],[110.560529,26.635493],[110.551968,26.650844],[110.547064,26.654531],[110.532731,26.658916],[110.528125,26.658913],[110.523251,26.654331],[110.523579,26.651099],[110.531942,26.645401],[110.533804,26.642321],[110.532574,26.638934],[110.519579,26.635442],[110.514065,26.637327],[110.507461,26.642479],[110.503299,26.662902],[110.500807,26.668541],[110.496557,26.674493],[110.480925,26.687212],[110.468345,26.690818],[110.453142,26.689257],[110.44744,26.692518],[110.439544,26.706449],[110.433301,26.709766],[110.452993,26.722857],[110.480721,26.745706],[110.485896,26.752013],[110.509839,26.795147],[110.527287,26.815285],[110.530484,26.825396],[110.533931,26.828396],[110.536564,26.836013]]]}},{"type":"Feature","properties":{"dt_adcode":"430582"},"geometry":{"type":"Polygon","coordinates":[[[111.869155,27.449854],[111.878403,27.442487],[111.892787,27.426848],[111.912857,27.410295],[111.913091,27.402721],[111.907303,27.395401],[111.909453,27.388948],[111.940855,27.369192],[111.953499,27.365522],[111.970492,27.357537],[111.975853,27.350974],[111.990279,27.341558],[111.98569,27.332721],[111.990809,27.317345],[111.9945,27.314879],[112.000396,27.318628],[112.018039,27.317544],[112.025126,27.30361],[112.037217,27.291451],[112.041081,27.289156],[112.051281,27.292399],[112.058701,27.289537],[112.062405,27.285843],[112.065194,27.250811],[112.069262,27.235884],[112.068426,27.218663],[112.076857,27.207992],[112.085484,27.203953],[112.086674,27.205675],[112.091998,27.205889],[112.094013,27.202369],[112.089957,27.201256],[112.088541,27.196447],[112.088619,27.195162],[112.092553,27.195227],[112.091268,27.192609],[112.086361,27.191266],[112.086794,27.189417],[112.091876,27.1901],[112.092813,27.187261],[112.091259,27.185645],[112.084163,27.187103],[112.077576,27.18519],[112.074152,27.185776],[112.075499,27.187771],[112.070684,27.19107],[112.067719,27.188773],[112.068484,27.185202],[112.058126,27.175432],[112.049016,27.150797],[112.049086,27.147693],[112.052357,27.142209],[112.046387,27.130951],[112.04904,27.123967],[112.056026,27.116645],[112.056652,27.111243],[112.051179,27.10033],[112.052118,27.093729],[112.056241,27.085763],[112.056197,27.081264],[112.046931,27.077265],[112.046234,27.074269],[112.050567,27.071099],[112.071812,27.064982],[112.074785,27.060616],[112.076366,27.050714],[112.083465,27.048492],[112.083447,27.046395],[112.079233,27.044174],[112.078042,27.041783],[112.079519,27.038624],[112.086843,27.033929],[112.086112,27.027338],[112.089752,27.022964],[112.086815,27.01324],[112.080985,27.008556],[112.072304,27.011611],[112.06727,27.010292],[112.060088,27.013032],[112.057731,27.012446],[112.05017,27.006452],[112.047725,26.999202],[112.040554,26.997097],[112.037534,26.997868],[112.037316,26.99668],[112.043208,26.995649],[112.047184,26.987674],[112.047123,26.975276],[112.042319,26.97099],[112.036191,26.972578],[112.028321,26.966192],[112.021904,26.966345],[112.019866,26.964919],[112.016296,26.955425],[112.007056,26.952658],[112.000637,26.943644],[111.993871,26.945106],[111.98883,26.942445],[111.979479,26.94229],[111.980341,26.944882],[111.986357,26.950018],[111.985026,26.957277],[111.981534,26.958771],[111.973726,26.958889],[111.968929,26.952426],[111.965814,26.951285],[111.961802,26.951147],[111.954312,26.955156],[111.948414,26.953277],[111.944623,26.954688],[111.934843,26.951466],[111.929828,26.938556],[111.927048,26.935671],[111.925214,26.934922],[111.922791,26.936486],[111.917823,26.935156],[111.905417,26.923415],[111.898518,26.926651],[111.897443,26.929562],[111.899039,26.933709],[111.897626,26.943693],[111.89911,26.947176],[111.898043,26.953354],[111.899007,26.960456],[111.898244,26.968846],[111.894341,26.97825],[111.898375,26.986661],[111.890127,26.994689],[111.882314,26.997101],[111.882002,26.999315],[111.877294,26.997062],[111.877321,27.005652],[111.87135,27.009013],[111.869617,27.013414],[111.861783,27.009271],[111.854896,27.011018],[111.841945,27.008723],[111.831162,27.016402],[111.827134,27.015695],[111.822613,27.020264],[111.817762,27.019932],[111.820383,27.0314],[111.823463,27.03574],[111.816057,27.045452],[111.808503,27.045657],[111.807836,27.043671],[111.810417,27.037606],[111.80916,27.034224],[111.806362,27.032992],[111.803173,27.03545],[111.796769,27.036084],[111.793415,27.038909],[111.786931,27.039689],[111.783558,27.043461],[111.777627,27.045238],[111.774349,27.055556],[111.771209,27.058686],[111.753541,27.057311],[111.753671,27.059002],[111.757951,27.061924],[111.757231,27.063292],[111.746212,27.060321],[111.743972,27.06246],[111.737874,27.06156],[111.724554,27.071903],[111.72471,27.068573],[111.721337,27.064985],[111.720763,27.06155],[111.713808,27.055064],[111.712859,27.052331],[111.699275,27.046594],[111.697309,27.039644],[111.690332,27.036721],[111.687669,27.030616],[111.684511,27.032319],[111.669765,27.032551],[111.670331,27.035522],[111.668574,27.038151],[111.669139,27.041022],[111.671697,27.042712],[111.667837,27.043623],[111.668191,27.046037],[111.672192,27.05669],[111.674532,27.057331],[111.676645,27.061431],[111.670909,27.058748],[111.67083,27.061706],[111.672696,27.061931],[111.671019,27.063644],[111.672089,27.065277],[111.668219,27.063048],[111.664069,27.067654],[111.660915,27.077684],[111.651726,27.080683],[111.65004,27.083587],[111.647122,27.084715],[111.646086,27.083197],[111.645033,27.084578],[111.646352,27.082062],[111.643933,27.080461],[111.644207,27.07779],[111.641857,27.07685],[111.640547,27.078204],[111.639867,27.077258],[111.641469,27.076506],[111.638738,27.076343],[111.637073,27.077382],[111.636612,27.0838],[111.632873,27.084258],[111.627496,27.087606],[111.621484,27.083306],[111.624005,27.080541],[111.624326,27.077654],[111.622395,27.076685],[111.623632,27.074039],[111.620066,27.073506],[111.618181,27.075006],[111.616555,27.068336],[111.614849,27.067453],[111.614215,27.068833],[111.60763,27.064394],[111.605642,27.064518],[111.604961,27.069172],[111.602036,27.071036],[111.601219,27.074083],[111.603223,27.080004],[111.602341,27.082908],[111.603963,27.083317],[111.605753,27.088076],[111.610023,27.088576],[111.603264,27.096485],[111.601168,27.094541],[111.600503,27.097638],[111.595135,27.099894],[111.593573,27.098595],[111.591858,27.10189],[111.588041,27.102766],[111.588947,27.104093],[111.585969,27.104342],[111.591324,27.108577],[111.595089,27.108701],[111.593622,27.112897],[111.594817,27.12146],[111.592574,27.122593],[111.589473,27.119564],[111.586391,27.120094],[111.586062,27.122226],[111.590738,27.126511],[111.583656,27.132023],[111.585961,27.132784],[111.586654,27.135379],[111.575346,27.143621],[111.574982,27.148935],[111.583292,27.165237],[111.586095,27.178672],[111.593995,27.190689],[111.59297,27.192574],[111.594097,27.194635],[111.59823,27.199751],[111.60081,27.197579],[111.60255,27.192535],[111.606531,27.191867],[111.609527,27.193365],[111.610742,27.196604],[111.618302,27.200916],[111.62057,27.223054],[111.623592,27.229874],[111.622439,27.238988],[111.625852,27.241532],[111.627333,27.247713],[111.629643,27.250643],[111.624978,27.254487],[111.614786,27.248722],[111.611833,27.249276],[111.614039,27.259445],[111.609515,27.260909],[111.608839,27.264739],[111.603618,27.267971],[111.606565,27.274185],[111.604981,27.283238],[111.600596,27.286759],[111.600032,27.289817],[111.601605,27.303969],[111.59539,27.307523],[111.594626,27.31147],[111.595833,27.313935],[111.609447,27.320557],[111.618065,27.321935],[111.620211,27.319295],[111.623755,27.303247],[111.629752,27.3004],[111.633951,27.30133],[111.643168,27.311418],[111.652222,27.315083],[111.655571,27.311229],[111.654909,27.30161],[111.659722,27.301747],[111.666373,27.306141],[111.670133,27.305558],[111.669671,27.301533],[111.672421,27.300696],[111.677197,27.294931],[111.681443,27.292871],[111.68661,27.292828],[111.690169,27.295631],[111.69237,27.304938],[111.686057,27.336759],[111.686553,27.340181],[111.693521,27.343721],[111.721724,27.347748],[111.72587,27.351664],[111.72866,27.35818],[111.727566,27.364673],[111.728783,27.374719],[111.73279,27.380251],[111.74754,27.384282],[111.763207,27.390847],[111.767674,27.388549],[111.769346,27.385077],[111.775527,27.38558],[111.778417,27.383289],[111.782531,27.382938],[111.792757,27.391093],[111.794526,27.401468],[111.803206,27.405085],[111.806586,27.404087],[111.809057,27.394438],[111.816197,27.394709],[111.819321,27.391872],[111.821741,27.391962],[111.82735,27.398086],[111.83083,27.39438],[111.833848,27.393599],[111.837862,27.396597],[111.836564,27.400936],[111.838543,27.406655],[111.835907,27.41003],[111.822902,27.414541],[111.818346,27.417916],[111.814275,27.423931],[111.81691,27.434023],[111.823745,27.447378],[111.831575,27.445125],[111.835178,27.446034],[111.838791,27.451306],[111.840209,27.456621],[111.850381,27.461146],[111.855284,27.461136],[111.863757,27.451931],[111.869155,27.449854]]]}},{"type":"Feature","properties":{"dt_adcode":"430602"},"geometry":{"type":"Polygon","coordinates":[[[113.153372,29.455373],[113.193138,29.436083],[113.202401,29.429264],[113.206152,29.4214],[113.205371,29.409262],[113.208352,29.402329],[113.216594,29.396676],[113.223131,29.396559],[113.235325,29.401392],[113.250388,29.402349],[113.256083,29.399803],[113.260509,29.391572],[113.26301,29.39198],[113.265859,29.397494],[113.270706,29.400368],[113.283687,29.398571],[113.284574,29.399931],[113.282593,29.405414],[113.289295,29.410014],[113.29618,29.409371],[113.30225,29.412739],[113.316349,29.416246],[113.321777,29.416164],[113.328632,29.41375],[113.329084,29.411344],[113.325011,29.401892],[113.331709,29.387111],[113.335092,29.374089],[113.333508,29.370964],[113.327027,29.369077],[113.322981,29.362558],[113.310734,29.358141],[113.307767,29.349995],[113.308306,29.343102],[113.312585,29.338835],[113.32739,29.335979],[113.334767,29.337215],[113.340195,29.331838],[113.34103,29.328726],[113.347684,29.325101],[113.346649,29.320763],[113.351449,29.301916],[113.349108,29.294998],[113.349292,29.276767],[113.342151,29.270624],[113.33875,29.262458],[113.331741,29.257887],[113.334435,29.250674],[113.330871,29.244317],[113.322951,29.242361],[113.316012,29.236187],[113.312309,29.237563],[113.309841,29.243267],[113.305769,29.242453],[113.302836,29.237591],[113.300261,29.236514],[113.294342,29.240616],[113.288552,29.238234],[113.281275,29.24266],[113.27905,29.240821],[113.276326,29.243199],[113.267943,29.242737],[113.264314,29.245231],[113.267979,29.246408],[113.268099,29.249758],[113.263289,29.250356],[113.258234,29.258223],[113.249036,29.265082],[113.244516,29.2645],[113.242598,29.268415],[113.237069,29.267412],[113.234712,29.262619],[113.220417,29.272687],[113.20284,29.26945],[113.195299,29.271492],[113.190526,29.278245],[113.194842,29.281316],[113.192488,29.284289],[113.193104,29.289699],[113.189629,29.290934],[113.183851,29.289648],[113.177185,29.285739],[113.176951,29.278713],[113.168737,29.276481],[113.162673,29.281423],[113.158947,29.282444],[113.155316,29.280237],[113.155168,29.27731],[113.159293,29.275038],[113.159587,29.273203],[113.153798,29.26759],[113.156016,29.261947],[113.162723,29.255893],[113.163527,29.238921],[113.161083,29.237572],[113.154376,29.239671],[113.150382,29.243771],[113.137717,29.240182],[113.133946,29.243103],[113.125214,29.260613],[113.120026,29.263629],[113.122031,29.267699],[113.120669,29.270432],[113.113806,29.273693],[113.11023,29.278476],[113.11102,29.280296],[113.116192,29.280211],[113.117781,29.284361],[113.109849,29.296688],[113.10491,29.29618],[113.101202,29.290377],[113.088197,29.292113],[113.083036,29.309734],[113.071847,29.32111],[113.076379,29.334186],[113.075197,29.341794],[113.078249,29.347471],[113.086421,29.35547],[113.089368,29.364462],[113.087647,29.366148],[113.093378,29.375861],[113.093496,29.386384],[113.09546,29.391314],[113.122025,29.404279],[113.148638,29.428014],[113.150216,29.444159],[113.148726,29.451865],[113.153372,29.455373]]]}},{"type":"Feature","properties":{"dt_adcode":"430603"},"geometry":{"type":"Polygon","coordinates":[[[113.307771,29.625565],[113.324263,29.618105],[113.329787,29.617766],[113.333615,29.61999],[113.34322,29.63509],[113.346691,29.635214],[113.348022,29.631466],[113.347229,29.614615],[113.349629,29.612802],[113.351882,29.613653],[113.356093,29.621664],[113.363571,29.620022],[113.37323,29.61048],[113.376576,29.604591],[113.383451,29.600417],[113.390401,29.599538],[113.395136,29.60326],[113.395874,29.609842],[113.393799,29.620278],[113.395042,29.623808],[113.40922,29.622034],[113.420846,29.614044],[113.432863,29.60846],[113.435099,29.606002],[113.434302,29.603266],[113.419014,29.594263],[113.413738,29.588996],[113.402264,29.570538],[113.393171,29.570055],[113.384014,29.566993],[113.381998,29.564881],[113.383397,29.561639],[113.386568,29.560728],[113.396905,29.561836],[113.401646,29.554886],[113.415281,29.552131],[113.427744,29.545765],[113.433821,29.539643],[113.43154,29.527949],[113.422757,29.528831],[113.404813,29.53448],[113.387816,29.518306],[113.373128,29.519178],[113.371398,29.515906],[113.368571,29.495944],[113.364754,29.493942],[113.350612,29.495199],[113.329029,29.491412],[113.330108,29.486857],[113.342209,29.485666],[113.354195,29.48734],[113.356804,29.484876],[113.356612,29.481152],[113.359639,29.478587],[113.364187,29.48131],[113.364082,29.472365],[113.356759,29.464654],[113.356829,29.463069],[113.365385,29.459483],[113.373671,29.462984],[113.379617,29.461767],[113.381268,29.459689],[113.381641,29.452832],[113.389356,29.445714],[113.387992,29.441822],[113.378389,29.432153],[113.371001,29.439729],[113.366888,29.441847],[113.359453,29.433578],[113.345649,29.440786],[113.342509,29.438785],[113.343083,29.431241],[113.335931,29.418592],[113.332964,29.418741],[113.330572,29.420927],[113.323839,29.419985],[113.32437,29.42485],[113.323195,29.42602],[113.315661,29.416162],[113.30225,29.412739],[113.29618,29.409371],[113.290816,29.410165],[113.28673,29.40881],[113.282593,29.405414],[113.284574,29.399931],[113.283687,29.398571],[113.270706,29.400368],[113.265859,29.397494],[113.26301,29.39198],[113.260509,29.391572],[113.256083,29.399803],[113.250388,29.402349],[113.235325,29.401392],[113.223131,29.396559],[113.216594,29.396676],[113.208352,29.402329],[113.205371,29.409262],[113.206152,29.4214],[113.202401,29.429264],[113.193138,29.436083],[113.153372,29.455373],[113.182087,29.485589],[113.222397,29.543711],[113.267098,29.574514],[113.272257,29.580837],[113.27224,29.584655],[113.27728,29.595107],[113.298083,29.613856],[113.307771,29.625565]]]}},{"type":"Feature","properties":{"dt_adcode":"430611"},"geometry":{"type":"Polygon","coordinates":[[[113.140283,29.451786],[113.141115,29.442288],[113.136924,29.432995],[113.116523,29.416171],[113.105996,29.410445],[113.103646,29.405994],[113.100482,29.404186],[113.089855,29.402952],[113.0872,29.400222],[113.059704,29.386296],[113.04518,29.388704],[113.029085,29.384172],[113.024789,29.376838],[113.026539,29.358536],[113.025023,29.353213],[113.018611,29.350005],[113.005427,29.349136],[113.001724,29.352056],[113.000942,29.3724],[112.997536,29.378704],[112.995916,29.391868],[112.965161,29.419145],[112.952766,29.432858],[112.903413,29.461808],[112.895463,29.467849],[112.870934,29.474764],[112.856042,29.481593],[112.824279,29.509815],[112.820465,29.510374],[112.796618,29.489974],[112.786096,29.484594],[112.782536,29.479847],[112.780418,29.470106],[112.781301,29.4643],[112.77302,29.455617],[112.773436,29.450146],[112.779856,29.44604],[112.79218,29.452219],[112.796879,29.451257],[112.798638,29.442753],[112.80012,29.440612],[112.803639,29.439777],[112.807322,29.431071],[112.809213,29.430312],[112.809514,29.416411],[112.796648,29.379692],[112.793682,29.376858],[112.781559,29.376261],[112.777091,29.374076],[112.776527,29.368361],[112.781471,29.358277],[112.779388,29.345431],[112.755441,29.317874],[112.725579,29.313097],[112.722883,29.314175],[112.721119,29.320123],[112.72791,29.335372],[112.728032,29.342319],[112.716809,29.355152],[112.715044,29.361579],[112.719541,29.374067],[112.717846,29.379816],[112.709767,29.387455],[112.704365,29.388106],[112.703983,29.395803],[112.700034,29.399692],[112.685199,29.400816],[112.679622,29.406253],[112.675925,29.41279],[112.656593,29.417286],[112.639616,29.437496],[112.633443,29.441281],[112.63001,29.451753],[112.632479,29.454003],[112.632801,29.461982],[112.6296,29.466621],[112.645517,29.464806],[112.648032,29.459936],[112.65629,29.456587],[112.659279,29.451804],[112.667021,29.450974],[112.669134,29.454654],[112.669202,29.458944],[112.66648,29.464081],[112.667176,29.469949],[112.672093,29.474126],[112.678645,29.475172],[112.681873,29.477645],[112.689044,29.490601],[112.694701,29.506019],[112.733531,29.515775],[112.759964,29.524468],[112.759374,29.529049],[112.755806,29.533554],[112.750995,29.53673],[112.744533,29.538149],[112.743031,29.544942],[112.748235,29.558163],[112.75362,29.561574],[112.76146,29.562935],[112.767546,29.574647],[112.770869,29.586115],[112.773056,29.587223],[112.777306,29.583538],[112.780897,29.583016],[112.787437,29.585022],[112.795302,29.591477],[112.800001,29.599819],[112.805939,29.601721],[112.810186,29.607375],[112.813548,29.601979],[112.81847,29.599765],[112.825766,29.603813],[112.839084,29.607919],[112.844162,29.612584],[112.849891,29.628532],[112.856036,29.630879],[112.86583,29.637918],[112.890139,29.640681],[112.907271,29.626157],[112.915851,29.621027],[112.912021,29.616148],[112.911846,29.606861],[112.937402,29.527117],[112.943296,29.493887],[112.95015,29.472894],[112.955877,29.469019],[112.969188,29.469066],[112.973369,29.472393],[112.982141,29.488126],[112.990322,29.497952],[113.018781,29.516194],[113.034427,29.523605],[113.044869,29.52495],[113.057648,29.522459],[113.061676,29.518605],[113.064695,29.512438],[113.0728,29.482764],[113.075997,29.450196],[113.07817,29.43834],[113.080743,29.434078],[113.085993,29.431046],[113.090572,29.430766],[113.096906,29.433627],[113.100614,29.438003],[113.102647,29.443041],[113.099991,29.459665],[113.106859,29.460662],[113.115921,29.456473],[113.129653,29.458321],[113.140283,29.451786]]]}},{"type":"Feature","properties":{"dt_adcode":"430621"},"geometry":{"type":"Polygon","coordinates":[[[113.603814,29.256514],[113.609646,29.251527],[113.614784,29.250725],[113.635247,29.250619],[113.646456,29.231392],[113.653148,29.2254],[113.661434,29.224824],[113.662955,29.229606],[113.665781,29.232244],[113.672432,29.231414],[113.681867,29.233966],[113.690083,29.230807],[113.69296,29.226273],[113.692038,29.219639],[113.693793,29.201821],[113.69168,29.19682],[113.680324,29.182437],[113.669977,29.177667],[113.663064,29.169497],[113.662185,29.164468],[113.66315,29.159574],[113.670409,29.155512],[113.667983,29.143756],[113.67033,29.138889],[113.672608,29.136184],[113.684728,29.131069],[113.684588,29.121949],[113.690578,29.114539],[113.688151,29.094686],[113.685429,29.086832],[113.68562,29.082295],[113.688906,29.078496],[113.696321,29.07765],[113.706353,29.082882],[113.710621,29.094317],[113.722752,29.104716],[113.73043,29.105693],[113.732905,29.103513],[113.727137,29.089994],[113.726225,29.083647],[113.728083,29.0781],[113.731861,29.073484],[113.734196,29.064481],[113.737148,29.061456],[113.727986,29.060688],[113.725841,29.058946],[113.711451,29.035201],[113.70601,29.033199],[113.698639,29.033684],[113.681182,29.039423],[113.660697,29.031418],[113.657088,29.028379],[113.654602,29.02179],[113.651237,29.018853],[113.648691,29.01922],[113.645414,29.024416],[113.643111,29.024993],[113.635447,29.025454],[113.629904,29.022774],[113.622086,29.016488],[113.621903,29.008058],[113.612395,28.997313],[113.611776,28.973109],[113.609884,28.969679],[113.598673,28.971736],[113.589869,28.969374],[113.588344,28.970571],[113.586367,28.97956],[113.582649,28.980888],[113.580767,28.977743],[113.583211,28.970384],[113.579284,28.968214],[113.570126,28.967952],[113.570083,28.97083],[113.577907,28.979514],[113.575239,28.982697],[113.56687,28.984854],[113.562566,28.983141],[113.559906,28.97182],[113.556096,28.96683],[113.545121,28.96281],[113.528621,28.963867],[113.513458,28.954078],[113.510777,28.954383],[113.507491,28.959777],[113.496196,28.962026],[113.476282,28.958371],[113.473367,28.962801],[113.468772,28.963403],[113.465189,28.972523],[113.444883,28.970935],[113.441141,28.977567],[113.439286,28.978202],[113.425477,28.972824],[113.417514,28.972422],[113.409765,28.964225],[113.405842,28.96267],[113.401675,28.963709],[113.395474,28.958041],[113.389116,28.957337],[113.387196,28.958024],[113.384477,28.9643],[113.3731,28.964745],[113.360945,28.974331],[113.345037,28.971734],[113.332771,28.972847],[113.329953,28.975847],[113.329936,28.982791],[113.328335,28.985279],[113.312504,28.994474],[113.30338,28.986151],[113.291738,28.984721],[113.272819,28.992243],[113.261154,28.986198],[113.251484,28.989459],[113.242354,28.986793],[113.241252,28.983922],[113.243455,28.97612],[113.242283,28.972513],[113.227606,28.961807],[113.215216,28.958206],[113.209486,28.952142],[113.197467,28.956727],[113.187893,28.951028],[113.186047,28.952223],[113.187434,28.962488],[113.183024,28.965506],[113.170115,28.957114],[113.158782,28.959437],[113.153661,28.958842],[113.150333,28.961514],[113.147161,28.968137],[113.138562,28.9666],[113.1344,28.967694],[113.116116,28.982163],[113.106265,28.983806],[113.082281,28.997228],[113.07403,29.006889],[113.059512,29.008972],[113.055247,29.005886],[113.047656,29.00555],[113.044156,29.006925],[113.034064,29.016953],[113.030858,29.014477],[113.026119,29.016329],[113.017991,29.015593],[113.010254,29.019301],[112.999859,29.016803],[112.993673,29.019861],[112.98788,29.027005],[112.984249,29.053972],[112.97628,29.05951],[112.966692,29.061031],[112.965768,29.056158],[112.954746,29.035987],[112.949525,29.037152],[112.939025,29.044274],[112.949378,29.060784],[112.941149,29.063174],[112.939035,29.065532],[112.939184,29.073238],[112.92989,29.096991],[112.927057,29.109044],[112.924662,29.149432],[112.901089,29.154621],[112.881601,29.162769],[112.812881,29.152381],[112.804596,29.155189],[112.798503,29.159805],[112.813464,29.178656],[112.813056,29.182888],[112.810387,29.185515],[112.795099,29.191117],[112.784666,29.183409],[112.783018,29.183917],[112.788283,29.197954],[112.797859,29.239257],[112.805947,29.251719],[112.80606,29.258105],[112.804344,29.262931],[112.810535,29.289111],[112.811064,29.29805],[112.816274,29.315852],[112.840028,29.368512],[112.844181,29.392602],[112.833015,29.428052],[112.838215,29.44358],[112.827817,29.446531],[112.826609,29.440632],[112.823164,29.436541],[112.815878,29.430757],[112.810747,29.429987],[112.807322,29.431071],[112.803639,29.439777],[112.80012,29.440612],[112.798638,29.442753],[112.796879,29.451257],[112.79218,29.452219],[112.779856,29.44604],[112.773436,29.450146],[112.77302,29.455617],[112.781301,29.4643],[112.780418,29.470106],[112.782536,29.479847],[112.786096,29.484594],[112.796618,29.489974],[112.820465,29.510374],[112.824279,29.509815],[112.856042,29.481593],[112.870934,29.474764],[112.895463,29.467849],[112.903413,29.461808],[112.952766,29.432858],[112.965161,29.419145],[112.995916,29.391868],[112.997536,29.378704],[113.000942,29.3724],[113.001724,29.352056],[113.005427,29.349136],[113.0113,29.349066],[113.018611,29.350005],[113.025999,29.354845],[113.024789,29.376838],[113.029085,29.384172],[113.04518,29.388704],[113.059704,29.386296],[113.0872,29.400222],[113.089855,29.402952],[113.101463,29.404605],[113.105996,29.410445],[113.116523,29.416171],[113.134743,29.430339],[113.133648,29.430912],[113.136924,29.432995],[113.141019,29.441774],[113.140283,29.451786],[113.145337,29.449317],[113.148726,29.451865],[113.15019,29.44287],[113.148638,29.428014],[113.146167,29.424729],[113.122025,29.404279],[113.09546,29.391314],[113.093496,29.386384],[113.093378,29.375861],[113.087647,29.366148],[113.089368,29.364462],[113.086421,29.35547],[113.078249,29.347471],[113.075197,29.341794],[113.076379,29.334186],[113.071847,29.32111],[113.083036,29.309734],[113.088197,29.292113],[113.101202,29.290377],[113.103468,29.29481],[113.106516,29.296959],[113.109849,29.296688],[113.111968,29.294089],[113.117781,29.284361],[113.116192,29.280211],[113.11102,29.280296],[113.11023,29.278476],[113.113806,29.273693],[113.120669,29.270432],[113.122031,29.267699],[113.120026,29.263629],[113.125214,29.260613],[113.133946,29.243103],[113.137717,29.240182],[113.150382,29.243771],[113.154376,29.239671],[113.161083,29.237572],[113.163527,29.238921],[113.162723,29.255893],[113.156016,29.261947],[113.153798,29.26759],[113.159587,29.273203],[113.159293,29.275038],[113.155168,29.27731],[113.155316,29.280237],[113.158947,29.282444],[113.169907,29.276532],[113.1778,29.279575],[113.177185,29.285739],[113.178372,29.286744],[113.183851,29.289648],[113.192129,29.290888],[113.192488,29.284289],[113.194842,29.281316],[113.190526,29.278245],[113.195299,29.271492],[113.199256,29.269442],[113.220417,29.272687],[113.234712,29.262619],[113.237069,29.267412],[113.242598,29.268415],[113.244516,29.2645],[113.249036,29.265082],[113.258234,29.258223],[113.263289,29.250356],[113.268099,29.249758],[113.267979,29.246408],[113.264314,29.245231],[113.267943,29.242737],[113.276326,29.243199],[113.27905,29.240821],[113.281275,29.24266],[113.288552,29.238234],[113.294342,29.240616],[113.300261,29.236514],[113.302836,29.237591],[113.305769,29.242453],[113.309841,29.243267],[113.312309,29.237563],[113.316012,29.236187],[113.313376,29.231489],[113.316124,29.22849],[113.326798,29.2274],[113.32826,29.229411],[113.325041,29.231601],[113.326799,29.233961],[113.331835,29.231668],[113.342892,29.230069],[113.343509,29.228785],[113.341857,29.227253],[113.338281,29.226316],[113.338029,29.222216],[113.340759,29.214526],[113.338349,29.208791],[113.343959,29.198859],[113.34924,29.204261],[113.351084,29.204152],[113.358477,29.201454],[113.364086,29.197333],[113.369442,29.206039],[113.37252,29.208004],[113.381602,29.202853],[113.38865,29.205478],[113.391673,29.205022],[113.407146,29.196063],[113.413056,29.197322],[113.429355,29.210902],[113.441404,29.226632],[113.464302,29.236534],[113.478391,29.250991],[113.472474,29.258361],[113.474135,29.264283],[113.479362,29.269319],[113.489284,29.27498],[113.4961,29.273781],[113.505855,29.261493],[113.51651,29.260766],[113.530298,29.2669],[113.534243,29.272824],[113.53856,29.275584],[113.549369,29.279562],[113.553359,29.277799],[113.557991,29.271205],[113.562224,29.268693],[113.574932,29.268176],[113.585237,29.270687],[113.590422,29.269761],[113.598894,29.254931],[113.601497,29.254147],[113.603814,29.256514]]]}},{"type":"Feature","properties":{"dt_adcode":"430623"},"geometry":{"type":"MultiPolygon","coordinates":[[[[112.315726,29.524324],[112.31664,29.532348],[112.320059,29.54056],[112.329976,29.544337],[112.336021,29.544923],[112.368861,29.541531],[112.39072,29.567519],[112.3923,29.566898],[112.393113,29.562734],[112.396358,29.562988],[112.401335,29.575833],[112.408949,29.578636],[112.423562,29.595705],[112.426911,29.616399],[112.433077,29.622521],[112.439627,29.633805],[112.446069,29.632666],[112.456654,29.635946],[112.465875,29.631436],[112.482019,29.633479],[112.499113,29.629243],[112.502072,29.625761],[112.502192,29.616541],[112.505219,29.611007],[112.513051,29.609184],[112.514882,29.607112],[112.535476,29.599651],[112.541777,29.60145],[112.565136,29.620778],[112.569808,29.621623],[112.572226,29.623868],[112.589665,29.620228],[112.605226,29.613564],[112.609238,29.607541],[112.62107,29.614876],[112.626554,29.616574],[112.640176,29.607891],[112.648941,29.592459],[112.66026,29.599527],[112.673415,29.600031],[112.678992,29.589517],[112.682743,29.589581],[112.686945,29.592732],[112.689878,29.598026],[112.688991,29.602396],[112.694107,29.601752],[112.693324,29.608702],[112.699023,29.610741],[112.698685,29.619978],[112.705941,29.630427],[112.713091,29.635656],[112.714057,29.647164],[112.717171,29.651592],[112.725457,29.655023],[112.729343,29.654906],[112.730473,29.652999],[112.729429,29.64705],[112.730324,29.645603],[112.73354,29.645439],[112.751551,29.658457],[112.756926,29.657854],[112.762109,29.660979],[112.763828,29.664792],[112.763664,29.672307],[112.765956,29.675076],[112.77767,29.679636],[112.78558,29.678179],[112.788573,29.679901],[112.785304,29.686553],[112.784862,29.693556],[112.79519,29.697672],[112.796724,29.702343],[112.791792,29.71373],[112.792486,29.715665],[112.803861,29.72251],[112.806097,29.726084],[112.795019,29.732535],[112.793944,29.735897],[112.801998,29.738599],[112.815424,29.746627],[112.843638,29.771096],[112.861647,29.783142],[112.870014,29.786002],[112.880673,29.786868],[112.889454,29.78573],[112.899745,29.781707],[112.922726,29.767295],[112.926876,29.763033],[112.930648,29.752253],[112.932028,29.739911],[112.931273,29.726224],[112.927321,29.708411],[112.927006,29.69216],[112.931552,29.684856],[112.936986,29.681383],[112.944815,29.682762],[112.957826,29.694176],[112.974921,29.732687],[112.979233,29.737611],[113.003481,29.755241],[113.011795,29.767674],[113.019088,29.772098],[113.026119,29.772773],[113.030971,29.766871],[113.030874,29.762297],[113.025045,29.74865],[113.015231,29.710914],[113.004957,29.693759],[112.996034,29.685482],[112.976205,29.672128],[112.965431,29.658921],[112.945404,29.647494],[112.915851,29.621027],[112.907271,29.626157],[112.890139,29.640681],[112.864504,29.637315],[112.856036,29.630879],[112.849891,29.628532],[112.844162,29.612584],[112.839084,29.607919],[112.825766,29.603813],[112.81847,29.599765],[112.813548,29.601979],[112.810186,29.607375],[112.805939,29.601721],[112.800001,29.599819],[112.795302,29.591477],[112.787437,29.585022],[112.780897,29.583016],[112.777306,29.583538],[112.773056,29.587223],[112.770869,29.586115],[112.767546,29.574647],[112.76146,29.562935],[112.75362,29.561574],[112.748235,29.558163],[112.743031,29.544942],[112.744533,29.538149],[112.750995,29.53673],[112.755806,29.533554],[112.759374,29.529049],[112.759964,29.524468],[112.733531,29.515775],[112.694701,29.506019],[112.689044,29.490601],[112.681873,29.477645],[112.678645,29.475172],[112.672093,29.474126],[112.667176,29.469949],[112.66648,29.464081],[112.669202,29.458944],[112.669134,29.454654],[112.667021,29.450974],[112.659279,29.451804],[112.65629,29.456587],[112.648032,29.459936],[112.645517,29.464806],[112.6296,29.466621],[112.632801,29.461982],[112.632479,29.454003],[112.63001,29.451753],[112.633443,29.441281],[112.639616,29.437496],[112.656593,29.417286],[112.675925,29.41279],[112.679622,29.406253],[112.685199,29.400816],[112.700034,29.399692],[112.703983,29.395803],[112.704365,29.388106],[112.709767,29.387455],[112.717846,29.379816],[112.719541,29.374067],[112.715044,29.361579],[112.716809,29.355152],[112.728032,29.342319],[112.72791,29.335372],[112.721119,29.320123],[112.722883,29.314175],[112.72497,29.313129],[112.755441,29.317874],[112.759644,29.321893],[112.767049,29.332625],[112.779388,29.345431],[112.781471,29.358277],[112.776527,29.368361],[112.777091,29.374076],[112.781559,29.376261],[112.793682,29.376858],[112.796648,29.379692],[112.809514,29.416411],[112.809213,29.430312],[112.815878,29.430757],[112.823164,29.436541],[112.826609,29.440632],[112.827817,29.446531],[112.838215,29.44358],[112.833015,29.428052],[112.844181,29.392602],[112.840028,29.368512],[112.816274,29.315852],[112.811064,29.29805],[112.810535,29.289111],[112.804344,29.262931],[112.80606,29.258105],[112.805947,29.251719],[112.797859,29.239257],[112.784631,29.186667],[112.775601,29.176587],[112.77082,29.174269],[112.757279,29.170101],[112.741944,29.168286],[112.739948,29.170645],[112.733286,29.171839],[112.731444,29.175076],[112.724576,29.177638],[112.723056,29.181166],[112.715839,29.187335],[112.708716,29.185589],[112.693197,29.192563],[112.682407,29.192241],[112.678422,29.195925],[112.677336,29.203971],[112.680948,29.21402],[112.676162,29.223263],[112.681671,29.230418],[112.682889,29.235392],[112.681628,29.237761],[112.678556,29.237917],[112.679105,29.244781],[112.692549,29.252698],[112.694672,29.257315],[112.691279,29.261378],[112.686745,29.262672],[112.682135,29.272234],[112.684502,29.275872],[112.693499,29.280108],[112.699877,29.287384],[112.696267,29.288704],[112.689246,29.295727],[112.683616,29.293784],[112.680763,29.294968],[112.674159,29.306124],[112.666736,29.300249],[112.663439,29.301388],[112.652574,29.321442],[112.64139,29.332187],[112.632244,29.336496],[112.617096,29.335217],[112.608053,29.331044],[112.594012,29.321271],[112.579415,29.303669],[112.570641,29.301914],[112.558017,29.304802],[112.549044,29.301309],[112.527258,29.310586],[112.502047,29.312217],[112.497003,29.317034],[112.491865,29.329003],[112.490975,29.337607],[112.485749,29.342918],[112.464251,29.353487],[112.446801,29.359965],[112.439947,29.360629],[112.40888,29.382282],[112.388509,29.400309],[112.386624,29.406014],[112.388598,29.422587],[112.382559,29.430061],[112.367548,29.439876],[112.366193,29.458423],[112.361341,29.457914],[112.350983,29.453082],[112.344294,29.448541],[112.341997,29.444409],[112.336874,29.445086],[112.328271,29.450065],[112.324029,29.477279],[112.331564,29.50978],[112.318709,29.517111],[112.315726,29.524324]]],[[[112.921026,29.780003],[112.898734,29.793262],[112.886534,29.796429],[112.888859,29.799132],[112.9012,29.80318],[112.909188,29.802814],[112.919689,29.799681],[112.933769,29.789287],[112.937673,29.784009],[112.939595,29.780003],[112.939368,29.768311],[112.937907,29.766587],[112.921026,29.780003]]]]}},{"type":"Feature","properties":{"dt_adcode":"430624"},"geometry":{"type":"Polygon","coordinates":[[[112.989074,28.528866],[112.97444,28.520651],[112.965644,28.521155],[112.955337,28.515939],[112.94754,28.514031],[112.939806,28.508515],[112.923366,28.519832],[112.919647,28.520183],[112.912341,28.517163],[112.902043,28.516709],[112.897616,28.518184],[112.891316,28.524777],[112.885113,28.520648],[112.871463,28.51915],[112.871115,28.512994],[112.873941,28.503989],[112.872831,28.500814],[112.870082,28.50107],[112.865003,28.503672],[112.864439,28.507279],[112.854455,28.512318],[112.841446,28.510502],[112.832316,28.51204],[112.823642,28.511389],[112.822308,28.51561],[112.824267,28.52421],[112.822422,28.528371],[112.815593,28.527795],[112.812439,28.521437],[112.808582,28.51931],[112.798952,28.518869],[112.793022,28.522081],[112.789407,28.527969],[112.788809,28.53501],[112.790994,28.539304],[112.80803,28.557581],[112.808576,28.559509],[112.806072,28.55988],[112.796432,28.558528],[112.772685,28.54641],[112.757729,28.529741],[112.754793,28.524203],[112.753872,28.517988],[112.745552,28.515999],[112.746898,28.510462],[112.731657,28.507437],[112.714556,28.510648],[112.700449,28.519698],[112.68539,28.525423],[112.687612,28.533245],[112.68593,28.541017],[112.689262,28.545102],[112.701747,28.552406],[112.709394,28.552173],[112.713969,28.55578],[112.720247,28.554954],[112.726541,28.557198],[112.736277,28.5674],[112.726213,28.581692],[112.716466,28.579188],[112.713084,28.587989],[112.719615,28.589685],[112.71945,28.595424],[112.711319,28.595629],[112.704135,28.599726],[112.698864,28.5995],[112.691981,28.596303],[112.683089,28.595945],[112.675135,28.581214],[112.667113,28.584293],[112.658699,28.580521],[112.648816,28.564269],[112.645329,28.564016],[112.635458,28.559026],[112.632824,28.550056],[112.629346,28.547182],[112.609744,28.54081],[112.601573,28.539908],[112.593423,28.541323],[112.589216,28.551264],[112.585885,28.555062],[112.568016,28.560707],[112.562471,28.563576],[112.561986,28.565379],[112.563745,28.570934],[112.569777,28.579931],[112.574389,28.585106],[112.582791,28.590124],[112.583277,28.593322],[112.590244,28.600655],[112.585041,28.605237],[112.588588,28.609925],[112.585517,28.613725],[112.584808,28.618558],[112.58904,28.628891],[112.580531,28.629734],[112.576733,28.624264],[112.574071,28.623807],[112.564815,28.628192],[112.561974,28.635092],[112.554109,28.644064],[112.544116,28.63943],[112.533772,28.640416],[112.528199,28.642778],[112.527611,28.646085],[112.518439,28.652082],[112.510601,28.654807],[112.518276,28.661648],[112.522464,28.669303],[112.525312,28.678375],[112.526412,28.702534],[112.534548,28.709582],[112.548226,28.712349],[112.552452,28.714859],[112.55583,28.719653],[112.552254,28.729602],[112.559097,28.731605],[112.562813,28.729974],[112.567475,28.730863],[112.580583,28.739695],[112.597564,28.744197],[112.604411,28.741456],[112.604466,28.754114],[112.608148,28.760523],[112.617486,28.770034],[112.619129,28.778559],[112.626203,28.780756],[112.630575,28.784504],[112.637357,28.78633],[112.641785,28.789461],[112.647888,28.788345],[112.653615,28.791701],[112.661929,28.788988],[112.673454,28.792528],[112.675487,28.797231],[112.671832,28.800375],[112.673419,28.805718],[112.672671,28.813068],[112.670331,28.817041],[112.664941,28.821037],[112.663941,28.82944],[112.659896,28.834621],[112.659375,28.838703],[112.668363,28.850449],[112.669582,28.85765],[112.677426,28.871243],[112.685191,28.879765],[112.722901,28.883489],[112.735001,28.886192],[112.751039,28.894926],[112.773202,28.902751],[112.774451,28.906466],[112.78101,28.910828],[112.79746,28.913682],[112.811598,28.921564],[112.838122,28.929279],[112.847984,28.93554],[112.852681,28.942753],[112.864426,28.952779],[112.872419,28.962971],[112.876089,28.984073],[112.886626,28.977064],[112.894104,28.96502],[112.894278,28.957618],[112.874332,28.918146],[112.872745,28.909152],[112.873542,28.90054],[112.891833,28.872054],[112.894522,28.862996],[112.890571,28.830965],[112.897479,28.830863],[112.903825,28.835314],[112.91243,28.834747],[112.918927,28.828352],[112.926879,28.827293],[112.939469,28.831892],[112.952067,28.827181],[112.960361,28.821307],[112.966403,28.81989],[112.977716,28.820508],[112.989188,28.81761],[112.996706,28.810014],[113.004208,28.805687],[113.009357,28.796036],[113.022712,28.788703],[113.025256,28.785742],[113.024742,28.781784],[113.018556,28.777468],[113.019566,28.773981],[113.011296,28.754444],[113.015756,28.743381],[113.014864,28.738342],[113.025091,28.719844],[113.019611,28.711527],[113.006854,28.699951],[113.001051,28.701341],[112.997035,28.707385],[112.993297,28.70852],[112.984724,28.700782],[112.973096,28.700796],[112.956988,28.695107],[112.953045,28.692346],[112.953463,28.690265],[112.960391,28.68657],[112.958998,28.680962],[112.960051,28.678998],[112.964064,28.676961],[112.967842,28.668995],[112.973889,28.667394],[112.974118,28.664603],[112.979813,28.664993],[112.992265,28.659553],[113.005161,28.660912],[113.011024,28.655063],[113.030173,28.650685],[113.036312,28.647829],[113.037897,28.644971],[113.033708,28.641301],[113.026077,28.640412],[113.018297,28.632066],[113.015429,28.616559],[113.010714,28.604751],[113.002271,28.598539],[112.998367,28.592559],[112.997121,28.585317],[113.001956,28.575672],[113.003332,28.569197],[112.995559,28.555882],[112.997527,28.54868],[112.994807,28.536734],[112.989074,28.528866]]]}},{"type":"Feature","properties":{"dt_adcode":"430626"},"geometry":{"type":"Polygon","coordinates":[[[113.94206,29.047331],[113.945988,29.044772],[113.947404,29.040266],[113.948195,29.031556],[113.946526,29.027161],[113.946777,29.016331],[113.951948,29.011025],[113.956086,29.003397],[113.961372,28.999415],[113.955554,28.97934],[113.966726,28.944279],[113.97492,28.937569],[113.980663,28.945019],[113.987286,28.950049],[113.99786,28.951813],[114.006042,28.95657],[114.00887,28.955413],[114.009435,28.944303],[114.003959,28.926477],[114.004968,28.918308],[114.014621,28.917844],[114.019433,28.914186],[114.023958,28.907711],[114.028351,28.891155],[114.04209,28.907431],[114.050301,28.907756],[114.062854,28.899998],[114.06712,28.887504],[114.066824,28.884528],[114.060062,28.879063],[114.057567,28.874971],[114.057735,28.864496],[114.062294,28.856693],[114.059886,28.852197],[114.060998,28.846655],[114.069194,28.847029],[114.074206,28.836662],[114.080433,28.833241],[114.094616,28.832977],[114.124889,28.843277],[114.129057,28.841657],[114.129334,28.835013],[114.134436,28.826977],[114.138004,28.826319],[114.142915,28.828012],[114.151124,28.835981],[114.153314,28.832107],[114.153634,28.82661],[114.151937,28.82184],[114.154551,28.815214],[114.151988,28.801619],[114.14887,28.796559],[114.140963,28.790538],[114.137464,28.779749],[114.153777,28.770761],[114.156703,28.764024],[114.151974,28.742457],[114.146733,28.735946],[114.149477,28.728285],[114.149347,28.723762],[114.142635,28.715177],[114.141526,28.705086],[114.139993,28.702953],[114.128229,28.701028],[114.122396,28.68947],[114.123843,28.687649],[114.123868,28.680605],[114.133113,28.671689],[114.129404,28.662267],[114.132427,28.658339],[114.132609,28.653934],[114.129923,28.650992],[114.129385,28.647436],[114.132815,28.641848],[114.132321,28.639492],[114.128301,28.634937],[114.127382,28.630406],[114.123595,28.627398],[114.122286,28.623265],[114.123378,28.618858],[114.129564,28.615711],[114.132128,28.607193],[114.118704,28.586864],[114.106556,28.584181],[114.102766,28.58117],[114.100692,28.575883],[114.0948,28.570099],[114.094695,28.562257],[114.088246,28.560013],[114.08618,28.558335],[114.086761,28.555885],[114.073891,28.555207],[114.065957,28.547716],[114.053292,28.54417],[114.040056,28.55103],[114.025438,28.542805],[114.019581,28.542894],[114.015056,28.545686],[114.013551,28.554596],[114.002019,28.562179],[113.995761,28.564896],[113.987415,28.562837],[113.975999,28.564734],[113.970631,28.558771],[113.962454,28.542335],[113.95321,28.538101],[113.94125,28.526366],[113.935439,28.531394],[113.917856,28.525443],[113.902465,28.528576],[113.889529,28.515628],[113.885647,28.515164],[113.876489,28.518906],[113.859464,28.531813],[113.855784,28.53184],[113.844417,28.5239],[113.832452,28.498867],[113.832988,28.489045],[113.824894,28.484108],[113.817543,28.466876],[113.815153,28.464853],[113.803516,28.457149],[113.784962,28.457555],[113.779736,28.45329],[113.773894,28.451039],[113.761677,28.451379],[113.731978,28.442361],[113.721667,28.431737],[113.719634,28.425109],[113.704669,28.422183],[113.676956,28.44203],[113.657333,28.447709],[113.656672,28.449937],[113.661506,28.456078],[113.654222,28.462339],[113.649746,28.470021],[113.636111,28.482483],[113.629647,28.482767],[113.624844,28.490671],[113.617785,28.494002],[113.607256,28.503083],[113.576941,28.536264],[113.566951,28.533052],[113.556819,28.532736],[113.552014,28.526502],[113.548499,28.52496],[113.528209,28.528282],[113.517753,28.536323],[113.507366,28.536949],[113.503794,28.543299],[113.500933,28.559176],[113.497223,28.565838],[113.491351,28.570449],[113.475104,28.578528],[113.472388,28.587222],[113.461319,28.597381],[113.452911,28.590631],[113.449456,28.590979],[113.445818,28.594003],[113.441997,28.590368],[113.430401,28.590291],[113.426785,28.585772],[113.425917,28.579329],[113.424321,28.578719],[113.419856,28.588614],[113.415674,28.587652],[113.414581,28.590903],[113.416925,28.604661],[113.420716,28.608661],[113.41775,28.615256],[113.418019,28.618901],[113.423753,28.621031],[113.426564,28.633064],[113.425315,28.635959],[113.409699,28.632457],[113.403328,28.634504],[113.391674,28.641753],[113.384759,28.644564],[113.379867,28.644671],[113.365444,28.637224],[113.360087,28.631464],[113.358595,28.622403],[113.349231,28.616596],[113.334217,28.619225],[113.323491,28.615409],[113.318976,28.616161],[113.315636,28.621018],[113.316539,28.628625],[113.315254,28.630437],[113.309993,28.633161],[113.297235,28.634713],[113.283614,28.638705],[113.27859,28.637582],[113.274758,28.631984],[113.264647,28.631333],[113.260956,28.62813],[113.257406,28.627714],[113.251816,28.629696],[113.251009,28.634086],[113.245958,28.640602],[113.248102,28.6455],[113.24359,28.65618],[113.238255,28.660873],[113.230851,28.662213],[113.229844,28.665407],[113.226308,28.665958],[113.215305,28.67542],[113.215527,28.678391],[113.203209,28.677422],[113.19672,28.681193],[113.187566,28.682441],[113.184913,28.684483],[113.184541,28.688662],[113.187773,28.693335],[113.187894,28.698088],[113.190104,28.699828],[113.185928,28.706465],[113.191136,28.714112],[113.189802,28.717044],[113.191059,28.719915],[113.190262,28.724583],[113.192749,28.727751],[113.188565,28.733198],[113.196649,28.739736],[113.192464,28.739836],[113.192667,28.744069],[113.189765,28.745575],[113.188596,28.75207],[113.190511,28.754885],[113.187461,28.756326],[113.185053,28.760902],[113.186821,28.765246],[113.186119,28.76867],[113.181961,28.768491],[113.177819,28.771594],[113.178626,28.77566],[113.176997,28.780499],[113.183236,28.786555],[113.181851,28.800243],[113.187162,28.810192],[113.198486,28.807831],[113.204257,28.805038],[113.211111,28.792959],[113.22421,28.782742],[113.234816,28.781448],[113.254775,28.786331],[113.26739,28.780821],[113.269918,28.782616],[113.275427,28.796666],[113.281458,28.806139],[113.28776,28.810467],[113.292542,28.81954],[113.291959,28.823019],[113.28505,28.833137],[113.28545,28.837203],[113.289483,28.841421],[113.29443,28.841683],[113.303229,28.838619],[113.315501,28.840416],[113.328184,28.837903],[113.335657,28.84087],[113.350768,28.85386],[113.356143,28.850794],[113.370194,28.828901],[113.373323,28.826629],[113.376991,28.827687],[113.401439,28.848057],[113.408767,28.851801],[113.416307,28.848709],[113.429977,28.862731],[113.43204,28.863112],[113.438306,28.853757],[113.440671,28.853004],[113.445627,28.857201],[113.447126,28.860914],[113.442787,28.872293],[113.438022,28.87718],[113.431582,28.881911],[113.402824,28.893262],[113.399855,28.901066],[113.404466,28.910863],[113.404067,28.913866],[113.402418,28.917999],[113.39039,28.927271],[113.388332,28.931068],[113.388392,28.933461],[113.395542,28.939984],[113.39582,28.941952],[113.395074,28.946697],[113.387196,28.958024],[113.393807,28.957312],[113.399677,28.962929],[113.405842,28.96267],[113.409765,28.964225],[113.417514,28.972422],[113.425477,28.972824],[113.439286,28.978202],[113.441141,28.977567],[113.444883,28.970935],[113.465189,28.972523],[113.468772,28.963403],[113.473367,28.962801],[113.476282,28.958371],[113.496196,28.962026],[113.507491,28.959777],[113.510777,28.954383],[113.513458,28.954078],[113.528621,28.963867],[113.545121,28.96281],[113.556096,28.96683],[113.559906,28.97182],[113.562566,28.983141],[113.56687,28.984854],[113.575239,28.982697],[113.577907,28.979514],[113.570083,28.97083],[113.570126,28.967952],[113.579284,28.968214],[113.583211,28.970384],[113.580767,28.977743],[113.582649,28.980888],[113.586367,28.97956],[113.588344,28.970571],[113.589869,28.969374],[113.598673,28.971736],[113.609884,28.969679],[113.611776,28.973109],[113.612395,28.997313],[113.621903,29.008058],[113.622086,29.016488],[113.629904,29.022774],[113.635447,29.025454],[113.643111,29.024993],[113.645414,29.024416],[113.648691,29.01922],[113.651237,29.018853],[113.654602,29.02179],[113.657088,29.028379],[113.660697,29.031418],[113.681182,29.039423],[113.698639,29.033684],[113.70601,29.033199],[113.711451,29.035201],[113.723573,29.056185],[113.727986,29.060688],[113.737148,29.061456],[113.741245,29.058124],[113.749421,29.060919],[113.764361,29.078228],[113.76646,29.089247],[113.769929,29.091971],[113.775581,29.095215],[113.780634,29.094633],[113.78851,29.098854],[113.792495,29.097031],[113.798524,29.100374],[113.815972,29.105317],[113.827164,29.102442],[113.836114,29.091775],[113.837022,29.086813],[113.831559,29.069337],[113.844698,29.063898],[113.847329,29.059995],[113.852601,29.0587],[113.868638,29.065794],[113.881839,29.065451],[113.882402,29.064317],[113.876112,29.056996],[113.874873,29.05313],[113.875366,29.047921],[113.87806,29.042836],[113.876587,29.038203],[113.877895,29.035499],[113.881481,29.033573],[113.888361,29.032822],[113.895356,29.029488],[113.902917,29.031208],[113.909709,29.030104],[113.918117,29.038328],[113.933373,29.045974],[113.94206,29.047331]]]}},{"type":"Feature","properties":{"dt_adcode":"430681"},"geometry":{"type":"Polygon","coordinates":[[[113.23361,28.661612],[113.234706,28.646445],[113.216478,28.638052],[113.212854,28.634273],[113.215037,28.619846],[113.204021,28.610348],[113.198171,28.608442],[113.195034,28.603674],[113.186517,28.601996],[113.183433,28.599103],[113.189695,28.582147],[113.185128,28.573562],[113.186116,28.567959],[113.194667,28.566464],[113.200758,28.55559],[113.193929,28.550083],[113.19476,28.541534],[113.185922,28.529229],[113.183061,28.510158],[113.185816,28.504124],[113.177645,28.499357],[113.175505,28.493589],[113.171389,28.492411],[113.17099,28.482456],[113.168963,28.479634],[113.161017,28.47611],[113.154292,28.470879],[113.142401,28.472645],[113.131181,28.471311],[113.128667,28.473998],[113.132078,28.490773],[113.130447,28.49851],[113.1193,28.500445],[113.111915,28.499305],[113.105353,28.501894],[113.096565,28.508692],[113.089529,28.506013],[113.084992,28.508231],[113.084314,28.515169],[113.079039,28.521885],[113.074778,28.524038],[113.072161,28.523611],[113.067933,28.519273],[113.062321,28.503403],[113.055254,28.499364],[113.047811,28.489563],[113.041428,28.484913],[113.033895,28.486111],[113.02778,28.483207],[113.022265,28.478506],[113.018571,28.472569],[113.009963,28.467974],[112.988084,28.460319],[112.98257,28.46476],[112.977118,28.46463],[112.970542,28.466968],[112.961044,28.476553],[112.961131,28.479434],[112.967296,28.483409],[112.969743,28.49078],[112.977547,28.497151],[112.974891,28.506995],[112.978899,28.513938],[112.978629,28.523439],[112.989074,28.528866],[112.994807,28.536734],[112.997527,28.54868],[112.995559,28.555882],[113.003332,28.569197],[113.001956,28.575672],[112.997121,28.585317],[112.998367,28.592559],[113.002271,28.598539],[113.010714,28.604751],[113.015429,28.616559],[113.018297,28.632066],[113.026077,28.640412],[113.033708,28.641301],[113.037897,28.644971],[113.036312,28.647829],[113.030173,28.650685],[113.011024,28.655063],[113.005161,28.660912],[112.992265,28.659553],[112.979813,28.664993],[112.974118,28.664603],[112.973889,28.667394],[112.967842,28.668995],[112.964064,28.676961],[112.960051,28.678998],[112.958998,28.680962],[112.960391,28.68657],[112.953463,28.690265],[112.953045,28.692346],[112.956988,28.695107],[112.973096,28.700796],[112.984724,28.700782],[112.993297,28.70852],[112.997035,28.707385],[113.001051,28.701341],[113.006854,28.699951],[113.02239,28.715122],[113.024673,28.721589],[113.014864,28.738342],[113.015756,28.743381],[113.011296,28.754444],[113.019566,28.773981],[113.018556,28.777468],[113.024742,28.781784],[113.025544,28.784223],[113.023758,28.787644],[113.009357,28.796036],[113.004208,28.805687],[112.996706,28.810014],[112.991706,28.816134],[112.98627,28.818583],[112.977716,28.820508],[112.966403,28.81989],[112.960361,28.821307],[112.952067,28.827181],[112.939469,28.831892],[112.926879,28.827293],[112.918927,28.828352],[112.91243,28.834747],[112.903825,28.835314],[112.897479,28.830863],[112.890571,28.830965],[112.894522,28.862996],[112.891833,28.872054],[112.873542,28.90054],[112.872745,28.909152],[112.874332,28.918146],[112.894278,28.957618],[112.894104,28.96502],[112.886626,28.977064],[112.876089,28.984073],[112.891385,28.999363],[112.927928,29.023048],[112.939025,29.044274],[112.949525,29.037152],[112.954746,29.035987],[112.965768,29.056158],[112.966692,29.061031],[112.97628,29.05951],[112.984249,29.053972],[112.98788,29.027005],[112.991809,29.021322],[112.998108,29.01751],[113.010254,29.019301],[113.017991,29.015593],[113.026119,29.016329],[113.030858,29.014477],[113.034064,29.016953],[113.044156,29.006925],[113.047656,29.00555],[113.055247,29.005886],[113.059512,29.008972],[113.065872,29.007088],[113.072543,29.007431],[113.075065,29.006241],[113.082281,28.997228],[113.106265,28.983806],[113.116116,28.982163],[113.1344,28.967694],[113.138562,28.9666],[113.147161,28.968137],[113.150333,28.961514],[113.153661,28.958842],[113.158782,28.959437],[113.170115,28.957114],[113.180711,28.965013],[113.185199,28.964985],[113.187434,28.962488],[113.186047,28.952223],[113.187893,28.951028],[113.197467,28.956727],[113.209486,28.952142],[113.215216,28.958206],[113.227606,28.961807],[113.242283,28.972513],[113.243455,28.97612],[113.241252,28.983922],[113.242354,28.986793],[113.251484,28.989459],[113.261154,28.986198],[113.272819,28.992243],[113.291738,28.984721],[113.30338,28.986151],[113.312504,28.994474],[113.328335,28.985279],[113.329936,28.982791],[113.329953,28.975847],[113.332771,28.972847],[113.345037,28.971734],[113.360945,28.974331],[113.3731,28.964745],[113.384477,28.9643],[113.395708,28.944321],[113.395542,28.939984],[113.388392,28.933461],[113.388332,28.931068],[113.39039,28.927271],[113.402418,28.917999],[113.404067,28.913866],[113.404466,28.910863],[113.399855,28.901066],[113.402824,28.893262],[113.431582,28.881911],[113.440249,28.875246],[113.442787,28.872293],[113.447126,28.860914],[113.442855,28.854513],[113.440671,28.853004],[113.438306,28.853757],[113.43204,28.863112],[113.429977,28.862731],[113.416307,28.848709],[113.408767,28.851801],[113.401439,28.848057],[113.376991,28.827687],[113.373323,28.826629],[113.370194,28.828901],[113.356143,28.850794],[113.350768,28.85386],[113.335657,28.84087],[113.328184,28.837903],[113.315501,28.840416],[113.303229,28.838619],[113.29443,28.841683],[113.289483,28.841421],[113.28545,28.837203],[113.28505,28.833137],[113.291959,28.823019],[113.292542,28.81954],[113.28776,28.810467],[113.281458,28.806139],[113.275427,28.796666],[113.269918,28.782616],[113.26739,28.780821],[113.254775,28.786331],[113.234816,28.781448],[113.22421,28.782742],[113.211111,28.792959],[113.204257,28.805038],[113.188392,28.810366],[113.185533,28.808415],[113.181729,28.799364],[113.183236,28.786555],[113.176867,28.779956],[113.178626,28.77566],[113.177819,28.771594],[113.181961,28.768491],[113.186119,28.76867],[113.186821,28.765246],[113.185053,28.760902],[113.187461,28.756326],[113.190511,28.754885],[113.188596,28.75207],[113.189765,28.745575],[113.192667,28.744069],[113.192464,28.739836],[113.196649,28.739736],[113.188565,28.733198],[113.192749,28.727751],[113.190262,28.724583],[113.191059,28.719915],[113.189802,28.717044],[113.191136,28.714112],[113.185928,28.706465],[113.190104,28.699828],[113.187894,28.698088],[113.188379,28.695162],[113.184541,28.688662],[113.184653,28.685172],[113.186861,28.682683],[113.19672,28.681193],[113.203209,28.677422],[113.215527,28.678391],[113.215305,28.67542],[113.226308,28.665958],[113.229844,28.665407],[113.230851,28.662213],[113.23361,28.661612]]]}},{"type":"Feature","properties":{"dt_adcode":"430682"},"geometry":{"type":"Polygon","coordinates":[[[113.571521,29.848931],[113.571772,29.846259],[113.580913,29.835666],[113.581062,29.832312],[113.576122,29.825443],[113.577879,29.821068],[113.577222,29.818558],[113.572053,29.814738],[113.565249,29.812599],[113.566506,29.809521],[113.572552,29.810364],[113.575649,29.807979],[113.570231,29.805614],[113.561892,29.791582],[113.568094,29.786967],[113.560024,29.783154],[113.550968,29.768199],[113.551079,29.766679],[113.555892,29.763658],[113.554336,29.75855],[113.559708,29.748166],[113.56117,29.739045],[113.560295,29.732932],[113.55845,29.727051],[113.540134,29.699646],[113.538411,29.683649],[113.547167,29.675373],[113.567686,29.673435],[113.57557,29.674928],[113.584063,29.674045],[113.599757,29.670936],[113.603927,29.667756],[113.608483,29.666671],[113.613321,29.670893],[113.637139,29.669645],[113.641412,29.672276],[113.646326,29.672414],[113.647237,29.673623],[113.64538,29.676071],[113.651732,29.683457],[113.656979,29.68232],[113.664287,29.684031],[113.663314,29.677597],[113.669237,29.669313],[113.667132,29.663886],[113.671604,29.658935],[113.674337,29.649082],[113.680756,29.642566],[113.679554,29.640822],[113.672027,29.641149],[113.671815,29.638514],[113.678788,29.635021],[113.688083,29.640829],[113.69098,29.63827],[113.69548,29.638325],[113.692655,29.633354],[113.69541,29.634477],[113.698561,29.632841],[113.703669,29.634514],[113.703561,29.630538],[113.70511,29.628788],[113.703072,29.626941],[113.704894,29.623474],[113.703824,29.619286],[113.708405,29.608979],[113.712535,29.611198],[113.721937,29.611798],[113.728575,29.598242],[113.732829,29.593766],[113.738649,29.593725],[113.741178,29.591242],[113.740824,29.588027],[113.737496,29.585856],[113.738519,29.580338],[113.736382,29.576855],[113.729382,29.574879],[113.725811,29.575467],[113.721085,29.57144],[113.711283,29.56941],[113.712558,29.566334],[113.709767,29.562156],[113.711074,29.559176],[113.708656,29.553901],[113.702899,29.552946],[113.701283,29.555534],[113.691598,29.547783],[113.681596,29.548617],[113.679217,29.546092],[113.679066,29.543052],[113.681122,29.539821],[113.676831,29.537911],[113.669354,29.535721],[113.655562,29.536509],[113.654723,29.53102],[113.647887,29.52989],[113.63121,29.523386],[113.631397,29.517898],[113.634229,29.515431],[113.634886,29.510342],[113.643397,29.507848],[113.654877,29.508806],[113.655745,29.511048],[113.660455,29.509014],[113.661878,29.510969],[113.666408,29.510308],[113.671673,29.512469],[113.673044,29.510368],[113.678578,29.513706],[113.688846,29.509584],[113.689644,29.506875],[113.695891,29.503003],[113.696033,29.498231],[113.706904,29.485994],[113.712857,29.483518],[113.715959,29.480148],[113.718523,29.47998],[113.723821,29.473552],[113.728121,29.473528],[113.742511,29.468021],[113.740531,29.465373],[113.748794,29.457095],[113.751032,29.451309],[113.75491,29.44758],[113.754476,29.441409],[113.744704,29.43465],[113.736969,29.426256],[113.741396,29.417891],[113.741734,29.412871],[113.736229,29.406101],[113.731869,29.394796],[113.729194,29.392698],[113.721567,29.389659],[113.713382,29.393526],[113.69732,29.391741],[113.69028,29.393834],[113.674523,29.387929],[113.667654,29.381711],[113.660958,29.368205],[113.662714,29.363581],[113.662339,29.353209],[113.665956,29.347054],[113.661025,29.333451],[113.643422,29.326875],[113.633028,29.318379],[113.613632,29.272454],[113.606913,29.267649],[113.606825,29.254831],[113.603814,29.256514],[113.601497,29.254147],[113.598894,29.254931],[113.590422,29.269761],[113.585237,29.270687],[113.574932,29.268176],[113.562224,29.268693],[113.557991,29.271205],[113.553359,29.277799],[113.549369,29.279562],[113.53856,29.275584],[113.534243,29.272824],[113.530298,29.2669],[113.51651,29.260766],[113.505855,29.261493],[113.4961,29.273781],[113.489284,29.27498],[113.477899,29.268265],[113.472976,29.262421],[113.472474,29.258361],[113.478391,29.250991],[113.476626,29.248624],[113.464302,29.236534],[113.441404,29.226632],[113.429355,29.210902],[113.413056,29.197322],[113.407146,29.196063],[113.391673,29.205022],[113.38865,29.205478],[113.381602,29.202853],[113.37252,29.208004],[113.369442,29.206039],[113.364086,29.197333],[113.358477,29.201454],[113.351084,29.204152],[113.34924,29.204261],[113.343959,29.198859],[113.338349,29.208791],[113.340759,29.214526],[113.338029,29.222216],[113.338281,29.226316],[113.341857,29.227253],[113.343509,29.228785],[113.342892,29.230069],[113.331835,29.231668],[113.326799,29.233961],[113.325041,29.231601],[113.32826,29.229411],[113.327372,29.22807],[113.3213,29.226992],[113.316124,29.22849],[113.313376,29.231489],[113.313846,29.233657],[113.322008,29.241741],[113.32881,29.243107],[113.333404,29.246909],[113.334435,29.251674],[113.331741,29.257887],[113.33875,29.262458],[113.342151,29.270624],[113.349292,29.276767],[113.349108,29.294998],[113.351449,29.301916],[113.346649,29.320763],[113.347328,29.326427],[113.34103,29.328726],[113.340195,29.331838],[113.334767,29.337215],[113.32739,29.335979],[113.314785,29.337877],[113.308306,29.343102],[113.307828,29.35246],[113.310734,29.358141],[113.322981,29.362558],[113.327027,29.369077],[113.333508,29.370964],[113.335092,29.374089],[113.331709,29.387111],[113.325011,29.401892],[113.329119,29.413121],[113.321777,29.416164],[113.315661,29.416162],[113.323195,29.42602],[113.32437,29.42485],[113.323839,29.419985],[113.330572,29.420927],[113.332964,29.418741],[113.335931,29.418592],[113.343083,29.431241],[113.342509,29.438785],[113.343936,29.440348],[113.347459,29.440665],[113.359453,29.433578],[113.366888,29.441847],[113.371001,29.439729],[113.378389,29.432153],[113.387992,29.441822],[113.389356,29.445714],[113.381641,29.452832],[113.381268,29.459689],[113.379617,29.461767],[113.373671,29.462984],[113.365385,29.459483],[113.356829,29.463069],[113.356759,29.464654],[113.364082,29.472365],[113.364187,29.48131],[113.359639,29.478587],[113.356612,29.481152],[113.356804,29.484876],[113.354195,29.48734],[113.342209,29.485666],[113.330108,29.486857],[113.329029,29.491412],[113.350612,29.495199],[113.364754,29.493942],[113.368571,29.495944],[113.371398,29.515906],[113.373128,29.519178],[113.387816,29.518306],[113.404813,29.53448],[113.422757,29.528831],[113.43154,29.527949],[113.433821,29.539643],[113.427744,29.545765],[113.415281,29.552131],[113.401646,29.554886],[113.396905,29.561836],[113.386568,29.560728],[113.383397,29.561639],[113.381998,29.564881],[113.384014,29.566993],[113.393171,29.570055],[113.402264,29.570538],[113.413738,29.588996],[113.419014,29.594263],[113.433027,29.602206],[113.435099,29.606002],[113.40922,29.622034],[113.397951,29.624263],[113.395042,29.623808],[113.393799,29.620278],[113.395874,29.609842],[113.395136,29.60326],[113.390401,29.599538],[113.383451,29.600417],[113.376576,29.604591],[113.37323,29.61048],[113.363571,29.620022],[113.356093,29.621664],[113.351882,29.613653],[113.349629,29.612802],[113.347229,29.614615],[113.348022,29.631466],[113.346691,29.635214],[113.34322,29.63509],[113.333615,29.61999],[113.329787,29.617766],[113.324263,29.618105],[113.307771,29.625565],[113.362256,29.687788],[113.377357,29.703206],[113.401775,29.724065],[113.438636,29.751626],[113.456654,29.759213],[113.493121,29.786585],[113.517903,29.812439],[113.571521,29.848931]]]}},{"type":"Feature","properties":{"dt_adcode":"430702"},"geometry":{"type":"Polygon","coordinates":[[[111.592131,29.066349],[111.603486,29.078668],[111.608271,29.081327],[111.613725,29.081494],[111.629366,29.071665],[111.634269,29.073571],[111.643747,29.074144],[111.653123,29.070245],[111.657976,29.064541],[111.662283,29.063704],[111.66578,29.065226],[111.667532,29.099797],[111.674371,29.109929],[111.676669,29.126969],[111.6721,29.125889],[111.661359,29.128765],[111.663247,29.133863],[111.66668,29.135812],[111.665822,29.138362],[111.6708,29.14271],[111.6703,29.147999],[111.685393,29.154104],[111.692258,29.150206],[111.691228,29.153654],[111.694318,29.150956],[111.707536,29.156802],[111.708764,29.159306],[111.707211,29.161843],[111.708604,29.161968],[111.702901,29.165347],[111.707879,29.171792],[111.704618,29.17494],[111.705304,29.185581],[111.714575,29.180035],[111.718008,29.183182],[111.724726,29.178234],[111.742217,29.178415],[111.752494,29.171901],[111.765787,29.175247],[111.77768,29.175502],[111.782346,29.170799],[111.78864,29.167539],[111.786791,29.153166],[111.778643,29.143488],[111.779117,29.135691],[111.786111,29.133871],[111.790456,29.134409],[111.795898,29.131854],[111.80243,29.119297],[111.806163,29.114853],[111.812454,29.111178],[111.828058,29.106915],[111.8383,29.10756],[111.841563,29.104697],[111.843665,29.097929],[111.832503,29.084249],[111.830995,29.078805],[111.819352,29.081952],[111.816326,29.080814],[111.803885,29.063637],[111.796669,29.058738],[111.792541,29.058189],[111.790131,29.053755],[111.79384,29.044802],[111.809229,29.038737],[111.808969,29.031529],[111.803553,29.018498],[111.799124,29.012414],[111.790249,29.009692],[111.786321,29.006371],[111.79758,28.990954],[111.810559,28.989802],[111.814223,28.976586],[111.820641,28.96686],[111.817583,28.958687],[111.810383,28.955222],[111.804535,28.954754],[111.798686,28.955718],[111.782468,28.964634],[111.776814,28.965729],[111.764764,28.963963],[111.758602,28.95792],[111.753835,28.942189],[111.745499,28.940302],[111.743041,28.930966],[111.743093,28.926412],[111.754372,28.924789],[111.759511,28.922647],[111.760205,28.920766],[111.742579,28.91552],[111.735177,28.910768],[111.733222,28.90846],[111.733022,28.90429],[111.731432,28.903369],[111.725114,28.904015],[111.720229,28.907771],[111.717073,28.908301],[111.708803,28.905817],[111.704046,28.901605],[111.699183,28.889257],[111.695981,28.887166],[111.683193,28.891323],[111.676973,28.895787],[111.676477,28.901446],[111.670927,28.909684],[111.667942,28.909366],[111.669318,28.913497],[111.667891,28.915736],[111.670179,28.918718],[111.665942,28.922104],[111.664064,28.928649],[111.665926,28.932642],[111.661307,28.935922],[111.666753,28.936909],[111.678682,28.943964],[111.686791,28.944901],[111.691384,28.949928],[111.695813,28.958637],[111.696745,28.96879],[111.703113,28.9764],[111.702322,28.987712],[111.705663,29.004137],[111.705307,29.012186],[111.699167,29.019864],[111.685744,29.0248],[111.676626,29.024828],[111.663088,29.020917],[111.657834,29.01866],[111.650465,29.009938],[111.648916,28.996889],[111.651698,28.984175],[111.651645,28.976345],[111.649906,28.971682],[111.644217,28.966732],[111.630287,28.959249],[111.622395,28.95717],[111.612803,28.957058],[111.58984,28.966099],[111.588158,28.974333],[111.589356,28.980144],[111.60031,28.992796],[111.608724,28.998194],[111.615648,29.009479],[111.616343,29.014121],[111.614468,29.019465],[111.592615,29.038797],[111.590949,29.044829],[111.592503,29.05397],[111.592131,29.066349]]]}},{"type":"Feature","properties":{"dt_adcode":"430703"},"geometry":{"type":"MultiPolygon","coordinates":[[[[111.816145,28.95744],[111.819756,28.95109],[111.821869,28.941895],[111.820222,28.928354],[111.814279,28.921034],[111.802981,28.918125],[111.796933,28.918447],[111.786921,28.92552],[111.780471,28.926467],[111.783098,28.923381],[111.781042,28.919297],[111.782334,28.916614],[111.779308,28.910987],[111.776427,28.892659],[111.769383,28.887414],[111.764722,28.873215],[111.780769,28.863282],[111.78637,28.86289],[111.800957,28.851949],[111.820701,28.844239],[111.851378,28.822049],[111.84994,28.819613],[111.850736,28.813303],[111.847228,28.810944],[111.843218,28.81472],[111.841867,28.813234],[111.843425,28.806769],[111.837457,28.807944],[111.838141,28.801271],[111.830952,28.802835],[111.828657,28.797894],[111.813108,28.791671],[111.814407,28.787336],[111.807667,28.784802],[111.807623,28.778828],[111.804555,28.775641],[111.806262,28.772437],[111.801011,28.771092],[111.8016,28.767604],[111.798931,28.764357],[111.798739,28.760107],[111.792976,28.754855],[111.792758,28.747661],[111.77854,28.748734],[111.767948,28.744538],[111.765979,28.741291],[111.765536,28.734368],[111.762238,28.730666],[111.753653,28.731306],[111.753037,28.735301],[111.748991,28.732974],[111.744293,28.727018],[111.74173,28.729929],[111.731722,28.732105],[111.723466,28.731471],[111.720605,28.728564],[111.716641,28.733332],[111.713467,28.730965],[111.715554,28.72566],[111.713545,28.723336],[111.709667,28.72231],[111.70557,28.716825],[111.707188,28.712867],[111.710857,28.713146],[111.709292,28.707721],[111.710013,28.704265],[111.719907,28.699226],[111.724115,28.700775],[111.731163,28.699666],[111.739487,28.704652],[111.742562,28.703887],[111.745445,28.698231],[111.753277,28.69216],[111.754578,28.681604],[111.752989,28.676365],[111.754968,28.670817],[111.751312,28.66488],[111.751581,28.657645],[111.747326,28.65564],[111.745485,28.65269],[111.730656,28.652211],[111.722424,28.646075],[111.723502,28.644027],[111.728334,28.643118],[111.727326,28.641154],[111.719068,28.63645],[111.718581,28.634378],[111.720606,28.622703],[111.724734,28.616563],[111.723847,28.611386],[111.713483,28.600632],[111.711883,28.595219],[111.707126,28.594979],[111.70276,28.598989],[111.696628,28.592363],[111.690486,28.589521],[111.673512,28.591453],[111.668553,28.595621],[111.664543,28.60503],[111.663656,28.607884],[111.66524,28.614622],[111.664509,28.621584],[111.662648,28.624794],[111.657341,28.62638],[111.647294,28.623248],[111.644938,28.623733],[111.641016,28.628035],[111.637494,28.628729],[111.631243,28.625608],[111.628983,28.621079],[111.624402,28.618334],[111.605412,28.624932],[111.586786,28.635137],[111.570274,28.639648],[111.567232,28.638769],[111.539232,28.609713],[111.518664,28.595521],[111.509359,28.585683],[111.494214,28.581243],[111.495669,28.593747],[111.507745,28.633453],[111.495421,28.637396],[111.494348,28.639084],[111.495778,28.651428],[111.487711,28.654661],[111.481652,28.662684],[111.481428,28.669833],[111.475056,28.67238],[111.47116,28.678728],[111.472962,28.686081],[111.47904,28.694486],[111.477639,28.702917],[111.473786,28.706679],[111.474583,28.710757],[111.492122,28.727008],[111.493958,28.736379],[111.503184,28.73935],[111.507019,28.746108],[111.501134,28.748047],[111.500192,28.75739],[111.493216,28.755077],[111.485746,28.758664],[111.478933,28.755489],[111.47586,28.756544],[111.474267,28.761516],[111.475081,28.766746],[111.470268,28.773808],[111.470579,28.777826],[111.462483,28.793336],[111.464138,28.795595],[111.471655,28.797286],[111.476045,28.794473],[111.477949,28.790018],[111.484797,28.795548],[111.493279,28.793521],[111.500125,28.788145],[111.501951,28.795111],[111.50743,28.796892],[111.508823,28.802014],[111.510745,28.803643],[111.519936,28.798291],[111.525059,28.798751],[111.525181,28.806213],[111.52841,28.813994],[111.529199,28.8206],[111.527676,28.829135],[111.528533,28.835285],[111.519697,28.84603],[111.518789,28.856866],[111.515328,28.868304],[111.52446,28.88361],[111.524557,28.899679],[111.528054,28.903791],[111.530842,28.912781],[111.528532,28.92571],[111.53732,28.943585],[111.544732,28.946815],[111.556486,28.948019],[111.58984,28.966099],[111.612803,28.957058],[111.622395,28.95717],[111.630287,28.959249],[111.644217,28.966732],[111.649906,28.971682],[111.651645,28.976345],[111.651698,28.984175],[111.648916,28.996889],[111.650465,29.009938],[111.657834,29.01866],[111.676626,29.024828],[111.685744,29.0248],[111.693165,29.022898],[111.699167,29.019864],[111.705307,29.012186],[111.705663,29.004137],[111.702322,28.987712],[111.703113,28.9764],[111.696745,28.96879],[111.695813,28.958637],[111.691384,28.949928],[111.686791,28.944901],[111.678682,28.943964],[111.666753,28.936909],[111.661307,28.935922],[111.665926,28.932642],[111.664064,28.928649],[111.665942,28.922104],[111.670179,28.918718],[111.667891,28.915736],[111.669318,28.913497],[111.667942,28.909366],[111.670927,28.909684],[111.677199,28.90001],[111.676973,28.895787],[111.683193,28.891323],[111.691475,28.887649],[111.697712,28.88751],[111.704046,28.901605],[111.708803,28.905817],[111.717073,28.908301],[111.720229,28.907771],[111.725114,28.904015],[111.731432,28.903369],[111.733022,28.90429],[111.733222,28.90846],[111.735177,28.910768],[111.742579,28.91552],[111.760205,28.920766],[111.759511,28.922647],[111.754372,28.924789],[111.743093,28.926412],[111.743041,28.930966],[111.745499,28.940302],[111.753835,28.942189],[111.758602,28.95792],[111.764764,28.963963],[111.776814,28.965729],[111.782468,28.964634],[111.798686,28.955718],[111.810383,28.955222],[111.816145,28.95744]]],[[[111.810559,28.989802],[111.79758,28.990954],[111.786321,29.006371],[111.790249,29.009692],[111.799124,29.012414],[111.803553,29.018498],[111.808969,29.031529],[111.809229,29.038737],[111.79384,29.044802],[111.790174,29.05175],[111.790643,29.055308],[111.792541,29.058189],[111.796669,29.058738],[111.803885,29.063637],[111.816326,29.080814],[111.819352,29.081952],[111.830995,29.078805],[111.832503,29.084249],[111.843665,29.097929],[111.841563,29.104697],[111.8383,29.10756],[111.828058,29.106915],[111.812454,29.111178],[111.806163,29.114853],[111.80243,29.119297],[111.795898,29.131854],[111.790456,29.134409],[111.786111,29.133871],[111.779117,29.135691],[111.778643,29.143488],[111.786791,29.153166],[111.78864,29.167539],[111.782346,29.170799],[111.77768,29.175502],[111.765787,29.175247],[111.752494,29.171901],[111.742217,29.178415],[111.724726,29.178234],[111.718008,29.183182],[111.714575,29.180035],[111.705304,29.185581],[111.704618,29.17494],[111.707879,29.171792],[111.702901,29.165347],[111.708604,29.161968],[111.707211,29.161843],[111.708764,29.159306],[111.707536,29.156802],[111.694318,29.150956],[111.691228,29.153654],[111.692258,29.150206],[111.685393,29.154104],[111.6703,29.147999],[111.6708,29.14271],[111.665822,29.138362],[111.66668,29.135812],[111.663247,29.133863],[111.661359,29.128765],[111.6721,29.125889],[111.676669,29.126969],[111.674371,29.109929],[111.667532,29.099797],[111.66578,29.065226],[111.662283,29.063704],[111.657976,29.064541],[111.653123,29.070245],[111.643747,29.074144],[111.634269,29.073571],[111.629366,29.071665],[111.613725,29.081494],[111.608271,29.081327],[111.603486,29.078668],[111.592131,29.066349],[111.590846,29.067836],[111.585528,29.065828],[111.579803,29.069208],[111.573343,29.069716],[111.571186,29.086274],[111.568187,29.090605],[111.568673,29.09302],[111.574811,29.096697],[111.577152,29.100738],[111.574205,29.110174],[111.576217,29.115127],[111.583112,29.120593],[111.580042,29.125324],[111.582427,29.131145],[111.568598,29.134961],[111.56488,29.139282],[111.563875,29.144609],[111.57003,29.152244],[111.569952,29.156889],[111.567525,29.161971],[111.578241,29.165006],[111.583543,29.193576],[111.582086,29.198612],[111.571993,29.205274],[111.571395,29.210146],[111.574491,29.212874],[111.578592,29.213718],[111.581481,29.21702],[111.586503,29.217361],[111.590755,29.225094],[111.590382,29.227902],[111.584726,29.234669],[111.571467,29.238947],[111.564099,29.234511],[111.559074,29.23842],[111.556709,29.243216],[111.556441,29.248263],[111.559985,29.255125],[111.555445,29.257662],[111.549521,29.264659],[111.552371,29.273981],[111.562222,29.278668],[111.56841,29.279702],[111.571158,29.279503],[111.575207,29.275758],[111.578311,29.277396],[111.589232,29.276937],[111.597755,29.28426],[111.607436,29.284484],[111.610128,29.287842],[111.611362,29.292906],[111.612986,29.293498],[111.618121,29.291435],[111.62084,29.285213],[111.626098,29.284132],[111.631547,29.278691],[111.643398,29.279238],[111.653287,29.275117],[111.672662,29.281331],[111.679388,29.287897],[111.686009,29.287808],[111.693856,29.284808],[111.702363,29.285831],[111.707678,29.289683],[111.714,29.287577],[111.718296,29.294571],[111.725528,29.292302],[111.725093,29.295452],[111.743297,29.295024],[111.748898,29.296689],[111.751807,29.294942],[111.757092,29.281574],[111.762083,29.280016],[111.766752,29.283046],[111.771064,29.292897],[111.774031,29.296022],[111.780371,29.300614],[111.783649,29.300407],[111.790169,29.304191],[111.790481,29.306632],[111.787291,29.311871],[111.790776,29.315544],[111.801991,29.317443],[111.806696,29.31455],[111.813289,29.315349],[111.823042,29.308428],[111.829591,29.312394],[111.836988,29.322526],[111.840081,29.324108],[111.848075,29.322837],[111.851531,29.326425],[111.861962,29.329856],[111.866294,29.328214],[111.868036,29.322444],[111.874345,29.324774],[111.885996,29.323092],[111.890175,29.317908],[111.907726,29.316112],[111.913803,29.311648],[111.932374,29.313364],[111.937997,29.312561],[111.939761,29.305753],[111.948186,29.295489],[111.95002,29.272853],[111.951124,29.270017],[111.952542,29.27002],[111.958111,29.284394],[111.96798,29.297777],[111.966979,29.305368],[111.963882,29.310397],[111.966206,29.316402],[111.972926,29.320252],[111.982798,29.322867],[111.998848,29.331591],[112.007801,29.32997],[112.012983,29.332794],[112.017625,29.339941],[112.021117,29.342555],[112.026726,29.356844],[112.0372,29.37181],[112.038559,29.383795],[112.045403,29.390851],[112.058549,29.376821],[112.060809,29.367049],[112.065995,29.359142],[112.063197,29.350271],[112.058812,29.34656],[112.059737,29.341694],[112.05625,29.336825],[112.062473,29.320757],[112.06088,29.303021],[112.062036,29.292146],[112.065261,29.279333],[112.071791,29.263578],[112.077754,29.256972],[112.093995,29.244312],[112.106857,29.239691],[112.116923,29.225977],[112.122411,29.213484],[112.120836,29.202403],[112.128002,29.185343],[112.128826,29.166527],[112.132308,29.161055],[112.148497,29.149797],[112.183178,29.135041],[112.183057,29.133139],[112.180051,29.128673],[112.169546,29.128853],[112.158312,29.117975],[112.134919,29.109861],[112.105702,29.10752],[112.096006,29.113328],[112.094382,29.112513],[112.096058,29.108911],[112.094677,29.10651],[112.082006,29.116755],[112.072098,29.119786],[112.065761,29.118738],[112.055131,29.103317],[112.052912,29.097331],[112.044732,29.093429],[112.037917,29.087804],[112.033416,29.090355],[112.021053,29.092472],[112.005709,29.097643],[111.99734,29.107521],[111.980351,29.103411],[111.978644,29.097292],[111.975153,29.093943],[111.979061,29.079184],[111.977441,29.07367],[111.980975,29.066873],[111.980688,29.063371],[111.972765,29.058233],[111.964878,29.044376],[111.95475,29.036956],[111.954924,29.034583],[111.959848,29.030475],[111.959534,29.028624],[111.955654,29.026872],[111.948313,29.027207],[111.943738,29.018542],[111.927431,29.009168],[111.928691,29.003761],[111.934096,29.0008],[111.93579,28.9982],[111.935616,28.990034],[111.941423,28.984959],[111.940753,28.981811],[111.936258,28.976647],[111.928263,28.970481],[111.915616,28.966144],[111.904643,28.967141],[111.897329,28.968807],[111.888006,28.977826],[111.863138,28.981194],[111.85788,28.98504],[111.855922,28.990323],[111.85899,29.001317],[111.840713,29.00497],[111.829834,29.005236],[111.81575,29.000518],[111.811184,28.996271],[111.810559,28.989802]]]]}},{"type":"Feature","properties":{"dt_adcode":"430721"},"geometry":{"type":"Polygon","coordinates":[[[112.050731,29.749164],[112.05596,29.748541],[112.061848,29.743074],[112.064518,29.743932],[112.062353,29.749856],[112.054621,29.758062],[112.056639,29.762097],[112.064451,29.769825],[112.066632,29.761271],[112.066171,29.7537],[112.070109,29.747177],[112.076454,29.742695],[112.073307,29.734702],[112.072402,29.723409],[112.073653,29.716081],[112.069471,29.712025],[112.063958,29.709904],[112.064636,29.701078],[112.059965,29.695786],[112.066339,29.680853],[112.071842,29.679496],[112.076692,29.681614],[112.083739,29.680611],[112.087483,29.68176],[112.091868,29.685664],[112.106791,29.672321],[112.112605,29.659262],[112.118502,29.662688],[112.124996,29.657018],[112.144003,29.657421],[112.150561,29.65455],[112.15828,29.657416],[112.164559,29.662341],[112.172058,29.660614],[112.178173,29.656658],[112.182372,29.651243],[112.186355,29.632959],[112.189031,29.630586],[112.19104,29.624608],[112.198306,29.617455],[112.199459,29.629861],[112.202404,29.633814],[112.206719,29.635072],[112.217125,29.634206],[112.220462,29.637241],[112.218226,29.645156],[112.219466,29.64739],[112.236094,29.658449],[112.244176,29.659612],[112.241793,29.651939],[112.23148,29.639671],[112.228355,29.631044],[112.229019,29.625571],[112.234411,29.615805],[112.242369,29.609971],[112.247654,29.611708],[112.254238,29.610703],[112.264265,29.603785],[112.282039,29.596266],[112.293818,29.596096],[112.303196,29.585492],[112.303146,29.56722],[112.291557,29.542771],[112.280624,29.534872],[112.278221,29.509875],[112.281702,29.4969],[112.291707,29.478264],[112.293557,29.456355],[112.300302,29.448188],[112.294154,29.426804],[112.293371,29.415551],[112.295543,29.408289],[112.294274,29.406129],[112.284201,29.403499],[112.28115,29.395127],[112.266634,29.382393],[112.261701,29.375598],[112.259106,29.365],[112.252629,29.351966],[112.249709,29.334841],[112.24984,29.324832],[112.253778,29.31303],[112.263684,29.298694],[112.262329,29.296368],[112.258223,29.292291],[112.25423,29.291889],[112.241944,29.293892],[112.234226,29.298653],[112.22662,29.294057],[112.215875,29.29694],[112.213422,29.296101],[112.216394,29.290164],[112.223146,29.286008],[112.223473,29.266639],[112.228751,29.251736],[112.226512,29.22844],[112.228488,29.216066],[112.236404,29.213147],[112.22391,29.199055],[112.216213,29.194358],[112.201621,29.179243],[112.196007,29.168385],[112.195548,29.163269],[112.201038,29.146024],[112.193615,29.146834],[112.188826,29.144441],[112.187742,29.134496],[112.179576,29.136042],[112.148497,29.149797],[112.135781,29.157801],[112.130446,29.16328],[112.128826,29.166527],[112.128002,29.185343],[112.120836,29.202403],[112.122411,29.213484],[112.116923,29.225977],[112.106857,29.239691],[112.093995,29.244312],[112.077754,29.256972],[112.071791,29.263578],[112.065261,29.279333],[112.060993,29.300105],[112.062473,29.320757],[112.05625,29.336825],[112.059737,29.341694],[112.058812,29.34656],[112.063197,29.350271],[112.066128,29.358106],[112.060809,29.367049],[112.058549,29.376821],[112.047785,29.388706],[112.037638,29.396704],[112.024822,29.401187],[112.004166,29.403718],[112.000004,29.413646],[111.987857,29.423283],[111.982616,29.43427],[111.980501,29.443763],[111.984504,29.45015],[111.992702,29.455367],[112.011373,29.459122],[112.036363,29.454795],[112.059562,29.46027],[112.064216,29.474884],[112.074424,29.483195],[112.076719,29.490313],[112.075503,29.494415],[112.063514,29.500007],[112.049962,29.510233],[112.041748,29.523607],[112.044029,29.53407],[112.052002,29.548187],[112.053707,29.555222],[112.048497,29.572623],[112.048411,29.578471],[112.049098,29.583976],[112.05217,29.58989],[112.053276,29.602088],[112.057844,29.607772],[112.058105,29.611039],[112.056558,29.620067],[112.048502,29.629635],[112.046259,29.651042],[112.043074,29.656107],[112.039366,29.65842],[112.036686,29.674788],[112.032003,29.677813],[112.036112,29.682666],[112.030419,29.682826],[112.029583,29.685731],[112.030332,29.688022],[112.033797,29.690166],[112.03446,29.697741],[112.044471,29.714836],[112.045133,29.720615],[112.04301,29.729607],[112.051226,29.740357],[112.050731,29.749164]]]}},{"type":"Feature","properties":{"dt_adcode":"430722"},"geometry":{"type":"Polygon","coordinates":[[[111.751581,28.657645],[111.751312,28.66488],[111.754968,28.670817],[111.752989,28.676365],[111.754578,28.681604],[111.753277,28.69216],[111.745445,28.698231],[111.743561,28.702752],[111.74053,28.704893],[111.732858,28.70003],[111.729217,28.699467],[111.724115,28.700775],[111.719907,28.699226],[111.710266,28.703972],[111.709292,28.707721],[111.710857,28.713146],[111.707188,28.712867],[111.70557,28.716825],[111.709667,28.72231],[111.713545,28.723336],[111.715554,28.72566],[111.713467,28.730965],[111.716641,28.733332],[111.720605,28.728564],[111.723466,28.731471],[111.731722,28.732105],[111.74173,28.729929],[111.744293,28.727018],[111.748991,28.732974],[111.753037,28.735301],[111.753653,28.731306],[111.762238,28.730666],[111.765536,28.734368],[111.765979,28.741291],[111.767948,28.744538],[111.77854,28.748734],[111.792758,28.747661],[111.792976,28.754855],[111.798739,28.760107],[111.798931,28.764357],[111.8016,28.767604],[111.801011,28.771092],[111.806262,28.772437],[111.804555,28.775641],[111.807623,28.778828],[111.807667,28.784802],[111.814407,28.787336],[111.813108,28.791671],[111.828657,28.797894],[111.830952,28.802835],[111.838141,28.801271],[111.837457,28.807944],[111.843425,28.806769],[111.842594,28.814304],[111.848233,28.810795],[111.851109,28.814883],[111.84994,28.819613],[111.851378,28.822049],[111.820701,28.844239],[111.800957,28.851949],[111.78637,28.86289],[111.780769,28.863282],[111.764696,28.873323],[111.769383,28.887414],[111.776427,28.892659],[111.779308,28.910987],[111.782334,28.916614],[111.781042,28.919297],[111.783098,28.923381],[111.780471,28.926467],[111.786921,28.92552],[111.796933,28.918447],[111.802981,28.918125],[111.814279,28.921034],[111.820222,28.928354],[111.821869,28.941895],[111.819756,28.95109],[111.816577,28.954603],[111.816145,28.95744],[111.819419,28.961546],[111.820641,28.96686],[111.816328,28.972424],[111.812248,28.981703],[111.810586,28.993601],[111.813038,28.998831],[111.826898,29.004587],[111.833966,29.005501],[111.85899,29.001317],[111.855922,28.990323],[111.85788,28.98504],[111.861267,28.981938],[111.888006,28.977826],[111.897329,28.968807],[111.915616,28.966144],[111.928263,28.970481],[111.940753,28.981811],[111.940944,28.985743],[111.935233,28.9908],[111.93579,28.9982],[111.934096,29.0008],[111.928691,29.003761],[111.927431,29.009168],[111.943738,29.018542],[111.948313,29.027207],[111.955654,29.026872],[111.959534,29.028624],[111.959848,29.030475],[111.954924,29.034583],[111.95475,29.036956],[111.964878,29.044376],[111.972765,29.058233],[111.980688,29.063371],[111.980975,29.066873],[111.977441,29.07367],[111.979061,29.079184],[111.975153,29.093943],[111.978644,29.097292],[111.980351,29.103411],[111.99734,29.107521],[112.005709,29.097643],[112.021053,29.092472],[112.033416,29.090355],[112.037917,29.087804],[112.044732,29.093429],[112.052912,29.097331],[112.055131,29.103317],[112.065761,29.118738],[112.072098,29.119786],[112.082006,29.116755],[112.094677,29.10651],[112.096058,29.108911],[112.094382,29.112513],[112.096006,29.113328],[112.105702,29.10752],[112.134919,29.109861],[112.158312,29.117975],[112.169546,29.128853],[112.180051,29.128673],[112.183351,29.13491],[112.207396,29.127332],[112.208669,29.120026],[112.214005,29.115586],[112.217974,29.115661],[112.223513,29.118694],[112.230422,29.114504],[112.235737,29.114394],[112.239657,29.107281],[112.245407,29.102578],[112.242639,29.096366],[112.243889,29.093136],[112.241163,29.074289],[112.242203,29.064893],[112.254227,29.04872],[112.250164,29.021709],[112.250909,29.000833],[112.247654,28.997048],[112.246898,28.980839],[112.248399,28.97701],[112.255384,28.973128],[112.257346,28.967752],[112.259547,28.922726],[112.261421,28.917138],[112.261751,28.908131],[112.258651,28.900827],[112.257007,28.861462],[112.259281,28.857853],[112.26607,28.853436],[112.276439,28.840729],[112.304685,28.823022],[112.30578,28.819721],[112.304744,28.80772],[112.306387,28.800222],[112.303604,28.792508],[112.298039,28.783159],[112.283428,28.776896],[112.281759,28.773515],[112.2836,28.757496],[112.282763,28.727645],[112.279184,28.72717],[112.264904,28.719177],[112.245835,28.714245],[112.239434,28.715236],[112.231672,28.71248],[112.232036,28.70709],[112.228949,28.70336],[112.2195,28.697588],[112.215279,28.692564],[112.207966,28.69102],[112.198253,28.672766],[112.193646,28.672617],[112.189982,28.669551],[112.182733,28.668351],[112.165655,28.679468],[112.161489,28.67571],[112.158794,28.667429],[112.157114,28.666958],[112.15449,28.669347],[112.150998,28.66364],[112.142135,28.661449],[112.14359,28.658822],[112.149464,28.656403],[112.148078,28.652836],[112.145374,28.651265],[112.136969,28.649078],[112.106262,28.652189],[112.097426,28.642178],[112.093449,28.642539],[112.085894,28.653246],[112.077197,28.656136],[112.075328,28.659156],[112.073964,28.669062],[112.070462,28.672351],[112.065323,28.672406],[112.058783,28.669174],[112.05118,28.672409],[112.039902,28.671637],[112.031858,28.673372],[112.027383,28.671421],[112.025851,28.669277],[112.02706,28.666367],[112.034069,28.660435],[112.040753,28.65771],[112.035373,28.641293],[112.031481,28.638949],[112.014049,28.640726],[112.004514,28.645761],[111.998435,28.64675],[111.996006,28.655437],[111.993602,28.657647],[111.985138,28.65255],[111.981464,28.65229],[111.979871,28.658799],[111.984443,28.663279],[111.980621,28.665292],[111.960202,28.670645],[111.955016,28.673344],[111.953651,28.671654],[111.950198,28.674685],[111.932001,28.674367],[111.923235,28.67696],[111.910236,28.671476],[111.909289,28.66504],[111.915965,28.662132],[111.918222,28.655387],[111.911883,28.643959],[111.904288,28.643242],[111.900504,28.635456],[111.890329,28.637641],[111.871672,28.630797],[111.861924,28.635803],[111.854768,28.636996],[111.85015,28.633339],[111.844051,28.616699],[111.836957,28.614278],[111.828495,28.615744],[111.825394,28.619671],[111.81792,28.624301],[111.814853,28.629492],[111.812152,28.64042],[111.800498,28.642654],[111.792256,28.642394],[111.789777,28.647069],[111.786509,28.648699],[111.782737,28.645045],[111.780031,28.635662],[111.776215,28.634129],[111.764903,28.642718],[111.757554,28.654907],[111.751581,28.657645]]]}},{"type":"Feature","properties":{"dt_adcode":"430723"},"geometry":{"type":"Polygon","coordinates":[[[111.771273,29.507109],[111.763629,29.50759],[111.749427,29.503402],[111.742341,29.50572],[111.738337,29.505414],[111.731359,29.499701],[111.72624,29.499271],[111.722294,29.50074],[111.718191,29.504732],[111.720208,29.508816],[111.719896,29.515294],[111.713515,29.527415],[111.709551,29.539493],[111.710951,29.546383],[111.716725,29.547221],[111.71849,29.549007],[111.719299,29.55515],[111.712761,29.560903],[111.70597,29.561754],[111.702552,29.564999],[111.693,29.562234],[111.688955,29.563446],[111.684162,29.57557],[111.679482,29.57979],[111.677759,29.579896],[111.676254,29.576797],[111.672808,29.576508],[111.666344,29.580443],[111.675072,29.601147],[111.674342,29.606768],[111.660334,29.599264],[111.650425,29.591887],[111.635919,29.589502],[111.628869,29.591691],[111.618814,29.598163],[111.603312,29.617028],[111.605665,29.620493],[111.608626,29.619475],[111.609382,29.623439],[111.614229,29.624554],[111.615368,29.63064],[111.624318,29.628914],[111.640356,29.619383],[111.642974,29.621063],[111.650315,29.632064],[111.648185,29.63589],[111.636845,29.640406],[111.630995,29.648511],[111.626909,29.650204],[111.620939,29.649941],[111.623903,29.657126],[111.622165,29.659981],[111.623191,29.6636],[111.631458,29.673561],[111.631797,29.681831],[111.630069,29.70118],[111.619642,29.69976],[111.620286,29.704942],[111.627122,29.706352],[111.629939,29.710782],[111.615227,29.716364],[111.612639,29.720534],[111.615993,29.735979],[111.625961,29.748078],[111.624954,29.750708],[111.626388,29.753639],[111.611304,29.756707],[111.602247,29.761991],[111.584647,29.762131],[111.566767,29.749326],[111.566082,29.744849],[111.568491,29.739757],[111.563481,29.734346],[111.555952,29.733344],[111.548122,29.736528],[111.533817,29.731837],[111.520626,29.734661],[111.518576,29.737004],[111.515564,29.73608],[111.51064,29.738013],[111.509394,29.738755],[111.510147,29.742084],[111.504037,29.744358],[111.503994,29.749346],[111.500611,29.753235],[111.481043,29.766012],[111.47448,29.766966],[111.463135,29.760443],[111.454611,29.760407],[111.454212,29.754209],[111.451334,29.746343],[111.452538,29.736486],[111.4507,29.729826],[111.449807,29.727473],[111.441199,29.722326],[111.433394,29.721655],[111.42772,29.717493],[111.422531,29.718265],[111.416326,29.728318],[111.411916,29.741706],[111.406766,29.744025],[111.400607,29.742432],[111.369322,29.726247],[111.367078,29.726456],[111.367165,29.736261],[111.36533,29.742667],[111.356663,29.746777],[111.352495,29.754538],[111.345846,29.760442],[111.345881,29.769384],[111.343357,29.771713],[111.338456,29.773332],[111.318783,29.770959],[111.302125,29.771727],[111.299149,29.773459],[111.303457,29.780381],[111.314302,29.789078],[111.313032,29.796258],[111.318203,29.806628],[111.314965,29.81342],[111.30722,29.821949],[111.304244,29.829204],[111.297049,29.833677],[111.292586,29.838602],[111.28487,29.837959],[111.282653,29.845101],[111.280731,29.845915],[111.278305,29.845431],[111.273471,29.839568],[111.264135,29.832497],[111.258113,29.832561],[111.254768,29.833702],[111.246536,29.842914],[111.231423,29.853659],[111.231493,29.869596],[111.223867,29.880205],[111.226583,29.890315],[111.2234,29.897917],[111.220052,29.914117],[111.215195,29.918787],[111.215169,29.921365],[111.224617,29.923495],[111.247402,29.921771],[111.260311,29.927721],[111.266002,29.925705],[111.271852,29.926439],[111.288453,29.934438],[111.295369,29.929454],[111.307194,29.927898],[111.316873,29.936359],[111.333456,29.940756],[111.339542,29.945796],[111.348395,29.941948],[111.351689,29.951402],[111.359955,29.950662],[111.368601,29.954127],[111.374708,29.954485],[111.377248,29.950764],[111.383247,29.948857],[111.383297,29.945867],[111.378077,29.936799],[111.378968,29.934147],[111.3812,29.933743],[111.390124,29.937494],[111.389358,29.932836],[111.384057,29.928064],[111.38283,29.923646],[111.389969,29.915473],[111.397047,29.912177],[111.404663,29.911029],[111.417468,29.91484],[111.425655,29.922955],[111.437303,29.930028],[111.443175,29.925868],[111.449806,29.923696],[111.453224,29.924202],[111.455947,29.92795],[111.46211,29.927332],[111.471896,29.920493],[111.481238,29.918002],[111.498696,29.924766],[111.50651,29.924503],[111.514489,29.927681],[111.522157,29.928049],[111.527428,29.925657],[111.536724,29.906081],[111.538438,29.904653],[111.546118,29.904219],[111.549928,29.896894],[111.553687,29.89444],[111.559878,29.89789],[111.565951,29.898508],[111.577751,29.894345],[111.584153,29.898059],[111.587745,29.8956],[111.58849,29.892773],[111.592353,29.894478],[111.593925,29.891394],[111.598178,29.88936],[111.605662,29.890742],[111.608998,29.889887],[111.612713,29.892145],[111.619762,29.891334],[111.621575,29.894841],[111.623672,29.895352],[111.627463,29.893542],[111.630303,29.895766],[111.636296,29.893382],[111.638024,29.89504],[111.641036,29.893528],[111.645151,29.895273],[111.647955,29.893153],[111.651364,29.893085],[111.650786,29.889113],[111.653149,29.887933],[111.657646,29.888137],[111.662375,29.885811],[111.669047,29.888856],[111.670766,29.886655],[111.675988,29.887141],[111.681785,29.884555],[111.687825,29.885575],[111.691029,29.888916],[111.695121,29.887188],[111.705073,29.890036],[111.707345,29.894512],[111.70538,29.896738],[111.709753,29.898264],[111.711113,29.896998],[111.712311,29.899386],[111.716116,29.901381],[111.718951,29.899992],[111.723596,29.904996],[111.722734,29.906904],[111.724105,29.907947],[111.723314,29.90977],[111.724548,29.909752],[111.723144,29.912698],[111.725567,29.91434],[111.724966,29.915665],[111.727674,29.914967],[111.729102,29.917568],[111.731891,29.917361],[111.736092,29.9206],[111.739691,29.918263],[111.742249,29.920211],[111.742706,29.918599],[111.743828,29.920153],[111.746197,29.919626],[111.747327,29.921337],[111.748764,29.919405],[111.757187,29.920141],[111.761247,29.917811],[111.762936,29.91841],[111.775752,29.912791],[111.776823,29.913941],[111.778712,29.911771],[111.783385,29.912911],[111.79464,29.905726],[111.802985,29.905117],[111.809033,29.902778],[111.810756,29.900892],[111.811067,29.893152],[111.82232,29.888416],[111.828478,29.889572],[111.83066,29.887915],[111.82897,29.873983],[111.830547,29.873299],[111.835059,29.876285],[111.83965,29.87681],[111.845046,29.874411],[111.852754,29.868346],[111.861477,29.856894],[111.87783,29.859634],[111.880597,29.866136],[111.88063,29.860007],[111.884314,29.858484],[111.903067,29.856092],[111.914602,29.852682],[111.919951,29.841282],[111.931513,29.834038],[111.937058,29.832397],[111.948561,29.836749],[111.955998,29.837699],[111.964178,29.835905],[111.96557,29.834535],[111.965256,29.831153],[111.951943,29.816298],[111.951769,29.812856],[111.956039,29.800094],[111.955795,29.795792],[111.977056,29.790515],[111.9806,29.794833],[111.986294,29.794484],[111.991283,29.782781],[111.999112,29.780493],[112.001742,29.777714],[112.009754,29.778042],[112.016346,29.772519],[112.027239,29.767433],[112.031201,29.762267],[112.044179,29.759321],[112.050731,29.749164],[112.051226,29.740357],[112.04301,29.729607],[112.045133,29.720615],[112.044471,29.714836],[112.03446,29.697741],[112.033797,29.690166],[112.030332,29.688022],[112.029583,29.685731],[112.030419,29.682826],[112.036112,29.682666],[112.032003,29.677813],[112.036686,29.674788],[112.039366,29.65842],[112.043074,29.656107],[112.046259,29.651042],[112.048502,29.629635],[112.056558,29.620067],[112.058105,29.611039],[112.057844,29.607772],[112.053276,29.602088],[112.05217,29.58989],[112.049098,29.583976],[112.048411,29.578471],[112.048497,29.572623],[112.053707,29.555222],[112.052002,29.548187],[112.044029,29.53407],[112.041748,29.523607],[112.049962,29.510233],[112.055461,29.505054],[112.075503,29.494415],[112.076876,29.491598],[112.074424,29.483195],[112.064216,29.474884],[112.061024,29.461912],[112.058519,29.459827],[112.036363,29.454795],[112.011373,29.459122],[111.994862,29.456064],[111.986388,29.451868],[111.980501,29.443763],[111.974425,29.456087],[111.953742,29.478858],[111.954664,29.483445],[111.958092,29.487478],[111.971129,29.494825],[111.969311,29.501822],[111.959216,29.503722],[111.952692,29.50868],[111.949996,29.521393],[111.934695,29.533523],[111.929074,29.548548],[111.927188,29.549271],[111.919579,29.546364],[111.918276,29.543369],[111.922766,29.543205],[111.920499,29.535909],[111.922904,29.527432],[111.927681,29.522849],[111.936406,29.518089],[111.936589,29.523414],[111.937849,29.519215],[111.940466,29.517252],[111.941274,29.514353],[111.938805,29.511761],[111.9393,29.508764],[111.93664,29.508294],[111.935762,29.504402],[111.933684,29.504063],[111.933728,29.508807],[111.932199,29.511],[111.929531,29.511053],[111.930844,29.513315],[111.929054,29.515777],[111.925769,29.515946],[111.927116,29.518289],[111.925405,29.52052],[111.917519,29.523815],[111.912353,29.52804],[111.908257,29.539782],[111.899753,29.549809],[111.884732,29.565701],[111.876003,29.570416],[111.875068,29.575938],[111.879645,29.588689],[111.883711,29.590632],[111.897362,29.589504],[111.902446,29.591252],[111.904564,29.594712],[111.906266,29.603877],[111.912091,29.612433],[111.912187,29.615624],[111.9096,29.620386],[111.912544,29.635074],[111.907701,29.638711],[111.907189,29.643535],[111.903093,29.645693],[111.901054,29.648945],[111.902625,29.650371],[111.905801,29.648067],[111.908648,29.649365],[111.906001,29.653568],[111.90719,29.657499],[111.90404,29.666225],[111.916211,29.672463],[111.923437,29.671553],[111.926225,29.669545],[111.935437,29.675014],[111.939601,29.679907],[111.933926,29.694428],[111.934613,29.696441],[111.937681,29.696855],[111.940333,29.701975],[111.936856,29.705397],[111.936631,29.71956],[111.931417,29.723892],[111.927533,29.729784],[111.923807,29.730868],[111.917214,29.728513],[111.912057,29.730053],[111.910008,29.72893],[111.908932,29.725557],[111.903594,29.725579],[111.90067,29.722686],[111.888037,29.688412],[111.873264,29.682172],[111.879072,29.675994],[111.874511,29.664251],[111.873991,29.655385],[111.870714,29.649305],[111.8721,29.642873],[111.868911,29.636628],[111.86709,29.623211],[111.848671,29.622428],[111.840382,29.620064],[111.833972,29.613952],[111.826453,29.601849],[111.8178,29.597944],[111.816838,29.589063],[111.810928,29.571785],[111.787831,29.540698],[111.771586,29.512995],[111.771273,29.507109]]]}},{"type":"Feature","properties":{"dt_adcode":"430724"},"geometry":{"type":"Polygon","coordinates":[[[111.441199,29.722326],[111.449807,29.727473],[111.4507,29.729826],[111.452538,29.736486],[111.451334,29.746343],[111.454212,29.754209],[111.454611,29.760407],[111.463135,29.760443],[111.47448,29.766966],[111.481043,29.766012],[111.500611,29.753235],[111.503994,29.749346],[111.504037,29.744358],[111.510147,29.742084],[111.509394,29.738755],[111.51064,29.738013],[111.515564,29.73608],[111.518576,29.737004],[111.520626,29.734661],[111.533817,29.731837],[111.548122,29.736528],[111.555952,29.733344],[111.563481,29.734346],[111.568491,29.739757],[111.566082,29.744849],[111.566767,29.749326],[111.584647,29.762131],[111.602247,29.761991],[111.611304,29.756707],[111.625067,29.754552],[111.626388,29.753639],[111.624954,29.750708],[111.625961,29.748078],[111.617419,29.738967],[111.612639,29.720534],[111.615227,29.716364],[111.629939,29.710782],[111.627122,29.706352],[111.620286,29.704942],[111.619642,29.69976],[111.630069,29.70118],[111.631797,29.681831],[111.631458,29.673561],[111.623191,29.6636],[111.622165,29.659981],[111.623903,29.657126],[111.620939,29.649941],[111.626909,29.650204],[111.630995,29.648511],[111.636845,29.640406],[111.648185,29.63589],[111.650315,29.632064],[111.642974,29.621063],[111.640356,29.619383],[111.624318,29.628914],[111.615368,29.63064],[111.614229,29.624554],[111.609382,29.623439],[111.608626,29.619475],[111.605665,29.620493],[111.603312,29.617028],[111.618814,29.598163],[111.628869,29.591691],[111.635919,29.589502],[111.650425,29.591887],[111.660334,29.599264],[111.674342,29.606768],[111.675072,29.601147],[111.666344,29.580443],[111.672808,29.576508],[111.676254,29.576797],[111.677759,29.579896],[111.679482,29.57979],[111.684162,29.57557],[111.688955,29.563446],[111.693,29.562234],[111.702552,29.564999],[111.70597,29.561754],[111.712761,29.560903],[111.719299,29.55515],[111.71849,29.549007],[111.716725,29.547221],[111.710951,29.546383],[111.709551,29.539493],[111.713515,29.527415],[111.719896,29.515294],[111.720208,29.508816],[111.718191,29.504732],[111.722294,29.50074],[111.72624,29.499271],[111.731359,29.499701],[111.738337,29.505414],[111.742341,29.50572],[111.749427,29.503402],[111.763629,29.50759],[111.771273,29.507109],[111.776477,29.505573],[111.787124,29.492417],[111.792966,29.488658],[111.80094,29.493081],[111.817773,29.483326],[111.81857,29.485956],[111.813667,29.489428],[111.822512,29.495087],[111.824937,29.494047],[111.822537,29.490764],[111.826349,29.489611],[111.825248,29.485818],[111.828072,29.485644],[111.828748,29.489027],[111.830298,29.489654],[111.83533,29.486301],[111.835234,29.481739],[111.842753,29.481817],[111.843688,29.476971],[111.839867,29.46211],[111.836082,29.463503],[111.836593,29.465827],[111.833856,29.466796],[111.832358,29.473964],[111.831215,29.473864],[111.830175,29.467515],[111.827386,29.465805],[111.828659,29.460559],[111.836021,29.459796],[111.833526,29.456842],[111.82548,29.455053],[111.825315,29.453594],[111.832642,29.452019],[111.837051,29.456203],[111.839035,29.456853],[111.837016,29.455474],[111.836991,29.45258],[111.833854,29.448184],[111.829636,29.446942],[111.827333,29.448199],[111.825089,29.44499],[111.825271,29.442204],[111.827618,29.441787],[111.826448,29.431562],[111.819622,29.427821],[111.82449,29.424798],[111.822488,29.413422],[111.814579,29.403029],[111.814214,29.400535],[111.815964,29.399121],[111.814734,29.394535],[111.815547,29.389307],[111.810921,29.379368],[111.803573,29.373154],[111.801658,29.367127],[111.800894,29.359038],[111.802835,29.353804],[111.799958,29.349024],[111.803086,29.349193],[111.802765,29.345101],[111.796933,29.344887],[111.798128,29.339566],[111.793638,29.330854],[111.792987,29.321158],[111.786338,29.316124],[111.784361,29.311436],[111.784907,29.306771],[111.789701,29.303686],[111.783649,29.300407],[111.780371,29.300614],[111.774031,29.296022],[111.765207,29.281368],[111.760981,29.279834],[111.7577,29.280836],[111.751807,29.294942],[111.749819,29.296586],[111.743297,29.295024],[111.725093,29.295452],[111.725528,29.292302],[111.717904,29.294393],[111.714,29.287577],[111.707678,29.289683],[111.703146,29.286012],[111.693856,29.284808],[111.686009,29.287808],[111.679388,29.287897],[111.672662,29.281331],[111.652574,29.275166],[111.643398,29.279238],[111.631547,29.278691],[111.626098,29.284132],[111.62084,29.285213],[111.618121,29.291435],[111.612266,29.293432],[111.607436,29.284484],[111.597755,29.28426],[111.591636,29.278054],[111.587549,29.276404],[111.579551,29.277466],[111.575207,29.275758],[111.571158,29.279503],[111.565611,29.279387],[111.553099,29.273932],[111.546828,29.274446],[111.542836,29.27062],[111.535736,29.270267],[111.533147,29.264565],[111.524967,29.258066],[111.521635,29.263199],[111.512383,29.262714],[111.506499,29.267707],[111.496997,29.270489],[111.484569,29.288617],[111.477627,29.290026],[111.487781,29.296714],[111.496704,29.297713],[111.503395,29.303074],[111.508102,29.299837],[111.512231,29.303964],[111.518938,29.305822],[111.518419,29.312588],[111.525682,29.324486],[111.530312,29.325249],[111.531533,29.326917],[111.532079,29.331393],[111.530824,29.333225],[111.521519,29.330729],[111.520602,29.331185],[111.523822,29.336242],[111.522368,29.338476],[111.512658,29.337241],[111.510347,29.340101],[111.512208,29.343778],[111.511152,29.344806],[111.502931,29.34484],[111.494874,29.347465],[111.480827,29.356617],[111.477346,29.356638],[111.467804,29.352],[111.45681,29.336547],[111.455146,29.328594],[111.437706,29.32909],[111.42839,29.326679],[111.427479,29.330154],[111.431947,29.332923],[111.429372,29.341603],[111.429858,29.345051],[111.435835,29.356271],[111.435506,29.358499],[111.430172,29.362604],[111.428098,29.366491],[111.429279,29.371795],[111.432315,29.373008],[111.439054,29.371753],[111.447636,29.364769],[111.453208,29.362698],[111.465986,29.362015],[111.470853,29.35974],[111.473416,29.36095],[111.488749,29.380011],[111.484647,29.390352],[111.487625,29.391186],[111.490862,29.394866],[111.48805,29.402604],[111.502651,29.414633],[111.502807,29.419165],[111.508935,29.420959],[111.508952,29.426064],[111.511973,29.429479],[111.502012,29.432661],[111.49643,29.429259],[111.49418,29.432533],[111.493574,29.435976],[111.496206,29.444612],[111.501581,29.444787],[111.50326,29.446614],[111.502326,29.454924],[111.508341,29.462488],[111.508999,29.471533],[111.507797,29.477334],[111.498486,29.489416],[111.496661,29.499178],[111.497458,29.511859],[111.494317,29.513913],[111.484692,29.515142],[111.473455,29.51407],[111.464717,29.517878],[111.463842,29.521314],[111.465324,29.523844],[111.476062,29.522626],[111.476962,29.524521],[111.47408,29.537836],[111.46329,29.545344],[111.466409,29.547086],[111.468946,29.552568],[111.474479,29.554026],[111.477856,29.547567],[111.482452,29.545531],[111.48826,29.540046],[111.490899,29.529559],[111.502002,29.522998],[111.505741,29.522381],[111.519684,29.534525],[111.520516,29.543819],[111.502714,29.546459],[111.502212,29.550873],[111.504593,29.555984],[111.503061,29.557988],[111.495133,29.554004],[111.491403,29.554166],[111.514789,29.571215],[111.521149,29.568309],[111.53164,29.572126],[111.53441,29.5699],[111.535899,29.564801],[111.537795,29.565035],[111.539518,29.569457],[111.539562,29.579377],[111.543373,29.585985],[111.540195,29.589646],[111.536134,29.590608],[111.532931,29.590484],[111.523886,29.584719],[111.518113,29.587109],[111.516045,29.592208],[111.510714,29.595289],[111.508561,29.605284],[111.502426,29.61641],[111.502383,29.627867],[111.506244,29.635703],[111.495643,29.643239],[111.469631,29.667748],[111.446344,29.677166],[111.434476,29.690753],[111.434372,29.694424],[111.439315,29.696749],[111.442983,29.701436],[111.438536,29.714259],[111.441199,29.722326]]]}},{"type":"Feature","properties":{"dt_adcode":"430725"},"geometry":{"type":"Polygon","coordinates":[[[111.495669,28.593747],[111.49147,28.571639],[111.483393,28.568252],[111.47548,28.559986],[111.467842,28.55691],[111.443373,28.557289],[111.437937,28.554401],[111.435759,28.548926],[111.431379,28.547431],[111.412268,28.547859],[111.398465,28.540574],[111.383217,28.550554],[111.373879,28.551823],[111.361576,28.537988],[111.354214,28.534821],[111.348156,28.528697],[111.339234,28.52786],[111.333819,28.520151],[111.323147,28.519039],[111.315696,28.524425],[111.30916,28.520972],[111.298256,28.521151],[111.287904,28.51734],[111.283251,28.517155],[111.273956,28.523178],[111.267411,28.522996],[111.264048,28.5271],[111.258104,28.527275],[111.2539,28.531675],[111.232427,28.52264],[111.228652,28.522455],[111.221286,28.527695],[111.221174,28.533275],[111.2174,28.536243],[111.215176,28.536217],[111.21184,28.532436],[111.198256,28.526546],[111.197497,28.522922],[111.192207,28.518832],[111.184787,28.518829],[111.178995,28.514129],[111.175198,28.51389],[111.167648,28.517678],[111.160694,28.515159],[111.1525,28.514774],[111.152266,28.505967],[111.15484,28.49803],[111.147868,28.487862],[111.148344,28.483728],[111.144935,28.47373],[111.139601,28.474614],[111.13397,28.473293],[111.126351,28.470522],[111.116645,28.464392],[111.109334,28.468138],[111.101949,28.466732],[111.096874,28.463622],[111.093527,28.456961],[111.090989,28.455425],[111.083789,28.453701],[111.076544,28.454112],[111.067554,28.451117],[111.06167,28.45169],[111.053572,28.457388],[111.046439,28.459043],[111.034806,28.454911],[111.022037,28.446078],[111.007749,28.445556],[111.001393,28.440138],[110.992824,28.441714],[110.980167,28.440297],[110.969666,28.431181],[110.954587,28.427959],[110.947891,28.428148],[110.940379,28.421757],[110.931008,28.421289],[110.88947,28.404902],[110.880643,28.408285],[110.860456,28.406038],[110.86214,28.418792],[110.87025,28.423666],[110.874996,28.429102],[110.888639,28.438946],[110.889221,28.447307],[110.905366,28.455119],[110.917481,28.469697],[110.922132,28.471933],[110.926933,28.483909],[110.931813,28.484255],[110.94154,28.478584],[110.945388,28.479288],[110.961794,28.495554],[110.967641,28.510964],[110.969889,28.512546],[110.981994,28.512192],[110.982308,28.515225],[110.993169,28.521763],[111.002028,28.537147],[111.011898,28.54526],[111.022149,28.541838],[111.029671,28.543668],[111.039091,28.53967],[111.041871,28.535023],[111.049267,28.536833],[111.055459,28.534144],[111.061206,28.53368],[111.067543,28.530128],[111.073678,28.529499],[111.07748,28.53129],[111.079647,28.536203],[111.078073,28.539617],[111.068963,28.55194],[111.064846,28.554858],[111.059267,28.563862],[111.053798,28.566583],[111.054748,28.570616],[111.06208,28.57489],[111.06477,28.579988],[111.064501,28.582795],[111.054366,28.591522],[111.054488,28.594462],[111.057258,28.596389],[111.05509,28.602329],[111.057442,28.607936],[111.050275,28.608641],[111.04911,28.605851],[111.050507,28.600349],[111.043533,28.603024],[111.040724,28.59922],[111.041641,28.594769],[111.036666,28.596832],[111.034734,28.591363],[111.031032,28.594631],[111.026303,28.590083],[111.020187,28.589719],[111.015902,28.593924],[111.015772,28.599319],[111.008981,28.599234],[111.008056,28.596919],[111.010104,28.587369],[111.008465,28.585096],[111.00571,28.583587],[111.000183,28.586907],[110.992695,28.587843],[110.980744,28.58659],[110.958055,28.56992],[110.951958,28.567921],[110.94986,28.570637],[110.950035,28.577455],[110.944238,28.589441],[110.945179,28.603585],[110.941993,28.608435],[110.937286,28.610779],[110.934719,28.617572],[110.944109,28.621996],[110.955393,28.619176],[110.961124,28.622956],[110.970856,28.620274],[110.990474,28.619214],[110.994528,28.627827],[110.994555,28.636883],[111.007284,28.643067],[111.015261,28.649872],[111.027064,28.65211],[111.038316,28.650555],[111.051697,28.652314],[111.064637,28.659765],[111.065594,28.661504],[111.062121,28.664077],[111.061886,28.668582],[111.047553,28.682849],[111.04663,28.685529],[111.048634,28.689828],[111.051587,28.692106],[111.065737,28.696598],[111.075814,28.692307],[111.081181,28.691859],[111.085069,28.695322],[111.096328,28.700524],[111.095842,28.709232],[111.101117,28.71365],[111.101978,28.722803],[111.105523,28.72651],[111.10257,28.734043],[111.115147,28.743892],[111.10853,28.75067],[111.106915,28.759769],[111.098705,28.767654],[111.098462,28.770738],[111.102208,28.77795],[111.088449,28.783559],[111.078753,28.793681],[111.078224,28.79983],[111.080319,28.803716],[111.072751,28.809841],[111.071211,28.816895],[111.064414,28.823424],[111.05946,28.825093],[111.048452,28.825409],[111.040289,28.822692],[111.038694,28.823463],[111.033727,28.828814],[111.030469,28.839653],[111.02164,28.847566],[111.013131,28.851324],[111.004641,28.866286],[111.000186,28.86771],[111.00309,28.872184],[111.002759,28.874416],[110.992446,28.888249],[110.989719,28.897276],[110.972662,28.904233],[110.964219,28.90421],[110.958279,28.906388],[110.957443,28.910592],[110.962861,28.917924],[110.955938,28.926172],[110.955145,28.930421],[110.950165,28.937296],[110.950879,28.941415],[110.956793,28.951042],[110.954921,28.960749],[110.958658,28.963814],[110.965348,28.965161],[110.974576,28.976784],[110.982594,28.976833],[110.987673,28.988097],[110.983506,28.987636],[110.979186,28.991306],[110.97813,28.987578],[110.973487,28.990176],[110.965277,28.988157],[110.970694,28.992729],[110.965431,28.993713],[110.961663,28.99846],[110.956716,28.997302],[110.952403,28.99849],[110.949693,28.995943],[110.950588,29.001462],[110.955064,29.002023],[110.955032,29.003317],[110.944702,29.011171],[110.936778,29.013269],[110.918388,29.023113],[110.91388,29.029949],[110.914835,29.035039],[110.910493,29.040425],[110.911946,29.045867],[110.909707,29.048717],[110.899639,29.051267],[110.894559,29.049597],[110.886826,29.055473],[110.881792,29.054867],[110.874896,29.061542],[110.872389,29.066991],[110.869628,29.067079],[110.871492,29.064752],[110.870254,29.061276],[110.868629,29.06518],[110.866494,29.066354],[110.865089,29.066577],[110.864428,29.063761],[110.861888,29.064647],[110.860669,29.073878],[110.855369,29.080096],[110.852169,29.086803],[110.853999,29.091068],[110.852091,29.093205],[110.859005,29.098416],[110.864669,29.107614],[110.866603,29.108408],[110.871782,29.104544],[110.873464,29.099318],[110.879147,29.097841],[110.886637,29.100679],[110.890761,29.11079],[110.898776,29.109316],[110.902884,29.111183],[110.913137,29.111307],[110.925378,29.118679],[110.927309,29.122058],[110.926135,29.125286],[110.929771,29.130845],[110.932538,29.131404],[110.936975,29.129468],[110.938951,29.131692],[110.943624,29.127538],[110.945766,29.132609],[110.941327,29.136348],[110.94164,29.138084],[110.947185,29.138234],[110.958461,29.13388],[110.970797,29.124134],[110.974717,29.119223],[110.983817,29.118952],[110.984156,29.116495],[110.979397,29.113204],[110.982116,29.111574],[110.987312,29.111366],[111.001661,29.117945],[111.022323,29.120459],[111.024363,29.123425],[111.025811,29.137711],[111.030623,29.140231],[111.043485,29.139268],[111.050916,29.143614],[111.055289,29.152145],[111.065059,29.164306],[111.07184,29.169829],[111.080767,29.1884],[111.092821,29.204123],[111.121836,29.218579],[111.153893,29.237745],[111.165666,29.236176],[111.174362,29.230683],[111.177898,29.223414],[111.192948,29.218104],[111.206413,29.217547],[111.214409,29.219066],[111.223206,29.22367],[111.23145,29.231732],[111.232779,29.239864],[111.231807,29.242664],[111.227294,29.244028],[111.224631,29.24767],[111.220155,29.257456],[111.220164,29.260714],[111.222125,29.26568],[111.234882,29.273514],[111.243928,29.282699],[111.250338,29.293227],[111.251867,29.299159],[111.251998,29.302773],[111.248056,29.310524],[111.245564,29.321044],[111.241266,29.326666],[111.236101,29.329637],[111.234739,29.332656],[111.235477,29.335021],[111.240747,29.340312],[111.243569,29.350505],[111.259223,29.380634],[111.269461,29.386565],[111.286199,29.389512],[111.301793,29.395856],[111.297509,29.403312],[111.303679,29.406761],[111.31299,29.404023],[111.317168,29.398724],[111.322208,29.396366],[111.323374,29.392849],[111.326742,29.391398],[111.337283,29.371958],[111.345734,29.365119],[111.345786,29.359441],[111.356021,29.352702],[111.354828,29.345721],[111.360084,29.337539],[111.373482,29.329359],[111.383484,29.327666],[111.388283,29.322969],[111.389864,29.314213],[111.382256,29.30872],[111.37742,29.300446],[111.378707,29.296382],[111.387097,29.288241],[111.389209,29.278676],[111.388096,29.272415],[111.397074,29.271217],[111.410827,29.284445],[111.422555,29.281702],[111.434102,29.276775],[111.450307,29.280586],[111.456754,29.285876],[111.467348,29.280189],[111.475176,29.280781],[111.484569,29.288617],[111.496997,29.270489],[111.506499,29.267707],[111.512383,29.262714],[111.521635,29.263199],[111.525495,29.258012],[111.533147,29.264565],[111.535087,29.269861],[111.542836,29.27062],[111.546828,29.274446],[111.551263,29.274431],[111.552371,29.273981],[111.549417,29.266841],[111.549789,29.263918],[111.555445,29.257662],[111.559985,29.255125],[111.556397,29.247229],[111.556709,29.243216],[111.560009,29.237282],[111.564099,29.234511],[111.568797,29.23846],[111.572975,29.238617],[111.585585,29.234216],[111.587215,29.230276],[111.590382,29.227902],[111.590451,29.223713],[111.586503,29.217361],[111.581481,29.21702],[111.571213,29.209514],[111.572661,29.204534],[111.582953,29.197645],[111.583543,29.193576],[111.578241,29.165006],[111.567525,29.161971],[111.570203,29.153106],[111.563711,29.142943],[111.565417,29.138197],[111.569786,29.134227],[111.582089,29.131771],[111.582445,29.12954],[111.580042,29.125324],[111.583233,29.121054],[111.575202,29.113283],[111.574569,29.107654],[111.577152,29.100738],[111.574811,29.096697],[111.568673,29.09302],[111.568187,29.090605],[111.571186,29.086274],[111.573343,29.069716],[111.579803,29.069208],[111.586647,29.065669],[111.592027,29.067331],[111.592503,29.05397],[111.590949,29.044829],[111.592615,29.038797],[111.614468,29.019465],[111.616343,29.014121],[111.615648,29.009479],[111.608724,28.998194],[111.60031,28.992796],[111.590241,28.981706],[111.588106,28.976688],[111.588999,28.965132],[111.556486,28.948019],[111.538567,28.944674],[111.528532,28.92571],[111.530842,28.912781],[111.528054,28.903791],[111.524557,28.899679],[111.52446,28.88361],[111.515328,28.868304],[111.518789,28.856866],[111.519697,28.84603],[111.528533,28.835285],[111.527676,28.829135],[111.529199,28.8206],[111.52841,28.813994],[111.525181,28.806213],[111.525059,28.798751],[111.519936,28.798291],[111.510745,28.803643],[111.508823,28.802014],[111.50743,28.796892],[111.501951,28.795111],[111.500125,28.788145],[111.493279,28.793521],[111.484797,28.795548],[111.477949,28.790018],[111.476045,28.794473],[111.471655,28.797286],[111.464138,28.795595],[111.462483,28.793336],[111.470579,28.777826],[111.470268,28.773808],[111.475081,28.766746],[111.474267,28.761516],[111.47586,28.756544],[111.478933,28.755489],[111.485746,28.758664],[111.493216,28.755077],[111.500192,28.75739],[111.501134,28.748047],[111.507019,28.746108],[111.503184,28.73935],[111.493958,28.736379],[111.492122,28.727008],[111.474583,28.710757],[111.473786,28.706679],[111.477639,28.702917],[111.47904,28.694486],[111.472962,28.686081],[111.47116,28.678728],[111.475056,28.67238],[111.481428,28.669833],[111.481652,28.662684],[111.487711,28.654661],[111.495778,28.651428],[111.494348,28.639084],[111.495421,28.637396],[111.507745,28.633453],[111.495669,28.593747]]]}},{"type":"Feature","properties":{"dt_adcode":"430726"},"geometry":{"type":"Polygon","coordinates":[[[111.297509,29.403312],[111.29275,29.40478],[111.291724,29.407823],[111.294839,29.412889],[111.311251,29.419265],[111.312113,29.423717],[111.317562,29.427816],[111.319512,29.432262],[111.327434,29.437431],[111.329637,29.444162],[111.326616,29.445964],[111.325189,29.452538],[111.318679,29.459837],[111.317844,29.465962],[111.322066,29.475834],[111.328787,29.485918],[111.337528,29.493449],[111.331983,29.498182],[111.329138,29.509955],[111.320459,29.520835],[111.319242,29.533318],[111.315778,29.535961],[111.305804,29.535008],[111.301279,29.537691],[111.300827,29.540666],[111.304708,29.547778],[111.294685,29.556862],[111.292693,29.560413],[111.288606,29.562009],[111.277014,29.562611],[111.275136,29.579514],[111.273797,29.580871],[111.266261,29.579847],[111.261959,29.585006],[111.254566,29.587024],[111.257338,29.596983],[111.254445,29.600211],[111.225787,29.602923],[111.213269,29.599205],[111.208109,29.60149],[111.19525,29.598804],[111.176403,29.600862],[111.155561,29.594403],[111.151312,29.596813],[111.149274,29.604013],[111.137574,29.608903],[111.12185,29.607768],[111.117648,29.611207],[111.110632,29.6138],[111.077001,29.619299],[111.05618,29.6174],[111.053106,29.619469],[111.051156,29.63377],[111.048491,29.638427],[111.041756,29.642433],[111.031038,29.644363],[111.031569,29.647184],[111.03801,29.651084],[111.03944,29.655182],[111.038351,29.660091],[111.032094,29.669039],[111.020466,29.669975],[110.998557,29.667176],[110.986074,29.675913],[110.967746,29.677719],[110.959792,29.674334],[110.950856,29.672829],[110.946346,29.668931],[110.942464,29.668024],[110.927925,29.671617],[110.927377,29.676594],[110.925638,29.677752],[110.904699,29.684486],[110.890379,29.686894],[110.871652,29.685433],[110.866742,29.688096],[110.864722,29.692004],[110.856865,29.696286],[110.814494,29.680581],[110.806318,29.682414],[110.786871,29.681638],[110.781343,29.683226],[110.766551,29.680499],[110.764999,29.709889],[110.761795,29.715922],[110.751716,29.710555],[110.741025,29.697907],[110.737469,29.696366],[110.731861,29.690295],[110.725129,29.687094],[110.72145,29.687502],[110.699349,29.699675],[110.672555,29.706849],[110.66775,29.709889],[110.660787,29.719637],[110.661406,29.733801],[110.659039,29.739822],[110.65299,29.744639],[110.636719,29.747739],[110.633892,29.751352],[110.631796,29.757746],[110.641706,29.770445],[110.642698,29.775718],[110.640019,29.782484],[110.629695,29.79843],[110.629243,29.805138],[110.616499,29.828942],[110.608278,29.833653],[110.606506,29.836981],[110.599853,29.837333],[110.600252,29.839686],[110.59157,29.838381],[110.582483,29.834846],[110.578475,29.837547],[110.575387,29.844837],[110.573297,29.845701],[110.55122,29.847027],[110.546829,29.865217],[110.536005,29.878725],[110.540024,29.889089],[110.537859,29.896779],[110.526968,29.904673],[110.516719,29.901901],[110.507866,29.908929],[110.49993,29.908673],[110.498086,29.910057],[110.508066,29.921656],[110.506899,29.938974],[110.508085,29.944131],[110.513339,29.949154],[110.515313,29.959352],[110.52938,29.968758],[110.537658,29.976525],[110.551074,29.979689],[110.556412,29.985408],[110.557192,29.988271],[110.547264,29.999583],[110.541504,30.00176],[110.520102,30.001767],[110.504671,30.008809],[110.495602,30.015297],[110.491577,30.019706],[110.500683,30.028672],[110.4964,30.0364],[110.495976,30.040235],[110.49949,30.04871],[110.496349,30.054609],[110.501014,30.055205],[110.505021,30.051311],[110.508206,30.050429],[110.51712,30.053683],[110.521249,30.058942],[110.531343,30.061108],[110.551063,30.055642],[110.562241,30.057411],[110.564772,30.054344],[110.567998,30.05435],[110.570764,30.058326],[110.573426,30.059207],[110.601024,30.054658],[110.626575,30.063801],[110.639266,30.072566],[110.653163,30.077434],[110.664791,30.068383],[110.683168,30.06179],[110.686356,30.059132],[110.682211,30.054044],[110.683333,30.051804],[110.698522,30.038255],[110.705102,30.034349],[110.712342,30.033149],[110.725,30.040734],[110.730619,30.041319],[110.735662,30.039917],[110.742086,30.041774],[110.748284,30.045876],[110.756156,30.054312],[110.754185,30.064106],[110.756558,30.082359],[110.748982,30.08832],[110.748843,30.092174],[110.753119,30.101296],[110.752303,30.104681],[110.745699,30.109923],[110.747029,30.113139],[110.76959,30.120194],[110.788319,30.119994],[110.802987,30.114431],[110.812309,30.121864],[110.812856,30.125301],[110.814347,30.125977],[110.822947,30.126335],[110.837849,30.122429],[110.851141,30.126363],[110.854418,30.124664],[110.858051,30.118547],[110.87047,30.113914],[110.887903,30.112965],[110.894058,30.109973],[110.897896,30.10981],[110.907174,30.112161],[110.923167,30.11244],[110.925227,30.094501],[110.922556,30.077581],[110.925746,30.071251],[110.925407,30.067522],[110.929903,30.063431],[110.935941,30.06364],[110.941006,30.061241],[110.948657,30.060301],[110.963629,30.062079],[110.97093,30.058978],[110.982452,30.058208],[110.998379,30.059375],[111.003279,30.05774],[111.007411,30.053951],[111.031541,30.048878],[111.072033,30.047201],[111.086283,30.049428],[111.106638,30.047751],[111.124021,30.044437],[111.133472,30.045285],[111.154349,30.042842],[111.163375,30.043672],[111.177766,30.040471],[111.180722,30.044395],[111.199734,30.040995],[111.242193,30.04039],[111.246334,30.035915],[111.252353,30.035767],[111.256444,30.033685],[111.266991,30.011412],[111.27423,30.011789],[111.277055,30.010164],[111.286091,30.011298],[111.297686,30.004627],[111.29723,29.990197],[111.302958,29.983214],[111.311645,29.980177],[111.317509,29.971945],[111.320036,29.972975],[111.322166,29.978306],[111.324439,29.977969],[111.331568,29.969866],[111.329627,29.965462],[111.336233,29.962937],[111.336025,29.95805],[111.341928,29.945835],[111.33646,29.944221],[111.333456,29.940756],[111.316873,29.936359],[111.307194,29.927898],[111.295369,29.929454],[111.288453,29.934438],[111.271852,29.926439],[111.266002,29.925705],[111.260311,29.927721],[111.247402,29.921771],[111.224617,29.923495],[111.215169,29.921365],[111.215195,29.918787],[111.220052,29.914117],[111.2234,29.897917],[111.226583,29.890315],[111.223867,29.880205],[111.231493,29.869596],[111.231371,29.853801],[111.246536,29.842914],[111.254768,29.833702],[111.258113,29.832561],[111.264135,29.832497],[111.273471,29.839568],[111.278305,29.845431],[111.280731,29.845915],[111.282653,29.845101],[111.28487,29.837959],[111.292586,29.838602],[111.297049,29.833677],[111.304244,29.829204],[111.30722,29.821949],[111.314965,29.81342],[111.318203,29.806628],[111.313032,29.796258],[111.314302,29.789078],[111.303457,29.780381],[111.299149,29.773459],[111.302125,29.771727],[111.318783,29.770959],[111.338456,29.773332],[111.343357,29.771713],[111.345881,29.769384],[111.345846,29.760442],[111.352495,29.754538],[111.356663,29.746777],[111.36533,29.742667],[111.367165,29.736261],[111.367078,29.726456],[111.369322,29.726247],[111.400607,29.742432],[111.406766,29.744025],[111.411916,29.741706],[111.416326,29.728318],[111.422531,29.718265],[111.42772,29.717493],[111.433394,29.721655],[111.441199,29.722326],[111.438536,29.714259],[111.442983,29.701436],[111.439315,29.696749],[111.434372,29.694424],[111.434476,29.690753],[111.446344,29.677166],[111.469631,29.667748],[111.495643,29.643239],[111.506244,29.635703],[111.502383,29.627867],[111.502426,29.61641],[111.508561,29.605284],[111.510714,29.595289],[111.516045,29.592208],[111.518113,29.587109],[111.523886,29.584719],[111.534827,29.590604],[111.540195,29.589646],[111.542637,29.587532],[111.542602,29.583634],[111.539562,29.579377],[111.539518,29.569457],[111.537795,29.565035],[111.535899,29.564801],[111.53441,29.5699],[111.53164,29.572126],[111.521149,29.568309],[111.514789,29.571215],[111.491204,29.553819],[111.495133,29.554004],[111.503061,29.557988],[111.504593,29.555984],[111.502212,29.550873],[111.502714,29.546459],[111.520516,29.543819],[111.519684,29.534525],[111.506511,29.522782],[111.503379,29.522371],[111.490899,29.529559],[111.48826,29.540046],[111.482452,29.545531],[111.477856,29.547567],[111.474479,29.554026],[111.468946,29.552568],[111.466409,29.547086],[111.46329,29.545344],[111.47408,29.537836],[111.476962,29.524521],[111.476062,29.522626],[111.465324,29.523844],[111.463842,29.521314],[111.464717,29.517878],[111.473455,29.51407],[111.484692,29.515142],[111.494317,29.513913],[111.497458,29.511859],[111.496661,29.499178],[111.498486,29.489416],[111.507797,29.477334],[111.508999,29.471533],[111.508341,29.462488],[111.502326,29.454924],[111.50326,29.446614],[111.501581,29.444787],[111.496206,29.444612],[111.493574,29.435976],[111.49418,29.432533],[111.49643,29.429259],[111.502012,29.432661],[111.511973,29.429479],[111.508952,29.426064],[111.508935,29.420959],[111.502807,29.419165],[111.502651,29.414633],[111.48805,29.402604],[111.490862,29.394866],[111.487625,29.391186],[111.484647,29.390352],[111.488749,29.380011],[111.473416,29.36095],[111.470853,29.35974],[111.465986,29.362015],[111.453208,29.362698],[111.447636,29.364769],[111.435568,29.372993],[111.429279,29.371795],[111.427873,29.369555],[111.430172,29.362604],[111.435506,29.358499],[111.435835,29.356271],[111.429858,29.345051],[111.429372,29.341603],[111.431947,29.332923],[111.427479,29.330154],[111.42839,29.326679],[111.437706,29.32909],[111.455146,29.328594],[111.45681,29.336547],[111.467804,29.352],[111.477346,29.356638],[111.480827,29.356617],[111.494874,29.347465],[111.502931,29.34484],[111.511152,29.344806],[111.512208,29.343778],[111.510529,29.341651],[111.511342,29.337981],[111.515202,29.337133],[111.522368,29.338476],[111.523822,29.336242],[111.520602,29.331185],[111.530824,29.333225],[111.532079,29.331393],[111.531533,29.326917],[111.530312,29.325249],[111.525682,29.324486],[111.518419,29.312588],[111.518938,29.305822],[111.512231,29.303964],[111.508102,29.299837],[111.503395,29.303074],[111.496704,29.297713],[111.487002,29.296367],[111.482925,29.292339],[111.477852,29.291026],[111.47889,29.289395],[111.484569,29.288617],[111.475176,29.280781],[111.467348,29.280189],[111.456754,29.285876],[111.450307,29.280586],[111.434102,29.276775],[111.422555,29.281702],[111.410827,29.284445],[111.397074,29.271217],[111.388096,29.272415],[111.389209,29.278676],[111.387097,29.288241],[111.378707,29.296382],[111.37742,29.300446],[111.382256,29.30872],[111.389864,29.314213],[111.388283,29.322969],[111.383484,29.327666],[111.373482,29.329359],[111.360084,29.337539],[111.354828,29.345721],[111.356021,29.352702],[111.345786,29.359441],[111.345734,29.365119],[111.337283,29.371958],[111.326742,29.391398],[111.323374,29.392849],[111.321616,29.396963],[111.317168,29.398724],[111.31299,29.404023],[111.307612,29.40619],[111.303679,29.406761],[111.297509,29.403312]]]}},{"type":"Feature","properties":{"dt_adcode":"430781"},"geometry":{"type":"Polygon","coordinates":[[[111.949996,29.521393],[111.952692,29.50868],[111.959216,29.503722],[111.969311,29.501822],[111.970938,29.497046],[111.969519,29.493473],[111.956378,29.485709],[111.953742,29.478858],[111.974425,29.456087],[111.987857,29.423283],[112.000004,29.413646],[112.004166,29.403718],[112.015055,29.403119],[112.031649,29.399376],[112.045403,29.390851],[112.038054,29.382889],[112.0372,29.37181],[112.026726,29.356844],[112.020011,29.341084],[112.017625,29.339941],[112.011023,29.331059],[112.006555,29.330006],[111.998848,29.331591],[111.982798,29.322867],[111.972926,29.320252],[111.966206,29.316402],[111.963882,29.310397],[111.966979,29.305368],[111.96798,29.297777],[111.958111,29.284394],[111.952542,29.27002],[111.951124,29.270017],[111.95002,29.272853],[111.948186,29.295489],[111.939761,29.305753],[111.937997,29.312561],[111.932374,29.313364],[111.913803,29.311648],[111.907726,29.316112],[111.890175,29.317908],[111.885996,29.323092],[111.874345,29.324774],[111.868036,29.322444],[111.866294,29.328214],[111.861962,29.329856],[111.851531,29.326425],[111.848075,29.322837],[111.840081,29.324108],[111.836988,29.322526],[111.829591,29.312394],[111.823042,29.308428],[111.814268,29.315069],[111.808594,29.314221],[111.802537,29.317399],[111.797104,29.317479],[111.790776,29.315544],[111.787673,29.312794],[111.790481,29.306632],[111.789701,29.303686],[111.785141,29.306558],[111.784361,29.311436],[111.786338,29.316124],[111.792987,29.321158],[111.793638,29.330854],[111.798128,29.339566],[111.796638,29.344313],[111.802765,29.345101],[111.803086,29.349193],[111.799958,29.349793],[111.802835,29.353804],[111.800912,29.359552],[111.803573,29.373154],[111.813182,29.382697],[111.812775,29.384583],[111.815547,29.389307],[111.814734,29.394535],[111.815964,29.399121],[111.814214,29.400535],[111.814579,29.403029],[111.823597,29.416553],[111.82449,29.424798],[111.819518,29.427415],[111.826448,29.431562],[111.827618,29.441787],[111.825271,29.442204],[111.825089,29.44499],[111.827333,29.448199],[111.829636,29.446942],[111.833854,29.448184],[111.836991,29.45258],[111.837016,29.455474],[111.839035,29.456853],[111.837051,29.456203],[111.832642,29.452019],[111.825315,29.453594],[111.82548,29.455053],[111.833526,29.456842],[111.836021,29.459796],[111.828659,29.460559],[111.827386,29.465805],[111.830175,29.467515],[111.831215,29.473864],[111.832358,29.473964],[111.833856,29.466796],[111.836593,29.465827],[111.836082,29.463503],[111.839867,29.46211],[111.843818,29.479294],[111.841523,29.482776],[111.835234,29.481739],[111.83533,29.486301],[111.830298,29.489654],[111.828748,29.489027],[111.828072,29.485644],[111.825248,29.485818],[111.826063,29.490252],[111.822373,29.491349],[111.824937,29.493174],[111.824175,29.49483],[111.821403,29.494755],[111.813667,29.489428],[111.81857,29.485956],[111.817773,29.483326],[111.80094,29.493081],[111.792966,29.488658],[111.789933,29.490015],[111.776477,29.505573],[111.771273,29.507109],[111.771586,29.512995],[111.787831,29.540698],[111.809871,29.569783],[111.81364,29.577674],[111.8178,29.597944],[111.826453,29.601849],[111.833972,29.613952],[111.840382,29.620064],[111.848671,29.622428],[111.86709,29.623211],[111.868911,29.636628],[111.8721,29.642873],[111.870714,29.649305],[111.873991,29.655385],[111.874511,29.664251],[111.879072,29.675994],[111.873264,29.682172],[111.888037,29.688412],[111.90067,29.722686],[111.903594,29.725579],[111.908932,29.725557],[111.910008,29.72893],[111.913324,29.730292],[111.917214,29.728513],[111.922443,29.73078],[111.926248,29.730421],[111.936631,29.71956],[111.936856,29.705397],[111.940333,29.701975],[111.937681,29.696855],[111.934613,29.696441],[111.933926,29.694428],[111.939601,29.679907],[111.935437,29.675014],[111.926225,29.669545],[111.923437,29.671553],[111.916211,29.672463],[111.90404,29.666225],[111.90719,29.657499],[111.906001,29.653568],[111.908648,29.649365],[111.905801,29.648067],[111.902625,29.650371],[111.901054,29.648945],[111.903093,29.645693],[111.907189,29.643535],[111.907701,29.638711],[111.912909,29.633832],[111.9096,29.620386],[111.912187,29.615624],[111.911518,29.610599],[111.906266,29.603877],[111.904564,29.594712],[111.902446,29.591252],[111.897362,29.589504],[111.883711,29.590632],[111.879645,29.588689],[111.874859,29.573398],[111.877719,29.568565],[111.884732,29.565701],[111.908257,29.539782],[111.912353,29.52804],[111.917519,29.523815],[111.924484,29.521498],[111.926969,29.518697],[111.925769,29.515946],[111.929054,29.515777],[111.930844,29.513315],[111.929531,29.511053],[111.932199,29.511],[111.933728,29.508807],[111.934119,29.503761],[111.935762,29.504402],[111.936414,29.508104],[111.9393,29.508764],[111.938805,29.511761],[111.941274,29.514353],[111.940466,29.517252],[111.937849,29.519215],[111.936589,29.523414],[111.936406,29.518089],[111.927681,29.522849],[111.922904,29.527432],[111.920499,29.535909],[111.922766,29.543205],[111.91858,29.542798],[111.918919,29.54569],[111.925903,29.549007],[111.929074,29.548548],[111.934695,29.533523],[111.949996,29.521393]]]}},{"type":"Feature","properties":{"dt_adcode":"430802"},"geometry":{"type":"Polygon","coordinates":[[[110.853161,29.099223],[110.852143,29.092611],[110.853999,29.091068],[110.852169,29.086803],[110.855369,29.080096],[110.860669,29.073878],[110.862244,29.064341],[110.864733,29.063897],[110.865089,29.066577],[110.866494,29.066354],[110.868629,29.06518],[110.870254,29.061276],[110.871492,29.064752],[110.869628,29.067079],[110.872389,29.066991],[110.874896,29.061542],[110.881792,29.054867],[110.886199,29.055711],[110.894559,29.049597],[110.899639,29.051267],[110.909218,29.049002],[110.911716,29.046573],[110.910493,29.040425],[110.914676,29.035729],[110.903825,29.034794],[110.903112,29.021315],[110.905058,29.017466],[110.915172,29.007559],[110.909132,29.003064],[110.905117,28.995704],[110.900426,28.995792],[110.897265,29.00142],[110.893739,28.997219],[110.894104,28.994619],[110.889159,28.992462],[110.868781,28.99838],[110.860706,28.998944],[110.847318,28.995911],[110.840469,28.992555],[110.839359,28.987751],[110.850273,28.968555],[110.851841,28.952007],[110.849144,28.946534],[110.836798,28.941877],[110.811431,28.955296],[110.801546,28.958404],[110.798631,28.955229],[110.798066,28.935729],[110.795003,28.923371],[110.788852,28.913805],[110.782509,28.909292],[110.769905,28.90508],[110.763645,28.905838],[110.734927,28.926569],[110.730467,28.926154],[110.723534,28.917727],[110.716932,28.913427],[110.709884,28.914638],[110.699511,28.922075],[110.692739,28.924886],[110.690885,28.923984],[110.692112,28.918005],[110.690666,28.908149],[110.684337,28.905906],[110.67363,28.90829],[110.670522,28.910839],[110.670331,28.91612],[110.666502,28.923497],[110.65698,28.935051],[110.635967,28.949686],[110.620732,28.965197],[110.614734,28.966628],[110.60661,28.965559],[110.593322,28.969359],[110.578996,28.992917],[110.572569,29.000561],[110.568901,29.00014],[110.552606,28.992288],[110.541786,28.982312],[110.545839,28.973775],[110.55354,28.963357],[110.553435,28.955556],[110.551061,28.953285],[110.533236,28.946148],[110.521929,28.938478],[110.520588,28.935511],[110.524638,28.92651],[110.539009,28.908438],[110.543036,28.897604],[110.543971,28.889331],[110.541017,28.88271],[110.530755,28.874109],[110.524384,28.886119],[110.518464,28.891929],[110.507602,28.898483],[110.49816,28.906521],[110.488285,28.911789],[110.483896,28.910794],[110.476242,28.899545],[110.482639,28.894806],[110.483262,28.89065],[110.473064,28.888243],[110.468041,28.880237],[110.45218,28.88214],[110.450924,28.882816],[110.451003,28.888397],[110.449166,28.889827],[110.432824,28.890775],[110.420419,28.901784],[110.411696,28.898093],[110.400198,28.895742],[110.394369,28.891835],[110.390884,28.887259],[110.390423,28.88113],[110.38467,28.885449],[110.358748,28.891229],[110.358913,28.897693],[110.364794,28.907942],[110.3653,28.920368],[110.361099,28.927454],[110.337139,28.9395],[110.325914,28.940949],[110.315908,28.937951],[110.308131,28.944316],[110.306497,28.95827],[110.318851,28.96631],[110.318982,28.973151],[110.325499,28.975787],[110.332731,28.982349],[110.332522,28.983732],[110.328058,28.984145],[110.334663,28.992404],[110.336848,28.999797],[110.346219,29.011133],[110.347365,29.019422],[110.341623,29.02727],[110.341301,29.030817],[110.344262,29.036358],[110.340336,29.041326],[110.332562,29.038643],[110.323104,29.041732],[110.314004,29.035886],[110.30966,29.035987],[110.305299,29.038586],[110.302727,29.042512],[110.303041,29.044433],[110.299877,29.04732],[110.299299,29.050098],[110.301781,29.069261],[110.304956,29.079689],[110.304194,29.091352],[110.299447,29.090638],[110.292285,29.086098],[110.288924,29.086546],[110.279982,29.083131],[110.272089,29.073048],[110.263701,29.069716],[110.260546,29.070091],[110.249633,29.076917],[110.248681,29.082276],[110.251338,29.095786],[110.253116,29.098523],[110.259642,29.102023],[110.264062,29.110163],[110.261643,29.119614],[110.256084,29.122238],[110.239009,29.122242],[110.236763,29.124868],[110.229011,29.126827],[110.221246,29.125742],[110.217037,29.127059],[110.216725,29.129121],[110.220108,29.134101],[110.223975,29.13644],[110.224505,29.138689],[110.22148,29.13913],[110.215899,29.136075],[110.214853,29.141088],[110.2058,29.151368],[110.203929,29.161046],[110.198512,29.16435],[110.189633,29.162816],[110.183673,29.153708],[110.179067,29.153968],[110.164848,29.165503],[110.158182,29.165194],[110.147006,29.153404],[110.140822,29.152255],[110.138939,29.149591],[110.140403,29.145407],[110.134113,29.137968],[110.128408,29.1364],[110.113417,29.142739],[110.105003,29.142248],[110.101615,29.139716],[110.095663,29.141539],[110.08904,29.151249],[110.090525,29.16731],[110.084812,29.184448],[110.079847,29.18901],[110.076879,29.200848],[110.071962,29.205242],[110.070062,29.211883],[110.070913,29.219555],[110.07316,29.225625],[110.081537,29.234899],[110.079597,29.245393],[110.081874,29.250448],[110.087292,29.251938],[110.096182,29.250318],[110.103542,29.25342],[110.11353,29.27903],[110.112569,29.2897],[110.123528,29.295004],[110.123391,29.298617],[110.120899,29.300967],[110.120343,29.310496],[110.121713,29.315994],[110.157574,29.342578],[110.174908,29.348862],[110.18513,29.349238],[110.197137,29.345697],[110.205438,29.338055],[110.211859,29.325609],[110.217865,29.323266],[110.22155,29.324843],[110.253851,29.356961],[110.25834,29.358993],[110.267763,29.355948],[110.279937,29.364592],[110.286256,29.366388],[110.297936,29.365442],[110.305612,29.369419],[110.312128,29.376905],[110.318857,29.36684],[110.319674,29.35867],[110.318931,29.355662],[110.308476,29.350251],[110.307732,29.347409],[110.309462,29.345419],[110.313862,29.343448],[110.327958,29.346549],[110.331946,29.349413],[110.334211,29.353099],[110.334369,29.358106],[110.337023,29.360794],[110.357739,29.351998],[110.372794,29.351065],[110.380917,29.34592],[110.40692,29.323393],[110.409789,29.292719],[110.411958,29.289895],[110.430251,29.289964],[110.433503,29.285254],[110.436245,29.275347],[110.439493,29.271107],[110.448625,29.271603],[110.457182,29.278704],[110.463084,29.279659],[110.472769,29.275425],[110.501587,29.257469],[110.516856,29.233838],[110.549227,29.218366],[110.561042,29.217437],[110.561022,29.222159],[110.557356,29.231266],[110.553405,29.235793],[110.531265,29.274533],[110.529066,29.285862],[110.531766,29.28777],[110.539121,29.286629],[110.564771,29.291156],[110.571981,29.296603],[110.575429,29.295296],[110.577687,29.292146],[110.579684,29.27993],[110.582694,29.275863],[110.59594,29.269448],[110.598126,29.262529],[110.607073,29.249931],[110.628098,29.231611],[110.63656,29.217767],[110.639935,29.215213],[110.651186,29.211449],[110.670438,29.19752],[110.670316,29.189717],[110.667373,29.18515],[110.636573,29.162224],[110.633328,29.155366],[110.63612,29.148457],[110.645384,29.134835],[110.641356,29.128902],[110.628925,29.121666],[110.622281,29.114836],[110.621898,29.106347],[110.624149,29.098983],[110.637847,29.084175],[110.649088,29.082015],[110.657425,29.076665],[110.666703,29.065342],[110.676636,29.062505],[110.683974,29.062445],[110.697686,29.065828],[110.700435,29.07015],[110.712497,29.074676],[110.723816,29.074434],[110.730504,29.078383],[110.727965,29.084184],[110.732887,29.089855],[110.765153,29.100337],[110.77295,29.107486],[110.778124,29.109647],[110.785812,29.104796],[110.794167,29.104819],[110.801842,29.098588],[110.807193,29.097587],[110.822002,29.103199],[110.827803,29.113522],[110.838787,29.113959],[110.845341,29.110231],[110.850976,29.104105],[110.853161,29.099223]]]}},{"type":"Feature","properties":{"dt_adcode":"430811"},"geometry":{"type":"Polygon","coordinates":[[[110.569775,29.410754],[110.578011,29.410851],[110.580518,29.40729],[110.581324,29.395573],[110.584169,29.39131],[110.598145,29.383381],[110.615876,29.378712],[110.651963,29.37829],[110.661502,29.374042],[110.670877,29.3674],[110.676309,29.366446],[110.688566,29.367557],[110.692754,29.365632],[110.695913,29.359984],[110.687363,29.343923],[110.677994,29.335646],[110.668312,29.330011],[110.639745,29.320737],[110.628246,29.319776],[110.620598,29.315172],[110.615401,29.307833],[110.610191,29.30446],[110.587929,29.30287],[110.579594,29.300716],[110.57475,29.295835],[110.571981,29.296603],[110.564771,29.291156],[110.539121,29.286629],[110.531766,29.28777],[110.529066,29.285862],[110.531265,29.274533],[110.553405,29.235793],[110.557356,29.231266],[110.561022,29.222159],[110.561042,29.217437],[110.549227,29.218366],[110.516856,29.233838],[110.501587,29.257469],[110.472769,29.275425],[110.463084,29.279659],[110.457182,29.278704],[110.448625,29.271603],[110.439493,29.271107],[110.436245,29.275347],[110.433503,29.285254],[110.430251,29.289964],[110.411958,29.289895],[110.409789,29.292719],[110.40692,29.323393],[110.380917,29.34592],[110.372794,29.351065],[110.357739,29.351998],[110.337023,29.360794],[110.334369,29.358106],[110.334211,29.353099],[110.331946,29.349413],[110.327958,29.346549],[110.313862,29.343448],[110.307732,29.347409],[110.308476,29.350251],[110.318931,29.355662],[110.318857,29.36684],[110.312128,29.376905],[110.319759,29.3889],[110.321991,29.390224],[110.344239,29.397504],[110.379094,29.400724],[110.419734,29.410546],[110.442444,29.414229],[110.451929,29.429204],[110.457707,29.43313],[110.462172,29.431964],[110.469809,29.421018],[110.479177,29.419464],[110.491184,29.424174],[110.493383,29.430048],[110.491528,29.44492],[110.493291,29.448836],[110.496846,29.450796],[110.503531,29.450801],[110.504632,29.436616],[110.511838,29.433899],[110.520891,29.422775],[110.523738,29.406486],[110.527442,29.397365],[110.535476,29.388699],[110.543296,29.388629],[110.551019,29.397333],[110.552328,29.404847],[110.564175,29.416296],[110.568663,29.413741],[110.569775,29.410754]]]}},{"type":"Feature","properties":{"dt_adcode":"430821"},"geometry":{"type":"Polygon","coordinates":[[[111.297509,29.403312],[111.301793,29.395856],[111.286199,29.389512],[111.269461,29.386565],[111.259223,29.380634],[111.243569,29.350505],[111.240747,29.340312],[111.234791,29.333288],[111.236101,29.329637],[111.241266,29.326666],[111.245564,29.321044],[111.248056,29.310524],[111.251998,29.302773],[111.250964,29.294615],[111.243928,29.282699],[111.234882,29.273514],[111.222125,29.26568],[111.220164,29.260714],[111.220155,29.257456],[111.224631,29.24767],[111.227294,29.244028],[111.232484,29.241697],[111.23145,29.231732],[111.223206,29.22367],[111.214409,29.219066],[111.206413,29.217547],[111.192948,29.218104],[111.177898,29.223414],[111.174362,29.230683],[111.165666,29.236176],[111.153893,29.237745],[111.121836,29.218579],[111.092821,29.204123],[111.080767,29.1884],[111.07184,29.169829],[111.065059,29.164306],[111.055289,29.152145],[111.050916,29.143614],[111.043485,29.139268],[111.030623,29.140231],[111.025811,29.137711],[111.024363,29.123425],[111.022323,29.120459],[111.001661,29.117945],[110.987312,29.111366],[110.982116,29.111574],[110.979397,29.113204],[110.984156,29.116495],[110.983817,29.118952],[110.974717,29.119223],[110.970797,29.124134],[110.958461,29.13388],[110.947185,29.138234],[110.94164,29.138084],[110.941327,29.136348],[110.945766,29.132609],[110.943624,29.127538],[110.938951,29.131692],[110.936975,29.129468],[110.932538,29.131404],[110.929771,29.130845],[110.926135,29.125286],[110.927309,29.122058],[110.925378,29.118679],[110.913137,29.111307],[110.902884,29.111183],[110.898776,29.109316],[110.890761,29.11079],[110.886637,29.100679],[110.882766,29.098522],[110.87631,29.097727],[110.873464,29.099318],[110.871782,29.104544],[110.866603,29.108408],[110.864669,29.107614],[110.859005,29.098416],[110.852571,29.094227],[110.853161,29.099223],[110.850976,29.104105],[110.845341,29.110231],[110.838787,29.113959],[110.827803,29.113522],[110.822002,29.103199],[110.807193,29.097587],[110.801842,29.098588],[110.794167,29.104819],[110.785812,29.104796],[110.779486,29.109352],[110.776683,29.10942],[110.765153,29.100337],[110.732887,29.089855],[110.727965,29.084184],[110.730504,29.078383],[110.723816,29.074434],[110.712497,29.074676],[110.700435,29.07015],[110.697686,29.065828],[110.683974,29.062445],[110.676636,29.062505],[110.666703,29.065342],[110.657425,29.076665],[110.649088,29.082015],[110.637847,29.084175],[110.624149,29.098983],[110.621898,29.106347],[110.622281,29.114836],[110.628925,29.121666],[110.641356,29.128902],[110.645384,29.134835],[110.63612,29.148457],[110.633328,29.155366],[110.639505,29.165184],[110.667373,29.18515],[110.670316,29.189717],[110.670438,29.19752],[110.651186,29.211449],[110.639935,29.215213],[110.63656,29.217767],[110.628098,29.231611],[110.607073,29.249931],[110.598126,29.262529],[110.59594,29.269448],[110.582694,29.275863],[110.579684,29.27993],[110.577687,29.292146],[110.57475,29.295835],[110.579594,29.300716],[110.587929,29.30287],[110.610191,29.30446],[110.615401,29.307833],[110.620598,29.315172],[110.628246,29.319776],[110.639745,29.320737],[110.668312,29.330011],[110.677994,29.335646],[110.687363,29.343923],[110.695913,29.359984],[110.692754,29.365632],[110.688566,29.367557],[110.676309,29.366446],[110.670877,29.3674],[110.661502,29.374042],[110.651963,29.37829],[110.615876,29.378712],[110.598145,29.383381],[110.584169,29.39131],[110.581324,29.395573],[110.580518,29.40729],[110.578011,29.410851],[110.569775,29.410754],[110.568663,29.413741],[110.565569,29.415499],[110.568854,29.417839],[110.576987,29.416586],[110.588382,29.438526],[110.591447,29.450889],[110.598732,29.465271],[110.604873,29.472099],[110.610539,29.48283],[110.618434,29.508377],[110.630549,29.525471],[110.62965,29.541952],[110.624601,29.545962],[110.610339,29.54701],[110.601932,29.553211],[110.602333,29.557974],[110.613621,29.566069],[110.631304,29.575337],[110.660463,29.587026],[110.673096,29.603211],[110.6847,29.602428],[110.712004,29.6116],[110.752629,29.614419],[110.757182,29.619188],[110.758844,29.624907],[110.756184,29.640077],[110.756776,29.644429],[110.767896,29.665642],[110.766551,29.680499],[110.781343,29.683226],[110.786871,29.681638],[110.806318,29.682414],[110.814494,29.680581],[110.856865,29.696286],[110.864722,29.692004],[110.866742,29.688096],[110.871652,29.685433],[110.890379,29.686894],[110.904699,29.684486],[110.925638,29.677752],[110.927377,29.676594],[110.927925,29.671617],[110.942464,29.668024],[110.946346,29.668931],[110.950856,29.672829],[110.959792,29.674334],[110.967746,29.677719],[110.986074,29.675913],[110.998557,29.667176],[111.020466,29.669975],[111.032094,29.669039],[111.038351,29.660091],[111.03944,29.655182],[111.03801,29.651084],[111.031569,29.647184],[111.031038,29.644363],[111.041756,29.642433],[111.048491,29.638427],[111.051156,29.63377],[111.053106,29.619469],[111.05618,29.6174],[111.077001,29.619299],[111.110632,29.6138],[111.117648,29.611207],[111.12185,29.607768],[111.137574,29.608903],[111.149274,29.604013],[111.151312,29.596813],[111.155561,29.594403],[111.176403,29.600862],[111.19525,29.598804],[111.208109,29.60149],[111.213269,29.599205],[111.225787,29.602923],[111.255314,29.599764],[111.257338,29.596868],[111.254566,29.587024],[111.261959,29.585006],[111.266261,29.579847],[111.274457,29.580537],[111.276309,29.576723],[111.277014,29.562611],[111.288606,29.562009],[111.292693,29.560413],[111.294685,29.556862],[111.304708,29.547778],[111.300827,29.540666],[111.301279,29.537691],[111.305804,29.535008],[111.315778,29.535961],[111.319242,29.533318],[111.320459,29.520835],[111.329138,29.509955],[111.331983,29.498182],[111.337528,29.493449],[111.328787,29.485918],[111.322066,29.475834],[111.317844,29.465962],[111.318679,29.459837],[111.325189,29.452538],[111.326616,29.445964],[111.329637,29.444162],[111.327434,29.437431],[111.319512,29.432262],[111.317562,29.427816],[111.312113,29.423717],[111.311251,29.419265],[111.294839,29.412889],[111.291724,29.407823],[111.29275,29.40478],[111.297509,29.403312]]]}},{"type":"Feature","properties":{"dt_adcode":"430822"},"geometry":{"type":"Polygon","coordinates":[[[110.112569,29.2897],[110.09719,29.308851],[110.080568,29.31883],[110.068439,29.323773],[110.063052,29.322546],[110.049192,29.314573],[110.014292,29.287865],[109.998048,29.296609],[109.975501,29.299167],[109.967588,29.303741],[109.951281,29.318059],[109.936402,29.323177],[109.93615,29.325149],[109.952918,29.333821],[109.960358,29.341266],[109.960776,29.347362],[109.954799,29.358163],[109.947204,29.362087],[109.945126,29.365764],[109.945153,29.369894],[109.952669,29.383488],[109.952417,29.386929],[109.945276,29.398413],[109.940313,29.422828],[109.935879,29.434403],[109.929987,29.441824],[109.925616,29.444423],[109.915131,29.445087],[109.90841,29.441729],[109.828917,29.373297],[109.821218,29.38865],[109.81486,29.392566],[109.803641,29.404671],[109.794507,29.411649],[109.795261,29.417103],[109.802966,29.424982],[109.806484,29.425858],[109.808581,29.428371],[109.807577,29.435086],[109.802136,29.441222],[109.803055,29.447096],[109.780857,29.474691],[109.777424,29.488835],[109.770555,29.490518],[109.765775,29.500004],[109.752939,29.50907],[109.74984,29.518301],[109.744849,29.523877],[109.740948,29.534282],[109.73465,29.540991],[109.73876,29.547624],[109.741783,29.549137],[109.748418,29.548887],[109.750433,29.55367],[109.782462,29.577784],[109.779359,29.582484],[109.772151,29.585217],[109.767632,29.589248],[109.764864,29.598647],[109.769559,29.606531],[109.766956,29.612407],[109.761672,29.615176],[109.745733,29.615345],[109.731381,29.608873],[109.723568,29.608195],[109.715544,29.613141],[109.717814,29.615011],[109.717231,29.617361],[109.710859,29.629621],[109.702114,29.634276],[109.701234,29.636313],[109.710952,29.643678],[109.718693,29.655483],[109.713599,29.670309],[109.714206,29.67292],[109.737056,29.678388],[109.760105,29.689114],[109.765254,29.695159],[109.766185,29.702903],[109.759649,29.708722],[109.759298,29.710956],[109.761442,29.714634],[109.771577,29.720986],[109.772969,29.724216],[109.768595,29.727844],[109.758649,29.731452],[109.758131,29.734922],[109.755891,29.733096],[109.753536,29.734109],[109.752324,29.739684],[109.755078,29.743021],[109.764341,29.742822],[109.769277,29.744502],[109.771851,29.751346],[109.775815,29.755231],[109.791899,29.763418],[109.820875,29.769924],[109.836648,29.769834],[109.863218,29.772669],[109.869804,29.774698],[109.888426,29.765885],[109.894238,29.767692],[109.896884,29.770432],[109.900051,29.770648],[109.907896,29.764192],[109.929821,29.770918],[109.93553,29.775869],[109.940525,29.774221],[109.946713,29.779179],[109.949725,29.772976],[109.969703,29.771798],[109.976015,29.768119],[109.982624,29.768562],[109.990846,29.772215],[110.005636,29.769436],[110.024144,29.769627],[110.064132,29.782814],[110.113508,29.789678],[110.131062,29.781074],[110.144921,29.771111],[110.160793,29.753782],[110.170513,29.752327],[110.188141,29.754475],[110.199169,29.75301],[110.219882,29.746651],[110.231119,29.739224],[110.245789,29.732233],[110.260398,29.719513],[110.278215,29.709076],[110.289941,29.696391],[110.291705,29.689267],[110.29206,29.671831],[110.29699,29.664232],[110.302234,29.661678],[110.310124,29.660486],[110.315683,29.661143],[110.321251,29.665012],[110.328134,29.66681],[110.343222,29.66759],[110.343823,29.662725],[110.353563,29.65277],[110.351748,29.644693],[110.354549,29.640174],[110.360743,29.635841],[110.371039,29.633458],[110.413243,29.653854],[110.415552,29.661494],[110.437408,29.662044],[110.447042,29.664646],[110.448447,29.667553],[110.449365,29.690807],[110.459483,29.704072],[110.461914,29.710401],[110.465204,29.713054],[110.493847,29.700975],[110.507114,29.692101],[110.515509,29.690856],[110.520512,29.691944],[110.531333,29.696174],[110.545371,29.705417],[110.562814,29.712559],[110.581711,29.729105],[110.602054,29.742012],[110.614415,29.747117],[110.625874,29.757034],[110.631796,29.757746],[110.634684,29.749575],[110.636719,29.747739],[110.65299,29.744639],[110.657072,29.742058],[110.661075,29.735808],[110.660787,29.719637],[110.66775,29.709889],[110.672555,29.706849],[110.699349,29.699675],[110.72145,29.687502],[110.72606,29.687266],[110.731861,29.690295],[110.737469,29.696366],[110.741025,29.697907],[110.751716,29.710555],[110.761795,29.715922],[110.763636,29.714538],[110.767896,29.665642],[110.756776,29.644429],[110.756184,29.640077],[110.759166,29.628804],[110.757182,29.619188],[110.752629,29.614419],[110.712004,29.6116],[110.6847,29.602428],[110.673096,29.603211],[110.660463,29.587026],[110.631304,29.575337],[110.613621,29.566069],[110.602333,29.557974],[110.601932,29.553211],[110.610339,29.54701],[110.624601,29.545962],[110.62965,29.541952],[110.630549,29.525471],[110.618434,29.508377],[110.610539,29.48283],[110.604873,29.472099],[110.598732,29.465271],[110.591447,29.450889],[110.588382,29.438526],[110.576987,29.416586],[110.567908,29.417739],[110.560044,29.413359],[110.559297,29.410522],[110.552328,29.404847],[110.551019,29.397333],[110.543296,29.388629],[110.535476,29.388699],[110.530316,29.393434],[110.523738,29.406486],[110.520891,29.422775],[110.511838,29.433899],[110.504632,29.436616],[110.503531,29.450801],[110.496846,29.450796],[110.493291,29.448836],[110.491528,29.44492],[110.493383,29.430048],[110.491184,29.424174],[110.479177,29.419464],[110.47472,29.419459],[110.469809,29.421018],[110.462172,29.431964],[110.457707,29.43313],[110.451929,29.429204],[110.442444,29.414229],[110.419734,29.410546],[110.379094,29.400724],[110.348507,29.398089],[110.334726,29.395417],[110.319759,29.3889],[110.308234,29.37189],[110.299908,29.366306],[110.295643,29.365093],[110.286256,29.366388],[110.279937,29.364592],[110.267763,29.355948],[110.25834,29.358993],[110.253851,29.356961],[110.22155,29.324843],[110.217865,29.323266],[110.211859,29.325609],[110.205438,29.338055],[110.197137,29.345697],[110.18513,29.349238],[110.174908,29.348862],[110.157574,29.342578],[110.121713,29.315994],[110.120343,29.310496],[110.120899,29.300967],[110.123391,29.298617],[110.123528,29.295004],[110.112569,29.2897]]]}},{"type":"Feature","properties":{"dt_adcode":"430902"},"geometry":{"type":"Polygon","coordinates":[[[112.621562,28.779362],[112.619129,28.778559],[112.617486,28.770034],[112.606099,28.758016],[112.603684,28.750452],[112.604411,28.741456],[112.597564,28.744197],[112.580583,28.739695],[112.567475,28.730863],[112.562813,28.729974],[112.559097,28.731605],[112.552254,28.729602],[112.55583,28.719653],[112.552452,28.714859],[112.548226,28.712349],[112.534548,28.709582],[112.529026,28.705969],[112.526412,28.702534],[112.525312,28.678375],[112.521123,28.665481],[112.501672,28.646194],[112.467562,28.644655],[112.439679,28.649722],[112.428453,28.649988],[112.418476,28.642776],[112.409502,28.625529],[112.401367,28.6168],[112.351059,28.588502],[112.329956,28.585106],[112.318692,28.586763],[112.314579,28.59158],[112.310798,28.61222],[112.308363,28.616328],[112.301303,28.618329],[112.29181,28.615633],[112.274595,28.603068],[112.25853,28.588186],[112.239284,28.577784],[112.231618,28.580958],[112.225376,28.58155],[112.210263,28.595272],[112.199919,28.60049],[112.193605,28.598864],[112.188954,28.595559],[112.178031,28.577692],[112.175061,28.575704],[112.172029,28.577944],[112.162425,28.579429],[112.151545,28.576817],[112.141166,28.578982],[112.137709,28.583372],[112.133315,28.5858],[112.129769,28.584252],[112.126587,28.578884],[112.122026,28.578929],[112.117577,28.575701],[112.105632,28.582377],[112.104166,28.591378],[112.099393,28.602371],[112.104133,28.612967],[112.111344,28.618296],[112.112099,28.620393],[112.11059,28.624169],[112.103118,28.631356],[112.095541,28.632064],[112.093249,28.637949],[112.093266,28.642717],[112.099231,28.643114],[112.106262,28.652189],[112.136969,28.649078],[112.145374,28.651265],[112.148078,28.652836],[112.149464,28.656403],[112.14359,28.658822],[112.142135,28.661449],[112.150998,28.66364],[112.15449,28.669347],[112.157114,28.666958],[112.158794,28.667429],[112.161489,28.67571],[112.165655,28.679468],[112.182733,28.668351],[112.189982,28.669551],[112.193646,28.672617],[112.198253,28.672766],[112.207966,28.69102],[112.215279,28.692564],[112.2195,28.697588],[112.228949,28.70336],[112.232036,28.70709],[112.231672,28.71248],[112.239434,28.715236],[112.245835,28.714245],[112.264904,28.719177],[112.274397,28.723432],[112.288376,28.710374],[112.299128,28.702919],[112.306101,28.711574],[112.308206,28.711997],[112.312989,28.711879],[112.323164,28.705098],[112.343919,28.710762],[112.357157,28.71722],[112.363912,28.723002],[112.379864,28.729772],[112.392231,28.741098],[112.394442,28.747092],[112.392442,28.751221],[112.397282,28.75625],[112.396328,28.760833],[112.406796,28.763536],[112.403898,28.775424],[112.414219,28.774292],[112.42063,28.768287],[112.428134,28.767632],[112.432322,28.764689],[112.437974,28.768503],[112.45066,28.768671],[112.472164,28.761967],[112.47952,28.766562],[112.490999,28.779294],[112.503493,28.784068],[112.507776,28.783996],[112.512197,28.781003],[112.53072,28.775476],[112.541883,28.783546],[112.540405,28.784228],[112.551907,28.804668],[112.552859,28.818086],[112.566218,28.824172],[112.571859,28.821752],[112.589594,28.80627],[112.60796,28.800305],[112.613252,28.791659],[112.619273,28.793091],[112.621562,28.779362]]]}},{"type":"Feature","properties":{"dt_adcode":"430903"},"geometry":{"type":"Polygon","coordinates":[[[112.68539,28.525423],[112.680789,28.524684],[112.673734,28.51891],[112.663211,28.50108],[112.660943,28.503437],[112.657234,28.498597],[112.651761,28.495658],[112.651128,28.488511],[112.654419,28.484507],[112.643904,28.473295],[112.637746,28.468315],[112.627306,28.468262],[112.62411,28.445518],[112.612134,28.42454],[112.597371,28.417633],[112.594776,28.414614],[112.592987,28.405489],[112.584259,28.402417],[112.578451,28.382356],[112.580337,28.372901],[112.575438,28.369056],[112.574639,28.353123],[112.570833,28.348957],[112.562375,28.344111],[112.564428,28.333127],[112.569254,28.330647],[112.572522,28.326454],[112.570606,28.325],[112.562885,28.326842],[112.553927,28.318944],[112.535997,28.32438],[112.539979,28.329392],[112.536984,28.332521],[112.525967,28.325961],[112.508065,28.32102],[112.505288,28.320729],[112.502329,28.326453],[112.499604,28.327188],[112.503176,28.318027],[112.503098,28.3135],[112.500978,28.311885],[112.493027,28.31254],[112.486919,28.309248],[112.477461,28.313064],[112.472952,28.31774],[112.466018,28.312885],[112.461343,28.314925],[112.457576,28.31431],[112.451253,28.317863],[112.443751,28.317153],[112.440951,28.312239],[112.436098,28.310889],[112.435309,28.317705],[112.433688,28.318727],[112.428131,28.309989],[112.425684,28.309732],[112.422864,28.312809],[112.42034,28.313192],[112.4223,28.304607],[112.409837,28.294761],[112.407428,28.294927],[112.404805,28.298689],[112.401514,28.294454],[112.397242,28.294294],[112.393759,28.290277],[112.38766,28.289378],[112.383107,28.290483],[112.381899,28.29443],[112.379944,28.295387],[112.376893,28.288536],[112.37033,28.284406],[112.352791,28.291236],[112.347077,28.291293],[112.345276,28.289499],[112.349025,28.285007],[112.349146,28.281845],[112.359304,28.282697],[112.356808,28.277295],[112.351955,28.274771],[112.34678,28.274803],[112.332933,28.284389],[112.316851,28.284057],[112.314781,28.295424],[112.317452,28.301143],[112.307522,28.317714],[112.309705,28.324534],[112.307896,28.327676],[112.307436,28.336423],[112.287946,28.344491],[112.284549,28.349793],[112.276026,28.353267],[112.273803,28.358592],[112.282743,28.364577],[112.279494,28.369577],[112.27059,28.368984],[112.26577,28.370282],[112.264259,28.371823],[112.263939,28.376415],[112.254798,28.382424],[112.251909,28.38815],[112.246642,28.391214],[112.24279,28.391476],[112.240318,28.38507],[112.235834,28.381843],[112.226991,28.391321],[112.22563,28.39686],[112.21971,28.393615],[112.217673,28.387672],[112.210368,28.390808],[112.205343,28.390898],[112.203376,28.393042],[112.203169,28.39666],[112.20556,28.40253],[112.213532,28.411715],[112.203508,28.416471],[112.200719,28.424225],[112.196744,28.427872],[112.196579,28.430117],[112.200244,28.437116],[112.213933,28.443567],[112.217244,28.447568],[112.21877,28.452958],[112.218103,28.459786],[112.222723,28.472084],[112.218607,28.472991],[112.218104,28.475258],[112.223271,28.487386],[112.231403,28.498046],[112.235358,28.508448],[112.23758,28.525627],[112.242819,28.532589],[112.249421,28.533857],[112.252676,28.536394],[112.250811,28.542845],[112.253848,28.547712],[112.252504,28.555235],[112.256739,28.558265],[112.256992,28.569983],[112.260352,28.573666],[112.25853,28.588186],[112.274595,28.603068],[112.296434,28.617569],[112.301303,28.618329],[112.308363,28.616328],[112.310798,28.61222],[112.314579,28.59158],[112.318692,28.586763],[112.329956,28.585106],[112.351059,28.588502],[112.401367,28.6168],[112.409502,28.625529],[112.418476,28.642776],[112.428453,28.649988],[112.439679,28.649722],[112.467562,28.644655],[112.499491,28.645738],[112.501672,28.646194],[112.510601,28.654807],[112.518439,28.652082],[112.527611,28.646085],[112.528199,28.642778],[112.533772,28.640416],[112.544116,28.63943],[112.554109,28.644064],[112.561974,28.635092],[112.564815,28.628192],[112.574071,28.623807],[112.576733,28.624264],[112.580531,28.629734],[112.58904,28.628891],[112.584808,28.618558],[112.585517,28.613725],[112.588588,28.609925],[112.585041,28.605237],[112.590244,28.600655],[112.583277,28.593322],[112.582791,28.590124],[112.574389,28.585106],[112.569777,28.579931],[112.563745,28.570934],[112.561986,28.565379],[112.562471,28.563576],[112.568016,28.560707],[112.585885,28.555062],[112.589216,28.551264],[112.591922,28.542941],[112.594838,28.540834],[112.609744,28.54081],[112.629346,28.547182],[112.632824,28.550056],[112.635458,28.559026],[112.645329,28.564016],[112.648816,28.564269],[112.658699,28.580521],[112.667113,28.584293],[112.676066,28.581647],[112.684003,28.596379],[112.691981,28.596303],[112.70036,28.599798],[112.706484,28.599178],[112.711319,28.595629],[112.718955,28.595835],[112.719615,28.589685],[112.713084,28.587989],[112.716466,28.579188],[112.726213,28.581692],[112.731811,28.575358],[112.735929,28.566412],[112.732123,28.564392],[112.724846,28.556408],[112.720247,28.554954],[112.713969,28.55578],[112.709394,28.552173],[112.701747,28.552406],[112.689262,28.545102],[112.68593,28.541017],[112.687612,28.533245],[112.68539,28.525423]]]}},{"type":"Feature","properties":{"dt_adcode":"430921"},"geometry":{"type":"Polygon","coordinates":[[[112.798503,29.159805],[112.791138,29.155201],[112.786433,29.156762],[112.780734,29.155004],[112.771426,29.155263],[112.761948,29.149559],[112.736099,29.145144],[112.732319,29.140019],[112.725259,29.123098],[112.717111,29.114273],[112.707196,29.108803],[112.704169,29.104517],[112.685671,29.096759],[112.670113,29.086363],[112.661281,29.077197],[112.6538,29.083899],[112.65086,29.084313],[112.642458,29.082789],[112.617345,29.082428],[112.617094,29.089227],[112.593684,29.085572],[112.591247,29.091031],[112.579433,29.089025],[112.569628,29.083916],[112.563519,29.08762],[112.557258,29.096916],[112.556228,29.102166],[112.561893,29.108465],[112.567558,29.107865],[112.568588,29.110115],[112.576999,29.157197],[112.56874,29.165466],[112.565336,29.166016],[112.543479,29.15689],[112.537469,29.165352],[112.506692,29.170617],[112.482159,29.178213],[112.444171,29.186088],[112.442084,29.185965],[112.423387,29.167277],[112.420203,29.167446],[112.402083,29.179202],[112.39907,29.178697],[112.390505,29.169291],[112.404773,29.160397],[112.406447,29.149401],[112.398563,29.139327],[112.402834,29.134248],[112.397467,29.12795],[112.394861,29.121233],[112.394191,29.108473],[112.384286,29.092138],[112.332187,29.048611],[112.327977,29.049022],[112.318566,29.057231],[112.303609,29.059514],[112.289917,29.057899],[112.278358,29.045362],[112.254262,29.048162],[112.243851,29.062036],[112.241457,29.067912],[112.243889,29.093136],[112.242639,29.096366],[112.245277,29.100684],[112.245078,29.103382],[112.240706,29.106077],[112.234905,29.114896],[112.231011,29.114302],[112.223513,29.118694],[112.217974,29.115661],[112.214005,29.115586],[112.208669,29.120026],[112.207396,29.127332],[112.187742,29.134496],[112.188826,29.144441],[112.193615,29.146834],[112.201038,29.146024],[112.195548,29.163269],[112.196007,29.168385],[112.201621,29.179243],[112.216213,29.194358],[112.22391,29.199055],[112.236404,29.213147],[112.228488,29.216066],[112.226512,29.22844],[112.228751,29.251736],[112.223473,29.266639],[112.223146,29.286008],[112.216394,29.290164],[112.213422,29.296101],[112.215875,29.29694],[112.22662,29.294057],[112.234226,29.298653],[112.241944,29.293892],[112.25423,29.291889],[112.258223,29.292291],[112.262329,29.296368],[112.263684,29.298694],[112.253778,29.31303],[112.24984,29.324832],[112.249709,29.334841],[112.252629,29.351966],[112.259106,29.365],[112.261701,29.375598],[112.266634,29.382393],[112.28115,29.395127],[112.284201,29.403499],[112.294274,29.406129],[112.295543,29.408289],[112.293371,29.415551],[112.294154,29.426804],[112.300302,29.448188],[112.293557,29.456355],[112.291707,29.478264],[112.283391,29.495204],[112.286405,29.508485],[112.290759,29.516934],[112.298398,29.516919],[112.315732,29.524275],[112.318709,29.517111],[112.331129,29.510584],[112.324029,29.477279],[112.328271,29.450065],[112.336874,29.445086],[112.341997,29.444409],[112.344294,29.448541],[112.350983,29.453082],[112.361341,29.457914],[112.366193,29.458423],[112.367548,29.439876],[112.382559,29.430061],[112.388598,29.422587],[112.386624,29.406014],[112.388509,29.400309],[112.392036,29.396451],[112.40888,29.382282],[112.439947,29.360629],[112.446801,29.359965],[112.464251,29.353487],[112.488726,29.340656],[112.490975,29.337607],[112.491865,29.329003],[112.495291,29.320591],[112.502047,29.312217],[112.527258,29.310586],[112.549044,29.301309],[112.558017,29.304802],[112.57449,29.301794],[112.581262,29.305363],[112.594012,29.321271],[112.611788,29.333277],[112.622231,29.336263],[112.632244,29.336496],[112.64139,29.332187],[112.652574,29.321442],[112.663439,29.301388],[112.666736,29.300249],[112.674159,29.306124],[112.680763,29.294968],[112.683616,29.293784],[112.689246,29.295727],[112.696267,29.288704],[112.699877,29.287384],[112.693499,29.280108],[112.684502,29.275872],[112.682135,29.272234],[112.686745,29.262672],[112.691279,29.261378],[112.694672,29.257315],[112.692549,29.252698],[112.679105,29.244781],[112.678556,29.237917],[112.681628,29.237761],[112.682889,29.235392],[112.681671,29.230418],[112.676162,29.223263],[112.680948,29.21402],[112.677336,29.203971],[112.678422,29.195925],[112.682407,29.192241],[112.693197,29.192563],[112.708716,29.185589],[112.715839,29.187335],[112.723056,29.181166],[112.724576,29.177638],[112.731444,29.175076],[112.733286,29.171839],[112.739948,29.170645],[112.741944,29.168286],[112.757279,29.170101],[112.77082,29.174269],[112.793851,29.190936],[112.799048,29.190461],[112.810387,29.185515],[112.813056,29.182888],[112.813464,29.178656],[112.798503,29.159805]]]}},{"type":"Feature","properties":{"dt_adcode":"430922"},"geometry":{"type":"Polygon","coordinates":[[[112.314781,28.295424],[112.319146,28.274675],[112.322851,28.267891],[112.321746,28.262491],[112.306432,28.261353],[112.301665,28.256674],[112.301621,28.253661],[112.294118,28.24709],[112.288296,28.254075],[112.284255,28.25501],[112.282326,28.253882],[112.279701,28.251264],[112.280648,28.248448],[112.276157,28.247338],[112.265282,28.236138],[112.255732,28.233469],[112.251696,28.224391],[112.243436,28.217441],[112.241683,28.212953],[112.237953,28.210458],[112.235144,28.215086],[112.22852,28.218849],[112.224611,28.232032],[112.221577,28.234843],[112.210104,28.239245],[112.204308,28.238781],[112.201369,28.235204],[112.195524,28.233236],[112.177977,28.235742],[112.169517,28.2456],[112.16206,28.247263],[112.1462,28.254538],[112.142665,28.262996],[112.139069,28.265946],[112.123154,28.266156],[112.114664,28.271926],[112.103697,28.268783],[112.099071,28.270057],[112.091881,28.264765],[112.082248,28.267872],[112.080658,28.260802],[112.072609,28.2563],[112.062915,28.253604],[112.05667,28.25479],[112.051711,28.25129],[112.046238,28.253057],[112.041382,28.251448],[112.030331,28.252059],[112.023117,28.247424],[112.017605,28.247068],[112.008687,28.243221],[112.003976,28.235874],[112.007781,28.229102],[112.007049,28.22594],[111.984329,28.223112],[111.986977,28.232008],[111.985967,28.23704],[111.978332,28.242629],[111.970934,28.251457],[111.962649,28.254488],[111.961953,28.259782],[111.959308,28.263993],[111.962607,28.274684],[111.965992,28.278699],[111.965236,28.289707],[111.968178,28.297264],[111.968771,28.304784],[111.975291,28.314543],[111.973925,28.321869],[111.968964,28.3243],[111.965283,28.332176],[111.955824,28.328034],[111.948866,28.330978],[111.950049,28.337157],[111.94698,28.345823],[111.944546,28.347434],[111.934252,28.346423],[111.923843,28.341464],[111.906937,28.339811],[111.903579,28.347394],[111.897124,28.353751],[111.897229,28.356582],[111.901211,28.360661],[111.898826,28.369103],[111.88906,28.375684],[111.883736,28.386637],[111.878751,28.387398],[111.873351,28.384216],[111.856524,28.380779],[111.846103,28.380168],[111.840698,28.382529],[111.831872,28.382608],[111.821824,28.373806],[111.816089,28.370461],[111.813811,28.370975],[111.812286,28.37366],[111.814712,28.382685],[111.80857,28.382724],[111.807409,28.384382],[111.812141,28.397977],[111.806909,28.406261],[111.801068,28.399951],[111.782145,28.397446],[111.776543,28.394164],[111.772526,28.386672],[111.767069,28.385411],[111.759398,28.379117],[111.750464,28.374706],[111.730164,28.372231],[111.724541,28.375559],[111.720255,28.375857],[111.707986,28.372181],[111.702733,28.372087],[111.690529,28.36738],[111.678628,28.370147],[111.65967,28.365455],[111.657791,28.366809],[111.660975,28.372062],[111.659662,28.380719],[111.667519,28.393911],[111.666815,28.39982],[111.655288,28.397978],[111.652818,28.40378],[111.651044,28.404415],[111.643224,28.397477],[111.639676,28.400528],[111.614801,28.404411],[111.608687,28.413806],[111.611102,28.422066],[111.607125,28.428264],[111.616124,28.435288],[111.620548,28.44742],[111.621981,28.448029],[111.668411,28.446215],[111.667958,28.448625],[111.66996,28.451803],[111.664853,28.456382],[111.656945,28.459262],[111.647196,28.466641],[111.640725,28.465959],[111.638647,28.469544],[111.641404,28.472956],[111.655685,28.475464],[111.656799,28.478256],[111.655164,28.483887],[111.655991,28.487878],[111.662333,28.491326],[111.659749,28.494688],[111.651973,28.498387],[111.65006,28.505633],[111.650626,28.512567],[111.653296,28.513873],[111.662143,28.509377],[111.665823,28.509605],[111.671896,28.512217],[111.67515,28.519491],[111.674508,28.542735],[111.672212,28.552718],[111.674188,28.555616],[111.680496,28.558817],[111.681462,28.563046],[111.674841,28.572527],[111.670301,28.587142],[111.673512,28.591453],[111.688406,28.589202],[111.692756,28.590183],[111.698681,28.594056],[111.70276,28.598989],[111.707126,28.594979],[111.711883,28.595219],[111.714692,28.602258],[111.723421,28.609833],[111.724734,28.616563],[111.720606,28.622703],[111.718581,28.634378],[111.720416,28.637616],[111.728274,28.642543],[111.722511,28.645046],[111.72717,28.650616],[111.732862,28.652585],[111.744139,28.652043],[111.749254,28.657041],[111.752501,28.657369],[111.759073,28.653433],[111.76827,28.639028],[111.776215,28.634129],[111.780031,28.635662],[111.782737,28.645045],[111.785148,28.64811],[111.78787,28.648713],[111.792256,28.642394],[111.800498,28.642654],[111.812152,28.64042],[111.814853,28.629492],[111.81792,28.624301],[111.825394,28.619671],[111.828495,28.615744],[111.836957,28.614278],[111.844051,28.616699],[111.85015,28.633339],[111.854768,28.636996],[111.861924,28.635803],[111.871672,28.630797],[111.890329,28.637641],[111.900504,28.635456],[111.904288,28.643242],[111.911883,28.643959],[111.918222,28.655387],[111.915965,28.662132],[111.909289,28.66504],[111.910236,28.671476],[111.92142,28.676653],[111.932001,28.674367],[111.950198,28.674685],[111.953651,28.671654],[111.955016,28.673344],[111.960202,28.670645],[111.980621,28.665292],[111.984443,28.663279],[111.979871,28.658799],[111.981464,28.65229],[111.985138,28.65255],[111.993602,28.657647],[111.996006,28.655437],[111.998435,28.64675],[112.004514,28.645761],[112.014049,28.640726],[112.031481,28.638949],[112.035373,28.641293],[112.040753,28.65771],[112.034069,28.660435],[112.02706,28.666367],[112.025851,28.669277],[112.027383,28.671421],[112.031858,28.673372],[112.039902,28.671637],[112.05118,28.672409],[112.058783,28.669174],[112.065323,28.672406],[112.070462,28.672351],[112.073964,28.669062],[112.075328,28.659156],[112.077197,28.656136],[112.085894,28.653246],[112.093266,28.642717],[112.093249,28.637949],[112.095541,28.632064],[112.103118,28.631356],[112.111674,28.622072],[112.111344,28.618296],[112.104133,28.612967],[112.099428,28.600567],[112.104166,28.591378],[112.105632,28.582377],[112.116285,28.575995],[112.1188,28.575911],[112.122026,28.578929],[112.126587,28.578884],[112.132387,28.585864],[112.137709,28.583372],[112.141166,28.578982],[112.151545,28.576817],[112.162425,28.579429],[112.172029,28.577944],[112.175667,28.575829],[112.188954,28.595559],[112.193605,28.598864],[112.199919,28.60049],[112.210263,28.595272],[112.225376,28.58155],[112.231618,28.580958],[112.237228,28.577848],[112.240914,28.578244],[112.25853,28.588186],[112.260352,28.573666],[112.256992,28.569983],[112.256739,28.558265],[112.252504,28.555235],[112.253848,28.547712],[112.250811,28.542845],[112.252676,28.536394],[112.249421,28.533857],[112.242819,28.532589],[112.23758,28.525627],[112.235358,28.508448],[112.231403,28.498046],[112.223271,28.487386],[112.218104,28.475258],[112.218607,28.472991],[112.222723,28.472084],[112.218103,28.459786],[112.21877,28.452958],[112.217244,28.447568],[112.213933,28.443567],[112.198884,28.435944],[112.196458,28.428669],[112.200719,28.424225],[112.203508,28.416471],[112.213532,28.411715],[112.20556,28.40253],[112.203169,28.39666],[112.204424,28.391258],[112.210368,28.390808],[112.217673,28.387672],[112.21971,28.393615],[112.22563,28.39686],[112.226991,28.391321],[112.235834,28.381843],[112.240318,28.38507],[112.24279,28.391476],[112.249453,28.389892],[112.254798,28.382424],[112.264737,28.375493],[112.264798,28.370963],[112.27059,28.368984],[112.27859,28.370206],[112.282699,28.365543],[112.280431,28.361933],[112.273803,28.358592],[112.276573,28.352638],[112.284549,28.349793],[112.287946,28.344491],[112.307436,28.336423],[112.307896,28.327676],[112.309705,28.324534],[112.307522,28.317714],[112.317452,28.301143],[112.314781,28.295424]]]}},{"type":"Feature","properties":{"dt_adcode":"430923"},"geometry":{"type":"Polygon","coordinates":[[[111.684915,28.002973],[111.691562,28.008731],[111.683489,28.014502],[111.683072,28.025949],[111.685551,28.035381],[111.684962,28.040777],[111.679376,28.037916],[111.673616,28.037401],[111.670632,28.029806],[111.665124,28.024449],[111.664828,28.017403],[111.66247,28.013918],[111.653649,28.015118],[111.651544,28.017002],[111.65251,28.021742],[111.660626,28.019954],[111.662853,28.021088],[111.662766,28.024737],[111.659113,28.026701],[111.651501,28.026228],[111.634265,28.015306],[111.627728,28.019339],[111.620879,28.016146],[111.601703,28.034528],[111.597214,28.029747],[111.590295,28.027504],[111.587822,28.023481],[111.590754,28.017188],[111.59881,28.015111],[111.599773,28.009702],[111.592769,28.006456],[111.582536,27.993081],[111.567033,27.986581],[111.551168,27.974871],[111.541624,27.978562],[111.534577,27.983371],[111.532066,27.983126],[111.529521,27.986573],[111.538179,27.993458],[111.542067,27.99414],[111.550978,27.991466],[111.558472,28.00469],[111.557113,28.010356],[111.564712,28.018507],[111.575202,28.018609],[111.575939,28.021259],[111.573113,28.029356],[111.570139,28.029823],[111.567123,28.03293],[111.543887,28.020397],[111.541654,28.025245],[111.540693,28.035552],[111.545439,28.043037],[111.543933,28.047528],[111.534522,28.054168],[111.529067,28.049548],[111.526826,28.050017],[111.519842,28.06267],[111.514718,28.065306],[111.509162,28.061203],[111.506651,28.05406],[111.516032,28.050625],[111.52087,28.046187],[111.523354,28.041093],[111.52241,28.034168],[111.524418,28.029738],[111.519259,28.030109],[111.507654,28.039819],[111.502825,28.04168],[111.494811,28.037866],[111.491574,28.043517],[111.494751,28.04921],[111.49187,28.066852],[111.49329,28.074901],[111.511276,28.0916],[111.500397,28.09264],[111.499861,28.101436],[111.482024,28.121641],[111.482734,28.128307],[111.480813,28.136217],[111.483281,28.141117],[111.490016,28.148184],[111.490769,28.154558],[111.48575,28.160464],[111.489974,28.168168],[111.490018,28.176661],[111.494363,28.179709],[111.495706,28.18996],[111.487761,28.198119],[111.485796,28.203179],[111.483156,28.204193],[111.477468,28.199344],[111.448258,28.18685],[111.446039,28.187902],[111.445285,28.191047],[111.448051,28.204109],[111.4439,28.206924],[111.434856,28.208113],[111.410572,28.188311],[111.398027,28.180046],[111.388449,28.177777],[111.386181,28.181633],[111.38652,28.191028],[111.382904,28.196308],[111.354326,28.199415],[111.341844,28.193148],[111.334132,28.193002],[111.332122,28.195934],[111.333967,28.200907],[111.337458,28.204394],[111.336789,28.210348],[111.332332,28.213612],[111.331027,28.220404],[111.325979,28.226538],[111.321017,28.227872],[111.313654,28.234296],[111.294066,28.224263],[111.286332,28.216788],[111.2836,28.20049],[111.27906,28.191009],[111.260371,28.172712],[111.258268,28.167983],[111.248304,28.16096],[111.237459,28.154873],[111.231566,28.153767],[111.228754,28.154566],[111.225804,28.160849],[111.222048,28.162635],[111.215532,28.159236],[111.186684,28.161265],[111.189137,28.157235],[111.189032,28.153828],[111.175854,28.138429],[111.164236,28.129645],[111.160924,28.122835],[111.150658,28.122686],[111.149322,28.116523],[111.140726,28.102885],[111.140337,28.094484],[111.138252,28.092217],[111.137879,28.085968],[111.127015,28.074972],[111.123282,28.068767],[111.113593,28.063575],[111.118454,28.050173],[111.111456,28.048289],[111.110098,28.042488],[111.101276,28.033194],[111.102554,28.031258],[111.092938,28.026314],[111.095537,28.021828],[111.094528,28.013085],[111.098099,28.005453],[111.097222,28.002769],[111.093814,28.00063],[111.085833,28.000144],[111.081971,27.99561],[111.078692,27.994391],[111.07201,27.994467],[111.061157,28.009482],[111.041553,28.022293],[111.036248,28.03312],[111.029633,28.033185],[111.022015,28.027524],[111.013211,28.028923],[111.014091,28.033602],[111.022016,28.04153],[111.010474,28.044514],[110.993327,28.053877],[110.972279,28.053986],[110.970841,28.056037],[110.970929,28.065819],[110.969073,28.066946],[110.964447,28.063581],[110.961033,28.056567],[110.952201,28.056331],[110.952305,28.054191],[110.955719,28.050746],[110.942994,28.038353],[110.938637,28.028096],[110.938062,28.018502],[110.92577,28.021318],[110.925439,28.019432],[110.927683,28.016498],[110.922074,28.013925],[110.924951,28.00446],[110.921995,28.004109],[110.916909,28.006679],[110.921777,27.999719],[110.907688,27.998215],[110.903092,27.999706],[110.894894,27.998858],[110.889581,28.000979],[110.87816,28.013077],[110.869918,28.011484],[110.866188,28.013752],[110.865772,28.015641],[110.866441,28.025462],[110.872817,28.036661],[110.882414,28.046002],[110.88409,28.050991],[110.896088,28.058132],[110.889507,28.067866],[110.874059,28.083186],[110.867034,28.078102],[110.858821,28.076374],[110.836825,28.086332],[110.823465,28.087447],[110.844326,28.116365],[110.841058,28.120062],[110.833021,28.11886],[110.834105,28.125337],[110.829294,28.127108],[110.818649,28.139668],[110.848014,28.170521],[110.854051,28.190452],[110.860503,28.198599],[110.861431,28.203545],[110.858535,28.205145],[110.847982,28.205204],[110.8463,28.207681],[110.848061,28.213027],[110.844506,28.215089],[110.84103,28.215221],[110.835073,28.209486],[110.826786,28.209061],[110.824019,28.203613],[110.820838,28.205969],[110.814639,28.207029],[110.810026,28.211733],[110.804581,28.213252],[110.799846,28.223179],[110.787859,28.231248],[110.806301,28.253011],[110.803959,28.257628],[110.803743,28.262724],[110.793015,28.275909],[110.787819,28.278433],[110.783333,28.278227],[110.773394,28.272931],[110.770209,28.274778],[110.763913,28.274488],[110.749687,28.280908],[110.739527,28.281594],[110.733477,28.285156],[110.730999,28.290124],[110.721085,28.300789],[110.727113,28.309321],[110.733166,28.311341],[110.736357,28.314321],[110.738331,28.321999],[110.744051,28.328061],[110.751229,28.332343],[110.753245,28.338677],[110.757059,28.341696],[110.766497,28.343413],[110.812066,28.363011],[110.830837,28.376317],[110.832762,28.380509],[110.833352,28.390364],[110.835867,28.393885],[110.84634,28.398836],[110.853917,28.398445],[110.860456,28.406038],[110.880643,28.408285],[110.88947,28.404902],[110.931008,28.421289],[110.940379,28.421757],[110.947891,28.428148],[110.954587,28.427959],[110.969666,28.431181],[110.980167,28.440297],[110.992824,28.441714],[111.001393,28.440138],[111.007749,28.445556],[111.022037,28.446078],[111.034806,28.454911],[111.046439,28.459043],[111.053572,28.457388],[111.06167,28.45169],[111.067554,28.451117],[111.076544,28.454112],[111.083789,28.453701],[111.090989,28.455425],[111.093527,28.456961],[111.096874,28.463622],[111.101949,28.466732],[111.109334,28.468138],[111.116645,28.464392],[111.126351,28.470522],[111.13397,28.473293],[111.139601,28.474614],[111.144935,28.47373],[111.148344,28.483728],[111.147868,28.487862],[111.15484,28.49803],[111.152266,28.505967],[111.1525,28.514774],[111.160694,28.515159],[111.167648,28.517678],[111.175198,28.51389],[111.178995,28.514129],[111.184787,28.518829],[111.192207,28.518832],[111.197497,28.522922],[111.198256,28.526546],[111.21184,28.532436],[111.216091,28.536453],[111.221174,28.533275],[111.221286,28.527695],[111.228652,28.522455],[111.232427,28.52264],[111.2539,28.531675],[111.258104,28.527275],[111.264048,28.5271],[111.267411,28.522996],[111.273956,28.523178],[111.283251,28.517155],[111.287904,28.51734],[111.298256,28.521151],[111.30916,28.520972],[111.315696,28.524425],[111.323147,28.519039],[111.333819,28.520151],[111.339234,28.52786],[111.348156,28.528697],[111.354214,28.534821],[111.361576,28.537988],[111.373879,28.551823],[111.383217,28.550554],[111.396571,28.540793],[111.399291,28.540572],[111.412268,28.547859],[111.433704,28.548036],[111.437034,28.550147],[111.437937,28.554401],[111.443373,28.557289],[111.467842,28.55691],[111.47548,28.559986],[111.483393,28.568252],[111.49147,28.571639],[111.494214,28.581243],[111.509359,28.585683],[111.518664,28.595521],[111.539232,28.609713],[111.568723,28.639357],[111.574488,28.639301],[111.586786,28.635137],[111.605412,28.624932],[111.624402,28.618334],[111.627818,28.619979],[111.631243,28.625608],[111.636069,28.62848],[111.641016,28.628035],[111.644938,28.623733],[111.647294,28.623248],[111.657341,28.62638],[111.660342,28.625851],[111.664509,28.621584],[111.664543,28.60503],[111.668553,28.595621],[111.673512,28.591453],[111.671023,28.589114],[111.670518,28.584415],[111.674841,28.572527],[111.680914,28.565227],[111.681166,28.560245],[111.672212,28.552718],[111.674508,28.542735],[111.67522,28.521569],[111.673279,28.513981],[111.668746,28.510552],[111.663344,28.509294],[111.653296,28.513873],[111.650252,28.511759],[111.651973,28.498387],[111.659749,28.494688],[111.66235,28.491714],[111.655991,28.487878],[111.656425,28.476684],[111.653502,28.474371],[111.641404,28.472956],[111.639386,28.471686],[111.638691,28.468578],[111.640725,28.465959],[111.647917,28.466306],[111.656945,28.459262],[111.664853,28.456382],[111.669977,28.450817],[111.667558,28.446009],[111.652978,28.447524],[111.620548,28.44742],[111.616706,28.436076],[111.607125,28.428264],[111.611102,28.422066],[111.608687,28.413806],[111.614801,28.404411],[111.639676,28.400528],[111.643224,28.397477],[111.651044,28.404415],[111.652818,28.40378],[111.655288,28.397978],[111.666815,28.39982],[111.667519,28.393911],[111.659662,28.380719],[111.660975,28.372062],[111.657791,28.366809],[111.65967,28.365455],[111.678628,28.370147],[111.690529,28.36738],[111.702733,28.372087],[111.707986,28.372181],[111.720255,28.375857],[111.724541,28.375559],[111.730164,28.372231],[111.750464,28.374706],[111.759398,28.379117],[111.767069,28.385411],[111.772526,28.386672],[111.776543,28.394164],[111.782145,28.397446],[111.801068,28.399951],[111.806909,28.406261],[111.812141,28.397977],[111.807409,28.384382],[111.80857,28.382724],[111.814712,28.382685],[111.812286,28.37366],[111.813811,28.370975],[111.816089,28.370461],[111.821824,28.373806],[111.831872,28.382608],[111.840698,28.382529],[111.846103,28.380168],[111.856524,28.380779],[111.873351,28.384216],[111.878751,28.387398],[111.882566,28.387183],[111.88906,28.375684],[111.898826,28.369103],[111.901211,28.360661],[111.897229,28.356582],[111.897124,28.353751],[111.903579,28.347394],[111.906937,28.339811],[111.923843,28.341464],[111.934252,28.346423],[111.944546,28.347434],[111.94698,28.345823],[111.950049,28.337157],[111.948866,28.330978],[111.955824,28.328034],[111.965283,28.332176],[111.968964,28.3243],[111.973925,28.321869],[111.975291,28.314543],[111.968771,28.304784],[111.968178,28.297264],[111.965236,28.289707],[111.965992,28.278699],[111.962607,28.274684],[111.959308,28.263993],[111.961953,28.259782],[111.962649,28.254488],[111.970934,28.251457],[111.987107,28.234422],[111.984329,28.223112],[111.976015,28.219673],[111.9714,28.212339],[111.962141,28.208862],[111.96113,28.198146],[111.956214,28.192577],[111.951856,28.19304],[111.944759,28.186743],[111.938494,28.186501],[111.944915,28.178978],[111.941793,28.17227],[111.935395,28.170471],[111.933222,28.168151],[111.934082,28.15876],[111.930918,28.148475],[111.933342,28.143486],[111.932498,28.134315],[111.926363,28.12822],[111.908838,28.116061],[111.902892,28.103712],[111.899169,28.099811],[111.901824,28.09408],[111.91526,28.082797],[111.914087,28.079344],[111.917022,28.077716],[111.917065,28.074446],[111.920243,28.069897],[111.926888,28.066997],[111.919261,28.061918],[111.912332,28.053868],[111.908017,28.044131],[111.908112,28.037444],[111.913389,28.030058],[111.912147,28.027174],[111.902591,28.021997],[111.889735,28.027536],[111.870169,28.026665],[111.858177,28.030928],[111.849246,28.029402],[111.83834,28.019949],[111.829964,28.023081],[111.82339,28.022609],[111.817742,28.016536],[111.812604,28.015223],[111.804512,28.009231],[111.797501,28.007607],[111.796123,28.005185],[111.796919,27.992673],[111.793079,27.989717],[111.782833,27.992946],[111.778879,27.996645],[111.779435,28.007066],[111.773884,28.010672],[111.765634,28.006116],[111.757511,28.004397],[111.750574,28.005516],[111.747465,28.003197],[111.743391,27.994224],[111.737519,27.991977],[111.734244,27.988158],[111.730464,27.987525],[111.725301,27.982992],[111.721598,27.984916],[111.713913,27.994111],[111.7074,27.990495],[111.699416,27.994339],[111.690421,27.990569],[111.687107,27.991151],[111.685167,27.993287],[111.684915,28.002973]]]}},{"type":"Feature","properties":{"dt_adcode":"430981"},"geometry":{"type":"Polygon","coordinates":[[[112.254262,29.048162],[112.278358,29.045362],[112.289917,29.057899],[112.303609,29.059514],[112.318566,29.057231],[112.327977,29.049022],[112.332187,29.048611],[112.384286,29.092138],[112.394191,29.108473],[112.394861,29.121233],[112.397467,29.12795],[112.402834,29.134248],[112.398563,29.139327],[112.406447,29.149401],[112.406447,29.153096],[112.404773,29.160397],[112.39034,29.170466],[112.39907,29.178697],[112.402083,29.179202],[112.420203,29.167446],[112.423387,29.167277],[112.442084,29.185965],[112.444171,29.186088],[112.482159,29.178213],[112.506692,29.170617],[112.537469,29.165352],[112.543479,29.15689],[112.565336,29.166016],[112.56874,29.165466],[112.576999,29.157197],[112.568588,29.110115],[112.567558,29.107865],[112.561893,29.108465],[112.556228,29.102166],[112.557258,29.096916],[112.563519,29.08762],[112.569628,29.083916],[112.579433,29.089025],[112.591247,29.091031],[112.593684,29.085572],[112.617094,29.089227],[112.617345,29.082428],[112.642458,29.082789],[112.65086,29.084313],[112.6538,29.083899],[112.661281,29.077197],[112.670113,29.086363],[112.685671,29.096759],[112.704169,29.104517],[112.707196,29.108803],[112.717111,29.114273],[112.725259,29.123098],[112.732319,29.140019],[112.736099,29.145144],[112.761948,29.149559],[112.771426,29.155263],[112.780734,29.155004],[112.786433,29.156762],[112.791138,29.155201],[112.798503,29.159805],[112.804596,29.155189],[112.812881,29.152381],[112.881601,29.162769],[112.901089,29.154621],[112.925226,29.149004],[112.927057,29.109044],[112.92989,29.096991],[112.939184,29.073238],[112.939035,29.065532],[112.941149,29.063174],[112.949378,29.060784],[112.934424,29.037335],[112.927928,29.023048],[112.891385,28.999363],[112.876089,28.984073],[112.872419,28.962971],[112.864426,28.952779],[112.852681,28.942753],[112.847984,28.93554],[112.838122,28.929279],[112.811598,28.921564],[112.79746,28.913682],[112.78101,28.910828],[112.774451,28.906466],[112.773202,28.902751],[112.751039,28.894926],[112.735001,28.886192],[112.722901,28.883489],[112.685191,28.879765],[112.677426,28.871243],[112.669582,28.85765],[112.668363,28.850449],[112.659375,28.838703],[112.659896,28.834621],[112.663941,28.82944],[112.664941,28.821037],[112.670331,28.817041],[112.672671,28.813068],[112.673419,28.805718],[112.671832,28.800375],[112.675487,28.797231],[112.672794,28.792011],[112.661929,28.788988],[112.653615,28.791701],[112.647888,28.788345],[112.641785,28.789461],[112.621562,28.779362],[112.619273,28.793091],[112.613252,28.791659],[112.60796,28.800305],[112.589594,28.80627],[112.571859,28.821752],[112.564437,28.823791],[112.552859,28.818086],[112.551907,28.804668],[112.540405,28.784228],[112.541883,28.783546],[112.53164,28.775881],[112.527316,28.775515],[112.512197,28.781003],[112.508199,28.783853],[112.503493,28.784068],[112.490999,28.779294],[112.47952,28.766562],[112.472164,28.761967],[112.45066,28.768671],[112.437974,28.768503],[112.432322,28.764689],[112.428134,28.767632],[112.42063,28.768287],[112.414219,28.774292],[112.404906,28.77576],[112.403448,28.774658],[112.406796,28.763536],[112.396328,28.760833],[112.39677,28.7549],[112.392442,28.751221],[112.394442,28.747092],[112.39322,28.742844],[112.382658,28.731695],[112.363912,28.723002],[112.357157,28.71722],[112.343919,28.710762],[112.323164,28.705098],[112.312989,28.711879],[112.308206,28.711997],[112.306101,28.711574],[112.299128,28.702919],[112.288376,28.710374],[112.274397,28.723432],[112.283215,28.728425],[112.282488,28.751751],[112.2836,28.757496],[112.281759,28.773515],[112.283428,28.776896],[112.294214,28.780771],[112.299578,28.78484],[112.305961,28.797693],[112.304744,28.80772],[112.305937,28.818001],[112.304685,28.823022],[112.276439,28.840729],[112.26607,28.853436],[112.259281,28.857853],[112.257007,28.861462],[112.258651,28.900827],[112.261751,28.908131],[112.261421,28.917138],[112.259547,28.922726],[112.257346,28.967752],[112.255384,28.973128],[112.248399,28.97701],[112.246898,28.980839],[112.247654,28.997048],[112.250909,29.000833],[112.250164,29.021709],[112.254262,29.048162]]]}},{"type":"Feature","properties":{"dt_adcode":"431002"},"geometry":{"type":"Polygon","coordinates":[[[112.911997,25.876639],[112.91433,25.869409],[112.921159,25.865784],[112.916053,25.852681],[112.909487,25.849764],[112.912486,25.847283],[112.907025,25.837567],[112.910707,25.826599],[112.913442,25.823714],[112.911389,25.808529],[112.916369,25.806873],[112.918245,25.80819],[112.919999,25.813448],[112.922891,25.814501],[112.92938,25.808471],[112.937881,25.806189],[112.940589,25.807163],[112.94806,25.815498],[112.948086,25.822706],[112.964683,25.827314],[112.968832,25.830559],[112.968336,25.832893],[112.974059,25.831626],[112.982608,25.836893],[112.985146,25.841521],[112.983108,25.848147],[112.984224,25.853614],[112.979637,25.858638],[112.980613,25.861721],[112.983316,25.863197],[112.981081,25.865388],[112.981852,25.866223],[112.989971,25.864209],[112.990278,25.861316],[112.997581,25.855839],[113.003494,25.855094],[113.008823,25.861921],[113.014102,25.863189],[113.014203,25.869108],[113.01695,25.873453],[113.025617,25.872195],[113.029077,25.876572],[113.030899,25.876271],[113.034552,25.871152],[113.032877,25.866956],[113.033802,25.863795],[113.031978,25.861327],[113.032417,25.855763],[113.030068,25.853544],[113.032869,25.850706],[113.030138,25.850166],[113.030513,25.845228],[113.023877,25.840226],[113.02112,25.833969],[113.025337,25.826778],[113.026656,25.820494],[113.032357,25.814771],[113.034268,25.804769],[113.040297,25.795136],[113.033243,25.794352],[113.033825,25.791769],[113.036946,25.790796],[113.036626,25.787937],[113.032762,25.787613],[113.035712,25.784774],[113.036822,25.77918],[113.035748,25.769692],[113.034492,25.769278],[113.036922,25.767334],[113.041675,25.767353],[113.047701,25.777016],[113.05189,25.778652],[113.056891,25.774228],[113.056329,25.766959],[113.061081,25.768939],[113.068638,25.765536],[113.076517,25.764976],[113.071109,25.756386],[113.077231,25.742706],[113.08394,25.738556],[113.083915,25.737101],[113.082775,25.734209],[113.078981,25.731905],[113.075596,25.731886],[113.072413,25.734154],[113.067349,25.731648],[113.039614,25.741323],[113.034763,25.735784],[113.026661,25.733805],[113.022361,25.730748],[113.018798,25.731017],[113.0114,25.725541],[112.998106,25.702884],[112.99371,25.699022],[112.996159,25.688076],[113.004539,25.676376],[113.011739,25.67355],[113.015688,25.667789],[113.021097,25.666275],[113.021367,25.652171],[113.017009,25.650532],[113.009506,25.653678],[112.994524,25.651269],[112.992933,25.647531],[112.993338,25.64128],[112.98383,25.636093],[112.979515,25.626674],[112.976273,25.625636],[112.970063,25.619495],[112.96792,25.618139],[112.954942,25.617531],[112.949971,25.612891],[112.937087,25.60933],[112.935662,25.599766],[112.9375,25.592961],[112.94229,25.590529],[112.942265,25.588996],[112.934091,25.58116],[112.937824,25.565824],[112.933931,25.560735],[112.931375,25.54923],[112.931748,25.540832],[112.925042,25.539611],[112.924514,25.538314],[112.928387,25.53179],[112.933392,25.527283],[112.92537,25.523088],[112.921164,25.51398],[112.928755,25.507294],[112.931058,25.503127],[112.941302,25.505998],[112.938426,25.497596],[112.941155,25.493062],[112.939989,25.487999],[112.932168,25.484981],[112.930624,25.490157],[112.927589,25.492486],[112.921559,25.488222],[112.912871,25.487021],[112.906302,25.481412],[112.898431,25.478662],[112.890612,25.472954],[112.884703,25.457297],[112.856289,25.439991],[112.850083,25.438555],[112.835699,25.439495],[112.812588,25.432719],[112.784898,25.432433],[112.782204,25.436717],[112.785849,25.440459],[112.785223,25.453047],[112.790639,25.469882],[112.790077,25.473657],[112.781946,25.480359],[112.785907,25.489014],[112.78526,25.492063],[112.781875,25.49319],[112.768896,25.490796],[112.737818,25.494226],[112.724243,25.494097],[112.721357,25.502604],[112.726009,25.520308],[112.725123,25.5287],[112.718307,25.534621],[112.699888,25.539053],[112.697478,25.542307],[112.6976,25.547824],[112.706369,25.561926],[112.732124,25.586287],[112.733654,25.589811],[112.759269,25.59472],[112.763679,25.592547],[112.76761,25.584886],[112.768078,25.575612],[112.76221,25.558035],[112.761558,25.55023],[112.763156,25.544974],[112.765697,25.543653],[112.769953,25.544241],[112.778286,25.548684],[112.779884,25.546537],[112.780113,25.541355],[112.78315,25.540021],[112.786856,25.542561],[112.788966,25.547434],[112.799563,25.547753],[112.799813,25.544051],[112.794103,25.536731],[112.799064,25.534814],[112.80912,25.539945],[112.809359,25.542346],[112.805105,25.550636],[112.801883,25.553084],[112.791717,25.554333],[112.791042,25.556931],[112.798896,25.559538],[112.805379,25.568849],[112.805559,25.574117],[112.80701,25.575761],[112.811713,25.570239],[112.808424,25.561409],[112.81146,25.560164],[112.816783,25.562031],[112.819709,25.576731],[112.82309,25.583647],[112.82804,25.585958],[112.829021,25.590197],[112.822021,25.598712],[112.814983,25.602601],[112.812774,25.612653],[112.803102,25.621062],[112.7983,25.622125],[112.7861,25.619705],[112.776654,25.620243],[112.771951,25.61737],[112.76145,25.62248],[112.758803,25.628671],[112.758101,25.637827],[112.759161,25.653939],[112.763684,25.660628],[112.774662,25.668075],[112.779355,25.667895],[112.783457,25.654129],[112.791088,25.642208],[112.80416,25.631565],[112.806327,25.632208],[112.811199,25.639711],[112.810203,25.6484],[112.812062,25.656174],[112.811146,25.659447],[112.812751,25.661179],[112.820104,25.660584],[112.819706,25.64844],[112.818345,25.646283],[112.819568,25.64356],[112.822771,25.645058],[112.823854,25.653031],[112.826562,25.656013],[112.829804,25.65516],[112.832202,25.647541],[112.836626,25.646604],[112.852824,25.658008],[112.855165,25.665019],[112.852964,25.669896],[112.847627,25.669235],[112.844869,25.663099],[112.841294,25.661539],[112.838579,25.662988],[112.842024,25.665758],[112.842059,25.667973],[112.834836,25.669755],[112.833906,25.67185],[112.83902,25.67728],[112.846782,25.676832],[112.854335,25.681959],[112.859919,25.679328],[112.861119,25.680384],[112.860264,25.682545],[112.852467,25.686556],[112.849122,25.691316],[112.838109,25.694389],[112.833941,25.69965],[112.822928,25.704952],[112.823041,25.709999],[112.820459,25.71276],[112.803524,25.702079],[112.798887,25.707838],[112.796781,25.71371],[112.798359,25.721924],[112.800587,25.727377],[112.808562,25.733379],[112.815132,25.740998],[112.818712,25.751526],[112.816624,25.759438],[112.822932,25.759146],[112.828912,25.762538],[112.839925,25.76199],[112.846901,25.76667],[112.847534,25.776501],[112.845264,25.780098],[112.83698,25.784775],[112.833194,25.791685],[112.841166,25.799215],[112.84154,25.81571],[112.847286,25.823327],[112.847286,25.82632],[112.86455,25.851307],[112.867165,25.852036],[112.867165,25.855011],[112.873206,25.864127],[112.89437,25.87665],[112.907971,25.871355],[112.908926,25.872815],[112.906895,25.876795],[112.911997,25.876639]]]}},{"type":"Feature","properties":{"dt_adcode":"431003"},"geometry":{"type":"Polygon","coordinates":[[[112.971733,25.516638],[112.931058,25.503127],[112.928755,25.507294],[112.921164,25.51398],[112.92537,25.523088],[112.933392,25.527283],[112.928387,25.53179],[112.924514,25.538314],[112.925042,25.539611],[112.931748,25.540832],[112.931375,25.54923],[112.933931,25.560735],[112.937824,25.565824],[112.934091,25.58116],[112.942265,25.588996],[112.94229,25.590529],[112.9375,25.592961],[112.935662,25.599766],[112.937087,25.60933],[112.949971,25.612891],[112.954942,25.617531],[112.96792,25.618139],[112.970063,25.619495],[112.976273,25.625636],[112.979515,25.626674],[112.98383,25.636093],[112.993338,25.64128],[112.992933,25.647531],[112.994524,25.651269],[113.009506,25.653678],[113.017009,25.650532],[113.021367,25.652171],[113.021097,25.666275],[113.015688,25.667789],[113.011739,25.67355],[113.004539,25.676376],[112.996159,25.688076],[112.99371,25.699022],[112.998106,25.702884],[113.0114,25.725541],[113.018798,25.731017],[113.022361,25.730748],[113.026661,25.733805],[113.034763,25.735784],[113.039614,25.741323],[113.067349,25.731648],[113.072413,25.734154],[113.075596,25.731886],[113.078981,25.731905],[113.082775,25.734209],[113.08394,25.738556],[113.077231,25.742706],[113.071109,25.756386],[113.076517,25.764976],[113.068638,25.765536],[113.061081,25.768939],[113.056329,25.766959],[113.056891,25.774228],[113.05189,25.778652],[113.047701,25.777016],[113.041675,25.767353],[113.036922,25.767334],[113.034492,25.769278],[113.035748,25.769692],[113.036822,25.77918],[113.035712,25.784774],[113.032762,25.787613],[113.036626,25.787937],[113.036946,25.790796],[113.033825,25.791769],[113.033243,25.794352],[113.040297,25.795136],[113.034268,25.804769],[113.032357,25.814771],[113.026656,25.820494],[113.025337,25.826778],[113.02112,25.833969],[113.023877,25.840226],[113.030513,25.845228],[113.030138,25.850166],[113.032869,25.850706],[113.030068,25.853544],[113.032417,25.855763],[113.031978,25.861327],[113.033802,25.863795],[113.032877,25.866956],[113.034552,25.871152],[113.030327,25.876718],[113.025617,25.872195],[113.01695,25.873453],[113.014203,25.869108],[113.014102,25.863189],[113.008823,25.861921],[113.003494,25.855094],[112.997581,25.855839],[112.990278,25.861316],[112.989971,25.864209],[112.981852,25.866223],[112.981081,25.865388],[112.983316,25.863197],[112.980613,25.861721],[112.979637,25.858638],[112.984224,25.853614],[112.983108,25.848147],[112.985146,25.841521],[112.982608,25.836893],[112.974059,25.831626],[112.968336,25.832893],[112.968832,25.830559],[112.964683,25.827314],[112.948086,25.822706],[112.94806,25.815498],[112.939369,25.806423],[112.92938,25.808471],[112.922891,25.814501],[112.919999,25.813448],[112.918245,25.80819],[112.916369,25.806873],[112.911389,25.808529],[112.913442,25.823714],[112.910707,25.826599],[112.907025,25.837567],[112.912486,25.847283],[112.909487,25.849764],[112.916053,25.852681],[112.921149,25.866434],[112.91433,25.869409],[112.912732,25.876152],[112.91024,25.879275],[112.90974,25.882532],[112.911861,25.883633],[112.910955,25.886524],[112.915124,25.896958],[112.90852,25.901669],[112.907934,25.90397],[112.911635,25.908861],[112.913779,25.908049],[112.915422,25.90933],[112.914493,25.916258],[112.916775,25.918537],[112.914757,25.919748],[112.915612,25.925585],[112.923155,25.929967],[112.921818,25.931528],[112.922856,25.93492],[112.92547,25.933914],[112.928811,25.938551],[112.93602,25.937262],[112.931908,25.939815],[112.931792,25.943613],[112.927319,25.945794],[112.929528,25.9501],[112.936196,25.953907],[112.934376,25.956089],[112.936242,25.957894],[112.933279,25.95982],[112.929265,25.958006],[112.925894,25.962032],[112.927333,25.964479],[112.930459,25.96268],[112.935002,25.965216],[112.933681,25.970117],[112.930683,25.970256],[112.928853,25.975448],[112.925205,25.977812],[112.916893,25.976331],[112.91289,25.991614],[112.919519,26.004299],[112.926333,26.012837],[112.930366,26.015344],[112.936948,26.017691],[112.951293,26.017953],[112.961913,26.020097],[112.970609,26.028475],[112.974267,26.029658],[112.991765,26.023487],[112.998979,26.031401],[113.013659,26.031005],[113.022057,26.024606],[113.026063,26.017869],[113.031481,26.018235],[113.04214,26.025012],[113.049854,26.025499],[113.054284,26.030737],[113.053397,26.038839],[113.054181,26.045455],[113.05627,26.049006],[113.067094,26.053159],[113.07979,26.051899],[113.081322,26.050522],[113.0805,26.044746],[113.082355,26.048201],[113.083936,26.045616],[113.089344,26.048578],[113.088694,26.042369],[113.09031,26.042118],[113.090887,26.046035],[113.100721,26.033922],[113.102092,26.033779],[113.101956,26.036385],[113.105048,26.037746],[113.107057,26.037385],[113.108642,26.033864],[113.113388,26.032974],[113.112553,26.030403],[113.116938,26.021417],[113.115652,26.019213],[113.117864,26.015412],[113.117263,26.009889],[113.132644,26.008474],[113.128684,26.006142],[113.130134,26.001064],[113.129196,25.99859],[113.119478,26.000738],[113.116439,25.999984],[113.115867,25.998604],[113.119612,25.992459],[113.112566,25.991582],[113.108803,25.987162],[113.109617,25.984394],[113.114799,25.985024],[113.118579,25.987498],[113.118852,25.985365],[113.123359,25.983809],[113.127191,25.985725],[113.127042,25.987509],[113.129102,25.986726],[113.131692,25.988045],[113.132632,25.986952],[113.130723,25.986044],[113.128557,25.980946],[113.131986,25.980715],[113.131829,25.975746],[113.135354,25.97705],[113.138141,25.973637],[113.142316,25.974121],[113.143057,25.970177],[113.146417,25.968662],[113.150985,25.973707],[113.15378,25.972127],[113.15997,25.972057],[113.157941,25.970576],[113.159402,25.967908],[113.153578,25.966492],[113.154256,25.964031],[113.161963,25.965944],[113.166259,25.963994],[113.17463,25.967773],[113.196003,25.966921],[113.198954,25.965483],[113.199869,25.961302],[113.198351,25.958923],[113.190613,25.954903],[113.188719,25.94678],[113.191305,25.945541],[113.199463,25.948975],[113.203988,25.946365],[113.241116,25.894883],[113.24798,25.891595],[113.244578,25.886432],[113.25139,25.879243],[113.259844,25.859703],[113.259079,25.847879],[113.26871,25.839871],[113.267067,25.827723],[113.271766,25.821065],[113.270766,25.809828],[113.275935,25.802204],[113.277464,25.79663],[113.271937,25.787326],[113.272936,25.777936],[113.253976,25.756857],[113.251672,25.750941],[113.254021,25.744467],[113.263332,25.738968],[113.263598,25.725427],[113.260849,25.720477],[113.257928,25.718588],[113.251823,25.717811],[113.246902,25.723912],[113.243591,25.720474],[113.245694,25.714607],[113.257011,25.709702],[113.253077,25.695568],[113.236199,25.689206],[113.216217,25.65934],[113.21346,25.653546],[113.209549,25.636791],[113.203265,25.628246],[113.194806,25.608578],[113.188461,25.577862],[113.182465,25.575374],[113.172814,25.576542],[113.154653,25.586448],[113.139979,25.590421],[113.134456,25.594467],[113.125619,25.595719],[113.119051,25.589505],[113.111648,25.575009],[113.096479,25.562002],[113.093602,25.548387],[113.091318,25.545313],[113.082454,25.542662],[113.072021,25.542865],[113.052245,25.547328],[113.030059,25.54111],[113.018283,25.540683],[113.012768,25.538721],[113.001921,25.528004],[112.986196,25.525624],[112.971733,25.516638]]]}},{"type":"Feature","properties":{"dt_adcode":"431021"},"geometry":{"type":"Polygon","coordinates":[[[112.386851,25.789356],[112.385731,25.793404],[112.387139,25.805257],[112.377076,25.803685],[112.373817,25.806639],[112.361711,25.809101],[112.361792,25.811018],[112.365586,25.812694],[112.365602,25.814079],[112.360384,25.814779],[112.357098,25.818265],[112.356308,25.821189],[112.359605,25.823874],[112.359877,25.827825],[112.357043,25.832444],[112.353839,25.832421],[112.351504,25.834809],[112.352315,25.836888],[112.361577,25.834116],[112.364904,25.83575],[112.366886,25.834596],[112.368806,25.837236],[112.380519,25.837285],[112.38703,25.846258],[112.387334,25.849319],[112.385368,25.852076],[112.388337,25.857243],[112.3847,25.860692],[112.377675,25.859452],[112.370622,25.868652],[112.368649,25.878297],[112.359572,25.894388],[112.360408,25.905861],[112.357112,25.908853],[112.349711,25.906576],[112.345823,25.897404],[112.336838,25.885719],[112.331471,25.885044],[112.318494,25.88943],[112.304877,25.890811],[112.288663,25.886287],[112.272104,25.886333],[112.267796,25.887952],[112.265026,25.89393],[112.267858,25.900346],[112.296819,25.931479],[112.305766,25.936047],[112.315201,25.935799],[112.317001,25.938318],[112.316776,25.944057],[112.312471,25.949576],[112.311741,25.955542],[112.304489,25.953977],[112.297455,25.959066],[112.299326,25.962508],[112.308959,25.958803],[112.311529,25.962418],[112.304537,25.965435],[112.30397,25.962418],[112.301042,25.964061],[112.301002,25.968041],[112.293002,25.974295],[112.296572,25.973549],[112.300404,25.978748],[112.30223,25.986317],[112.299444,25.992774],[112.294723,25.993507],[112.294809,25.994934],[112.298199,25.997788],[112.298328,26.00153],[112.301546,26.005001],[112.299057,26.010748],[112.306782,26.017034],[112.303358,26.017377],[112.303519,26.018576],[112.305709,26.019039],[112.309956,26.024054],[112.311266,26.023408],[112.307904,26.018704],[112.311718,26.016474],[112.31605,26.022292],[112.318147,26.022572],[112.328567,26.039044],[112.33142,26.047531],[112.333639,26.066203],[112.336641,26.072487],[112.335815,26.076651],[112.321812,26.093759],[112.312228,26.099023],[112.306576,26.097135],[112.301811,26.091875],[112.297577,26.090403],[112.294291,26.092569],[112.291641,26.099959],[112.284115,26.102416],[112.28083,26.096954],[112.271135,26.089054],[112.261853,26.092865],[112.251697,26.089579],[112.246821,26.092512],[112.240601,26.093309],[112.235206,26.097712],[112.230282,26.107046],[112.229692,26.111859],[112.231782,26.117324],[112.243005,26.122136],[112.247743,26.127543],[112.249678,26.126647],[112.249833,26.12283],[112.256733,26.122829],[112.257523,26.13004],[112.266952,26.131158],[112.286516,26.144301],[112.291583,26.142912],[112.291165,26.134757],[112.292399,26.134396],[112.295763,26.138009],[112.297988,26.133179],[112.304248,26.132897],[112.311858,26.148972],[112.309545,26.155409],[112.310415,26.158571],[112.315624,26.161885],[112.32326,26.160339],[112.327044,26.161112],[112.329097,26.164879],[112.337786,26.167559],[112.35085,26.161703],[112.357025,26.161319],[112.360277,26.166051],[112.362713,26.179195],[112.37505,26.19056],[112.377267,26.201524],[112.381274,26.206435],[112.386635,26.205234],[112.389762,26.19891],[112.391855,26.189024],[112.395069,26.186195],[112.405766,26.184811],[112.410749,26.187667],[112.418897,26.186482],[112.427361,26.190049],[112.42926,26.189722],[112.430604,26.184065],[112.438683,26.182242],[112.444593,26.175933],[112.452529,26.180917],[112.464549,26.177053],[112.471821,26.178306],[112.477732,26.176913],[112.485053,26.167968],[112.481989,26.159072],[112.484143,26.15336],[112.487085,26.151146],[112.492641,26.152268],[112.498403,26.157514],[112.507791,26.159601],[112.509884,26.150143],[112.508249,26.143869],[112.512903,26.135556],[112.524446,26.137486],[112.527683,26.141476],[112.529102,26.147597],[112.538286,26.146739],[112.548563,26.149141],[112.554824,26.147273],[112.569269,26.1598],[112.572441,26.160028],[112.57349,26.155741],[112.57616,26.154131],[112.58053,26.154586],[112.582031,26.159247],[112.57623,26.168347],[112.576326,26.177408],[112.577731,26.179807],[112.574081,26.186643],[112.5726,26.1957],[112.58056,26.208988],[112.581055,26.219084],[112.588064,26.221065],[112.599614,26.219848],[112.604943,26.213161],[112.608963,26.198452],[112.613731,26.194489],[112.623418,26.192114],[112.625321,26.189643],[112.62818,26.176859],[112.631604,26.173013],[112.633664,26.163266],[112.630125,26.154401],[112.630673,26.150042],[112.63428,26.146138],[112.637305,26.138912],[112.639652,26.137874],[112.641069,26.133265],[112.647653,26.132991],[112.654235,26.129262],[112.663124,26.128713],[112.664798,26.131218],[112.667129,26.128529],[112.67035,26.12955],[112.670659,26.127686],[112.658208,26.114984],[112.646187,26.112435],[112.642626,26.109804],[112.642291,26.105999],[112.654909,26.101051],[112.662142,26.104028],[112.665327,26.109837],[112.673806,26.111025],[112.676441,26.117728],[112.67705,26.127264],[112.681877,26.127192],[112.686418,26.123831],[112.686113,26.115643],[112.687618,26.114258],[112.699128,26.117291],[112.707714,26.122443],[112.709645,26.125131],[112.710298,26.131742],[112.713342,26.134416],[112.715342,26.134196],[112.718203,26.131859],[112.720376,26.125484],[112.721897,26.125967],[112.723479,26.124013],[112.725202,26.116439],[112.732917,26.102166],[112.737009,26.08943],[112.749891,26.063882],[112.762826,26.043078],[112.76832,26.038138],[112.775174,26.037704],[112.781221,26.033412],[112.784039,26.027029],[112.792043,26.02491],[112.796049,26.027181],[112.801216,26.034664],[112.825284,26.045525],[112.834184,26.055063],[112.838664,26.056842],[112.84193,26.052952],[112.843888,26.045468],[112.842249,26.037527],[112.832752,26.023664],[112.828574,26.009452],[112.832404,26.002997],[112.841381,26.003629],[112.867823,26.001121],[112.869288,26.000238],[112.869522,25.993781],[112.867527,25.986508],[112.870579,25.982163],[112.891516,25.978357],[112.898389,25.979585],[112.916893,25.976331],[112.925205,25.977812],[112.928853,25.975448],[112.930683,25.970256],[112.93346,25.970532],[112.933408,25.967362],[112.935266,25.965651],[112.930736,25.962765],[112.928798,25.964579],[112.925577,25.962506],[112.929265,25.958006],[112.933279,25.95982],[112.93621,25.958345],[112.934376,25.956089],[112.936196,25.953907],[112.929528,25.9501],[112.927319,25.945794],[112.931792,25.943613],[112.931908,25.939815],[112.93602,25.937262],[112.928811,25.938551],[112.92547,25.933914],[112.922856,25.93492],[112.921818,25.931528],[112.923155,25.929967],[112.915612,25.925585],[112.914757,25.919748],[112.916775,25.918537],[112.914493,25.916258],[112.915422,25.90933],[112.913779,25.908049],[112.911635,25.908861],[112.907934,25.90397],[112.90852,25.901669],[112.915124,25.896958],[112.910955,25.886524],[112.911861,25.883633],[112.90974,25.882532],[112.911997,25.876639],[112.906895,25.876795],[112.908926,25.872815],[112.907971,25.871355],[112.89437,25.87665],[112.873206,25.864127],[112.867165,25.855011],[112.867165,25.852036],[112.86455,25.851307],[112.847286,25.82632],[112.847286,25.823327],[112.84154,25.81571],[112.841166,25.799215],[112.833194,25.791685],[112.83698,25.784775],[112.845264,25.780098],[112.847534,25.776501],[112.846901,25.76667],[112.839925,25.76199],[112.828912,25.762538],[112.822932,25.759146],[112.816624,25.759438],[112.818712,25.751526],[112.815132,25.740998],[112.808562,25.733379],[112.800587,25.727377],[112.798359,25.721924],[112.796781,25.71371],[112.798887,25.707838],[112.803524,25.702079],[112.820459,25.71276],[112.823041,25.709999],[112.822928,25.704952],[112.833941,25.69965],[112.838109,25.694389],[112.849122,25.691316],[112.852467,25.686556],[112.860264,25.682545],[112.861119,25.680384],[112.859919,25.679328],[112.854335,25.681959],[112.846782,25.676832],[112.83902,25.67728],[112.833906,25.67185],[112.834836,25.669755],[112.842059,25.667973],[112.842024,25.665758],[112.838579,25.662988],[112.841294,25.661539],[112.844869,25.663099],[112.847627,25.669235],[112.852964,25.669896],[112.855165,25.665019],[112.853726,25.659414],[112.849945,25.655209],[112.836626,25.646604],[112.832202,25.647541],[112.829804,25.65516],[112.826562,25.656013],[112.824698,25.655033],[112.822771,25.645058],[112.820676,25.643477],[112.818834,25.643973],[112.818345,25.646283],[112.819706,25.64844],[112.820104,25.660584],[112.811441,25.660443],[112.812062,25.656174],[112.810203,25.6484],[112.811199,25.639711],[112.806327,25.632208],[112.80416,25.631565],[112.791088,25.642208],[112.783457,25.654129],[112.779355,25.667895],[112.774662,25.668075],[112.763684,25.660628],[112.759161,25.653939],[112.758101,25.637827],[112.758803,25.628671],[112.76145,25.62248],[112.771951,25.61737],[112.776654,25.620243],[112.7861,25.619705],[112.7983,25.622125],[112.803102,25.621062],[112.812774,25.612653],[112.814983,25.602601],[112.822021,25.598712],[112.829021,25.590197],[112.82804,25.585958],[112.82309,25.583647],[112.819709,25.576731],[112.816783,25.562031],[112.81146,25.560164],[112.808424,25.561409],[112.811713,25.570239],[112.80701,25.575761],[112.805559,25.574117],[112.805379,25.568849],[112.798896,25.559538],[112.791042,25.556931],[112.791717,25.554333],[112.801883,25.553084],[112.805105,25.550636],[112.809359,25.542346],[112.80912,25.539945],[112.799064,25.534814],[112.794103,25.536731],[112.799813,25.544051],[112.799563,25.547753],[112.788966,25.547434],[112.786856,25.542561],[112.78315,25.540021],[112.780113,25.541355],[112.779884,25.546537],[112.778286,25.548684],[112.769953,25.544241],[112.765697,25.543653],[112.763156,25.544974],[112.761558,25.55023],[112.76221,25.558035],[112.768078,25.575612],[112.76761,25.584886],[112.763679,25.592547],[112.759269,25.59472],[112.733654,25.589811],[112.732124,25.586287],[112.706369,25.561926],[112.6976,25.547824],[112.697478,25.542307],[112.699888,25.539053],[112.718307,25.534621],[112.725123,25.5287],[112.726009,25.520308],[112.721357,25.502604],[112.724243,25.494097],[112.749103,25.49338],[112.735714,25.476688],[112.723065,25.469325],[112.730482,25.468492],[112.731305,25.467124],[112.722128,25.460854],[112.720145,25.453233],[112.710914,25.453763],[112.709217,25.45489],[112.708611,25.459846],[112.698953,25.463895],[112.693604,25.464075],[112.690622,25.462318],[112.689206,25.451746],[112.687777,25.450229],[112.67413,25.454594],[112.670858,25.451186],[112.66502,25.451538],[112.659114,25.470747],[112.65941,25.474639],[112.664405,25.483782],[112.664405,25.488245],[112.661813,25.491175],[112.642165,25.50071],[112.640869,25.503585],[112.647836,25.522934],[112.648002,25.528442],[112.646619,25.530364],[112.623538,25.538196],[112.619706,25.537972],[112.615874,25.534524],[112.617612,25.527291],[112.615579,25.523966],[112.613198,25.522732],[112.609716,25.523864],[112.607145,25.526783],[112.606173,25.537417],[112.603031,25.542901],[112.590031,25.555888],[112.590491,25.558619],[112.595237,25.560853],[112.594994,25.564318],[112.583865,25.581792],[112.576971,25.584751],[112.557652,25.574473],[112.54526,25.592229],[112.541778,25.609136],[112.5317,25.621155],[112.526155,25.624295],[112.520197,25.631119],[112.519342,25.634606],[112.521456,25.637735],[112.529421,25.640094],[112.536811,25.637339],[112.552711,25.643976],[112.56056,25.653143],[112.565932,25.653726],[112.567544,25.648107],[112.571028,25.647195],[112.574998,25.649248],[112.591472,25.662398],[112.596328,25.674126],[112.595316,25.678372],[112.590665,25.678577],[112.588643,25.682824],[112.58379,25.686671],[112.572674,25.690929],[112.570655,25.694572],[112.562373,25.701259],[112.556114,25.702484],[112.55248,25.706334],[112.554297,25.713812],[112.545417,25.721111],[112.539968,25.719912],[112.540976,25.712225],[112.532703,25.697283],[112.524433,25.695486],[112.523222,25.697309],[112.525239,25.701146],[112.524231,25.706204],[112.527459,25.710846],[112.535327,25.715475],[112.535327,25.717498],[112.527459,25.718935],[112.5204,25.723606],[112.520199,25.726842],[112.516367,25.730695],[112.50709,25.731127],[112.498217,25.727919],[112.495997,25.71741],[112.494182,25.715596],[112.491762,25.715401],[112.478249,25.724337],[112.477846,25.728989],[112.481881,25.738077],[112.490756,25.743511],[112.488739,25.747359],[112.478654,25.74941],[112.476637,25.758717],[112.471998,25.768436],[112.468366,25.767029],[112.466549,25.763596],[112.458678,25.758154],[112.456861,25.746632],[112.458878,25.738135],[112.457062,25.736724],[112.445958,25.750091],[112.439091,25.754954],[112.430004,25.757332],[112.426117,25.760717],[112.413768,25.765607],[112.393019,25.779442],[112.389197,25.787772],[112.386851,25.789356]]]}},{"type":"Feature","properties":{"dt_adcode":"431022"},"geometry":{"type":"Polygon","coordinates":[[[112.669295,25.145612],[112.691111,25.148621],[112.693964,25.151225],[112.697188,25.159901],[112.689352,25.164461],[112.687663,25.169807],[112.677224,25.186079],[112.670368,25.189482],[112.652456,25.194471],[112.638195,25.203133],[112.635847,25.206771],[112.632789,25.220097],[112.637102,25.23956],[112.642024,25.244213],[112.655435,25.241502],[112.660384,25.24204],[112.685451,25.25019],[112.706538,25.253315],[112.70913,25.257297],[112.708913,25.264441],[112.705078,25.267431],[112.693247,25.269069],[112.689341,25.271146],[112.689585,25.274351],[112.706401,25.291274],[112.710593,25.29286],[112.71608,25.288157],[112.722671,25.287981],[112.728156,25.289946],[112.734623,25.294606],[112.750948,25.315214],[112.750879,25.320968],[112.739517,25.327576],[112.735894,25.334089],[112.735521,25.339173],[112.76014,25.401319],[112.764541,25.402609],[112.777678,25.394947],[112.783447,25.397339],[112.785876,25.402472],[112.783597,25.422168],[112.784898,25.432433],[112.812588,25.432719],[112.835699,25.439495],[112.850083,25.438555],[112.856289,25.439991],[112.884703,25.457297],[112.890612,25.472954],[112.898431,25.478662],[112.906302,25.481412],[112.912871,25.487021],[112.921559,25.488222],[112.927589,25.492486],[112.930624,25.490157],[112.932168,25.484981],[112.939989,25.487999],[112.941155,25.493062],[112.938426,25.497596],[112.941706,25.506895],[112.971733,25.516638],[112.986196,25.525624],[113.001921,25.528004],[113.012768,25.538721],[113.018283,25.540683],[113.030059,25.54111],[113.052245,25.547328],[113.072021,25.542865],[113.082454,25.542662],[113.091318,25.545313],[113.093602,25.548387],[113.096479,25.562002],[113.111648,25.575009],[113.119051,25.589505],[113.123832,25.595172],[113.134456,25.594467],[113.139979,25.590421],[113.154653,25.586448],[113.172814,25.576542],[113.185567,25.576085],[113.188461,25.577862],[113.194806,25.608578],[113.203265,25.628246],[113.209549,25.636791],[113.21346,25.653546],[113.238428,25.690775],[113.253077,25.695568],[113.268993,25.685007],[113.268169,25.680609],[113.273771,25.679127],[113.279453,25.68614],[113.281653,25.693574],[113.288154,25.69201],[113.288948,25.690583],[113.286106,25.686287],[113.289757,25.684286],[113.289013,25.677528],[113.295063,25.669261],[113.329477,25.661807],[113.347013,25.656381],[113.346777,25.650101],[113.317234,25.614921],[113.300231,25.603566],[113.288381,25.592246],[113.279707,25.572653],[113.280152,25.56713],[113.289393,25.555325],[113.291476,25.548648],[113.292438,25.544749],[113.289344,25.539078],[113.290272,25.531402],[113.297828,25.524988],[113.304234,25.522846],[113.306512,25.519301],[113.30566,25.514325],[113.303356,25.515855],[113.291739,25.516381],[113.288801,25.509387],[113.291834,25.50285],[113.28953,25.496948],[113.28262,25.49422],[113.277659,25.497702],[113.279631,25.500338],[113.278554,25.501584],[113.267087,25.505477],[113.262101,25.498946],[113.256292,25.502929],[113.24907,25.5141],[113.243247,25.515636],[113.226211,25.509685],[113.215294,25.501665],[113.210683,25.496699],[113.209243,25.488811],[113.206564,25.484643],[113.200818,25.479398],[113.189684,25.476193],[113.179763,25.471224],[113.17706,25.471576],[113.172278,25.475868],[113.169332,25.488041],[113.166551,25.490653],[113.162739,25.492155],[113.152002,25.49223],[113.149809,25.4898],[113.151932,25.481958],[113.149912,25.476546],[113.143828,25.477569],[113.140455,25.47228],[113.144625,25.471495],[113.151221,25.473546],[113.153466,25.472789],[113.153873,25.470317],[113.14999,25.468017],[113.134602,25.467696],[113.130318,25.465837],[113.122017,25.453567],[113.124714,25.450966],[113.126354,25.455386],[113.128071,25.456103],[113.129234,25.454603],[113.127958,25.449703],[113.118416,25.447287],[113.119552,25.443626],[113.126205,25.43842],[113.13016,25.429169],[113.131546,25.414759],[113.130289,25.413415],[113.12629,25.413974],[113.114405,25.42058],[113.109631,25.419606],[113.103432,25.421299],[113.092385,25.417479],[113.091108,25.414778],[113.096597,25.412541],[113.096875,25.410723],[113.09043,25.40677],[113.088752,25.396528],[113.080635,25.390938],[113.080147,25.383345],[113.06459,25.381803],[113.05957,25.379489],[113.055819,25.374311],[113.051519,25.373174],[113.041612,25.366007],[113.035778,25.367259],[113.034018,25.361422],[113.029768,25.361235],[113.029045,25.355492],[113.025622,25.353577],[113.023679,25.345959],[113.018522,25.346179],[113.014053,25.351284],[113.009227,25.352873],[113.004801,25.349733],[112.999792,25.351543],[112.995418,25.348956],[112.986576,25.354064],[112.977126,25.35],[112.968113,25.349839],[112.963368,25.340712],[112.951139,25.337462],[112.947397,25.328472],[112.945091,25.32635],[112.937707,25.326491],[112.932872,25.324356],[112.931829,25.322825],[112.933011,25.316544],[112.928577,25.310459],[112.926742,25.29739],[112.924169,25.296579],[112.913179,25.299882],[112.900581,25.31134],[112.898143,25.326257],[112.893813,25.338981],[112.891149,25.339861],[112.885535,25.332848],[112.877694,25.333746],[112.872361,25.32744],[112.868719,25.327831],[112.857356,25.336839],[112.852485,25.336398],[112.851792,25.333431],[112.853733,25.326967],[112.858785,25.32023],[112.85816,25.316241],[112.854919,25.311863],[112.858307,25.301094],[112.85646,25.29023],[112.863489,25.285366],[112.866444,25.276582],[112.869288,25.274978],[112.872132,25.275899],[112.873943,25.274297],[112.870692,25.266246],[112.868412,25.265058],[112.865891,25.259806],[112.868125,25.258698],[112.865957,25.253782],[112.868332,25.248802],[112.876336,25.248091],[112.880949,25.249633],[112.884184,25.247203],[112.891715,25.24618],[112.896939,25.239274],[112.901409,25.237695],[112.904525,25.238443],[112.905255,25.241296],[112.910735,25.245146],[112.924001,25.248664],[112.926669,25.24382],[112.93198,25.242404],[112.933345,25.243167],[112.931789,25.249047],[112.934093,25.250384],[112.944216,25.249461],[112.951854,25.245748],[112.954161,25.252884],[112.958382,25.254377],[112.965894,25.249309],[112.972765,25.251226],[112.976735,25.245841],[112.979923,25.245082],[112.992553,25.247214],[112.999008,25.244067],[112.99879,25.236999],[113.006656,25.231486],[113.01562,25.213444],[113.020707,25.209861],[113.029774,25.210512],[113.034468,25.201402],[113.034485,25.198153],[113.030505,25.194496],[113.021028,25.190602],[113.007316,25.189528],[112.998925,25.181449],[112.974326,25.168259],[112.971199,25.163086],[112.968987,25.151053],[112.968011,25.14162],[112.972808,25.132125],[112.981952,25.125283],[112.986804,25.119237],[112.991132,25.109459],[112.999599,25.103056],[113.006237,25.087273],[113.016996,25.084896],[113.018446,25.083134],[113.00203,25.071125],[112.999816,25.067183],[112.999723,25.062384],[113.002417,25.058213],[112.999019,25.054329],[112.997203,25.048955],[112.991244,25.047199],[112.989877,25.043921],[112.985204,25.040318],[112.984051,25.036919],[112.979256,25.033611],[112.978542,25.025759],[112.981224,25.025868],[112.986465,25.020008],[112.992049,25.017956],[112.992676,25.011518],[112.989139,25.004018],[112.991538,24.999764],[112.989791,24.996188],[112.994685,24.996088],[112.996256,24.991568],[113.002276,24.990874],[113.001755,24.986989],[113.004408,24.986],[113.003611,24.982581],[113.007536,24.981832],[113.009984,24.977373],[113.008484,24.961961],[113.002786,24.957106],[113.004006,24.95417],[113.011454,24.94906],[113.011907,24.946107],[113.007856,24.943378],[112.991669,24.938461],[112.994082,24.934514],[112.994804,24.927368],[112.990266,24.926613],[112.989124,24.923707],[112.984028,24.921032],[112.979561,24.921828],[112.974051,24.918777],[112.966803,24.919321],[112.958785,24.92347],[112.941801,24.915916],[112.938644,24.916664],[112.937365,24.920469],[112.935253,24.921226],[112.922874,24.918864],[112.904382,24.921829],[112.900223,24.917416],[112.890173,24.913937],[112.879312,24.907794],[112.87351,24.896699],[112.871628,24.895922],[112.85716,24.897787],[112.843979,24.897359],[112.833745,24.893126],[112.824517,24.894808],[112.816163,24.891921],[112.808623,24.892846],[112.803812,24.890538],[112.792083,24.891444],[112.783471,24.894653],[112.780722,24.897306],[112.786708,24.911851],[112.782224,24.922714],[112.784688,24.931311],[112.782729,24.942953],[112.779129,24.947132],[112.773447,24.949967],[112.765472,24.950698],[112.759362,24.95448],[112.748438,24.955754],[112.744434,24.957641],[112.742931,24.961827],[112.742194,24.977477],[112.745513,24.982847],[112.741857,24.998585],[112.734984,25.000362],[112.733672,25.006842],[112.724868,25.010851],[112.715123,25.026045],[112.719272,25.053678],[112.715631,25.07837],[112.713692,25.082213],[112.698706,25.088444],[112.695227,25.095531],[112.679751,25.109911],[112.6744,25.11287],[112.669867,25.113044],[112.667893,25.122162],[112.661507,25.131076],[112.657289,25.133402],[112.658881,25.137961],[112.663988,25.142712],[112.669295,25.145612]]]}},{"type":"Feature","properties":{"dt_adcode":"431023"},"geometry":{"type":"Polygon","coordinates":[[[113.132644,26.008474],[113.117263,26.009889],[113.117864,26.015412],[113.115652,26.019213],[113.116938,26.021417],[113.112553,26.030403],[113.113388,26.032974],[113.107773,26.03444],[113.107057,26.037385],[113.101956,26.036385],[113.101175,26.033709],[113.090887,26.046035],[113.09031,26.042118],[113.088694,26.042369],[113.089344,26.048578],[113.083936,26.045616],[113.082355,26.048201],[113.0805,26.044746],[113.081322,26.050522],[113.07979,26.051899],[113.067094,26.053159],[113.05627,26.049006],[113.054181,26.045455],[113.053397,26.038839],[113.054284,26.030737],[113.049854,26.025499],[113.04214,26.025012],[113.031481,26.018235],[113.026063,26.017869],[113.019931,26.026712],[113.011891,26.031439],[112.997829,26.031016],[112.992941,26.024137],[112.990345,26.023191],[112.974267,26.029658],[112.970609,26.028475],[112.961913,26.020097],[112.951293,26.017953],[112.936948,26.017691],[112.926333,26.012837],[112.917599,26.001561],[112.91289,25.991614],[112.916893,25.976331],[112.898389,25.979585],[112.891516,25.978357],[112.873214,25.981103],[112.868585,25.983867],[112.867527,25.986508],[112.869522,25.993781],[112.869288,26.000238],[112.867823,26.001121],[112.841381,26.003629],[112.83619,26.002522],[112.832404,26.002997],[112.830047,26.005448],[112.828574,26.009452],[112.832752,26.023664],[112.842249,26.037527],[112.843888,26.045468],[112.84193,26.052952],[112.838664,26.056842],[112.834184,26.055063],[112.825284,26.045525],[112.801216,26.034664],[112.796049,26.027181],[112.792043,26.02491],[112.784039,26.027029],[112.779078,26.035389],[112.775174,26.037704],[112.76832,26.038138],[112.762826,26.043078],[112.749891,26.063882],[112.737009,26.08943],[112.732917,26.102166],[112.725202,26.116439],[112.721897,26.125967],[112.724444,26.126816],[112.729182,26.132297],[112.735049,26.134562],[112.739985,26.144455],[112.741897,26.145536],[112.746205,26.143781],[112.747395,26.133954],[112.752512,26.12987],[112.755557,26.129833],[112.758579,26.131099],[112.760758,26.135285],[112.758445,26.142649],[112.758754,26.149846],[112.765108,26.151372],[112.768354,26.145517],[112.773013,26.144655],[112.780118,26.144561],[112.78214,26.146038],[112.782419,26.162625],[112.783633,26.16422],[112.791394,26.166291],[112.790658,26.169465],[112.793051,26.170911],[112.788109,26.175341],[112.777171,26.177332],[112.77535,26.18004],[112.775966,26.183889],[112.78602,26.197008],[112.790469,26.196445],[112.791726,26.19324],[112.789843,26.179846],[112.795609,26.180103],[112.802641,26.190236],[112.806203,26.1922],[112.809731,26.192151],[112.818537,26.186659],[112.820562,26.172033],[112.818768,26.161806],[112.823187,26.15851],[112.828524,26.160248],[112.838584,26.155764],[112.846461,26.158282],[112.857917,26.154187],[112.870045,26.155817],[112.874155,26.153899],[112.875845,26.149821],[112.89108,26.156546],[112.903627,26.148466],[112.906701,26.148424],[112.921019,26.157949],[112.921061,26.174413],[112.922669,26.176867],[112.930126,26.176776],[112.942604,26.170789],[112.946457,26.166499],[112.948728,26.16081],[112.958892,26.159427],[112.968625,26.154218],[112.975095,26.153691],[112.984571,26.156592],[112.994903,26.162765],[113.000975,26.161969],[113.008659,26.155649],[113.012492,26.155606],[113.016265,26.160845],[113.025953,26.165803],[113.029777,26.173471],[113.034915,26.171993],[113.037276,26.179198],[113.035831,26.191222],[113.037983,26.196251],[113.034936,26.206632],[113.035476,26.21024],[113.0399,26.2136],[113.03505,26.221009],[113.031262,26.232824],[113.025758,26.238804],[113.025874,26.245276],[113.029611,26.249499],[113.032111,26.252011],[113.039993,26.255014],[113.045278,26.254533],[113.05205,26.248484],[113.062406,26.252387],[113.068148,26.252928],[113.073522,26.248544],[113.090203,26.248439],[113.09168,26.250091],[113.086259,26.271206],[113.09831,26.28825],[113.103547,26.290559],[113.117061,26.287303],[113.119205,26.293016],[113.127013,26.291404],[113.128808,26.293049],[113.126588,26.3004],[113.130648,26.306551],[113.130665,26.309356],[113.127335,26.313568],[113.138557,26.324468],[113.14206,26.325868],[113.149479,26.322933],[113.153695,26.323179],[113.158336,26.326632],[113.162695,26.324299],[113.165832,26.326788],[113.172815,26.327293],[113.173794,26.329691],[113.167695,26.335992],[113.164784,26.344499],[113.168892,26.349098],[113.162463,26.353974],[113.156571,26.36245],[113.157326,26.368343],[113.167091,26.374263],[113.16788,26.376489],[113.159875,26.390144],[113.163576,26.40955],[113.166843,26.412592],[113.171868,26.412095],[113.179068,26.404946],[113.185461,26.403804],[113.191232,26.406186],[113.212214,26.425246],[113.212994,26.429779],[113.211677,26.433107],[113.194891,26.443645],[113.191997,26.446922],[113.194926,26.451685],[113.207684,26.464408],[113.21011,26.465169],[113.217392,26.462731],[113.226851,26.467051],[113.23007,26.482087],[113.227928,26.486463],[113.231796,26.484594],[113.248732,26.484296],[113.258172,26.474379],[113.259761,26.47109],[113.258528,26.466571],[113.251421,26.457182],[113.250951,26.45218],[113.252574,26.447014],[113.260341,26.441672],[113.283396,26.441324],[113.296287,26.438881],[113.304286,26.433077],[113.314913,26.418824],[113.321958,26.41647],[113.332701,26.415727],[113.355494,26.418441],[113.367645,26.416969],[113.370681,26.414986],[113.372029,26.409108],[113.374259,26.407031],[113.386768,26.410803],[113.391933,26.421537],[113.398205,26.421195],[113.399829,26.412699],[113.402162,26.409629],[113.400749,26.403056],[113.423058,26.396859],[113.41886,26.387439],[113.410918,26.379419],[113.410108,26.376917],[113.411885,26.369291],[113.414852,26.364952],[113.419953,26.36162],[113.428174,26.358993],[113.434511,26.352123],[113.4364,26.347167],[113.440117,26.345761],[113.450514,26.347806],[113.463347,26.354506],[113.476328,26.347365],[113.484375,26.351753],[113.490456,26.353054],[113.513395,26.350462],[113.520357,26.344748],[113.527788,26.342232],[113.53675,26.331567],[113.556816,26.328618],[113.5576,26.326344],[113.548159,26.313924],[113.546578,26.309676],[113.550084,26.301649],[113.553131,26.298886],[113.558984,26.298051],[113.577444,26.301515],[113.58489,26.299395],[113.588115,26.297456],[113.593508,26.290263],[113.604308,26.283101],[113.595502,26.270133],[113.591451,26.269723],[113.586058,26.274951],[113.583007,26.274015],[113.579435,26.26542],[113.571809,26.256979],[113.565595,26.236476],[113.567612,26.225284],[113.560076,26.21178],[113.553555,26.191998],[113.547867,26.185038],[113.527956,26.169654],[113.515602,26.162249],[113.490657,26.156652],[113.484523,26.150416],[113.480569,26.151843],[113.476486,26.157879],[113.467053,26.164056],[113.450447,26.163831],[113.429268,26.157923],[113.423102,26.154432],[113.420869,26.150898],[113.420081,26.140801],[113.423289,26.121241],[113.425522,26.116809],[113.42053,26.107706],[113.410191,26.113894],[113.405306,26.113859],[113.397859,26.117591],[113.391751,26.117245],[113.384355,26.119071],[113.372327,26.128365],[113.363703,26.129385],[113.354833,26.127429],[113.336993,26.131567],[113.328242,26.127989],[113.317446,26.115117],[113.311523,26.114808],[113.305297,26.120037],[113.304297,26.126539],[113.300384,26.131849],[113.298298,26.14072],[113.294186,26.146735],[113.282148,26.156021],[113.270697,26.156767],[113.268664,26.160118],[113.267024,26.171261],[113.260164,26.181136],[113.254504,26.180822],[113.247595,26.177596],[113.242037,26.173287],[113.246396,26.171981],[113.248182,26.169443],[113.245546,26.167829],[113.237062,26.169941],[113.235438,26.158475],[113.225754,26.153417],[113.224169,26.147097],[113.21161,26.148761],[113.208742,26.136381],[113.203969,26.13157],[113.196386,26.132889],[113.195999,26.127871],[113.201485,26.123944],[113.213188,26.123747],[113.212976,26.113678],[113.206699,26.096164],[113.16793,26.055546],[113.161146,26.043358],[113.161745,26.040631],[113.157198,26.035119],[113.150231,26.02009],[113.148936,26.018583],[113.142379,26.018926],[113.137559,26.016635],[113.135151,26.010415],[113.132644,26.008474]]]}},{"type":"Feature","properties":{"dt_adcode":"431024"},"geometry":{"type":"Polygon","coordinates":[[[112.420645,25.435506],[112.411812,25.440603],[112.403019,25.451894],[112.400015,25.457189],[112.398019,25.476868],[112.393912,25.48391],[112.392027,25.490953],[112.372164,25.512065],[112.367944,25.520451],[112.371462,25.524699],[112.372406,25.530043],[112.369916,25.539414],[112.357827,25.541657],[112.342891,25.537733],[112.341773,25.530369],[112.334916,25.528692],[112.331857,25.530369],[112.326925,25.526077],[112.322337,25.525782],[112.324413,25.528063],[112.318796,25.539214],[112.319782,25.542923],[112.315204,25.544581],[112.315481,25.548684],[112.312718,25.548645],[112.310804,25.550945],[112.305482,25.55141],[112.296934,25.548844],[112.285792,25.555757],[112.275896,25.556244],[112.270302,25.554885],[112.258702,25.556276],[112.250986,25.559006],[112.246501,25.564609],[112.246267,25.567594],[112.257679,25.573035],[112.260787,25.577083],[112.260501,25.582337],[112.246936,25.586739],[112.240951,25.593727],[112.238427,25.599656],[112.238843,25.603894],[112.257448,25.634073],[112.258872,25.643194],[112.257918,25.650476],[112.245631,25.672074],[112.243053,25.684846],[112.249255,25.685994],[112.251918,25.689114],[112.247926,25.690236],[112.246621,25.692363],[112.24346,25.691455],[112.242552,25.697952],[112.245044,25.702124],[112.251027,25.704965],[112.278119,25.711186],[112.280746,25.716455],[112.289146,25.723349],[112.292495,25.728413],[112.297389,25.730267],[112.30657,25.729763],[112.310579,25.728883],[112.317014,25.723262],[112.317943,25.706962],[112.321448,25.698461],[112.336425,25.690855],[112.340243,25.691762],[112.343314,25.694282],[112.352082,25.712396],[112.361796,25.720175],[112.383519,25.730597],[112.392078,25.740316],[112.389993,25.744056],[112.377116,25.751847],[112.37703,25.760503],[112.386851,25.789356],[112.389197,25.787772],[112.393019,25.779442],[112.413768,25.765607],[112.426117,25.760717],[112.430004,25.757332],[112.439091,25.754954],[112.445958,25.750091],[112.457062,25.736724],[112.458878,25.738135],[112.456861,25.746632],[112.458678,25.758154],[112.466549,25.763596],[112.468366,25.767029],[112.471998,25.768436],[112.476637,25.758717],[112.478654,25.74941],[112.488739,25.747359],[112.490756,25.743511],[112.481881,25.738077],[112.477846,25.728989],[112.478249,25.724337],[112.491762,25.715401],[112.494182,25.715596],[112.495997,25.71741],[112.498217,25.727919],[112.50709,25.731127],[112.516367,25.730695],[112.520199,25.726842],[112.5204,25.723606],[112.527459,25.718935],[112.535327,25.717498],[112.535327,25.715475],[112.527459,25.710846],[112.524231,25.706204],[112.525239,25.701146],[112.523222,25.697309],[112.524433,25.695486],[112.532703,25.697283],[112.540976,25.712225],[112.539968,25.719912],[112.545417,25.721111],[112.554297,25.713812],[112.55248,25.706334],[112.556114,25.702484],[112.562373,25.701259],[112.570655,25.694572],[112.572674,25.690929],[112.58379,25.686671],[112.588643,25.682824],[112.590665,25.678577],[112.595316,25.678372],[112.596328,25.674126],[112.591472,25.662398],[112.571028,25.647195],[112.567544,25.648107],[112.565932,25.653726],[112.56056,25.653143],[112.552711,25.643976],[112.536811,25.637339],[112.529421,25.640094],[112.525255,25.63974],[112.519342,25.634606],[112.521083,25.629983],[112.526155,25.624295],[112.5317,25.621155],[112.541778,25.609136],[112.54526,25.592229],[112.557652,25.574473],[112.560267,25.555452],[112.556386,25.547652],[112.537578,25.547238],[112.529564,25.557525],[112.524527,25.561001],[112.499245,25.561782],[112.490609,25.556682],[112.484872,25.551073],[112.481072,25.544416],[112.480994,25.536604],[112.483936,25.531819],[112.484766,25.526018],[112.482637,25.521325],[112.477055,25.521221],[112.47438,25.519321],[112.474761,25.514239],[112.476907,25.512494],[112.476526,25.507459],[112.47238,25.506112],[112.447882,25.507655],[112.44199,25.51032],[112.437475,25.521175],[112.428406,25.518743],[112.425614,25.515465],[112.423581,25.508469],[112.425787,25.502509],[112.434578,25.49041],[112.435401,25.485007],[112.417176,25.482756],[112.413012,25.479223],[112.409479,25.472767],[112.410086,25.460316],[112.411527,25.45586],[112.419561,25.447784],[112.420645,25.435506]]]}},{"type":"Feature","properties":{"dt_adcode":"431025"},"geometry":{"type":"Polygon","coordinates":[[[112.784898,25.432433],[112.783597,25.422168],[112.785876,25.402472],[112.783447,25.397339],[112.777678,25.394947],[112.764541,25.402609],[112.76014,25.401319],[112.735521,25.339173],[112.735894,25.334089],[112.739517,25.327576],[112.750879,25.320968],[112.750948,25.315214],[112.734623,25.294606],[112.728156,25.289946],[112.722671,25.287981],[112.71608,25.288157],[112.710593,25.29286],[112.706401,25.291274],[112.689585,25.274351],[112.689341,25.271146],[112.693247,25.269069],[112.705078,25.267431],[112.708913,25.264441],[112.70913,25.257297],[112.706538,25.253315],[112.685451,25.25019],[112.660384,25.24204],[112.655435,25.241502],[112.642024,25.244213],[112.637102,25.23956],[112.635806,25.23596],[112.632789,25.220097],[112.635847,25.206771],[112.638195,25.203133],[112.652456,25.194471],[112.670368,25.189482],[112.677224,25.186079],[112.687663,25.169807],[112.689352,25.164461],[112.697188,25.159901],[112.693964,25.151225],[112.691111,25.148621],[112.669295,25.145612],[112.658881,25.137961],[112.657289,25.133402],[112.646103,25.133974],[112.641643,25.138321],[112.630714,25.141011],[112.628202,25.140609],[112.624821,25.134082],[112.612735,25.133206],[112.596525,25.126264],[112.587474,25.12753],[112.582044,25.124624],[112.562679,25.124504],[112.53701,25.134243],[112.525863,25.134443],[112.521735,25.137194],[112.5077,25.136721],[112.504188,25.14326],[112.500199,25.145638],[112.495916,25.146226],[112.491028,25.14448],[112.485412,25.149024],[112.479354,25.150987],[112.467816,25.150538],[112.458265,25.152092],[112.452437,25.160942],[112.45482,25.171988],[112.454023,25.175416],[112.448237,25.184421],[112.443844,25.185798],[112.430712,25.175254],[112.429774,25.165752],[112.42719,25.158352],[112.413354,25.141333],[112.408086,25.139661],[112.399474,25.140671],[112.389251,25.148929],[112.387384,25.152177],[112.393144,25.160133],[112.392744,25.162231],[112.387932,25.164546],[112.383354,25.170279],[112.374559,25.176047],[112.370883,25.187106],[112.364189,25.191716],[112.364894,25.199517],[112.361591,25.210037],[112.368086,25.222832],[112.368148,25.232708],[112.357611,25.24427],[112.356967,25.250905],[112.360498,25.258543],[112.355412,25.263975],[112.357592,25.278635],[112.344881,25.284671],[112.344142,25.286967],[112.345169,25.289261],[112.353049,25.292229],[112.362214,25.298175],[112.374908,25.30081],[112.386076,25.313152],[112.394007,25.314607],[112.409524,25.325793],[112.419999,25.339061],[112.431532,25.361729],[112.432865,25.368398],[112.440445,25.366402],[112.444464,25.362733],[112.452547,25.365498],[112.458429,25.375103],[112.458204,25.378319],[112.45519,25.381096],[112.433633,25.380739],[112.421351,25.393604],[112.421153,25.395131],[112.426448,25.398502],[112.440971,25.399318],[112.442251,25.400829],[112.439944,25.40829],[112.422388,25.430445],[112.419561,25.447784],[112.411527,25.45586],[112.410086,25.460316],[112.409479,25.472767],[112.414418,25.480978],[112.420286,25.483599],[112.433156,25.483736],[112.435401,25.485007],[112.434578,25.49041],[112.425787,25.502509],[112.423581,25.508469],[112.425614,25.515465],[112.428406,25.518743],[112.437475,25.521175],[112.44199,25.51032],[112.447882,25.507655],[112.47238,25.506112],[112.476526,25.507459],[112.476907,25.512494],[112.474761,25.514239],[112.47438,25.519321],[112.477055,25.521221],[112.482637,25.521325],[112.484766,25.526018],[112.483936,25.531819],[112.480994,25.536604],[112.481072,25.544416],[112.484872,25.551073],[112.490609,25.556682],[112.499245,25.561782],[112.521429,25.561715],[112.529564,25.557525],[112.537578,25.547238],[112.556386,25.547652],[112.560267,25.555452],[112.557652,25.574473],[112.576971,25.584751],[112.580985,25.584041],[112.583865,25.581792],[112.594994,25.564318],[112.595237,25.560853],[112.590491,25.558619],[112.590031,25.555888],[112.603031,25.542901],[112.606173,25.537417],[112.607145,25.526783],[112.609716,25.523864],[112.613198,25.522732],[112.615579,25.523966],[112.617612,25.527291],[112.615874,25.534524],[112.619706,25.537972],[112.623538,25.538196],[112.646619,25.530364],[112.648002,25.528442],[112.647836,25.522934],[112.640869,25.503585],[112.642165,25.50071],[112.661813,25.491175],[112.664405,25.488245],[112.664405,25.483782],[112.65941,25.474639],[112.659114,25.470747],[112.66502,25.451538],[112.670858,25.451186],[112.67413,25.454594],[112.687777,25.450229],[112.689206,25.451746],[112.690622,25.462318],[112.693604,25.464075],[112.698953,25.463895],[112.708611,25.459846],[112.709217,25.45489],[112.710914,25.453763],[112.720145,25.453233],[112.722128,25.460854],[112.731305,25.467124],[112.730482,25.468492],[112.723065,25.469325],[112.735714,25.476688],[112.749103,25.49338],[112.768896,25.490796],[112.781875,25.49319],[112.7859,25.490539],[112.781946,25.480359],[112.790077,25.473657],[112.790639,25.469882],[112.785223,25.453047],[112.785849,25.440459],[112.782204,25.436717],[112.784898,25.432433]]]}},{"type":"Feature","properties":{"dt_adcode":"431026"},"geometry":{"type":"Polygon","coordinates":[[[113.944763,25.441703],[113.943494,25.438851],[113.938429,25.436951],[113.926548,25.442162],[113.914509,25.442856],[113.913398,25.442801],[113.914179,25.439855],[113.913042,25.438644],[113.903699,25.440965],[113.895288,25.437544],[113.886871,25.436614],[113.884349,25.433006],[113.886645,25.426137],[113.88343,25.424352],[113.883005,25.422233],[113.88992,25.417708],[113.892521,25.412828],[113.882218,25.408469],[113.883881,25.397621],[113.877356,25.388124],[113.877979,25.381655],[113.867688,25.376351],[113.860959,25.369322],[113.847313,25.367644],[113.839756,25.363475],[113.833444,25.353976],[113.832812,25.34389],[113.821277,25.330741],[113.814968,25.328708],[113.80217,25.329107],[113.796506,25.331975],[113.78981,25.331404],[113.784932,25.333983],[113.780209,25.334077],[113.771047,25.33041],[113.758099,25.329978],[113.756547,25.332836],[113.764154,25.333596],[113.764136,25.338238],[113.758413,25.343776],[113.757823,25.350579],[113.753443,25.362641],[113.748046,25.365654],[113.744001,25.363945],[113.740572,25.360148],[113.737673,25.354854],[113.738358,25.349126],[113.737203,25.348553],[113.734512,25.348898],[113.727599,25.354216],[113.724195,25.35919],[113.720529,25.359833],[113.717523,25.356915],[113.712857,25.360334],[113.706566,25.360885],[113.706374,25.359329],[113.710563,25.356512],[113.711006,25.354352],[113.707938,25.352622],[113.703306,25.354036],[113.700489,25.352226],[113.688554,25.353016],[113.684233,25.346184],[113.685258,25.340351],[113.680198,25.334489],[113.675438,25.336889],[113.666755,25.335912],[113.663661,25.337716],[113.660632,25.335966],[113.659946,25.330991],[113.652436,25.327021],[113.645863,25.326371],[113.644954,25.329482],[113.641272,25.328125],[113.639936,25.330819],[113.635764,25.328098],[113.632693,25.328151],[113.631232,25.330587],[113.628819,25.330143],[113.624189,25.327998],[113.625108,25.327011],[113.623371,25.325176],[113.622976,25.326447],[113.620502,25.325658],[113.615889,25.327563],[113.612798,25.325546],[113.610999,25.32725],[113.609081,25.321771],[113.601474,25.320877],[113.595164,25.317376],[113.585997,25.307339],[113.582469,25.30627],[113.580822,25.308774],[113.581646,25.315871],[113.579782,25.316634],[113.583329,25.331868],[113.581431,25.342719],[113.576387,25.345572],[113.554534,25.351861],[113.551418,25.358664],[113.545947,25.360158],[113.543178,25.367681],[113.536091,25.368502],[113.532906,25.362732],[113.524324,25.353604],[113.522438,25.353416],[113.515078,25.360664],[113.518944,25.370301],[113.510451,25.371138],[113.505408,25.374766],[113.494509,25.372686],[113.4838,25.376308],[113.480036,25.375173],[113.475216,25.367555],[113.472706,25.366034],[113.468924,25.365846],[113.465774,25.369848],[113.462415,25.369849],[113.449841,25.359558],[113.445848,25.359558],[113.44227,25.361265],[113.435953,25.368884],[113.427744,25.373249],[113.424129,25.392681],[113.418431,25.398568],[113.407063,25.4014],[113.395698,25.39699],[113.393588,25.397555],[113.388307,25.403824],[113.374611,25.401109],[113.371856,25.406813],[113.366936,25.431178],[113.359746,25.438389],[113.352789,25.436828],[113.340082,25.449914],[113.326155,25.450046],[113.317735,25.443334],[113.313934,25.442935],[113.313483,25.453036],[113.315962,25.467523],[113.309171,25.481023],[113.308945,25.4854],[113.311354,25.490472],[113.308267,25.492176],[113.305406,25.500438],[113.300763,25.502372],[113.296833,25.508398],[113.298938,25.510696],[113.305694,25.511862],[113.306512,25.519301],[113.304234,25.522846],[113.297828,25.524988],[113.290272,25.531402],[113.289344,25.539078],[113.292438,25.544749],[113.291476,25.548648],[113.289393,25.555325],[113.280152,25.56713],[113.279707,25.572653],[113.288381,25.592246],[113.296701,25.600446],[113.317234,25.614921],[113.323706,25.61053],[113.328646,25.612183],[113.334528,25.623073],[113.338051,25.625604],[113.340573,25.625212],[113.342565,25.621633],[113.342095,25.615914],[113.346887,25.612153],[113.357246,25.614011],[113.365881,25.613681],[113.388113,25.605144],[113.396069,25.608934],[113.399448,25.622051],[113.405709,25.636121],[113.415316,25.641456],[113.419949,25.642061],[113.42556,25.639151],[113.430441,25.630071],[113.435598,25.625781],[113.431611,25.621693],[113.435251,25.615877],[113.438353,25.602507],[113.430013,25.590308],[113.4355,25.584968],[113.43686,25.579734],[113.440101,25.577191],[113.437007,25.568193],[113.43809,25.564172],[113.441166,25.563697],[113.452004,25.569696],[113.457953,25.576448],[113.461469,25.57738],[113.465243,25.575991],[113.460559,25.566904],[113.468609,25.562293],[113.481191,25.562817],[113.486546,25.561114],[113.494687,25.56696],[113.503665,25.565055],[113.507877,25.56604],[113.515186,25.572415],[113.517973,25.583134],[113.5228,25.589606],[113.530526,25.596156],[113.540243,25.598067],[113.546942,25.607106],[113.547617,25.609803],[113.545947,25.613856],[113.537406,25.619109],[113.537536,25.623701],[113.541664,25.630539],[113.556216,25.640553],[113.556891,25.645569],[113.55433,25.652558],[113.556372,25.655269],[113.557089,25.662365],[113.572879,25.667679],[113.580464,25.661585],[113.586148,25.661579],[113.587193,25.676427],[113.59662,25.678956],[113.603808,25.68462],[113.616089,25.685246],[113.624942,25.689571],[113.631905,25.696431],[113.632549,25.701767],[113.622551,25.713834],[113.620623,25.723951],[113.641379,25.732705],[113.648909,25.750328],[113.636371,25.76543],[113.635776,25.770184],[113.640729,25.772631],[113.645352,25.769774],[113.651058,25.771626],[113.653629,25.774998],[113.659208,25.777386],[113.665271,25.784761],[113.660494,25.792151],[113.651818,25.795144],[113.648769,25.814033],[113.642636,25.8205],[113.637771,25.821447],[113.631879,25.825976],[113.624416,25.81825],[113.621154,25.818026],[113.616766,25.830021],[113.611368,25.831377],[113.601696,25.828604],[113.588685,25.835853],[113.596417,25.842302],[113.604786,25.844132],[113.612946,25.852692],[113.624695,25.855253],[113.625017,25.86442],[113.628161,25.869266],[113.635806,25.867908],[113.639803,25.865333],[113.645852,25.866339],[113.651554,25.869224],[113.663151,25.882575],[113.668664,25.884275],[113.674602,25.882039],[113.679549,25.877108],[113.684042,25.860941],[113.686989,25.856602],[113.698673,25.849839],[113.70447,25.848991],[113.712282,25.838803],[113.721492,25.833118],[113.729092,25.832374],[113.749814,25.839001],[113.758629,25.837698],[113.760857,25.831102],[113.743278,25.819441],[113.741116,25.814989],[113.741463,25.810136],[113.759284,25.789121],[113.769309,25.781291],[113.783281,25.775017],[113.792126,25.768409],[113.793157,25.759594],[113.787845,25.74824],[113.788079,25.745003],[113.790453,25.742994],[113.800648,25.743191],[113.812685,25.747158],[113.819248,25.752436],[113.833714,25.769799],[113.842059,25.769195],[113.851634,25.765285],[113.863141,25.763077],[113.883957,25.768247],[113.8892,25.766334],[113.894071,25.758794],[113.894651,25.751559],[113.903347,25.741666],[113.904605,25.735526],[113.909445,25.731715],[113.915206,25.730727],[113.91491,25.724667],[113.918277,25.717435],[113.913816,25.703758],[113.914657,25.697484],[113.920341,25.694626],[113.926661,25.685488],[113.929595,25.678068],[113.931678,25.664948],[113.937584,25.662665],[113.939904,25.65943],[113.943248,25.642698],[113.951261,25.637558],[113.949547,25.625202],[113.954797,25.614748],[113.961127,25.609992],[113.978436,25.605628],[113.982447,25.602214],[113.983073,25.599363],[113.979818,25.586946],[113.979478,25.57327],[113.991929,25.565577],[113.993286,25.563333],[113.992851,25.560431],[113.988952,25.556728],[113.984095,25.538604],[113.987697,25.53046],[113.986113,25.52898],[113.974315,25.52854],[113.967713,25.530519],[113.96286,25.528234],[113.960103,25.523856],[113.959346,25.517023],[113.953294,25.50502],[113.944932,25.497871],[113.947513,25.497036],[113.953911,25.500066],[113.956215,25.499676],[113.952015,25.490963],[113.95205,25.486965],[113.959014,25.484958],[113.951397,25.470862],[113.942679,25.465136],[113.940159,25.461292],[113.942044,25.45425],[113.941183,25.447595],[113.944763,25.441703]]]}},{"type":"Feature","properties":{"dt_adcode":"431027"},"geometry":{"type":"Polygon","coordinates":[[[113.946111,26.184522],[113.951795,26.177874],[113.95163,26.171922],[113.949483,26.168056],[113.944616,26.166106],[113.944511,26.163759],[113.955454,26.156078],[113.957618,26.151877],[113.962679,26.150848],[113.966489,26.154127],[113.973804,26.155666],[113.985463,26.166386],[113.992112,26.167813],[114.002887,26.175379],[114.00582,26.180682],[114.008701,26.179563],[114.013383,26.184074],[114.024548,26.179877],[114.027907,26.180045],[114.034346,26.188434],[114.036373,26.188563],[114.042105,26.183464],[114.040957,26.177397],[114.055349,26.181332],[114.056609,26.180252],[114.059121,26.166156],[114.060372,26.165351],[114.070401,26.171122],[114.074693,26.171769],[114.080946,26.16802],[114.088586,26.168417],[114.09403,26.176396],[114.100365,26.178419],[114.100322,26.184654],[114.105171,26.18909],[114.136149,26.198468],[114.141927,26.203382],[114.153228,26.204392],[114.165504,26.209886],[114.181294,26.214504],[114.183743,26.201072],[114.186608,26.197148],[114.192261,26.196725],[114.211614,26.202931],[114.216794,26.203134],[114.220085,26.198018],[114.221132,26.190096],[114.230559,26.185159],[114.232405,26.181433],[114.21848,26.168515],[114.219407,26.163962],[114.225384,26.159663],[114.235697,26.160068],[114.237509,26.153892],[114.237257,26.152166],[114.225314,26.147709],[114.21497,26.137461],[114.204811,26.133114],[114.188905,26.121299],[114.171064,26.123249],[114.144769,26.111352],[114.108755,26.100291],[114.105684,26.097624],[114.107488,26.095154],[114.118959,26.089893],[114.121013,26.085894],[114.1166,26.081568],[114.114927,26.076347],[114.109421,26.073642],[114.106914,26.069455],[114.100044,26.071823],[114.085592,26.066341],[114.079905,26.069077],[114.069847,26.07855],[114.05788,26.075986],[114.052507,26.07856],[114.043811,26.076677],[114.046063,26.070846],[114.036146,26.061741],[114.035354,26.051338],[114.036597,26.046796],[114.034953,26.043252],[114.031412,26.040961],[114.028099,26.031173],[114.018837,26.025328],[114.008462,26.015655],[114.007157,26.012418],[114.009062,26.004185],[114.016929,25.996826],[114.01699,25.993439],[114.024012,25.992928],[114.027145,25.991049],[114.026126,25.988469],[114.028223,25.981381],[114.025142,25.977621],[114.021496,25.975997],[114.019007,25.967592],[114.023287,25.959041],[114.020816,25.954384],[114.021555,25.951621],[114.023774,25.949421],[114.028029,25.94922],[114.026489,25.944149],[114.031413,25.941949],[114.030186,25.935646],[114.022441,25.923596],[114.021831,25.919212],[114.025233,25.911438],[114.022405,25.90461],[114.024693,25.898067],[114.028303,25.893326],[114.013953,25.885611],[114.010271,25.871089],[114.003204,25.869285],[113.997685,25.862257],[113.991324,25.860546],[113.985798,25.851804],[113.979645,25.846666],[113.977296,25.83983],[113.970083,25.833938],[113.969866,25.828993],[113.97197,25.824054],[113.971309,25.814737],[113.960688,25.796873],[113.958765,25.785461],[113.958965,25.781662],[113.961704,25.777287],[113.946863,25.761322],[113.937348,25.7562],[113.930156,25.748223],[113.920431,25.741199],[113.915206,25.730727],[113.909445,25.731715],[113.904605,25.735526],[113.903347,25.741666],[113.894651,25.751559],[113.894071,25.758794],[113.8892,25.766334],[113.883957,25.768247],[113.863141,25.763077],[113.851634,25.765285],[113.842059,25.769195],[113.833714,25.769799],[113.819248,25.752436],[113.812685,25.747158],[113.800648,25.743191],[113.790453,25.742994],[113.788079,25.745003],[113.787845,25.74824],[113.793157,25.759594],[113.792126,25.768409],[113.783281,25.775017],[113.769309,25.781291],[113.759284,25.789121],[113.741463,25.810136],[113.741116,25.814989],[113.743278,25.819441],[113.760857,25.831102],[113.758629,25.837698],[113.749814,25.839001],[113.729092,25.832374],[113.721492,25.833118],[113.712282,25.838803],[113.70447,25.848991],[113.698673,25.849839],[113.686989,25.856602],[113.684042,25.860941],[113.679549,25.877108],[113.674602,25.882039],[113.668664,25.884275],[113.663151,25.882575],[113.651554,25.869224],[113.645852,25.866339],[113.639803,25.865333],[113.635806,25.867908],[113.628161,25.869266],[113.62264,25.905333],[113.623353,25.910556],[113.626523,25.916249],[113.636922,25.922129],[113.658677,25.926418],[113.670318,25.92192],[113.678022,25.928332],[113.679614,25.934259],[113.678023,25.941769],[113.679441,25.949869],[113.687659,25.97477],[113.687451,25.990191],[113.689983,26.016703],[113.693826,26.025645],[113.707048,26.036716],[113.719892,26.056023],[113.728647,26.046504],[113.736445,26.041123],[113.744067,26.039876],[113.750723,26.041622],[113.761533,26.047898],[113.780937,26.066157],[113.78235,26.073785],[113.780124,26.087225],[113.780765,26.093706],[113.791606,26.104317],[113.799055,26.104248],[113.803385,26.102539],[113.805784,26.100013],[113.811082,26.086394],[113.814042,26.083951],[113.824769,26.084109],[113.84507,26.095711],[113.847148,26.097973],[113.849616,26.107571],[113.860257,26.119336],[113.888464,26.130362],[113.896456,26.135516],[113.902813,26.148046],[113.914482,26.158758],[113.916947,26.171319],[113.930221,26.172766],[113.942539,26.179584],[113.946111,26.184522]]]}},{"type":"Feature","properties":{"dt_adcode":"431028"},"geometry":{"type":"Polygon","coordinates":[[[113.603622,26.507677],[113.596636,26.484491],[113.595699,26.479912],[113.596826,26.475273],[113.591136,26.471446],[113.58902,26.467113],[113.593486,26.459018],[113.603262,26.448329],[113.609622,26.431029],[113.609535,26.425981],[113.60772,26.419071],[113.583215,26.394641],[113.584488,26.383477],[113.582433,26.374851],[113.583542,26.370332],[113.58923,26.366013],[113.592516,26.3602],[113.594102,26.349459],[113.597155,26.345849],[113.600199,26.324191],[113.607071,26.315094],[113.617052,26.308261],[113.616756,26.288484],[113.614637,26.2846],[113.607649,26.282728],[113.604308,26.283101],[113.593508,26.290263],[113.588115,26.297456],[113.58489,26.299395],[113.577444,26.301515],[113.558984,26.298051],[113.553131,26.298886],[113.550084,26.301649],[113.546578,26.309676],[113.548159,26.313924],[113.5576,26.326344],[113.556816,26.328618],[113.53675,26.331567],[113.527788,26.342232],[113.520357,26.344748],[113.513395,26.350462],[113.490456,26.353054],[113.484375,26.351753],[113.476328,26.347365],[113.463347,26.354506],[113.450514,26.347806],[113.440117,26.345761],[113.4364,26.347167],[113.434511,26.352123],[113.428174,26.358993],[113.419953,26.36162],[113.414852,26.364952],[113.411885,26.369291],[113.410108,26.376917],[113.410918,26.379419],[113.41886,26.387439],[113.423058,26.396859],[113.400749,26.403056],[113.402162,26.409629],[113.399829,26.412699],[113.398205,26.421195],[113.391933,26.421537],[113.386768,26.410803],[113.374259,26.407031],[113.372029,26.409108],[113.370681,26.414986],[113.367645,26.416969],[113.355494,26.418441],[113.332701,26.415727],[113.321958,26.41647],[113.314913,26.418824],[113.304286,26.433077],[113.296287,26.438881],[113.283396,26.441324],[113.260341,26.441672],[113.252574,26.447014],[113.250951,26.45218],[113.251421,26.457182],[113.258528,26.466571],[113.259761,26.47109],[113.248732,26.484296],[113.231796,26.484594],[113.226168,26.48814],[113.212826,26.503795],[113.209602,26.505084],[113.197296,26.502971],[113.191213,26.504865],[113.189636,26.506142],[113.189047,26.511016],[113.18397,26.512787],[113.181475,26.517626],[113.171651,26.521215],[113.168731,26.528006],[113.160006,26.534222],[113.159184,26.541618],[113.164791,26.549244],[113.174469,26.556653],[113.178221,26.562226],[113.179236,26.578489],[113.183577,26.590081],[113.184081,26.602681],[113.186567,26.604148],[113.186672,26.608099],[113.182695,26.611976],[113.181838,26.615137],[113.183857,26.620102],[113.179335,26.632812],[113.179578,26.638366],[113.186337,26.651994],[113.188157,26.662462],[113.184658,26.676821],[113.181834,26.680976],[113.182986,26.687786],[113.174149,26.689936],[113.165398,26.686983],[113.160884,26.687888],[113.152271,26.700522],[113.140604,26.706592],[113.135863,26.710935],[113.134692,26.71484],[113.139175,26.717951],[113.137987,26.719969],[113.133548,26.722071],[113.122325,26.723201],[113.120104,26.724881],[113.12138,26.731002],[113.124781,26.73465],[113.131407,26.738079],[113.132188,26.74249],[113.129058,26.744121],[113.11719,26.742729],[113.115342,26.744125],[113.111776,26.754292],[113.108503,26.755291],[113.101957,26.753249],[113.096902,26.756298],[113.095583,26.759918],[113.097252,26.781626],[113.108462,26.785095],[113.116065,26.784461],[113.126441,26.788154],[113.133661,26.787622],[113.139163,26.790449],[113.149054,26.792132],[113.151273,26.797383],[113.144634,26.802433],[113.145389,26.809134],[113.14291,26.812504],[113.143015,26.826657],[113.1452,26.836018],[113.151284,26.837487],[113.156267,26.836564],[113.160504,26.827541],[113.174376,26.825351],[113.183863,26.825214],[113.191141,26.828747],[113.202004,26.828821],[113.205777,26.830235],[113.207103,26.829675],[113.206322,26.825504],[113.211783,26.824784],[113.217538,26.821445],[113.223694,26.820923],[113.224621,26.814421],[113.232001,26.811056],[113.235167,26.806192],[113.238064,26.805205],[113.242307,26.809311],[113.254328,26.812659],[113.25851,26.815483],[113.261289,26.824629],[113.259788,26.827796],[113.267629,26.826166],[113.279671,26.826498],[113.279792,26.823444],[113.273909,26.817566],[113.273796,26.813045],[113.285326,26.799676],[113.286038,26.795074],[113.285447,26.790027],[113.282831,26.78592],[113.278946,26.783431],[113.278094,26.777698],[113.283394,26.771446],[113.294129,26.768359],[113.299259,26.768082],[113.303137,26.769885],[113.306268,26.77353],[113.315081,26.796184],[113.326294,26.807569],[113.332748,26.810036],[113.338142,26.810264],[113.372318,26.7979],[113.384434,26.797091],[113.394303,26.804793],[113.404722,26.797617],[113.408992,26.791827],[113.412706,26.782598],[113.428128,26.76978],[113.427641,26.764562],[113.417319,26.738782],[113.404762,26.712549],[113.400776,26.706956],[113.393598,26.703345],[113.385502,26.70172],[113.382027,26.699143],[113.381234,26.696305],[113.383066,26.690356],[113.392198,26.674911],[113.399883,26.666586],[113.399318,26.661792],[113.400987,26.658227],[113.407689,26.6552],[113.415481,26.645694],[113.417207,26.64131],[113.418048,26.629359],[113.412277,26.620243],[113.411356,26.61015],[113.409013,26.607421],[113.40028,26.605224],[113.3979,26.600657],[113.399124,26.596971],[113.414591,26.587379],[113.421826,26.574892],[113.428431,26.569019],[113.427227,26.560361],[113.43307,26.55822],[113.454323,26.561613],[113.467301,26.559364],[113.473705,26.560878],[113.487384,26.571238],[113.495759,26.584202],[113.509157,26.592724],[113.523481,26.595491],[113.544851,26.591266],[113.554961,26.585378],[113.562208,26.57517],[113.56232,26.566903],[113.558085,26.55732],[113.558716,26.549503],[113.567368,26.533165],[113.570786,26.521609],[113.575195,26.518521],[113.591026,26.520708],[113.59149,26.518025],[113.588257,26.514075],[113.588553,26.51171],[113.597046,26.512199],[113.603622,26.507677]]]}},{"type":"Feature","properties":{"dt_adcode":"431081"},"geometry":{"type":"Polygon","coordinates":[[[113.614637,26.2846],[113.615227,26.278915],[113.618257,26.276882],[113.644136,26.267972],[113.657895,26.27037],[113.665015,26.261414],[113.671579,26.256747],[113.678316,26.247258],[113.683115,26.243992],[113.708497,26.234052],[113.725169,26.223748],[113.727662,26.220044],[113.730934,26.203245],[113.738739,26.183174],[113.736532,26.159331],[113.72928,26.139225],[113.722026,26.133121],[113.702474,26.124404],[113.700118,26.121449],[113.697579,26.107708],[113.693284,26.09582],[113.693979,26.091454],[113.707919,26.071319],[113.709092,26.065797],[113.719892,26.056023],[113.707048,26.036716],[113.693826,26.025645],[113.689983,26.016703],[113.687451,25.990191],[113.687659,25.97477],[113.679441,25.949869],[113.678023,25.941769],[113.679317,25.930681],[113.675318,25.925217],[113.670318,25.92192],[113.658677,25.926418],[113.636922,25.922129],[113.626523,25.916249],[113.623353,25.910556],[113.62264,25.905333],[113.628431,25.871084],[113.625017,25.86442],[113.624695,25.855253],[113.612946,25.852692],[113.604786,25.844132],[113.596417,25.842302],[113.588685,25.835853],[113.601696,25.828604],[113.611368,25.831377],[113.616766,25.830021],[113.621154,25.818026],[113.624416,25.81825],[113.631879,25.825976],[113.637771,25.821447],[113.642636,25.8205],[113.648769,25.814033],[113.651818,25.795144],[113.660494,25.792151],[113.665389,25.784159],[113.659208,25.777386],[113.653629,25.774998],[113.651058,25.771626],[113.645352,25.769774],[113.640729,25.772631],[113.635776,25.770184],[113.636371,25.76543],[113.648909,25.750328],[113.641379,25.732705],[113.620623,25.723951],[113.622551,25.713834],[113.632549,25.701767],[113.631905,25.696431],[113.624942,25.689571],[113.616089,25.685246],[113.603808,25.68462],[113.59662,25.678956],[113.587193,25.676427],[113.586148,25.661579],[113.580464,25.661585],[113.572879,25.667679],[113.557089,25.662365],[113.556372,25.655269],[113.55433,25.652558],[113.556891,25.645569],[113.556216,25.640553],[113.541664,25.630539],[113.537536,25.623701],[113.537406,25.619109],[113.545947,25.613856],[113.547617,25.609803],[113.546942,25.607106],[113.540243,25.598067],[113.530526,25.596156],[113.5228,25.589606],[113.517973,25.583134],[113.515186,25.572415],[113.507877,25.56604],[113.503665,25.565055],[113.494687,25.56696],[113.486546,25.561114],[113.481191,25.562817],[113.470219,25.561937],[113.460559,25.566904],[113.465243,25.575991],[113.464221,25.577226],[113.459209,25.577237],[113.453675,25.570706],[113.439,25.563555],[113.437007,25.568193],[113.440101,25.577191],[113.43686,25.579734],[113.4355,25.584968],[113.430013,25.590308],[113.438353,25.602507],[113.435251,25.615877],[113.431611,25.621693],[113.435598,25.625781],[113.430441,25.630071],[113.42556,25.639151],[113.419949,25.642061],[113.415316,25.641456],[113.405709,25.636121],[113.399448,25.622051],[113.396069,25.608934],[113.389876,25.605557],[113.386409,25.605438],[113.365881,25.613681],[113.357246,25.614011],[113.346887,25.612153],[113.342095,25.615914],[113.342565,25.621633],[113.340573,25.625212],[113.338051,25.625604],[113.334528,25.623073],[113.328646,25.612183],[113.323706,25.61053],[113.317234,25.614921],[113.346777,25.650101],[113.347013,25.656381],[113.329477,25.661807],[113.295063,25.669261],[113.289013,25.677528],[113.289757,25.684286],[113.286106,25.686287],[113.288948,25.690583],[113.288154,25.69201],[113.281653,25.693574],[113.279453,25.68614],[113.275665,25.682842],[113.274878,25.679986],[113.27219,25.679124],[113.268169,25.680609],[113.269237,25.683522],[113.26783,25.686011],[113.253077,25.695568],[113.257011,25.709702],[113.245694,25.714607],[113.243591,25.720474],[113.246902,25.723912],[113.251823,25.717811],[113.257928,25.718588],[113.263046,25.723635],[113.263332,25.738968],[113.254021,25.744467],[113.251672,25.750941],[113.253976,25.756857],[113.272936,25.777936],[113.271937,25.787326],[113.277464,25.79663],[113.275935,25.802204],[113.270766,25.809828],[113.271766,25.821065],[113.267067,25.827723],[113.26871,25.839871],[113.259079,25.847879],[113.259844,25.859703],[113.25139,25.879243],[113.244578,25.886432],[113.24798,25.891595],[113.241116,25.894883],[113.203988,25.946365],[113.199463,25.948975],[113.191305,25.945541],[113.188719,25.94678],[113.190613,25.954903],[113.198351,25.958923],[113.199869,25.961302],[113.198954,25.965483],[113.196003,25.966921],[113.17463,25.967773],[113.166259,25.963994],[113.161963,25.965944],[113.154256,25.964031],[113.153578,25.966492],[113.159402,25.967908],[113.157941,25.970576],[113.15997,25.972057],[113.15378,25.972127],[113.150985,25.973707],[113.146417,25.968662],[113.143057,25.970177],[113.142316,25.974121],[113.138141,25.973637],[113.135354,25.97705],[113.131829,25.975746],[113.131986,25.980715],[113.128557,25.980946],[113.132283,25.987754],[113.127042,25.987509],[113.127191,25.985725],[113.123359,25.983809],[113.118852,25.985365],[113.118579,25.987498],[113.110552,25.984213],[113.108675,25.986747],[113.112566,25.991582],[113.119612,25.992459],[113.115867,25.998604],[113.116439,25.999984],[113.119478,26.000738],[113.129196,25.99859],[113.130134,26.001064],[113.128684,26.006142],[113.134164,26.008965],[113.137559,26.016635],[113.142379,26.018926],[113.148936,26.018583],[113.157198,26.035119],[113.161745,26.040631],[113.161146,26.043358],[113.16793,26.055546],[113.206699,26.096164],[113.212976,26.113678],[113.213188,26.123747],[113.201485,26.123944],[113.195999,26.127871],[113.196386,26.132889],[113.203969,26.13157],[113.208742,26.136381],[113.21161,26.148761],[113.224169,26.147097],[113.225754,26.153417],[113.235438,26.158475],[113.237062,26.169941],[113.245546,26.167829],[113.248182,26.169443],[113.246396,26.171981],[113.242037,26.173287],[113.247595,26.177596],[113.254504,26.180822],[113.260164,26.181136],[113.267024,26.171261],[113.268664,26.160118],[113.270697,26.156767],[113.282148,26.156021],[113.294186,26.146735],[113.298298,26.14072],[113.300384,26.131849],[113.304297,26.126539],[113.305297,26.120037],[113.311523,26.114808],[113.317446,26.115117],[113.328242,26.127989],[113.336993,26.131567],[113.354833,26.127429],[113.363703,26.129385],[113.372327,26.128365],[113.384355,26.119071],[113.391751,26.117245],[113.397859,26.117591],[113.405306,26.113859],[113.410191,26.113894],[113.42053,26.107706],[113.425522,26.116809],[113.423289,26.121241],[113.420081,26.140801],[113.420869,26.150898],[113.423102,26.154432],[113.429268,26.157923],[113.450447,26.163831],[113.467053,26.164056],[113.476486,26.157879],[113.480569,26.151843],[113.484523,26.150416],[113.490657,26.156652],[113.515602,26.162249],[113.527956,26.169654],[113.547867,26.185038],[113.553555,26.191998],[113.560076,26.21178],[113.567612,26.225284],[113.565595,26.236476],[113.571809,26.256979],[113.579435,26.26542],[113.583007,26.274015],[113.586058,26.274951],[113.591451,26.269723],[113.593628,26.269488],[113.595502,26.270133],[113.604308,26.283101],[113.614637,26.2846]]]}},{"type":"Feature","properties":{"dt_adcode":"431102"},"geometry":{"type":"Polygon","coordinates":[[[111.815287,26.356387],[111.82103,26.353251],[111.826392,26.352933],[111.837142,26.357197],[111.852525,26.350728],[111.860375,26.354294],[111.859673,26.347532],[111.860963,26.344506],[111.868199,26.345963],[111.869403,26.339871],[111.874594,26.338749],[111.876319,26.336871],[111.872773,26.327322],[111.873648,26.322744],[111.882039,26.316923],[111.887137,26.307147],[111.895524,26.309371],[111.900165,26.305437],[111.905735,26.288916],[111.911194,26.280171],[111.91161,26.275007],[111.908962,26.26591],[111.916662,26.251622],[111.91913,26.232817],[111.918131,26.229941],[111.911488,26.227182],[111.907616,26.221606],[111.906965,26.213596],[111.91002,26.208491],[111.912373,26.208491],[111.918008,26.212718],[111.926998,26.209087],[111.932524,26.202226],[111.932819,26.192601],[111.938102,26.183484],[111.93599,26.180663],[111.924407,26.177307],[111.925935,26.159117],[111.934988,26.137738],[111.942924,26.130649],[111.958814,26.132674],[111.962224,26.128898],[111.960693,26.121735],[111.943514,26.109967],[111.935577,26.110131],[111.930162,26.10675],[111.915362,26.112372],[111.910838,26.108382],[111.90767,26.108029],[111.901561,26.113781],[111.892174,26.11707],[111.869712,26.133024],[111.85934,26.138028],[111.848729,26.154917],[111.844485,26.165296],[111.821228,26.165238],[111.814473,26.163836],[111.809064,26.157352],[111.800884,26.158421],[111.794792,26.155437],[111.780539,26.156494],[111.779541,26.153443],[111.785351,26.148553],[111.786642,26.141979],[111.789633,26.137868],[111.783,26.135322],[111.781422,26.132743],[111.791921,26.127156],[111.792388,26.12475],[111.789337,26.122758],[111.78371,26.122355],[111.775731,26.111711],[111.77109,26.108429],[111.75284,26.110428],[111.746788,26.10849],[111.745137,26.103178],[111.738501,26.094842],[111.744138,26.091443],[111.745023,26.089212],[111.737031,26.076946],[111.731445,26.076471],[111.726743,26.077993],[111.720104,26.090308],[111.715278,26.091709],[111.692866,26.08202],[111.685271,26.074964],[111.671522,26.067802],[111.661995,26.058286],[111.651511,26.056928],[111.644352,26.061634],[111.642244,26.066987],[111.645056,26.076554],[111.654069,26.079118],[111.655923,26.081927],[111.649659,26.092881],[111.645824,26.088285],[111.640775,26.085791],[111.629755,26.087784],[111.61049,26.084818],[111.597803,26.065426],[111.593981,26.031672],[111.590631,26.031204],[111.587698,26.03741],[111.584029,26.038088],[111.578989,26.03287],[111.569954,26.029113],[111.565879,26.02196],[111.560923,26.021529],[111.553714,26.017011],[111.550231,26.005208],[111.556354,25.994341],[111.566579,25.989291],[111.575665,25.993457],[111.584824,25.992686],[111.58799,25.987755],[111.585291,25.97831],[111.587165,25.973438],[111.600201,25.966949],[111.602901,25.962256],[111.610655,25.957036],[111.611767,25.952458],[111.609829,25.947734],[111.602604,25.936116],[111.597673,25.931714],[111.591276,25.930484],[111.587752,25.9316],[111.576894,25.947981],[111.574665,25.950155],[111.569212,25.951307],[111.558838,25.947159],[111.547818,25.938616],[111.539383,25.935761],[111.53605,25.945685],[111.537046,25.955717],[111.529428,25.955737],[111.523576,25.957808],[111.516141,25.954279],[111.510991,25.954824],[111.50759,25.957356],[111.496824,25.974581],[111.492783,25.977937],[111.478464,25.983363],[111.460771,25.976674],[111.449343,25.990589],[111.443717,25.991214],[111.43665,25.983758],[111.432954,25.975459],[111.425823,25.97501],[111.421536,25.973079],[111.420277,25.966316],[111.424173,25.957131],[111.418071,25.950371],[111.412992,25.941308],[111.40647,25.938124],[111.409378,25.920361],[111.402324,25.909929],[111.405824,25.899824],[111.402766,25.885358],[111.382567,25.882309],[111.384749,25.888648],[111.378272,25.8952],[111.37889,25.903591],[111.376246,25.905789],[111.367278,25.902461],[111.364537,25.899126],[111.362562,25.892318],[111.357297,25.890665],[111.355,25.892129],[111.346228,25.906327],[111.344113,25.907086],[111.328567,25.901542],[111.325625,25.894729],[111.317913,25.891987],[111.300194,25.879281],[111.297071,25.87426],[111.296539,25.867218],[111.290892,25.853773],[111.280126,25.859864],[111.2599,25.861056],[111.249797,25.866454],[111.247271,25.87197],[111.246803,25.880979],[111.244389,25.885556],[111.226604,25.899738],[111.222674,25.905435],[111.224427,25.909658],[111.232593,25.911821],[111.230771,25.916106],[111.21721,25.926712],[111.216629,25.928942],[111.220732,25.93633],[111.206534,25.939637],[111.204427,25.944687],[111.205251,25.94973],[111.203838,25.954193],[111.191759,25.951748],[111.189531,25.953279],[111.196095,25.960894],[111.196685,25.970869],[111.202929,25.976111],[111.206303,25.982412],[111.206632,25.988705],[111.21247,26.001825],[111.210797,26.007225],[111.215368,26.011782],[111.213963,26.019823],[111.221589,26.023862],[111.230484,26.034472],[111.233479,26.044871],[111.236829,26.048831],[111.24928,26.051803],[111.253476,26.056876],[111.264292,26.05569],[111.267525,26.056806],[111.264936,26.06125],[111.258358,26.063595],[111.252686,26.068143],[111.244636,26.077958],[111.251836,26.086303],[111.265938,26.09606],[111.266086,26.099493],[111.25936,26.096676],[111.258065,26.097732],[111.261419,26.102383],[111.268911,26.107343],[111.268911,26.114723],[111.270824,26.119199],[111.276701,26.120727],[111.282231,26.116624],[111.287527,26.116279],[111.294469,26.122508],[111.295644,26.130139],[111.292643,26.142134],[111.286937,26.148933],[111.287173,26.152338],[111.298647,26.161683],[111.302119,26.160632],[111.306417,26.155475],[111.312657,26.152786],[111.319193,26.15805],[111.319785,26.161161],[111.315661,26.174299],[111.312188,26.179133],[111.314016,26.181834],[111.324731,26.186901],[111.336804,26.182523],[111.342984,26.190957],[111.34999,26.186684],[111.354403,26.187221],[111.367116,26.193286],[111.372353,26.202917],[111.382772,26.209179],[111.386589,26.208478],[111.392117,26.201911],[111.404577,26.201328],[111.413801,26.212594],[111.415156,26.222189],[111.425607,26.228933],[111.433467,26.243947],[111.450886,26.253984],[111.458217,26.260309],[111.465832,26.262873],[111.488968,26.27669],[111.490665,26.280559],[111.488146,26.28526],[111.488909,26.291245],[111.495176,26.29918],[111.501148,26.299572],[111.505204,26.297269],[111.517865,26.283338],[111.528852,26.280021],[111.533067,26.282231],[111.530857,26.294069],[111.533831,26.296022],[111.53985,26.295526],[111.543092,26.293014],[111.552392,26.274029],[111.562049,26.267266],[111.573509,26.268814],[111.579749,26.267223],[111.58,26.264935],[111.575663,26.257494],[111.576792,26.253918],[111.582046,26.252473],[111.588638,26.257868],[111.592182,26.257752],[111.596501,26.253277],[111.596688,26.245361],[111.599036,26.244516],[111.601259,26.246581],[111.608475,26.264567],[111.622991,26.279653],[111.624526,26.286456],[111.623176,26.293998],[111.623865,26.30129],[111.635095,26.307935],[111.640808,26.306711],[111.642921,26.310703],[111.658455,26.310407],[111.666694,26.317404],[111.666337,26.323214],[111.661753,26.331217],[111.662397,26.334741],[111.677109,26.339933],[111.685879,26.336956],[111.690116,26.343038],[111.703763,26.3494],[111.713416,26.349885],[111.717294,26.348305],[111.72623,26.352307],[111.734224,26.350584],[111.741869,26.352701],[111.744744,26.349416],[111.745863,26.337033],[111.748381,26.331986],[111.750969,26.331518],[111.759103,26.336462],[111.766731,26.334436],[111.773455,26.341122],[111.777974,26.338008],[111.780671,26.338095],[111.787946,26.34802],[111.786594,26.35254],[111.797264,26.35511],[111.802013,26.34988],[111.804535,26.349524],[111.812619,26.352914],[111.815287,26.356387]]]}},{"type":"Feature","properties":{"dt_adcode":"431103"},"geometry":{"type":"Polygon","coordinates":[[[111.592062,26.792191],[111.589919,26.788221],[111.590569,26.784077],[111.597876,26.774296],[111.613263,26.76204],[111.621377,26.761281],[111.633423,26.7488],[111.646309,26.744399],[111.65151,26.738504],[111.665402,26.734168],[111.671222,26.736853],[111.678904,26.734739],[111.685116,26.736042],[111.690883,26.73388],[111.693762,26.727177],[111.692144,26.722094],[111.695354,26.717108],[111.700207,26.71625],[111.709591,26.7202],[111.711939,26.717708],[111.711643,26.714155],[111.705355,26.708494],[111.703502,26.704791],[111.703641,26.701944],[111.706502,26.697868],[111.714554,26.695721],[111.721492,26.688683],[111.736752,26.689037],[111.739662,26.687513],[111.739835,26.682315],[111.735812,26.677792],[111.737776,26.670908],[111.73052,26.664268],[111.730572,26.662124],[111.732457,26.661099],[111.731015,26.657971],[111.735602,26.656505],[111.737896,26.652809],[111.728546,26.648016],[111.731014,26.640267],[111.724843,26.635446],[111.732247,26.631521],[111.736426,26.630995],[111.753577,26.619405],[111.753107,26.607957],[111.75105,26.603406],[111.748401,26.602231],[111.748167,26.599942],[111.749521,26.59542],[111.752282,26.592721],[111.751578,26.585207],[111.753218,26.570558],[111.759614,26.560226],[111.759501,26.544638],[111.758971,26.5427],[111.751279,26.539413],[111.750393,26.537065],[111.758266,26.523856],[111.757614,26.510854],[111.759793,26.509443],[111.768887,26.511584],[111.773641,26.509292],[111.779451,26.502126],[111.784549,26.490893],[111.784817,26.478667],[111.783082,26.469952],[111.78921,26.445352],[111.78399,26.435055],[111.784987,26.433557],[111.790353,26.43534],[111.791497,26.429748],[111.798006,26.428184],[111.800051,26.425658],[111.800432,26.420434],[111.796211,26.415259],[111.795777,26.410446],[111.797181,26.406982],[111.801723,26.407312],[111.802373,26.405989],[111.799113,26.397718],[111.79926,26.392099],[111.801721,26.38787],[111.810775,26.380591],[111.813356,26.37592],[111.812039,26.370992],[111.813945,26.366821],[111.813442,26.359852],[111.815287,26.356387],[111.812619,26.352914],[111.804535,26.349524],[111.802013,26.34988],[111.797264,26.35511],[111.786594,26.35254],[111.787946,26.34802],[111.780671,26.338095],[111.777974,26.338008],[111.773455,26.341122],[111.766731,26.334436],[111.759103,26.336462],[111.750969,26.331518],[111.748381,26.331986],[111.745863,26.337033],[111.744744,26.349416],[111.741869,26.352701],[111.734224,26.350584],[111.72623,26.352307],[111.717294,26.348305],[111.713416,26.349885],[111.703763,26.3494],[111.690116,26.343038],[111.685879,26.336956],[111.677109,26.339933],[111.662397,26.334741],[111.661753,26.331217],[111.666337,26.323214],[111.666694,26.317404],[111.658455,26.310407],[111.642921,26.310703],[111.640808,26.306711],[111.635095,26.307935],[111.623865,26.30129],[111.623176,26.293998],[111.624526,26.286456],[111.622991,26.279653],[111.608475,26.264567],[111.601259,26.246581],[111.599036,26.244516],[111.596688,26.245361],[111.596501,26.253277],[111.592182,26.257752],[111.588638,26.257868],[111.582046,26.252473],[111.576792,26.253918],[111.575663,26.257494],[111.58,26.264935],[111.579749,26.267223],[111.573509,26.268814],[111.562049,26.267266],[111.552392,26.274029],[111.543092,26.293014],[111.536688,26.296211],[111.542048,26.300687],[111.540464,26.307734],[111.535546,26.310797],[111.535018,26.312735],[111.535607,26.320276],[111.539643,26.326603],[111.534491,26.328612],[111.523663,26.345781],[111.523777,26.373453],[111.517693,26.385181],[111.499371,26.390342],[111.497961,26.396451],[111.494915,26.401243],[111.496327,26.42328],[111.493869,26.428806],[111.494398,26.430917],[111.506861,26.428826],[111.513594,26.432342],[111.515819,26.436062],[111.525279,26.440319],[111.527799,26.445992],[111.526215,26.447816],[111.518719,26.442701],[111.513214,26.445858],[111.513016,26.447621],[111.520944,26.456635],[111.524312,26.46659],[111.533211,26.468737],[111.534095,26.474839],[111.547768,26.479487],[111.555503,26.476888],[111.558406,26.477792],[111.55747,26.483311],[111.560399,26.487239],[111.562479,26.494119],[111.561605,26.500106],[111.558849,26.502181],[111.558702,26.50456],[111.564977,26.509421],[111.56749,26.514334],[111.576611,26.515905],[111.573594,26.528384],[111.575972,26.549105],[111.572539,26.557005],[111.566384,26.564661],[111.563542,26.564579],[111.556098,26.559925],[111.54198,26.558827],[111.539513,26.565086],[111.532924,26.571487],[111.529826,26.582417],[111.520694,26.592745],[111.517882,26.603968],[111.512032,26.611619],[111.512552,26.618485],[111.518056,26.620142],[111.52924,26.628801],[111.53498,26.629195],[111.542712,26.626064],[111.547337,26.626875],[111.548099,26.628457],[111.543882,26.635044],[111.530185,26.640013],[111.518648,26.656927],[111.512321,26.660526],[111.507994,26.661127],[111.493418,26.653478],[111.478018,26.652437],[111.476755,26.660997],[111.469403,26.668737],[111.473361,26.672264],[111.495289,26.676827],[111.496199,26.687349],[111.491049,26.693502],[111.481796,26.695892],[111.478256,26.703741],[111.484662,26.708053],[111.484637,26.713278],[111.474239,26.71827],[111.470524,26.723638],[111.471842,26.734586],[111.481626,26.741429],[111.482561,26.743761],[111.477436,26.750148],[111.480069,26.757055],[111.479489,26.759288],[111.477376,26.759938],[111.473896,26.756542],[111.470614,26.760867],[111.469619,26.78016],[111.473135,26.779387],[111.47665,26.773036],[111.480451,26.770265],[111.484087,26.770784],[111.491817,26.775695],[111.499018,26.776201],[111.507733,26.773327],[111.515522,26.765671],[111.520733,26.765949],[111.522957,26.768525],[111.524481,26.77598],[111.529632,26.779019],[111.534316,26.785083],[111.534377,26.791601],[111.528638,26.803068],[111.529227,26.807238],[111.538422,26.811411],[111.542579,26.817215],[111.5463,26.818446],[111.549524,26.817446],[111.55,26.812353],[111.553075,26.809297],[111.575366,26.809346],[111.5784,26.798397],[111.588002,26.79759],[111.592062,26.792191]]]}},{"type":"Feature","properties":{"dt_adcode":"431122"},"geometry":{"type":"Polygon","coordinates":[[[111.549524,26.817446],[111.544163,26.818034],[111.538422,26.811411],[111.529227,26.807238],[111.528638,26.803068],[111.534377,26.791601],[111.534316,26.785083],[111.529632,26.779019],[111.524481,26.77598],[111.522957,26.768525],[111.520733,26.765949],[111.515522,26.765671],[111.507733,26.773327],[111.502645,26.775457],[111.491817,26.775695],[111.484087,26.770784],[111.480451,26.770265],[111.47665,26.773036],[111.471906,26.780506],[111.469619,26.78016],[111.468857,26.776815],[111.471636,26.758134],[111.474658,26.756571],[111.477376,26.759938],[111.479489,26.759288],[111.480069,26.757055],[111.477436,26.750148],[111.482561,26.743761],[111.481626,26.741429],[111.471842,26.734586],[111.470524,26.723638],[111.474239,26.71827],[111.484637,26.713278],[111.484662,26.708053],[111.478256,26.703741],[111.481796,26.695892],[111.491049,26.693502],[111.496199,26.687349],[111.495289,26.676827],[111.473361,26.672264],[111.46949,26.66768],[111.473854,26.665115],[111.476755,26.660997],[111.478018,26.652437],[111.493418,26.653478],[111.507994,26.661127],[111.512321,26.660526],[111.518648,26.656927],[111.530185,26.640013],[111.543882,26.635044],[111.548099,26.628457],[111.547337,26.626875],[111.542712,26.626064],[111.53498,26.629195],[111.52924,26.628801],[111.518056,26.620142],[111.512552,26.618485],[111.512032,26.611619],[111.517882,26.603968],[111.520694,26.592745],[111.529826,26.582417],[111.532924,26.571487],[111.539513,26.565086],[111.54198,26.558827],[111.556098,26.559925],[111.563542,26.564579],[111.566384,26.564661],[111.572539,26.557005],[111.576353,26.547271],[111.574003,26.53973],[111.575173,26.535089],[111.573594,26.528384],[111.576611,26.515905],[111.56749,26.514334],[111.564977,26.509421],[111.558702,26.50456],[111.558849,26.502181],[111.561605,26.500106],[111.562479,26.494119],[111.560399,26.487239],[111.55747,26.483311],[111.558406,26.477792],[111.555503,26.476888],[111.547768,26.479487],[111.534095,26.474839],[111.533211,26.468737],[111.524312,26.46659],[111.520944,26.456635],[111.513016,26.447621],[111.513214,26.445858],[111.518719,26.442701],[111.526215,26.447816],[111.527799,26.445992],[111.525279,26.440319],[111.515819,26.436062],[111.513594,26.432342],[111.506861,26.428826],[111.496206,26.431205],[111.493922,26.430214],[111.496327,26.42328],[111.49515,26.416153],[111.495858,26.398453],[111.497961,26.396451],[111.499371,26.390342],[111.517693,26.385181],[111.523777,26.373453],[111.523663,26.345781],[111.534491,26.328612],[111.539643,26.326603],[111.535607,26.320276],[111.535018,26.312735],[111.535546,26.310797],[111.540464,26.307734],[111.542048,26.300687],[111.540463,26.298343],[111.530857,26.294069],[111.533067,26.282231],[111.528852,26.280021],[111.517865,26.283338],[111.505204,26.297269],[111.501148,26.299572],[111.495176,26.29918],[111.488909,26.291245],[111.488146,26.28526],[111.490665,26.280559],[111.488968,26.27669],[111.465832,26.262873],[111.458217,26.260309],[111.450886,26.253984],[111.433467,26.243947],[111.425607,26.228933],[111.415156,26.222189],[111.413801,26.212594],[111.404577,26.201328],[111.392117,26.201911],[111.386589,26.208478],[111.382772,26.209179],[111.372353,26.202917],[111.367116,26.193286],[111.354403,26.187221],[111.34999,26.186684],[111.342984,26.190957],[111.336804,26.182523],[111.324731,26.186901],[111.314016,26.181834],[111.312188,26.179133],[111.315661,26.174299],[111.319785,26.161161],[111.319193,26.15805],[111.312657,26.152786],[111.306417,26.155475],[111.300239,26.161627],[111.295881,26.160506],[111.287173,26.152338],[111.286825,26.150167],[111.292643,26.142134],[111.295644,26.130139],[111.294469,26.122508],[111.287527,26.116279],[111.282231,26.116624],[111.276701,26.120727],[111.270824,26.119199],[111.268617,26.129304],[111.262386,26.135874],[111.258043,26.149339],[111.261571,26.159433],[111.26968,26.170556],[111.269559,26.178244],[111.27474,26.183676],[111.265805,26.192709],[111.265918,26.196346],[111.270977,26.202482],[111.268327,26.212279],[111.271682,26.217211],[111.278037,26.217391],[111.293153,26.222104],[111.293389,26.229762],[111.295686,26.237569],[111.291919,26.244606],[111.292624,26.252441],[111.284275,26.263464],[111.281275,26.27112],[111.266279,26.272929],[111.252465,26.269229],[111.249294,26.263597],[111.239135,26.267149],[111.22786,26.26135],[111.22563,26.263757],[111.224572,26.270567],[111.222048,26.270628],[111.219054,26.266992],[111.216296,26.267232],[111.203096,26.278899],[111.208847,26.290952],[111.209116,26.304244],[111.206593,26.307519],[111.177799,26.307117],[111.168939,26.310508],[111.157824,26.307461],[111.138354,26.306361],[111.128428,26.309307],[111.116423,26.309184],[111.10984,26.308101],[111.106852,26.304067],[111.104177,26.303891],[111.092593,26.306706],[111.079359,26.318242],[111.07554,26.318151],[111.072677,26.316034],[111.069388,26.319433],[111.064819,26.318883],[111.062173,26.325275],[111.057437,26.323828],[111.053483,26.319506],[111.045296,26.323171],[111.040879,26.321634],[111.04318,26.332469],[111.042178,26.333111],[111.032158,26.332381],[111.027679,26.336887],[111.022545,26.337929],[111.008276,26.337036],[111.001729,26.341947],[111.002854,26.348816],[111.008574,26.35887],[111.016533,26.365996],[111.019131,26.37739],[111.025381,26.382955],[111.018304,26.393206],[111.019194,26.401014],[111.023082,26.407277],[111.025558,26.419201],[111.029157,26.424493],[111.029507,26.429484],[111.031747,26.432484],[111.044947,26.440939],[111.045191,26.443583],[111.042709,26.446805],[111.043711,26.451209],[111.052674,26.457042],[111.060268,26.473758],[111.060156,26.480331],[111.056447,26.486605],[111.061924,26.492927],[111.062508,26.502496],[111.067513,26.507143],[111.066513,26.521552],[111.063276,26.526537],[111.066575,26.534115],[111.063931,26.558386],[111.069642,26.584375],[111.073584,26.587815],[111.081118,26.58706],[111.086884,26.588886],[111.102928,26.585839],[111.106985,26.586895],[111.112858,26.602306],[111.113857,26.609233],[111.10922,26.615223],[111.10922,26.617454],[111.125135,26.622965],[111.133292,26.620197],[111.137282,26.608626],[111.133881,26.600762],[111.133177,26.590753],[111.127128,26.577491],[111.125833,26.553921],[111.142265,26.541308],[111.153998,26.527024],[111.157926,26.517271],[111.165963,26.511739],[111.164142,26.505139],[111.154413,26.501281],[111.158869,26.494406],[111.155522,26.488189],[111.155521,26.482436],[111.163264,26.479046],[111.169306,26.473401],[111.17482,26.475152],[111.184642,26.470495],[111.184841,26.46844],[111.181061,26.463371],[111.182206,26.461872],[111.201175,26.457331],[111.203812,26.463432],[111.208686,26.464509],[111.212909,26.469656],[111.222062,26.474017],[111.232631,26.482518],[111.241199,26.481779],[111.251368,26.483831],[111.261002,26.479897],[111.261645,26.488908],[111.268346,26.499771],[111.271875,26.49942],[111.278291,26.490208],[111.286761,26.490922],[111.28964,26.494446],[111.29058,26.502696],[111.29553,26.506812],[111.29694,26.511746],[111.296053,26.526214],[111.288531,26.559638],[111.291411,26.564691],[111.297005,26.567751],[111.29771,26.576941],[111.304593,26.583351],[111.30542,26.588636],[111.304298,26.592275],[111.306656,26.596124],[111.30389,26.604044],[111.306066,26.619754],[111.314256,26.626638],[111.314604,26.628576],[111.311489,26.633384],[111.312543,26.639023],[111.301248,26.644202],[111.299361,26.660668],[111.295716,26.670762],[111.290949,26.67425],[111.283061,26.676413],[111.276244,26.688855],[111.302957,26.700014],[111.309075,26.710946],[111.316673,26.711018],[111.321443,26.714228],[111.321974,26.719865],[111.316735,26.724671],[111.317206,26.733186],[111.318146,26.735419],[111.323978,26.737719],[111.325153,26.739896],[111.329393,26.757607],[111.326687,26.764826],[111.32922,26.772142],[111.32251,26.77812],[111.321509,26.78311],[111.323981,26.789866],[111.315148,26.802565],[111.322512,26.81309],[111.321921,26.820136],[111.329869,26.836684],[111.349716,26.85155],[111.349655,26.859831],[111.351187,26.861652],[111.364667,26.865464],[111.372905,26.858192],[111.394485,26.863001],[111.408594,26.857924],[111.412875,26.858804],[111.421158,26.868138],[111.430026,26.867897],[111.433894,26.862432],[111.437181,26.860782],[111.442809,26.867234],[111.460107,26.867115],[111.462506,26.86106],[111.47147,26.861978],[111.476804,26.858057],[111.482535,26.85675],[111.495243,26.860707],[111.507948,26.859553],[111.5172,26.865134],[111.526392,26.8654],[111.530434,26.862982],[111.532191,26.859276],[111.533654,26.847115],[111.542139,26.842778],[111.548322,26.834192],[111.549136,26.832311],[111.5458,26.82305],[111.550001,26.818587],[111.549524,26.817446]]]}},{"type":"Feature","properties":{"dt_adcode":"431123"},"geometry":{"type":"Polygon","coordinates":[[[111.456881,25.848087],[111.465128,25.85585],[111.468645,25.857249],[111.476144,25.856056],[111.486213,25.859314],[111.492074,25.868568],[111.490784,25.870096],[111.470993,25.875256],[111.456813,25.871064],[111.45482,25.872829],[111.454231,25.877055],[111.460089,25.884789],[111.459508,25.886786],[111.456459,25.888317],[111.448139,25.885516],[111.440632,25.884942],[111.429487,25.886714],[111.417623,25.876632],[111.412464,25.879668],[111.408698,25.885083],[111.402766,25.885358],[111.405824,25.899824],[111.402324,25.909929],[111.409378,25.920361],[111.40647,25.938124],[111.412992,25.941308],[111.418071,25.950371],[111.424173,25.957131],[111.420277,25.966316],[111.421536,25.973079],[111.425823,25.97501],[111.432217,25.974902],[111.439754,25.987787],[111.443717,25.991214],[111.448199,25.991265],[111.460771,25.976674],[111.478464,25.983363],[111.494185,25.977142],[111.500044,25.969994],[111.503609,25.962532],[111.510991,25.954824],[111.516141,25.954279],[111.523576,25.957808],[111.529428,25.955737],[111.537046,25.955717],[111.53605,25.945685],[111.539383,25.935761],[111.547818,25.938616],[111.558838,25.947159],[111.569212,25.951307],[111.574665,25.950155],[111.576894,25.947981],[111.587752,25.9316],[111.591276,25.930484],[111.597673,25.931714],[111.602604,25.936116],[111.609829,25.947734],[111.611767,25.952458],[111.610655,25.957036],[111.602901,25.962256],[111.600201,25.966949],[111.587165,25.973438],[111.585291,25.97831],[111.58799,25.987755],[111.584824,25.992686],[111.575665,25.993457],[111.568044,25.989406],[111.564941,25.989586],[111.555471,25.995368],[111.550256,26.006749],[111.552483,26.015018],[111.554918,26.018209],[111.560923,26.021529],[111.565879,26.02196],[111.569954,26.029113],[111.578989,26.03287],[111.583092,26.037561],[111.586848,26.037999],[111.590631,26.031204],[111.593981,26.031672],[111.597803,26.065426],[111.61049,26.084818],[111.629755,26.087784],[111.640775,26.085791],[111.645824,26.088285],[111.649659,26.092881],[111.655923,26.081927],[111.654069,26.079118],[111.645056,26.076554],[111.642244,26.066987],[111.644352,26.061634],[111.651511,26.056928],[111.661995,26.058286],[111.671522,26.067802],[111.685271,26.074964],[111.692866,26.08202],[111.715278,26.091709],[111.720104,26.090308],[111.726743,26.077993],[111.731445,26.076471],[111.737031,26.076946],[111.745023,26.089212],[111.744138,26.091443],[111.738501,26.094842],[111.745137,26.103178],[111.746788,26.10849],[111.75284,26.110428],[111.77109,26.108429],[111.775731,26.111711],[111.78371,26.122355],[111.789337,26.122758],[111.792388,26.12475],[111.791921,26.127156],[111.781422,26.132743],[111.783,26.135322],[111.789633,26.137868],[111.786642,26.141979],[111.785351,26.148553],[111.78007,26.152445],[111.78001,26.155995],[111.795494,26.155464],[111.802557,26.158505],[111.809064,26.157352],[111.814473,26.163836],[111.821228,26.165238],[111.844485,26.165296],[111.848729,26.154917],[111.85934,26.138028],[111.869712,26.133024],[111.892174,26.11707],[111.901561,26.113781],[111.90767,26.108029],[111.910838,26.108382],[111.915362,26.112372],[111.930162,26.10675],[111.935577,26.110131],[111.943514,26.109967],[111.960693,26.121735],[111.968611,26.117928],[111.983679,26.106468],[111.986159,26.102602],[111.979603,26.088918],[111.978531,26.076174],[111.979645,26.066965],[111.977296,26.044318],[111.979161,26.041975],[111.978396,26.037415],[111.979622,26.035011],[111.977711,26.029926],[111.973498,26.026735],[111.971215,26.022523],[111.965586,26.019432],[111.960224,26.019221],[111.957056,26.020792],[111.95447,26.025913],[111.952056,26.02664],[111.943658,26.022459],[111.937986,26.017409],[111.931379,26.020528],[111.925654,26.017085],[111.924675,26.015502],[111.926264,26.007905],[111.923345,26.002696],[111.920269,25.989546],[111.911689,25.972794],[111.905203,25.935021],[111.899606,25.931658],[111.892917,25.930663],[111.882788,25.931699],[111.876321,25.928425],[111.874897,25.895394],[111.878024,25.863734],[111.883355,25.851256],[111.882531,25.849379],[111.864693,25.840608],[111.850197,25.818699],[111.835557,25.80944],[111.821199,25.758406],[111.815694,25.753873],[111.806822,25.75069],[111.805306,25.743277],[111.797758,25.739455],[111.795466,25.739702],[111.791311,25.74578],[111.787209,25.745634],[111.78718,25.741226],[111.790197,25.735934],[111.789202,25.730036],[111.788143,25.728897],[111.783289,25.729307],[111.784096,25.721689],[111.775414,25.716014],[111.770962,25.710899],[111.765456,25.708828],[111.761184,25.697611],[111.762427,25.692841],[111.758772,25.679329],[111.755637,25.674853],[111.751146,25.67302],[111.740645,25.662944],[111.743864,25.656704],[111.734949,25.644942],[111.725974,25.637153],[111.706973,25.639712],[111.702836,25.638536],[111.694521,25.629393],[111.68697,25.624095],[111.686443,25.620323],[111.695456,25.608461],[111.694386,25.604079],[111.690983,25.601418],[111.688453,25.600699],[111.6773,25.605841],[111.673052,25.618416],[111.665139,25.624022],[111.664147,25.627126],[111.668615,25.632223],[111.66883,25.634594],[111.667628,25.636239],[111.657954,25.638454],[111.657542,25.646636],[111.641084,25.652731],[111.629587,25.669917],[111.623074,25.671637],[111.617171,25.676216],[111.610361,25.677314],[111.607609,25.679827],[111.605156,25.687541],[111.608127,25.692859],[111.606862,25.695762],[111.604045,25.695657],[111.599974,25.685381],[111.595064,25.684611],[111.589844,25.687593],[111.586711,25.696944],[111.588206,25.70208],[111.585263,25.711594],[111.588286,25.717624],[111.587273,25.719831],[111.577297,25.721564],[111.570995,25.730744],[111.568947,25.748094],[111.578924,25.766156],[111.569,25.777118],[111.574348,25.783906],[111.57386,25.78748],[111.570021,25.78805],[111.560397,25.785474],[111.547139,25.789182],[111.544855,25.800824],[111.537915,25.805242],[111.53497,25.809455],[111.538791,25.81763],[111.536903,25.820303],[111.532262,25.820332],[111.525609,25.813437],[111.514616,25.81125],[111.500674,25.816914],[111.495516,25.823954],[111.478021,25.836463],[111.468765,25.838916],[111.458613,25.843904],[111.456881,25.848087]]]}},{"type":"Feature","properties":{"dt_adcode":"431124"},"geometry":{"type":"Polygon","coordinates":[[[111.73643,25.64684],[111.736835,25.642075],[111.733406,25.632372],[111.733249,25.626532],[111.744439,25.62511],[111.753384,25.620164],[111.754291,25.617529],[111.750807,25.609176],[111.752621,25.603786],[111.749912,25.592558],[111.753148,25.58706],[111.765603,25.59152],[111.76469,25.599597],[111.770852,25.604166],[111.773237,25.609892],[111.781867,25.619286],[111.788868,25.623585],[111.794179,25.630949],[111.793394,25.642006],[111.795086,25.643708],[111.803709,25.640609],[111.813829,25.640735],[111.815291,25.637873],[111.814826,25.630443],[111.816699,25.626622],[111.830989,25.619478],[111.826787,25.606582],[111.832529,25.601652],[111.837995,25.599954],[111.839398,25.587233],[111.849549,25.576299],[111.850397,25.570276],[111.848959,25.564154],[111.841457,25.547581],[111.831884,25.537566],[111.828913,25.523951],[111.817651,25.521964],[111.81507,25.51747],[111.81169,25.515393],[111.801269,25.514794],[111.792684,25.517581],[111.78936,25.516899],[111.787981,25.509068],[111.789937,25.503627],[111.799018,25.504873],[111.79632,25.498458],[111.796741,25.495223],[111.790726,25.489152],[111.77961,25.482428],[111.769903,25.470565],[111.761667,25.450571],[111.761189,25.436345],[111.765806,25.433331],[111.785659,25.434045],[111.800569,25.440775],[111.813393,25.453827],[111.817292,25.45521],[111.825374,25.45474],[111.830216,25.45147],[111.836997,25.432228],[111.854789,25.360154],[111.863686,25.346071],[111.882413,25.301997],[111.887529,25.299171],[111.902476,25.306134],[111.904403,25.304645],[111.904931,25.297716],[111.913403,25.288269],[111.915746,25.281931],[111.914974,25.278066],[111.90867,25.267846],[111.90755,25.26262],[111.911829,25.255021],[111.9168,25.249257],[111.921556,25.247131],[111.924797,25.241546],[111.91888,25.237192],[111.918445,25.234712],[111.924704,25.225922],[111.925291,25.218111],[111.906964,25.202961],[111.90062,25.195733],[111.877099,25.188808],[111.866317,25.175638],[111.844337,25.175996],[111.839374,25.173754],[111.812588,25.155771],[111.810301,25.151994],[111.806419,25.15061],[111.798022,25.153624],[111.785411,25.172512],[111.775413,25.181819],[111.770816,25.184836],[111.744125,25.194834],[111.74059,25.198708],[111.737577,25.214047],[111.735197,25.216249],[111.731313,25.218761],[111.717989,25.220632],[111.707817,25.227848],[111.70313,25.233618],[111.696574,25.258534],[111.689676,25.264663],[111.683013,25.267465],[111.676071,25.277041],[111.665171,25.284455],[111.658647,25.295246],[111.647227,25.298779],[111.634332,25.298576],[111.625735,25.301822],[111.623737,25.305815],[111.628256,25.313736],[111.628187,25.316474],[111.621148,25.323051],[111.614632,25.325415],[111.60012,25.322378],[111.596344,25.318458],[111.593236,25.310691],[111.595379,25.302774],[111.59882,25.298997],[111.594885,25.296179],[111.593019,25.298298],[111.574236,25.299349],[111.571644,25.306234],[111.565073,25.304393],[111.563817,25.310981],[111.552814,25.320619],[111.542991,25.316647],[111.538714,25.312958],[111.534869,25.306606],[111.52351,25.299274],[111.518048,25.299661],[111.512371,25.305819],[111.499871,25.30147],[111.493367,25.293924],[111.487913,25.271534],[111.482525,25.26516],[111.472896,25.262519],[111.46811,25.268616],[111.468508,25.275864],[111.473703,25.279375],[111.472435,25.286632],[111.476718,25.293689],[111.476369,25.299086],[111.467474,25.307967],[111.464064,25.314581],[111.464802,25.318617],[111.4634,25.323164],[111.464856,25.341701],[111.47062,25.341306],[111.470893,25.336938],[111.472501,25.335573],[111.475747,25.338212],[111.473047,25.345917],[111.475109,25.346806],[111.473265,25.349325],[111.462786,25.354899],[111.460933,25.362153],[111.455839,25.365234],[111.456212,25.369452],[111.447867,25.374868],[111.439735,25.385535],[111.436562,25.3946],[111.428348,25.391947],[111.420364,25.3921],[111.406594,25.4032],[111.403563,25.403644],[111.390746,25.401678],[111.385112,25.394645],[111.369919,25.393223],[111.36992,25.404393],[111.361319,25.410265],[111.352567,25.435993],[111.344708,25.443154],[111.339069,25.450874],[111.311697,25.473829],[111.305023,25.477146],[111.313923,25.488951],[111.315624,25.487882],[111.318229,25.495652],[111.321428,25.49612],[111.322587,25.500744],[111.321544,25.502891],[111.323144,25.504281],[111.328125,25.521443],[111.327724,25.537396],[111.323869,25.548854],[111.324906,25.56413],[111.33685,25.595809],[111.343309,25.604547],[111.339602,25.612674],[111.334702,25.618361],[111.317643,25.631271],[111.310002,25.64494],[111.309777,25.658067],[111.313442,25.672545],[111.313921,25.682646],[111.308744,25.692341],[111.307849,25.718483],[111.315047,25.723227],[111.318685,25.729521],[111.327294,25.732717],[111.342578,25.728751],[111.362829,25.734814],[111.370172,25.733569],[111.376174,25.737865],[111.391363,25.740838],[111.399593,25.744614],[111.416079,25.7682],[111.424212,25.76913],[111.428021,25.766843],[111.432853,25.766617],[111.440216,25.769607],[111.442236,25.772133],[111.44228,25.778086],[111.436074,25.813589],[111.433264,25.818548],[111.427122,25.821955],[111.425058,25.826244],[111.429571,25.841179],[111.433266,25.846275],[111.456881,25.848087],[111.458613,25.843904],[111.468765,25.838916],[111.478021,25.836463],[111.495516,25.823954],[111.500674,25.816914],[111.514616,25.81125],[111.525609,25.813437],[111.532262,25.820332],[111.536903,25.820303],[111.538791,25.81763],[111.53497,25.809455],[111.537915,25.805242],[111.544855,25.800824],[111.547139,25.789182],[111.560397,25.785474],[111.570021,25.78805],[111.57386,25.78748],[111.574348,25.783906],[111.569,25.777118],[111.578924,25.766156],[111.568947,25.748094],[111.570995,25.730744],[111.577297,25.721564],[111.587273,25.719831],[111.588286,25.717624],[111.585263,25.711594],[111.588206,25.70208],[111.586711,25.696944],[111.589844,25.687593],[111.595064,25.684611],[111.599974,25.685381],[111.604045,25.695657],[111.606862,25.695762],[111.608127,25.692859],[111.605156,25.687541],[111.607609,25.679827],[111.610361,25.677314],[111.617171,25.676216],[111.623074,25.671637],[111.629587,25.669917],[111.641084,25.652731],[111.647611,25.649325],[111.656273,25.647776],[111.657542,25.646636],[111.657954,25.638454],[111.667628,25.636239],[111.668615,25.632223],[111.664147,25.627126],[111.665139,25.624022],[111.673052,25.618416],[111.6773,25.605841],[111.688453,25.600699],[111.694386,25.604079],[111.69525,25.609597],[111.686007,25.621867],[111.687727,25.625065],[111.694521,25.629393],[111.702836,25.638536],[111.706973,25.639712],[111.725974,25.637153],[111.73643,25.64684]]]}},{"type":"Feature","properties":{"dt_adcode":"431125"},"geometry":{"type":"Polygon","coordinates":[[[111.305023,25.477146],[111.311697,25.473829],[111.339069,25.450874],[111.344708,25.443154],[111.352567,25.435993],[111.361319,25.410265],[111.36992,25.404393],[111.369919,25.393223],[111.385112,25.394645],[111.390746,25.401678],[111.403563,25.403644],[111.406594,25.4032],[111.420364,25.3921],[111.428348,25.391947],[111.436562,25.3946],[111.439735,25.385535],[111.447867,25.374868],[111.456212,25.369452],[111.455839,25.365234],[111.460933,25.362153],[111.462786,25.354899],[111.472382,25.349994],[111.475109,25.346806],[111.473047,25.345917],[111.475747,25.338212],[111.472501,25.335573],[111.470893,25.336938],[111.47062,25.341306],[111.464856,25.341701],[111.465099,25.335754],[111.463521,25.332873],[111.464583,25.331507],[111.464064,25.314581],[111.468534,25.306014],[111.473791,25.302136],[111.476729,25.296555],[111.476157,25.292006],[111.472814,25.288991],[111.473703,25.279375],[111.468508,25.275864],[111.46811,25.268616],[111.470063,25.265244],[111.464989,25.26305],[111.461431,25.255796],[111.466631,25.250732],[111.466932,25.229329],[111.462152,25.2232],[111.446223,25.21223],[111.445908,25.209853],[111.453666,25.190791],[111.458256,25.187131],[111.462093,25.18753],[111.465639,25.192127],[111.468096,25.192673],[111.491547,25.190295],[111.49507,25.189574],[111.498057,25.186692],[111.498257,25.182725],[111.508266,25.161509],[111.505528,25.150098],[111.499515,25.144839],[111.496173,25.136833],[111.496234,25.132136],[111.503495,25.123776],[111.502732,25.117729],[111.499989,25.113918],[111.500637,25.112321],[111.514322,25.118751],[111.522987,25.127242],[111.530423,25.1281],[111.541531,25.119409],[111.542231,25.111093],[111.539893,25.106169],[111.532126,25.095805],[111.522577,25.091508],[111.509655,25.091788],[111.502869,25.088405],[111.501103,25.085005],[111.500661,25.077015],[111.501985,25.073608],[111.499473,25.050822],[111.478221,25.046148],[111.475121,25.044084],[111.465317,25.023808],[111.452962,25.024957],[111.439336,25.027481],[111.423418,25.035502],[111.418359,25.041465],[111.41658,25.047664],[111.418821,25.065582],[111.435447,25.093399],[111.436705,25.098452],[111.433921,25.102353],[111.429115,25.103495],[111.412694,25.100712],[111.407883,25.102998],[111.40282,25.107579],[111.399754,25.124568],[111.395184,25.128461],[111.387083,25.13027],[111.373788,25.127593],[111.369629,25.118724],[111.36788,25.10884],[111.360371,25.103081],[111.354732,25.100999],[111.347161,25.101133],[111.321789,25.104933],[111.318822,25.109811],[111.310963,25.116163],[111.29672,25.122059],[111.29064,25.131967],[111.289084,25.142474],[111.287162,25.145208],[111.280187,25.1499],[111.27478,25.151154],[111.263219,25.143821],[111.264775,25.138717],[111.26374,25.13361],[111.261889,25.131834],[111.257962,25.128873],[111.247521,25.127839],[111.225827,25.110326],[111.222053,25.106412],[111.219311,25.093543],[111.20669,25.084995],[111.200775,25.074645],[111.167187,25.060587],[111.152837,25.050676],[111.149324,25.045614],[111.140017,25.042413],[111.12301,25.04258],[111.103914,25.037704],[111.101838,25.035189],[111.107908,25.009732],[111.10206,24.982313],[111.09695,24.974876],[111.099096,24.966514],[111.100424,24.945719],[111.097426,24.940883],[111.08609,24.941135],[111.077567,24.937353],[111.06206,24.933926],[111.050261,24.928279],[111.038231,24.929212],[111.030354,24.931965],[111.023304,24.931502],[111.018545,24.929786],[111.014535,24.92378],[111.009331,24.920951],[111.00345,24.92146],[110.997538,24.927158],[110.982587,24.914887],[110.979128,24.914704],[110.980714,24.920706],[110.983729,24.924175],[110.991268,24.924054],[110.994919,24.930351],[110.994839,24.931792],[110.989188,24.932352],[110.987262,24.938757],[110.992101,24.95901],[110.985556,24.966023],[110.973451,24.968284],[110.969,24.971824],[110.968773,24.975524],[110.97516,24.980832],[110.975457,24.987789],[110.959716,25.003733],[110.955415,25.016896],[110.957488,25.024894],[110.951707,25.043752],[110.956158,25.058784],[110.966698,25.073126],[110.961428,25.077849],[110.983935,25.101699],[110.983046,25.104989],[110.978733,25.10705],[110.977696,25.111338],[110.983709,25.120235],[110.982821,25.12667],[110.994484,25.146278],[111.001327,25.1517],[110.998948,25.161607],[111.002731,25.165764],[111.034606,25.179138],[111.04723,25.179022],[111.051611,25.186578],[111.067048,25.187644],[111.077881,25.201052],[111.086848,25.204352],[111.092629,25.208796],[111.102849,25.211019],[111.112769,25.217084],[111.113221,25.226555],[111.117363,25.232916],[111.117807,25.239281],[111.10981,25.252749],[111.110853,25.261851],[111.103445,25.281237],[111.103298,25.285084],[111.113521,25.291666],[111.119512,25.290849],[111.138449,25.303557],[111.155457,25.324358],[111.163878,25.342395],[111.169722,25.346268],[111.171127,25.353959],[111.178002,25.360382],[111.181843,25.366589],[111.185163,25.367249],[111.210517,25.363506],[111.227973,25.375434],[111.235219,25.377055],[111.242174,25.387852],[111.251058,25.3941],[111.257503,25.395949],[111.256913,25.407637],[111.262764,25.418775],[111.263355,25.423215],[111.268909,25.425732],[111.278245,25.422779],[111.280845,25.430104],[111.288629,25.432331],[111.3002,25.448326],[111.301976,25.455985],[111.300862,25.469743],[111.305023,25.477146]]]}},{"type":"Feature","properties":{"dt_adcode":"431126"},"geometry":{"type":"Polygon","coordinates":[[[112.238843,25.603894],[112.222743,25.614971],[112.211233,25.606928],[112.20522,25.604534],[112.194954,25.606534],[112.187808,25.606048],[112.15692,25.575504],[112.123971,25.555274],[112.114176,25.554004],[112.106606,25.547877],[112.104564,25.539763],[112.08448,25.525747],[112.081369,25.521325],[112.080874,25.517908],[112.083281,25.515158],[112.083264,25.512136],[112.07957,25.506946],[112.074207,25.503111],[112.061845,25.501048],[112.055539,25.494731],[112.052737,25.491211],[112.051057,25.478431],[112.045219,25.478754],[112.040799,25.488193],[112.035524,25.489171],[112.030153,25.485327],[112.027201,25.476064],[112.031806,25.472004],[112.032578,25.468982],[112.030132,25.464488],[112.032064,25.461737],[112.037041,25.460652],[112.039445,25.461931],[112.039273,25.466232],[112.043093,25.468402],[112.076421,25.462989],[112.079958,25.459109],[112.076925,25.455832],[112.056893,25.456728],[112.05183,25.453561],[112.049846,25.447234],[112.051492,25.442129],[112.053027,25.44144],[112.065838,25.441996],[112.076976,25.438819],[112.079409,25.433625],[112.068379,25.425279],[112.0687,25.422732],[112.087281,25.405353],[112.093438,25.395571],[112.091058,25.390653],[112.080704,25.388024],[112.077462,25.381771],[112.078408,25.366544],[112.087268,25.337759],[112.086771,25.313184],[112.081905,25.301965],[112.08874,25.283871],[112.088957,25.272819],[112.086767,25.266969],[112.084074,25.264823],[112.068214,25.263193],[112.064962,25.260386],[112.063136,25.256121],[112.062221,25.239846],[112.051417,25.230792],[112.043455,25.236257],[112.041928,25.233676],[112.036873,25.230988],[112.031281,25.231891],[112.017401,25.228058],[112.016008,25.226296],[112.013796,25.20798],[112.00486,25.204834],[111.997032,25.197574],[111.992847,25.198885],[111.990897,25.208166],[111.980904,25.212248],[111.981134,25.215487],[111.969228,25.222113],[111.964223,25.221694],[111.9599,25.215708],[111.951727,25.214312],[111.94057,25.218431],[111.939637,25.222828],[111.931043,25.226003],[111.929149,25.229148],[111.924704,25.225922],[111.921567,25.228792],[111.918445,25.234712],[111.91888,25.237192],[111.924797,25.241546],[111.921556,25.247131],[111.9168,25.249257],[111.911829,25.255021],[111.90755,25.26262],[111.90867,25.267846],[111.914974,25.278066],[111.915746,25.281931],[111.913403,25.288269],[111.904931,25.297716],[111.904403,25.304645],[111.902476,25.306134],[111.891137,25.299885],[111.887529,25.299171],[111.882413,25.301997],[111.863686,25.346071],[111.854789,25.360154],[111.836997,25.432228],[111.830216,25.45147],[111.825374,25.45474],[111.817292,25.45521],[111.813393,25.453827],[111.800569,25.440775],[111.785659,25.434045],[111.765806,25.433331],[111.761189,25.436345],[111.761667,25.450571],[111.769903,25.470565],[111.77961,25.482428],[111.790726,25.489152],[111.796741,25.495223],[111.79632,25.498458],[111.799018,25.504873],[111.789937,25.503627],[111.787981,25.509068],[111.78936,25.516899],[111.792684,25.517581],[111.801269,25.514794],[111.81169,25.515393],[111.81507,25.51747],[111.817651,25.521964],[111.828913,25.523951],[111.831884,25.537566],[111.841457,25.547581],[111.850397,25.570276],[111.849549,25.576299],[111.839398,25.587233],[111.837995,25.599954],[111.832529,25.601652],[111.826787,25.606582],[111.830989,25.619478],[111.816699,25.626622],[111.814826,25.630443],[111.815291,25.637873],[111.813829,25.640735],[111.803709,25.640609],[111.798034,25.64331],[111.793821,25.642959],[111.794179,25.630949],[111.788868,25.623585],[111.781867,25.619286],[111.773237,25.609892],[111.770852,25.604166],[111.76469,25.599597],[111.765603,25.59152],[111.754311,25.587139],[111.751599,25.588126],[111.749912,25.592558],[111.752621,25.603786],[111.750807,25.609176],[111.754291,25.617529],[111.753384,25.620164],[111.744439,25.62511],[111.73533,25.625628],[111.73297,25.628369],[111.736835,25.642075],[111.73643,25.64684],[111.743864,25.656704],[111.740645,25.662944],[111.751146,25.67302],[111.755637,25.674853],[111.758772,25.679329],[111.762427,25.692841],[111.761184,25.697611],[111.765456,25.708828],[111.770962,25.710899],[111.775414,25.716014],[111.784096,25.721689],[111.783289,25.729307],[111.788143,25.728897],[111.789202,25.730036],[111.790197,25.735934],[111.78718,25.741226],[111.787209,25.745634],[111.791311,25.74578],[111.795466,25.739702],[111.797758,25.739455],[111.805306,25.743277],[111.806822,25.75069],[111.815694,25.753873],[111.821199,25.758406],[111.835557,25.80944],[111.850197,25.818699],[111.864693,25.840608],[111.882531,25.849379],[111.883355,25.851256],[111.878024,25.863734],[111.874897,25.895394],[111.876321,25.928425],[111.882788,25.931699],[111.892917,25.930663],[111.899606,25.931658],[111.905203,25.935021],[111.911689,25.972794],[111.920269,25.989546],[111.923345,26.002696],[111.926264,26.007905],[111.924675,26.015502],[111.925654,26.017085],[111.931379,26.020528],[111.937986,26.017409],[111.943658,26.022459],[111.952056,26.02664],[111.95447,26.025913],[111.956163,26.02145],[111.960224,26.019221],[111.965586,26.019432],[111.971215,26.022523],[111.973498,26.026735],[111.977711,26.029926],[111.979622,26.035011],[111.978396,26.037415],[111.979161,26.041975],[111.977296,26.044318],[111.979645,26.066965],[111.978531,26.076174],[111.979603,26.088918],[111.985506,26.099256],[111.993282,26.096756],[112.001937,26.090621],[112.009008,26.089938],[112.017255,26.095184],[112.027093,26.093131],[112.033152,26.094204],[112.035155,26.097612],[112.03015,26.103406],[112.042876,26.107608],[112.043225,26.124243],[112.04487,26.129764],[112.048873,26.135113],[112.053823,26.134831],[112.069567,26.125729],[112.076437,26.119533],[112.070701,26.114371],[112.063551,26.118134],[112.053755,26.113267],[112.051564,26.109607],[112.053693,26.106357],[112.05413,26.101603],[112.046156,26.095164],[112.04611,26.089982],[112.054234,26.086486],[112.05386,26.080903],[112.055911,26.078151],[112.077826,26.071452],[112.078461,26.062378],[112.093403,26.047162],[112.09039,26.040056],[112.09385,26.035129],[112.097712,26.013483],[112.104664,26.004426],[112.107406,25.991411],[112.11517,25.982019],[112.114284,25.977176],[112.107404,25.966604],[112.109399,25.957287],[112.108661,25.953888],[112.094746,25.936472],[112.092306,25.929446],[112.092974,25.925749],[112.094971,25.924492],[112.104807,25.934626],[112.116641,25.939428],[112.118714,25.937948],[112.118861,25.92131],[112.114124,25.907485],[112.113021,25.893548],[112.110722,25.888151],[112.110652,25.877652],[112.098223,25.86497],[112.093777,25.854544],[112.094966,25.850699],[112.097111,25.849368],[112.103769,25.850183],[112.107249,25.852475],[112.113088,25.851734],[112.113902,25.836539],[112.112053,25.820788],[112.105545,25.807918],[112.095258,25.79955],[112.087972,25.786869],[112.086216,25.776627],[112.088264,25.751921],[112.090956,25.745028],[112.100585,25.739033],[112.106634,25.738224],[112.126089,25.741657],[112.140202,25.752586],[112.144049,25.752285],[112.145522,25.748733],[112.147445,25.748287],[112.151951,25.75072],[112.156083,25.750195],[112.156966,25.744277],[112.150468,25.733825],[112.144264,25.729323],[112.128473,25.727393],[112.148993,25.70921],[112.147182,25.697234],[112.135068,25.696769],[112.13329,25.694221],[112.13355,25.688414],[112.138317,25.686209],[112.144452,25.690953],[112.147511,25.691132],[112.165052,25.687127],[112.171401,25.68194],[112.171322,25.673509],[112.17981,25.670608],[112.18181,25.659918],[112.186019,25.660131],[112.185942,25.674034],[112.19547,25.682672],[112.198269,25.695867],[112.201076,25.700371],[112.220945,25.691248],[112.233952,25.695829],[112.236217,25.697842],[112.236281,25.700219],[112.242552,25.697952],[112.243732,25.692174],[112.242241,25.686225],[112.245631,25.672074],[112.257918,25.650476],[112.258872,25.643194],[112.257448,25.634073],[112.238843,25.603894]],[[112.098886,25.919863],[112.086694,25.920743],[112.085324,25.915242],[112.094245,25.911159],[112.100802,25.913296],[112.102203,25.910307],[112.107167,25.912653],[112.106935,25.917221],[112.10372,25.919927],[112.102816,25.923111],[112.098886,25.919863]],[[112.078491,25.814652],[112.075696,25.81391],[112.069263,25.807738],[112.06812,25.81146],[112.064831,25.811559],[112.062898,25.813761],[112.063783,25.81951],[112.058195,25.822382],[112.046319,25.815659],[112.050123,25.811425],[112.049244,25.80584],[112.057022,25.805343],[112.059251,25.807485],[112.06105,25.805132],[112.060579,25.801513],[112.062855,25.799675],[112.066134,25.800783],[112.065349,25.803465],[112.068948,25.80419],[112.069786,25.806471],[112.077308,25.805951],[112.07996,25.812469],[112.082941,25.812829],[112.078491,25.814652]],[[112.074558,25.796961],[112.074825,25.792432],[112.078491,25.793215],[112.076693,25.796756],[112.074558,25.796961]]]}},{"type":"Feature","properties":{"dt_adcode":"431127"},"geometry":{"type":"Polygon","coordinates":[[[111.980904,25.212248],[111.990897,25.208166],[111.992847,25.198885],[111.997032,25.197574],[111.999361,25.198457],[112.00486,25.204834],[112.013796,25.20798],[112.016008,25.226296],[112.017401,25.228058],[112.031281,25.231891],[112.036873,25.230988],[112.041928,25.233676],[112.043455,25.236257],[112.051417,25.230792],[112.062221,25.239846],[112.063136,25.256121],[112.064962,25.260386],[112.068214,25.263193],[112.084074,25.264823],[112.086767,25.266969],[112.088957,25.272819],[112.08874,25.283871],[112.081905,25.301965],[112.086771,25.313184],[112.087268,25.337759],[112.078408,25.366544],[112.077462,25.381771],[112.080704,25.388024],[112.091058,25.390653],[112.093438,25.395571],[112.087281,25.405353],[112.0687,25.422732],[112.068379,25.425279],[112.079409,25.433625],[112.076976,25.438819],[112.065838,25.441996],[112.053027,25.44144],[112.051492,25.442129],[112.049846,25.447234],[112.05183,25.453561],[112.056893,25.456728],[112.076925,25.455832],[112.079958,25.459109],[112.076421,25.462989],[112.043093,25.468402],[112.039273,25.466232],[112.039445,25.461931],[112.037041,25.460652],[112.032064,25.461737],[112.030132,25.464488],[112.032578,25.468982],[112.031806,25.472004],[112.027201,25.476064],[112.027732,25.479942],[112.032364,25.487735],[112.035524,25.489171],[112.040799,25.488193],[112.045219,25.478754],[112.051057,25.478431],[112.052737,25.491211],[112.055539,25.494731],[112.061845,25.501048],[112.074207,25.503111],[112.07957,25.506946],[112.083264,25.512136],[112.083281,25.515158],[112.080874,25.517908],[112.08448,25.525747],[112.104564,25.539763],[112.106606,25.547877],[112.112318,25.552995],[112.123971,25.555274],[112.15692,25.575504],[112.187808,25.606048],[112.194954,25.606534],[112.20522,25.604534],[112.211233,25.606928],[112.222743,25.614971],[112.228672,25.612546],[112.238843,25.603894],[112.238427,25.599656],[112.240951,25.593727],[112.246936,25.586739],[112.260501,25.582337],[112.260787,25.577083],[112.257679,25.573035],[112.246267,25.567594],[112.246501,25.564609],[112.250986,25.559006],[112.258702,25.556276],[112.270302,25.554885],[112.275896,25.556244],[112.285792,25.555757],[112.296934,25.548844],[112.305482,25.55141],[112.310804,25.550945],[112.312718,25.548645],[112.315481,25.548684],[112.315204,25.544581],[112.319782,25.542923],[112.318796,25.539214],[112.324413,25.528063],[112.322337,25.525782],[112.326925,25.526077],[112.331857,25.530369],[112.334916,25.528692],[112.341773,25.530369],[112.342891,25.537733],[112.357827,25.541657],[112.369916,25.539414],[112.372406,25.530043],[112.371462,25.524699],[112.367944,25.520451],[112.372164,25.512065],[112.392027,25.490953],[112.393912,25.48391],[112.398019,25.476868],[112.400015,25.457189],[112.411812,25.440603],[112.420645,25.435506],[112.426891,25.423298],[112.44167,25.404658],[112.441603,25.399501],[112.426448,25.398502],[112.421153,25.395131],[112.421351,25.393604],[112.433633,25.380739],[112.45519,25.381096],[112.458204,25.378319],[112.458429,25.375103],[112.452547,25.365498],[112.444464,25.362733],[112.440445,25.366402],[112.432865,25.368398],[112.431532,25.361729],[112.419999,25.339061],[112.409524,25.325793],[112.40316,25.320312],[112.394007,25.314607],[112.386076,25.313152],[112.374908,25.30081],[112.362214,25.298175],[112.353049,25.292229],[112.345169,25.289261],[112.344881,25.284671],[112.357592,25.278635],[112.355412,25.263975],[112.360498,25.258543],[112.356967,25.250905],[112.357611,25.24427],[112.368148,25.232708],[112.368086,25.222832],[112.361591,25.210037],[112.364894,25.199517],[112.364189,25.191716],[112.352562,25.187975],[112.332418,25.174563],[112.323554,25.173269],[112.315145,25.175027],[112.307048,25.164794],[112.307404,25.158509],[112.302552,25.157199],[112.286984,25.158993],[112.281354,25.164929],[112.274395,25.16287],[112.269566,25.164236],[112.256056,25.159373],[112.254929,25.173464],[112.251736,25.17539],[112.246564,25.184953],[112.201746,25.18579],[112.197484,25.187208],[112.190112,25.184799],[112.187159,25.182155],[112.192944,25.17125],[112.1872,25.161394],[112.186958,25.156442],[112.183319,25.148859],[112.184523,25.142186],[112.174146,25.129505],[112.177454,25.123189],[112.177115,25.107388],[112.172238,25.100187],[112.165828,25.085002],[112.163393,25.069399],[112.156428,25.063931],[112.152174,25.055964],[112.152572,25.053676],[112.147131,25.054089],[112.134401,25.047649],[112.126576,25.046662],[112.12266,25.050871],[112.117381,25.052119],[112.1107,25.044785],[112.104611,25.029906],[112.097153,25.028452],[112.089871,25.032902],[112.08797,25.032147],[112.083512,25.029024],[112.074024,25.015184],[112.069863,25.012946],[112.054835,25.015871],[112.043288,25.021622],[112.03381,25.021446],[112.029166,25.019362],[112.02821,25.034415],[112.024993,25.040427],[111.999597,25.038776],[111.993554,25.045252],[111.985614,25.047985],[111.981713,25.046587],[111.976072,25.038617],[111.975827,25.024372],[111.970343,25.011333],[111.963702,25.007098],[111.959134,25.007117],[111.939924,25.011399],[111.933927,25.02714],[111.917509,25.042316],[111.914332,25.054684],[111.917817,25.093811],[111.918816,25.100652],[111.927651,25.122],[111.932092,25.123823],[111.941244,25.120554],[111.944931,25.12242],[111.948253,25.126376],[111.957344,25.150939],[111.969317,25.155113],[111.974749,25.159263],[111.978701,25.166848],[111.979164,25.179411],[111.972587,25.198361],[111.975158,25.204832],[111.980904,25.212248]]]}},{"type":"Feature","properties":{"dt_adcode":"431128"},"geometry":{"type":"MultiPolygon","coordinates":[[[[112.242189,25.688104],[112.24346,25.691455],[112.245798,25.692495],[112.251918,25.689114],[112.249255,25.685994],[112.243053,25.684846],[112.242189,25.688104]]],[[[112.074825,25.792432],[112.075483,25.797352],[112.078491,25.793215],[112.076435,25.793678],[112.076177,25.7918],[112.074825,25.792432]]],[[[112.077308,25.805951],[112.069786,25.806471],[112.068948,25.80419],[112.065349,25.803465],[112.066134,25.800783],[112.061981,25.799953],[112.059251,25.807485],[112.057022,25.805343],[112.049244,25.80584],[112.050123,25.811425],[112.046561,25.816268],[112.050393,25.817044],[112.051606,25.819539],[112.056982,25.822526],[112.063783,25.81951],[112.062898,25.813761],[112.064831,25.811559],[112.06812,25.81146],[112.069263,25.807738],[112.076425,25.814285],[112.082869,25.813382],[112.07996,25.812469],[112.077308,25.805951]]],[[[112.235206,26.097712],[112.240601,26.093309],[112.246821,26.092512],[112.251697,26.089579],[112.261853,26.092865],[112.271135,26.089054],[112.28083,26.096954],[112.284115,26.102416],[112.291641,26.099959],[112.294291,26.092569],[112.297577,26.090403],[112.301811,26.091875],[112.306576,26.097135],[112.312228,26.099023],[112.321812,26.093759],[112.335815,26.076651],[112.336641,26.072487],[112.333639,26.066203],[112.33142,26.047531],[112.328567,26.039044],[112.318147,26.022572],[112.31605,26.022292],[112.311718,26.016474],[112.307904,26.018704],[112.311266,26.023408],[112.309956,26.024054],[112.305709,26.019039],[112.303519,26.018576],[112.303358,26.017377],[112.306782,26.017034],[112.299057,26.010748],[112.301546,26.005001],[112.298328,26.00153],[112.298199,25.997788],[112.294809,25.994934],[112.294723,25.993507],[112.299444,25.992774],[112.30223,25.986317],[112.300404,25.978748],[112.296572,25.973549],[112.293002,25.974295],[112.301002,25.968041],[112.301042,25.964061],[112.30397,25.962418],[112.304537,25.965435],[112.311529,25.962418],[112.308959,25.958803],[112.299326,25.962508],[112.297455,25.959066],[112.304489,25.953977],[112.311741,25.955542],[112.312471,25.949576],[112.316776,25.944057],[112.317001,25.938318],[112.315201,25.935799],[112.305766,25.936047],[112.296819,25.931479],[112.267858,25.900346],[112.265026,25.89393],[112.267796,25.887952],[112.272104,25.886333],[112.288663,25.886287],[112.304877,25.890811],[112.318494,25.88943],[112.334019,25.885268],[112.336838,25.885719],[112.343509,25.893967],[112.349711,25.906576],[112.357112,25.908853],[112.360408,25.905861],[112.359572,25.894388],[112.368649,25.878297],[112.370622,25.868652],[112.377675,25.859452],[112.38331,25.860865],[112.387822,25.85902],[112.388337,25.857243],[112.385368,25.852076],[112.387295,25.847546],[112.379943,25.836935],[112.368806,25.837236],[112.366886,25.834596],[112.364904,25.83575],[112.361577,25.834116],[112.352315,25.836888],[112.351504,25.834809],[112.353839,25.832421],[112.357043,25.832444],[112.359877,25.827825],[112.359605,25.823874],[112.356308,25.821189],[112.357098,25.818265],[112.360384,25.814779],[112.365602,25.814079],[112.365586,25.812694],[112.361792,25.811018],[112.361711,25.809101],[112.373817,25.806639],[112.377076,25.803685],[112.387139,25.805257],[112.385731,25.793404],[112.386851,25.789356],[112.37703,25.760503],[112.377116,25.751847],[112.389993,25.744056],[112.392078,25.740316],[112.383519,25.730597],[112.361796,25.720175],[112.352082,25.712396],[112.343314,25.694282],[112.336425,25.690855],[112.321448,25.698461],[112.317943,25.706962],[112.317014,25.723262],[112.310579,25.728883],[112.30657,25.729763],[112.297389,25.730267],[112.292495,25.728413],[112.289146,25.723349],[112.280746,25.716455],[112.278119,25.711186],[112.247386,25.703944],[112.242552,25.697952],[112.236281,25.700219],[112.234411,25.696111],[112.223389,25.691614],[112.217183,25.691992],[112.201076,25.700371],[112.198269,25.695867],[112.19547,25.682672],[112.185942,25.674034],[112.186019,25.660131],[112.183949,25.659321],[112.181143,25.660806],[112.17981,25.670608],[112.171322,25.673509],[112.171401,25.68194],[112.165052,25.687127],[112.147511,25.691132],[112.144452,25.690953],[112.138317,25.686209],[112.13355,25.688414],[112.13329,25.694221],[112.135068,25.696769],[112.147182,25.697234],[112.148993,25.70921],[112.128473,25.727393],[112.144264,25.729323],[112.150468,25.733825],[112.156966,25.744277],[112.156083,25.750195],[112.151951,25.75072],[112.147445,25.748287],[112.145522,25.748733],[112.144049,25.752285],[112.140202,25.752586],[112.126089,25.741657],[112.106634,25.738224],[112.100585,25.739033],[112.090956,25.745028],[112.088264,25.751921],[112.086216,25.776627],[112.087972,25.786869],[112.095258,25.79955],[112.105545,25.807918],[112.112053,25.820788],[112.113902,25.836539],[112.113088,25.851734],[112.107249,25.852475],[112.103769,25.850183],[112.097111,25.849368],[112.094966,25.850699],[112.093777,25.854544],[112.098223,25.86497],[112.110652,25.877652],[112.110722,25.888151],[112.113021,25.893548],[112.114124,25.907485],[112.118861,25.92131],[112.119599,25.933955],[112.118714,25.937948],[112.116641,25.939428],[112.104807,25.934626],[112.096595,25.925232],[112.092974,25.925749],[112.092306,25.929446],[112.094746,25.936472],[112.108661,25.953888],[112.109399,25.957287],[112.107404,25.966604],[112.114284,25.977176],[112.11517,25.982019],[112.107406,25.991411],[112.104664,26.004426],[112.097712,26.013483],[112.09385,26.035129],[112.098963,26.033431],[112.103069,26.034897],[112.11369,26.041761],[112.138506,26.066412],[112.144486,26.066052],[112.153739,26.06944],[112.176243,26.089175],[112.191356,26.096891],[112.202141,26.098985],[112.207651,26.096512],[112.224534,26.110925],[112.229692,26.111859],[112.230282,26.107046],[112.235206,26.097712]]],[[[112.107167,25.912653],[112.102203,25.910307],[112.100802,25.913296],[112.094245,25.911159],[112.085324,25.915242],[112.085808,25.920054],[112.098224,25.91962],[112.102816,25.923111],[112.10372,25.919927],[112.106935,25.917221],[112.107167,25.912653]]]]}},{"type":"Feature","properties":{"dt_adcode":"431129"},"geometry":{"type":"Polygon","coordinates":[[[111.79425,24.774275],[111.78344,24.785775],[111.774629,24.786703],[111.761849,24.782107],[111.749603,24.781809],[111.742385,24.77922],[111.733275,24.780266],[111.708434,24.788828],[111.703984,24.778162],[111.701966,24.776552],[111.689589,24.778594],[111.681506,24.77444],[111.666429,24.760832],[111.639577,24.724734],[111.637811,24.715544],[111.643862,24.696497],[111.641661,24.684647],[111.636626,24.681385],[111.619287,24.683735],[111.597714,24.693899],[111.589153,24.690677],[111.580356,24.674709],[111.570692,24.644674],[111.560081,24.638918],[111.553235,24.646431],[111.546125,24.648793],[111.537904,24.643715],[111.536595,24.637431],[111.529884,24.636552],[111.521545,24.642174],[111.519034,24.64201],[111.514319,24.655121],[111.499224,24.667754],[111.485358,24.672957],[111.471582,24.674696],[111.468031,24.666719],[111.452831,24.664919],[111.451301,24.667746],[111.450923,24.67696],[111.44827,24.681955],[111.438196,24.680402],[111.431716,24.684293],[111.431534,24.687733],[111.435796,24.695336],[111.453193,24.717519],[111.455142,24.72457],[111.461483,24.729009],[111.464159,24.733861],[111.460596,24.747995],[111.467185,24.758067],[111.470425,24.773454],[111.475942,24.784016],[111.479441,24.797562],[111.477026,24.80831],[111.471122,24.820609],[111.452975,24.844197],[111.449422,24.857059],[111.46048,24.872217],[111.461477,24.87773],[111.459459,24.882324],[111.450647,24.886688],[111.447102,24.893118],[111.453135,24.904602],[111.4559,24.907131],[111.464996,24.910006],[111.469276,24.918923],[111.47022,24.928946],[111.459644,24.931936],[111.454091,24.937677],[111.446282,24.939285],[111.440214,24.944564],[111.431369,24.959717],[111.431092,24.972577],[111.433357,24.9797],[111.438396,24.984299],[111.458852,24.991562],[111.46735,25.002466],[111.468339,25.019443],[111.465317,25.023808],[111.475121,25.044084],[111.478221,25.046148],[111.499473,25.050822],[111.501985,25.073608],[111.500661,25.077015],[111.501103,25.085005],[111.502869,25.088405],[111.509655,25.091788],[111.522577,25.091508],[111.532126,25.095805],[111.542231,25.111093],[111.541531,25.119409],[111.530423,25.1281],[111.527904,25.128285],[111.522987,25.127242],[111.514322,25.118751],[111.500637,25.112321],[111.499989,25.113918],[111.502732,25.117729],[111.503495,25.123776],[111.496234,25.132136],[111.496173,25.136833],[111.499515,25.144839],[111.505528,25.150098],[111.508266,25.161509],[111.498257,25.182725],[111.498057,25.186692],[111.49507,25.189574],[111.491547,25.190295],[111.468096,25.192673],[111.465639,25.192127],[111.462093,25.18753],[111.458256,25.187131],[111.453666,25.190791],[111.445908,25.209853],[111.446223,25.21223],[111.462152,25.2232],[111.466932,25.229329],[111.466631,25.250732],[111.461431,25.255796],[111.46283,25.260264],[111.464989,25.26305],[111.470063,25.265244],[111.472896,25.262519],[111.475486,25.262336],[111.48438,25.266666],[111.487913,25.271534],[111.493367,25.293924],[111.499871,25.30147],[111.512371,25.305819],[111.518048,25.299661],[111.52351,25.299274],[111.534869,25.306606],[111.538714,25.312958],[111.542991,25.316647],[111.552814,25.320619],[111.563817,25.310981],[111.565073,25.304393],[111.571644,25.306234],[111.574236,25.299349],[111.593019,25.298298],[111.594885,25.296179],[111.59882,25.298997],[111.595379,25.302774],[111.593236,25.310691],[111.596344,25.318458],[111.60012,25.322378],[111.614632,25.325415],[111.621148,25.323051],[111.628187,25.316474],[111.628256,25.313736],[111.623737,25.305815],[111.625735,25.301822],[111.634332,25.298576],[111.647227,25.298779],[111.658647,25.295246],[111.665171,25.284455],[111.676071,25.277041],[111.683013,25.267465],[111.689676,25.264663],[111.696574,25.258534],[111.70313,25.233618],[111.707817,25.227848],[111.717989,25.220632],[111.731313,25.218761],[111.735197,25.216249],[111.737577,25.214047],[111.74059,25.198708],[111.744125,25.194834],[111.770816,25.184836],[111.775413,25.181819],[111.785411,25.172512],[111.798022,25.153624],[111.806419,25.15061],[111.810301,25.151994],[111.812588,25.155771],[111.839374,25.173754],[111.844337,25.175996],[111.866317,25.175638],[111.877099,25.188808],[111.90062,25.195733],[111.906964,25.202961],[111.925291,25.218111],[111.924704,25.225922],[111.927461,25.228778],[111.929149,25.229148],[111.931043,25.226003],[111.939637,25.222828],[111.941831,25.217649],[111.951727,25.214312],[111.9599,25.215708],[111.964223,25.221694],[111.96689,25.222341],[111.981134,25.215487],[111.981754,25.213391],[111.975158,25.204832],[111.972587,25.198361],[111.979164,25.179411],[111.978701,25.166848],[111.974749,25.159263],[111.969317,25.155113],[111.957344,25.150939],[111.948253,25.126376],[111.944931,25.12242],[111.941244,25.120554],[111.932092,25.123823],[111.927651,25.122],[111.918816,25.100652],[111.914332,25.054684],[111.916025,25.046311],[111.920774,25.038225],[111.933927,25.02714],[111.939924,25.011399],[111.963702,25.007098],[111.970343,25.011333],[111.975827,25.024372],[111.976072,25.038617],[111.981713,25.046587],[111.985614,25.047985],[111.993554,25.045252],[111.999597,25.038776],[112.024993,25.040427],[112.02821,25.034415],[112.029166,25.019362],[112.03381,25.021446],[112.043288,25.021622],[112.054835,25.015871],[112.069863,25.012946],[112.074024,25.015184],[112.083512,25.029024],[112.08797,25.032147],[112.089871,25.032902],[112.097153,25.028452],[112.104611,25.029906],[112.1107,25.044785],[112.117381,25.052119],[112.12266,25.050871],[112.126576,25.046662],[112.134401,25.047649],[112.147131,25.054089],[112.152572,25.053676],[112.153559,25.045479],[112.148673,25.03694],[112.155516,25.026413],[112.134657,24.995836],[112.122043,24.98952],[112.121097,24.984765],[112.122579,24.97088],[112.119864,24.964848],[112.124772,24.961371],[112.128863,24.951058],[112.137956,24.946173],[112.142123,24.93793],[112.149202,24.936301],[112.151212,24.932651],[112.157311,24.933509],[112.165175,24.929191],[112.175196,24.927512],[112.174754,24.91684],[112.165328,24.883609],[112.167059,24.874425],[112.164876,24.868356],[112.171069,24.862721],[112.166435,24.858923],[112.167171,24.855477],[112.165152,24.851299],[112.161029,24.849338],[112.162536,24.846646],[112.161098,24.844193],[112.156671,24.842124],[112.153553,24.837481],[112.149489,24.836942],[112.140019,24.8448],[112.132643,24.841365],[112.124052,24.8411],[112.116827,24.833762],[112.095765,24.825253],[112.096486,24.817235],[112.083805,24.804846],[112.071248,24.803355],[112.059223,24.79953],[112.057152,24.794723],[112.058857,24.790755],[112.045937,24.782668],[112.033822,24.771152],[112.033551,24.753433],[112.030486,24.745071],[112.027082,24.741676],[112.02413,24.740167],[112.020796,24.741341],[111.997704,24.758929],[111.985532,24.762296],[111.970098,24.763734],[111.961197,24.770966],[111.950967,24.769612],[111.945096,24.760512],[111.938219,24.757023],[111.924594,24.757025],[111.908729,24.763469],[111.903687,24.763473],[111.875187,24.756639],[111.869935,24.758482],[111.86893,24.760322],[111.869953,24.767669],[111.868706,24.771806],[111.856384,24.772063],[111.848587,24.775988],[111.835256,24.776941],[111.82066,24.771237],[111.808332,24.771033],[111.79425,24.774275]]]}},{"type":"Feature","properties":{"dt_adcode":"431181"},"geometry":{"type":"Polygon","coordinates":[[[111.701469,26.836205],[111.701659,26.844414],[111.706366,26.844711],[111.714557,26.849084],[111.722433,26.84502],[111.72816,26.834109],[111.734518,26.832479],[111.739024,26.832877],[111.746734,26.841512],[111.749722,26.841059],[111.75098,26.838648],[111.747811,26.833939],[111.752299,26.830311],[111.743998,26.823658],[111.743858,26.813355],[111.753687,26.80702],[111.75847,26.807601],[111.763209,26.810591],[111.772119,26.808762],[111.771719,26.799883],[111.779716,26.793138],[111.781276,26.789162],[111.792486,26.790281],[111.797297,26.792575],[111.802497,26.801525],[111.820553,26.804491],[111.823264,26.802746],[111.824034,26.798458],[111.822431,26.791789],[111.818429,26.790882],[111.817077,26.783987],[111.826068,26.780311],[111.831829,26.786167],[111.848235,26.788652],[111.859174,26.79957],[111.866273,26.800553],[111.869869,26.79859],[111.874748,26.789535],[111.875407,26.784271],[111.885913,26.77448],[111.887795,26.768773],[111.896736,26.760288],[111.898948,26.754182],[111.906211,26.750892],[111.917992,26.748926],[111.91694,26.731605],[111.927049,26.71105],[111.940344,26.699432],[111.943378,26.689902],[111.949012,26.681503],[111.951438,26.673341],[111.951916,26.664238],[111.960971,26.653194],[111.960971,26.645284],[111.969602,26.637449],[111.973562,26.630908],[111.980692,26.627078],[111.989651,26.625001],[111.991792,26.615735],[111.995658,26.612459],[111.997521,26.605117],[112.006028,26.596901],[112.010138,26.597697],[112.012106,26.599931],[112.019745,26.619189],[112.01809,26.622432],[112.012561,26.624466],[112.013981,26.627582],[112.008105,26.624432],[112.005508,26.624816],[112.004794,26.630022],[111.995686,26.639393],[111.996148,26.644064],[112.006485,26.648479],[112.018876,26.648553],[112.028506,26.651816],[112.045818,26.643229],[112.056146,26.647944],[112.070859,26.64543],[112.076882,26.643958],[112.092266,26.633041],[112.093951,26.635336],[112.094186,26.645118],[112.099547,26.645333],[112.101245,26.646319],[112.102086,26.652167],[112.10509,26.654076],[112.109801,26.654039],[112.111502,26.650473],[112.114286,26.651383],[112.118979,26.649349],[112.115734,26.643394],[112.120686,26.639208],[112.126331,26.635729],[112.133535,26.636101],[112.133171,26.633986],[112.137564,26.630517],[112.142348,26.630598],[112.146879,26.626439],[112.15109,26.625715],[112.150309,26.617027],[112.14453,26.61328],[112.145344,26.60489],[112.140959,26.6025],[112.141592,26.596074],[112.146677,26.592411],[112.158572,26.591829],[112.170541,26.585352],[112.172143,26.579165],[112.168183,26.574648],[112.174689,26.571192],[112.172488,26.56598],[112.174471,26.563841],[112.168348,26.560131],[112.169491,26.557066],[112.166001,26.553798],[112.162631,26.555078],[112.160258,26.552984],[112.157382,26.556189],[112.154133,26.549989],[112.149134,26.547856],[112.151248,26.544752],[112.162743,26.53934],[112.160906,26.534995],[112.15434,26.53581],[112.153413,26.532639],[112.14734,26.527463],[112.146724,26.525216],[112.148769,26.520023],[112.147624,26.511246],[112.144739,26.504456],[112.152449,26.502699],[112.1742,26.524122],[112.190449,26.536902],[112.21313,26.548544],[112.222186,26.548497],[112.227821,26.546458],[112.242693,26.535046],[112.244366,26.531267],[112.244331,26.523109],[112.243211,26.514051],[112.240175,26.508781],[112.231936,26.503204],[112.217997,26.504336],[112.211273,26.502743],[112.20176,26.495266],[112.197036,26.48936],[112.194565,26.479611],[112.192004,26.484048],[112.191874,26.488861],[112.187267,26.490706],[112.177229,26.49961],[112.174051,26.499523],[112.170041,26.495877],[112.163553,26.495756],[112.160019,26.49389],[112.159551,26.486324],[112.166177,26.481059],[112.166488,26.477051],[112.159083,26.474802],[112.152169,26.469696],[112.151745,26.467915],[112.157038,26.466533],[112.157409,26.458575],[112.162589,26.456502],[112.16258,26.452667],[112.155269,26.444516],[112.145679,26.443564],[112.142749,26.439867],[112.144127,26.436617],[112.146492,26.435551],[112.145591,26.431703],[112.152738,26.430054],[112.153648,26.428174],[112.152513,26.423178],[112.154418,26.418843],[112.150113,26.416304],[112.15252,26.411213],[112.150623,26.408064],[112.153507,26.403866],[112.149618,26.401738],[112.142539,26.408246],[112.140251,26.407002],[112.141351,26.387791],[112.150136,26.384611],[112.151981,26.382059],[112.148706,26.373925],[112.14984,26.362302],[112.148124,26.358904],[112.151641,26.351481],[112.153183,26.349566],[112.155608,26.349894],[112.158753,26.353031],[112.162114,26.353349],[112.167631,26.351182],[112.168046,26.346674],[112.171892,26.348678],[112.177305,26.348164],[112.181479,26.343367],[112.181695,26.336555],[112.177424,26.324427],[112.17828,26.30427],[112.181207,26.304355],[112.184993,26.310348],[112.190415,26.312232],[112.193992,26.311065],[112.197093,26.307027],[112.200125,26.308427],[112.201901,26.313083],[112.204924,26.314716],[112.208944,26.313554],[112.211786,26.310086],[112.212479,26.305623],[112.208856,26.291898],[112.205017,26.285275],[112.197324,26.2773],[112.200832,26.262382],[112.198388,26.255543],[112.198174,26.239334],[112.196025,26.229807],[112.190282,26.223682],[112.191434,26.213441],[112.194889,26.206886],[112.195062,26.199786],[112.192861,26.193923],[112.186512,26.18928],[112.185932,26.185668],[112.194029,26.173486],[112.200119,26.168791],[112.206131,26.165526],[112.215732,26.167911],[112.217222,26.165462],[112.211944,26.152752],[112.212568,26.151181],[112.21788,26.149597],[112.220757,26.151387],[112.222629,26.150782],[112.224328,26.13891],[112.228445,26.134705],[112.231749,26.134086],[112.232433,26.117855],[112.229692,26.111859],[112.224534,26.110925],[112.207651,26.096512],[112.202141,26.098985],[112.191356,26.096891],[112.176243,26.089175],[112.153739,26.06944],[112.144486,26.066052],[112.138506,26.066412],[112.11369,26.041761],[112.101012,26.033665],[112.096967,26.033781],[112.091557,26.037123],[112.09039,26.040056],[112.093403,26.047162],[112.078461,26.062378],[112.077826,26.071452],[112.055911,26.078151],[112.05386,26.080903],[112.054234,26.086486],[112.04611,26.089982],[112.045407,26.091929],[112.046156,26.095164],[112.05413,26.101603],[112.053693,26.106357],[112.051564,26.109607],[112.053755,26.113267],[112.063551,26.118134],[112.070701,26.114371],[112.076437,26.119533],[112.069567,26.125729],[112.053823,26.134831],[112.048873,26.135113],[112.04487,26.129764],[112.043225,26.124243],[112.042876,26.107608],[112.03015,26.103406],[112.035155,26.097612],[112.034685,26.095674],[112.027093,26.093131],[112.017255,26.095184],[112.009008,26.089938],[112.001937,26.090621],[111.993282,26.096756],[111.985506,26.099256],[111.986159,26.102602],[111.983679,26.106468],[111.968611,26.117928],[111.960693,26.121735],[111.962224,26.128898],[111.958814,26.132674],[111.942924,26.130649],[111.934988,26.137738],[111.925935,26.159117],[111.924233,26.175958],[111.925172,26.17813],[111.93599,26.180663],[111.937816,26.185303],[111.932819,26.192601],[111.932524,26.202226],[111.926998,26.209087],[111.918008,26.212718],[111.912373,26.208491],[111.91002,26.208491],[111.906965,26.213596],[111.907616,26.221606],[111.911488,26.227182],[111.918131,26.229941],[111.91913,26.232817],[111.916662,26.251622],[111.908962,26.26591],[111.91161,26.275007],[111.911194,26.280171],[111.905735,26.288916],[111.900165,26.305437],[111.895524,26.309371],[111.887137,26.307147],[111.882039,26.316923],[111.873648,26.322744],[111.872773,26.327322],[111.876319,26.336871],[111.874594,26.338749],[111.869403,26.339871],[111.868199,26.345963],[111.860963,26.344506],[111.859673,26.347532],[111.860375,26.354294],[111.852525,26.350728],[111.839047,26.35687],[111.834448,26.356909],[111.826392,26.352933],[111.82103,26.353251],[111.814178,26.357621],[111.813945,26.366821],[111.812039,26.370992],[111.813356,26.37592],[111.810775,26.380591],[111.801721,26.38787],[111.79926,26.392099],[111.799113,26.397718],[111.802373,26.405989],[111.801723,26.407312],[111.797181,26.406982],[111.795777,26.410446],[111.796211,26.415259],[111.800432,26.420434],[111.800051,26.425658],[111.798006,26.428184],[111.791497,26.429748],[111.790353,26.43534],[111.784987,26.433557],[111.78399,26.435055],[111.78921,26.445352],[111.783082,26.469952],[111.784817,26.478667],[111.784549,26.490893],[111.779451,26.502126],[111.773641,26.509292],[111.768887,26.511584],[111.759793,26.509443],[111.757614,26.510854],[111.758266,26.523856],[111.750393,26.537065],[111.751279,26.539413],[111.758971,26.5427],[111.759501,26.544638],[111.759614,26.560226],[111.753218,26.570558],[111.751578,26.585207],[111.752282,26.592721],[111.749521,26.59542],[111.748167,26.599942],[111.748401,26.602231],[111.75105,26.603406],[111.753107,26.607957],[111.753577,26.619405],[111.736426,26.630995],[111.732247,26.631521],[111.724843,26.635446],[111.731014,26.640267],[111.728546,26.648016],[111.737896,26.652809],[111.735602,26.656505],[111.731015,26.657971],[111.732457,26.661099],[111.730572,26.662124],[111.73052,26.664268],[111.737776,26.670908],[111.735812,26.677792],[111.739835,26.682315],[111.739662,26.687513],[111.736752,26.689037],[111.721492,26.688683],[111.714554,26.695721],[111.706502,26.697868],[111.703641,26.701944],[111.703502,26.704791],[111.705355,26.708494],[111.711643,26.714155],[111.711939,26.717708],[111.709591,26.7202],[111.700207,26.71625],[111.695354,26.717108],[111.692144,26.722094],[111.693762,26.727177],[111.690883,26.73388],[111.685116,26.736042],[111.678904,26.734739],[111.671222,26.736853],[111.665402,26.734168],[111.65151,26.738504],[111.646309,26.744399],[111.633423,26.7488],[111.621377,26.761281],[111.613263,26.76204],[111.609155,26.764975],[111.597876,26.774296],[111.590569,26.784077],[111.589919,26.788221],[111.592062,26.792191],[111.603251,26.785437],[111.615619,26.791361],[111.629662,26.789291],[111.632861,26.796333],[111.640504,26.797947],[111.637061,26.800872],[111.637992,26.802321],[111.644505,26.803229],[111.643044,26.805899],[111.642454,26.817241],[111.644158,26.825293],[111.647638,26.830564],[111.648769,26.838265],[111.650847,26.840421],[111.661147,26.841106],[111.665975,26.843304],[111.687176,26.832878],[111.693701,26.837112],[111.701469,26.836205]]]}},{"type":"Feature","properties":{"dt_adcode":"431202"},"geometry":{"type":"Polygon","coordinates":[[[110.058288,27.73632],[110.061363,27.726446],[110.052763,27.719838],[110.053244,27.714334],[110.058794,27.706443],[110.055548,27.698089],[110.041553,27.681502],[110.031661,27.673978],[110.023998,27.659236],[110.019991,27.655354],[109.998264,27.647768],[109.995133,27.642869],[110.002304,27.632054],[110.012693,27.632288],[110.025489,27.63754],[110.033268,27.639025],[110.04123,27.635899],[110.052566,27.625756],[110.055054,27.621359],[110.052228,27.614802],[110.055503,27.602662],[110.058129,27.59897],[110.066133,27.589496],[110.072355,27.586088],[110.076457,27.577667],[110.078483,27.576402],[110.087254,27.577236],[110.090873,27.574572],[110.092357,27.568947],[110.085517,27.543726],[110.08584,27.539501],[110.094871,27.52541],[110.094788,27.517979],[110.087229,27.510559],[110.093077,27.507526],[110.09345,27.505736],[110.089443,27.503657],[110.085539,27.506255],[110.082032,27.504307],[110.081563,27.500527],[110.071618,27.494268],[110.069809,27.486951],[110.064161,27.482644],[110.063924,27.476685],[110.060856,27.473616],[110.060734,27.470861],[110.055891,27.473509],[110.052705,27.467267],[110.050189,27.466796],[110.047438,27.468693],[110.046007,27.467655],[110.046041,27.46362],[110.03875,27.457562],[110.031465,27.458451],[110.027257,27.462319],[110.024083,27.470894],[110.004427,27.474016],[109.997475,27.473559],[109.994815,27.469981],[109.989492,27.473788],[109.980395,27.476681],[109.966576,27.476302],[109.963744,27.478281],[109.957392,27.474626],[109.953358,27.474702],[109.952157,27.468305],[109.94057,27.458329],[109.939346,27.452445],[109.933993,27.448361],[109.92522,27.448797],[109.922786,27.45544],[109.919536,27.457141],[109.917033,27.455968],[109.915219,27.450444],[109.910563,27.449189],[109.899154,27.441381],[109.878583,27.44271],[109.866918,27.467575],[109.859724,27.468133],[109.853987,27.46561],[109.851403,27.466442],[109.855382,27.481586],[109.858205,27.484028],[109.85691,27.497836],[109.865874,27.496744],[109.862922,27.500208],[109.856247,27.502951],[109.855067,27.505609],[109.861778,27.512531],[109.870941,27.512169],[109.876442,27.518478],[109.877692,27.522364],[109.884458,27.524594],[109.887448,27.524373],[109.889244,27.521357],[109.886491,27.508885],[109.888615,27.507495],[109.893526,27.509324],[109.895964,27.525166],[109.901613,27.531501],[109.908996,27.532299],[109.912443,27.537734],[109.91339,27.545729],[109.912149,27.556115],[109.909258,27.560138],[109.883274,27.576394],[109.880794,27.582929],[109.88794,27.595706],[109.886267,27.603125],[109.869319,27.623826],[109.855733,27.635205],[109.849521,27.634784],[109.848152,27.633239],[109.845509,27.622566],[109.835269,27.604872],[109.826529,27.600662],[109.807296,27.602873],[109.802314,27.606299],[109.790372,27.619435],[109.789341,27.62724],[109.796743,27.62855],[109.800825,27.632508],[109.807413,27.649383],[109.80457,27.652252],[109.805666,27.656697],[109.803164,27.660058],[109.803559,27.672275],[109.798132,27.677263],[109.795911,27.681687],[109.790449,27.685544],[109.790967,27.689383],[109.79547,27.695271],[109.796895,27.706623],[109.795227,27.709091],[109.795943,27.711325],[109.801146,27.715666],[109.809272,27.716112],[109.817702,27.72023],[109.816529,27.724336],[109.821314,27.736798],[109.828785,27.735042],[109.832299,27.731195],[109.847938,27.729943],[109.853049,27.731666],[109.851598,27.734927],[109.854725,27.737478],[109.864193,27.737096],[109.866418,27.743003],[109.871338,27.740155],[109.874679,27.745169],[109.870873,27.754665],[109.877883,27.763605],[109.877935,27.766276],[109.876082,27.769988],[109.871226,27.77403],[109.871687,27.775298],[109.878743,27.779846],[109.883077,27.787296],[109.891469,27.786845],[109.896522,27.790746],[109.903031,27.791317],[109.906004,27.794683],[109.919261,27.789077],[109.923053,27.781299],[109.919556,27.771741],[109.920229,27.769619],[109.922761,27.766738],[109.926471,27.765705],[109.928398,27.757934],[109.932679,27.75449],[109.932936,27.750429],[109.937659,27.746312],[109.938694,27.740663],[109.945002,27.73037],[109.960372,27.729889],[109.964775,27.736897],[109.968941,27.73452],[109.973844,27.734956],[109.977943,27.739835],[109.985644,27.743522],[109.997692,27.739505],[110.001339,27.734415],[110.009723,27.736339],[110.013386,27.741503],[110.016528,27.743149],[110.027993,27.740367],[110.032538,27.734729],[110.034226,27.74113],[110.041294,27.743616],[110.044738,27.736296],[110.058288,27.73632]]]}},{"type":"Feature","properties":{"dt_adcode":"431221"},"geometry":{"type":"Polygon","coordinates":[[[109.878583,27.44271],[109.899154,27.441381],[109.910563,27.449189],[109.915219,27.450444],[109.917033,27.455968],[109.919536,27.457141],[109.922786,27.45544],[109.92522,27.448797],[109.933993,27.448361],[109.939346,27.452445],[109.94057,27.458329],[109.952157,27.468305],[109.953358,27.474702],[109.957392,27.474626],[109.963744,27.478281],[109.966576,27.476302],[109.980395,27.476681],[109.989492,27.473788],[109.994815,27.469981],[109.997475,27.473559],[110.004427,27.474016],[110.024083,27.470894],[110.027257,27.462319],[110.031465,27.458451],[110.03875,27.457562],[110.046041,27.46362],[110.046007,27.467655],[110.047438,27.468693],[110.050189,27.466796],[110.052705,27.467267],[110.055891,27.473509],[110.060734,27.470861],[110.060856,27.473616],[110.063924,27.476685],[110.064161,27.482644],[110.069809,27.486951],[110.071618,27.494268],[110.081563,27.500527],[110.082032,27.504307],[110.085539,27.506255],[110.089443,27.503657],[110.09345,27.505736],[110.093077,27.507526],[110.087229,27.510559],[110.094788,27.517979],[110.094871,27.52541],[110.08584,27.539501],[110.085517,27.543726],[110.092357,27.568947],[110.090873,27.574572],[110.087254,27.577236],[110.078483,27.576402],[110.076457,27.577667],[110.072355,27.586088],[110.066133,27.589496],[110.058129,27.59897],[110.055503,27.602662],[110.052228,27.614802],[110.055054,27.621359],[110.052566,27.625756],[110.04123,27.635899],[110.033268,27.639025],[110.025489,27.63754],[110.012693,27.632288],[110.002304,27.632054],[109.995133,27.642869],[109.998264,27.647768],[110.019991,27.655354],[110.023998,27.659236],[110.031661,27.673978],[110.041553,27.681502],[110.055548,27.698089],[110.058794,27.706443],[110.053244,27.714334],[110.052763,27.719838],[110.061363,27.726446],[110.058288,27.73632],[110.068272,27.737036],[110.076707,27.744069],[110.081492,27.744784],[110.089797,27.734278],[110.107381,27.729881],[110.123543,27.727564],[110.164417,27.728248],[110.188022,27.720969],[110.200923,27.716246],[110.238409,27.693654],[110.24706,27.691203],[110.254177,27.68446],[110.260169,27.685111],[110.27266,27.690761],[110.281028,27.692004],[110.306242,27.692523],[110.312951,27.689349],[110.327057,27.693462],[110.340124,27.685996],[110.343618,27.682319],[110.343635,27.679544],[110.341059,27.674902],[110.337408,27.673002],[110.335807,27.667231],[110.335665,27.638035],[110.33954,27.631971],[110.347953,27.627429],[110.348774,27.620875],[110.352335,27.615821],[110.342232,27.608345],[110.349989,27.600182],[110.346936,27.597786],[110.343708,27.585147],[110.349127,27.586301],[110.361891,27.581908],[110.365854,27.589867],[110.375675,27.590694],[110.378193,27.590219],[110.382464,27.585139],[110.386142,27.587851],[110.389542,27.583744],[110.393077,27.583692],[110.397731,27.579871],[110.406123,27.581202],[110.418368,27.580413],[110.421497,27.581892],[110.426693,27.593129],[110.429506,27.595096],[110.435618,27.595464],[110.437828,27.592464],[110.43627,27.590642],[110.436693,27.584422],[110.443896,27.585699],[110.450886,27.582115],[110.454219,27.589112],[110.465217,27.602783],[110.472532,27.600501],[110.474093,27.597181],[110.477768,27.59491],[110.471665,27.585166],[110.481326,27.577881],[110.484924,27.578661],[110.483729,27.581989],[110.487382,27.584322],[110.485621,27.589203],[110.495127,27.58799],[110.494162,27.581637],[110.488336,27.579302],[110.494524,27.570512],[110.495288,27.566185],[110.492521,27.560385],[110.492175,27.549796],[110.4883,27.537841],[110.479564,27.525177],[110.460962,27.507018],[110.457531,27.496849],[110.457668,27.472961],[110.467237,27.442869],[110.464317,27.428308],[110.45685,27.419711],[110.440427,27.411996],[110.433074,27.414185],[110.430949,27.413463],[110.409586,27.436499],[110.403021,27.434502],[110.400752,27.417837],[110.393055,27.414276],[110.372384,27.410139],[110.355876,27.415223],[110.336118,27.413548],[110.329383,27.417974],[110.324233,27.431746],[110.321475,27.433243],[110.312384,27.432714],[110.300809,27.44183],[110.2969,27.435206],[110.296514,27.431171],[110.298255,27.429203],[110.295971,27.426036],[110.290862,27.426956],[110.289273,27.430978],[110.283017,27.431489],[110.281101,27.435143],[110.275466,27.428804],[110.272832,27.429301],[110.271329,27.432811],[110.266567,27.431684],[110.264612,27.428923],[110.263835,27.422101],[110.252267,27.419398],[110.247556,27.423625],[110.241661,27.420993],[110.232889,27.430921],[110.231331,27.43084],[110.226625,27.422826],[110.225213,27.425313],[110.219223,27.425286],[110.218404,27.421278],[110.213106,27.420091],[110.213134,27.416132],[110.211183,27.413777],[110.212019,27.411508],[110.209507,27.407135],[110.206643,27.406243],[110.205799,27.409759],[110.201875,27.407983],[110.200959,27.410032],[110.198066,27.401736],[110.194932,27.404289],[110.181169,27.403097],[110.17246,27.394924],[110.167627,27.394464],[110.166395,27.394898],[110.166121,27.398636],[110.16731,27.404103],[110.164752,27.406292],[110.168253,27.409533],[110.162119,27.407674],[110.161367,27.409431],[110.168786,27.41496],[110.169418,27.418225],[110.165937,27.43423],[110.159104,27.437793],[110.154312,27.442501],[110.147925,27.441152],[110.143325,27.442011],[110.142574,27.443693],[110.145197,27.443852],[110.146006,27.445396],[110.138938,27.447012],[110.139729,27.450827],[110.144886,27.452392],[110.145428,27.4565],[110.151076,27.458285],[110.149814,27.462348],[110.145304,27.462034],[110.145811,27.470834],[110.13788,27.477723],[110.133366,27.477737],[110.132149,27.475825],[110.136531,27.471816],[110.134186,27.467185],[110.124012,27.466618],[110.119638,27.469306],[110.128176,27.469573],[110.129063,27.471557],[110.124267,27.475857],[110.119913,27.476052],[110.115863,27.469028],[110.111941,27.466366],[110.11355,27.460363],[110.107637,27.460144],[110.106093,27.457935],[110.111448,27.456062],[110.117767,27.456686],[110.114673,27.453442],[110.118727,27.44958],[110.118743,27.447601],[110.105656,27.440814],[110.099537,27.435423],[110.088953,27.433113],[110.081017,27.428216],[110.082776,27.42427],[110.07438,27.415151],[110.064788,27.41104],[110.060875,27.406572],[110.059357,27.401206],[110.051247,27.406193],[110.044747,27.405474],[110.038044,27.390125],[110.040244,27.383254],[110.046744,27.377078],[110.041632,27.365635],[110.043645,27.361328],[110.047608,27.359972],[110.048768,27.349461],[110.046811,27.347244],[110.046839,27.344018],[110.045127,27.342169],[110.038753,27.346142],[110.035476,27.344352],[110.030123,27.344483],[110.020713,27.337499],[110.01992,27.334045],[110.014527,27.329262],[110.006326,27.325293],[110.003893,27.321162],[110.004177,27.317059],[109.998009,27.316007],[109.98917,27.310125],[109.992585,27.30576],[109.986457,27.309657],[109.985518,27.304369],[109.994615,27.299805],[110.001533,27.299656],[110.00157,27.295477],[110.003897,27.293008],[110.002793,27.287608],[110.003819,27.283366],[109.995614,27.280313],[109.994415,27.276341],[109.985333,27.270383],[109.978399,27.272622],[109.963788,27.269031],[109.960472,27.271858],[109.954163,27.269414],[109.951088,27.272905],[109.942681,27.275319],[109.940248,27.280503],[109.935808,27.280866],[109.933809,27.283634],[109.926598,27.281811],[109.924184,27.285163],[109.91488,27.288167],[109.909904,27.285084],[109.901388,27.283404],[109.899886,27.277674],[109.904897,27.276906],[109.90133,27.272626],[109.893012,27.276192],[109.886051,27.275555],[109.884786,27.279138],[109.880979,27.274639],[109.873476,27.279389],[109.866929,27.278758],[109.864572,27.276909],[109.858951,27.282004],[109.849423,27.284911],[109.83961,27.30743],[109.835353,27.307329],[109.825293,27.314008],[109.810261,27.302799],[109.813397,27.300475],[109.812679,27.29871],[109.803084,27.29989],[109.798495,27.296192],[109.794241,27.295611],[109.790484,27.290781],[109.789241,27.295794],[109.79201,27.301203],[109.789394,27.301669],[109.781756,27.298752],[109.773905,27.300476],[109.772313,27.305763],[109.761434,27.305612],[109.759703,27.307393],[109.761954,27.314615],[109.771456,27.322222],[109.775635,27.339078],[109.78655,27.347485],[109.7965,27.359101],[109.819249,27.37129],[109.820049,27.374508],[109.816402,27.378066],[109.818054,27.379973],[109.844413,27.385362],[109.845616,27.384883],[109.845136,27.381107],[109.854379,27.378893],[109.860441,27.369728],[109.866084,27.368511],[109.87083,27.371079],[109.871425,27.380189],[109.880157,27.386414],[109.882741,27.394834],[109.882291,27.397989],[109.879533,27.3988],[109.878199,27.404485],[109.872051,27.415624],[109.878583,27.44271]]]}},{"type":"Feature","properties":{"dt_adcode":"431222"},"geometry":{"type":"Polygon","coordinates":[[[110.914676,29.035729],[110.91388,29.029949],[110.919078,29.02253],[110.936778,29.013269],[110.943527,29.011802],[110.949676,29.006479],[110.95285,29.005853],[110.955301,29.002402],[110.950588,29.001462],[110.949693,28.995943],[110.952403,28.99849],[110.956716,28.997302],[110.961663,28.99846],[110.965431,28.993713],[110.970694,28.992729],[110.965277,28.988157],[110.973487,28.990176],[110.97813,28.987578],[110.979186,28.991306],[110.983506,28.987636],[110.987673,28.988097],[110.982594,28.976833],[110.974576,28.976784],[110.965348,28.965161],[110.958658,28.963814],[110.954921,28.960749],[110.956793,28.951042],[110.950879,28.941415],[110.950165,28.937296],[110.955145,28.930421],[110.955938,28.926172],[110.962861,28.917924],[110.957443,28.910592],[110.958279,28.906388],[110.964219,28.90421],[110.972662,28.904233],[110.989719,28.897276],[110.992446,28.888249],[111.002759,28.874416],[111.00309,28.872184],[111.000186,28.86771],[111.004641,28.866286],[111.013131,28.851324],[111.02164,28.847566],[111.030469,28.839653],[111.033727,28.828814],[111.038694,28.823463],[111.040289,28.822692],[111.048452,28.825409],[111.05946,28.825093],[111.064414,28.823424],[111.071211,28.816895],[111.072751,28.809841],[111.080319,28.803716],[111.078224,28.79983],[111.078753,28.793681],[111.088449,28.783559],[111.102208,28.77795],[111.098462,28.770738],[111.098705,28.767654],[111.106915,28.759769],[111.10853,28.75067],[111.115147,28.743892],[111.10257,28.734043],[111.105523,28.72651],[111.101978,28.722803],[111.101117,28.71365],[111.095842,28.709232],[111.096328,28.700524],[111.085069,28.695322],[111.081181,28.691859],[111.075814,28.692307],[111.065737,28.696598],[111.051587,28.692106],[111.048634,28.689828],[111.04663,28.685529],[111.047553,28.682849],[111.061886,28.668582],[111.062121,28.664077],[111.065594,28.661504],[111.064637,28.659765],[111.051697,28.652314],[111.038316,28.650555],[111.027064,28.65211],[111.015261,28.649872],[111.007284,28.643067],[110.994555,28.636883],[110.994528,28.627827],[110.990474,28.619214],[110.970856,28.620274],[110.961124,28.622956],[110.955393,28.619176],[110.946129,28.622029],[110.935842,28.618878],[110.934719,28.617572],[110.936389,28.611992],[110.941993,28.608435],[110.945927,28.601398],[110.943872,28.591622],[110.950035,28.577455],[110.950226,28.569088],[110.951958,28.567921],[110.958055,28.56992],[110.980744,28.58659],[110.99667,28.587516],[111.00571,28.583587],[111.010104,28.587369],[111.008056,28.596919],[111.008981,28.599234],[111.015772,28.599319],[111.015902,28.593924],[111.020187,28.589719],[111.026303,28.590083],[111.031032,28.594631],[111.034734,28.591363],[111.036666,28.596832],[111.041641,28.594769],[111.040724,28.59922],[111.043533,28.603024],[111.050507,28.600349],[111.049192,28.606794],[111.050275,28.608641],[111.053672,28.60914],[111.057442,28.607936],[111.05509,28.602329],[111.057258,28.596389],[111.054488,28.594462],[111.054366,28.591522],[111.064501,28.582795],[111.06477,28.579988],[111.06208,28.57489],[111.054748,28.570616],[111.053798,28.566583],[111.059267,28.563862],[111.064846,28.554858],[111.073027,28.546697],[111.079282,28.53769],[111.079046,28.533956],[111.07594,28.53017],[111.067543,28.530128],[111.061206,28.53368],[111.055459,28.534144],[111.050643,28.536687],[111.041871,28.535023],[111.039091,28.53967],[111.029671,28.543668],[111.022149,28.541838],[111.011898,28.54526],[111.002028,28.537147],[110.993169,28.521763],[110.982308,28.515225],[110.981994,28.512192],[110.969889,28.512546],[110.967641,28.510964],[110.961794,28.495554],[110.945388,28.479288],[110.94154,28.478584],[110.931813,28.484255],[110.926933,28.483909],[110.922132,28.471933],[110.917481,28.469697],[110.905366,28.455119],[110.889221,28.447307],[110.888639,28.438946],[110.874996,28.429102],[110.87025,28.423666],[110.86214,28.418792],[110.860187,28.405183],[110.85547,28.399408],[110.84634,28.398836],[110.835867,28.393885],[110.832598,28.387514],[110.832762,28.380509],[110.830837,28.376317],[110.825895,28.371712],[110.812066,28.363011],[110.793966,28.354357],[110.766497,28.343413],[110.757059,28.341696],[110.753245,28.338677],[110.751229,28.332343],[110.744051,28.328061],[110.738331,28.321999],[110.736357,28.314321],[110.733166,28.311341],[110.727113,28.309321],[110.721085,28.300789],[110.710026,28.296937],[110.699514,28.299854],[110.687493,28.296647],[110.681434,28.298565],[110.672555,28.297519],[110.666331,28.290083],[110.664815,28.274667],[110.662081,28.271348],[110.657789,28.255339],[110.658485,28.248975],[110.662315,28.245041],[110.670558,28.243587],[110.673248,28.241285],[110.673883,28.237973],[110.670931,28.231216],[110.658657,28.221903],[110.652051,28.212497],[110.614416,28.19072],[110.58848,28.170783],[110.567279,28.167607],[110.560803,28.161197],[110.538553,28.130059],[110.518934,28.116584],[110.5006,28.096453],[110.478943,28.09468],[110.461139,28.090593],[110.453671,28.094049],[110.449278,28.093367],[110.440479,28.083513],[110.437133,28.081222],[110.432736,28.081227],[110.416972,28.089029],[110.40586,28.089485],[110.39085,28.100938],[110.382054,28.097253],[110.365994,28.09676],[110.363393,28.099277],[110.36435,28.103384],[110.354601,28.105195],[110.348425,28.111892],[110.34625,28.12161],[110.347299,28.131927],[110.361421,28.134216],[110.366469,28.137581],[110.365958,28.143507],[110.354203,28.152752],[110.356014,28.161763],[110.353894,28.165459],[110.330963,28.178559],[110.325246,28.172576],[110.323444,28.156281],[110.321382,28.153293],[110.317998,28.154888],[110.314884,28.163825],[110.317982,28.181043],[110.31746,28.185172],[110.315646,28.189628],[110.309081,28.192722],[110.304479,28.199339],[110.285725,28.209775],[110.27099,28.206442],[110.261493,28.201702],[110.262173,28.205477],[110.27058,28.213387],[110.257291,28.21782],[110.249269,28.212297],[110.244357,28.212978],[110.243472,28.21785],[110.237694,28.227836],[110.240289,28.230855],[110.238528,28.234126],[110.226541,28.240846],[110.22185,28.239762],[110.216328,28.242956],[110.210416,28.242776],[110.20812,28.245001],[110.20598,28.252511],[110.195469,28.254291],[110.186511,28.259403],[110.182371,28.264276],[110.183965,28.26851],[110.177269,28.275465],[110.175052,28.280543],[110.176932,28.28465],[110.183672,28.284303],[110.185758,28.28568],[110.185552,28.289836],[110.178441,28.302685],[110.178104,28.3164],[110.183215,28.322011],[110.185052,28.333166],[110.187981,28.336179],[110.203056,28.339762],[110.212772,28.34864],[110.20733,28.361189],[110.205822,28.362619],[110.19435,28.361714],[110.190417,28.363232],[110.181624,28.375329],[110.170078,28.378036],[110.161952,28.386399],[110.154173,28.391364],[110.148142,28.389611],[110.145212,28.3824],[110.141442,28.383328],[110.125822,28.402496],[110.119994,28.405689],[110.111735,28.415908],[110.110356,28.425264],[110.114965,28.440197],[110.106661,28.451023],[110.103016,28.452686],[110.106048,28.462059],[110.109222,28.463634],[110.126658,28.460624],[110.128461,28.457518],[110.126362,28.448626],[110.135622,28.446728],[110.138136,28.447731],[110.139687,28.454611],[110.141655,28.456494],[110.15773,28.46142],[110.163595,28.467536],[110.155053,28.473341],[110.148607,28.483671],[110.150872,28.527807],[110.155811,28.532833],[110.167117,28.535036],[110.165767,28.563646],[110.167535,28.57477],[110.172474,28.584244],[110.177576,28.585746],[110.185866,28.582708],[110.188629,28.574982],[110.190136,28.574224],[110.207552,28.575117],[110.21107,28.566553],[110.212829,28.565417],[110.224221,28.563306],[110.233856,28.568247],[110.236459,28.57521],[110.229919,28.587552],[110.230839,28.593174],[110.227241,28.597961],[110.224224,28.609714],[110.224562,28.612063],[110.230259,28.613821],[110.230841,28.615918],[110.222048,28.620794],[110.213163,28.623324],[110.212079,28.625675],[110.218608,28.644172],[110.223134,28.651469],[110.228666,28.653142],[110.235961,28.646001],[110.243335,28.644738],[110.242581,28.653048],[110.244004,28.658167],[110.249038,28.658333],[110.251052,28.659929],[110.257676,28.672392],[110.259865,28.673315],[110.27027,28.671389],[110.273712,28.689436],[110.271532,28.700724],[110.274469,28.715531],[110.278206,28.717464],[110.279215,28.726888],[110.282657,28.731423],[110.285516,28.743511],[110.282909,28.754084],[110.285352,28.765503],[110.290221,28.767354],[110.307109,28.757726],[110.318297,28.757578],[110.330869,28.760036],[110.34039,28.76985],[110.342601,28.781999],[110.340487,28.801748],[110.343168,28.809078],[110.344779,28.820752],[110.365905,28.846118],[110.372624,28.84727],[110.377585,28.850249],[110.383575,28.857401],[110.395025,28.861086],[110.396331,28.864198],[110.38976,28.874422],[110.390884,28.887259],[110.394369,28.891835],[110.400198,28.895742],[110.411696,28.898093],[110.420419,28.901784],[110.432824,28.890775],[110.449166,28.889827],[110.451003,28.888397],[110.450924,28.882816],[110.45218,28.88214],[110.468041,28.880237],[110.473064,28.888243],[110.483262,28.89065],[110.482639,28.894806],[110.476242,28.899545],[110.483896,28.910794],[110.488285,28.911789],[110.49816,28.906521],[110.507602,28.898483],[110.518464,28.891929],[110.524384,28.886119],[110.530755,28.874109],[110.541017,28.88271],[110.543971,28.889331],[110.541036,28.904744],[110.524638,28.92651],[110.520588,28.935511],[110.521929,28.938478],[110.533236,28.946148],[110.551061,28.953285],[110.553435,28.955556],[110.55354,28.963357],[110.545839,28.973775],[110.541786,28.982312],[110.552606,28.992288],[110.568901,29.00014],[110.572569,29.000561],[110.578996,28.992917],[110.593322,28.969359],[110.60661,28.965559],[110.614734,28.966628],[110.620732,28.965197],[110.635967,28.949686],[110.65698,28.935051],[110.666502,28.923497],[110.670331,28.91612],[110.670522,28.910839],[110.678583,28.90618],[110.684337,28.905906],[110.690666,28.908149],[110.692112,28.918005],[110.690885,28.923984],[110.692739,28.924886],[110.699511,28.922075],[110.709884,28.914638],[110.716932,28.913427],[110.723534,28.917727],[110.730467,28.926154],[110.734927,28.926569],[110.758721,28.908648],[110.763645,28.905838],[110.769905,28.90508],[110.782509,28.909292],[110.788852,28.913805],[110.795003,28.923371],[110.798066,28.935729],[110.798631,28.955229],[110.801546,28.958404],[110.811431,28.955296],[110.836798,28.941877],[110.849144,28.946534],[110.851841,28.952007],[110.850273,28.968555],[110.839359,28.987751],[110.840469,28.992555],[110.847318,28.995911],[110.860706,28.998944],[110.868781,28.99838],[110.889159,28.992462],[110.894104,28.994619],[110.89453,28.998769],[110.897864,29.001461],[110.900426,28.995792],[110.905977,28.996282],[110.909132,29.003064],[110.91279,29.004863],[110.915137,29.008535],[110.905058,29.017466],[110.903112,29.021315],[110.903825,29.034794],[110.914676,29.035729]]]}},{"type":"Feature","properties":{"dt_adcode":"431223"},"geometry":{"type":"Polygon","coordinates":[[[110.069613,27.968337],[110.081791,27.969526],[110.084694,27.974478],[110.090019,27.973831],[110.099251,27.977062],[110.103531,27.983228],[110.110327,27.988531],[110.109442,27.99306],[110.111161,28.005536],[110.116906,28.015933],[110.124408,28.016724],[110.128224,28.0206],[110.128597,28.024835],[110.12114,28.039266],[110.130818,28.039616],[110.132327,28.045568],[110.137311,28.046317],[110.13576,28.051288],[110.138023,28.056401],[110.134634,28.059971],[110.124498,28.065746],[110.116285,28.075564],[110.112347,28.085254],[110.111757,28.090937],[110.114603,28.093115],[110.123199,28.093656],[110.149422,28.092428],[110.158502,28.095915],[110.16675,28.103113],[110.168171,28.106884],[110.166335,28.110619],[110.151806,28.1209],[110.149589,28.125936],[110.154909,28.130414],[110.177884,28.133979],[110.183324,28.137156],[110.183914,28.14269],[110.182242,28.145712],[110.169179,28.155593],[110.168175,28.159537],[110.174542,28.165731],[110.194294,28.173496],[110.199987,28.17877],[110.201998,28.187868],[110.197813,28.193493],[110.191281,28.197029],[110.191454,28.201224],[110.19304,28.202225],[110.216655,28.204369],[110.223026,28.19807],[110.233494,28.196845],[110.235931,28.197681],[110.242968,28.207241],[110.244357,28.212978],[110.249269,28.212297],[110.257291,28.21782],[110.27058,28.213387],[110.262173,28.205477],[110.261493,28.201702],[110.27099,28.206442],[110.288116,28.209357],[110.304479,28.199339],[110.309081,28.192722],[110.315646,28.189628],[110.317982,28.181043],[110.314884,28.163825],[110.317998,28.154888],[110.321382,28.153293],[110.323444,28.156281],[110.325246,28.172576],[110.330963,28.178559],[110.355538,28.163409],[110.354203,28.152752],[110.365958,28.143507],[110.366469,28.137581],[110.361421,28.134216],[110.347299,28.131927],[110.34625,28.12161],[110.348425,28.111892],[110.354601,28.105195],[110.36435,28.103384],[110.363393,28.099277],[110.365994,28.09676],[110.382054,28.097253],[110.39085,28.100938],[110.40586,28.089485],[110.416972,28.089029],[110.432736,28.081227],[110.437133,28.081222],[110.440479,28.083513],[110.449278,28.093367],[110.453671,28.094049],[110.461139,28.090593],[110.478943,28.09468],[110.5006,28.096453],[110.493381,28.083399],[110.486654,28.062542],[110.475295,28.044451],[110.471164,28.032992],[110.470115,28.014875],[110.465983,27.996755],[110.473758,27.986513],[110.480944,27.981117],[110.481515,27.977644],[110.480363,27.971272],[110.474403,27.960729],[110.477637,27.953711],[110.475197,27.950428],[110.466354,27.947303],[110.466339,27.935212],[110.462037,27.932059],[110.463688,27.929478],[110.454632,27.923963],[110.451595,27.92081],[110.44991,27.915242],[110.442171,27.913832],[110.42793,27.91762],[110.422751,27.922054],[110.422883,27.925433],[110.426505,27.931342],[110.424703,27.933654],[110.418984,27.929394],[110.410857,27.928501],[110.398798,27.92265],[110.398581,27.92139],[110.403783,27.917514],[110.401127,27.911172],[110.39211,27.906991],[110.384836,27.906855],[110.379799,27.909375],[110.370322,27.92035],[110.359676,27.924943],[110.336951,27.927298],[110.32476,27.923228],[110.312087,27.915679],[110.310385,27.910882],[110.314357,27.90468],[110.315164,27.892249],[110.323617,27.888475],[110.321922,27.883036],[110.316951,27.883194],[110.31581,27.881271],[110.318691,27.869766],[110.316908,27.861167],[110.313237,27.85712],[110.306913,27.856416],[110.297801,27.861297],[110.289753,27.86155],[110.289097,27.856726],[110.297234,27.853241],[110.296796,27.846466],[110.29384,27.846386],[110.281954,27.855583],[110.274516,27.843301],[110.272643,27.847361],[110.270406,27.843541],[110.270508,27.837251],[110.275135,27.830803],[110.281664,27.833962],[110.291107,27.829237],[110.288889,27.82206],[110.290273,27.819954],[110.294033,27.818974],[110.302868,27.82564],[110.306204,27.825662],[110.310541,27.818376],[110.321973,27.80834],[110.332153,27.809282],[110.3633,27.822636],[110.374536,27.819621],[110.379501,27.815729],[110.382073,27.811024],[110.378856,27.804739],[110.369204,27.79506],[110.368003,27.787766],[110.37016,27.784688],[110.374229,27.78336],[110.388659,27.781806],[110.402847,27.785074],[110.420133,27.797142],[110.431898,27.807847],[110.447192,27.817229],[110.456134,27.819785],[110.46949,27.813865],[110.504754,27.776786],[110.508017,27.766526],[110.502182,27.750971],[110.505081,27.743253],[110.510489,27.734262],[110.518374,27.727904],[110.533351,27.71936],[110.536468,27.710944],[110.531393,27.703846],[110.511291,27.686925],[110.49989,27.664296],[110.494644,27.649858],[110.471502,27.62045],[110.468081,27.615105],[110.463894,27.600116],[110.454219,27.589112],[110.450886,27.582115],[110.443896,27.585699],[110.436693,27.584422],[110.43627,27.590642],[110.437828,27.592464],[110.435618,27.595464],[110.429506,27.595096],[110.426693,27.593129],[110.421497,27.581892],[110.418368,27.580413],[110.406123,27.581202],[110.397731,27.579871],[110.393077,27.583692],[110.389542,27.583744],[110.386142,27.587851],[110.382464,27.585139],[110.378193,27.590219],[110.375675,27.590694],[110.365854,27.589867],[110.361891,27.581908],[110.349127,27.586301],[110.343708,27.585147],[110.346936,27.597786],[110.349989,27.600182],[110.342232,27.608345],[110.352335,27.615821],[110.348774,27.620875],[110.347953,27.627429],[110.33954,27.631971],[110.335665,27.638035],[110.335807,27.667231],[110.337408,27.673002],[110.341059,27.674902],[110.343635,27.679544],[110.343618,27.682319],[110.340124,27.685996],[110.327057,27.693462],[110.312951,27.689349],[110.306242,27.692523],[110.281028,27.692004],[110.27266,27.690761],[110.260169,27.685111],[110.254177,27.68446],[110.24706,27.691203],[110.238409,27.693654],[110.200923,27.716246],[110.188022,27.720969],[110.164417,27.728248],[110.123543,27.727564],[110.107381,27.729881],[110.089797,27.734278],[110.081492,27.744784],[110.073779,27.742692],[110.068272,27.737036],[110.05248,27.736076],[110.044738,27.736296],[110.041294,27.743616],[110.034226,27.74113],[110.032538,27.734729],[110.027993,27.740367],[110.016528,27.743149],[110.013386,27.741503],[110.009723,27.736339],[110.001339,27.734415],[109.997692,27.739505],[109.985644,27.743522],[109.977943,27.739835],[109.973844,27.734956],[109.968941,27.73452],[109.964775,27.736897],[109.960372,27.729889],[109.945002,27.73037],[109.943027,27.7319],[109.938694,27.740663],[109.937659,27.746312],[109.932936,27.750429],[109.932679,27.75449],[109.928398,27.757934],[109.926471,27.765705],[109.921336,27.76779],[109.919556,27.771741],[109.923053,27.781299],[109.919261,27.789077],[109.917504,27.797896],[109.919078,27.803966],[109.918572,27.809915],[109.915997,27.815167],[109.922763,27.818889],[109.923106,27.825879],[109.920579,27.832902],[109.924119,27.836354],[109.927826,27.834402],[109.928503,27.822353],[109.926525,27.818962],[109.928139,27.813816],[109.930281,27.81195],[109.95015,27.815208],[109.956261,27.819583],[109.964664,27.818574],[109.969802,27.819717],[109.979936,27.825525],[109.989165,27.825197],[110.001615,27.83057],[110.030503,27.83708],[110.035841,27.839924],[110.046775,27.851735],[110.055269,27.864586],[110.052164,27.87783],[110.054643,27.88056],[110.066074,27.882576],[110.077671,27.876384],[110.084432,27.874629],[110.088541,27.875304],[110.090261,27.88019],[110.08875,27.886898],[110.09589,27.892228],[110.096559,27.895982],[110.09068,27.907134],[110.083638,27.911491],[110.080197,27.920336],[110.080111,27.931575],[110.084978,27.937703],[110.086325,27.94479],[110.077001,27.952327],[110.072977,27.957942],[110.073308,27.965073],[110.069613,27.968337]]]}},{"type":"Feature","properties":{"dt_adcode":"431224"},"geometry":{"type":"Polygon","coordinates":[[[110.649281,27.373714],[110.64921,27.365202],[110.636507,27.353638],[110.63221,27.343268],[110.622426,27.333338],[110.621951,27.330326],[110.614866,27.324105],[110.605399,27.319943],[110.609991,27.309531],[110.606373,27.301829],[110.609956,27.295999],[110.609078,27.288963],[110.598701,27.281456],[110.585081,27.278599],[110.578912,27.278555],[110.574002,27.281048],[110.558658,27.299319],[110.553944,27.308245],[110.540863,27.305182],[110.524281,27.293379],[110.52487,27.298277],[110.522524,27.302067],[110.521313,27.316372],[110.525668,27.324656],[110.527738,27.333512],[110.527392,27.34065],[110.523402,27.347279],[110.518485,27.350968],[110.490148,27.354891],[110.48343,27.354533],[110.474495,27.351295],[110.46781,27.35139],[110.457364,27.353274],[110.446802,27.357686],[110.442329,27.356059],[110.431828,27.33519],[110.426224,27.332007],[110.423639,27.331898],[110.419413,27.334618],[110.417356,27.339078],[110.415934,27.354305],[110.41577,27.369242],[110.417741,27.376502],[110.433074,27.414185],[110.440427,27.411996],[110.45685,27.419711],[110.464317,27.428308],[110.467237,27.442869],[110.457668,27.472961],[110.457531,27.496849],[110.460962,27.507018],[110.479564,27.525177],[110.4883,27.537841],[110.492175,27.549796],[110.492521,27.560385],[110.495288,27.566185],[110.494524,27.570512],[110.488336,27.579302],[110.494162,27.581637],[110.494938,27.5886],[110.491713,27.587655],[110.485621,27.589203],[110.487382,27.584322],[110.483729,27.581989],[110.484924,27.578661],[110.483932,27.578272],[110.481326,27.577881],[110.472167,27.584112],[110.472459,27.588052],[110.477768,27.59491],[110.474093,27.597181],[110.472532,27.600501],[110.465217,27.602783],[110.466714,27.610613],[110.471502,27.62045],[110.494644,27.649858],[110.49989,27.664296],[110.511291,27.686925],[110.535541,27.708464],[110.536468,27.710944],[110.535004,27.716756],[110.533351,27.71936],[110.518374,27.727904],[110.508101,27.737593],[110.502182,27.750971],[110.507895,27.764465],[110.507878,27.768599],[110.504754,27.776786],[110.481005,27.803205],[110.464753,27.816847],[110.456134,27.819785],[110.447192,27.817229],[110.431898,27.807847],[110.420133,27.797142],[110.402847,27.785074],[110.388659,27.781806],[110.380402,27.782402],[110.37016,27.784688],[110.368003,27.787766],[110.370943,27.798198],[110.378856,27.804739],[110.382073,27.811024],[110.379501,27.815729],[110.374536,27.819621],[110.3633,27.822636],[110.332153,27.809282],[110.321973,27.80834],[110.310541,27.818376],[110.306204,27.825662],[110.302868,27.82564],[110.294033,27.818974],[110.290273,27.819954],[110.288889,27.82206],[110.291107,27.829237],[110.281664,27.833962],[110.275135,27.830803],[110.270508,27.837251],[110.270406,27.843541],[110.272643,27.847361],[110.274516,27.843301],[110.281954,27.855583],[110.29384,27.846386],[110.296796,27.846466],[110.297234,27.853241],[110.289097,27.856726],[110.289753,27.86155],[110.297801,27.861297],[110.306913,27.856416],[110.313237,27.85712],[110.316908,27.861167],[110.318691,27.869766],[110.31581,27.881271],[110.316951,27.883194],[110.321922,27.883036],[110.323617,27.888475],[110.315164,27.892249],[110.314357,27.90468],[110.310385,27.910882],[110.312087,27.915679],[110.32476,27.923228],[110.336951,27.927298],[110.359676,27.924943],[110.370322,27.92035],[110.379799,27.909375],[110.384836,27.906855],[110.39211,27.906991],[110.401127,27.911172],[110.403783,27.917514],[110.398581,27.92139],[110.398798,27.92265],[110.410857,27.928501],[110.418984,27.929394],[110.425374,27.933657],[110.426505,27.931342],[110.422368,27.923974],[110.424712,27.919882],[110.436579,27.914745],[110.440898,27.915154],[110.442171,27.913832],[110.44991,27.915242],[110.451595,27.92081],[110.454632,27.923963],[110.463688,27.929478],[110.462037,27.932059],[110.466339,27.935212],[110.466872,27.948032],[110.472227,27.948835],[110.477637,27.953711],[110.474403,27.960729],[110.480363,27.971272],[110.480944,27.981117],[110.473758,27.986513],[110.465983,27.996755],[110.470115,28.014875],[110.471164,28.032992],[110.475295,28.044451],[110.486654,28.062542],[110.493381,28.083399],[110.5006,28.096453],[110.518934,28.116584],[110.538553,28.130059],[110.560803,28.161197],[110.567279,28.167607],[110.58848,28.170783],[110.614416,28.19072],[110.652051,28.212497],[110.658657,28.221903],[110.670931,28.231216],[110.673883,28.237973],[110.673248,28.241285],[110.670558,28.243587],[110.662315,28.245041],[110.658485,28.248975],[110.657789,28.255339],[110.662081,28.271348],[110.664815,28.274667],[110.666331,28.290083],[110.672555,28.297519],[110.681434,28.298565],[110.687493,28.296647],[110.699514,28.299854],[110.710026,28.296937],[110.720163,28.300955],[110.730999,28.290124],[110.733477,28.285156],[110.739527,28.281594],[110.749687,28.280908],[110.763913,28.274488],[110.770209,28.274778],[110.773394,28.272931],[110.783333,28.278227],[110.787819,28.278433],[110.793015,28.275909],[110.803743,28.262724],[110.803959,28.257628],[110.806301,28.253011],[110.787859,28.231248],[110.799846,28.223179],[110.804581,28.213252],[110.810026,28.211733],[110.814639,28.207029],[110.820838,28.205969],[110.824019,28.203613],[110.826786,28.209061],[110.835073,28.209486],[110.84103,28.215221],[110.844506,28.215089],[110.848061,28.213027],[110.8463,28.207681],[110.847982,28.205204],[110.858535,28.205145],[110.861431,28.203545],[110.860503,28.198599],[110.854051,28.190452],[110.848014,28.170521],[110.818649,28.139668],[110.829294,28.127108],[110.834105,28.125337],[110.833021,28.11886],[110.841058,28.120062],[110.844326,28.116365],[110.831841,28.100348],[110.823925,28.086942],[110.833184,28.087469],[110.858821,28.076374],[110.867034,28.078102],[110.874059,28.083186],[110.889507,28.067866],[110.896131,28.058761],[110.88409,28.050991],[110.882414,28.046002],[110.872817,28.036661],[110.866154,28.024499],[110.866821,28.013122],[110.869918,28.011484],[110.87816,28.013077],[110.889581,28.000979],[110.894894,27.998858],[110.920838,27.998881],[110.922056,28.000643],[110.917014,28.007202],[110.921995,28.004109],[110.924951,28.00446],[110.922074,28.013925],[110.927683,28.016498],[110.925439,28.019432],[110.92577,28.021318],[110.938062,28.018502],[110.938637,28.028096],[110.942994,28.038353],[110.955719,28.050746],[110.952305,28.054191],[110.952201,28.056331],[110.961033,28.056567],[110.964447,28.063581],[110.969073,28.066946],[110.970929,28.065819],[110.970841,28.056037],[110.972279,28.053986],[110.993327,28.053877],[111.000911,28.048762],[111.022312,28.040984],[111.014091,28.033602],[111.013211,28.028923],[110.995269,28.030106],[110.978508,28.028255],[110.975474,28.012312],[110.968991,28.006675],[110.96899,28.00441],[110.982375,27.998492],[110.989827,27.993356],[111.000601,27.993227],[110.995936,27.988325],[110.987428,27.972888],[110.975171,27.961434],[110.967107,27.951383],[110.970354,27.935103],[110.968861,27.926939],[110.970776,27.92525],[110.979761,27.923387],[110.980425,27.920001],[110.976743,27.913053],[110.963492,27.905099],[110.958046,27.903717],[110.954517,27.897519],[110.947528,27.897373],[110.943852,27.895443],[110.941427,27.892311],[110.941575,27.889966],[110.930113,27.880728],[110.929896,27.875059],[110.933424,27.874218],[110.924756,27.871469],[110.923293,27.863943],[110.914627,27.865626],[110.909421,27.858585],[110.903773,27.855552],[110.898491,27.856005],[110.895782,27.850467],[110.893509,27.850205],[110.891968,27.851899],[110.889551,27.849749],[110.882073,27.850497],[110.875336,27.845808],[110.868377,27.847837],[110.83717,27.84923],[110.806575,27.864238],[110.795222,27.860968],[110.791639,27.855674],[110.785859,27.832928],[110.776442,27.811764],[110.768506,27.800703],[110.767768,27.79542],[110.774018,27.789951],[110.780753,27.787925],[110.785699,27.782676],[110.792577,27.761601],[110.795691,27.758174],[110.800618,27.756822],[110.811458,27.757792],[110.816131,27.753913],[110.818229,27.749333],[110.818272,27.743598],[110.830338,27.714965],[110.837531,27.681492],[110.849183,27.675804],[110.860013,27.677229],[110.864402,27.676331],[110.868296,27.672905],[110.871756,27.658233],[110.868962,27.653159],[110.85558,27.64736],[110.853857,27.641694],[110.854261,27.630674],[110.852022,27.628003],[110.861582,27.624911],[110.861828,27.62352],[110.857296,27.621392],[110.845641,27.624269],[110.84735,27.622007],[110.844524,27.620966],[110.847659,27.609007],[110.854601,27.60182],[110.854326,27.594141],[110.853472,27.592029],[110.842689,27.588418],[110.82432,27.578831],[110.808704,27.563384],[110.804081,27.561065],[110.793014,27.558943],[110.786802,27.560518],[110.776901,27.574004],[110.76704,27.581288],[110.75582,27.596822],[110.749003,27.602573],[110.742403,27.603588],[110.737201,27.601114],[110.737994,27.609875],[110.743673,27.617345],[110.74105,27.625663],[110.737303,27.627101],[110.732997,27.623326],[110.734154,27.61638],[110.715425,27.616321],[110.710525,27.606952],[110.705326,27.604698],[110.680223,27.602637],[110.674034,27.600053],[110.669886,27.593707],[110.666924,27.592958],[110.663251,27.588694],[110.662198,27.585636],[110.657581,27.583063],[110.657222,27.578258],[110.661735,27.573391],[110.653795,27.575356],[110.652126,27.569547],[110.652762,27.56583],[110.638119,27.555914],[110.631319,27.540448],[110.63265,27.536099],[110.648222,27.529582],[110.680311,27.497049],[110.684002,27.4879],[110.684664,27.46872],[110.693322,27.455846],[110.693348,27.452404],[110.688238,27.443864],[110.6741,27.434552],[110.663096,27.420676],[110.660328,27.412156],[110.659674,27.396769],[110.654903,27.380193],[110.649281,27.373714]]]}},{"type":"Feature","properties":{"dt_adcode":"431225"},"geometry":{"type":"MultiPolygon","coordinates":[[[[109.522226,26.749371],[109.522286,26.755655],[109.517501,26.756214],[109.516946,26.757726],[109.518293,26.766153],[109.517533,26.779922],[109.507694,26.801161],[109.497466,26.815276],[109.496627,26.819398],[109.499059,26.826316],[109.513123,26.840274],[109.514075,26.844649],[109.511073,26.854948],[109.510372,26.865504],[109.513592,26.871515],[109.512485,26.876096],[109.509378,26.878126],[109.499149,26.877999],[109.493463,26.880911],[109.490858,26.883636],[109.486809,26.8953],[109.48191,26.897074],[109.474869,26.895167],[109.472932,26.884776],[109.456749,26.873225],[109.457479,26.864096],[109.447884,26.859603],[109.437568,26.860298],[109.436273,26.861657],[109.444854,26.871738],[109.437763,26.87874],[109.436424,26.892618],[109.443466,26.894915],[109.446602,26.899673],[109.451862,26.9025],[109.459091,26.90208],[109.468796,26.906617],[109.473132,26.912241],[109.484244,26.913552],[109.49325,26.921105],[109.510848,26.930116],[109.516759,26.930204],[109.524152,26.926161],[109.530248,26.927536],[109.532256,26.929858],[109.533633,26.938604],[109.535399,26.940231],[109.549185,26.942933],[109.553239,26.945053],[109.558503,26.952284],[109.553318,26.95539],[109.550944,26.959035],[109.548624,26.974166],[109.550545,26.98048],[109.549881,26.983741],[109.546723,26.984595],[109.535643,26.973917],[109.527606,26.97721],[109.530491,26.983322],[109.528591,26.988383],[109.529252,26.991813],[109.532076,26.99318],[109.538756,26.992722],[109.542349,26.99645],[109.539939,27.005599],[109.542359,27.00949],[109.54134,27.012876],[109.525796,27.026554],[109.525013,27.03728],[109.517916,27.043209],[109.516699,27.049003],[109.51975,27.058684],[109.511688,27.065292],[109.510471,27.067936],[109.520055,27.068317],[109.522033,27.069054],[109.520877,27.071292],[109.51308,27.073264],[109.505056,27.072722],[109.500621,27.078723],[109.490334,27.078954],[109.486004,27.072132],[109.486004,27.068732],[109.495134,27.061069],[109.488262,27.054699],[109.470407,27.063015],[109.458796,27.065462],[109.456443,27.067376],[109.457447,27.069824],[109.463125,27.07083],[109.475509,27.06848],[109.482098,27.069655],[109.487773,27.078856],[109.491175,27.093272],[109.496922,27.100885],[109.507903,27.097253],[109.520961,27.071775],[109.531079,27.069639],[109.535979,27.077243],[109.537499,27.085473],[109.534111,27.106834],[109.534307,27.111078],[109.536586,27.113614],[109.54285,27.10586],[109.545432,27.106793],[109.573323,27.103233],[109.576314,27.101241],[109.590631,27.101471],[109.603616,27.086477],[109.587255,27.078673],[109.570759,27.059595],[109.560402,27.053102],[109.560202,27.049208],[109.566389,27.044584],[109.571954,27.042976],[109.575926,27.045337],[109.583705,27.046626],[109.591565,27.039416],[109.595591,27.037645],[109.606722,27.039036],[109.617267,27.043899],[109.621664,27.044186],[109.632058,27.04102],[109.649982,27.045596],[109.652248,27.047668],[109.654274,27.057798],[109.660475,27.066056],[109.673379,27.076693],[109.678494,27.083191],[109.685354,27.079611],[109.697063,27.081456],[109.705491,27.084802],[109.714674,27.092938],[109.719013,27.092078],[109.732188,27.083055],[109.738843,27.082096],[109.74303,27.083535],[109.751905,27.090523],[109.763432,27.094414],[109.773433,27.094606],[109.781357,27.09047],[109.801232,27.095951],[109.800029,27.101163],[109.803236,27.104971],[109.808147,27.103868],[109.817568,27.108979],[109.820474,27.107977],[109.825485,27.109781],[109.831097,27.121807],[109.829293,27.130727],[109.839816,27.140047],[109.848535,27.140248],[109.871485,27.15057],[109.874392,27.147063],[109.867176,27.137241],[109.863263,27.121877],[109.864718,27.116791],[109.871955,27.113877],[109.879211,27.114593],[109.892272,27.121119],[109.906043,27.124898],[109.934011,27.12312],[109.941321,27.115897],[109.94353,27.110811],[109.949078,27.092582],[109.948999,27.080998],[109.953426,27.077143],[109.988838,27.078253],[109.996607,27.074039],[110.010785,27.059695],[110.018484,27.058925],[110.023884,27.063074],[110.03994,27.092064],[110.04216,27.092187],[110.050462,27.083807],[110.056822,27.082169],[110.066668,27.073721],[110.080167,27.047655],[110.094188,27.040393],[110.100951,27.032519],[110.101724,27.027892],[110.100413,27.022894],[110.090842,27.012739],[110.091346,27.007892],[110.094325,27.005926],[110.098449,27.005978],[110.11703,27.009656],[110.122477,27.003882],[110.133742,26.9964],[110.130757,26.990029],[110.148528,26.989703],[110.146265,26.986886],[110.139623,26.987983],[110.135593,26.98575],[110.132423,26.986357],[110.124611,26.984208],[110.116265,26.978002],[110.102778,26.948915],[110.089683,26.948765],[110.075892,26.941705],[110.074145,26.937778],[110.072163,26.932012],[110.073501,26.928352],[110.077421,26.923579],[110.08492,26.919997],[110.090115,26.915466],[110.097426,26.906365],[110.097044,26.896024],[110.093257,26.891158],[110.078217,26.882019],[110.068472,26.880976],[110.063568,26.882062],[110.057507,26.878657],[110.04869,26.86073],[110.045906,26.842119],[110.042087,26.835749],[110.048719,26.825019],[110.058155,26.82204],[110.056526,26.808835],[110.060738,26.800978],[110.061647,26.793485],[110.068602,26.784621],[110.063481,26.769917],[110.068227,26.765292],[110.069251,26.760515],[110.066874,26.759778],[110.06228,26.761525],[110.06416,26.753551],[110.063082,26.749399],[110.059106,26.747265],[110.049601,26.748603],[110.056537,26.740194],[110.055902,26.738369],[110.050304,26.735626],[110.047477,26.72467],[110.060802,26.717548],[110.062966,26.717253],[110.064596,26.720544],[110.06662,26.719537],[110.067616,26.71274],[110.072502,26.707736],[110.072092,26.700137],[110.068421,26.698859],[110.065181,26.69539],[110.061978,26.695025],[110.056213,26.697872],[110.050516,26.696426],[110.043158,26.697817],[110.036883,26.681947],[110.02874,26.675518],[110.025264,26.669756],[110.02189,26.668273],[110.021777,26.664738],[110.019165,26.662382],[110.011196,26.664936],[110.004791,26.664494],[110.002124,26.668008],[110.005469,26.669221],[110.007472,26.673103],[109.998963,26.67334],[109.995549,26.680064],[109.987594,26.685348],[109.977525,26.685891],[109.975573,26.689841],[109.963583,26.691829],[109.954106,26.690315],[109.946207,26.686068],[109.94419,26.689289],[109.932776,26.69688],[109.930351,26.700702],[109.932986,26.709965],[109.931116,26.717937],[109.929583,26.718495],[109.926278,26.718124],[109.918966,26.710984],[109.910313,26.711371],[109.906092,26.714079],[109.899649,26.723165],[109.894141,26.722381],[109.88547,26.726444],[109.867932,26.719656],[109.868426,26.714838],[109.866736,26.714104],[109.860123,26.714542],[109.858582,26.716782],[109.854471,26.717157],[109.849974,26.720343],[109.844096,26.718779],[109.844836,26.725131],[109.838562,26.727502],[109.838219,26.730207],[109.839224,26.736106],[109.844456,26.739732],[109.844516,26.741767],[109.830858,26.750655],[109.826359,26.755746],[109.823826,26.770142],[109.820165,26.774349],[109.822031,26.780545],[109.81433,26.77865],[109.803639,26.785739],[109.796535,26.784278],[109.795167,26.776673],[109.786122,26.775956],[109.784299,26.777136],[109.783773,26.781146],[109.780374,26.782856],[109.767839,26.770432],[109.767539,26.767536],[109.757248,26.755169],[109.754106,26.753919],[109.714471,26.771828],[109.696765,26.777345],[109.669701,26.776326],[109.662106,26.773634],[109.652258,26.7623],[109.643229,26.74175],[109.643038,26.738082],[109.651891,26.725335],[109.661519,26.717611],[109.660336,26.709619],[109.651359,26.704912],[109.640923,26.701873],[109.635652,26.697015],[109.626578,26.700674],[109.618595,26.700416],[109.611658,26.694402],[109.614468,26.687441],[109.612932,26.685677],[109.610397,26.686001],[109.607277,26.689401],[109.598807,26.688844],[109.594811,26.690422],[109.590958,26.686424],[109.580551,26.690501],[109.555077,26.708327],[109.534747,26.714206],[109.523919,26.713529],[109.518947,26.714681],[109.514465,26.716285],[109.512444,26.719246],[109.512912,26.721333],[109.526227,26.726792],[109.528179,26.729189],[109.529146,26.740811],[109.548066,26.72889],[109.54491,26.724404],[109.547287,26.717898],[109.551697,26.719842],[109.553356,26.722997],[109.568268,26.726181],[109.57553,26.732658],[109.578156,26.733296],[109.578525,26.740238],[109.586721,26.745311],[109.58846,26.751516],[109.597138,26.756099],[109.596442,26.760691],[109.579839,26.770738],[109.577123,26.770569],[109.577761,26.763186],[109.580296,26.759677],[109.580346,26.755654],[109.577359,26.751604],[109.569923,26.747733],[109.562402,26.750863],[109.558066,26.754649],[109.559171,26.747794],[109.556724,26.745618],[109.560643,26.742451],[109.567739,26.741029],[109.559273,26.735154],[109.555669,26.736313],[109.553898,26.735302],[109.534194,26.744557],[109.528515,26.743935],[109.522226,26.749371]]],[[[109.471567,26.833027],[109.478005,26.837524],[109.482091,26.837043],[109.480889,26.832738],[109.475082,26.829071],[109.466939,26.826183],[109.462745,26.828546],[109.463286,26.831122],[109.471567,26.833027]]]]}},{"type":"Feature","properties":{"dt_adcode":"431226"},"geometry":{"type":"Polygon","coordinates":[[[109.418408,27.721355],[109.423771,27.728271],[109.426418,27.738943],[109.442678,27.749197],[109.449041,27.762542],[109.461517,27.773335],[109.459595,27.784243],[109.453314,27.791846],[109.461346,27.803403],[109.477746,27.803865],[109.479174,27.799417],[109.476741,27.788687],[109.483692,27.786991],[109.497324,27.798651],[109.507276,27.802815],[109.511957,27.800116],[109.516968,27.809831],[109.521235,27.812503],[109.526419,27.809719],[109.530687,27.812391],[109.533613,27.809281],[109.533032,27.795862],[109.537377,27.793503],[109.540979,27.786533],[109.545828,27.785011],[109.54976,27.786176],[109.553779,27.789732],[109.56065,27.800119],[109.565754,27.799943],[109.567514,27.805054],[109.573799,27.808903],[109.580415,27.805878],[109.584188,27.806462],[109.586955,27.802351],[109.593246,27.805199],[109.596266,27.804609],[109.597777,27.800081],[109.603393,27.798151],[109.610776,27.808679],[109.613382,27.815641],[109.615728,27.815894],[109.619177,27.812457],[109.626651,27.817076],[109.626651,27.819005],[109.620515,27.821851],[109.621415,27.825263],[109.623178,27.82662],[109.636813,27.82732],[109.647406,27.834967],[109.64765,27.843312],[109.640928,27.853283],[109.642868,27.863853],[109.636729,27.87156],[109.636982,27.876006],[109.622535,27.878883],[109.622744,27.893247],[109.624848,27.899591],[109.628142,27.90103],[109.628629,27.906021],[109.631153,27.910261],[109.649889,27.903974],[109.654508,27.903856],[109.655769,27.905158],[109.654928,27.911281],[109.660104,27.91865],[109.670736,27.921688],[109.679228,27.929672],[109.682003,27.935946],[109.691042,27.938354],[109.696088,27.936978],[109.700081,27.941724],[109.706334,27.944355],[109.711257,27.949815],[109.719108,27.952677],[109.719535,27.958672],[109.713232,27.968793],[109.714615,27.973911],[109.719788,27.981759],[109.725204,27.9821],[109.733095,27.987412],[109.730324,28.003618],[109.736033,28.012428],[109.729612,28.017875],[109.733479,28.024399],[109.752448,28.021472],[109.770222,28.025599],[109.781749,28.026176],[109.792344,28.029792],[109.784723,28.021414],[109.784471,28.006738],[109.77592,27.999113],[109.775338,27.99383],[109.780785,27.99307],[109.782623,27.991098],[109.791006,27.974902],[109.79293,27.973893],[109.79787,27.979337],[109.816127,27.980902],[109.822902,27.984663],[109.838641,27.985681],[109.842825,27.982907],[109.837471,27.975032],[109.838891,27.973185],[109.847511,27.973421],[109.857144,27.970887],[109.863504,27.964335],[109.876817,27.956309],[109.882599,27.94691],[109.891653,27.945729],[109.89744,27.940694],[109.904399,27.937588],[109.910354,27.938428],[109.911865,27.943378],[109.916816,27.946986],[109.914384,27.951261],[109.920342,27.956129],[109.926717,27.955251],[109.93361,27.959283],[109.936878,27.959373],[109.943773,27.956447],[109.947809,27.956873],[109.949574,27.954613],[109.949574,27.949329],[109.951505,27.948326],[109.957891,27.951694],[109.956969,27.957312],[109.958397,27.961173],[109.962939,27.961602],[109.971521,27.954871],[109.971599,27.938684],[109.974123,27.938105],[109.984137,27.945931],[109.98877,27.945526],[109.994823,27.938919],[110.001729,27.936171],[110.00274,27.934035],[110.002992,27.931521],[109.99929,27.923794],[110.000378,27.919771],[110.018552,27.907915],[110.022514,27.908009],[110.044302,27.91868],[110.048263,27.923469],[110.048326,27.927532],[110.054311,27.934301],[110.050779,27.945659],[110.047838,27.950013],[110.048517,27.953285],[110.059698,27.957083],[110.069613,27.968337],[110.073308,27.965073],[110.072977,27.957942],[110.077001,27.952327],[110.086325,27.94479],[110.084978,27.937703],[110.080111,27.931575],[110.080197,27.920336],[110.083638,27.911491],[110.09068,27.907134],[110.096559,27.895982],[110.09589,27.892228],[110.08875,27.886898],[110.090261,27.88019],[110.088541,27.875304],[110.084432,27.874629],[110.077671,27.876384],[110.066074,27.882576],[110.054643,27.88056],[110.052164,27.87783],[110.055269,27.864586],[110.046775,27.851735],[110.035841,27.839924],[110.030503,27.83708],[110.001615,27.83057],[109.989165,27.825197],[109.979936,27.825525],[109.969802,27.819717],[109.964664,27.818574],[109.956261,27.819583],[109.95015,27.815208],[109.930281,27.81195],[109.928139,27.813816],[109.926525,27.818962],[109.928503,27.822353],[109.928404,27.832423],[109.926808,27.835584],[109.924119,27.836354],[109.920372,27.831214],[109.923106,27.825879],[109.922763,27.818889],[109.915997,27.815167],[109.918572,27.809915],[109.919078,27.803966],[109.917504,27.797896],[109.919261,27.789077],[109.906004,27.794683],[109.903031,27.791317],[109.896522,27.790746],[109.891469,27.786845],[109.883077,27.787296],[109.878743,27.779846],[109.871226,27.77403],[109.876082,27.769988],[109.877935,27.766276],[109.877883,27.763605],[109.870873,27.754665],[109.874679,27.745169],[109.873295,27.741645],[109.871338,27.740155],[109.866418,27.743003],[109.864193,27.737096],[109.854725,27.737478],[109.851598,27.734927],[109.853049,27.731666],[109.847938,27.729943],[109.832299,27.731195],[109.828785,27.735042],[109.821314,27.736798],[109.816529,27.724336],[109.817702,27.72023],[109.809272,27.716112],[109.801146,27.715666],[109.796644,27.712232],[109.795227,27.709091],[109.796895,27.706623],[109.79547,27.695271],[109.790967,27.689383],[109.790449,27.685544],[109.795911,27.681687],[109.798132,27.677263],[109.803559,27.672275],[109.803164,27.660058],[109.805666,27.656697],[109.80457,27.652252],[109.807413,27.649383],[109.800825,27.632508],[109.796743,27.62855],[109.789341,27.62724],[109.790034,27.622027],[109.781667,27.620786],[109.775631,27.623795],[109.763512,27.633942],[109.758158,27.635308],[109.746515,27.630274],[109.717771,27.624993],[109.703484,27.619357],[109.681283,27.605983],[109.668633,27.601877],[109.649268,27.59803],[109.639659,27.597481],[109.627079,27.599577],[109.612716,27.596926],[109.602433,27.588152],[109.572371,27.576056],[109.557004,27.56315],[109.555938,27.557455],[109.565399,27.545811],[109.565945,27.541428],[109.561239,27.535197],[109.557028,27.533534],[109.544616,27.532675],[109.527042,27.536862],[109.505084,27.55117],[109.497218,27.553837],[109.494428,27.559301],[109.479372,27.561967],[109.476824,27.566105],[109.471299,27.563848],[109.466885,27.566914],[109.461778,27.566201],[109.451264,27.585946],[109.457958,27.598685],[109.461478,27.60162],[109.469162,27.62094],[109.470054,27.628754],[109.464471,27.651406],[109.455594,27.672287],[109.458201,27.674771],[109.469374,27.677869],[109.470465,27.680258],[109.456853,27.693566],[109.439626,27.698609],[109.435378,27.702153],[109.429981,27.703564],[109.426876,27.710908],[109.418242,27.714268],[109.418408,27.721355]]]}},{"type":"Feature","properties":{"dt_adcode":"431227"},"geometry":{"type":"Polygon","coordinates":[[[109.41027,27.153531],[109.401645,27.151763],[109.400241,27.152401],[109.400851,27.159601],[109.394292,27.157905],[109.392642,27.155096],[109.393169,27.143871],[109.384567,27.143924],[109.383406,27.150445],[109.379066,27.153154],[109.378164,27.155431],[109.373226,27.14757],[109.356743,27.153083],[109.345117,27.150137],[109.334975,27.149765],[109.333621,27.147761],[109.335058,27.139081],[109.324956,27.136886],[109.304855,27.136286],[109.275133,27.129988],[109.270446,27.130724],[109.263358,27.135798],[109.260307,27.139595],[109.257429,27.150604],[109.248111,27.15343],[109.238926,27.149143],[109.223028,27.122469],[109.190631,27.086352],[109.185146,27.082276],[109.178107,27.083678],[109.175235,27.087236],[109.173955,27.086265],[109.167776,27.075921],[109.16559,27.06676],[109.163533,27.065798],[109.156288,27.066571],[109.154276,27.071944],[109.149254,27.071267],[109.142159,27.073621],[109.135931,27.070424],[109.131631,27.070435],[109.132096,27.067801],[109.134337,27.067325],[109.130533,27.065068],[109.110769,27.069438],[109.105617,27.068162],[109.101136,27.068934],[109.101695,27.074889],[109.108664,27.086289],[109.109191,27.092532],[109.118241,27.104714],[109.131076,27.110104],[109.133966,27.117743],[109.12876,27.122468],[109.112864,27.123553],[109.108277,27.119699],[109.101675,27.120086],[109.097207,27.116114],[109.086498,27.117892],[109.080384,27.116501],[109.078099,27.11251],[109.074621,27.112014],[109.065742,27.1036],[109.063946,27.104353],[109.06195,27.110422],[109.053732,27.098312],[109.047311,27.09638],[109.035844,27.098099],[109.032552,27.103799],[109.026938,27.102793],[109.018827,27.095849],[109.020167,27.093501],[109.016782,27.090913],[109.016118,27.086752],[109.012644,27.083319],[108.98962,27.074091],[108.969554,27.059876],[108.964267,27.054479],[108.941274,27.046717],[108.940417,27.044721],[108.943116,27.037389],[108.950957,27.036936],[108.949541,27.031095],[108.952999,27.024001],[108.951966,27.018731],[108.942137,27.01442],[108.944026,27.017266],[108.938543,27.015751],[108.936777,27.011816],[108.931969,27.01258],[108.921377,27.00975],[108.919582,27.012096],[108.921285,27.018533],[108.923234,27.020234],[108.923463,27.024292],[108.921004,27.029794],[108.914938,27.025945],[108.918421,27.020607],[108.916977,27.017413],[108.914663,27.017256],[108.912311,27.019959],[108.906699,27.0173],[108.900341,27.016839],[108.885006,27.002925],[108.87568,26.999439],[108.872874,26.999861],[108.87244,27.001384],[108.874392,27.004797],[108.878448,27.006367],[108.877739,27.015241],[108.874294,27.021604],[108.875566,27.028027],[108.874409,27.028145],[108.87248,27.023708],[108.867189,27.031619],[108.869709,27.024438],[108.868025,27.022845],[108.865428,27.024302],[108.866839,27.027676],[108.865999,27.030196],[108.859957,27.032493],[108.854714,27.031993],[108.854235,27.035142],[108.849206,27.039415],[108.847729,27.045772],[108.843973,27.047975],[108.847112,27.050086],[108.847158,27.052491],[108.843463,27.060978],[108.840965,27.063058],[108.837788,27.058492],[108.831199,27.057887],[108.828495,27.060535],[108.830087,27.063643],[108.82081,27.064522],[108.809086,27.073999],[108.80571,27.073453],[108.804192,27.078637],[108.790841,27.084424],[108.793128,27.087234],[108.800498,27.090553],[108.807493,27.098563],[108.811554,27.09668],[108.81601,27.096907],[108.818539,27.091058],[108.824397,27.089054],[108.837804,27.092883],[108.844104,27.098428],[108.855311,27.096414],[108.856522,27.098076],[108.854351,27.104156],[108.861232,27.115719],[108.870804,27.11582],[108.878778,27.106309],[108.884772,27.108486],[108.887961,27.113979],[108.887144,27.121197],[108.904916,27.134937],[108.909482,27.14668],[108.914148,27.150791],[108.91482,27.154104],[108.912865,27.156754],[108.914457,27.158981],[108.919772,27.156969],[108.920047,27.165834],[108.922792,27.165439],[108.923077,27.166756],[108.920288,27.168735],[108.921655,27.169746],[108.921344,27.172526],[108.923494,27.173219],[108.919876,27.175651],[108.91714,27.18592],[108.919161,27.193477],[108.92577,27.199601],[108.918427,27.199867],[108.916991,27.202176],[108.908653,27.204347],[108.907629,27.207552],[108.909752,27.209312],[108.9145,27.209711],[108.914235,27.214643],[108.918024,27.217127],[108.947102,27.228405],[108.951887,27.236302],[108.961834,27.235466],[108.966273,27.236677],[108.968678,27.240526],[108.968549,27.245518],[108.984648,27.256236],[108.983324,27.267057],[108.985898,27.270041],[108.993628,27.269955],[108.997825,27.262737],[108.999564,27.267543],[109.010243,27.270289],[109.014245,27.274801],[109.022701,27.278353],[109.023896,27.282239],[109.041412,27.276619],[109.045997,27.288949],[109.053153,27.292801],[109.053926,27.294865],[109.05411,27.306067],[109.047691,27.318789],[109.044408,27.331056],[109.045922,27.334699],[109.050196,27.336484],[109.053623,27.335959],[109.059542,27.326872],[109.06924,27.322804],[109.072176,27.323563],[109.072665,27.329556],[109.077201,27.334089],[109.080402,27.334891],[109.08418,27.331566],[109.087174,27.331055],[109.094708,27.335602],[109.103703,27.336886],[109.101359,27.351202],[109.104772,27.355607],[109.112457,27.351823],[109.115418,27.354171],[109.118462,27.362241],[109.114304,27.366083],[109.114503,27.37112],[109.118051,27.378964],[109.124741,27.387892],[109.121027,27.391328],[109.116038,27.400383],[109.126961,27.404495],[109.13146,27.411237],[109.141424,27.417117],[109.142728,27.424387],[109.139184,27.427245],[109.138643,27.430333],[109.134793,27.429851],[109.133162,27.426946],[109.129243,27.425551],[109.125002,27.415551],[109.119533,27.412465],[109.111576,27.413904],[109.109192,27.418721],[109.11192,27.423804],[109.114516,27.424897],[109.119361,27.418857],[109.123116,27.41807],[109.123312,27.428611],[109.12511,27.430705],[109.129121,27.431329],[109.130063,27.434919],[109.136543,27.440813],[109.139055,27.445647],[109.143994,27.448844],[109.153498,27.449337],[109.155296,27.443572],[109.15944,27.442337],[109.158396,27.44081],[109.159902,27.436782],[109.159251,27.43149],[109.155081,27.421321],[109.156216,27.416518],[109.166999,27.417838],[109.189518,27.436561],[109.202106,27.450075],[109.21369,27.450487],[109.221929,27.438909],[109.231559,27.434014],[109.24114,27.431874],[109.243249,27.429614],[109.243674,27.421355],[109.245549,27.418171],[109.252791,27.417145],[109.264275,27.422853],[109.28645,27.424621],[109.316533,27.416244],[109.337707,27.404917],[109.339395,27.402331],[109.343006,27.391868],[109.342796,27.376952],[109.348069,27.363442],[109.380862,27.342029],[109.397445,27.337958],[109.410959,27.339966],[109.413581,27.33573],[109.409543,27.32716],[109.412452,27.323374],[109.422051,27.324604],[109.431741,27.322614],[109.436745,27.319658],[109.439632,27.315636],[109.438036,27.309272],[109.417797,27.296068],[109.416321,27.292451],[109.421285,27.283529],[109.431269,27.271882],[109.443442,27.262894],[109.446164,27.255663],[109.445461,27.251788],[109.441638,27.247581],[109.430088,27.242992],[109.424405,27.232196],[109.424908,27.226892],[109.437482,27.195156],[109.438201,27.183642],[109.434265,27.177394],[109.426268,27.172872],[109.408806,27.168691],[109.405959,27.163776],[109.407882,27.157904],[109.407454,27.15331],[109.41027,27.153531]]]}},{"type":"Feature","properties":{"dt_adcode":"431228"},"geometry":{"type":"Polygon","coordinates":[[[109.469695,27.069436],[109.472458,27.070943],[109.480759,27.070579],[109.482996,27.080484],[109.476803,27.08199],[109.469893,27.080524],[109.460995,27.081876],[109.45948,27.084742],[109.460714,27.088636],[109.467557,27.090094],[109.46809,27.092547],[109.467413,27.09484],[109.459724,27.09365],[109.457897,27.096524],[109.459397,27.099712],[109.463419,27.100886],[109.459799,27.109575],[109.46936,27.115438],[109.473103,27.126876],[109.472697,27.134906],[109.467016,27.136442],[109.461655,27.13545],[109.453815,27.129374],[109.44833,27.120571],[109.440919,27.118169],[109.438084,27.119278],[109.42504,27.129419],[109.41597,27.153191],[109.407454,27.15331],[109.407882,27.157904],[109.405959,27.163776],[109.410416,27.169943],[109.423424,27.171579],[109.434265,27.177394],[109.438201,27.183642],[109.437482,27.195156],[109.424908,27.226892],[109.424405,27.232196],[109.430088,27.242992],[109.441638,27.247581],[109.445461,27.251788],[109.446164,27.255663],[109.443442,27.262894],[109.431269,27.271882],[109.421285,27.283529],[109.416321,27.292451],[109.417797,27.296068],[109.438036,27.309272],[109.439632,27.315636],[109.436745,27.319658],[109.431741,27.322614],[109.422051,27.324604],[109.412452,27.323374],[109.410212,27.325069],[109.409543,27.32716],[109.413581,27.33573],[109.410959,27.339966],[109.397445,27.337958],[109.387704,27.339476],[109.380862,27.342029],[109.353299,27.359347],[109.348069,27.363442],[109.344328,27.371383],[109.342796,27.376952],[109.343006,27.391868],[109.341753,27.397884],[109.337707,27.404917],[109.316533,27.416244],[109.294225,27.423383],[109.299897,27.423945],[109.303212,27.426302],[109.306928,27.434404],[109.306067,27.451381],[109.302423,27.46555],[109.302998,27.47566],[109.306513,27.480776],[109.358277,27.518683],[109.369466,27.528752],[109.388082,27.541241],[109.409333,27.551689],[109.418109,27.551137],[109.428252,27.547159],[109.433647,27.548386],[109.445984,27.562388],[109.459143,27.560142],[109.462714,27.566588],[109.467913,27.566616],[109.471299,27.563848],[109.476824,27.566105],[109.479372,27.561967],[109.494428,27.559301],[109.497218,27.553837],[109.505084,27.55117],[109.523164,27.53822],[109.53594,27.53442],[109.552072,27.532363],[109.561239,27.535197],[109.565945,27.541428],[109.565399,27.545811],[109.555938,27.557455],[109.557004,27.56315],[109.560556,27.567132],[109.565696,27.571741],[109.579793,27.579887],[109.602433,27.588152],[109.612716,27.596926],[109.627079,27.599577],[109.639659,27.597481],[109.649268,27.59803],[109.668633,27.601877],[109.681283,27.605983],[109.703484,27.619357],[109.717771,27.624993],[109.746515,27.630274],[109.758158,27.635308],[109.763512,27.633942],[109.775631,27.623795],[109.781667,27.620786],[109.790034,27.622027],[109.793995,27.614689],[109.807296,27.602873],[109.826529,27.600662],[109.835269,27.604872],[109.844054,27.619415],[109.849521,27.634784],[109.855733,27.635205],[109.862205,27.630794],[109.886267,27.603125],[109.888105,27.598916],[109.88794,27.595706],[109.880794,27.582929],[109.883274,27.576394],[109.909258,27.560138],[109.913199,27.551706],[109.912443,27.537734],[109.908996,27.532299],[109.901613,27.531501],[109.895964,27.525166],[109.893526,27.509324],[109.888615,27.507495],[109.886491,27.508885],[109.889244,27.521357],[109.887448,27.524373],[109.884458,27.524594],[109.877692,27.522364],[109.876442,27.518478],[109.870941,27.512169],[109.861778,27.512531],[109.855067,27.505609],[109.856247,27.502951],[109.862922,27.500208],[109.865874,27.496744],[109.85691,27.497836],[109.858205,27.484028],[109.855382,27.481586],[109.851403,27.466442],[109.853987,27.46561],[109.859724,27.468133],[109.866918,27.467575],[109.875814,27.448249],[109.877684,27.446852],[109.878705,27.442148],[109.872051,27.415624],[109.878199,27.404485],[109.879533,27.3988],[109.882291,27.397989],[109.882741,27.394834],[109.880157,27.386414],[109.871425,27.380189],[109.87083,27.371079],[109.866084,27.368511],[109.860441,27.369728],[109.854379,27.378893],[109.845136,27.381107],[109.845616,27.384883],[109.844413,27.385362],[109.818054,27.379973],[109.816402,27.378066],[109.820049,27.374508],[109.819249,27.37129],[109.7965,27.359101],[109.78655,27.347485],[109.777114,27.340624],[109.773324,27.333807],[109.771456,27.322222],[109.760344,27.312092],[109.759703,27.307393],[109.761434,27.305612],[109.772313,27.305763],[109.773905,27.300476],[109.781756,27.298752],[109.789394,27.301669],[109.79201,27.301203],[109.789241,27.295794],[109.790484,27.290781],[109.792227,27.290323],[109.789898,27.283829],[109.784899,27.283953],[109.780609,27.288432],[109.762958,27.278315],[109.754811,27.27976],[109.753838,27.281674],[109.743374,27.285646],[109.729117,27.284382],[109.725388,27.282234],[109.716121,27.267903],[109.69858,27.263307],[109.697371,27.259909],[109.703859,27.255523],[109.708615,27.242932],[109.710284,27.235289],[109.708022,27.226651],[109.701839,27.217016],[109.697228,27.212832],[109.683597,27.208765],[109.671957,27.211237],[109.670543,27.212729],[109.671828,27.217436],[109.669518,27.218981],[109.661291,27.212082],[109.663148,27.209566],[109.662766,27.20486],[109.656083,27.194702],[109.656603,27.189825],[109.654355,27.190287],[109.653644,27.19212],[109.652803,27.204674],[109.649394,27.20478],[109.64522,27.202368],[109.644448,27.200131],[109.653773,27.183692],[109.644141,27.179206],[109.641504,27.174673],[109.646135,27.166818],[109.645296,27.154662],[109.636984,27.157258],[109.636332,27.153361],[109.633407,27.15525],[109.629113,27.151378],[109.624939,27.151333],[109.623279,27.147415],[109.617585,27.147694],[109.616278,27.145984],[109.619073,27.140363],[109.618159,27.138832],[109.609281,27.146884],[109.605441,27.142479],[109.596856,27.144944],[109.598276,27.140984],[109.60071,27.139291],[109.597999,27.132445],[109.591297,27.132034],[109.590589,27.130087],[109.579618,27.137993],[109.576275,27.132876],[109.568171,27.132918],[109.562806,27.128264],[109.550941,27.131895],[109.537756,27.128398],[109.539961,27.125957],[109.544123,27.125651],[109.547365,27.123388],[109.547447,27.116517],[109.543332,27.113796],[109.540848,27.107474],[109.537741,27.113624],[109.534307,27.111078],[109.537499,27.085473],[109.535979,27.077243],[109.531079,27.069639],[109.520961,27.071775],[109.507903,27.097253],[109.496922,27.100885],[109.491175,27.093272],[109.487773,27.078856],[109.482098,27.069655],[109.478126,27.068411],[109.469695,27.069436]]]}},{"type":"Feature","properties":{"dt_adcode":"431229"},"geometry":{"type":"Polygon","coordinates":[[[109.946207,26.686068],[109.941963,26.677741],[109.934061,26.673728],[109.928646,26.675723],[109.919412,26.676289],[109.914036,26.676217],[109.909443,26.674094],[109.901084,26.668018],[109.898965,26.65559],[109.876511,26.651187],[109.858215,26.643401],[109.851466,26.621813],[109.844005,26.619586],[109.840401,26.622073],[109.834511,26.622466],[109.830691,26.621503],[109.827451,26.616416],[109.826844,26.605845],[109.83256,26.599251],[109.856845,26.580927],[109.861694,26.583661],[109.87206,26.571029],[109.872022,26.568374],[109.864343,26.561019],[109.861958,26.550966],[109.863275,26.538911],[109.869102,26.537126],[109.872309,26.538898],[109.884934,26.530478],[109.890288,26.531724],[109.892544,26.525482],[109.884757,26.523561],[109.883095,26.518828],[109.879695,26.517378],[109.883669,26.512284],[109.878349,26.503798],[109.87937,26.497044],[109.877335,26.497623],[109.875781,26.494119],[109.866888,26.490801],[109.862346,26.486846],[109.857666,26.475771],[109.856297,26.465195],[109.850371,26.463051],[109.839865,26.463031],[109.836277,26.449777],[109.819653,26.451463],[109.815287,26.444544],[109.805939,26.442481],[109.803712,26.443244],[109.804043,26.447025],[109.797518,26.446091],[109.792502,26.442165],[109.788807,26.429913],[109.781656,26.427113],[109.776878,26.421001],[109.772151,26.418674],[109.767822,26.419086],[109.763032,26.425258],[109.765099,26.440326],[109.764344,26.445412],[109.758556,26.457131],[109.749311,26.46624],[109.738959,26.464136],[109.730618,26.456436],[109.725811,26.442851],[109.716953,26.430345],[109.698838,26.417051],[109.693264,26.410616],[109.680428,26.412063],[109.675691,26.408082],[109.673041,26.402362],[109.681896,26.395714],[109.676518,26.391102],[109.676724,26.388909],[109.683171,26.38703],[109.683211,26.383535],[109.67466,26.373301],[109.669824,26.372027],[109.661551,26.376209],[109.661494,26.377859],[109.668712,26.384353],[109.664028,26.388841],[109.664734,26.392983],[109.661101,26.396428],[109.645141,26.397154],[109.636608,26.401967],[109.631081,26.402916],[109.626672,26.409531],[109.624143,26.410091],[109.619173,26.407991],[109.614976,26.401038],[109.611293,26.399119],[109.593798,26.402121],[109.591394,26.400152],[109.589867,26.395391],[109.591177,26.390974],[109.599048,26.379864],[109.598674,26.372302],[109.595419,26.363711],[109.579151,26.345318],[109.56605,26.338746],[109.556284,26.327447],[109.54091,26.315928],[109.538381,26.308885],[109.537263,26.296887],[109.519024,26.275996],[109.514316,26.273674],[109.511373,26.275864],[109.507315,26.276267],[109.498591,26.275033],[109.492134,26.268192],[109.485392,26.265954],[109.47342,26.271054],[109.46806,26.271048],[109.456376,26.267047],[109.455085,26.270286],[109.458044,26.276766],[109.458336,26.283452],[109.463528,26.287276],[109.471688,26.297463],[109.476893,26.299237],[109.466133,26.314146],[109.460165,26.313798],[109.444468,26.303097],[109.44344,26.300046],[109.447377,26.296834],[109.440093,26.293523],[109.440155,26.291364],[109.44253,26.291424],[109.442624,26.289891],[109.436094,26.289512],[109.429797,26.286701],[109.421036,26.288731],[109.406088,26.285396],[109.391163,26.277114],[109.369433,26.277199],[109.351433,26.264266],[109.339801,26.26407],[109.335229,26.276209],[109.32299,26.283071],[109.325913,26.286953],[109.325546,26.290095],[109.306471,26.290722],[109.297364,26.297292],[109.287778,26.29503],[109.285866,26.295824],[109.278224,26.307672],[109.272019,26.32409],[109.272341,26.333738],[109.277322,26.340026],[109.289278,26.343685],[109.29481,26.348605],[109.299039,26.368197],[109.306722,26.380967],[109.313562,26.397393],[109.319559,26.418627],[109.326809,26.427945],[109.348819,26.442586],[109.361009,26.448315],[109.373543,26.449457],[109.380874,26.454638],[109.382587,26.45857],[109.380996,26.461756],[109.36456,26.463533],[109.362454,26.466252],[109.362342,26.472219],[109.364064,26.475922],[109.38551,26.493522],[109.386667,26.500199],[109.381782,26.514121],[109.381704,26.518483],[109.383695,26.521504],[109.401006,26.527304],[109.404289,26.529654],[109.408753,26.537075],[109.407808,26.546702],[109.40397,26.560189],[109.400565,26.564036],[109.395181,26.566445],[109.399037,26.570966],[109.395234,26.572451],[109.385509,26.570999],[109.390275,26.581708],[109.387161,26.588054],[109.389725,26.591637],[109.391287,26.600532],[109.384732,26.604728],[109.382968,26.61076],[109.379401,26.615738],[109.377085,26.625643],[109.373686,26.629027],[109.364362,26.633456],[109.360934,26.638217],[109.359699,26.64899],[109.356716,26.657431],[109.355141,26.65901],[109.351321,26.657335],[109.342253,26.64867],[109.334081,26.646225],[109.318007,26.653736],[109.304216,26.66313],[109.287004,26.689686],[109.283743,26.698584],[109.289083,26.701205],[109.292936,26.701275],[109.298424,26.696552],[109.301748,26.696843],[109.319124,26.701756],[109.335599,26.699994],[109.354996,26.693229],[109.361904,26.694501],[109.372995,26.705034],[109.383446,26.708659],[109.38595,26.712144],[109.380596,26.723539],[109.381292,26.727455],[109.387716,26.727563],[109.390575,26.725315],[109.407089,26.719845],[109.412464,26.720621],[109.413966,26.722251],[109.414522,26.733744],[109.417734,26.739763],[109.429127,26.747286],[109.437687,26.755223],[109.453956,26.761194],[109.467055,26.761675],[109.497705,26.760155],[109.502343,26.757684],[109.504627,26.744623],[109.507967,26.743285],[109.512679,26.746718],[109.522126,26.749215],[109.527978,26.744621],[109.529146,26.740811],[109.528179,26.729189],[109.526227,26.726792],[109.512912,26.721333],[109.512444,26.719246],[109.514465,26.716285],[109.523919,26.713529],[109.534747,26.714206],[109.555077,26.708327],[109.580551,26.690501],[109.590958,26.686424],[109.594811,26.690422],[109.598807,26.688844],[109.607277,26.689401],[109.610397,26.686001],[109.612932,26.685677],[109.614468,26.687441],[109.611658,26.694402],[109.618595,26.700416],[109.626578,26.700674],[109.635652,26.697015],[109.640923,26.701873],[109.651359,26.704912],[109.660336,26.709619],[109.661519,26.717611],[109.651891,26.725335],[109.643038,26.738082],[109.643229,26.74175],[109.652258,26.7623],[109.662106,26.773634],[109.669701,26.776326],[109.696765,26.777345],[109.714471,26.771828],[109.754106,26.753919],[109.757248,26.755169],[109.767539,26.767536],[109.767839,26.770432],[109.780374,26.782856],[109.783773,26.781146],[109.784299,26.777136],[109.786122,26.775956],[109.795167,26.776673],[109.796535,26.784278],[109.803639,26.785739],[109.81433,26.77865],[109.822031,26.780545],[109.820165,26.774349],[109.823826,26.770142],[109.826359,26.755746],[109.830858,26.750655],[109.844516,26.741767],[109.844456,26.739732],[109.839224,26.736106],[109.838219,26.730207],[109.838562,26.727502],[109.844836,26.725131],[109.844096,26.718779],[109.849974,26.720343],[109.854471,26.717157],[109.858582,26.716782],[109.860123,26.714542],[109.866736,26.714104],[109.868426,26.714838],[109.867932,26.719656],[109.88547,26.726444],[109.894141,26.722381],[109.899649,26.723165],[109.906092,26.714079],[109.910313,26.711371],[109.918966,26.710984],[109.926278,26.718124],[109.929583,26.718495],[109.931116,26.717937],[109.932986,26.709965],[109.930351,26.700702],[109.932776,26.69688],[109.94419,26.689289],[109.946207,26.686068]]]}},{"type":"Feature","properties":{"dt_adcode":"431230"},"geometry":{"type":"Polygon","coordinates":[[[109.764754,25.876187],[109.768355,25.890346],[109.767242,25.891478],[109.74723,25.889247],[109.72213,25.883688],[109.710661,25.886899],[109.702107,25.882293],[109.68522,25.880351],[109.685541,25.886394],[109.688706,25.888284],[109.681469,25.893577],[109.680908,25.896114],[109.685196,25.901109],[109.693271,25.898507],[109.693088,25.903958],[109.695298,25.906415],[109.692566,25.909917],[109.683824,25.914769],[109.679601,25.921768],[109.682087,25.933185],[109.690314,25.93765],[109.689289,25.943946],[109.694289,25.949124],[109.693467,25.959173],[109.696427,25.959342],[109.700337,25.955893],[109.710979,25.954636],[109.711477,25.961759],[109.723533,25.974616],[109.724458,25.981911],[109.730004,25.989961],[109.725001,25.996755],[109.724178,26.002806],[109.715499,26.005845],[109.710127,26.013036],[109.706558,26.012994],[109.703087,26.009964],[109.701367,26.006924],[109.702307,26.003054],[109.700999,26.000704],[109.69363,25.997957],[109.688836,25.998954],[109.689471,26.008511],[109.682162,26.009549],[109.675464,26.015119],[109.664621,26.012951],[109.651863,26.014533],[109.648202,26.019981],[109.647646,26.037646],[109.646038,26.041981],[109.634969,26.047313],[109.619254,26.042019],[109.612703,26.037096],[109.604469,26.026418],[109.598166,26.022651],[109.588282,26.019754],[109.559756,26.021427],[109.551154,26.019017],[109.545402,26.013895],[109.538561,25.998427],[109.5287,25.995778],[109.518521,25.996571],[109.513173,25.998111],[109.510577,26.001062],[109.511018,26.004511],[109.508899,26.009533],[109.501197,26.014256],[109.49641,26.023767],[109.482633,26.02963],[109.479154,26.047761],[109.463248,26.049325],[109.453868,26.054034],[109.452437,26.063697],[109.447547,26.071779],[109.45109,26.076284],[109.449675,26.101838],[109.464879,26.09073],[109.466531,26.091602],[109.464704,26.09404],[109.465001,26.096651],[109.469659,26.095253],[109.475984,26.099489],[109.491724,26.097635],[109.499628,26.098623],[109.504085,26.096835],[109.506959,26.109074],[109.512733,26.115481],[109.514111,26.128275],[109.502376,26.137016],[109.495189,26.15265],[109.494441,26.145],[109.493044,26.143966],[109.490036,26.145875],[109.490575,26.14725],[109.487478,26.147262],[109.486763,26.148708],[109.481008,26.145492],[109.476169,26.148073],[109.475066,26.153708],[109.467433,26.162628],[109.471635,26.169309],[109.471171,26.173887],[109.468347,26.179987],[109.463202,26.18413],[109.461354,26.191731],[109.459326,26.194083],[109.461254,26.196008],[109.470454,26.196347],[109.470368,26.200936],[109.468289,26.203206],[109.452387,26.209648],[109.447656,26.217617],[109.439613,26.238848],[109.439787,26.243674],[109.446029,26.250418],[109.453413,26.264524],[109.456376,26.267047],[109.46806,26.271048],[109.47342,26.271054],[109.485392,26.265954],[109.492134,26.268192],[109.498591,26.275033],[109.507315,26.276267],[109.511373,26.275864],[109.514316,26.273674],[109.519024,26.275996],[109.537263,26.296887],[109.538381,26.308885],[109.54091,26.315928],[109.556284,26.327447],[109.56605,26.338746],[109.579151,26.345318],[109.595419,26.363711],[109.598674,26.372302],[109.599048,26.379864],[109.591177,26.390974],[109.589867,26.395391],[109.591394,26.400152],[109.593798,26.402121],[109.611293,26.399119],[109.614976,26.401038],[109.619173,26.407991],[109.624143,26.410091],[109.626672,26.409531],[109.631081,26.402916],[109.636608,26.401967],[109.645141,26.397154],[109.661101,26.396428],[109.664734,26.392983],[109.664028,26.388841],[109.668712,26.384353],[109.661494,26.377859],[109.661551,26.376209],[109.669824,26.372027],[109.67466,26.373301],[109.683211,26.383535],[109.683171,26.38703],[109.676724,26.388909],[109.676518,26.391102],[109.681896,26.395714],[109.673041,26.402362],[109.675691,26.408082],[109.680428,26.412063],[109.693264,26.410616],[109.698838,26.417051],[109.716953,26.430345],[109.725811,26.442851],[109.730618,26.456436],[109.738959,26.464136],[109.749311,26.46624],[109.758556,26.457131],[109.764344,26.445412],[109.765099,26.440326],[109.763032,26.425258],[109.767822,26.419086],[109.772151,26.418674],[109.776878,26.421001],[109.781656,26.427113],[109.788807,26.429913],[109.792502,26.442165],[109.797518,26.446091],[109.804043,26.447025],[109.803712,26.443244],[109.805939,26.442481],[109.815287,26.444544],[109.819653,26.451463],[109.836277,26.449777],[109.839865,26.463031],[109.850371,26.463051],[109.856297,26.465195],[109.86017,26.463618],[109.87083,26.467874],[109.875424,26.468157],[109.891387,26.459392],[109.896749,26.459917],[109.902849,26.461829],[109.910445,26.466747],[109.919034,26.474664],[109.928468,26.477083],[109.932579,26.475993],[109.934169,26.472343],[109.934907,26.456966],[109.93981,26.454051],[109.950872,26.451223],[109.95503,26.446921],[109.950558,26.436984],[109.952898,26.434492],[109.966829,26.428037],[109.972209,26.428115],[109.987272,26.43247],[109.988334,26.429961],[109.977987,26.400194],[109.978666,26.388034],[109.993669,26.380561],[110.005462,26.377659],[110.01222,26.372465],[110.011549,26.364649],[110.017679,26.347522],[110.016755,26.340624],[110.012984,26.335057],[110.009306,26.304015],[109.996982,26.296156],[109.984283,26.279099],[109.985186,26.276245],[109.991041,26.271716],[109.991109,26.265281],[109.995426,26.259808],[109.988819,26.245175],[109.992773,26.238619],[109.978639,26.224606],[109.974372,26.218343],[109.966249,26.1955],[109.939045,26.167338],[109.931213,26.161262],[109.914462,26.154383],[109.907203,26.144878],[109.89906,26.108969],[109.899988,26.097735],[109.897254,26.09357],[109.888163,26.08795],[109.885886,26.083291],[109.88249,26.075257],[109.88046,26.05733],[109.868903,26.0308],[109.864119,26.027532],[109.856251,26.026294],[109.840189,26.029094],[109.814592,26.040969],[109.80624,26.037889],[109.801968,26.034394],[109.791808,26.017286],[109.788652,26.007607],[109.782453,25.997203],[109.782279,25.99215],[109.784663,25.985754],[109.80647,25.973623],[109.808599,25.950465],[109.825023,25.922883],[109.826903,25.916705],[109.825967,25.911415],[109.815865,25.890873],[109.813239,25.879824],[109.811246,25.877736],[109.788288,25.867591],[109.779582,25.865948],[109.770153,25.874345],[109.764754,25.876187]]]}},{"type":"Feature","properties":{"dt_adcode":"431281"},"geometry":{"type":"Polygon","coordinates":[[[110.080167,27.047655],[110.072337,27.064296],[110.066668,27.073721],[110.056822,27.082169],[110.050462,27.083807],[110.04216,27.092187],[110.03994,27.092064],[110.021942,27.060626],[110.015645,27.058811],[110.010785,27.059695],[110.007075,27.062366],[109.996607,27.074039],[109.988838,27.078253],[109.958829,27.076924],[109.953426,27.077143],[109.949659,27.079133],[109.949078,27.092582],[109.94353,27.110811],[109.941321,27.115897],[109.934011,27.12312],[109.906043,27.124898],[109.892272,27.121119],[109.879211,27.114593],[109.871955,27.113877],[109.864718,27.116791],[109.863263,27.121877],[109.867176,27.137241],[109.874392,27.147063],[109.871485,27.15057],[109.848535,27.140248],[109.839816,27.140047],[109.829293,27.130727],[109.831097,27.121807],[109.825485,27.109781],[109.820474,27.107977],[109.817568,27.108979],[109.808147,27.103868],[109.803236,27.104971],[109.800029,27.101163],[109.801232,27.095951],[109.795422,27.093431],[109.781357,27.09047],[109.773433,27.094606],[109.763432,27.094414],[109.751905,27.090523],[109.74303,27.083535],[109.738843,27.082096],[109.732188,27.083055],[109.719013,27.092078],[109.714674,27.092938],[109.705491,27.084802],[109.697063,27.081456],[109.685354,27.079611],[109.678494,27.083191],[109.673379,27.076693],[109.660475,27.066056],[109.654274,27.057798],[109.652248,27.047668],[109.649982,27.045596],[109.632058,27.04102],[109.621664,27.044186],[109.617267,27.043899],[109.606722,27.039036],[109.595591,27.037645],[109.591565,27.039416],[109.583705,27.046626],[109.575926,27.045337],[109.571954,27.042976],[109.566389,27.044584],[109.560202,27.049208],[109.560402,27.053102],[109.570759,27.059595],[109.587255,27.078673],[109.603616,27.086477],[109.590631,27.101471],[109.576314,27.101241],[109.573323,27.103233],[109.545432,27.106793],[109.54285,27.10586],[109.540931,27.109249],[109.543526,27.111739],[109.543332,27.113796],[109.547004,27.115236],[109.547662,27.122288],[109.546213,27.124735],[109.539961,27.125957],[109.537756,27.128398],[109.550941,27.131895],[109.562806,27.128264],[109.568171,27.132918],[109.576275,27.132876],[109.579618,27.137993],[109.590589,27.130087],[109.591297,27.132034],[109.597999,27.132445],[109.60071,27.139291],[109.598276,27.140984],[109.596856,27.144944],[109.605441,27.142479],[109.609281,27.146884],[109.618159,27.138832],[109.619073,27.140363],[109.616278,27.145984],[109.617585,27.147694],[109.623279,27.147415],[109.624939,27.151333],[109.629113,27.151378],[109.633407,27.15525],[109.636332,27.153361],[109.636984,27.157258],[109.645296,27.154662],[109.646135,27.166818],[109.641504,27.174673],[109.644141,27.179206],[109.653773,27.183692],[109.644448,27.200131],[109.64522,27.202368],[109.649394,27.20478],[109.652803,27.204674],[109.653644,27.19212],[109.654355,27.190287],[109.656603,27.189825],[109.656083,27.194702],[109.662766,27.20486],[109.663148,27.209566],[109.661291,27.212082],[109.669518,27.218981],[109.671828,27.217436],[109.670543,27.212729],[109.678176,27.208974],[109.683597,27.208765],[109.697228,27.212832],[109.701839,27.217016],[109.708022,27.226651],[109.710284,27.235289],[109.703859,27.255523],[109.697371,27.259909],[109.69858,27.263307],[109.716121,27.267903],[109.725388,27.282234],[109.729117,27.284382],[109.743374,27.285646],[109.753838,27.281674],[109.754811,27.27976],[109.762958,27.278315],[109.780609,27.288432],[109.784899,27.283953],[109.788748,27.283143],[109.792227,27.290323],[109.790484,27.290781],[109.794241,27.295611],[109.798495,27.296192],[109.805042,27.300564],[109.812679,27.29871],[109.813397,27.300475],[109.810261,27.302799],[109.825293,27.314008],[109.835353,27.307329],[109.83961,27.30743],[109.849423,27.284911],[109.858951,27.282004],[109.864572,27.276909],[109.866929,27.278758],[109.873476,27.279389],[109.880979,27.274639],[109.884786,27.279138],[109.886051,27.275555],[109.893012,27.276192],[109.90133,27.272626],[109.904897,27.276906],[109.899886,27.277674],[109.901388,27.283404],[109.909904,27.285084],[109.91488,27.288167],[109.924184,27.285163],[109.926598,27.281811],[109.933809,27.283634],[109.935808,27.280866],[109.940248,27.280503],[109.942681,27.275319],[109.951088,27.272905],[109.954163,27.269414],[109.960472,27.271858],[109.963788,27.269031],[109.978399,27.272622],[109.985333,27.270383],[109.994415,27.276341],[109.995614,27.280313],[110.003819,27.283366],[110.002793,27.287608],[110.003897,27.293008],[110.00157,27.295477],[110.001533,27.299656],[109.994615,27.299805],[109.985518,27.304369],[109.986457,27.309657],[109.992585,27.30576],[109.98917,27.310125],[109.998009,27.316007],[110.004177,27.317059],[110.003893,27.321162],[110.006326,27.325293],[110.014527,27.329262],[110.01992,27.334045],[110.020713,27.337499],[110.030123,27.344483],[110.035476,27.344352],[110.038753,27.346142],[110.045127,27.342169],[110.046839,27.344018],[110.046811,27.347244],[110.048768,27.349461],[110.047608,27.359972],[110.043645,27.361328],[110.041632,27.365635],[110.046744,27.377078],[110.040244,27.383254],[110.038044,27.390125],[110.044747,27.405474],[110.051247,27.406193],[110.059357,27.401206],[110.060875,27.406572],[110.064788,27.41104],[110.07438,27.415151],[110.082776,27.42427],[110.081017,27.428216],[110.088953,27.433113],[110.099537,27.435423],[110.105656,27.440814],[110.118743,27.447601],[110.118727,27.44958],[110.114673,27.453442],[110.117767,27.456686],[110.111448,27.456062],[110.106093,27.457935],[110.107637,27.460144],[110.11355,27.460363],[110.111941,27.466366],[110.115863,27.469028],[110.119913,27.476052],[110.124267,27.475857],[110.129063,27.471557],[110.128176,27.469573],[110.119638,27.469306],[110.124012,27.466618],[110.134186,27.467185],[110.136531,27.471816],[110.132149,27.475825],[110.133366,27.477737],[110.13788,27.477723],[110.145811,27.470834],[110.145304,27.462034],[110.149814,27.462348],[110.151076,27.458285],[110.145428,27.4565],[110.144886,27.452392],[110.139729,27.450827],[110.138938,27.447012],[110.146006,27.445396],[110.145197,27.443852],[110.142574,27.443693],[110.143325,27.442011],[110.147925,27.441152],[110.154312,27.442501],[110.159104,27.437793],[110.165937,27.43423],[110.169418,27.418225],[110.168786,27.41496],[110.161367,27.409431],[110.162119,27.407674],[110.168253,27.409533],[110.164752,27.406292],[110.16731,27.404103],[110.166121,27.398636],[110.166395,27.394898],[110.167627,27.394464],[110.17246,27.394924],[110.181169,27.403097],[110.194932,27.404289],[110.198066,27.401736],[110.200959,27.410032],[110.201875,27.407983],[110.205799,27.409759],[110.206643,27.406243],[110.209507,27.407135],[110.212019,27.411508],[110.211183,27.413777],[110.213134,27.416132],[110.213106,27.420091],[110.218404,27.421278],[110.219223,27.425286],[110.225213,27.425313],[110.226625,27.422826],[110.231331,27.43084],[110.232889,27.430921],[110.241661,27.420993],[110.247556,27.423625],[110.253335,27.41933],[110.263835,27.422101],[110.264612,27.428923],[110.266567,27.431684],[110.271329,27.432811],[110.272832,27.429301],[110.275466,27.428804],[110.281101,27.435143],[110.283017,27.431489],[110.289273,27.430978],[110.290862,27.426956],[110.295971,27.426036],[110.298255,27.429203],[110.296514,27.431171],[110.2969,27.435206],[110.299271,27.437788],[110.299905,27.441604],[110.302374,27.441768],[110.312384,27.432714],[110.321475,27.433243],[110.324233,27.431746],[110.329383,27.417974],[110.333333,27.414587],[110.340224,27.413141],[110.355876,27.415223],[110.372384,27.410139],[110.393055,27.414276],[110.400752,27.417837],[110.403021,27.434502],[110.409586,27.436499],[110.414282,27.432838],[110.426534,27.417343],[110.430949,27.413463],[110.433074,27.414185],[110.422081,27.388936],[110.41577,27.369242],[110.417356,27.339078],[110.421383,27.33292],[110.426224,27.332007],[110.431828,27.33519],[110.442329,27.356059],[110.446802,27.357686],[110.457364,27.353274],[110.46781,27.35139],[110.474495,27.351295],[110.48343,27.354533],[110.497842,27.354512],[110.518485,27.350968],[110.523402,27.347279],[110.527392,27.34065],[110.527738,27.333512],[110.525668,27.324656],[110.521313,27.316372],[110.521044,27.311789],[110.522524,27.302067],[110.52487,27.298277],[110.524281,27.293379],[110.526393,27.289929],[110.521077,27.282551],[110.511659,27.273773],[110.483536,27.262133],[110.467457,27.252395],[110.462113,27.247081],[110.456289,27.213283],[110.443055,27.201249],[110.434844,27.199351],[110.424045,27.199494],[110.397141,27.212802],[110.391721,27.214088],[110.383175,27.221357],[110.375602,27.223036],[110.368087,27.217208],[110.364009,27.210501],[110.357776,27.20895],[110.354664,27.205121],[110.352102,27.195952],[110.356406,27.184407],[110.355896,27.175275],[110.346475,27.160295],[110.345264,27.153536],[110.34272,27.150507],[110.338911,27.149812],[110.331777,27.151466],[110.331563,27.155984],[110.327298,27.15841],[110.314364,27.157961],[110.305059,27.16716],[110.297599,27.161225],[110.292338,27.163423],[110.267053,27.153868],[110.249483,27.151066],[110.239584,27.140082],[110.226521,27.130354],[110.206851,27.122365],[110.200481,27.118175],[110.194186,27.102084],[110.196096,27.098615],[110.204396,27.092028],[110.208364,27.081268],[110.20391,27.067451],[110.201414,27.061917],[110.198112,27.059361],[110.18328,27.055324],[110.162611,27.046412],[110.155053,27.037718],[110.150337,27.022864],[110.153984,27.009484],[110.153626,26.998415],[110.148528,26.989703],[110.130757,26.990029],[110.133742,26.9964],[110.122477,27.003882],[110.11703,27.009656],[110.098449,27.005978],[110.094325,27.005926],[110.091346,27.007892],[110.090842,27.012739],[110.100413,27.022894],[110.101724,27.027892],[110.100951,27.032519],[110.094188,27.040393],[110.080167,27.047655]]]}},{"type":"Feature","properties":{"dt_adcode":"431302"},"geometry":{"type":"Polygon","coordinates":[[[112.150824,27.653344],[112.156086,27.647233],[112.154628,27.646243],[112.156859,27.646167],[112.159305,27.642594],[112.158533,27.635903],[112.16115,27.634039],[112.163982,27.628336],[112.162049,27.622751],[112.166297,27.616704],[112.166084,27.608836],[112.179474,27.589706],[112.186858,27.587535],[112.191064,27.583275],[112.191192,27.580459],[112.189046,27.579661],[112.187929,27.575477],[112.190376,27.574222],[112.190333,27.566879],[112.188402,27.565624],[112.186771,27.566994],[112.184111,27.566499],[112.180247,27.569848],[112.179433,27.568136],[112.177502,27.569656],[112.173468,27.568211],[112.172737,27.568973],[112.174884,27.570647],[112.172009,27.570722],[112.169219,27.573803],[112.16467,27.574983],[112.163682,27.572129],[112.158919,27.568591],[112.157289,27.563684],[112.154584,27.563303],[112.154241,27.561934],[112.139003,27.565283],[112.134025,27.562354],[112.132439,27.55623],[112.134155,27.55292],[112.124241,27.539829],[112.118662,27.548734],[112.105659,27.547934],[112.080427,27.553116],[112.077681,27.551366],[112.066604,27.564225],[112.057677,27.570806],[112.053947,27.576281],[112.05399,27.583166],[112.057766,27.58716],[112.060984,27.587578],[112.064589,27.591001],[112.066435,27.590011],[112.068237,27.593852],[112.072271,27.594537],[112.064568,27.60903],[112.064053,27.613023],[112.067449,27.61888],[112.073429,27.620045],[112.073974,27.632279],[112.053546,27.629998],[112.049341,27.634864],[112.043504,27.638397],[112.045677,27.636377],[112.043864,27.634526],[112.045167,27.631181],[112.04961,27.630868],[112.050735,27.626937],[112.048925,27.625234],[112.038165,27.625642],[112.033497,27.624012],[112.034064,27.620644],[112.037582,27.616702],[112.036828,27.614227],[112.040542,27.613501],[112.040583,27.610844],[112.036698,27.604045],[112.036853,27.599381],[112.033225,27.595148],[112.029703,27.595105],[112.027041,27.591074],[112.023166,27.596109],[112.018406,27.598845],[112.011612,27.597221],[112.006353,27.599988],[112.004202,27.597458],[112.000934,27.603552],[111.998138,27.60315],[111.996036,27.605815],[111.992588,27.606833],[111.983354,27.604941],[111.978054,27.612394],[111.961557,27.605277],[111.961152,27.60314],[111.92731,27.597744],[111.919244,27.595428],[111.919195,27.594211],[111.917645,27.594729],[111.917592,27.597815],[111.914706,27.598024],[111.911166,27.602426],[111.911841,27.604685],[111.915136,27.605438],[111.914353,27.608609],[111.906709,27.610881],[111.90448,27.614125],[111.893709,27.616872],[111.892581,27.612549],[111.889255,27.611298],[111.885878,27.611283],[111.882477,27.614134],[111.878491,27.612836],[111.880241,27.61536],[111.877897,27.621293],[111.874152,27.623111],[111.873527,27.629258],[111.869946,27.636726],[111.867189,27.637852],[111.868235,27.638636],[111.870033,27.637995],[111.870467,27.638385],[111.868547,27.639612],[111.867847,27.642895],[111.865047,27.643199],[111.884079,27.678382],[111.888074,27.682573],[111.885027,27.684207],[111.884619,27.687095],[111.87977,27.682852],[111.879652,27.686205],[111.881496,27.689055],[111.877623,27.691971],[111.880016,27.696263],[111.879544,27.699455],[111.8845,27.701696],[111.886635,27.700509],[111.887007,27.698099],[111.893207,27.706827],[111.903627,27.716288],[111.904825,27.724556],[111.901563,27.732533],[111.893296,27.742661],[111.892846,27.746619],[111.894216,27.748052],[111.906415,27.748897],[111.907718,27.758403],[111.904897,27.762081],[111.904603,27.766996],[111.910115,27.777589],[111.917157,27.783747],[111.919449,27.784034],[111.921508,27.780657],[111.924626,27.780983],[111.924783,27.794804],[111.920849,27.80155],[111.926739,27.80723],[111.935889,27.809171],[111.945243,27.803209],[111.949495,27.798322],[111.953035,27.797513],[111.965538,27.800797],[111.970787,27.805992],[111.968985,27.809641],[111.956847,27.816559],[111.955509,27.822116],[111.97501,27.832086],[111.975977,27.834544],[111.975133,27.838289],[111.972304,27.839532],[111.963174,27.839049],[111.959381,27.84833],[111.963427,27.8536],[111.959564,27.856395],[111.945177,27.856593],[111.942091,27.853498],[111.936727,27.852826],[111.926247,27.85526],[111.922834,27.858159],[111.922269,27.860656],[111.928403,27.867853],[111.930923,27.873608],[111.934712,27.876854],[111.935096,27.88779],[111.946843,27.919358],[111.94108,27.943804],[111.936804,27.954224],[111.943707,27.961463],[111.945194,27.968765],[111.946812,27.96941],[111.956066,27.965711],[111.962235,27.968354],[111.964149,27.965154],[111.970258,27.962712],[111.975324,27.957019],[111.982253,27.954334],[111.986014,27.950023],[111.998264,27.91625],[112.000475,27.903058],[112.013283,27.875422],[112.014406,27.870545],[112.012448,27.867807],[112.013264,27.853524],[112.014805,27.847102],[112.018419,27.842057],[112.02696,27.835182],[112.029816,27.836561],[112.031222,27.840227],[112.040531,27.839507],[112.046866,27.817069],[112.067036,27.804448],[112.076885,27.806046],[112.087008,27.813835],[112.091932,27.814285],[112.096569,27.811523],[112.101222,27.807382],[112.106506,27.790644],[112.097772,27.776527],[112.097998,27.765415],[112.112655,27.761992],[112.117338,27.755723],[112.125706,27.75299],[112.130798,27.747417],[112.128298,27.745172],[112.118734,27.743387],[112.110922,27.738716],[112.109316,27.723389],[112.106389,27.717131],[112.101906,27.718896],[112.100712,27.722274],[112.101987,27.726998],[112.099048,27.728017],[112.098596,27.731428],[112.094088,27.735201],[112.085807,27.732803],[112.085577,27.728849],[112.081522,27.722595],[112.09132,27.719523],[112.092107,27.71633],[112.083292,27.715209],[112.081071,27.718411],[112.071771,27.720656],[112.051295,27.712671],[112.044708,27.704876],[112.045601,27.701776],[112.050312,27.701114],[112.049133,27.69584],[112.053706,27.691537],[112.047528,27.686122],[112.04726,27.6749],[112.049552,27.674794],[112.050451,27.679572],[112.052681,27.676112],[112.056533,27.677171],[112.058057,27.680383],[112.062569,27.678416],[112.062623,27.672466],[112.06401,27.670612],[112.069269,27.671461],[112.070956,27.669604],[112.066922,27.657505],[112.07197,27.656243],[112.076919,27.650386],[112.07805,27.645754],[112.089443,27.642509],[112.092012,27.642721],[112.10583,27.653751],[112.109319,27.651987],[112.113299,27.653863],[112.114504,27.647895],[112.117206,27.645442],[112.124871,27.646127],[112.135513,27.655863],[112.134599,27.661598],[112.140104,27.666984],[112.147012,27.663851],[112.150137,27.658904],[112.150824,27.653344]]]}},{"type":"Feature","properties":{"dt_adcode":"431321"},"geometry":{"type":"Polygon","coordinates":[[[112.092154,27.205677],[112.086674,27.205675],[112.085484,27.203953],[112.079898,27.206305],[112.073293,27.211311],[112.068426,27.218663],[112.069262,27.235884],[112.065194,27.250811],[112.062405,27.285843],[112.058701,27.289537],[112.051281,27.292399],[112.041081,27.289156],[112.037217,27.291451],[112.025126,27.30361],[112.018039,27.317544],[112.000396,27.318628],[111.9945,27.314879],[111.990809,27.317345],[111.98569,27.332721],[111.990279,27.341558],[111.975853,27.350974],[111.970492,27.357537],[111.953499,27.365522],[111.940855,27.369192],[111.909453,27.388948],[111.907303,27.395401],[111.913091,27.402721],[111.912857,27.410295],[111.892787,27.426848],[111.878403,27.442487],[111.869155,27.449854],[111.869485,27.454852],[111.873637,27.460105],[111.88319,27.465101],[111.894542,27.468481],[111.904373,27.473942],[111.916257,27.476412],[111.942168,27.49077],[111.950526,27.503363],[111.961166,27.509757],[111.969955,27.509044],[111.99253,27.51817],[112.001299,27.514708],[112.014998,27.51307],[112.031098,27.521059],[112.035024,27.527472],[112.032526,27.537804],[112.026076,27.540117],[112.004306,27.536728],[111.998654,27.541559],[111.990469,27.555571],[111.988939,27.560615],[111.990512,27.562084],[111.991094,27.566781],[111.994203,27.567176],[111.999169,27.571811],[111.999678,27.569521],[112.005032,27.568276],[112.006888,27.576216],[112.009031,27.575173],[112.011516,27.576605],[112.00343,27.58146],[112.000492,27.585226],[111.99816,27.585048],[111.996825,27.587671],[111.998524,27.588197],[111.998316,27.594391],[111.989179,27.606271],[111.992588,27.606833],[111.996697,27.605458],[111.998138,27.60315],[112.000934,27.603552],[112.003671,27.597579],[112.006353,27.599988],[112.011612,27.597221],[112.018406,27.598845],[112.023166,27.596109],[112.027041,27.591074],[112.029703,27.595105],[112.033225,27.595148],[112.036853,27.599381],[112.036698,27.604045],[112.040583,27.610844],[112.040542,27.613501],[112.036828,27.614227],[112.037582,27.616702],[112.034064,27.620644],[112.033497,27.624012],[112.038165,27.625642],[112.048925,27.625234],[112.050735,27.626937],[112.04961,27.630868],[112.045167,27.631181],[112.043864,27.634526],[112.045677,27.636377],[112.043504,27.638397],[112.049341,27.634864],[112.053546,27.629998],[112.073974,27.632279],[112.073429,27.620045],[112.067449,27.61888],[112.064053,27.613023],[112.064568,27.60903],[112.072271,27.594537],[112.068237,27.593852],[112.066435,27.590011],[112.064589,27.591001],[112.05399,27.583166],[112.053947,27.576281],[112.057677,27.570806],[112.066604,27.564225],[112.077681,27.551366],[112.080427,27.553116],[112.105659,27.547934],[112.118662,27.548734],[112.124241,27.539829],[112.134155,27.55292],[112.132439,27.55623],[112.134025,27.562354],[112.139003,27.565283],[112.154241,27.561934],[112.154584,27.563303],[112.157289,27.563684],[112.158919,27.568591],[112.163682,27.572129],[112.16467,27.574983],[112.169219,27.573803],[112.172009,27.570722],[112.174884,27.570647],[112.172737,27.568973],[112.173468,27.568211],[112.177502,27.569656],[112.179433,27.568136],[112.180247,27.569848],[112.184111,27.566499],[112.186771,27.566994],[112.188402,27.565624],[112.190333,27.566879],[112.190376,27.574222],[112.187929,27.575477],[112.189046,27.579661],[112.191192,27.580459],[112.191064,27.583275],[112.186858,27.587535],[112.179474,27.589706],[112.170119,27.601648],[112.166084,27.608836],[112.166297,27.616704],[112.162049,27.622751],[112.16364,27.629363],[112.157931,27.637499],[112.159133,27.637385],[112.159305,27.642594],[112.156859,27.646167],[112.154628,27.646243],[112.156086,27.647233],[112.154869,27.649486],[112.159414,27.650251],[112.160583,27.656543],[112.162554,27.659069],[112.166649,27.660068],[112.169691,27.656566],[112.17576,27.654306],[112.176104,27.650195],[112.186643,27.650722],[112.199387,27.654292],[112.206846,27.651612],[112.20567,27.656657],[112.207883,27.666352],[112.206431,27.669895],[112.216392,27.676214],[112.218082,27.670644],[112.221131,27.670614],[112.229917,27.678741],[112.230613,27.685848],[112.232125,27.687569],[112.235842,27.689037],[112.238768,27.687676],[112.240867,27.691095],[112.243508,27.708941],[112.245082,27.710563],[112.248119,27.710158],[112.25661,27.704161],[112.263578,27.70439],[112.268507,27.700916],[112.280146,27.702031],[112.290514,27.705675],[112.295424,27.704286],[112.304187,27.697841],[112.309065,27.691174],[112.315761,27.685885],[112.320613,27.675315],[112.319552,27.670268],[112.315116,27.664313],[112.31348,27.651006],[112.283444,27.644878],[112.281879,27.643277],[112.282122,27.638456],[112.283895,27.633631],[112.298044,27.620974],[112.330784,27.602544],[112.33428,27.581421],[112.330294,27.563987],[112.315686,27.543996],[112.313788,27.537346],[112.308584,27.53457],[112.305525,27.529213],[112.306189,27.525256],[112.302791,27.515905],[112.303531,27.508982],[112.300843,27.50469],[112.305252,27.501929],[112.306389,27.492817],[112.311452,27.491223],[112.32242,27.496418],[112.327153,27.49379],[112.324112,27.491881],[112.324509,27.489616],[112.326409,27.489131],[112.333866,27.495736],[112.33954,27.493685],[112.344467,27.497661],[112.348345,27.487889],[112.352088,27.488954],[112.35453,27.487548],[112.35653,27.490196],[112.357847,27.487339],[112.35659,27.485051],[112.358456,27.48354],[112.368325,27.481307],[112.373754,27.486574],[112.378756,27.486682],[112.384192,27.490931],[112.388902,27.490938],[112.394146,27.493287],[112.392538,27.501395],[112.394017,27.50308],[112.402731,27.505145],[112.40221,27.508247],[112.399441,27.510872],[112.406797,27.518693],[112.406058,27.524445],[112.417583,27.527706],[112.427102,27.526093],[112.431804,27.522914],[112.437532,27.512349],[112.437244,27.511293],[112.434629,27.513851],[112.432788,27.51273],[112.43209,27.508254],[112.434171,27.503175],[112.429652,27.499761],[112.430092,27.498492],[112.435127,27.49768],[112.437787,27.495081],[112.441989,27.495358],[112.444999,27.491653],[112.450389,27.493932],[112.456004,27.494189],[112.460143,27.490453],[112.463692,27.483314],[112.468496,27.471342],[112.470227,27.461918],[112.473031,27.458224],[112.480959,27.453111],[112.500962,27.445834],[112.522488,27.428704],[112.524045,27.422798],[112.522409,27.420448],[112.512485,27.418674],[112.506463,27.415276],[112.513236,27.405636],[112.512804,27.403141],[112.504541,27.403974],[112.504896,27.40129],[112.499012,27.397707],[112.494721,27.401184],[112.493138,27.400268],[112.494219,27.395056],[112.497446,27.394124],[112.498994,27.390894],[112.496597,27.387463],[112.499392,27.385554],[112.50139,27.37628],[112.489008,27.371274],[112.489795,27.363632],[112.488402,27.360984],[112.485719,27.35985],[112.481358,27.362061],[112.477542,27.367567],[112.473933,27.367568],[112.471129,27.372802],[112.467259,27.369013],[112.464956,27.364548],[112.465276,27.36136],[112.460946,27.355944],[112.455049,27.355831],[112.456555,27.349748],[112.454763,27.347329],[112.451896,27.349807],[112.438104,27.344599],[112.432363,27.35421],[112.424178,27.354855],[112.408535,27.361446],[112.368128,27.356094],[112.37052,27.36387],[112.368094,27.367357],[112.361017,27.367021],[112.361069,27.363554],[112.358756,27.362472],[112.352077,27.365831],[112.339265,27.365931],[112.331063,27.370185],[112.325331,27.367769],[112.321529,27.364018],[112.311224,27.366773],[112.308458,27.364511],[112.308484,27.359549],[112.299728,27.35875],[112.283395,27.339742],[112.282569,27.337121],[112.287833,27.328936],[112.286391,27.324243],[112.280787,27.319879],[112.281012,27.312512],[112.272976,27.311948],[112.269076,27.310092],[112.267252,27.305066],[112.257529,27.310349],[112.255056,27.309899],[112.253762,27.305263],[112.255906,27.303158],[112.255471,27.296468],[112.248485,27.293853],[112.238057,27.286979],[112.237988,27.281073],[112.235932,27.277784],[112.236582,27.27321],[112.2332,27.269462],[112.232081,27.26396],[112.226592,27.260863],[112.223775,27.261205],[112.213959,27.268898],[112.214026,27.27481],[112.217553,27.275562],[112.211513,27.278221],[112.209703,27.281784],[112.206471,27.283629],[112.208577,27.291247],[112.205357,27.296537],[112.19767,27.295808],[112.192699,27.299483],[112.195393,27.304572],[112.191998,27.307917],[112.191513,27.311623],[112.183259,27.308912],[112.179111,27.316043],[112.174842,27.319631],[112.165558,27.323978],[112.161955,27.324093],[112.159113,27.321524],[112.159234,27.316404],[112.152797,27.306306],[112.161087,27.308352],[112.160879,27.305044],[112.154686,27.302114],[112.153698,27.30019],[112.158392,27.290067],[112.162047,27.286408],[112.163051,27.2773],[112.157611,27.270188],[112.150533,27.265848],[112.149718,27.259357],[112.152551,27.252241],[112.159965,27.246811],[112.152316,27.23846],[112.135315,27.23555],[112.13281,27.229607],[112.127955,27.227644],[112.130148,27.222623],[112.128544,27.220391],[112.118651,27.223177],[112.114591,27.221873],[112.11447,27.223449],[112.113012,27.223026],[112.111832,27.214845],[112.114669,27.212144],[112.114209,27.210731],[112.10942,27.210967],[112.10719,27.214149],[112.100863,27.208482],[112.100698,27.206283],[112.098024,27.209521],[112.096843,27.207138],[112.094942,27.208867],[112.092154,27.205677]]]}},{"type":"Feature","properties":{"dt_adcode":"431322"},"geometry":{"type":"Polygon","coordinates":[[[110.995269,28.030106],[111.022015,28.027524],[111.029633,28.033185],[111.036248,28.03312],[111.041553,28.022293],[111.061157,28.009482],[111.07201,27.994467],[111.080876,27.995023],[111.085833,28.000144],[111.093814,28.00063],[111.097222,28.002769],[111.097891,28.006796],[111.094363,28.0143],[111.095537,28.021828],[111.092938,28.026314],[111.102554,28.031258],[111.101276,28.033194],[111.110098,28.042488],[111.111456,28.048289],[111.118454,28.050173],[111.113593,28.063575],[111.123282,28.068767],[111.127015,28.074972],[111.137879,28.085968],[111.138252,28.092217],[111.140337,28.094484],[111.140726,28.102885],[111.149322,28.116523],[111.150658,28.122686],[111.160924,28.122835],[111.164236,28.129645],[111.175854,28.138429],[111.189032,28.153828],[111.189137,28.157235],[111.186684,28.161265],[111.215532,28.159236],[111.222048,28.162635],[111.225804,28.160849],[111.228754,28.154566],[111.231566,28.153767],[111.237459,28.154873],[111.248304,28.16096],[111.258268,28.167983],[111.260371,28.172712],[111.27906,28.191009],[111.2836,28.20049],[111.286332,28.216788],[111.294066,28.224263],[111.313654,28.234296],[111.321017,28.227872],[111.325979,28.226538],[111.331027,28.220404],[111.332332,28.213612],[111.336789,28.210348],[111.337458,28.204394],[111.333967,28.200907],[111.332122,28.195934],[111.334132,28.193002],[111.341844,28.193148],[111.354326,28.199415],[111.382904,28.196308],[111.38652,28.191028],[111.386181,28.181633],[111.388449,28.177777],[111.398027,28.180046],[111.410572,28.188311],[111.434856,28.208113],[111.4439,28.206924],[111.448051,28.204109],[111.445285,28.191047],[111.446039,28.187902],[111.448258,28.18685],[111.477468,28.199344],[111.483156,28.204193],[111.485796,28.203179],[111.487761,28.198119],[111.495706,28.18996],[111.494363,28.179709],[111.490018,28.176661],[111.489974,28.168168],[111.48575,28.160464],[111.490769,28.154558],[111.490016,28.148184],[111.483281,28.141117],[111.480813,28.136217],[111.482734,28.128307],[111.482024,28.121641],[111.499861,28.101436],[111.500397,28.09264],[111.511276,28.0916],[111.49329,28.074901],[111.49187,28.066852],[111.494751,28.04921],[111.491574,28.043517],[111.494811,28.037866],[111.502825,28.04168],[111.507654,28.039819],[111.519259,28.030109],[111.524418,28.029738],[111.52241,28.034168],[111.523354,28.041093],[111.52087,28.046187],[111.516032,28.050625],[111.506651,28.05406],[111.509162,28.061203],[111.514718,28.065306],[111.519842,28.06267],[111.526826,28.050017],[111.529067,28.049548],[111.534522,28.054168],[111.543933,28.047528],[111.545439,28.043037],[111.540693,28.035552],[111.541654,28.025245],[111.543887,28.020397],[111.567123,28.03293],[111.570139,28.029823],[111.573113,28.029356],[111.575939,28.021259],[111.575202,28.018609],[111.564712,28.018507],[111.557113,28.010356],[111.558472,28.00469],[111.550978,27.991466],[111.542067,27.99414],[111.538179,27.993458],[111.529521,27.986573],[111.532066,27.983126],[111.534577,27.983371],[111.541624,27.978562],[111.551168,27.974871],[111.567033,27.986581],[111.582536,27.993081],[111.592769,28.006456],[111.599773,28.009702],[111.59881,28.015111],[111.590754,28.017188],[111.587822,28.023481],[111.590295,28.027504],[111.597214,28.029747],[111.601703,28.034528],[111.620879,28.016146],[111.627728,28.019339],[111.634265,28.015306],[111.651501,28.026228],[111.659113,28.026701],[111.662766,28.024737],[111.662853,28.021088],[111.660626,28.019954],[111.65251,28.021742],[111.651544,28.017002],[111.653649,28.015118],[111.66247,28.013918],[111.664828,28.017403],[111.665124,28.024449],[111.670632,28.029806],[111.673616,28.037401],[111.679376,28.037916],[111.684962,28.040777],[111.685551,28.035381],[111.683072,28.025949],[111.683489,28.014502],[111.691562,28.008731],[111.665626,27.988763],[111.654065,27.993774],[111.649821,28.001587],[111.640533,28.004424],[111.63822,28.010481],[111.634482,28.012994],[111.631674,28.012528],[111.625963,28.007154],[111.621261,28.005347],[111.608708,28.006117],[111.600232,27.993871],[111.60321,27.987791],[111.634061,27.965878],[111.644016,27.952682],[111.643346,27.94937],[111.625323,27.932218],[111.621211,27.921459],[111.609961,27.918914],[111.604489,27.914348],[111.604124,27.909085],[111.606721,27.905273],[111.607419,27.900224],[111.626449,27.882868],[111.627161,27.870659],[111.630063,27.863847],[111.632793,27.862097],[111.649262,27.859859],[111.6599,27.84851],[111.661596,27.839235],[111.654696,27.829717],[111.633198,27.815451],[111.603203,27.775465],[111.591241,27.767379],[111.585591,27.767475],[111.575123,27.769421],[111.570789,27.774252],[111.56968,27.78442],[111.571623,27.800962],[111.567983,27.814155],[111.571451,27.823241],[111.567871,27.825041],[111.557706,27.823981],[111.553912,27.831457],[111.548715,27.833948],[111.537951,27.834311],[111.531493,27.836717],[111.525624,27.835444],[111.519633,27.821269],[111.513878,27.815528],[111.500073,27.809832],[111.495209,27.810624],[111.487895,27.803483],[111.480587,27.785581],[111.4807,27.775054],[111.475802,27.773851],[111.472586,27.76818],[111.467151,27.765936],[111.465666,27.766893],[111.468345,27.771524],[111.467079,27.773997],[111.460468,27.770715],[111.455943,27.760891],[111.449979,27.756735],[111.449646,27.753417],[111.452699,27.74534],[111.450663,27.742126],[111.443492,27.736979],[111.437654,27.735651],[111.430435,27.735804],[111.412321,27.739911],[111.404623,27.737456],[111.404615,27.735276],[111.408397,27.733482],[111.410169,27.730603],[111.410492,27.714538],[111.402318,27.70861],[111.399833,27.700682],[111.386824,27.686766],[111.386542,27.684334],[111.390493,27.679522],[111.40315,27.680952],[111.41335,27.684936],[111.420107,27.683028],[111.414973,27.680309],[111.413377,27.67405],[111.417394,27.670267],[111.408597,27.664955],[111.407273,27.661628],[111.409844,27.653862],[111.406374,27.646317],[111.408884,27.641658],[111.402829,27.637939],[111.398044,27.637899],[111.395971,27.635862],[111.394827,27.63709],[111.396138,27.639809],[111.392396,27.641996],[111.389782,27.638598],[111.391535,27.63662],[111.38862,27.634789],[111.38653,27.628191],[111.383242,27.629081],[111.381629,27.627587],[111.38159,27.616357],[111.375108,27.612623],[111.371364,27.614874],[111.363473,27.614134],[111.365761,27.611342],[111.361003,27.608351],[111.361601,27.605771],[111.355637,27.594535],[111.342067,27.573847],[111.338732,27.562758],[111.340324,27.555558],[111.33746,27.551564],[111.326127,27.548682],[111.319268,27.551423],[111.300882,27.567081],[111.298844,27.567205],[111.278386,27.555771],[111.269916,27.541179],[111.266021,27.543566],[111.261004,27.542184],[111.256774,27.543779],[111.255646,27.537828],[111.252308,27.539025],[111.252012,27.531386],[111.248614,27.530599],[111.247826,27.526979],[111.244649,27.525101],[111.223808,27.536185],[111.225003,27.546344],[111.222189,27.551076],[111.205604,27.553129],[111.19739,27.549179],[111.194227,27.552414],[111.183926,27.55596],[111.182146,27.563735],[111.173877,27.559977],[111.170012,27.561931],[111.165814,27.571149],[111.170414,27.576541],[111.169907,27.578192],[111.167161,27.575982],[111.163974,27.576788],[111.162055,27.572811],[111.157396,27.571174],[111.154338,27.573344],[111.157344,27.578912],[111.15011,27.582164],[111.144616,27.578064],[111.134855,27.581393],[111.130213,27.581383],[111.11629,27.577204],[111.113182,27.578798],[111.111871,27.58453],[111.106929,27.590707],[111.080313,27.58874],[111.074102,27.591458],[111.072014,27.593972],[111.071466,27.599248],[111.073772,27.605459],[111.07085,27.620589],[111.059926,27.631306],[111.050591,27.632849],[111.037375,27.632066],[111.025746,27.635655],[111.017661,27.632831],[111.008106,27.625874],[110.996947,27.626929],[110.994079,27.630119],[110.998439,27.639335],[110.994735,27.652385],[110.983796,27.660103],[110.975499,27.659806],[110.945728,27.653842],[110.9175,27.656411],[110.882905,27.650713],[110.871261,27.653642],[110.869188,27.655468],[110.871756,27.658233],[110.869874,27.668092],[110.868296,27.672905],[110.864402,27.676331],[110.860013,27.677229],[110.849183,27.675804],[110.837531,27.681492],[110.830338,27.714965],[110.818272,27.743598],[110.818229,27.749333],[110.816131,27.753913],[110.811458,27.757792],[110.800618,27.756822],[110.795691,27.758174],[110.792577,27.761601],[110.785699,27.782676],[110.780753,27.787925],[110.774018,27.789951],[110.767768,27.79542],[110.768506,27.800703],[110.776442,27.811764],[110.785859,27.832928],[110.791639,27.855674],[110.795222,27.860968],[110.806575,27.864238],[110.83717,27.84923],[110.868377,27.847837],[110.875336,27.845808],[110.882073,27.850497],[110.889551,27.849749],[110.891968,27.851899],[110.894537,27.84988],[110.896735,27.851314],[110.898491,27.856005],[110.903773,27.855552],[110.909421,27.858585],[110.914627,27.865626],[110.922705,27.863485],[110.924756,27.871469],[110.933424,27.874218],[110.929896,27.875059],[110.930113,27.880728],[110.941575,27.889966],[110.941427,27.892311],[110.943852,27.895443],[110.947528,27.897373],[110.954517,27.897519],[110.958046,27.903717],[110.963492,27.905099],[110.976743,27.913053],[110.980424,27.922412],[110.968861,27.926939],[110.970354,27.935103],[110.967107,27.951383],[110.975171,27.961434],[110.987428,27.972888],[110.995936,27.988325],[111.000601,27.993227],[110.989827,27.993356],[110.982375,27.998492],[110.971134,28.00276],[110.96899,28.00441],[110.968991,28.006675],[110.975474,28.012312],[110.979135,28.028886],[110.995269,28.030106]]]}},{"type":"Feature","properties":{"dt_adcode":"431381"},"geometry":{"type":"Polygon","coordinates":[[[111.527464,27.605939],[111.489359,27.594259],[111.485239,27.591741],[111.477811,27.57865],[111.465696,27.579134],[111.463001,27.582193],[111.458313,27.582262],[111.453219,27.596205],[111.433241,27.58953],[111.431374,27.583182],[111.42834,27.582669],[111.424232,27.578374],[111.422524,27.57139],[111.415786,27.573901],[111.417605,27.578071],[111.414388,27.575198],[111.403975,27.557379],[111.394644,27.552593],[111.388399,27.544914],[111.375586,27.544864],[111.374625,27.542954],[111.378032,27.538275],[111.37654,27.532825],[111.367757,27.524905],[111.362774,27.524479],[111.359697,27.526797],[111.357958,27.525627],[111.357821,27.522997],[111.353795,27.524591],[111.350338,27.530657],[111.355741,27.526829],[111.355984,27.528032],[111.349801,27.53703],[111.339226,27.538893],[111.338283,27.540461],[111.32912,27.543206],[111.322131,27.546845],[111.319268,27.551423],[111.326127,27.548682],[111.332673,27.549736],[111.33746,27.551564],[111.340324,27.555558],[111.338732,27.562758],[111.340195,27.569117],[111.361601,27.605771],[111.361003,27.608351],[111.365761,27.611342],[111.363473,27.614134],[111.371364,27.614874],[111.375108,27.612623],[111.38159,27.616357],[111.381629,27.627587],[111.383242,27.629081],[111.38653,27.628191],[111.38862,27.634789],[111.391535,27.63662],[111.389782,27.638598],[111.392396,27.641996],[111.396138,27.639809],[111.394827,27.63709],[111.395971,27.635862],[111.398044,27.637899],[111.402829,27.637939],[111.408884,27.641658],[111.406374,27.646317],[111.409844,27.653862],[111.407273,27.661628],[111.408597,27.664955],[111.417394,27.670267],[111.413377,27.67405],[111.414973,27.680309],[111.420107,27.683028],[111.41335,27.684936],[111.40315,27.680952],[111.390493,27.679522],[111.386542,27.684334],[111.386824,27.686766],[111.399833,27.700682],[111.402318,27.70861],[111.410492,27.714538],[111.410169,27.730603],[111.408397,27.733482],[111.404615,27.735276],[111.404623,27.737456],[111.412321,27.739911],[111.430435,27.735804],[111.437654,27.735651],[111.443492,27.736979],[111.450663,27.742126],[111.452699,27.74534],[111.449646,27.753417],[111.449979,27.756735],[111.455943,27.760891],[111.460468,27.770715],[111.462923,27.772598],[111.467822,27.773424],[111.468345,27.771524],[111.465666,27.766893],[111.467151,27.765936],[111.472586,27.76818],[111.475802,27.773851],[111.4807,27.775054],[111.480044,27.783214],[111.482354,27.792213],[111.487895,27.803483],[111.49205,27.808405],[111.495209,27.810624],[111.500073,27.809832],[111.513878,27.815528],[111.519633,27.821269],[111.525624,27.835444],[111.531493,27.836717],[111.537951,27.834311],[111.551738,27.833143],[111.557706,27.823981],[111.567871,27.825041],[111.571451,27.823241],[111.567983,27.814155],[111.571623,27.800962],[111.56968,27.78442],[111.570789,27.774252],[111.575123,27.769421],[111.591241,27.767379],[111.583144,27.758858],[111.579024,27.751732],[111.574419,27.737284],[111.586619,27.721297],[111.589491,27.721508],[111.593566,27.725174],[111.596353,27.725161],[111.606647,27.714893],[111.609218,27.706012],[111.601049,27.698662],[111.604822,27.687243],[111.602224,27.683969],[111.604839,27.681348],[111.604302,27.67559],[111.608087,27.675922],[111.61119,27.671702],[111.613128,27.663422],[111.612945,27.661393],[111.606182,27.656652],[111.604891,27.651993],[111.59393,27.6479],[111.586652,27.650005],[111.587206,27.647875],[111.58531,27.645702],[111.576293,27.645934],[111.573524,27.641203],[111.566713,27.639626],[111.554449,27.627282],[111.548967,27.615781],[111.54407,27.610416],[111.531179,27.605914],[111.52741,27.608835],[111.525851,27.607518],[111.527464,27.605939]]]}},{"type":"Feature","properties":{"dt_adcode":"431382"},"geometry":{"type":"Polygon","coordinates":[[[111.823745,27.447378],[111.813584,27.45435],[111.81077,27.471343],[111.808466,27.474104],[111.803579,27.474799],[111.79636,27.468158],[111.792234,27.468394],[111.79018,27.470463],[111.787372,27.484928],[111.787466,27.494622],[111.770202,27.495636],[111.756553,27.49347],[111.745996,27.494992],[111.737109,27.507901],[111.733764,27.515703],[111.730923,27.518224],[111.723171,27.515693],[111.717746,27.516599],[111.692998,27.533859],[111.689819,27.531273],[111.690744,27.523696],[111.689636,27.521428],[111.687818,27.522515],[111.686267,27.527281],[111.675381,27.537158],[111.669546,27.537932],[111.654024,27.514762],[111.651658,27.514259],[111.649316,27.517643],[111.643889,27.520145],[111.642615,27.528878],[111.638658,27.537938],[111.641382,27.538503],[111.643302,27.536203],[111.646313,27.536703],[111.650092,27.534016],[111.652258,27.536813],[111.65246,27.540826],[111.641899,27.54723],[111.644007,27.552703],[111.640492,27.555032],[111.638714,27.560442],[111.635124,27.56037],[111.636041,27.555492],[111.630643,27.553073],[111.627907,27.553503],[111.625939,27.556115],[111.630602,27.562318],[111.635608,27.562385],[111.640322,27.568758],[111.641395,27.574638],[111.636375,27.572469],[111.634587,27.573735],[111.635637,27.575497],[111.639989,27.576575],[111.637391,27.584736],[111.635217,27.584575],[111.636187,27.580706],[111.635136,27.578776],[111.631821,27.577274],[111.632216,27.580215],[111.628059,27.579977],[111.627853,27.577036],[111.625481,27.575195],[111.616159,27.579684],[111.611253,27.580124],[111.611244,27.578527],[111.620744,27.572439],[111.615574,27.566172],[111.612153,27.566526],[111.61195,27.569699],[111.60769,27.575851],[111.604016,27.576959],[111.601083,27.575291],[111.598372,27.579842],[111.595546,27.580611],[111.594718,27.584312],[111.596539,27.589768],[111.595508,27.590865],[111.593143,27.589615],[111.590202,27.593937],[111.590594,27.601977],[111.589041,27.606568],[111.574079,27.607713],[111.568142,27.616891],[111.568001,27.627072],[111.562226,27.63057],[111.556978,27.629203],[111.566713,27.639626],[111.573524,27.641203],[111.576293,27.645934],[111.58531,27.645702],[111.587206,27.647875],[111.586652,27.650005],[111.59393,27.6479],[111.604891,27.651993],[111.606182,27.656652],[111.612945,27.661393],[111.61119,27.671702],[111.608087,27.675922],[111.604302,27.67559],[111.604839,27.681348],[111.602224,27.683969],[111.604822,27.687243],[111.601049,27.698662],[111.609218,27.706012],[111.606647,27.714893],[111.596353,27.725161],[111.593566,27.725174],[111.589491,27.721508],[111.586619,27.721297],[111.574419,27.737284],[111.574349,27.740044],[111.579024,27.751732],[111.58796,27.7648],[111.607354,27.779377],[111.627582,27.809314],[111.637589,27.818896],[111.654696,27.829717],[111.661596,27.839235],[111.6599,27.84851],[111.649262,27.859859],[111.632793,27.862097],[111.628629,27.865529],[111.626249,27.87622],[111.626449,27.882868],[111.607419,27.900224],[111.606721,27.905273],[111.604124,27.909085],[111.604489,27.914348],[111.609961,27.918914],[111.621211,27.921459],[111.626209,27.933393],[111.644268,27.951426],[111.634061,27.965878],[111.600987,27.99039],[111.600571,27.994795],[111.608708,28.006117],[111.621261,28.005347],[111.625963,28.007154],[111.631674,28.012528],[111.634482,28.012994],[111.63822,28.010481],[111.640533,28.004424],[111.648351,28.002676],[111.654065,27.993774],[111.663477,27.9888],[111.6668,27.989392],[111.684915,28.002973],[111.685167,27.993287],[111.687107,27.991151],[111.690421,27.990569],[111.699416,27.994339],[111.7074,27.990495],[111.713913,27.994111],[111.721598,27.984916],[111.725301,27.982992],[111.730464,27.987525],[111.734244,27.988158],[111.737519,27.991977],[111.743391,27.994224],[111.747465,28.003197],[111.750574,28.005516],[111.757511,28.004397],[111.765634,28.006116],[111.773884,28.010672],[111.779435,28.007066],[111.778879,27.996645],[111.782833,27.992946],[111.793079,27.989717],[111.796919,27.992673],[111.796123,28.005185],[111.797501,28.007607],[111.804512,28.009231],[111.812604,28.015223],[111.817742,28.016536],[111.82339,28.022609],[111.829964,28.023081],[111.83834,28.019949],[111.849246,28.029402],[111.858974,28.030885],[111.870169,28.026665],[111.889735,28.027536],[111.902591,28.021997],[111.899719,28.020017],[111.896256,28.00966],[111.899344,28.005349],[111.908291,28.000182],[111.899638,27.983636],[111.9008,27.980053],[111.904887,27.976401],[111.910971,27.973665],[111.918152,27.975587],[111.926847,27.980866],[111.936319,27.991207],[111.940336,27.991568],[111.951223,27.987099],[111.960739,27.972618],[111.962235,27.968354],[111.959659,27.966321],[111.956066,27.965711],[111.946812,27.96941],[111.945194,27.968765],[111.943707,27.961463],[111.936804,27.954224],[111.94108,27.943804],[111.946843,27.919358],[111.935096,27.88779],[111.934712,27.876854],[111.930923,27.873608],[111.928403,27.867853],[111.922269,27.860656],[111.922834,27.858159],[111.926247,27.85526],[111.936727,27.852826],[111.942091,27.853498],[111.945177,27.856593],[111.959564,27.856395],[111.963427,27.8536],[111.959381,27.84833],[111.963174,27.839049],[111.972304,27.839532],[111.975133,27.838289],[111.975977,27.834544],[111.97501,27.832086],[111.955509,27.822116],[111.956847,27.816559],[111.968985,27.809641],[111.970787,27.805992],[111.965538,27.800797],[111.953035,27.797513],[111.949495,27.798322],[111.945243,27.803209],[111.935889,27.809171],[111.926739,27.80723],[111.922048,27.803501],[111.920849,27.80155],[111.923793,27.797874],[111.925573,27.789313],[111.924626,27.780983],[111.921508,27.780657],[111.919449,27.784034],[111.917157,27.783747],[111.910115,27.777589],[111.904603,27.766996],[111.904897,27.762081],[111.907718,27.758403],[111.906415,27.748897],[111.894216,27.748052],[111.89242,27.745276],[111.902587,27.73059],[111.904825,27.724556],[111.903627,27.716288],[111.893207,27.706827],[111.887007,27.698099],[111.886635,27.700509],[111.8845,27.701696],[111.879544,27.699455],[111.880016,27.696263],[111.877623,27.691971],[111.881496,27.689055],[111.879652,27.686205],[111.87977,27.682852],[111.884619,27.687095],[111.885027,27.684207],[111.888074,27.682573],[111.884079,27.678382],[111.865047,27.643199],[111.867847,27.642895],[111.868547,27.639612],[111.870467,27.638385],[111.867189,27.637852],[111.869946,27.636726],[111.873527,27.629258],[111.874152,27.623111],[111.877897,27.621293],[111.880241,27.61536],[111.878491,27.612836],[111.882477,27.614134],[111.885878,27.611283],[111.889255,27.611298],[111.892581,27.612549],[111.893709,27.616872],[111.90448,27.614125],[111.906709,27.610881],[111.914353,27.608609],[111.915136,27.605438],[111.911841,27.604685],[111.911166,27.602426],[111.914706,27.598024],[111.917592,27.597815],[111.917645,27.594729],[111.919008,27.59423],[111.919244,27.595428],[111.92731,27.597744],[111.961152,27.60314],[111.961557,27.605277],[111.977419,27.612366],[111.983354,27.604941],[111.989179,27.606271],[111.998316,27.594391],[111.998524,27.588197],[111.996825,27.587671],[111.99816,27.585048],[112.000492,27.585226],[112.00343,27.58146],[112.011516,27.576605],[112.009031,27.575173],[112.006888,27.576216],[112.005032,27.568276],[111.999678,27.569521],[111.999169,27.571811],[111.994203,27.567176],[111.991094,27.566781],[111.990512,27.562084],[111.988939,27.560615],[111.990469,27.555571],[111.998654,27.541559],[112.004306,27.536728],[112.026076,27.540117],[112.032526,27.537804],[112.035024,27.527472],[112.031098,27.521059],[112.014998,27.51307],[112.001299,27.514708],[111.99253,27.51817],[111.969955,27.509044],[111.961166,27.509757],[111.950526,27.503363],[111.942168,27.49077],[111.922466,27.479139],[111.904373,27.473942],[111.873637,27.460105],[111.869485,27.454852],[111.869155,27.449854],[111.863757,27.451931],[111.855284,27.461136],[111.850381,27.461146],[111.840209,27.456621],[111.838791,27.451306],[111.835178,27.446034],[111.831575,27.445125],[111.823745,27.447378]]]}},{"type":"Feature","properties":{"dt_adcode":"433101"},"geometry":{"type":"Polygon","coordinates":[[[109.698616,28.160183],[109.694606,28.166311],[109.695955,28.171346],[109.693763,28.176626],[109.695364,28.180235],[109.695364,28.187618],[109.692085,28.191364],[109.690703,28.198322],[109.687719,28.198235],[109.688302,28.203939],[109.678922,28.202313],[109.675832,28.197926],[109.666131,28.202251],[109.658222,28.199779],[109.653461,28.200641],[109.653404,28.206407],[109.651178,28.208492],[109.620033,28.213193],[109.612549,28.212028],[109.608224,28.208586],[109.593881,28.207454],[109.592449,28.206029],[109.592449,28.200827],[109.581257,28.191044],[109.574345,28.189667],[109.571458,28.184513],[109.569317,28.184893],[109.564629,28.191443],[109.56124,28.192727],[109.555383,28.192697],[109.540694,28.185725],[109.529276,28.187706],[109.525677,28.205897],[109.526467,28.209483],[109.529654,28.211626],[109.539264,28.211474],[109.543436,28.214195],[109.542232,28.215704],[109.534465,28.216224],[109.533092,28.220418],[109.530706,28.2218],[109.525324,28.221173],[109.523465,28.222443],[109.520805,28.23422],[109.537151,28.241126],[109.540145,28.243487],[109.540762,28.246529],[109.535634,28.253242],[109.529488,28.254643],[109.530995,28.26009],[109.520998,28.265865],[109.519285,28.270085],[109.517235,28.292384],[109.528816,28.301034],[109.535474,28.315844],[109.533716,28.316812],[109.517696,28.314509],[109.517283,28.316652],[109.514486,28.316595],[109.510578,28.313772],[109.51175,28.303941],[109.514228,28.305007],[109.516626,28.303195],[109.514388,28.300744],[109.510578,28.30077],[109.512801,28.296536],[109.505325,28.295686],[109.504234,28.292082],[109.501517,28.291487],[109.502918,28.287665],[109.493398,28.277891],[109.489772,28.276736],[109.491797,28.270875],[109.477394,28.26822],[109.470756,28.260548],[109.464722,28.267685],[109.469268,28.271926],[109.474502,28.273089],[109.473257,28.274841],[109.474243,28.276513],[109.477144,28.277385],[109.479532,28.280582],[109.476485,28.278438],[109.477397,28.280337],[109.474613,28.27985],[109.476352,28.282193],[109.474137,28.281957],[109.472533,28.284215],[109.471041,28.282826],[109.471208,28.287263],[109.469566,28.287031],[109.470448,28.288676],[109.466859,28.288034],[109.468232,28.293389],[109.462434,28.293575],[109.4648,28.294699],[109.458443,28.296509],[109.459425,28.298587],[109.466551,28.297767],[109.46867,28.294962],[109.472853,28.294569],[109.475246,28.289723],[109.48243,28.286529],[109.486169,28.292117],[109.481319,28.294978],[109.480162,28.297854],[109.484781,28.299316],[109.484969,28.30061],[109.483391,28.300605],[109.485484,28.301332],[109.484974,28.303727],[109.486975,28.3024],[109.486861,28.305474],[109.48412,28.307084],[109.485176,28.308114],[109.484167,28.309026],[109.488569,28.317747],[109.487076,28.319372],[109.483562,28.319183],[109.483348,28.321418],[109.484464,28.321064],[109.482997,28.322438],[109.493562,28.324736],[109.493927,28.326771],[109.490776,28.328167],[109.496334,28.333697],[109.49699,28.332554],[109.499071,28.333333],[109.500594,28.331298],[109.503902,28.333972],[109.511449,28.331758],[109.518579,28.337723],[109.518572,28.339],[109.508255,28.342893],[109.511873,28.350184],[109.506863,28.358914],[109.506819,28.362121],[109.51999,28.362604],[109.524004,28.364428],[109.527709,28.368591],[109.539141,28.368459],[109.5583,28.355694],[109.561752,28.354892],[109.567125,28.356934],[109.574989,28.352016],[109.58146,28.350072],[109.585531,28.343752],[109.589471,28.344312],[109.593981,28.355319],[109.599366,28.359616],[109.604315,28.35566],[109.601476,28.348049],[109.602355,28.346326],[109.612456,28.345594],[109.615502,28.348947],[109.616537,28.354854],[109.625868,28.362687],[109.628076,28.362452],[109.62955,28.357238],[109.632927,28.357688],[109.635594,28.360606],[109.629314,28.364226],[109.634448,28.366449],[109.639469,28.373485],[109.635771,28.372173],[109.634686,28.378764],[109.630208,28.377283],[109.625281,28.379069],[109.623998,28.381706],[109.625823,28.385311],[109.628874,28.387958],[109.637543,28.389494],[109.640754,28.393272],[109.642642,28.400012],[109.649316,28.400788],[109.654811,28.407782],[109.692987,28.420334],[109.704817,28.428996],[109.718843,28.427108],[109.729134,28.432908],[109.746805,28.436117],[109.758091,28.432921],[109.764861,28.434649],[109.769771,28.433555],[109.776936,28.435864],[109.785798,28.433156],[109.792768,28.435344],[109.803178,28.444962],[109.806843,28.451601],[109.808178,28.456737],[109.805839,28.463664],[109.806844,28.467544],[109.82379,28.47301],[109.833379,28.469719],[109.839736,28.461086],[109.850704,28.467589],[109.86,28.468412],[109.86519,28.463706],[109.873397,28.449094],[109.875781,28.448525],[109.887304,28.453884],[109.894851,28.452831],[109.89787,28.450858],[109.904196,28.450688],[109.903232,28.443179],[109.891449,28.436094],[109.883868,28.415906],[109.884622,28.410856],[109.891846,28.403482],[109.919075,28.394419],[109.933646,28.396431],[109.947263,28.404599],[109.957189,28.401934],[109.963707,28.408115],[109.970898,28.409244],[109.980449,28.416989],[109.98436,28.426355],[109.991553,28.427928],[109.994585,28.434397],[109.99867,28.435376],[110.007458,28.433514],[110.031156,28.435869],[110.036667,28.442409],[110.042761,28.443347],[110.052056,28.441898],[110.057937,28.436898],[110.059625,28.43019],[110.055918,28.42628],[110.060129,28.421773],[110.055526,28.415],[110.044796,28.414221],[110.038363,28.416093],[110.032896,28.412324],[110.021113,28.411576],[110.00824,28.400275],[110.00647,28.369521],[110.010049,28.362715],[110.019429,28.353891],[110.012564,28.336609],[110.014167,28.33284],[110.017825,28.330837],[110.018478,28.32612],[110.010482,28.322122],[110.018076,28.31469],[110.008443,28.311788],[110.00137,28.301698],[109.996867,28.301057],[109.993417,28.29033],[109.989463,28.285409],[109.977176,28.289736],[109.96733,28.296339],[109.963927,28.296309],[109.960436,28.291939],[109.953249,28.287101],[109.941646,28.288087],[109.928502,28.276514],[109.919267,28.276255],[109.91344,28.282084],[109.899299,28.27076],[109.891838,28.272964],[109.886226,28.271794],[109.876879,28.275117],[109.86809,28.269277],[109.862223,28.260603],[109.857327,28.258514],[109.844478,28.240815],[109.844807,28.230916],[109.851754,28.222243],[109.853512,28.215656],[109.847569,28.206376],[109.848954,28.198112],[109.841876,28.186068],[109.845765,28.181363],[109.844552,28.176248],[109.84573,28.170144],[109.842004,28.161512],[109.837985,28.16045],[109.825009,28.161648],[109.822038,28.159139],[109.819569,28.150628],[109.813955,28.14806],[109.803661,28.149418],[109.796876,28.146829],[109.783934,28.150536],[109.770152,28.14847],[109.760676,28.138787],[109.747463,28.134948],[109.745657,28.135451],[109.741584,28.145934],[109.736337,28.147272],[109.728699,28.145421],[109.721181,28.154577],[109.717608,28.154447],[109.711817,28.14756],[109.704756,28.145494],[109.704043,28.155516],[109.698616,28.160183]]]}},{"type":"Feature","properties":{"dt_adcode":"433122"},"geometry":{"type":"Polygon","coordinates":[[[110.069613,27.968337],[110.059698,27.957083],[110.048517,27.953285],[110.047838,27.950013],[110.050779,27.945659],[110.054311,27.934301],[110.048326,27.927532],[110.048263,27.923469],[110.044302,27.91868],[110.022514,27.908009],[110.018552,27.907915],[110.000378,27.919771],[109.99929,27.923794],[110.002992,27.931521],[110.00274,27.934035],[110.001729,27.936171],[109.994823,27.938919],[109.98877,27.945526],[109.984137,27.945931],[109.974123,27.938105],[109.971599,27.938684],[109.971521,27.954871],[109.962939,27.961602],[109.958397,27.961173],[109.956969,27.957312],[109.957891,27.951694],[109.951505,27.948326],[109.949574,27.949329],[109.949574,27.954613],[109.947809,27.956873],[109.943773,27.956447],[109.936878,27.959373],[109.93361,27.959283],[109.926717,27.955251],[109.920342,27.956129],[109.914384,27.951261],[109.916816,27.946986],[109.911865,27.943378],[109.909347,27.937421],[109.906994,27.937254],[109.89744,27.940694],[109.891653,27.945729],[109.882599,27.94691],[109.876817,27.956309],[109.863504,27.964335],[109.857144,27.970887],[109.847511,27.973421],[109.838891,27.973185],[109.837471,27.975032],[109.842825,27.982907],[109.838641,27.985681],[109.822902,27.984663],[109.816127,27.980902],[109.79787,27.979337],[109.794022,27.974729],[109.791837,27.974231],[109.782623,27.991098],[109.780785,27.99307],[109.775338,27.99383],[109.77592,27.999113],[109.784471,28.006738],[109.784133,28.016717],[109.785729,28.023509],[109.795317,28.032261],[109.803863,28.049358],[109.802694,28.058208],[109.79356,28.066777],[109.793309,28.082461],[109.771987,28.083929],[109.766496,28.093282],[109.763685,28.095297],[109.758738,28.096053],[109.751272,28.093998],[109.74456,28.098714],[109.728862,28.103819],[109.718317,28.09454],[109.71404,28.094535],[109.706057,28.099303],[109.702187,28.099947],[109.683988,28.091736],[109.675749,28.092309],[109.669616,28.09716],[109.667172,28.107473],[109.667676,28.109403],[109.673984,28.114111],[109.674489,28.116293],[109.660952,28.124404],[109.659865,28.126583],[109.667348,28.134522],[109.676849,28.156096],[109.687612,28.161652],[109.698616,28.160183],[109.70366,28.156229],[109.704756,28.145494],[109.711817,28.14756],[109.716269,28.153605],[109.719251,28.154742],[109.722485,28.154075],[109.728699,28.145421],[109.739994,28.146814],[109.743138,28.144216],[109.745657,28.135451],[109.747463,28.134948],[109.760676,28.138787],[109.770152,28.14847],[109.783934,28.150536],[109.796876,28.146829],[109.803661,28.149418],[109.813955,28.14806],[109.819569,28.150628],[109.822038,28.159139],[109.825009,28.161648],[109.837985,28.16045],[109.842004,28.161512],[109.84573,28.170144],[109.844552,28.176248],[109.845765,28.181363],[109.841876,28.186068],[109.848954,28.198112],[109.847569,28.206376],[109.853512,28.215656],[109.851754,28.222243],[109.844807,28.230916],[109.844478,28.240815],[109.857327,28.258514],[109.862223,28.260603],[109.86809,28.269277],[109.876879,28.275117],[109.886226,28.271794],[109.891838,28.272964],[109.899299,28.27076],[109.91344,28.282084],[109.919267,28.276255],[109.928502,28.276514],[109.941646,28.288087],[109.953249,28.287101],[109.960436,28.291939],[109.963927,28.296309],[109.96733,28.296339],[109.977176,28.289736],[109.989463,28.285409],[109.993417,28.29033],[109.996867,28.301057],[110.00137,28.301698],[110.008443,28.311788],[110.018076,28.31469],[110.010482,28.322122],[110.018478,28.32612],[110.017825,28.330837],[110.014167,28.33284],[110.012564,28.336609],[110.019429,28.353891],[110.010049,28.362715],[110.00647,28.369521],[110.00824,28.400275],[110.021113,28.411576],[110.032896,28.412324],[110.038363,28.416093],[110.044796,28.414221],[110.055526,28.415],[110.060129,28.421773],[110.055918,28.42628],[110.065208,28.427682],[110.067062,28.441486],[110.070819,28.447314],[110.088209,28.451548],[110.103016,28.452686],[110.106661,28.451023],[110.114965,28.440197],[110.110356,28.425264],[110.111735,28.415908],[110.119994,28.405689],[110.125822,28.402496],[110.141442,28.383328],[110.145212,28.3824],[110.148142,28.389611],[110.154173,28.391364],[110.161952,28.386399],[110.170078,28.378036],[110.181624,28.375329],[110.190417,28.363232],[110.19435,28.361714],[110.205822,28.362619],[110.20733,28.361189],[110.212772,28.34864],[110.203056,28.339762],[110.187981,28.336179],[110.185052,28.333166],[110.182288,28.320168],[110.178528,28.317491],[110.178441,28.302685],[110.185552,28.289836],[110.185758,28.28568],[110.183672,28.284303],[110.176932,28.28465],[110.175052,28.280543],[110.177269,28.275465],[110.183965,28.26851],[110.182076,28.265074],[110.186511,28.259403],[110.198692,28.253112],[110.205564,28.252807],[110.20812,28.245001],[110.210416,28.242776],[110.216328,28.242956],[110.22185,28.239762],[110.226541,28.240846],[110.238528,28.234126],[110.240289,28.230855],[110.237694,28.227836],[110.243472,28.21785],[110.244357,28.212978],[110.242968,28.207241],[110.235931,28.197681],[110.233494,28.196845],[110.223026,28.19807],[110.216655,28.204369],[110.191454,28.201224],[110.192286,28.195853],[110.200993,28.190721],[110.201998,28.187868],[110.199987,28.17877],[110.194294,28.173496],[110.174542,28.165731],[110.168175,28.159537],[110.169179,28.155593],[110.182242,28.145712],[110.183914,28.14269],[110.183324,28.137156],[110.177884,28.133979],[110.154909,28.130414],[110.149589,28.125936],[110.151806,28.1209],[110.167461,28.108857],[110.167799,28.104914],[110.162895,28.099095],[110.149422,28.092428],[110.123199,28.093656],[110.114603,28.093115],[110.111757,28.090937],[110.112347,28.085254],[110.116285,28.075564],[110.124498,28.065746],[110.137442,28.057786],[110.137737,28.054681],[110.13576,28.051288],[110.137311,28.046317],[110.132327,28.045568],[110.130818,28.039616],[110.12114,28.039266],[110.128597,28.024835],[110.12864,28.021773],[110.124408,28.016724],[110.116489,28.015263],[110.111161,28.005536],[110.109442,27.99306],[110.110327,27.988531],[110.109025,27.986854],[110.103531,27.983228],[110.097914,27.976309],[110.090019,27.973831],[110.084694,27.974478],[110.081791,27.969526],[110.069613,27.968337]]]}},{"type":"Feature","properties":{"dt_adcode":"433123"},"geometry":{"type":"Polygon","coordinates":[[[109.418408,27.721355],[109.412618,27.725341],[109.404143,27.723517],[109.401415,27.720372],[109.398522,27.720581],[109.395334,27.721711],[109.392388,27.726366],[109.389408,27.72412],[109.382984,27.724911],[109.365921,27.722205],[109.365504,27.726063],[109.375802,27.734023],[109.377733,27.739688],[109.373281,27.742575],[109.363156,27.744531],[109.366219,27.7498],[109.364583,27.752564],[109.364288,27.759778],[109.349872,27.771054],[109.348906,27.77487],[109.338141,27.775919],[109.337105,27.776714],[109.338454,27.779253],[109.332945,27.780574],[109.333033,27.782797],[109.341066,27.790213],[109.339969,27.791973],[109.33084,27.791912],[109.336524,27.79792],[109.34279,27.80112],[109.338622,27.804507],[109.342999,27.811164],[109.340224,27.821433],[109.346787,27.838302],[109.32685,27.858602],[109.327529,27.862378],[109.337364,27.866255],[109.3388,27.868772],[109.330306,27.870015],[109.321889,27.867985],[109.323152,27.872182],[109.318696,27.876808],[109.317609,27.882257],[109.320629,27.895598],[109.318193,27.901087],[109.311884,27.907784],[109.314836,27.918106],[109.312061,27.927159],[109.313828,27.933327],[109.308868,27.939775],[109.308442,27.947072],[109.301761,27.958341],[109.303527,27.963628],[109.307138,27.968036],[109.313908,27.967839],[109.317363,27.970864],[109.320931,27.971436],[109.322533,27.977267],[109.32001,27.988439],[109.321611,27.991797],[109.342257,28.005338],[109.364849,28.008828],[109.365422,28.012582],[109.372918,28.025556],[109.379162,28.033098],[109.37832,28.036133],[109.372989,28.040195],[109.370554,28.046083],[109.36223,28.050853],[109.360046,28.054204],[109.350371,28.056368],[109.344323,28.06164],[109.335907,28.062883],[109.323625,28.041179],[109.31152,28.037969],[109.305889,28.029992],[109.301008,28.029398],[109.298738,28.032498],[109.298573,28.036271],[109.303447,28.071799],[109.304961,28.076414],[109.313124,28.08603],[109.311776,28.09408],[109.314378,28.103897],[109.325397,28.115198],[109.328096,28.126863],[109.338184,28.14177],[109.335415,28.157061],[109.341806,28.162159],[109.343234,28.173611],[109.342059,28.178808],[109.349265,28.184787],[109.355322,28.186138],[109.35768,28.190044],[109.359908,28.190634],[109.362091,28.189756],[109.364953,28.179529],[109.377599,28.18506],[109.387093,28.184607],[109.406069,28.187825],[109.412486,28.185266],[109.421374,28.185891],[109.420619,28.198264],[109.425652,28.202539],[109.427501,28.217614],[109.430226,28.225686],[109.435423,28.230439],[109.439402,28.230164],[109.447176,28.232919],[109.452064,28.241369],[109.458977,28.240036],[109.463014,28.248822],[109.462806,28.251362],[109.466176,28.255347],[109.46563,28.260761],[109.471558,28.260844],[109.477394,28.26822],[109.492212,28.271292],[109.489772,28.276736],[109.493398,28.277891],[109.502918,28.287665],[109.501058,28.2909],[109.504234,28.292082],[109.504122,28.29462],[109.512801,28.296536],[109.510578,28.30077],[109.514388,28.300744],[109.516626,28.303195],[109.514228,28.305007],[109.51175,28.303941],[109.510578,28.313772],[109.514486,28.316595],[109.517283,28.316652],[109.517696,28.314509],[109.533716,28.316812],[109.535638,28.314962],[109.530573,28.303484],[109.52531,28.297478],[109.521,28.295982],[109.517235,28.292384],[109.519285,28.270085],[109.520998,28.265865],[109.530995,28.26009],[109.529488,28.254643],[109.535634,28.253242],[109.540762,28.246529],[109.540145,28.243487],[109.537151,28.241126],[109.520805,28.23422],[109.523465,28.222443],[109.525324,28.221173],[109.530706,28.2218],[109.533092,28.220418],[109.534465,28.216224],[109.542232,28.215704],[109.543436,28.214195],[109.539264,28.211474],[109.529654,28.211626],[109.526467,28.209483],[109.525677,28.205897],[109.529276,28.187706],[109.540694,28.185725],[109.555383,28.192697],[109.56124,28.192727],[109.564629,28.191443],[109.569317,28.184893],[109.571458,28.184513],[109.574345,28.189667],[109.581257,28.191044],[109.592449,28.200827],[109.592449,28.206029],[109.593881,28.207454],[109.608224,28.208586],[109.612549,28.212028],[109.620033,28.213193],[109.651178,28.208492],[109.653404,28.206407],[109.653461,28.200641],[109.658222,28.199779],[109.666131,28.202251],[109.675832,28.197926],[109.678922,28.202313],[109.688302,28.203939],[109.687719,28.198235],[109.690703,28.198322],[109.692085,28.191364],[109.695364,28.187618],[109.695364,28.180235],[109.693763,28.176626],[109.695955,28.171346],[109.694606,28.166311],[109.698616,28.160183],[109.687612,28.161652],[109.676849,28.156096],[109.667348,28.134522],[109.66037,28.128262],[109.660952,28.124404],[109.674489,28.116293],[109.673984,28.114111],[109.667676,28.109403],[109.667172,28.107473],[109.669616,28.09716],[109.672052,28.094231],[109.679621,28.091561],[109.685919,28.092369],[109.702187,28.099947],[109.716561,28.094201],[109.721012,28.095928],[109.728862,28.103819],[109.74456,28.098714],[109.751272,28.093998],[109.762183,28.095968],[109.766496,28.093282],[109.771987,28.083929],[109.793309,28.082461],[109.79356,28.066777],[109.802694,28.058208],[109.803863,28.049358],[109.795317,28.032261],[109.792344,28.029792],[109.781749,28.026176],[109.770222,28.025599],[109.752448,28.021472],[109.741281,28.022349],[109.735069,28.024526],[109.732176,28.023643],[109.729907,28.016994],[109.736033,28.012428],[109.730324,28.003618],[109.733095,27.987412],[109.725204,27.9821],[109.719788,27.981759],[109.714615,27.973911],[109.713232,27.968793],[109.719535,27.958672],[109.719108,27.952677],[109.711257,27.949815],[109.706334,27.944355],[109.700081,27.941724],[109.696088,27.936978],[109.691042,27.938354],[109.682003,27.935946],[109.679228,27.929672],[109.670736,27.921688],[109.660104,27.91865],[109.654928,27.911281],[109.655769,27.905158],[109.654508,27.903856],[109.649889,27.903974],[109.63044,27.909965],[109.628142,27.90103],[109.624848,27.899591],[109.622744,27.893247],[109.621953,27.880729],[109.624464,27.877544],[109.636982,27.876006],[109.636729,27.87156],[109.642868,27.863853],[109.640928,27.853283],[109.64765,27.843312],[109.648328,27.838785],[109.647406,27.834967],[109.636813,27.82732],[109.623178,27.82662],[109.621415,27.825263],[109.621193,27.820929],[109.626651,27.819005],[109.625138,27.815564],[109.619177,27.812457],[109.615728,27.815894],[109.613382,27.815641],[109.610776,27.808679],[109.603393,27.798151],[109.597777,27.800081],[109.596266,27.804609],[109.593246,27.805199],[109.586955,27.802351],[109.584188,27.806462],[109.580415,27.805878],[109.573799,27.808903],[109.567514,27.805054],[109.565754,27.799943],[109.56065,27.800119],[109.553779,27.789732],[109.54976,27.786176],[109.545828,27.785011],[109.540979,27.786533],[109.537377,27.793503],[109.533032,27.795862],[109.533613,27.809281],[109.530687,27.812391],[109.526419,27.809719],[109.521235,27.812503],[109.516968,27.809831],[109.511957,27.800116],[109.507276,27.802815],[109.497324,27.798651],[109.483692,27.786991],[109.476741,27.788687],[109.479174,27.799417],[109.477746,27.803865],[109.461346,27.803403],[109.453314,27.791846],[109.459595,27.784243],[109.461517,27.773335],[109.449041,27.762542],[109.442678,27.749197],[109.426418,27.738943],[109.423771,27.728271],[109.418408,27.721355]]]}},{"type":"Feature","properties":{"dt_adcode":"433124"},"geometry":{"type":"Polygon","coordinates":[[[109.342059,28.178808],[109.340459,28.19038],[109.342313,28.199317],[109.34576,28.206704],[109.356855,28.217251],[109.360814,28.223549],[109.356778,28.233484],[109.365061,28.236893],[109.372872,28.248376],[109.37216,28.252234],[109.367916,28.255668],[109.373465,28.256849],[109.388003,28.268125],[109.399673,28.269306],[109.400342,28.273501],[109.39048,28.272616],[109.373553,28.277065],[109.367369,28.275171],[109.359512,28.265887],[109.354675,28.264789],[109.352195,28.268518],[109.363551,28.284454],[109.338238,28.293911],[109.333825,28.293314],[109.329194,28.286342],[109.317966,28.27789],[109.303756,28.274532],[109.294927,28.278545],[109.298085,28.288951],[109.297581,28.292809],[109.288205,28.298019],[109.284092,28.305231],[109.273075,28.309397],[109.27524,28.314044],[109.273079,28.319723],[109.276544,28.322974],[109.271715,28.323515],[109.26809,28.337058],[109.273097,28.343104],[109.273084,28.345459],[109.277724,28.349667],[109.279451,28.354113],[109.285,28.358375],[109.287762,28.364444],[109.288782,28.373461],[109.285402,28.37667],[109.27657,28.376866],[109.275436,28.378666],[109.277889,28.380458],[109.276171,28.382978],[109.270636,28.383329],[109.267273,28.386543],[109.26441,28.393544],[109.265758,28.397002],[109.263451,28.399983],[109.264527,28.403793],[109.261188,28.407784],[109.261202,28.415477],[109.259412,28.417819],[109.258317,28.429013],[109.259918,28.432426],[109.256869,28.436732],[109.258781,28.440475],[109.260136,28.451304],[109.26179,28.454406],[109.265103,28.455667],[109.26418,28.458124],[109.260567,28.457963],[109.260609,28.46396],[109.266359,28.481796],[109.270219,28.485057],[109.275261,28.483896],[109.276459,28.484998],[109.273781,28.489058],[109.2733,28.502109],[109.274393,28.503906],[109.27174,28.513216],[109.278245,28.51642],[109.280414,28.519797],[109.274521,28.525178],[109.273922,28.538468],[109.28865,28.545812],[109.292064,28.555823],[109.294355,28.557066],[109.295577,28.568302],[109.300189,28.572067],[109.300916,28.576662],[109.305836,28.579356],[109.314002,28.579507],[109.317362,28.581447],[109.320452,28.579792],[109.330222,28.566131],[109.326688,28.557196],[109.335731,28.561566],[109.340718,28.556122],[109.347376,28.560822],[109.353267,28.556364],[109.356061,28.560188],[109.362604,28.562411],[109.367937,28.569198],[109.365711,28.584214],[109.382391,28.587405],[109.384939,28.594194],[109.388338,28.59621],[109.415613,28.601305],[109.421358,28.599151],[109.426668,28.59323],[109.439737,28.595219],[109.447296,28.593613],[109.458559,28.588439],[109.472511,28.598109],[109.477116,28.595947],[109.478639,28.592208],[109.482674,28.593791],[109.486274,28.590613],[109.489684,28.591662],[109.498961,28.599251],[109.509415,28.603373],[109.520285,28.611314],[109.527192,28.613938],[109.535346,28.61465],[109.547849,28.622173],[109.549988,28.622587],[109.557559,28.61781],[109.564257,28.618384],[109.568781,28.615776],[109.575066,28.615053],[109.582107,28.609592],[109.58831,28.609587],[109.593673,28.616801],[109.600556,28.616633],[109.596606,28.609247],[109.597109,28.60463],[109.598706,28.602869],[109.605834,28.601273],[109.613051,28.592506],[109.619767,28.58865],[109.621364,28.572874],[109.618931,28.569096],[109.623293,28.565995],[109.606674,28.565986],[109.603314,28.567327],[109.599624,28.571859],[109.593592,28.572448],[109.584698,28.566537],[109.581428,28.556345],[109.564929,28.556618],[109.559989,28.554275],[109.558646,28.549158],[109.567354,28.537103],[109.566764,28.518431],[109.558141,28.498916],[109.547841,28.49103],[109.545372,28.480127],[109.553036,28.472243],[109.552949,28.465949],[109.554534,28.46343],[109.561318,28.459451],[109.560018,28.453497],[109.563709,28.447616],[109.570824,28.448235],[109.574553,28.454063],[109.585073,28.455457],[109.592326,28.45453],[109.602976,28.448465],[109.602221,28.438649],[109.604235,28.436341],[109.609306,28.438461],[109.614301,28.438294],[109.616742,28.440561],[109.632698,28.439109],[109.638454,28.43576],[109.647228,28.427151],[109.648828,28.422875],[109.647314,28.418384],[109.636763,28.41029],[109.62401,28.405518],[109.625253,28.403143],[109.628342,28.402352],[109.640001,28.403921],[109.644699,28.400566],[109.642642,28.400012],[109.639692,28.391341],[109.633542,28.388106],[109.628087,28.387676],[109.623998,28.381706],[109.625281,28.379069],[109.628841,28.377399],[109.634686,28.378764],[109.635771,28.372173],[109.639469,28.373485],[109.634448,28.366449],[109.629314,28.364226],[109.635204,28.359803],[109.62955,28.357238],[109.628076,28.362452],[109.625868,28.362687],[109.616537,28.354854],[109.61393,28.346266],[109.609731,28.345199],[109.602355,28.346326],[109.601476,28.348049],[109.604315,28.35566],[109.599366,28.359616],[109.597745,28.35928],[109.593362,28.354352],[109.589471,28.344312],[109.585531,28.343752],[109.58146,28.350072],[109.574989,28.352016],[109.567125,28.356934],[109.561752,28.354892],[109.5583,28.355694],[109.539141,28.368459],[109.527709,28.368591],[109.524004,28.364428],[109.51999,28.362604],[109.506819,28.362121],[109.506863,28.358914],[109.511873,28.350184],[109.508255,28.342893],[109.518572,28.339],[109.518198,28.336897],[109.511449,28.331758],[109.503902,28.333972],[109.500594,28.331298],[109.499071,28.333333],[109.49699,28.332554],[109.496334,28.333697],[109.490776,28.328167],[109.493927,28.326771],[109.493562,28.324736],[109.482997,28.322438],[109.484464,28.321064],[109.483348,28.321418],[109.483562,28.319183],[109.487076,28.319372],[109.488569,28.317747],[109.484167,28.309026],[109.485176,28.308114],[109.48412,28.307084],[109.486861,28.305474],[109.486975,28.3024],[109.484974,28.303727],[109.485484,28.301332],[109.483391,28.300605],[109.484969,28.30061],[109.484781,28.299316],[109.480162,28.297854],[109.481319,28.294978],[109.486169,28.292117],[109.48243,28.286529],[109.475246,28.289723],[109.472853,28.294569],[109.46867,28.294962],[109.466551,28.297767],[109.459108,28.298323],[109.458443,28.296509],[109.4648,28.294699],[109.461903,28.293764],[109.468232,28.293389],[109.466859,28.288034],[109.470448,28.288676],[109.469566,28.287031],[109.471208,28.287263],[109.471041,28.282826],[109.472533,28.284215],[109.474137,28.281957],[109.475966,28.282524],[109.474613,28.27985],[109.477397,28.280337],[109.476485,28.278438],[109.478679,28.280554],[109.479677,28.280129],[109.474243,28.276513],[109.473257,28.274841],[109.474502,28.273089],[109.469268,28.271926],[109.464722,28.267685],[109.470756,28.260548],[109.46563,28.260761],[109.466176,28.255347],[109.462806,28.251362],[109.463014,28.248822],[109.458977,28.240036],[109.452064,28.241369],[109.447176,28.232919],[109.439402,28.230164],[109.435423,28.230439],[109.430226,28.225686],[109.427501,28.217614],[109.425652,28.202539],[109.420619,28.198264],[109.421374,28.185891],[109.412486,28.185266],[109.406069,28.187825],[109.387093,28.184607],[109.377599,28.18506],[109.364953,28.179529],[109.362091,28.189756],[109.359908,28.190634],[109.35768,28.190044],[109.355322,28.186138],[109.349265,28.184787],[109.342059,28.178808]]]}},{"type":"Feature","properties":{"dt_adcode":"433125"},"geometry":{"type":"Polygon","coordinates":[[[109.320452,28.579792],[109.319503,28.583265],[109.320933,28.586097],[109.318122,28.58772],[109.315311,28.587118],[109.311604,28.592118],[109.309351,28.598828],[109.304427,28.602011],[109.306488,28.60687],[109.309421,28.608035],[109.308607,28.614913],[109.305419,28.618834],[109.306628,28.620673],[109.299929,28.626496],[109.294054,28.625303],[109.291357,28.627177],[109.287513,28.627088],[109.278652,28.617004],[109.278461,28.612443],[109.269751,28.612008],[109.258889,28.605593],[109.252731,28.606437],[109.239231,28.617933],[109.232314,28.619536],[109.217149,28.607476],[109.212232,28.606911],[109.202209,28.597949],[109.200813,28.60194],[109.186346,28.610641],[109.188479,28.615382],[109.182889,28.615952],[109.180852,28.618739],[109.181407,28.621726],[109.189494,28.627293],[109.19408,28.63695],[109.202914,28.637981],[109.218904,28.648072],[109.251762,28.660843],[109.266391,28.667786],[109.270902,28.67179],[109.270563,28.674436],[109.266184,28.680175],[109.254786,28.68591],[109.252945,28.691553],[109.257384,28.696079],[109.265003,28.699455],[109.271495,28.698953],[109.273251,28.705757],[109.277736,28.705511],[109.284948,28.713861],[109.294654,28.719124],[109.29446,28.722296],[109.288233,28.727308],[109.289416,28.730263],[109.299141,28.736736],[109.300653,28.739679],[109.299972,28.744939],[109.297669,28.74815],[109.292597,28.750245],[109.278478,28.751525],[109.279894,28.756206],[109.27687,28.756299],[109.276606,28.758447],[109.273585,28.760621],[109.270684,28.760368],[109.256197,28.765621],[109.255962,28.768145],[109.259991,28.767431],[109.259369,28.772399],[109.261322,28.774948],[109.271176,28.768429],[109.282391,28.777316],[109.295158,28.776408],[109.298733,28.778511],[109.308026,28.793193],[109.312064,28.795048],[109.320131,28.793384],[109.324508,28.784577],[109.327537,28.783197],[109.342298,28.783877],[109.365043,28.781441],[109.369915,28.782538],[109.382603,28.793402],[109.383612,28.80973],[109.392809,28.819202],[109.403601,28.839038],[109.413709,28.848231],[109.429815,28.855207],[109.442381,28.867511],[109.446281,28.866623],[109.453264,28.853681],[109.465738,28.855439],[109.473893,28.850213],[109.478914,28.848898],[109.483814,28.849136],[109.483771,28.851656],[109.477331,28.859186],[109.475868,28.863429],[109.488704,28.857119],[109.493802,28.860881],[109.497488,28.860828],[109.502291,28.854644],[109.516257,28.847025],[109.520142,28.839879],[109.528676,28.836831],[109.541054,28.827545],[109.544024,28.827412],[109.559929,28.860369],[109.566629,28.879076],[109.591147,28.912084],[109.604966,28.907833],[109.614198,28.903197],[109.622844,28.904882],[109.637282,28.897374],[109.645386,28.897768],[109.6493,28.892697],[109.654762,28.892232],[109.659694,28.889031],[109.677477,28.893901],[109.681454,28.893657],[109.681262,28.890592],[109.685638,28.888094],[109.683341,28.884228],[109.68435,28.87786],[109.681034,28.871936],[109.681495,28.867319],[109.676449,28.863846],[109.676109,28.859901],[109.694857,28.851792],[109.702424,28.844712],[109.705954,28.832799],[109.705023,28.824821],[109.707632,28.819285],[109.717796,28.809689],[109.718639,28.803899],[109.722881,28.803734],[109.722541,28.793736],[109.733065,28.788803],[109.737469,28.780046],[109.730292,28.76769],[109.719809,28.764814],[109.717097,28.762481],[109.713654,28.762958],[109.712732,28.760303],[109.707244,28.757146],[109.708279,28.755658],[109.712357,28.75596],[109.71454,28.75251],[109.720043,28.748866],[109.722268,28.74463],[109.720714,28.730299],[109.736835,28.728047],[109.752111,28.722325],[109.78012,28.726174],[109.784932,28.72],[109.784386,28.714461],[109.767021,28.700301],[109.766283,28.692002],[109.756241,28.678763],[109.755589,28.674316],[109.761144,28.670466],[109.761795,28.667654],[109.759321,28.656984],[109.756256,28.652535],[109.76431,28.641759],[109.768023,28.640583],[109.794888,28.651069],[109.801926,28.651954],[109.812574,28.649834],[109.818794,28.646586],[109.822415,28.642436],[109.835008,28.618277],[109.833916,28.610482],[109.828129,28.599272],[109.825174,28.583456],[109.816555,28.576622],[109.810516,28.564726],[109.809423,28.553491],[109.791925,28.53683],[109.788994,28.526522],[109.789965,28.511558],[109.793527,28.506476],[109.797002,28.503744],[109.799724,28.506385],[109.801899,28.505834],[109.805001,28.499621],[109.809272,28.497558],[109.817182,28.499748],[109.821288,28.498314],[109.829197,28.499767],[109.830738,28.490199],[109.82379,28.47301],[109.806844,28.467544],[109.805839,28.463664],[109.808178,28.456737],[109.806843,28.451601],[109.803178,28.444962],[109.792768,28.435344],[109.785798,28.433156],[109.776936,28.435864],[109.769771,28.433555],[109.764861,28.434649],[109.758091,28.432921],[109.746805,28.436117],[109.729134,28.432908],[109.718843,28.427108],[109.704817,28.428996],[109.692987,28.420334],[109.656829,28.408877],[109.649316,28.400788],[109.644699,28.400566],[109.640001,28.403921],[109.628342,28.402352],[109.625253,28.403143],[109.62401,28.405518],[109.636763,28.41029],[109.648445,28.420649],[109.648741,28.424553],[109.647228,28.427151],[109.638454,28.43576],[109.632698,28.439109],[109.616742,28.440561],[109.614301,28.438294],[109.609306,28.438461],[109.604235,28.436341],[109.602221,28.438649],[109.602976,28.448465],[109.592326,28.45453],[109.587623,28.455455],[109.574553,28.454063],[109.570824,28.448235],[109.563709,28.447616],[109.560018,28.453497],[109.561318,28.459451],[109.554534,28.46343],[109.552949,28.465949],[109.553036,28.472243],[109.545372,28.480127],[109.547841,28.49103],[109.558141,28.498916],[109.566764,28.518431],[109.567354,28.537103],[109.558646,28.549158],[109.559989,28.554275],[109.564929,28.556618],[109.581428,28.556345],[109.584698,28.566537],[109.593592,28.572448],[109.599624,28.571859],[109.603314,28.567327],[109.606674,28.565986],[109.623293,28.565995],[109.618931,28.569096],[109.621364,28.572874],[109.619767,28.58865],[109.613051,28.592506],[109.605834,28.601273],[109.598706,28.602869],[109.597109,28.60463],[109.596606,28.609247],[109.600556,28.614533],[109.599124,28.617471],[109.593673,28.616801],[109.58831,28.609587],[109.582107,28.609592],[109.575066,28.615053],[109.568781,28.615776],[109.564257,28.618384],[109.557559,28.61781],[109.549988,28.622587],[109.547849,28.622173],[109.535346,28.61465],[109.527192,28.613938],[109.520285,28.611314],[109.509415,28.603373],[109.498961,28.599251],[109.489684,28.591662],[109.486274,28.590613],[109.482674,28.593791],[109.478639,28.592208],[109.477116,28.595947],[109.472511,28.598109],[109.458559,28.588439],[109.447296,28.593613],[109.439737,28.595219],[109.426668,28.59323],[109.421358,28.599151],[109.415613,28.601305],[109.388338,28.59621],[109.384939,28.594194],[109.382391,28.587405],[109.365711,28.584214],[109.367937,28.569198],[109.362604,28.562411],[109.356061,28.560188],[109.353267,28.556364],[109.347376,28.560822],[109.340718,28.556122],[109.335731,28.561566],[109.326688,28.557196],[109.330222,28.566131],[109.320452,28.579792]]]}},{"type":"Feature","properties":{"dt_adcode":"433126"},"geometry":{"type":"Polygon","coordinates":[[[110.274469,28.715531],[110.271532,28.700724],[110.273712,28.689436],[110.27027,28.671389],[110.259865,28.673315],[110.257676,28.672392],[110.251052,28.659929],[110.249038,28.658333],[110.244004,28.658167],[110.242581,28.653048],[110.243335,28.644738],[110.235961,28.646001],[110.228666,28.653142],[110.223134,28.651469],[110.218608,28.644172],[110.212079,28.625675],[110.213163,28.623324],[110.222048,28.620794],[110.230841,28.615918],[110.230259,28.613821],[110.224562,28.612063],[110.224224,28.609714],[110.227241,28.597961],[110.230839,28.593174],[110.229919,28.587552],[110.236459,28.57521],[110.233856,28.568247],[110.224221,28.563306],[110.212829,28.565417],[110.21107,28.566553],[110.207552,28.575117],[110.190136,28.574224],[110.188629,28.574982],[110.185866,28.582708],[110.177576,28.585746],[110.172474,28.584244],[110.167535,28.57477],[110.165446,28.556994],[110.167117,28.535036],[110.155811,28.532833],[110.150872,28.527807],[110.148607,28.483671],[110.155053,28.473341],[110.163595,28.467536],[110.15773,28.46142],[110.141655,28.456494],[110.139687,28.454611],[110.138136,28.447731],[110.135622,28.446728],[110.126362,28.448626],[110.128461,28.457518],[110.126658,28.460624],[110.109222,28.463634],[110.106048,28.462059],[110.103016,28.452686],[110.088209,28.451548],[110.069349,28.446179],[110.065252,28.434185],[110.06567,28.428942],[110.063869,28.426883],[110.055918,28.42628],[110.059625,28.43019],[110.057937,28.436898],[110.052056,28.441898],[110.045164,28.443352],[110.036667,28.442409],[110.031156,28.435869],[110.007458,28.433514],[109.996815,28.435077],[109.992651,28.432336],[109.991553,28.427928],[109.98436,28.426355],[109.980449,28.416989],[109.974093,28.411476],[109.970898,28.409244],[109.963707,28.408115],[109.957189,28.401934],[109.947263,28.404599],[109.933646,28.396431],[109.919075,28.394419],[109.891846,28.403482],[109.884622,28.410856],[109.883868,28.415906],[109.891449,28.436094],[109.903232,28.443179],[109.904196,28.450688],[109.89787,28.450858],[109.894851,28.452831],[109.887304,28.453884],[109.875781,28.448525],[109.873397,28.449094],[109.86519,28.463706],[109.86,28.468412],[109.850704,28.467589],[109.842205,28.461586],[109.838359,28.461592],[109.833379,28.469719],[109.82379,28.47301],[109.830738,28.490199],[109.830028,28.498968],[109.827395,28.500022],[109.821288,28.498314],[109.817182,28.499748],[109.811152,28.497639],[109.806803,28.498192],[109.802783,28.505247],[109.799724,28.506385],[109.797002,28.503744],[109.789965,28.511558],[109.78981,28.532022],[109.791925,28.53683],[109.809423,28.553491],[109.81237,28.56999],[109.816555,28.576622],[109.825174,28.583456],[109.828129,28.599272],[109.833916,28.610482],[109.835008,28.618277],[109.822415,28.642436],[109.818794,28.646586],[109.812574,28.649834],[109.801926,28.651954],[109.794888,28.651069],[109.771372,28.641085],[109.76431,28.641759],[109.756256,28.652535],[109.759321,28.656984],[109.761795,28.667654],[109.761144,28.670466],[109.755928,28.673687],[109.755737,28.677484],[109.766283,28.692002],[109.767021,28.700301],[109.784386,28.714461],[109.784932,28.72],[109.78012,28.726174],[109.788913,28.736847],[109.835213,28.760667],[109.863845,28.76341],[109.876239,28.761419],[109.882169,28.758959],[109.897697,28.740651],[109.9047,28.736906],[109.929581,28.744879],[109.934535,28.744863],[109.944788,28.736246],[109.964085,28.726696],[109.974635,28.715201],[109.98949,28.709073],[109.999045,28.71009],[110.008086,28.71406],[110.018782,28.715604],[110.021561,28.718802],[110.023155,28.735236],[110.025516,28.738307],[110.03283,28.740006],[110.041502,28.738813],[110.05264,28.750483],[110.073106,28.757821],[110.07827,28.75745],[110.096531,28.750642],[110.114525,28.740612],[110.135935,28.724204],[110.147202,28.719949],[110.161516,28.718099],[110.187088,28.722627],[110.197935,28.722082],[110.228332,28.70561],[110.236545,28.704051],[110.242584,28.705348],[110.257428,28.712963],[110.274469,28.715531]]]}},{"type":"Feature","properties":{"dt_adcode":"433127"},"geometry":{"type":"Polygon","coordinates":[[[109.828917,29.373297],[109.90841,29.441729],[109.915131,29.445087],[109.919742,29.445256],[109.925616,29.444423],[109.929987,29.441824],[109.935879,29.434403],[109.940313,29.422828],[109.945276,29.398413],[109.952417,29.386929],[109.952669,29.383488],[109.945153,29.369894],[109.945126,29.365764],[109.947204,29.362087],[109.954799,29.358163],[109.960776,29.347362],[109.960358,29.341266],[109.952918,29.333821],[109.93615,29.325149],[109.936402,29.323177],[109.951281,29.318059],[109.967588,29.303741],[109.975501,29.299167],[109.998048,29.296609],[110.014292,29.287865],[110.049192,29.314573],[110.063052,29.322546],[110.068439,29.323773],[110.080568,29.31883],[110.09719,29.308851],[110.112569,29.2897],[110.11353,29.27903],[110.103542,29.25342],[110.096182,29.250318],[110.087292,29.251938],[110.081874,29.250448],[110.079597,29.245393],[110.081537,29.234899],[110.07316,29.225625],[110.070913,29.219555],[110.070062,29.211883],[110.071962,29.205242],[110.076879,29.200848],[110.079847,29.18901],[110.084812,29.184448],[110.087769,29.177052],[110.090525,29.16731],[110.08904,29.151249],[110.093037,29.143768],[110.099852,29.139598],[110.105003,29.142248],[110.113417,29.142739],[110.128408,29.1364],[110.134113,29.137968],[110.140403,29.145407],[110.138939,29.149591],[110.140822,29.152255],[110.147006,29.153404],[110.158182,29.165194],[110.164848,29.165503],[110.179067,29.153968],[110.183673,29.153708],[110.189633,29.162816],[110.200034,29.163798],[110.203929,29.161046],[110.2058,29.151368],[110.214853,29.141088],[110.215899,29.136075],[110.22148,29.13913],[110.224505,29.138689],[110.223975,29.13644],[110.220108,29.134101],[110.216725,29.129121],[110.217037,29.127059],[110.221246,29.125742],[110.229011,29.126827],[110.236763,29.124868],[110.239009,29.122242],[110.256084,29.122238],[110.261643,29.119614],[110.264062,29.110163],[110.259642,29.102023],[110.253116,29.098523],[110.251338,29.095786],[110.248681,29.082276],[110.249633,29.076917],[110.260546,29.070091],[110.263701,29.069716],[110.272089,29.073048],[110.279982,29.083131],[110.288924,29.086546],[110.292285,29.086098],[110.299447,29.090638],[110.304194,29.091352],[110.304956,29.079689],[110.301781,29.069261],[110.299299,29.050098],[110.305299,29.038586],[110.30966,29.035987],[110.314004,29.035886],[110.323104,29.041732],[110.332562,29.038643],[110.340336,29.041326],[110.344262,29.036358],[110.341301,29.030817],[110.341623,29.02727],[110.347365,29.019422],[110.346219,29.011133],[110.336848,28.999797],[110.334663,28.992404],[110.328058,28.984145],[110.332522,28.983732],[110.332731,28.982349],[110.325499,28.975787],[110.318982,28.973151],[110.318851,28.96631],[110.307211,28.959446],[110.307123,28.947338],[110.308131,28.944316],[110.314569,28.938326],[110.331005,28.941167],[110.337139,28.9395],[110.361099,28.927454],[110.3653,28.920368],[110.364794,28.907942],[110.358913,28.897693],[110.358748,28.891229],[110.38467,28.885449],[110.390423,28.88113],[110.38976,28.874422],[110.396331,28.864198],[110.395025,28.861086],[110.383575,28.857401],[110.377585,28.850249],[110.372624,28.84727],[110.365905,28.846118],[110.344779,28.820752],[110.343168,28.809078],[110.340487,28.801748],[110.342601,28.781999],[110.34039,28.76985],[110.333776,28.762546],[110.330869,28.760036],[110.310893,28.757146],[110.303412,28.759147],[110.292907,28.766519],[110.288291,28.767436],[110.285352,28.765503],[110.282909,28.754084],[110.285516,28.743511],[110.282657,28.731423],[110.279215,28.726888],[110.278624,28.718891],[110.27712,28.716623],[110.257428,28.712963],[110.242584,28.705348],[110.236545,28.704051],[110.228332,28.70561],[110.197935,28.722082],[110.187088,28.722627],[110.161516,28.718099],[110.147202,28.719949],[110.135935,28.724204],[110.114525,28.740612],[110.096531,28.750642],[110.07827,28.75745],[110.073106,28.757821],[110.05264,28.750483],[110.041502,28.738813],[110.03283,28.740006],[110.025516,28.738307],[110.023155,28.735236],[110.021561,28.718802],[110.018782,28.715604],[110.008086,28.71406],[109.999045,28.71009],[109.98949,28.709073],[109.974635,28.715201],[109.964085,28.726696],[109.944788,28.736246],[109.934535,28.744863],[109.929581,28.744879],[109.91128,28.738018],[109.902391,28.737326],[109.886713,28.752186],[109.882169,28.758959],[109.863845,28.76341],[109.835213,28.760667],[109.815835,28.749687],[109.790343,28.738272],[109.78012,28.726174],[109.752111,28.722325],[109.736835,28.728047],[109.721679,28.729711],[109.720254,28.732522],[109.72252,28.742574],[109.720043,28.748866],[109.71454,28.75251],[109.712357,28.75596],[109.708279,28.755658],[109.707244,28.757146],[109.712732,28.760303],[109.713654,28.762958],[109.717097,28.762481],[109.719809,28.764814],[109.730292,28.76769],[109.737469,28.780046],[109.733065,28.788803],[109.722541,28.793736],[109.722881,28.803734],[109.718639,28.803899],[109.717796,28.809689],[109.707632,28.819285],[109.705023,28.824821],[109.705954,28.832799],[109.702424,28.844712],[109.694857,28.851792],[109.676109,28.859901],[109.676449,28.863846],[109.681826,28.868243],[109.681034,28.871936],[109.68435,28.87786],[109.683341,28.884228],[109.685638,28.888094],[109.681262,28.890592],[109.681454,28.893657],[109.679748,28.894138],[109.659694,28.889031],[109.654762,28.892232],[109.6493,28.892697],[109.645386,28.897768],[109.637282,28.897374],[109.622844,28.904882],[109.614198,28.903197],[109.604966,28.907833],[109.591147,28.912084],[109.606331,28.934156],[109.632857,29.024779],[109.636597,29.042678],[109.633366,29.089502],[109.635941,29.110246],[109.638549,29.115035],[109.646611,29.120337],[109.648716,29.123613],[109.652667,29.150861],[109.655356,29.158336],[109.65654,29.174414],[109.664189,29.20981],[109.664103,29.222361],[109.672178,29.233875],[109.690676,29.250447],[109.695887,29.251799],[109.700088,29.248974],[109.703741,29.248561],[109.706602,29.250622],[109.710638,29.259819],[109.731423,29.258942],[109.739208,29.261693],[109.750229,29.26875],[109.778277,29.298414],[109.779283,29.302022],[109.785822,29.304702],[109.785571,29.310159],[109.781132,29.319479],[109.771913,29.328427],[109.776103,29.334886],[109.828917,29.373297]]]}},{"type":"Feature","properties":{"dt_adcode":"433130"},"geometry":{"type":"Polygon","coordinates":[[[109.461296,29.552674],[109.463712,29.557286],[109.467848,29.560013],[109.477989,29.553158],[109.489295,29.553608],[109.491453,29.560768],[109.497628,29.568107],[109.504035,29.588626],[109.503655,29.597731],[109.495919,29.598721],[109.496464,29.60302],[109.501483,29.605438],[109.51654,29.600379],[109.51982,29.608076],[109.525027,29.608808],[109.523969,29.611078],[109.518848,29.611811],[109.514285,29.61801],[109.513828,29.623466],[109.516503,29.625998],[109.524599,29.624281],[109.52902,29.626034],[109.530483,29.622007],[109.532998,29.620945],[109.531106,29.615863],[109.532025,29.614642],[109.548318,29.613404],[109.55866,29.607047],[109.569193,29.612826],[109.575622,29.619836],[109.574738,29.62483],[109.576369,29.628688],[109.591462,29.632283],[109.610926,29.634526],[109.619657,29.630231],[109.63931,29.624169],[109.651495,29.626181],[109.651032,29.610112],[109.657713,29.601796],[109.663472,29.599666],[109.678776,29.607981],[109.705004,29.608384],[109.715544,29.613141],[109.719961,29.609701],[109.726932,29.607864],[109.745733,29.615345],[109.764692,29.614001],[109.768553,29.609972],[109.769559,29.606531],[109.764864,29.598647],[109.767632,29.589248],[109.772151,29.585217],[109.779359,29.582484],[109.782376,29.576608],[109.760078,29.561642],[109.750433,29.55367],[109.748418,29.548887],[109.741783,29.549137],[109.73876,29.547624],[109.73465,29.540991],[109.740948,29.534282],[109.744849,29.523877],[109.74984,29.518301],[109.752939,29.50907],[109.765775,29.500004],[109.770555,29.490518],[109.777424,29.488835],[109.780857,29.474691],[109.803055,29.447096],[109.802136,29.441222],[109.807577,29.435086],[109.808581,29.428371],[109.806484,29.425858],[109.802966,29.424982],[109.795261,29.417103],[109.794507,29.411649],[109.803641,29.404671],[109.81486,29.392566],[109.821218,29.38865],[109.828917,29.373297],[109.776103,29.334886],[109.771913,29.328427],[109.781132,29.319479],[109.785571,29.310159],[109.785822,29.304702],[109.779283,29.302022],[109.778277,29.298414],[109.750229,29.26875],[109.739208,29.261693],[109.731423,29.258942],[109.710638,29.259819],[109.706602,29.250622],[109.703741,29.248561],[109.700088,29.248974],[109.695887,29.251799],[109.690676,29.250447],[109.672178,29.233875],[109.664103,29.222361],[109.664189,29.20981],[109.65654,29.174414],[109.655356,29.158336],[109.652667,29.150861],[109.648716,29.123613],[109.646611,29.120337],[109.638549,29.115035],[109.635941,29.110246],[109.633366,29.089502],[109.636597,29.042678],[109.632857,29.024779],[109.61535,28.968108],[109.611352,28.948835],[109.6037,28.929111],[109.566629,28.879076],[109.559929,28.860369],[109.553067,28.847958],[109.544942,28.827913],[109.541054,28.827545],[109.528676,28.836831],[109.520142,28.839879],[109.516257,28.847025],[109.502291,28.854644],[109.497488,28.860828],[109.493802,28.860881],[109.488704,28.857119],[109.475868,28.863429],[109.477331,28.859186],[109.483771,28.851656],[109.483814,28.849136],[109.478914,28.848898],[109.473893,28.850213],[109.465738,28.855439],[109.453264,28.853681],[109.446281,28.866623],[109.442381,28.867511],[109.429815,28.855207],[109.413709,28.848231],[109.403601,28.839038],[109.392809,28.819202],[109.383612,28.80973],[109.382603,28.793402],[109.369915,28.782538],[109.365043,28.781441],[109.342298,28.783877],[109.327537,28.783197],[109.324508,28.784577],[109.320131,28.793384],[109.312064,28.795048],[109.308026,28.793193],[109.297097,28.777208],[109.292766,28.776153],[109.282391,28.777316],[109.272471,28.768766],[109.269342,28.769016],[109.260757,28.775085],[109.246132,28.77393],[109.241305,28.776522],[109.239882,28.780502],[109.241697,28.793722],[109.246412,28.801677],[109.246039,28.812614],[109.242384,28.817237],[109.242298,28.82239],[109.239521,28.828177],[109.242577,28.834463],[109.240615,28.839168],[109.242474,28.854597],[109.240148,28.859081],[109.233926,28.864113],[109.234481,28.865431],[109.238066,28.865739],[109.234889,28.868395],[109.235428,28.881664],[109.238458,28.887867],[109.240654,28.88885],[109.240402,28.892735],[109.247461,28.897391],[109.250231,28.906227],[109.256849,28.907733],[109.257571,28.91885],[109.255557,28.929188],[109.261752,28.953034],[109.26847,28.966589],[109.272346,28.970946],[109.281953,28.971614],[109.286562,28.974226],[109.292442,28.987651],[109.292051,29.003127],[109.29494,29.009834],[109.294505,29.015097],[109.298159,29.018406],[109.305224,29.021134],[109.30988,29.031586],[109.317669,29.039851],[109.319697,29.044883],[109.314224,29.055552],[109.312241,29.066336],[109.310213,29.068151],[109.301156,29.07066],[109.291195,29.069601],[109.273771,29.078714],[109.266697,29.079059],[109.257766,29.086762],[109.244488,29.086158],[109.235973,29.087451],[109.234507,29.096836],[109.230203,29.103284],[109.228373,29.111261],[109.225936,29.113515],[109.227506,29.115292],[109.231792,29.11561],[109.232565,29.11946],[109.245341,29.115098],[109.250881,29.118035],[109.255962,29.123228],[109.274154,29.122126],[109.276511,29.124257],[109.277144,29.13406],[109.264022,29.144017],[109.260368,29.152327],[109.260281,29.156525],[109.261463,29.161057],[109.26633,29.167273],[109.273465,29.171221],[109.270615,29.180286],[109.276075,29.200312],[109.263483,29.215706],[109.259365,29.218057],[109.257854,29.222589],[109.258775,29.224939],[109.261381,29.227794],[109.27698,29.233341],[109.286077,29.24204],[109.315059,29.252104],[109.341765,29.273364],[109.351913,29.284146],[109.351339,29.289201],[109.354276,29.296423],[109.352344,29.300029],[109.352676,29.304564],[109.343094,29.307608],[109.345279,29.314663],[109.340146,29.335973],[109.343516,29.352809],[109.343978,29.369428],[109.349826,29.375356],[109.368786,29.382899],[109.373109,29.381457],[109.376769,29.376552],[109.391548,29.372279],[109.391897,29.374962],[109.386425,29.381921],[109.381818,29.383351],[109.385199,29.390048],[109.385274,29.39356],[109.37668,29.405418],[109.368601,29.411348],[109.370139,29.419913],[109.37361,29.42577],[109.386666,29.432705],[109.390973,29.438864],[109.397058,29.439121],[109.406382,29.434462],[109.406204,29.441962],[109.402408,29.445428],[109.411328,29.450613],[109.414196,29.450463],[109.416406,29.448161],[109.418228,29.448728],[109.417123,29.454794],[109.408237,29.462043],[109.405145,29.468751],[109.412541,29.48015],[109.412839,29.484722],[109.409987,29.490594],[109.415155,29.497017],[109.419479,29.497568],[109.434881,29.489058],[109.440179,29.491298],[109.439464,29.496414],[109.431337,29.505281],[109.432102,29.518857],[109.429548,29.524693],[109.430993,29.529054],[109.435719,29.531128],[109.438285,29.529415],[109.446517,29.528781],[109.448508,29.519562],[109.454709,29.517232],[109.458571,29.513184],[109.464758,29.513636],[109.463495,29.521384],[109.458596,29.530538],[109.461296,29.552674]]]}}]}