{"type":"FeatureCollection","features":[{"type":"Feature","properties":{"dt_adcode":"500101"},"geometry":{"type":"Polygon","coordinates":[[[108.414988,30.998899],[108.426516,30.998219],[108.432897,30.999511],[108.439069,31.002884],[108.444597,30.998667],[108.450696,30.999581],[108.453632,30.997914],[108.455606,30.994725],[108.45273,30.985057],[108.454747,30.970249],[108.456237,30.967959],[108.460531,30.967416],[108.465527,30.971937],[108.471829,30.971854],[108.487197,30.977286],[108.491125,30.973879],[108.496628,30.972829],[108.504103,30.977305],[108.501119,30.986514],[108.506638,30.992621],[108.511621,30.992845],[108.516657,30.99055],[108.530874,30.995662],[108.538352,30.995195],[108.53933,30.992643],[108.532596,30.988057],[108.533469,30.980503],[108.531254,30.978032],[108.523837,30.976461],[108.523612,30.973167],[108.529254,30.963877],[108.538064,30.957752],[108.54086,30.946543],[108.547604,30.940395],[108.545647,30.933266],[108.554349,30.913505],[108.559286,30.912123],[108.569997,30.912766],[108.588314,30.917294],[108.596619,30.923081],[108.608576,30.938086],[108.612789,30.938481],[108.618863,30.934721],[108.619245,30.926991],[108.623764,30.924563],[108.628293,30.918785],[108.62339,30.913764],[108.623103,30.91151],[108.625302,30.909393],[108.622268,30.905399],[108.623189,30.89361],[108.621606,30.888564],[108.624796,30.876008],[108.627386,30.875341],[108.634977,30.880181],[108.636342,30.882761],[108.634238,30.884489],[108.63863,30.888209],[108.653026,30.891036],[108.659569,30.877736],[108.659151,30.872634],[108.665964,30.867955],[108.671646,30.852434],[108.675884,30.851361],[108.686414,30.84469],[108.685117,30.835957],[108.6985,30.822871],[108.697273,30.816956],[108.699972,30.811839],[108.704816,30.811825],[108.715159,30.815089],[108.715969,30.818731],[108.718065,30.819164],[108.719725,30.814869],[108.731707,30.814935],[108.738546,30.808042],[108.737911,30.798229],[108.740474,30.787935],[108.747286,30.78343],[108.746756,30.781502],[108.740578,30.777943],[108.740161,30.775524],[108.748639,30.748265],[108.754988,30.740041],[108.764669,30.742067],[108.768679,30.737753],[108.767628,30.733581],[108.762376,30.729368],[108.767142,30.722506],[108.764174,30.717751],[108.763426,30.713047],[108.789768,30.714277],[108.792439,30.712962],[108.79093,30.709002],[108.792586,30.706559],[108.779853,30.695724],[108.780573,30.690163],[108.778924,30.686217],[108.780116,30.683868],[108.78587,30.683501],[108.801169,30.689408],[108.820126,30.694018],[108.823333,30.691689],[108.829061,30.679029],[108.835907,30.678423],[108.837025,30.680112],[108.848794,30.681953],[108.849852,30.684192],[108.853605,30.684481],[108.854619,30.687304],[108.860757,30.686497],[108.863488,30.689371],[108.871474,30.689847],[108.873096,30.691948],[108.877008,30.692551],[108.877216,30.694937],[108.882074,30.696072],[108.883515,30.695795],[108.884538,30.687051],[108.88846,30.688576],[108.889658,30.686393],[108.893225,30.686252],[108.896307,30.684023],[108.899953,30.676421],[108.900606,30.664079],[108.902635,30.662171],[108.900507,30.65588],[108.901713,30.6468],[108.898856,30.641167],[108.894984,30.640389],[108.895983,30.63535],[108.887954,30.633366],[108.888379,30.630669],[108.882331,30.629029],[108.881819,30.625925],[108.879242,30.626103],[108.876492,30.623505],[108.876154,30.618881],[108.871704,30.618342],[108.873196,30.615255],[108.869631,30.611334],[108.894478,30.592373],[108.901319,30.589078],[108.911781,30.578064],[108.89938,30.570265],[108.893122,30.557807],[108.871682,30.532736],[108.854749,30.522787],[108.854965,30.518903],[108.85298,30.514999],[108.846531,30.508192],[108.839008,30.503163],[108.808466,30.491174],[108.804365,30.493786],[108.799243,30.505932],[108.790008,30.513291],[108.772197,30.503155],[108.758569,30.504784],[108.754479,30.502994],[108.751595,30.497525],[108.747955,30.495248],[108.741309,30.49595],[108.725011,30.506153],[108.724096,30.509331],[108.726883,30.513553],[108.726298,30.515398],[108.713984,30.520758],[108.711885,30.523203],[108.711209,30.526423],[108.712766,30.529149],[108.715807,30.530374],[108.715579,30.533154],[108.712059,30.537593],[108.70638,30.538345],[108.699069,30.544894],[108.699069,30.554736],[108.697065,30.558175],[108.700008,30.561804],[108.694784,30.571146],[108.693657,30.581594],[108.691133,30.586066],[108.688288,30.587526],[108.66379,30.588344],[108.645892,30.580335],[108.639888,30.57475],[108.643598,30.561712],[108.649857,30.553934],[108.650082,30.549531],[108.648298,30.547006],[108.649355,30.537835],[108.642688,30.532404],[108.632235,30.529296],[108.628592,30.525185],[108.624367,30.52606],[108.620134,30.522885],[108.62029,30.521474],[108.624149,30.519817],[108.621733,30.51546],[108.611202,30.511559],[108.604965,30.511395],[108.605556,30.506654],[108.611496,30.505092],[108.611401,30.502177],[108.598556,30.49389],[108.590598,30.4947],[108.591257,30.487781],[108.584879,30.487688],[108.581696,30.485902],[108.579883,30.479552],[108.575998,30.479116],[108.571247,30.474732],[108.569201,30.469304],[108.566184,30.468429],[108.563386,30.470481],[108.56206,30.477145],[108.557607,30.481575],[108.551873,30.483536],[108.552263,30.485148],[108.556793,30.485718],[108.556178,30.487478],[108.546764,30.48872],[108.542911,30.491959],[108.534964,30.490779],[108.538712,30.485922],[108.53216,30.490913],[108.529719,30.490783],[108.527625,30.487361],[108.52547,30.490946],[108.51411,30.500724],[108.507881,30.503178],[108.491755,30.50149],[108.481501,30.490377],[108.472056,30.487186],[108.463096,30.488074],[108.459209,30.490387],[108.455463,30.488817],[108.456139,30.495032],[108.454404,30.496157],[108.446235,30.491888],[108.442384,30.492184],[108.439921,30.485752],[108.435568,30.493392],[108.426968,30.492261],[108.427199,30.488151],[108.42469,30.488359],[108.421212,30.494095],[108.421012,30.497195],[108.424239,30.504732],[108.429581,30.511925],[108.427795,30.512561],[108.418948,30.508464],[108.412345,30.503064],[108.411443,30.507742],[108.413005,30.51171],[108.411322,30.517025],[108.404404,30.515673],[108.399551,30.520519],[108.400663,30.527709],[108.403988,30.530866],[108.409726,30.532742],[108.41069,30.53542],[108.409614,30.54507],[108.404858,30.548469],[108.394593,30.536744],[108.389981,30.535979],[108.383334,30.538053],[108.378728,30.53487],[108.35065,30.490675],[108.344647,30.477004],[108.338837,30.470355],[108.334869,30.460073],[108.33319,30.45035],[108.317428,30.433945],[108.316679,30.426243],[108.311931,30.423295],[108.307686,30.416346],[108.299895,30.409358],[108.296898,30.401395],[108.292847,30.401305],[108.276901,30.407079],[108.261494,30.388588],[108.252073,30.406337],[108.24888,30.407933],[108.237165,30.408989],[108.232942,30.415885],[108.223632,30.421287],[108.225972,30.426946],[108.242111,30.444356],[108.232017,30.456348],[108.230722,30.464034],[108.231775,30.474187],[108.230492,30.476706],[108.207813,30.497657],[108.193521,30.515569],[108.184515,30.518164],[108.175552,30.51064],[108.173517,30.511117],[108.170452,30.518195],[108.16581,30.521827],[108.16562,30.524408],[108.17086,30.532895],[108.171388,30.539319],[108.165249,30.541267],[108.153268,30.535419],[108.153072,30.545884],[108.149824,30.549606],[108.143597,30.566231],[108.139499,30.56808],[108.132401,30.56444],[108.126473,30.564007],[108.123066,30.566876],[108.119728,30.576482],[108.126647,30.577975],[108.127419,30.584789],[108.126032,30.587228],[108.119686,30.59058],[108.113815,30.58937],[108.111603,30.59345],[108.106875,30.592381],[108.103196,30.587564],[108.102145,30.577613],[108.103915,30.57425],[108.102292,30.57255],[108.095626,30.574787],[108.086491,30.572769],[108.084511,30.574605],[108.083356,30.579569],[108.076171,30.582218],[108.07093,30.581534],[108.062671,30.574445],[108.05286,30.572106],[108.04261,30.575757],[108.034786,30.574185],[108.030834,30.577906],[108.028031,30.583862],[108.028031,30.587435],[108.033281,30.589401],[108.033716,30.592437],[108.024776,30.604022],[108.016932,30.629565],[108.018143,30.635153],[108.023602,30.636502],[108.025667,30.648859],[108.040788,30.661785],[108.044391,30.662688],[108.054048,30.660103],[108.061111,30.660334],[108.070013,30.660984],[108.079538,30.664514],[108.081693,30.668965],[108.079531,30.674657],[108.082163,30.678579],[108.079956,30.680044],[108.080521,30.682535],[108.076959,30.686682],[108.077933,30.693744],[108.074831,30.696287],[108.074709,30.698756],[108.078681,30.702631],[108.080679,30.708639],[108.086899,30.7146],[108.074907,30.723127],[108.067601,30.724209],[108.05465,30.722349],[108.047528,30.723689],[108.035177,30.715371],[108.011408,30.709814],[108.003265,30.710169],[107.984674,30.715663],[107.960625,30.718479],[107.943509,30.736208],[107.939794,30.737183],[107.935417,30.745532],[107.931966,30.74576],[107.918642,30.758294],[107.908242,30.76293],[107.903729,30.769348],[107.905388,30.778854],[107.902272,30.781032],[107.888092,30.802517],[107.876131,30.813276],[107.885051,30.820276],[107.895579,30.834246],[107.932078,30.861112],[107.942108,30.865076],[107.955284,30.873282],[107.955954,30.882966],[107.98405,30.900601],[107.992244,30.902623],[107.994717,30.908684],[108.000839,30.911919],[108.00939,30.907661],[108.012081,30.902828],[108.017479,30.899479],[108.029442,30.88449],[108.030782,30.878648],[108.036292,30.870115],[108.038572,30.869183],[108.041305,30.870744],[108.041097,30.876526],[108.044212,30.877661],[108.047928,30.87641],[108.051808,30.882244],[108.068715,30.887804],[108.070479,30.892671],[108.077154,30.889342],[108.079708,30.885469],[108.089142,30.888801],[108.091703,30.882132],[108.098292,30.880506],[108.101651,30.877999],[108.098943,30.872766],[108.091667,30.872884],[108.090139,30.871539],[108.094306,30.861577],[108.094896,30.849774],[108.104321,30.843194],[108.105562,30.839425],[108.104703,30.832733],[108.107011,30.829615],[108.122865,30.833496],[108.123923,30.837268],[108.122163,30.840388],[108.124417,30.84147],[108.131706,30.831989],[108.152197,30.831276],[108.157289,30.8349],[108.159706,30.830881],[108.163308,30.830586],[108.166702,30.827345],[108.17318,30.82725],[108.181726,30.824008],[108.196701,30.833085],[108.200122,30.839189],[108.216722,30.852038],[108.229264,30.854168],[108.229958,30.856167],[108.225467,30.861378],[108.231181,30.876127],[108.227878,30.880542],[108.235014,30.886267],[108.244556,30.890997],[108.242889,30.884695],[108.244694,30.881031],[108.251131,30.875073],[108.25541,30.872704],[108.259636,30.872523],[108.26838,30.881664],[108.292022,30.892977],[108.300281,30.901027],[108.327025,30.912236],[108.33662,30.918248],[108.344849,30.920411],[108.350924,30.927],[108.359073,30.929174],[108.362382,30.927661],[108.362722,30.93028],[108.35987,30.933917],[108.349007,30.939164],[108.339667,30.963123],[108.355654,30.960594],[108.358532,30.963337],[108.372792,30.969776],[108.397461,30.992821],[108.414988,30.998899]]]}},{"type":"Feature","properties":{"dt_adcode":"500102"},"geometry":{"type":"Polygon","coordinates":[[[107.471345,29.989433],[107.487425,29.972072],[107.487511,29.967894],[107.495827,29.97234],[107.498916,29.971953],[107.501529,29.967372],[107.499607,29.962754],[107.504176,29.956889],[107.51583,29.959999],[107.517501,29.970589],[107.523801,29.978676],[107.533553,29.968549],[107.536375,29.969967],[107.538738,29.967361],[107.546919,29.965673],[107.548763,29.962105],[107.546226,29.959489],[107.552053,29.95539],[107.552313,29.951715],[107.557475,29.947662],[107.561944,29.946149],[107.57191,29.951063],[107.576609,29.950234],[107.579479,29.943888],[107.578767,29.940279],[107.573825,29.935873],[107.573166,29.933266],[107.579356,29.923955],[107.589564,29.91983],[107.591012,29.916693],[107.594734,29.917673],[107.597017,29.91543],[107.600783,29.908732],[107.600548,29.90278],[107.602979,29.897382],[107.598688,29.888612],[107.606086,29.883738],[107.611269,29.87754],[107.626774,29.874977],[107.616272,29.86487],[107.614134,29.856477],[107.604729,29.853149],[107.60261,29.843089],[107.593939,29.837136],[107.595857,29.835008],[107.603235,29.834334],[107.605249,29.832425],[107.605274,29.817832],[107.60352,29.813738],[107.605351,29.808146],[107.611073,29.8038],[107.620237,29.801904],[107.624808,29.803935],[107.633682,29.812341],[107.638635,29.813275],[107.639428,29.811092],[107.639358,29.796668],[107.637609,29.789814],[107.638521,29.772973],[107.641407,29.76528],[107.643676,29.763875],[107.641529,29.762967],[107.638147,29.765319],[107.635008,29.759731],[107.628958,29.754751],[107.625074,29.753892],[107.630776,29.750387],[107.633555,29.744981],[107.640342,29.740713],[107.638609,29.729238],[107.632789,29.719023],[107.633186,29.711441],[107.631153,29.706833],[107.630762,29.698967],[107.632857,29.6959],[107.640998,29.691359],[107.642498,29.688381],[107.655716,29.686536],[107.668701,29.67682],[107.670101,29.675054],[107.670136,29.667882],[107.673415,29.663519],[107.684723,29.666531],[107.696621,29.660314],[107.718097,29.656831],[107.719636,29.655278],[107.713741,29.642559],[107.701106,29.621846],[107.698253,29.619818],[107.701593,29.615452],[107.698749,29.613324],[107.700575,29.611454],[107.699435,29.607651],[107.690425,29.600448],[107.686389,29.599843],[107.685519,29.595626],[107.680943,29.593231],[107.666955,29.573824],[107.653307,29.560869],[107.650836,29.552551],[107.629865,29.5395],[107.615719,29.536021],[107.612462,29.536732],[107.609196,29.534425],[107.607095,29.525927],[107.609204,29.518637],[107.606747,29.515528],[107.615031,29.512355],[107.617116,29.509492],[107.617341,29.500326],[107.619547,29.496841],[107.620233,29.481763],[107.611225,29.479272],[107.59907,29.481374],[107.593455,29.479619],[107.577468,29.462431],[107.574225,29.452523],[107.561374,29.453064],[107.554434,29.449204],[107.546285,29.437126],[107.546544,29.431845],[107.536129,29.423908],[107.532658,29.423044],[107.523114,29.44009],[107.514281,29.460262],[107.481299,29.493098],[107.478512,29.497159],[107.475899,29.506363],[107.463709,29.503448],[107.462393,29.501399],[107.46383,29.498615],[107.450534,29.49002],[107.446999,29.490588],[107.444919,29.493306],[107.442796,29.493046],[107.441383,29.491574],[107.441634,29.486607],[107.431784,29.483459],[107.426547,29.497339],[107.427189,29.507015],[107.419913,29.507587],[107.419408,29.512404],[107.410679,29.515726],[107.408986,29.520419],[107.404158,29.524095],[107.396419,29.526457],[107.395672,29.529629],[107.39078,29.531004],[107.387581,29.527543],[107.374949,29.520794],[107.37247,29.520545],[107.367452,29.523285],[107.357317,29.515052],[107.346709,29.515339],[107.330565,29.510995],[107.325273,29.500199],[107.313227,29.487465],[107.31247,29.479726],[107.306308,29.472286],[107.305656,29.465332],[107.300722,29.460301],[107.274871,29.438692],[107.26896,29.435942],[107.262256,29.436169],[107.258902,29.432781],[107.260952,29.429015],[107.245441,29.424395],[107.242437,29.426793],[107.238531,29.426196],[107.236803,29.422679],[107.227622,29.418174],[107.22724,29.416053],[107.230156,29.414325],[107.226641,29.40685],[107.23721,29.396184],[107.24167,29.37943],[107.240671,29.377468],[107.242389,29.367528],[107.239264,29.364742],[107.23246,29.364842],[107.223758,29.367909],[107.207341,29.366287],[107.206292,29.369097],[107.211157,29.373682],[107.207281,29.377904],[107.206562,29.383823],[107.214272,29.399],[107.207985,29.400264],[107.203797,29.397365],[107.199428,29.39798],[107.202124,29.406926],[107.205124,29.40883],[107.203243,29.411304],[107.198154,29.41341],[107.193048,29.410242],[107.184866,29.412639],[107.183557,29.411884],[107.185663,29.409463],[107.184666,29.408429],[107.180611,29.411598],[107.173113,29.408329],[107.169144,29.410938],[107.166414,29.421682],[107.160832,29.424415],[107.155977,29.41758],[107.148053,29.419139],[107.143648,29.414812],[107.135027,29.411831],[107.144471,29.406733],[107.143872,29.398735],[107.14689,29.398841],[107.147306,29.397648],[107.144791,29.394729],[107.140759,29.392952],[107.132354,29.394168],[107.124042,29.387263],[107.1165,29.389512],[107.112515,29.387497],[107.110422,29.389336],[107.112776,29.391053],[107.111161,29.39179],[107.104222,29.387116],[107.106688,29.38136],[107.10918,29.38385],[107.114224,29.370049],[107.114354,29.365764],[107.111367,29.364196],[107.084302,29.359754],[107.074309,29.361487],[107.069629,29.369069],[107.063258,29.368938],[107.060517,29.372075],[107.044869,29.377057],[107.043162,29.378702],[107.045462,29.380203],[107.045061,29.383075],[107.052543,29.388703],[107.051681,29.394105],[107.041308,29.392411],[107.038625,29.397798],[107.036481,29.396462],[107.036254,29.392546],[107.034712,29.391131],[107.028787,29.395683],[107.025668,29.400621],[107.026365,29.402816],[107.031176,29.403923],[107.035062,29.407722],[107.034731,29.40884],[107.030392,29.408609],[107.028544,29.417092],[107.026096,29.41751],[107.026366,29.41965],[107.02885,29.421174],[107.026366,29.425193],[107.024206,29.44001],[107.034402,29.451498],[107.0326,29.463743],[107.03456,29.467415],[107.027903,29.470999],[107.017985,29.468506],[107.016773,29.469382],[107.01612,29.478679],[107.019782,29.487926],[107.011422,29.486963],[107.009574,29.483679],[107.010106,29.479056],[107.006662,29.472626],[106.999898,29.470872],[106.998721,29.471831],[107.000064,29.476301],[106.995601,29.481802],[106.984628,29.485434],[106.979904,29.488995],[106.963794,29.488801],[106.961799,29.492522],[106.94597,29.49702],[106.947294,29.510828],[106.950272,29.517792],[106.953276,29.532439],[106.953687,29.55639],[106.958778,29.582516],[106.966636,29.59956],[106.977111,29.639097],[106.982898,29.650153],[106.988119,29.651724],[106.984973,29.657478],[106.993594,29.679322],[107.002209,29.71445],[107.008093,29.712619],[107.020227,29.716989],[107.027155,29.717194],[107.036009,29.725286],[107.036898,29.729987],[107.040558,29.731878],[107.041943,29.734873],[107.052125,29.737325],[107.056879,29.744354],[107.070544,29.751494],[107.070614,29.758813],[107.079018,29.759338],[107.085296,29.762061],[107.102946,29.754521],[107.111588,29.762995],[107.144326,29.780665],[107.153118,29.784812],[107.156204,29.783465],[107.159507,29.784121],[107.173202,29.791408],[107.186983,29.79474],[107.18837,29.798446],[107.193537,29.801938],[107.198053,29.809604],[107.21229,29.816279],[107.208146,29.820181],[107.206603,29.824943],[107.209343,29.830061],[107.208068,29.835323],[107.211121,29.84056],[107.217538,29.8401],[107.222569,29.842831],[107.229301,29.843738],[107.234577,29.841374],[107.240496,29.841342],[107.244689,29.844928],[107.24943,29.843844],[107.248354,29.846945],[107.250125,29.848575],[107.252096,29.847995],[107.253242,29.844853],[107.258211,29.845027],[107.261173,29.846371],[107.257091,29.851605],[107.258854,29.85333],[107.26517,29.847468],[107.269289,29.848458],[107.270836,29.851447],[107.273896,29.842759],[107.270262,29.839041],[107.273069,29.837077],[107.285789,29.83922],[107.293564,29.836513],[107.298001,29.839598],[107.300168,29.847888],[107.304561,29.849036],[107.313063,29.845819],[107.327275,29.857157],[107.330104,29.866071],[107.333055,29.868091],[107.329556,29.872902],[107.338373,29.87419],[107.338564,29.876986],[107.335493,29.883337],[107.339166,29.886948],[107.340445,29.892309],[107.346459,29.891296],[107.349566,29.894459],[107.358833,29.895673],[107.369359,29.906788],[107.375551,29.901711],[107.377577,29.896869],[107.379064,29.897206],[107.377586,29.91118],[107.387106,29.921977],[107.383256,29.927837],[107.392887,29.938498],[107.415755,29.970586],[107.418689,29.972221],[107.421144,29.967962],[107.4294,29.976438],[107.430866,29.980577],[107.451108,30.000964],[107.453187,30.001426],[107.457951,29.9983],[107.466965,29.998616],[107.468541,29.9942],[107.471856,29.992193],[107.471345,29.989433]]]}},{"type":"Feature","properties":{"dt_adcode":"500103"},"geometry":{"type":"Polygon","coordinates":[[[106.588191,29.571262],[106.590187,29.568341],[106.590447,29.559903],[106.588103,29.553202],[106.583729,29.547804],[106.558918,29.541482],[106.53946,29.540474],[106.533433,29.533742],[106.532281,29.528704],[106.523165,29.529868],[106.520694,29.534252],[106.518819,29.533888],[106.518101,29.531817],[106.519938,29.528235],[106.517979,29.529643],[106.511172,29.529473],[106.50957,29.531386],[106.50644,29.530623],[106.506253,29.528565],[106.50202,29.528541],[106.500714,29.532958],[106.503362,29.536155],[106.498879,29.538367],[106.497313,29.545903],[106.482097,29.549167],[106.494103,29.552332],[106.494042,29.554807],[106.502342,29.557513],[106.519142,29.552778],[106.530404,29.55236],[106.535789,29.554756],[106.541064,29.563202],[106.545394,29.566463],[106.557862,29.567655],[106.568203,29.563426],[106.57462,29.562831],[106.58294,29.565962],[106.588191,29.571262]]]}},{"type":"Feature","properties":{"dt_adcode":"500104"},"geometry":{"type":"MultiPolygon","coordinates":[[[[106.423011,29.426605],[106.427106,29.422745],[106.430706,29.421991],[106.429985,29.416222],[106.431954,29.414615],[106.434391,29.415062],[106.437001,29.418224],[106.439394,29.417849],[106.439359,29.415635],[106.441869,29.415845],[106.442021,29.423148],[106.44424,29.421978],[106.443026,29.420022],[106.444161,29.417397],[106.449015,29.418791],[106.450566,29.417472],[106.448746,29.416071],[106.451705,29.414046],[106.457904,29.419831],[106.454387,29.429988],[106.457646,29.4397],[106.45801,29.446265],[106.462428,29.446761],[106.458755,29.448391],[106.45673,29.452893],[106.453001,29.453713],[106.451929,29.456396],[106.458921,29.472452],[106.463503,29.471043],[106.467772,29.473836],[106.470206,29.47333],[106.470673,29.475064],[106.467756,29.481917],[106.464067,29.485284],[106.461512,29.484294],[106.460758,29.481054],[106.455456,29.482548],[106.454738,29.49321],[106.456246,29.493222],[106.457337,29.490135],[106.459466,29.490002],[106.461179,29.490947],[106.461709,29.495319],[106.467873,29.495451],[106.468092,29.498133],[106.478023,29.495667],[106.477948,29.49265],[106.480929,29.490051],[106.488173,29.491974],[106.488461,29.493182],[106.490712,29.490843],[106.496157,29.494288],[106.499761,29.491576],[106.49912,29.489322],[106.502458,29.489224],[106.503968,29.491958],[106.502951,29.492846],[106.503339,29.49537],[106.508,29.491522],[106.520843,29.487511],[106.51925,29.490579],[106.523708,29.485657],[106.521751,29.479972],[106.509547,29.481767],[106.502086,29.477462],[106.498129,29.448715],[106.502811,29.438932],[106.526551,29.411283],[106.534905,29.393929],[106.533918,29.390221],[106.531909,29.388437],[106.528186,29.388347],[106.509715,29.397518],[106.503466,29.398816],[106.487853,29.39657],[106.469629,29.389172],[106.455034,29.380605],[106.448891,29.373899],[106.441939,29.358933],[106.433962,29.351871],[106.41188,29.342253],[106.400878,29.340763],[106.400782,29.345901],[106.397968,29.350955],[106.396605,29.358407],[106.403476,29.359286],[106.409546,29.368078],[106.406333,29.370022],[106.405257,29.382114],[106.398248,29.386015],[106.395408,29.389922],[106.39791,29.392683],[106.394887,29.398318],[106.392715,29.408831],[106.39408,29.411941],[106.39845,29.413658],[106.393481,29.420652],[106.393829,29.430034],[106.397018,29.434944],[106.397904,29.440316],[106.402664,29.43837],[106.409464,29.439801],[106.410114,29.433928],[106.416564,29.430938],[106.415383,29.424064],[106.416702,29.421202],[106.422004,29.419796],[106.423566,29.421283],[106.421267,29.424791],[106.423011,29.426605]]],[[[106.42374,29.427753],[106.423306,29.427308],[106.423636,29.428007],[106.42374,29.427753]]],[[[106.424591,29.427561],[106.423827,29.427056],[106.424295,29.42848],[106.424591,29.427561]]],[[[106.410462,29.440392],[106.408101,29.441879],[106.411973,29.443188],[106.411756,29.441713],[106.410462,29.440392]]]]}},{"type":"Feature","properties":{"dt_adcode":"500105"},"geometry":{"type":"Polygon","coordinates":[[[106.461902,29.608258],[106.466233,29.611308],[106.480389,29.60978],[106.481489,29.610498],[106.480156,29.612318],[106.481723,29.613451],[106.485808,29.610706],[106.486085,29.606338],[106.489763,29.606662],[106.490624,29.605007],[106.490056,29.598672],[106.482943,29.59869],[106.482911,29.596996],[106.485021,29.596827],[106.484547,29.593428],[106.488351,29.593295],[106.488331,29.58768],[106.486437,29.587682],[106.486361,29.585636],[106.490264,29.582642],[106.491947,29.577981],[106.494376,29.579824],[106.492717,29.576532],[106.497685,29.572792],[106.49923,29.575408],[106.497557,29.577273],[106.496174,29.576488],[106.49631,29.579744],[106.503518,29.579119],[106.505624,29.577864],[106.504178,29.576498],[106.508661,29.577602],[106.510953,29.574609],[106.513309,29.578664],[106.519691,29.577799],[106.522592,29.583754],[106.526887,29.585018],[106.530346,29.588592],[106.532925,29.586657],[106.535109,29.588474],[106.538243,29.588356],[106.538334,29.585637],[106.545704,29.583855],[106.546285,29.580918],[106.550409,29.581828],[106.551869,29.583539],[106.550398,29.585374],[106.555153,29.585112],[106.562182,29.589551],[106.562791,29.60104],[106.564528,29.60209],[106.56262,29.603714],[106.566393,29.608228],[106.56571,29.610908],[106.570384,29.611726],[106.573351,29.620362],[106.579649,29.619224],[106.584031,29.635034],[106.588353,29.634836],[106.594014,29.638678],[106.602906,29.634394],[106.604626,29.637776],[106.61162,29.639866],[106.615053,29.636097],[106.61826,29.63718],[106.617513,29.639361],[106.621129,29.639136],[106.621816,29.635216],[106.627981,29.636637],[106.634338,29.634863],[106.636878,29.637348],[106.643577,29.634047],[106.648076,29.637193],[106.64771,29.634066],[106.649659,29.631625],[106.652418,29.635007],[106.657275,29.63486],[106.670313,29.626963],[106.674204,29.627079],[106.673508,29.629335],[106.67511,29.630858],[106.682248,29.628177],[106.688994,29.623202],[106.692493,29.628969],[106.698586,29.62733],[106.701223,29.629568],[106.705783,29.628347],[106.708846,29.630249],[106.712004,29.638207],[106.712083,29.646985],[106.723922,29.640614],[106.726497,29.645608],[106.730566,29.646551],[106.730889,29.653309],[106.734837,29.667777],[106.736688,29.66788],[106.741277,29.662174],[106.745267,29.671182],[106.747413,29.669255],[106.74703,29.665094],[106.749967,29.663616],[106.747934,29.655137],[106.755092,29.651396],[106.759652,29.656726],[106.760095,29.653618],[106.765904,29.652896],[106.767728,29.657531],[106.775913,29.659067],[106.782525,29.662423],[106.786239,29.667416],[106.783229,29.669983],[106.783697,29.671567],[106.787593,29.675997],[106.79298,29.678595],[106.797967,29.677271],[106.804418,29.671112],[106.806681,29.671132],[106.810626,29.675113],[106.821107,29.674113],[106.822286,29.672429],[106.819676,29.664268],[106.823317,29.660074],[106.825718,29.659512],[106.833701,29.663217],[106.843037,29.660215],[106.850562,29.659889],[106.863923,29.650512],[106.865648,29.646919],[106.877767,29.659339],[106.885264,29.660515],[106.885551,29.655405],[106.887304,29.654177],[106.890767,29.657066],[106.893649,29.657064],[106.873089,29.615827],[106.860703,29.600542],[106.850471,29.57545],[106.841437,29.577628],[106.833324,29.585495],[106.823426,29.591147],[106.818667,29.591629],[106.808827,29.58791],[106.80117,29.589045],[106.796219,29.592072],[106.79406,29.601472],[106.790165,29.605297],[106.766969,29.610412],[106.754256,29.610278],[106.747305,29.605888],[106.7405,29.589683],[106.737762,29.586664],[106.730937,29.583387],[106.707607,29.576837],[106.69233,29.564274],[106.679691,29.562373],[106.672631,29.566319],[106.661632,29.586789],[106.657794,29.59092],[106.653217,29.591737],[106.649457,29.588794],[106.641904,29.58683],[106.638015,29.588322],[106.633292,29.592037],[106.629683,29.59838],[106.625623,29.61274],[106.62118,29.615855],[106.612523,29.61766],[106.603913,29.616227],[106.592423,29.610914],[106.585193,29.603933],[106.580402,29.590278],[106.5812,29.578765],[106.583557,29.574217],[106.588191,29.571262],[106.580094,29.564293],[106.572478,29.562604],[106.557862,29.567655],[106.545394,29.566463],[106.541064,29.563202],[106.535789,29.554756],[106.530404,29.55236],[106.519142,29.552778],[106.503995,29.557489],[106.490035,29.554559],[106.48305,29.559007],[106.463442,29.581177],[106.451939,29.586441],[106.451384,29.590568],[106.458125,29.599025],[106.461902,29.608258]]]}},{"type":"Feature","properties":{"dt_adcode":"500106"},"geometry":{"type":"Polygon","coordinates":[[[106.482789,29.548082],[106.479587,29.547366],[106.482763,29.543739],[106.483083,29.538123],[106.478664,29.537895],[106.479129,29.536152],[106.476628,29.535673],[106.466296,29.534952],[106.460077,29.532118],[106.461409,29.527644],[106.456663,29.525422],[106.452336,29.519027],[106.451161,29.513226],[106.448119,29.510322],[106.449283,29.506059],[106.447807,29.50496],[106.447495,29.500046],[106.444461,29.50012],[106.442792,29.494129],[106.435618,29.494584],[106.434006,29.498134],[106.429167,29.498919],[106.426659,29.497623],[106.425289,29.493597],[106.4178,29.492193],[106.407739,29.492636],[106.406367,29.497545],[106.406871,29.502111],[106.410891,29.503181],[106.411221,29.505554],[106.409094,29.507139],[106.411664,29.510325],[106.414071,29.540638],[106.406787,29.541515],[106.404338,29.539153],[106.401837,29.539495],[106.397181,29.54986],[106.394323,29.545208],[106.396216,29.541797],[106.395521,29.537164],[106.389708,29.540614],[106.384771,29.535643],[106.381364,29.535466],[106.377112,29.540014],[106.379278,29.541612],[106.379773,29.54694],[106.377843,29.548197],[106.372591,29.546776],[106.372026,29.550856],[106.367199,29.551384],[106.355369,29.559742],[106.354934,29.556546],[106.351071,29.55919],[106.344179,29.555561],[106.34471,29.553721],[106.340725,29.552092],[106.334441,29.544039],[106.329768,29.54543],[106.329229,29.542576],[106.326122,29.546089],[106.317751,29.543703],[106.313105,29.545032],[106.311556,29.541495],[106.309929,29.540878],[106.308711,29.542343],[106.305966,29.540623],[106.305698,29.538406],[106.30116,29.537833],[106.297699,29.542641],[106.294698,29.540313],[106.29261,29.530456],[106.28442,29.53285],[106.284672,29.530957],[106.283133,29.53025],[106.276153,29.530671],[106.27239,29.527448],[106.264727,29.525197],[106.260775,29.532156],[106.257614,29.532326],[106.256832,29.529873],[106.253437,29.532847],[106.251111,29.539332],[106.252006,29.562274],[106.254664,29.570643],[106.257885,29.569478],[106.260204,29.571015],[106.256029,29.576113],[106.260016,29.592616],[106.266679,29.607541],[106.274195,29.611294],[106.277881,29.620338],[106.282697,29.625683],[106.273049,29.631624],[106.277042,29.637287],[106.282325,29.637959],[106.288125,29.635686],[106.289499,29.637768],[106.283991,29.642796],[106.283023,29.641735],[106.282763,29.643042],[106.280226,29.64295],[106.280159,29.64643],[106.2788,29.646579],[106.280421,29.649089],[106.278713,29.649272],[106.280403,29.655417],[106.284402,29.656854],[106.287967,29.664479],[106.284446,29.668666],[106.284003,29.676231],[106.280004,29.675197],[106.278692,29.676685],[106.279101,29.690827],[106.277876,29.69243],[106.280345,29.695161],[106.280449,29.703287],[106.286439,29.697754],[106.288134,29.698573],[106.287143,29.70153],[106.2887,29.705011],[106.290439,29.705567],[106.29403,29.703292],[106.296631,29.705421],[106.305688,29.736623],[106.307723,29.736347],[106.310803,29.739184],[106.317808,29.738756],[106.317389,29.733516],[106.327144,29.728529],[106.330999,29.733917],[106.354441,29.734058],[106.355964,29.737751],[106.366707,29.735992],[106.368656,29.738947],[106.366291,29.746555],[106.367595,29.74751],[106.373613,29.744536],[106.376231,29.74636],[106.380656,29.744225],[106.38276,29.747856],[106.39073,29.743233],[106.389774,29.739143],[106.391894,29.736336],[106.393119,29.740042],[106.397559,29.741435],[106.410629,29.739112],[106.415179,29.743482],[106.414996,29.746579],[106.418833,29.750402],[106.424898,29.746914],[106.433008,29.749072],[106.44212,29.74474],[106.442059,29.730383],[106.433439,29.711707],[106.426516,29.680035],[106.429083,29.662937],[106.424407,29.657473],[106.442254,29.653451],[106.443996,29.650698],[106.447142,29.650953],[106.448702,29.652205],[106.449266,29.662986],[106.452556,29.661948],[106.454031,29.666721],[106.457575,29.668897],[106.469778,29.657696],[106.470799,29.652419],[106.46827,29.64598],[106.454896,29.635348],[106.450304,29.628652],[106.450355,29.625051],[106.453119,29.620303],[106.462821,29.616283],[106.463141,29.613627],[106.458125,29.599025],[106.451021,29.589123],[106.45478,29.584344],[106.463442,29.581177],[106.486062,29.556218],[106.494042,29.554807],[106.494103,29.552332],[106.482192,29.549961],[106.482789,29.548082]]]}},{"type":"Feature","properties":{"dt_adcode":"500107"},"geometry":{"type":"Polygon","coordinates":[[[106.521751,29.479972],[106.524071,29.484844],[106.51925,29.490579],[106.520843,29.487511],[106.508,29.491522],[106.503339,29.49537],[106.503968,29.491958],[106.502458,29.489224],[106.49912,29.489322],[106.499761,29.491576],[106.496157,29.494288],[106.490712,29.490843],[106.488461,29.493182],[106.488173,29.491974],[106.480929,29.490051],[106.477948,29.49265],[106.478023,29.495667],[106.468092,29.498133],[106.467873,29.495451],[106.461709,29.495319],[106.461179,29.490947],[106.459466,29.490002],[106.457337,29.490135],[106.456246,29.493222],[106.454738,29.49321],[106.455456,29.482548],[106.460758,29.481054],[106.461512,29.484294],[106.464067,29.485284],[106.467756,29.481917],[106.470673,29.475064],[106.470206,29.47333],[106.467772,29.473836],[106.463503,29.471043],[106.458921,29.472452],[106.451929,29.456396],[106.453001,29.453713],[106.45673,29.452893],[106.458755,29.448391],[106.462428,29.446761],[106.45801,29.446265],[106.457646,29.4397],[106.454387,29.429988],[106.457904,29.419831],[106.453026,29.414145],[106.448746,29.416071],[106.450566,29.417472],[106.449015,29.418791],[106.444161,29.417397],[106.443026,29.420022],[106.44424,29.421978],[106.44234,29.423205],[106.441869,29.415845],[106.439359,29.415635],[106.439394,29.417849],[106.437001,29.418224],[106.432752,29.414513],[106.429985,29.416222],[106.430706,29.421991],[106.427106,29.422745],[106.424399,29.426252],[106.421267,29.424791],[106.423289,29.420838],[106.421102,29.419517],[106.417501,29.420564],[106.415383,29.424064],[106.416564,29.430938],[106.410114,29.433928],[106.410002,29.439399],[106.402664,29.43837],[106.397904,29.440316],[106.397018,29.434944],[106.39369,29.429356],[106.393481,29.420652],[106.39845,29.413658],[106.39408,29.411941],[106.392715,29.408831],[106.394887,29.398318],[106.39791,29.392683],[106.395408,29.389922],[106.398248,29.386015],[106.405257,29.382114],[106.406333,29.370022],[106.409555,29.367772],[106.403476,29.359286],[106.396605,29.358407],[106.397968,29.350955],[106.400782,29.345901],[106.400878,29.340763],[106.39451,29.338607],[106.391919,29.324317],[106.386348,29.318819],[106.385983,29.312406],[106.393212,29.294937],[106.392022,29.290258],[106.384034,29.283054],[106.372575,29.279334],[106.355909,29.276886],[106.34867,29.272997],[106.33982,29.264554],[106.326914,29.259229],[106.311922,29.254782],[106.298691,29.256493],[106.294943,29.261089],[106.285874,29.279183],[106.279911,29.286034],[106.28145,29.289642],[106.284649,29.291194],[106.282181,29.300894],[106.287128,29.305377],[106.28532,29.31067],[106.288806,29.314915],[106.289155,29.320689],[106.285546,29.32325],[106.282199,29.321144],[106.276941,29.32227],[106.274951,29.328438],[106.265697,29.330154],[106.26125,29.335501],[106.264143,29.338663],[106.267192,29.350063],[106.277812,29.352926],[106.279376,29.354892],[106.278698,29.358857],[106.275457,29.3624],[106.283124,29.369544],[106.282698,29.378043],[106.285646,29.386738],[106.292428,29.386653],[106.294402,29.384567],[106.294062,29.380102],[106.295576,29.37878],[106.308414,29.379549],[106.306806,29.383924],[106.313626,29.388804],[106.318212,29.38663],[106.322023,29.386976],[106.324721,29.392702],[106.331265,29.3959],[106.328672,29.397867],[106.329047,29.413666],[106.320807,29.415038],[106.318787,29.410136],[106.317874,29.410583],[106.317274,29.415218],[106.323304,29.421139],[106.322626,29.42585],[106.319024,29.42826],[106.30786,29.425975],[106.307217,29.434266],[106.305243,29.437533],[106.301015,29.435924],[106.298545,29.440773],[106.294536,29.438828],[106.29104,29.441548],[106.286553,29.436679],[106.285232,29.442639],[106.280685,29.445275],[106.278991,29.448788],[106.262725,29.4516],[106.264176,29.454326],[106.260293,29.464761],[106.262717,29.468701],[106.262005,29.476838],[106.265271,29.480204],[106.270936,29.477743],[106.273804,29.480544],[106.271831,29.483434],[106.266158,29.48339],[106.26429,29.484904],[106.267435,29.492379],[106.26701,29.495007],[106.262736,29.490225],[106.260729,29.492726],[106.262963,29.508562],[106.268193,29.520422],[106.265387,29.520734],[106.261981,29.516512],[106.253492,29.518771],[106.253393,29.529068],[106.252213,29.530548],[106.253437,29.532847],[106.256832,29.529873],[106.257614,29.532326],[106.260775,29.532156],[106.264727,29.525197],[106.27239,29.527448],[106.276153,29.530671],[106.283133,29.53025],[106.284672,29.530957],[106.28442,29.53285],[106.29261,29.530456],[106.294698,29.540313],[106.297699,29.542641],[106.30116,29.537833],[106.305698,29.538406],[106.305966,29.540623],[106.308711,29.542343],[106.309929,29.540878],[106.311556,29.541495],[106.313105,29.545032],[106.317751,29.543703],[106.326122,29.546089],[106.329229,29.542576],[106.329768,29.54543],[106.334441,29.544039],[106.340725,29.552092],[106.34471,29.553721],[106.344179,29.555561],[106.351071,29.55919],[106.354934,29.556546],[106.355369,29.559742],[106.367199,29.551384],[106.372026,29.550856],[106.372591,29.546776],[106.377843,29.548197],[106.379773,29.54694],[106.379278,29.541612],[106.377112,29.540014],[106.381364,29.535466],[106.384771,29.535643],[106.389708,29.540614],[106.395521,29.537164],[106.396216,29.541797],[106.394323,29.545208],[106.397181,29.54986],[106.401837,29.539495],[106.404338,29.539153],[106.406787,29.541515],[106.414071,29.540638],[106.411664,29.510325],[106.409094,29.507139],[106.411221,29.505554],[106.410891,29.503181],[106.406871,29.502111],[106.406367,29.497545],[106.407739,29.492636],[106.4178,29.492193],[106.425289,29.493597],[106.426659,29.497623],[106.429167,29.498919],[106.434006,29.498134],[106.435618,29.494584],[106.442792,29.494129],[106.444461,29.50012],[106.447495,29.500046],[106.447807,29.50496],[106.449283,29.506059],[106.448119,29.510322],[106.451161,29.513226],[106.452336,29.519027],[106.456663,29.525422],[106.461409,29.527644],[106.460077,29.532118],[106.466296,29.534952],[106.476628,29.535673],[106.479129,29.536152],[106.478664,29.537895],[106.483083,29.538123],[106.482763,29.543739],[106.479907,29.547882],[106.4956,29.546961],[106.499074,29.542196],[106.498879,29.538367],[106.503362,29.536155],[106.500714,29.532958],[106.50202,29.528541],[106.506253,29.528565],[106.50644,29.530623],[106.50957,29.531386],[106.511172,29.529473],[106.517979,29.529643],[106.519938,29.528235],[106.518101,29.531817],[106.518819,29.533888],[106.520694,29.534252],[106.523165,29.529868],[106.532281,29.528704],[106.532315,29.511096],[106.534167,29.505444],[106.549851,29.49551],[106.551654,29.492247],[106.552,29.487255],[106.549209,29.478648],[106.545649,29.474436],[106.542028,29.472953],[106.535923,29.473721],[106.530546,29.477631],[106.521751,29.479972]],[[106.423827,29.427056],[106.424599,29.428032],[106.424295,29.42848],[106.423827,29.427056]],[[106.423523,29.427154],[106.423601,29.427998],[106.423393,29.427093],[106.423523,29.427154]],[[106.410636,29.440431],[106.411756,29.441713],[106.411973,29.443188],[106.408101,29.441879],[106.410636,29.440431]]]}},{"type":"Feature","properties":{"dt_adcode":"500108"},"geometry":{"type":"Polygon","coordinates":[[[106.80117,29.589045],[106.793712,29.58035],[106.788012,29.576343],[106.778403,29.561232],[106.771182,29.549155],[106.764175,29.530938],[106.754673,29.516003],[106.753309,29.510998],[106.741986,29.49534],[106.738196,29.486259],[106.733831,29.484165],[106.711392,29.483556],[106.707285,29.481715],[106.705275,29.482235],[106.706285,29.484974],[106.705258,29.48722],[106.693292,29.488978],[106.691533,29.487277],[106.692734,29.482708],[106.682715,29.475191],[106.684751,29.470054],[106.688773,29.468246],[106.671676,29.457922],[106.665504,29.45808],[106.668464,29.462882],[106.661666,29.463792],[106.65835,29.467859],[106.655095,29.465443],[106.654694,29.462251],[106.641225,29.470451],[106.627977,29.465829],[106.626412,29.467797],[106.620021,29.46694],[106.61611,29.468286],[106.613259,29.469437],[106.61299,29.472691],[106.606812,29.474335],[106.60213,29.47096],[106.599698,29.471067],[106.595226,29.463883],[106.586067,29.473449],[106.579455,29.469283],[106.577296,29.477792],[106.569817,29.481631],[106.568823,29.485886],[106.559374,29.488693],[106.556011,29.486522],[106.552,29.487255],[106.549851,29.49551],[106.539354,29.501281],[106.532947,29.507933],[106.53261,29.530857],[106.538473,29.539806],[106.542777,29.541196],[106.556188,29.541095],[106.577074,29.545162],[106.583729,29.547804],[106.588103,29.553202],[106.590447,29.559903],[106.590544,29.565951],[106.589345,29.570397],[106.584806,29.572925],[106.5812,29.578765],[106.580402,29.590278],[106.581669,29.596566],[106.589663,29.609331],[106.603913,29.616227],[106.613983,29.617643],[106.62331,29.61498],[106.627336,29.610165],[106.628361,29.601207],[106.633292,29.592037],[106.640147,29.58719],[106.646994,29.587798],[106.653217,29.591737],[106.657794,29.59092],[106.661632,29.586789],[106.672631,29.566319],[106.679691,29.562373],[106.69233,29.564274],[106.707607,29.576837],[106.730937,29.583387],[106.737762,29.586664],[106.7405,29.589683],[106.747305,29.605888],[106.752623,29.610096],[106.766969,29.610412],[106.790165,29.605297],[106.79406,29.601472],[106.796219,29.592072],[106.80117,29.589045]]]}},{"type":"Feature","properties":{"dt_adcode":"500109"},"geometry":{"type":"Polygon","coordinates":[[[106.648466,30.085574],[106.656541,30.077391],[106.674132,30.067303],[106.678171,30.06111],[106.670414,30.036744],[106.678883,30.026155],[106.676402,30.015096],[106.681737,30.006343],[106.678151,30.004448],[106.676853,29.997343],[106.677488,29.98601],[106.679708,29.979606],[106.67316,29.957254],[106.675127,29.940141],[106.672306,29.93394],[106.674256,29.932217],[106.687374,29.935499],[106.688158,29.933072],[106.678495,29.928904],[106.680436,29.927487],[106.679835,29.923601],[106.675117,29.919453],[106.670268,29.918415],[106.669441,29.911734],[106.67852,29.908993],[106.678911,29.900014],[106.675821,29.89751],[106.67065,29.900282],[106.667638,29.899345],[106.666436,29.892633],[106.669735,29.887199],[106.668212,29.885698],[106.663912,29.889088],[106.661066,29.887182],[106.662232,29.876654],[106.657601,29.876639],[106.65908,29.870153],[106.650098,29.864523],[106.646556,29.849389],[106.644024,29.845889],[106.641866,29.845134],[106.638856,29.847189],[106.632905,29.838727],[106.629965,29.838886],[106.627531,29.841869],[106.621522,29.841475],[106.619966,29.838687],[106.622504,29.831009],[106.612847,29.832634],[106.601552,29.829415],[106.598443,29.825622],[106.59879,29.816769],[106.590524,29.816481],[106.587209,29.812675],[106.584908,29.799592],[106.581515,29.798859],[106.582201,29.797138],[106.594369,29.800408],[106.592009,29.809348],[106.600066,29.800392],[106.608622,29.799614],[106.61003,29.797921],[106.60169,29.789583],[106.597426,29.790879],[106.598815,29.788372],[106.597816,29.785681],[106.593648,29.786806],[106.592676,29.785303],[106.601611,29.775814],[106.604572,29.768544],[106.59488,29.767123],[106.589984,29.763277],[106.588212,29.760313],[106.589176,29.755008],[106.58586,29.757273],[106.578346,29.758506],[106.570836,29.763355],[106.567445,29.761437],[106.565884,29.758034],[106.561637,29.761524],[106.560787,29.758279],[106.556853,29.757655],[106.555119,29.753953],[106.551861,29.754274],[106.550639,29.75133],[106.547842,29.75389],[106.541683,29.754851],[106.533778,29.748534],[106.532096,29.749467],[106.530776,29.758698],[106.533951,29.758551],[106.541293,29.764208],[106.53496,29.763481],[106.536476,29.764823],[106.534356,29.764862],[106.535819,29.765933],[106.53488,29.767814],[106.531845,29.768165],[106.531269,29.77124],[106.533691,29.769835],[106.530846,29.773061],[106.531009,29.775964],[106.524917,29.771431],[106.524525,29.767119],[106.51962,29.770917],[106.516172,29.770633],[106.520307,29.764171],[106.523223,29.745031],[106.53562,29.732409],[106.536745,29.723333],[106.529446,29.716368],[106.5184,29.711996],[106.513154,29.707542],[106.512341,29.703466],[106.514729,29.694262],[106.512608,29.687663],[106.510436,29.685595],[106.506896,29.685425],[106.496121,29.689675],[106.492365,29.695221],[106.484506,29.700139],[106.471407,29.69788],[106.462583,29.693044],[106.457169,29.68743],[106.455366,29.679479],[106.455106,29.673456],[106.457575,29.668897],[106.454031,29.666721],[106.452556,29.661948],[106.449266,29.662986],[106.448702,29.652205],[106.445174,29.65059],[106.442254,29.653451],[106.424407,29.657473],[106.429083,29.662937],[106.426516,29.680035],[106.433439,29.711707],[106.442059,29.730383],[106.442926,29.743641],[106.440577,29.74583],[106.433008,29.749072],[106.423987,29.74708],[106.417783,29.750198],[106.414996,29.746579],[106.415179,29.743482],[106.410629,29.739112],[106.397559,29.741435],[106.393119,29.740042],[106.391894,29.736336],[106.389774,29.739143],[106.39073,29.743233],[106.38276,29.747856],[106.380656,29.744225],[106.376231,29.74636],[106.373613,29.744536],[106.367595,29.74751],[106.366291,29.746555],[106.368656,29.738947],[106.366707,29.735992],[106.355964,29.737751],[106.354441,29.734058],[106.330999,29.733917],[106.327144,29.728529],[106.317389,29.733516],[106.317808,29.738756],[106.310803,29.739184],[106.307723,29.736347],[106.305688,29.736623],[106.307628,29.743978],[106.312709,29.750927],[106.315746,29.759031],[106.316843,29.766994],[106.325719,29.775393],[106.328756,29.77499],[106.333481,29.771266],[106.337946,29.77312],[106.34422,29.779304],[106.344377,29.782896],[106.349076,29.785594],[106.372895,29.814206],[106.362737,29.813274],[106.356734,29.815419],[106.34906,29.812154],[106.342439,29.816548],[106.342996,29.828616],[106.347347,29.834647],[106.345877,29.836111],[106.34056,29.832373],[106.337706,29.83373],[106.342893,29.845173],[106.336088,29.845039],[106.334817,29.84779],[106.330962,29.848341],[106.335688,29.856002],[106.336384,29.860227],[106.334566,29.861302],[106.329397,29.859655],[106.326508,29.864271],[106.326786,29.870856],[106.318503,29.87844],[106.314414,29.884869],[106.314718,29.886932],[106.353329,29.909415],[106.358854,29.91472],[106.38377,29.92791],[106.390888,29.92129],[106.390957,29.906659],[106.395909,29.898598],[106.413104,29.887238],[106.425019,29.884633],[106.425201,29.887672],[106.429695,29.892689],[106.427891,29.895664],[106.427761,29.901383],[106.424707,29.901904],[106.423424,29.904577],[106.429045,29.907905],[106.430979,29.907059],[106.433251,29.901896],[106.440387,29.903288],[106.443438,29.906156],[106.45201,29.921959],[106.448752,29.925531],[106.455294,29.926756],[106.461314,29.925342],[106.461903,29.924004],[106.456722,29.911288],[106.454661,29.911808],[106.452183,29.908923],[106.454938,29.907003],[106.449989,29.895706],[106.445561,29.894477],[106.442701,29.891728],[106.448741,29.890826],[106.44283,29.883568],[106.447545,29.881928],[106.445794,29.878962],[106.446704,29.877906],[106.45277,29.878226],[106.458514,29.887442],[106.462888,29.884279],[106.454104,29.872075],[106.452882,29.865908],[106.466171,29.869681],[106.467841,29.876005],[106.466967,29.883006],[106.474752,29.887316],[106.477124,29.891858],[106.476691,29.895158],[106.473427,29.896217],[106.478059,29.897858],[106.478623,29.902534],[106.476536,29.904329],[106.479385,29.908291],[106.488906,29.908414],[106.49139,29.909945],[106.494308,29.9172],[106.501344,29.922105],[106.505931,29.931497],[106.518723,29.926333],[106.527433,29.946417],[106.535536,29.942744],[106.544924,29.935247],[106.546145,29.936399],[106.568706,29.991161],[106.572202,30.012688],[106.582213,30.022233],[106.59657,30.030452],[106.59921,30.033943],[106.598264,30.039581],[106.592125,30.043932],[106.59157,30.047087],[106.593176,30.050069],[106.621978,30.071825],[106.627065,30.078171],[106.639216,30.083776],[106.648466,30.085574]]]}},{"type":"Feature","properties":{"dt_adcode":"500110"},"geometry":{"type":"Polygon","coordinates":[[[107.057473,28.89479],[107.051456,28.89003],[107.048748,28.880707],[107.045324,28.875728],[107.058681,28.868966],[107.051438,28.868251],[107.039008,28.863709],[107.03676,28.867649],[107.038843,28.87796],[107.036587,28.88114],[107.026227,28.883017],[107.016101,28.8825],[107.014719,28.877852],[107.017188,28.873943],[107.018791,28.859601],[107.015949,28.858335],[107.005176,28.859176],[107.002386,28.854396],[106.990035,28.854018],[106.983385,28.851175],[106.985249,28.838417],[106.989244,28.82957],[106.984486,28.824311],[106.983772,28.817226],[106.980841,28.813173],[106.98136,28.804355],[106.98373,28.800271],[106.982259,28.798507],[106.985124,28.797641],[106.989736,28.786812],[106.988356,28.776446],[106.986177,28.773606],[106.976583,28.771972],[106.975859,28.773355],[106.967826,28.774105],[106.961676,28.768922],[106.951731,28.766959],[106.950182,28.770609],[106.950208,28.777608],[106.941069,28.783342],[106.938398,28.79237],[106.931439,28.802816],[106.923888,28.802896],[106.92055,28.805868],[106.905361,28.796121],[106.897866,28.801141],[106.893464,28.799777],[106.881945,28.790762],[106.87424,28.779725],[106.869296,28.775488],[106.863069,28.775317],[106.862939,28.779445],[106.861291,28.780983],[106.853054,28.779587],[106.845373,28.78101],[106.840371,28.776947],[106.838446,28.765965],[106.832439,28.768091],[106.824048,28.756133],[106.828344,28.737693],[106.832418,28.73331],[106.836917,28.734683],[106.839742,28.730706],[106.850864,28.726507],[106.860566,28.712726],[106.862543,28.707535],[106.855276,28.706908],[106.852918,28.704995],[106.854703,28.697096],[106.860036,28.692104],[106.865976,28.690212],[106.871189,28.693478],[106.877938,28.694119],[106.883179,28.692442],[106.889367,28.695746],[106.887171,28.689342],[106.880957,28.687382],[106.880609,28.680492],[106.875724,28.668227],[106.86704,28.652483],[106.866936,28.649929],[106.86985,28.6485],[106.868958,28.637832],[106.866512,28.631027],[106.867634,28.627542],[106.866342,28.624503],[106.862208,28.623016],[106.829299,28.622743],[106.828744,28.616712],[106.833269,28.613204],[106.830805,28.606645],[106.827192,28.603162],[106.827764,28.599327],[106.818393,28.596884],[106.812601,28.589198],[106.80772,28.589464],[106.805293,28.596156],[106.800507,28.602134],[106.794358,28.605131],[106.791427,28.612549],[106.792563,28.616245],[106.785234,28.62617],[106.781251,28.625736],[106.777911,28.621737],[106.777311,28.614746],[106.77502,28.611971],[106.766079,28.613881],[106.759045,28.611099],[106.757212,28.607237],[106.759635,28.597684],[106.758601,28.58815],[106.766633,28.580155],[106.780936,28.574867],[106.782341,28.568172],[106.779877,28.563786],[106.769175,28.562405],[106.763453,28.557577],[106.754361,28.55833],[106.745786,28.553238],[106.738746,28.554468],[106.728199,28.542],[106.723981,28.529898],[106.724885,28.522511],[106.733962,28.503585],[106.743123,28.495506],[106.745494,28.481548],[106.744573,28.474077],[106.74664,28.466661],[106.73289,28.463564],[106.726951,28.454696],[106.716201,28.456385],[106.711999,28.454949],[106.707596,28.450631],[106.703785,28.452459],[106.70234,28.455952],[106.693272,28.456516],[106.691749,28.459702],[106.696536,28.464936],[106.697642,28.476649],[106.689252,28.484445],[106.676083,28.481672],[106.668266,28.485975],[106.664672,28.493705],[106.662469,28.493693],[106.655968,28.482412],[106.648066,28.480061],[106.64181,28.484445],[106.635425,28.485042],[106.631528,28.489079],[106.630725,28.497574],[106.635208,28.500466],[106.633454,28.501048],[106.632756,28.503534],[106.627094,28.500643],[106.620617,28.502504],[106.610161,28.497943],[106.605313,28.504533],[106.599034,28.507034],[106.596394,28.509869],[106.593407,28.510174],[106.587081,28.508144],[106.584512,28.505587],[106.591506,28.499077],[106.592156,28.4918],[106.590706,28.489256],[106.58144,28.488852],[106.56803,28.484039],[106.564762,28.485263],[106.564953,28.494232],[106.562734,28.498094],[106.567858,28.505959],[106.56146,28.509326],[106.5601,28.512235],[106.566281,28.519595],[106.566021,28.521439],[106.568665,28.523658],[106.586379,28.523971],[106.588297,28.526234],[106.588922,28.531405],[106.598592,28.535658],[106.600616,28.541363],[106.603075,28.54358],[106.615265,28.549652],[106.616813,28.562814],[106.612729,28.579801],[106.606639,28.590913],[106.611836,28.607737],[106.616433,28.609233],[106.627822,28.604279],[106.633571,28.607629],[106.63598,28.61145],[106.634771,28.618322],[106.636833,28.623228],[106.635961,28.627235],[106.634016,28.629901],[106.628319,28.629749],[106.628589,28.634458],[106.618877,28.637266],[106.617044,28.640828],[106.617696,28.644276],[106.623729,28.646023],[106.643307,28.644552],[106.649459,28.646877],[106.651139,28.651266],[106.642551,28.664941],[106.64002,28.664561],[106.635244,28.658464],[106.631008,28.657831],[106.619505,28.664845],[106.617653,28.667297],[106.617758,28.672013],[106.613917,28.677691],[106.619358,28.687232],[106.617203,28.691161],[106.614413,28.690835],[106.606088,28.685054],[106.602049,28.686708],[106.599852,28.690293],[106.595988,28.692478],[106.593401,28.692561],[106.586309,28.688136],[106.587108,28.692338],[106.582614,28.701878],[106.576862,28.702389],[106.573115,28.704467],[106.572289,28.706497],[106.574112,28.70907],[106.569733,28.709703],[106.560276,28.720717],[106.559236,28.73155],[106.563915,28.746179],[106.560683,28.757844],[106.547989,28.769856],[106.540817,28.768913],[106.534037,28.770896],[106.532764,28.773482],[106.534384,28.775573],[106.533812,28.778719],[106.52306,28.781126],[106.522852,28.785197],[106.52119,28.786496],[106.522593,28.790536],[106.520636,28.7921],[106.521139,28.794266],[106.518663,28.794775],[106.516871,28.793195],[106.508761,28.795862],[106.500419,28.802122],[106.490596,28.806513],[106.486147,28.814506],[106.477352,28.824627],[106.474461,28.833037],[106.468608,28.834263],[106.461836,28.831019],[106.455737,28.836414],[106.451675,28.846182],[106.451242,28.852318],[106.445601,28.857332],[106.446468,28.863349],[106.436222,28.870214],[106.427966,28.871331],[106.424973,28.87335],[106.418942,28.872146],[106.416678,28.873149],[106.415271,28.876227],[106.415203,28.885164],[106.411817,28.89117],[106.412556,28.899586],[106.409475,28.917141],[106.410986,28.922297],[106.402634,28.939289],[106.4088,28.954756],[106.39976,28.96309],[106.403834,28.971796],[106.405702,28.982886],[106.403297,28.989336],[106.396452,28.995871],[106.395106,29.008348],[106.390571,29.012741],[106.393047,29.017512],[106.392822,29.020879],[106.383862,29.027892],[106.388113,29.029745],[106.399772,29.027154],[106.406313,29.032663],[106.404255,29.035165],[106.407025,29.038568],[106.417026,29.046608],[106.42199,29.048336],[106.437801,29.043702],[106.439232,29.040323],[106.442465,29.039464],[106.440862,29.048002],[106.442683,29.050599],[106.464135,29.041423],[106.461398,29.039284],[106.448922,29.038921],[106.442899,29.037114],[106.446469,29.032312],[106.446426,29.028149],[106.454466,29.017719],[106.459647,29.015744],[106.470134,29.015048],[106.475883,29.012323],[106.481052,29.020588],[106.478308,29.025315],[106.489527,29.040234],[106.489519,29.045125],[106.483721,29.064061],[106.489036,29.073248],[106.487297,29.081083],[106.490326,29.083491],[106.501024,29.077111],[106.497414,29.072747],[106.502867,29.067586],[106.504822,29.063288],[106.508102,29.060904],[106.51455,29.059838],[106.517831,29.056441],[106.519994,29.048902],[106.524936,29.044186],[106.526347,29.036157],[106.54467,29.036374],[106.545883,29.035046],[106.551929,29.025789],[106.547224,29.019588],[106.552058,29.014233],[106.54757,29.009981],[106.549294,29.005543],[106.555194,29.006825],[106.556607,29.005221],[106.558149,29.010622],[106.561166,29.012588],[106.562657,29.016548],[106.565179,29.015425],[106.571379,29.022189],[106.575325,29.020764],[106.577477,29.022669],[106.58374,29.014182],[106.586074,29.007104],[106.592447,29.005955],[106.598334,29.007652],[106.608766,29.014753],[106.606716,29.016425],[106.600158,29.016116],[106.595208,29.018008],[106.589504,29.030017],[106.585678,29.053157],[106.589663,29.056678],[106.583422,29.071259],[106.581167,29.073072],[106.584525,29.081216],[106.578079,29.093139],[106.581178,29.110083],[106.574386,29.115643],[106.577014,29.12489],[106.574438,29.128209],[106.582307,29.132156],[106.585396,29.131105],[106.58839,29.126544],[106.597316,29.129324],[106.604594,29.126913],[106.611588,29.130447],[106.611511,29.136778],[106.617951,29.141903],[106.615178,29.145549],[106.621594,29.152708],[106.623898,29.160139],[106.635378,29.169393],[106.642573,29.168185],[106.64293,29.174058],[106.655791,29.175708],[106.653188,29.161105],[106.661666,29.161204],[106.667158,29.158426],[106.669195,29.161816],[106.66822,29.16814],[106.669796,29.169707],[106.671197,29.168674],[106.676621,29.176865],[106.680303,29.173549],[106.686179,29.18812],[106.695179,29.183011],[106.700497,29.176655],[106.702777,29.176359],[106.702298,29.178625],[106.713357,29.17879],[106.717724,29.176192],[106.717933,29.173252],[106.729882,29.162462],[106.735046,29.165133],[106.737985,29.170753],[106.749796,29.176932],[106.757083,29.174351],[106.755893,29.171994],[106.757917,29.170157],[106.767443,29.170597],[106.766583,29.164219],[106.769751,29.161246],[106.777485,29.164355],[106.788375,29.177192],[106.791567,29.177527],[106.794464,29.169613],[106.797014,29.171304],[106.797656,29.178976],[106.805243,29.179549],[106.811113,29.177078],[106.812335,29.166213],[106.817241,29.160603],[106.818914,29.15231],[106.821211,29.149584],[106.828362,29.149393],[106.833017,29.152788],[106.848101,29.157544],[106.856146,29.153895],[106.858859,29.147976],[106.861435,29.148166],[106.865225,29.151835],[106.868044,29.151453],[106.88483,29.142273],[106.887329,29.135893],[106.896678,29.123593],[106.90552,29.115979],[106.91148,29.114763],[106.916746,29.110404],[106.921857,29.098901],[106.920344,29.094962],[106.915806,29.092703],[106.919187,29.088072],[106.915371,29.083746],[106.915214,29.079138],[106.912416,29.077401],[106.912468,29.07544],[106.908636,29.073947],[106.910008,29.067957],[106.905638,29.064588],[106.907506,29.061774],[106.90549,29.055747],[106.906549,29.051266],[106.909138,29.050517],[106.908921,29.054902],[106.912727,29.055719],[106.916951,29.0528],[106.919906,29.046067],[106.924166,29.045687],[106.926097,29.047744],[106.927819,29.047467],[106.933446,29.042537],[106.933777,29.04588],[106.936656,29.04672],[106.939658,29.044848],[106.938344,29.04212],[106.939884,29.042407],[106.944393,29.045505],[106.940598,29.049202],[106.943401,29.050616],[106.946309,29.065776],[106.950427,29.0718],[106.95242,29.066995],[106.955859,29.066392],[106.953465,29.064432],[106.954117,29.059784],[106.958602,29.057437],[106.960449,29.059246],[106.963079,29.058816],[106.967887,29.053819],[106.966624,29.050429],[106.970779,29.053066],[106.975275,29.050543],[106.976661,29.051803],[106.975206,29.055091],[106.976295,29.056186],[106.984007,29.053265],[106.98494,29.052179],[106.983014,29.051247],[106.988609,29.043001],[106.981906,29.040903],[106.979823,29.031765],[106.984938,29.028358],[106.985069,29.025727],[106.990054,29.021113],[106.997053,29.019939],[107.006092,29.014094],[107.013423,29.006751],[107.01717,28.998737],[107.024578,28.995965],[107.029379,28.987244],[107.029876,28.981611],[107.025536,28.981115],[107.024376,28.97541],[107.017395,28.973863],[107.013734,28.970366],[107.015216,28.965699],[107.012705,28.962729],[107.012905,28.959672],[107.015982,28.952106],[107.019651,28.951777],[107.023102,28.94575],[107.029141,28.941267],[107.03477,28.940924],[107.043108,28.945775],[107.051294,28.94213],[107.056361,28.93589],[107.057066,28.929658],[107.053687,28.919637],[107.050082,28.918997],[107.044047,28.922095],[107.043237,28.920916],[107.050456,28.91149],[107.050256,28.908195],[107.057473,28.89479]]]}},{"type":"Feature","properties":{"dt_adcode":"500111"},"geometry":{"type":"Polygon","coordinates":[[[105.482777,29.679116],[105.480327,29.685904],[105.481107,29.693397],[105.475019,29.696214],[105.472109,29.702472],[105.475531,29.711241],[105.482182,29.718073],[105.491897,29.719987],[105.498406,29.709962],[105.520109,29.703576],[105.522732,29.697713],[105.528291,29.692357],[105.538856,29.694873],[105.538389,29.697824],[105.53289,29.701991],[105.529374,29.707279],[105.539126,29.712821],[105.541811,29.716882],[105.550319,29.722026],[105.548205,29.724537],[105.542834,29.726525],[105.544238,29.73383],[105.549445,29.737694],[105.557937,29.726658],[105.56632,29.724499],[105.567444,29.728636],[105.564169,29.736228],[105.566159,29.739597],[105.564428,29.741077],[105.575314,29.745351],[105.576217,29.75739],[105.571829,29.760985],[105.570866,29.765701],[105.587517,29.784855],[105.586267,29.787337],[105.580288,29.790758],[105.585227,29.815116],[105.583292,29.819276],[105.587397,29.820325],[105.589784,29.823475],[105.596687,29.818744],[105.604937,29.817194],[105.609812,29.823131],[105.605877,29.828122],[105.611698,29.829456],[105.609717,29.833229],[105.610178,29.836153],[105.613098,29.837884],[105.618574,29.846612],[105.621449,29.844804],[105.621425,29.842298],[105.625511,29.840229],[105.64148,29.836852],[105.644281,29.840189],[105.651555,29.841658],[105.656185,29.844391],[105.661415,29.840668],[105.665341,29.844072],[105.669022,29.844105],[105.670571,29.847196],[105.670041,29.850133],[105.677766,29.854268],[105.684471,29.85183],[105.690408,29.852309],[105.691774,29.846676],[105.695448,29.84351],[105.698827,29.842744],[105.704006,29.844436],[105.704908,29.842427],[105.708922,29.840583],[105.71142,29.841412],[105.711463,29.843694],[105.716408,29.84749],[105.720191,29.848955],[105.719547,29.856746],[105.730914,29.861028],[105.738129,29.856524],[105.738232,29.845648],[105.736816,29.842733],[105.734217,29.843721],[105.729071,29.84037],[105.725341,29.832189],[105.728141,29.832016],[105.732512,29.827049],[105.735798,29.818594],[105.72307,29.809806],[105.714686,29.796837],[105.71259,29.791712],[105.713886,29.789131],[105.721426,29.787801],[105.721617,29.789262],[105.725721,29.789731],[105.736943,29.796739],[105.741922,29.797656],[105.746006,29.801484],[105.747882,29.799664],[105.750835,29.800725],[105.763906,29.793511],[105.766137,29.793823],[105.773652,29.801998],[105.7772,29.80185],[105.778676,29.811645],[105.781876,29.809207],[105.783264,29.800787],[105.789759,29.798755],[105.789247,29.794139],[105.799243,29.790466],[105.801375,29.786066],[105.803551,29.788912],[105.807737,29.786766],[105.808413,29.783581],[105.806124,29.77652],[105.807268,29.771072],[105.811766,29.769912],[105.820527,29.773482],[105.821749,29.772655],[105.824469,29.767801],[105.822441,29.762809],[105.82394,29.76079],[105.830776,29.758016],[105.851034,29.756935],[105.859094,29.758504],[105.868932,29.75699],[105.872539,29.75978],[105.874161,29.764332],[105.878566,29.769529],[105.876841,29.770825],[105.876997,29.77431],[105.889279,29.775452],[105.893905,29.785878],[105.888187,29.790328],[105.892751,29.795066],[105.892352,29.801395],[105.894236,29.803093],[105.900224,29.803011],[105.906501,29.795583],[105.90176,29.790488],[105.904234,29.785719],[105.922336,29.78823],[105.925925,29.786469],[105.926864,29.783592],[105.931975,29.784392],[105.944211,29.775971],[105.946856,29.779338],[105.951364,29.778804],[105.957613,29.781649],[105.969644,29.779494],[105.976551,29.784735],[105.98466,29.783668],[105.986916,29.781066],[105.991202,29.781165],[105.991002,29.779303],[105.993467,29.778706],[105.992779,29.776851],[105.994591,29.77683],[105.996194,29.774519],[105.996446,29.769932],[105.99906,29.768041],[105.997613,29.756331],[106.001603,29.754364],[105.999564,29.749122],[106.009923,29.74717],[106.013068,29.748981],[106.014453,29.752838],[106.017215,29.749885],[106.021684,29.752887],[106.026701,29.751502],[106.028365,29.749572],[106.025856,29.745982],[106.028564,29.740794],[106.026003,29.73487],[106.036802,29.727248],[106.03108,29.721457],[106.007933,29.686536],[105.998479,29.665552],[105.995769,29.664732],[105.982528,29.67193],[105.979976,29.664145],[105.969794,29.646293],[105.952043,29.628888],[105.946091,29.626971],[105.940167,29.618221],[105.93854,29.611624],[105.93607,29.611126],[105.924359,29.595804],[105.920414,29.594649],[105.918615,29.590814],[105.91408,29.588791],[105.909416,29.58356],[105.905708,29.583255],[105.901783,29.578378],[105.896974,29.577109],[105.887438,29.566972],[105.883256,29.559228],[105.873977,29.552553],[105.872997,29.546986],[105.876933,29.542288],[105.875832,29.540772],[105.868618,29.537329],[105.855001,29.540046],[105.848579,29.535389],[105.840573,29.532592],[105.834949,29.527931],[105.825912,29.513943],[105.813718,29.472791],[105.809029,29.469523],[105.809835,29.463622],[105.808162,29.455987],[105.800213,29.432444],[105.798366,29.430347],[105.794109,29.429828],[105.789965,29.424638],[105.786114,29.423522],[105.782012,29.417759],[105.779323,29.417015],[105.776659,29.410161],[105.770603,29.408548],[105.77108,29.401608],[105.773588,29.395791],[105.768259,29.380165],[105.762834,29.378839],[105.761671,29.375059],[105.756826,29.374573],[105.755159,29.371912],[105.753779,29.373829],[105.75047,29.370947],[105.747656,29.372256],[105.748047,29.37392],[105.745762,29.373976],[105.745293,29.37604],[105.742939,29.375866],[105.743591,29.378331],[105.740584,29.378557],[105.741592,29.379867],[105.735171,29.384595],[105.728747,29.384713],[105.734876,29.393229],[105.740994,29.397643],[105.740134,29.398794],[105.737692,29.399422],[105.731764,29.39504],[105.725792,29.395361],[105.722827,29.397854],[105.728566,29.404604],[105.729826,29.410166],[105.733782,29.414857],[105.733026,29.420589],[105.729018,29.419526],[105.727662,29.42284],[105.730845,29.430844],[105.738258,29.436618],[105.735043,29.445162],[105.728829,29.446609],[105.724004,29.449961],[105.725908,29.452562],[105.725056,29.454856],[105.714934,29.464249],[105.713403,29.463301],[105.713829,29.461519],[105.708071,29.46046],[105.701572,29.45447],[105.693679,29.452303],[105.693209,29.446392],[105.690642,29.444932],[105.687326,29.446038],[105.687396,29.449716],[105.680773,29.449545],[105.669458,29.455881],[105.666908,29.455761],[105.666273,29.457683],[105.671077,29.459138],[105.669119,29.46027],[105.668789,29.465107],[105.665803,29.465116],[105.663897,29.462894],[105.664315,29.45984],[105.6622,29.460036],[105.657422,29.468186],[105.658719,29.472327],[105.65637,29.473769],[105.658615,29.480648],[105.65309,29.485024],[105.657546,29.494346],[105.659077,29.494911],[105.661984,29.492159],[105.663777,29.493159],[105.663264,29.499608],[105.648043,29.49413],[105.643415,29.504761],[105.641397,29.50598],[105.639848,29.504567],[105.640752,29.498344],[105.638047,29.496952],[105.640387,29.494542],[105.639525,29.489058],[105.640682,29.487273],[105.64625,29.486105],[105.647146,29.482222],[105.645476,29.480524],[105.63889,29.482729],[105.640699,29.477831],[105.63715,29.473623],[105.634149,29.478243],[105.629748,29.478371],[105.630784,29.487052],[105.624392,29.488793],[105.621246,29.491895],[105.62155,29.500447],[105.619968,29.504822],[105.608288,29.508389],[105.59802,29.504394],[105.594312,29.504889],[105.59776,29.510789],[105.596301,29.515012],[105.592021,29.517808],[105.587897,29.514653],[105.583219,29.515607],[105.584383,29.522556],[105.590033,29.523998],[105.595286,29.538094],[105.590807,29.54721],[105.594358,29.551546],[105.600775,29.553718],[105.601157,29.556516],[105.59784,29.560604],[105.599239,29.564668],[105.603521,29.565],[105.600637,29.567587],[105.601871,29.571256],[105.594502,29.575564],[105.595336,29.581287],[105.590639,29.585951],[105.593365,29.588308],[105.592827,29.589845],[105.584034,29.587892],[105.577865,29.592222],[105.563486,29.590615],[105.553041,29.579103],[105.554488,29.576478],[105.553617,29.574753],[105.547707,29.571694],[105.542552,29.574137],[105.540634,29.579305],[105.542705,29.586416],[105.538296,29.590517],[105.535836,29.59117],[105.534294,29.587935],[105.529306,29.588276],[105.530952,29.591048],[105.529852,29.59233],[105.52625,29.589034],[105.522925,29.590593],[105.522604,29.587236],[105.51786,29.586196],[105.510182,29.603347],[105.505499,29.609995],[105.506175,29.627734],[105.50989,29.636997],[105.501882,29.641375],[105.504826,29.646292],[105.495589,29.649653],[105.495884,29.652344],[105.487746,29.662262],[105.489261,29.668692],[105.491539,29.67155],[105.490682,29.675199],[105.482777,29.679116]]]}},{"type":"Feature","properties":{"dt_adcode":"500112"},"geometry":{"type":"Polygon","coordinates":[[[106.893649,29.657064],[106.890767,29.657066],[106.887304,29.654177],[106.885551,29.655405],[106.885264,29.660515],[106.877767,29.659339],[106.865648,29.646919],[106.863923,29.650512],[106.850562,29.659889],[106.843037,29.660215],[106.833701,29.663217],[106.825718,29.659512],[106.823317,29.660074],[106.819676,29.664268],[106.822286,29.672429],[106.821107,29.674113],[106.810626,29.675113],[106.806681,29.671132],[106.804418,29.671112],[106.797967,29.677271],[106.79298,29.678595],[106.787593,29.675997],[106.783697,29.671567],[106.783229,29.669983],[106.786239,29.667416],[106.782525,29.662423],[106.775913,29.659067],[106.767728,29.657531],[106.765904,29.652896],[106.760095,29.653618],[106.759652,29.656726],[106.755092,29.651396],[106.747934,29.655137],[106.749967,29.663616],[106.74703,29.665094],[106.747413,29.669255],[106.745267,29.671182],[106.741277,29.662174],[106.736688,29.66788],[106.734837,29.667777],[106.730889,29.653309],[106.730566,29.646551],[106.726497,29.645608],[106.723922,29.640614],[106.712083,29.646985],[106.712004,29.638207],[106.708846,29.630249],[106.705783,29.628347],[106.701223,29.629568],[106.698586,29.62733],[106.692493,29.628969],[106.688994,29.623202],[106.682248,29.628177],[106.67511,29.630858],[106.673508,29.629335],[106.674204,29.627079],[106.670313,29.626963],[106.657275,29.63486],[106.652418,29.635007],[106.649659,29.631625],[106.64771,29.634066],[106.648076,29.637193],[106.643577,29.634047],[106.636878,29.637348],[106.634338,29.634863],[106.627981,29.636637],[106.621816,29.635216],[106.621129,29.639136],[106.617513,29.639361],[106.61826,29.63718],[106.615053,29.636097],[106.61162,29.639866],[106.604626,29.637776],[106.602906,29.634394],[106.594014,29.638678],[106.588353,29.634836],[106.584031,29.635034],[106.579649,29.619224],[106.573351,29.620362],[106.570384,29.611726],[106.56571,29.610908],[106.566393,29.608228],[106.56262,29.603714],[106.564528,29.60209],[106.562791,29.60104],[106.562182,29.589551],[106.555153,29.585112],[106.550398,29.585374],[106.551869,29.583539],[106.550409,29.581828],[106.546285,29.580918],[106.545704,29.583855],[106.538334,29.585637],[106.538243,29.588356],[106.535109,29.588474],[106.532925,29.586657],[106.530346,29.588592],[106.526887,29.585018],[106.522592,29.583754],[106.519691,29.577799],[106.513309,29.578664],[106.510953,29.574609],[106.508661,29.577602],[106.504178,29.576498],[106.505624,29.577864],[106.503518,29.579119],[106.49631,29.579744],[106.496174,29.576488],[106.497557,29.577273],[106.49923,29.575408],[106.497685,29.572792],[106.492717,29.576532],[106.494376,29.579824],[106.491947,29.577981],[106.490264,29.582642],[106.487027,29.584052],[106.486437,29.587682],[106.488331,29.58768],[106.488351,29.593295],[106.484547,29.593428],[106.485021,29.596827],[106.482911,29.596996],[106.482943,29.59869],[106.490056,29.598672],[106.489763,29.606662],[106.486085,29.606338],[106.485193,29.608522],[106.486284,29.610121],[106.481723,29.613451],[106.480156,29.612318],[106.481489,29.610498],[106.480389,29.60978],[106.466233,29.611308],[106.461902,29.608258],[106.462821,29.616283],[106.45441,29.619447],[106.451066,29.623],[106.450304,29.628652],[106.45208,29.632109],[106.465654,29.643097],[106.470799,29.652419],[106.469778,29.657696],[106.4556,29.671846],[106.455081,29.678034],[106.45833,29.689103],[106.46939,29.697145],[106.484506,29.700139],[106.492365,29.695221],[106.496121,29.689675],[106.506896,29.685425],[106.510436,29.685595],[106.512608,29.687663],[106.514729,29.694262],[106.512341,29.703466],[106.513154,29.707542],[106.5184,29.711996],[106.529446,29.716368],[106.536745,29.723333],[106.53562,29.732409],[106.523223,29.745031],[106.520307,29.764171],[106.515818,29.770208],[106.51962,29.770917],[106.524525,29.767119],[106.524917,29.771431],[106.531009,29.775964],[106.530846,29.773061],[106.533691,29.769835],[106.531269,29.77124],[106.531845,29.768165],[106.53488,29.767814],[106.535819,29.765933],[106.534356,29.764862],[106.536476,29.764823],[106.53496,29.763481],[106.541293,29.764208],[106.533951,29.758551],[106.530776,29.758698],[106.533166,29.748579],[106.541683,29.754851],[106.547842,29.75389],[106.550639,29.75133],[106.551861,29.754274],[106.555119,29.753953],[106.556853,29.757655],[106.560787,29.758279],[106.561637,29.761524],[106.565884,29.758034],[106.567445,29.761437],[106.570836,29.763355],[106.578346,29.758506],[106.589609,29.755142],[106.588212,29.760313],[106.589984,29.763277],[106.59488,29.767123],[106.602896,29.767439],[106.604746,29.769321],[106.601611,29.775814],[106.592771,29.785754],[106.593648,29.786806],[106.597816,29.785681],[106.598815,29.788372],[106.597426,29.790879],[106.60169,29.789583],[106.606963,29.796056],[106.610143,29.796843],[106.608622,29.799614],[106.600066,29.800392],[106.592009,29.809348],[106.594369,29.800408],[106.582201,29.797138],[106.581515,29.798859],[106.584908,29.799592],[106.587209,29.812675],[106.590524,29.816481],[106.59879,29.816769],[106.598443,29.825622],[106.601552,29.829415],[106.612847,29.832634],[106.622504,29.831009],[106.619966,29.838687],[106.621522,29.841475],[106.627531,29.841869],[106.629965,29.838886],[106.632905,29.838727],[106.638856,29.847189],[106.641866,29.845134],[106.644024,29.845889],[106.646556,29.849389],[106.650098,29.864523],[106.65908,29.870153],[106.657601,29.876639],[106.662232,29.876654],[106.661066,29.887182],[106.663912,29.889088],[106.668212,29.885698],[106.669735,29.887199],[106.666436,29.892633],[106.667638,29.899345],[106.67065,29.900282],[106.675821,29.89751],[106.678911,29.900014],[106.67852,29.908993],[106.670433,29.911002],[106.669119,29.912708],[106.670599,29.918789],[106.675117,29.919453],[106.679835,29.923601],[106.680436,29.927487],[106.678495,29.928904],[106.688158,29.933072],[106.687374,29.935499],[106.674256,29.932217],[106.672306,29.93394],[106.675127,29.940141],[106.67316,29.957254],[106.679708,29.979606],[106.677488,29.98601],[106.676853,29.997343],[106.678151,30.004448],[106.681737,30.006343],[106.676402,30.015096],[106.678883,30.026155],[106.670414,30.036744],[106.678171,30.06111],[106.674132,30.067303],[106.656541,30.077391],[106.648466,30.085574],[106.656368,30.086163],[106.666552,30.098575],[106.672237,30.11272],[106.6739,30.122137],[106.688856,30.124027],[106.688116,30.119779],[106.689656,30.117792],[106.70393,30.117894],[106.700431,30.111841],[106.700657,30.104797],[106.698751,30.098702],[106.700474,30.087663],[106.698967,30.076018],[106.703118,30.071481],[106.713281,30.06657],[106.725815,30.057048],[106.726484,30.051042],[106.724249,30.043943],[106.726066,30.034322],[106.730657,30.03029],[106.731988,30.027049],[106.742149,30.025949],[106.758456,30.018836],[106.764249,30.024607],[106.767366,30.025613],[106.768885,30.023717],[106.769189,30.016363],[106.773147,30.016308],[106.779335,30.020045],[106.785599,30.017239],[106.7926,30.021855],[106.798367,30.023501],[106.800778,30.031051],[106.804923,30.031203],[106.807281,30.029185],[106.809458,30.030206],[106.811027,30.028537],[106.812943,30.02933],[106.814001,30.032303],[106.818396,30.02993],[106.826321,30.031135],[106.830611,30.034689],[106.829701,30.038021],[106.835933,30.041346],[106.83698,30.049752],[106.841108,30.049581],[106.845008,30.044344],[106.849291,30.042739],[106.853217,30.037804],[106.86214,30.033801],[106.860284,30.030171],[106.862573,30.025884],[106.856286,30.021069],[106.855445,30.016171],[106.857456,30.013253],[106.866666,30.011961],[106.86454,30.000926],[106.865884,29.993127],[106.864426,29.984918],[106.86832,29.978973],[106.870133,29.978065],[106.876266,29.979531],[106.875919,29.983718],[106.877377,29.985988],[106.882366,29.984698],[106.882332,29.981132],[106.884573,29.980272],[106.886962,29.986373],[106.889952,29.987935],[106.895803,29.985017],[106.896419,29.979227],[106.897973,29.977473],[106.904852,29.975868],[106.909091,29.971877],[106.914922,29.970868],[106.915235,29.97335],[106.919659,29.974097],[106.922207,29.976363],[106.926607,29.974419],[106.931443,29.975414],[106.933887,29.97278],[106.933382,29.96559],[106.935252,29.964047],[106.943963,29.963943],[106.943553,29.960193],[106.948149,29.952705],[106.953434,29.951513],[106.955359,29.954781],[106.967335,29.95128],[106.97,29.938316],[106.977781,29.938814],[106.984884,29.934333],[106.974538,29.916617],[106.962036,29.901928],[106.953405,29.8811],[106.946543,29.877963],[106.945403,29.874164],[106.947639,29.866216],[106.945602,29.856934],[106.937978,29.852931],[106.93575,29.8451],[106.936551,29.842486],[106.943512,29.838525],[106.941667,29.832245],[106.94513,29.825786],[106.942641,29.81732],[106.944373,29.813474],[106.939925,29.80399],[106.948559,29.797418],[106.947871,29.794239],[106.952467,29.791537],[106.950796,29.789181],[106.946869,29.789115],[106.94518,29.784166],[106.952554,29.784245],[106.953938,29.780078],[106.957282,29.776821],[106.958544,29.769499],[106.962238,29.771107],[106.964642,29.774529],[106.96614,29.774252],[106.972238,29.763917],[106.956174,29.738565],[106.947937,29.730017],[106.945612,29.724754],[106.943174,29.707377],[106.937596,29.697064],[106.930548,29.689014],[106.913759,29.684052],[106.908328,29.680667],[106.893649,29.657064]]]}},{"type":"Feature","properties":{"dt_adcode":"500113"},"geometry":{"type":"Polygon","coordinates":[[[106.574438,29.128209],[106.572106,29.131081],[106.566366,29.131007],[106.561008,29.133227],[106.550039,29.145511],[106.550498,29.154427],[106.558349,29.157469],[106.562362,29.161376],[106.556374,29.166512],[106.555308,29.172512],[106.541959,29.18931],[106.541882,29.192362],[106.545719,29.200219],[106.547617,29.213431],[106.538098,29.214336],[106.536349,29.217524],[106.536471,29.221555],[106.521978,29.223899],[106.519503,29.231889],[106.515781,29.232056],[106.516993,29.235879],[106.515816,29.241772],[106.519669,29.251772],[106.514146,29.254362],[106.515047,29.260653],[106.512018,29.263973],[106.51207,29.267637],[106.505043,29.268959],[106.508678,29.278683],[106.508306,29.281994],[106.504186,29.282187],[106.500145,29.285478],[106.491196,29.289033],[106.487287,29.292638],[106.486288,29.295141],[106.489474,29.302986],[106.48247,29.304272],[106.479544,29.314836],[106.47598,29.318002],[106.477322,29.324478],[106.475193,29.327897],[106.473825,29.340118],[106.474848,29.349031],[106.478484,29.35124],[106.474381,29.357227],[106.478103,29.360622],[106.471827,29.361953],[106.468441,29.359173],[106.460248,29.360882],[106.452971,29.353319],[106.440421,29.350158],[106.435523,29.352964],[106.441939,29.358933],[106.448891,29.373899],[106.455034,29.380605],[106.469629,29.389172],[106.484745,29.39538],[106.491938,29.397745],[106.503466,29.398816],[106.509715,29.397518],[106.528186,29.388347],[106.531909,29.388437],[106.534931,29.392009],[106.526551,29.411283],[106.499324,29.444074],[106.498632,29.457841],[106.502086,29.477462],[106.509547,29.481767],[106.514498,29.481867],[106.530546,29.477631],[106.535923,29.473721],[106.542028,29.472953],[106.547823,29.476621],[106.552,29.487255],[106.556011,29.486522],[106.560284,29.488605],[106.568823,29.485886],[106.569817,29.481631],[106.576142,29.479002],[106.579178,29.469386],[106.586067,29.473449],[106.595226,29.463883],[106.599698,29.471067],[106.608871,29.474229],[106.613407,29.472244],[106.613259,29.469437],[106.620021,29.46694],[106.626412,29.467797],[106.627977,29.465829],[106.641225,29.470451],[106.654694,29.462251],[106.655095,29.465443],[106.65835,29.467859],[106.661666,29.463792],[106.668464,29.462882],[106.665504,29.45808],[106.670509,29.457777],[106.688773,29.468246],[106.684751,29.470054],[106.682715,29.475191],[106.692734,29.482708],[106.691533,29.487277],[106.693292,29.488978],[106.705258,29.48722],[106.706285,29.484974],[106.705275,29.482235],[106.707285,29.481715],[106.711392,29.483556],[106.732119,29.483931],[106.737144,29.485541],[106.741986,29.49534],[106.754516,29.513122],[106.754673,29.516003],[106.764175,29.530938],[106.771182,29.549155],[106.778403,29.561232],[106.788012,29.576343],[106.793712,29.58035],[106.80117,29.589045],[106.808827,29.58791],[106.818667,29.591629],[106.823426,29.591147],[106.833324,29.585495],[106.841437,29.577628],[106.850471,29.57545],[106.860703,29.600542],[106.873089,29.615827],[106.893649,29.657064],[106.900353,29.66602],[106.906061,29.678153],[106.913759,29.684052],[106.927957,29.687828],[106.932697,29.691226],[106.942556,29.705856],[106.945612,29.724754],[106.950348,29.733854],[106.956174,29.738565],[106.972238,29.763917],[106.979236,29.768616],[106.988152,29.769323],[106.989302,29.763967],[106.993459,29.758239],[106.988822,29.74879],[106.991715,29.74145],[106.990216,29.737629],[106.99718,29.734664],[106.998618,29.732554],[106.999437,29.717648],[107.002209,29.71445],[107.001503,29.708792],[106.993594,29.679322],[106.984973,29.657478],[106.988119,29.651724],[106.982898,29.650153],[106.977111,29.639097],[106.966636,29.59956],[106.958778,29.582516],[106.953687,29.55639],[106.952484,29.527522],[106.947294,29.510828],[106.944019,29.488281],[106.939137,29.476371],[106.938736,29.469147],[106.935525,29.465032],[106.934481,29.46063],[106.933053,29.448552],[106.936516,29.440599],[106.936341,29.431226],[106.933834,29.421884],[106.933834,29.407987],[106.93145,29.404969],[106.93225,29.399763],[106.927875,29.400385],[106.923301,29.403951],[106.92197,29.395046],[106.921654,29.337095],[106.919967,29.329891],[106.922358,29.326466],[106.920714,29.321631],[106.922583,29.31393],[106.920617,29.302426],[106.923964,29.295603],[106.921582,29.292133],[106.922154,29.281393],[106.933843,29.279087],[106.936217,29.268211],[106.936261,29.256653],[106.942613,29.260648],[106.945293,29.254672],[106.950926,29.254917],[106.954121,29.253294],[106.956924,29.244561],[106.956775,29.230443],[106.967244,29.217146],[106.976576,29.219694],[106.971626,29.216629],[106.971356,29.208285],[106.970214,29.213701],[106.968368,29.215231],[106.961808,29.202728],[106.954222,29.200609],[106.952681,29.197902],[106.955528,29.194398],[106.958445,29.195428],[106.960849,29.190901],[106.966781,29.191807],[106.967225,29.190062],[106.958541,29.190379],[106.957539,29.187531],[106.956503,29.190248],[106.953046,29.190037],[106.951183,29.186784],[106.945881,29.185947],[106.945071,29.183161],[106.942329,29.182223],[106.939649,29.183541],[106.928792,29.182103],[106.923418,29.184154],[106.920253,29.180069],[106.916829,29.182491],[106.915038,29.190311],[106.912084,29.190579],[106.911372,29.197491],[106.906801,29.1969],[106.90727,29.19351],[106.903318,29.191112],[106.896292,29.192159],[106.895944,29.180524],[106.904003,29.178151],[106.908529,29.17933],[106.908008,29.176837],[106.911153,29.171701],[106.906652,29.169571],[106.909189,29.160562],[106.898713,29.155009],[106.895438,29.145956],[106.891783,29.142038],[106.89371,29.136494],[106.891704,29.131774],[106.887329,29.135893],[106.883425,29.143287],[106.867141,29.151773],[106.858859,29.147976],[106.856146,29.153895],[106.849462,29.157486],[106.833017,29.152788],[106.828362,29.149393],[106.821211,29.149584],[106.818914,29.15231],[106.817241,29.160603],[106.812335,29.166213],[106.811356,29.176585],[106.806778,29.179181],[106.797656,29.178976],[106.797014,29.171304],[106.794464,29.169613],[106.791567,29.177527],[106.788375,29.177192],[106.777485,29.164355],[106.769751,29.161246],[106.766583,29.164219],[106.767443,29.170597],[106.757917,29.170157],[106.755893,29.171994],[106.757083,29.174351],[106.749796,29.176932],[106.737985,29.170753],[106.735046,29.165133],[106.729882,29.162462],[106.717933,29.173252],[106.717724,29.176192],[106.713357,29.17879],[106.702298,29.178625],[106.702777,29.176359],[106.700497,29.176655],[106.695179,29.183011],[106.686179,29.18812],[106.680303,29.173549],[106.676621,29.176865],[106.671197,29.168674],[106.669796,29.169707],[106.66822,29.16814],[106.669195,29.161816],[106.667158,29.158426],[106.661666,29.161204],[106.653188,29.161105],[106.655791,29.175708],[106.64293,29.174058],[106.642573,29.168185],[106.635378,29.169393],[106.623898,29.160139],[106.621594,29.152708],[106.615178,29.145549],[106.617951,29.141903],[106.611511,29.136778],[106.611588,29.130447],[106.604594,29.126913],[106.597316,29.129324],[106.58839,29.126544],[106.585396,29.131105],[106.582307,29.132156],[106.574438,29.128209]]]}},{"type":"Feature","properties":{"dt_adcode":"500114"},"geometry":{"type":"Polygon","coordinates":[[[108.558678,29.139537],[108.562361,29.140928],[108.563037,29.146851],[108.569684,29.150724],[108.574956,29.162584],[108.568126,29.172805],[108.556775,29.184876],[108.54886,29.208443],[108.553174,29.217233],[108.565217,29.221776],[108.570201,29.226648],[108.568304,29.236232],[108.57609,29.250888],[108.570681,29.262712],[108.57943,29.275756],[108.583975,29.279081],[108.584973,29.283176],[108.573562,29.302414],[108.568976,29.304951],[108.560396,29.306061],[108.556749,29.310604],[108.549466,29.315386],[108.548114,29.318796],[108.549683,29.328283],[108.557869,29.340982],[108.561596,29.353468],[108.555445,29.365454],[108.550318,29.370766],[108.551539,29.378432],[108.54721,29.381688],[108.548171,29.385644],[108.553013,29.390544],[108.554487,29.411594],[108.574523,29.416156],[108.577741,29.418301],[108.592585,29.442973],[108.593037,29.446095],[108.588403,29.451856],[108.585341,29.459138],[108.582063,29.461945],[108.581482,29.468716],[108.585924,29.476318],[108.579436,29.482926],[108.561709,29.491676],[108.539702,29.491682],[108.534509,29.494129],[108.52408,29.495867],[108.507762,29.503472],[108.50174,29.49993],[108.498314,29.502259],[108.498323,29.509843],[108.495719,29.512041],[108.494759,29.516629],[108.496897,29.521761],[108.503429,29.528454],[108.507661,29.539223],[108.512471,29.542849],[108.518494,29.544475],[108.536234,29.539999],[108.5391,29.545321],[108.547663,29.547389],[108.548582,29.55677],[108.542071,29.566953],[108.534531,29.572161],[108.534976,29.588851],[108.517339,29.60107],[108.513836,29.613657],[108.51163,29.614387],[108.506092,29.611456],[108.503912,29.613666],[108.505263,29.618027],[108.503048,29.620391],[108.497684,29.622728],[108.488452,29.62274],[108.487085,29.624758],[108.49002,29.642526],[108.49586,29.650477],[108.495307,29.653297],[108.498129,29.656361],[108.498576,29.660435],[108.501891,29.660965],[108.503812,29.664079],[108.504003,29.667655],[108.501814,29.671741],[108.502766,29.675749],[108.515978,29.678379],[108.522519,29.681879],[108.526077,29.69054],[108.525887,29.698578],[108.512752,29.703068],[108.506428,29.708192],[108.513878,29.712339],[108.515452,29.717724],[108.511439,29.724636],[108.504224,29.730132],[108.511863,29.733171],[108.515376,29.736515],[108.521,29.730167],[108.527793,29.735665],[108.537479,29.736702],[108.538751,29.739786],[108.54702,29.742572],[108.54896,29.745699],[108.548536,29.749527],[108.54541,29.753309],[108.540103,29.756761],[108.525967,29.760121],[108.522514,29.76377],[108.534444,29.787488],[108.556076,29.818308],[108.564445,29.818167],[108.565832,29.820854],[108.579878,29.83119],[108.580676,29.835706],[108.577346,29.844675],[108.578699,29.846524],[108.587426,29.847379],[108.587973,29.853885],[108.590655,29.857128],[108.597971,29.860494],[108.601422,29.865584],[108.608203,29.862952],[108.612225,29.864886],[108.620516,29.865414],[108.622939,29.867323],[108.632957,29.864694],[108.63415,29.862382],[108.632833,29.856733],[108.63533,29.854748],[108.64263,29.855695],[108.649545,29.852329],[108.657463,29.854563],[108.6613,29.853841],[108.661831,29.850261],[108.657741,29.848085],[108.661586,29.843157],[108.66686,29.842405],[108.668339,29.83984],[108.668417,29.835565],[108.665632,29.831058],[108.667059,29.828951],[108.670819,29.827882],[108.670331,29.819072],[108.666928,29.817271],[108.658034,29.817975],[108.656956,29.816677],[108.660471,29.813283],[108.670991,29.81182],[108.678292,29.805518],[108.680616,29.801323],[108.67843,29.777896],[108.682154,29.769538],[108.677297,29.761453],[108.676975,29.749587],[108.677584,29.748531],[108.681613,29.749333],[108.686303,29.743045],[108.684266,29.729396],[108.680637,29.723044],[108.686397,29.713145],[108.691574,29.709508],[108.693149,29.70446],[108.691209,29.700232],[108.684803,29.693507],[108.68677,29.690372],[108.691156,29.689694],[108.710341,29.699216],[108.714794,29.698817],[108.718429,29.69476],[108.718273,29.692082],[108.71034,29.685235],[108.708957,29.682164],[108.710922,29.679154],[108.733609,29.671474],[108.740613,29.665725],[108.743028,29.655932],[108.752661,29.649016],[108.755975,29.649137],[108.756795,29.651543],[108.758758,29.651372],[108.760398,29.645196],[108.763008,29.653461],[108.759357,29.658639],[108.761789,29.661106],[108.765878,29.661046],[108.769879,29.658685],[108.774564,29.651736],[108.782008,29.652237],[108.783536,29.655583],[108.782781,29.656975],[108.77722,29.657143],[108.773671,29.659258],[108.773029,29.661546],[108.776917,29.671187],[108.775946,29.675388],[108.765124,29.682236],[108.75816,29.678713],[108.752586,29.689358],[108.760627,29.693529],[108.769681,29.694318],[108.776693,29.694302],[108.786261,29.691517],[108.788794,29.689003],[108.788872,29.685556],[108.785003,29.675404],[108.7877,29.672381],[108.794152,29.671203],[108.796432,29.667278],[108.797499,29.660076],[108.793717,29.653964],[108.79226,29.647331],[108.785938,29.650694],[108.780082,29.645523],[108.781712,29.635812],[108.785642,29.633837],[108.792736,29.634966],[108.80439,29.640577],[108.80673,29.639933],[108.808542,29.634299],[108.810908,29.632296],[108.819835,29.632428],[108.817088,29.639521],[108.817687,29.647794],[108.821986,29.652612],[108.825323,29.659792],[108.828054,29.671266],[108.834034,29.669881],[108.835134,29.666955],[108.828183,29.658507],[108.827308,29.654384],[108.829768,29.651479],[108.836597,29.652825],[108.846184,29.65851],[108.849365,29.655114],[108.850066,29.647469],[108.855769,29.636391],[108.863225,29.637736],[108.864707,29.64059],[108.869711,29.642991],[108.876398,29.641228],[108.879625,29.639219],[108.880535,29.635773],[108.886583,29.633063],[108.88791,29.628566],[108.885862,29.621131],[108.873611,29.603632],[108.868754,29.600925],[108.868312,29.598021],[108.885886,29.588459],[108.889218,29.594684],[108.893992,29.593576],[108.896961,29.595379],[108.901253,29.604773],[108.909041,29.59434],[108.899808,29.584181],[108.906069,29.577427],[108.911351,29.576446],[108.913102,29.573155],[108.905171,29.567572],[108.902104,29.563035],[108.88693,29.553115],[108.878452,29.539333],[108.879155,29.536163],[108.887692,29.529282],[108.888125,29.523491],[108.886615,29.518536],[108.888453,29.502399],[108.885937,29.498059],[108.878241,29.491968],[108.879663,29.491024],[108.878596,29.489338],[108.870911,29.487995],[108.866557,29.471064],[108.873745,29.462736],[108.871195,29.459976],[108.873059,29.45077],[108.87724,29.448732],[108.880666,29.44281],[108.886522,29.440614],[108.898831,29.441858],[108.909591,29.43683],[108.921261,29.436898],[108.927442,29.435386],[108.932025,29.431699],[108.938626,29.419625],[108.938922,29.41515],[108.943725,29.410611],[108.933884,29.399062],[108.93504,29.39298],[108.933066,29.391542],[108.934666,29.389705],[108.934483,29.386233],[108.929882,29.379049],[108.931012,29.369619],[108.926115,29.363048],[108.928149,29.350942],[108.924167,29.350101],[108.922402,29.343129],[108.916612,29.33463],[108.919741,29.326304],[108.909,29.313473],[108.907705,29.303805],[108.903414,29.296411],[108.905168,29.29491],[108.915445,29.293577],[108.917756,29.290972],[108.91979,29.283738],[108.932422,29.27683],[108.939025,29.274063],[108.953942,29.272404],[108.954551,29.267359],[108.948588,29.265818],[108.947456,29.260491],[108.938013,29.244794],[108.93369,29.241948],[108.929732,29.234794],[108.925506,29.233144],[108.92368,29.227531],[108.925149,29.222604],[108.915274,29.215501],[108.895905,29.208358],[108.882417,29.17909],[108.865909,29.15385],[108.858877,29.137229],[108.854334,29.132869],[108.855287,29.12936],[108.853146,29.12393],[108.855677,29.122646],[108.850986,29.107382],[108.848594,29.105466],[108.837145,29.107246],[108.836009,29.1083],[108.837804,29.110164],[108.8364,29.111483],[108.832924,29.110206],[108.833176,29.117386],[108.821234,29.121402],[108.813451,29.121166],[108.80702,29.128251],[108.798688,29.129139],[108.794743,29.127822],[108.793494,29.125639],[108.784856,29.123256],[108.778497,29.125228],[108.775781,29.12399],[108.775529,29.114147],[108.773281,29.10964],[108.749762,29.109483],[108.750126,29.097477],[108.748397,29.096345],[108.744358,29.097599],[108.741881,29.095828],[108.747606,29.092369],[108.746798,29.088283],[108.743566,29.086191],[108.734007,29.086337],[108.726922,29.080482],[108.720627,29.082421],[108.701308,29.093157],[108.698221,29.102708],[108.692904,29.10763],[108.686709,29.109337],[108.681983,29.105627],[108.678502,29.105164],[108.66765,29.108154],[108.664491,29.107008],[108.664178,29.103756],[108.670478,29.093919],[108.662672,29.090003],[108.667187,29.078764],[108.666969,29.075017],[108.665002,29.072587],[108.66133,29.071625],[108.657589,29.076172],[108.645836,29.081928],[108.629782,29.073221],[108.62527,29.072897],[108.622167,29.073438],[108.625662,29.087888],[108.623993,29.089396],[108.620656,29.087351],[108.614556,29.09539],[108.61626,29.109295],[108.607868,29.109031],[108.603682,29.106202],[108.60323,29.103991],[108.606965,29.102124],[108.606548,29.098408],[108.599383,29.086901],[108.587164,29.095067],[108.590279,29.10101],[108.59829,29.105698],[108.594124,29.113299],[108.589334,29.112098],[108.583253,29.118066],[108.579731,29.118775],[108.579801,29.125588],[108.571459,29.123863],[108.567612,29.132308],[108.558678,29.139537]]]}},{"type":"Feature","properties":{"dt_adcode":"500115"},"geometry":{"type":"MultiPolygon","coordinates":[[[[106.972238,29.763917],[106.969076,29.770607],[106.965356,29.774506],[106.958544,29.769499],[106.957282,29.776821],[106.953938,29.780078],[106.952554,29.784245],[106.94518,29.784166],[106.946869,29.789115],[106.950796,29.789181],[106.952467,29.791537],[106.947871,29.794239],[106.948559,29.797418],[106.939925,29.80399],[106.944373,29.813474],[106.942641,29.81732],[106.94513,29.825786],[106.941667,29.832245],[106.943512,29.838525],[106.936551,29.842486],[106.935916,29.847177],[106.937978,29.852931],[106.945602,29.856934],[106.947639,29.866216],[106.945403,29.874164],[106.946543,29.877963],[106.953405,29.8811],[106.962036,29.901928],[106.974538,29.916617],[106.984884,29.934333],[106.977781,29.938814],[106.97,29.938316],[106.967335,29.95128],[106.955359,29.954781],[106.953434,29.951513],[106.948149,29.952705],[106.943553,29.960193],[106.943963,29.963943],[106.935252,29.964047],[106.933382,29.96559],[106.933887,29.97278],[106.931443,29.975414],[106.926607,29.974419],[106.922207,29.976363],[106.919659,29.974097],[106.915235,29.97335],[106.914922,29.970868],[106.909091,29.971877],[106.904852,29.975868],[106.897973,29.977473],[106.896419,29.979227],[106.895803,29.985017],[106.889952,29.987935],[106.886962,29.986373],[106.884573,29.980272],[106.882332,29.981132],[106.882366,29.984698],[106.877377,29.985988],[106.875919,29.983718],[106.876266,29.979531],[106.869456,29.978194],[106.864426,29.984918],[106.865884,29.993127],[106.86454,30.000926],[106.866666,30.011961],[106.856216,30.013871],[106.856286,30.021069],[106.862573,30.025884],[106.861463,30.028151],[106.884312,30.034397],[106.886977,30.033906],[106.889329,30.030648],[106.89452,30.031918],[106.902744,30.030334],[106.906279,30.026646],[106.911588,30.024547],[106.913587,30.025567],[106.914873,30.033949],[106.916707,30.035048],[106.926575,30.036561],[106.940512,30.042598],[106.94267,30.042271],[106.943532,30.037759],[106.946909,30.038316],[106.952351,30.051369],[106.956879,30.053959],[106.956514,30.061215],[106.950079,30.063884],[106.955974,30.066734],[106.968483,30.081349],[106.980412,30.085029],[106.985328,30.084068],[106.988334,30.080142],[107.001164,30.055301],[107.005296,30.052481],[107.015391,30.050558],[107.019556,30.038359],[107.023557,30.035311],[107.031574,30.033936],[107.042666,30.034994],[107.043241,30.037386],[107.039094,30.042089],[107.037823,30.047279],[107.043956,30.055524],[107.050576,30.053412],[107.052386,30.045063],[107.055199,30.043001],[107.059265,30.043172],[107.07178,30.04847],[107.075286,30.051118],[107.076147,30.055155],[107.084497,30.063881],[107.084193,30.06606],[107.075079,30.074218],[107.077375,30.078683],[107.073304,30.082341],[107.080125,30.094166],[107.095685,30.095128],[107.098518,30.090435],[107.103088,30.090138],[107.102958,30.096065],[107.111009,30.104247],[107.106572,30.113853],[107.108179,30.116377],[107.113215,30.118018],[107.117998,30.115539],[107.131318,30.121537],[107.134606,30.126129],[107.136463,30.134419],[107.173328,30.164866],[107.185393,30.179349],[107.195266,30.187521],[107.197468,30.192339],[107.205401,30.197815],[107.220239,30.212825],[107.228325,30.223822],[107.231405,30.219897],[107.238192,30.218428],[107.254357,30.207724],[107.259664,30.201785],[107.259612,30.196418],[107.261376,30.194435],[107.264634,30.195074],[107.269465,30.188025],[107.277027,30.181099],[107.288391,30.175214],[107.288478,30.171315],[107.285782,30.166858],[107.26948,30.145983],[107.26908,30.143589],[107.271687,30.136648],[107.274086,30.135858],[107.28745,30.138338],[107.289859,30.13785],[107.292868,30.133304],[107.295555,30.122463],[107.286752,30.107907],[107.290866,30.09793],[107.285786,30.091149],[107.271163,30.094137],[107.268738,30.089674],[107.270276,30.084082],[107.269068,30.081134],[107.261977,30.080938],[107.259058,30.075896],[107.253212,30.07697],[107.247533,30.075291],[107.253056,30.068481],[107.264557,30.063161],[107.265599,30.055378],[107.279228,30.048744],[107.27994,30.047059],[107.276436,30.043618],[107.282514,30.042368],[107.286079,30.044287],[107.292871,30.044873],[107.305529,30.038388],[107.307861,30.035482],[107.311776,30.020788],[107.304545,30.016675],[107.311201,30.007153],[107.309834,30.005484],[107.297106,30.004313],[107.294026,30.001601],[107.2942,29.997903],[107.308041,29.991605],[107.311112,29.984683],[107.314167,29.983979],[107.325541,29.973002],[107.335576,29.973965],[107.348004,29.980501],[107.354479,29.981098],[107.362848,29.97984],[107.369372,29.977265],[107.374051,29.973389],[107.377538,29.975279],[107.398346,29.997637],[107.418248,30.015498],[107.424512,30.024312],[107.427452,30.024057],[107.430731,30.027005],[107.434451,30.033353],[107.43635,30.033818],[107.446898,30.027658],[107.450398,30.023083],[107.459961,30.016227],[107.451498,30.008218],[107.453187,30.001426],[107.448066,29.999101],[107.421144,29.967962],[107.418689,29.972221],[107.415755,29.970586],[107.392887,29.938498],[107.383256,29.927837],[107.387106,29.921977],[107.377586,29.91118],[107.379064,29.897206],[107.377577,29.896869],[107.375551,29.901711],[107.369359,29.906788],[107.358833,29.895673],[107.349566,29.894459],[107.346459,29.891296],[107.340445,29.892309],[107.339166,29.886948],[107.335493,29.883337],[107.338564,29.876986],[107.338373,29.87419],[107.329556,29.872902],[107.333055,29.868091],[107.330104,29.866071],[107.327275,29.857157],[107.313063,29.845819],[107.304561,29.849036],[107.300168,29.847888],[107.298001,29.839598],[107.293564,29.836513],[107.285789,29.83922],[107.273069,29.837077],[107.270262,29.839041],[107.273896,29.842759],[107.270836,29.851447],[107.269289,29.848458],[107.26517,29.847468],[107.258854,29.85333],[107.257091,29.851605],[107.261173,29.846371],[107.258211,29.845027],[107.253242,29.844853],[107.252096,29.847995],[107.250125,29.848575],[107.248354,29.846945],[107.24943,29.843844],[107.244689,29.844928],[107.240496,29.841342],[107.234577,29.841374],[107.229301,29.843738],[107.222569,29.842831],[107.217538,29.8401],[107.211121,29.84056],[107.208068,29.835323],[107.209343,29.830061],[107.206603,29.824943],[107.208146,29.820181],[107.21229,29.816279],[107.198053,29.809604],[107.193537,29.801938],[107.18837,29.798446],[107.186983,29.79474],[107.173202,29.791408],[107.159507,29.784121],[107.156204,29.783465],[107.153118,29.784812],[107.144326,29.780665],[107.111588,29.762995],[107.102946,29.754521],[107.085296,29.762061],[107.079018,29.759338],[107.070614,29.758813],[107.070544,29.751494],[107.056879,29.744354],[107.052125,29.737325],[107.041943,29.734873],[107.040558,29.731878],[107.036898,29.729987],[107.036009,29.725286],[107.028123,29.71785],[107.018649,29.716577],[107.009182,29.712759],[107.004806,29.713303],[107.000047,29.716508],[106.998034,29.726243],[106.998618,29.732554],[106.99718,29.734664],[106.990216,29.737629],[106.991715,29.74145],[106.988822,29.74879],[106.993459,29.758239],[106.989302,29.763967],[106.988727,29.768706],[106.981598,29.769401],[106.972238,29.763917]],[[107.054737,30.04098],[107.053971,30.039203],[107.055425,30.040474],[107.054737,30.04098]]],[[[106.977493,30.087596],[106.978068,30.086917],[106.977301,30.086932],[106.977493,30.087596]]],[[[106.980526,30.088093],[106.979924,30.087818],[106.979794,30.088278],[106.980526,30.088093]]],[[[106.976587,30.088349],[106.97548,30.088183],[106.975437,30.088834],[106.976587,30.088349]]]]}},{"type":"Feature","properties":{"dt_adcode":"500116"},"geometry":{"type":"Polygon","coordinates":[[[106.435523,29.352964],[106.440421,29.350158],[106.452971,29.353319],[106.460248,29.360882],[106.468441,29.359173],[106.471827,29.361953],[106.478103,29.360622],[106.474381,29.357227],[106.478484,29.35124],[106.474848,29.349031],[106.473825,29.340118],[106.475193,29.327897],[106.477322,29.324478],[106.47598,29.318002],[106.479544,29.314836],[106.48247,29.304272],[106.489474,29.302986],[106.486288,29.295141],[106.487287,29.292638],[106.491196,29.289033],[106.500145,29.285478],[106.504186,29.282187],[106.508306,29.281994],[106.508678,29.278683],[106.505043,29.268959],[106.51207,29.267637],[106.512018,29.263973],[106.515047,29.260653],[106.514146,29.254362],[106.519669,29.251772],[106.515816,29.241772],[106.516993,29.235879],[106.515781,29.232056],[106.519503,29.231889],[106.521978,29.223899],[106.536471,29.221555],[106.536349,29.217524],[106.538098,29.214336],[106.547617,29.213431],[106.545719,29.200219],[106.541882,29.192362],[106.541959,29.18931],[106.555308,29.172512],[106.556374,29.166512],[106.562362,29.161376],[106.558349,29.157469],[106.550498,29.154427],[106.550039,29.145511],[106.561008,29.133227],[106.566366,29.131007],[106.572106,29.131081],[106.577014,29.12489],[106.574229,29.116782],[106.575947,29.113413],[106.581178,29.110083],[106.578079,29.093139],[106.584525,29.081216],[106.581167,29.073072],[106.583422,29.071259],[106.589663,29.056678],[106.585678,29.053157],[106.589504,29.030017],[106.595208,29.018008],[106.600158,29.016116],[106.606716,29.016425],[106.608766,29.014753],[106.600409,29.008464],[106.589155,29.005836],[106.585198,29.008306],[106.584313,29.013039],[106.57831,29.022457],[106.575325,29.020764],[106.571379,29.022189],[106.565179,29.015425],[106.562657,29.016548],[106.561166,29.012588],[106.558149,29.010622],[106.556607,29.005221],[106.555194,29.006825],[106.549294,29.005543],[106.54757,29.009981],[106.552058,29.014233],[106.547224,29.019588],[106.551929,29.025789],[106.545883,29.035046],[106.54467,29.036374],[106.526347,29.036157],[106.524936,29.044186],[106.519994,29.048902],[106.517831,29.056441],[106.51455,29.059838],[106.508102,29.060904],[106.504822,29.063288],[106.502867,29.067586],[106.497414,29.072747],[106.501024,29.077111],[106.48966,29.083552],[106.487089,29.079947],[106.489036,29.073248],[106.483721,29.064061],[106.489519,29.045125],[106.489527,29.040234],[106.478308,29.025315],[106.481052,29.020588],[106.475883,29.012323],[106.470134,29.015048],[106.459647,29.015744],[106.454466,29.017719],[106.446426,29.028149],[106.446469,29.032312],[106.442899,29.037114],[106.448922,29.038921],[106.461398,29.039284],[106.464135,29.041423],[106.442683,29.050599],[106.440862,29.048002],[106.442465,29.039464],[106.439232,29.040323],[106.437801,29.043702],[106.42199,29.048336],[106.417026,29.046608],[106.407025,29.038568],[106.404255,29.035165],[106.406313,29.032663],[106.399772,29.027154],[106.390433,29.029586],[106.384288,29.028793],[106.384045,29.027305],[106.392822,29.020879],[106.393047,29.017512],[106.390571,29.012741],[106.395106,29.008348],[106.396452,28.995871],[106.403297,28.989336],[106.405702,28.982886],[106.403834,28.971796],[106.39976,28.96309],[106.4088,28.954756],[106.402634,28.939289],[106.410986,28.922297],[106.409475,28.917141],[106.412556,28.899586],[106.411817,28.89117],[106.415203,28.885164],[106.415827,28.874435],[106.418942,28.872146],[106.424973,28.87335],[106.427966,28.871331],[106.436222,28.870214],[106.446468,28.863349],[106.445601,28.857332],[106.451242,28.852318],[106.453988,28.839061],[106.461913,28.830263],[106.467396,28.828775],[106.468417,28.826462],[106.452193,28.81523],[106.454671,28.812117],[106.451456,28.807763],[106.459599,28.805711],[106.459174,28.801305],[106.463609,28.799323],[106.459815,28.794871],[106.451671,28.792806],[106.454374,28.775564],[106.461095,28.766303],[106.463399,28.759841],[106.47811,28.749221],[106.483434,28.746006],[106.486377,28.746103],[106.490384,28.741727],[106.492686,28.741722],[106.493831,28.739468],[106.492558,28.73823],[106.496178,28.728808],[106.501244,28.727627],[106.497042,28.723585],[106.500044,28.720092],[106.498048,28.717603],[106.504165,28.715706],[106.510308,28.716168],[106.507809,28.712902],[106.512441,28.711054],[106.509478,28.709651],[106.511479,28.708932],[106.511143,28.707015],[106.514937,28.70046],[106.513136,28.695076],[106.515772,28.688214],[106.526103,28.680176],[106.529708,28.673136],[106.523341,28.669507],[106.521315,28.663253],[106.518467,28.661281],[106.505268,28.662163],[106.502419,28.660868],[106.505326,28.653949],[106.504469,28.648349],[106.506418,28.646474],[106.50521,28.640201],[106.506689,28.635604],[106.501121,28.628416],[106.502453,28.623535],[106.501397,28.618227],[106.49829,28.617946],[106.495104,28.615352],[106.493494,28.606476],[106.494316,28.600206],[106.506104,28.586453],[106.508941,28.580018],[106.513969,28.576877],[106.524687,28.577809],[106.525145,28.575361],[106.52067,28.57239],[106.516723,28.573592],[106.515589,28.571977],[106.516376,28.566331],[106.508803,28.56487],[106.505834,28.567061],[106.502684,28.572976],[106.498799,28.585865],[106.493969,28.590582],[106.485729,28.591342],[106.47638,28.599191],[106.474372,28.599233],[106.466985,28.587512],[106.470743,28.58142],[106.479747,28.574103],[106.487277,28.558838],[106.499074,28.55074],[106.504725,28.544687],[106.505417,28.538695],[106.504162,28.536452],[106.501167,28.534529],[106.493361,28.538304],[106.490461,28.533263],[106.486592,28.533686],[106.483865,28.53059],[106.475338,28.531165],[106.470524,28.533439],[106.466896,28.541827],[106.458668,28.544855],[106.453661,28.544151],[106.453878,28.550853],[106.446304,28.554382],[106.441615,28.559401],[106.434038,28.556676],[106.423195,28.562666],[106.410637,28.563803],[106.404255,28.569129],[106.399105,28.571164],[106.394518,28.569408],[106.387287,28.56276],[106.382915,28.561684],[106.385688,28.560835],[106.386826,28.556633],[106.389538,28.555441],[106.389816,28.553259],[106.385948,28.551776],[106.388216,28.548471],[106.383479,28.545966],[106.385756,28.542605],[106.383348,28.539375],[106.378341,28.542435],[106.373559,28.537638],[106.378489,28.533834],[106.378175,28.531315],[106.374297,28.525625],[106.371706,28.527002],[106.368462,28.52436],[106.362374,28.52835],[106.355554,28.538082],[106.352213,28.539967],[106.349803,28.540117],[106.343286,28.533278],[106.341389,28.533018],[106.337674,28.538749],[106.33743,28.548842],[106.331783,28.552773],[106.344819,28.562023],[106.344865,28.565486],[106.339311,28.566372],[106.34522,28.573033],[106.346317,28.585],[106.344829,28.588462],[106.340731,28.591562],[106.341366,28.597401],[106.330655,28.604952],[106.324625,28.615875],[106.325226,28.625842],[106.329516,28.634839],[106.326514,28.637463],[106.316612,28.637664],[106.3108,28.639986],[106.306764,28.64314],[106.304041,28.649888],[106.310366,28.659657],[106.319328,28.661762],[106.321469,28.664656],[106.309384,28.671943],[106.306139,28.675777],[106.307175,28.687917],[106.304331,28.695527],[106.304192,28.707798],[106.297382,28.715468],[106.295521,28.723465],[106.287878,28.728625],[106.286739,28.733401],[106.278056,28.738867],[106.273197,28.739799],[106.271051,28.752962],[106.271225,28.764656],[106.266499,28.775686],[106.267438,28.780255],[106.260758,28.784717],[106.252378,28.785824],[106.248238,28.799656],[106.247822,28.808321],[106.244368,28.814626],[106.246651,28.817802],[106.251694,28.816171],[106.255636,28.817887],[106.247727,28.823117],[106.246694,28.826461],[106.24837,28.829013],[106.254308,28.829433],[106.260179,28.833641],[106.26507,28.846697],[106.257592,28.853983],[106.253216,28.86575],[106.237758,28.867896],[106.237082,28.873008],[106.227072,28.883326],[106.227454,28.889341],[106.215392,28.891724],[106.209454,28.897045],[106.205798,28.905756],[106.200962,28.905053],[106.198424,28.907873],[106.191603,28.90865],[106.189784,28.912063],[106.173695,28.920833],[106.172811,28.915685],[106.168224,28.911916],[106.162544,28.908924],[106.155526,28.909157],[106.150101,28.90258],[106.146452,28.901382],[106.134334,28.905072],[106.126591,28.903158],[106.120224,28.903487],[106.10621,28.899116],[106.099499,28.899274],[106.087731,28.904202],[106.089355,28.911003],[106.088634,28.914569],[106.085628,28.910312],[106.075868,28.915031],[106.070538,28.919806],[106.062806,28.918185],[106.059483,28.914674],[106.058429,28.910958],[106.051894,28.906853],[106.048299,28.906726],[106.041719,28.911505],[106.039412,28.917739],[106.04239,28.92565],[106.038246,28.927071],[106.042338,28.929518],[106.045933,28.925261],[106.048745,28.927144],[106.044262,28.932148],[106.038438,28.935463],[106.040736,28.941188],[106.047361,28.943595],[106.045647,28.952546],[106.040425,28.955371],[106.036114,28.955732],[106.025096,28.949896],[106.021186,28.950513],[106.017431,28.952906],[106.001516,28.973615],[105.986567,28.978883],[105.980722,28.977686],[105.974643,28.973567],[105.976942,28.970845],[105.98816,28.968888],[105.989101,28.966582],[105.987925,28.963499],[105.982681,28.962582],[105.977829,28.958336],[105.972465,28.965565],[105.968947,28.965775],[105.963584,28.962567],[105.958056,28.952479],[105.943323,28.939061],[105.937496,28.937927],[105.934487,28.933891],[105.923116,28.933058],[105.919597,28.929492],[105.916729,28.922441],[105.909746,28.920442],[105.908756,28.918235],[105.915625,28.907467],[105.915599,28.904064],[105.914027,28.90101],[105.909571,28.900188],[105.900533,28.906547],[105.889329,28.909521],[105.88769,28.91134],[105.885964,28.914599],[105.888454,28.92093],[105.888072,28.926829],[105.88508,28.930845],[105.880795,28.933444],[105.875046,28.933958],[105.855029,28.927354],[105.844267,28.93092],[105.839996,28.936601],[105.829711,28.945021],[105.824756,28.953381],[105.824149,28.958523],[105.826784,28.964397],[105.834807,28.969466],[105.851687,28.976177],[105.856688,28.980701],[105.858031,28.986778],[105.857608,29.015632],[105.862237,29.024049],[105.868487,29.02788],[105.883645,29.030113],[105.88545,29.037213],[105.895359,29.048662],[105.912463,29.054709],[105.918891,29.055508],[105.921142,29.0578],[105.922298,29.078868],[105.919526,29.080797],[105.913897,29.080853],[105.913828,29.085068],[105.909885,29.09008],[105.910076,29.096022],[105.913733,29.099294],[105.918329,29.099266],[105.915671,29.104505],[105.916974,29.107724],[105.925229,29.113062],[105.933574,29.116089],[105.933401,29.121087],[105.935688,29.125312],[105.937905,29.127546],[105.942881,29.128337],[105.945116,29.132939],[105.957735,29.145958],[105.958266,29.147935],[105.954559,29.152434],[105.957266,29.154022],[105.961739,29.152845],[105.964195,29.154154],[105.965867,29.157906],[105.964491,29.165902],[105.966016,29.175129],[105.967365,29.177691],[105.971954,29.178992],[105.971005,29.182399],[105.973243,29.186812],[105.982302,29.193497],[105.983669,29.198297],[105.987642,29.200777],[105.990996,29.207105],[105.994289,29.207282],[105.998053,29.210342],[105.99699,29.214383],[106.004692,29.215501],[106.016898,29.243233],[106.024529,29.245776],[106.033179,29.253959],[106.031498,29.261885],[106.035191,29.264996],[106.033345,29.270716],[106.036332,29.27589],[106.034303,29.278975],[106.037238,29.288121],[106.036743,29.302408],[106.040087,29.307963],[106.038171,29.313356],[106.04344,29.325499],[106.058044,29.322467],[106.066161,29.323384],[106.072926,29.320991],[106.08201,29.313183],[106.086364,29.307065],[106.084669,29.300314],[106.086128,29.297953],[106.099357,29.290004],[106.104427,29.294658],[106.110434,29.294913],[106.113566,29.283404],[106.120081,29.278877],[106.123629,29.281187],[106.122589,29.283485],[106.124098,29.286292],[106.129587,29.286386],[106.133836,29.289237],[106.134496,29.291528],[106.138674,29.290707],[106.136984,29.295531],[106.14339,29.296594],[106.146051,29.292399],[106.147819,29.294168],[106.152281,29.293664],[106.156901,29.302636],[106.16443,29.302474],[106.17662,29.30843],[106.222069,29.35123],[106.243664,29.402995],[106.24863,29.429253],[106.255681,29.437564],[106.260848,29.450547],[106.262725,29.4516],[106.278991,29.448788],[106.280685,29.445275],[106.285232,29.442639],[106.286553,29.436679],[106.29104,29.441548],[106.294536,29.438828],[106.298545,29.440773],[106.301015,29.435924],[106.305243,29.437533],[106.307217,29.434266],[106.30786,29.425975],[106.319024,29.42826],[106.322626,29.42585],[106.323304,29.421139],[106.317274,29.415218],[106.317874,29.410583],[106.318787,29.410136],[106.320807,29.415038],[106.329047,29.413666],[106.328672,29.397867],[106.331265,29.3959],[106.324721,29.392702],[106.322023,29.386976],[106.318212,29.38663],[106.313626,29.388804],[106.306806,29.383924],[106.308414,29.379549],[106.295576,29.37878],[106.294062,29.380102],[106.294402,29.384567],[106.292428,29.386653],[106.285646,29.386738],[106.282698,29.378043],[106.283124,29.369544],[106.275457,29.3624],[106.278698,29.358857],[106.279376,29.354892],[106.277812,29.352926],[106.267192,29.350063],[106.264143,29.338663],[106.26125,29.335501],[106.265697,29.330154],[106.274951,29.328438],[106.276941,29.32227],[106.282199,29.321144],[106.285546,29.32325],[106.289155,29.320689],[106.288806,29.314915],[106.28532,29.31067],[106.287128,29.305377],[106.282181,29.300894],[106.284649,29.291194],[106.28145,29.289642],[106.279911,29.286034],[106.285874,29.279183],[106.294943,29.261089],[106.298691,29.256493],[106.311922,29.254782],[106.326914,29.259229],[106.33982,29.264554],[106.34867,29.272997],[106.355909,29.276886],[106.372575,29.279334],[106.388015,29.28573],[106.392022,29.290258],[106.393212,29.294937],[106.385983,29.312406],[106.386053,29.317216],[106.387365,29.320783],[106.391919,29.324317],[106.39451,29.338607],[106.41188,29.342253],[106.435523,29.352964]]]}},{"type":"Feature","properties":{"dt_adcode":"500117"},"geometry":{"type":"MultiPolygon","coordinates":[[[[106.239407,29.911319],[106.239042,29.910935],[106.238921,29.911192],[106.239407,29.911319]]],[[[106.238348,29.911741],[106.237975,29.912036],[106.238417,29.912147],[106.238348,29.911741]]],[[[106.165974,29.920624],[106.165567,29.920653],[106.165558,29.920959],[106.165974,29.920624]]],[[[106.166191,29.921122],[106.166147,29.920649],[106.165914,29.921117],[106.166191,29.921122]]],[[[106.165238,29.921086],[106.165333,29.921528],[106.165541,29.921247],[106.165238,29.921086]]],[[[106.204477,30.205719],[106.209209,30.203409],[106.216439,30.203816],[106.2291,30.212743],[106.232223,30.212541],[106.2403,30.200157],[106.238295,30.193621],[106.232439,30.190439],[106.232074,30.187321],[106.233826,30.185447],[106.240299,30.185328],[106.242069,30.176783],[106.246712,30.179182],[106.24535,30.185528],[106.249638,30.188771],[106.245611,30.194818],[106.247737,30.197513],[106.253945,30.198552],[106.256671,30.196298],[106.262664,30.196054],[106.264479,30.193248],[106.263072,30.190548],[106.263558,30.186516],[106.265052,30.184998],[106.269813,30.184766],[106.271004,30.187451],[106.266373,30.19232],[106.269944,30.194796],[106.269649,30.19969],[106.271726,30.203997],[106.267556,30.208908],[106.264498,30.209471],[106.261909,30.213789],[106.26594,30.214773],[106.270577,30.210253],[106.276089,30.211284],[106.278597,30.209466],[106.279956,30.206014],[106.278452,30.195738],[106.284007,30.195674],[106.284311,30.201966],[106.289789,30.203299],[106.293171,30.20189],[106.296685,30.205138],[106.291155,30.216532],[106.291546,30.218849],[106.306264,30.226408],[106.30041,30.232836],[106.300558,30.238541],[106.30977,30.237304],[106.315687,30.233414],[106.318671,30.229128],[106.324762,30.229861],[106.334621,30.225972],[106.337059,30.232018],[106.336781,30.237914],[106.344516,30.237521],[106.348807,30.245081],[106.359647,30.241228],[106.365519,30.241326],[106.364667,30.244793],[106.371408,30.248119],[106.381946,30.245865],[106.384302,30.247851],[106.385092,30.244419],[106.388158,30.243024],[106.390209,30.244123],[106.386431,30.249483],[106.383737,30.250763],[106.382772,30.254033],[106.388005,30.255643],[106.397389,30.249657],[106.401332,30.242687],[106.403729,30.242186],[106.412196,30.243971],[106.416067,30.253138],[106.427851,30.253772],[106.429459,30.260517],[106.428432,30.262654],[106.422134,30.26246],[106.420104,30.264443],[106.421241,30.268412],[106.420295,30.270209],[106.414263,30.268851],[106.407884,30.275991],[106.413179,30.275011],[106.419063,30.278872],[106.420348,30.27741],[106.436109,30.277851],[106.435337,30.281784],[106.428599,30.291563],[106.433673,30.295731],[106.441857,30.289488],[106.444302,30.290268],[106.444761,30.295704],[106.436483,30.303482],[106.441061,30.308927],[106.451755,30.30809],[106.451452,30.307121],[106.45691,30.305988],[106.449701,30.304014],[106.448237,30.299613],[106.451304,30.297255],[106.454804,30.297836],[106.457793,30.302248],[106.465935,30.299395],[106.471338,30.299447],[106.476172,30.306979],[106.483458,30.296798],[106.487119,30.29587],[106.493273,30.297914],[106.498717,30.295451],[106.499868,30.2889],[106.504216,30.290688],[106.509653,30.289324],[106.511233,30.289909],[106.510939,30.292115],[106.514545,30.29426],[106.518949,30.295831],[106.522837,30.294373],[106.521385,30.300319],[106.525573,30.30241],[106.527406,30.298802],[106.53688,30.300191],[106.544837,30.296744],[106.545462,30.307235],[106.547065,30.31034],[106.557428,30.315864],[106.575073,30.304616],[106.586361,30.302967],[106.590186,30.298348],[106.590511,30.294258],[106.5929,30.292576],[106.60214,30.291283],[106.603975,30.292659],[106.611687,30.292419],[106.614611,30.287562],[106.616782,30.287914],[106.620529,30.282279],[106.62305,30.281619],[106.623232,30.272682],[106.628719,30.273315],[106.627571,30.265915],[106.632694,30.266759],[106.634842,30.265685],[106.642975,30.247069],[106.631901,30.246009],[106.629266,30.242037],[106.622961,30.239503],[106.621666,30.236498],[106.609971,30.235428],[106.607169,30.231075],[106.608437,30.229389],[106.611235,30.230137],[106.611495,30.22804],[106.619127,30.229646],[106.619187,30.224983],[106.621795,30.225106],[106.622639,30.227722],[106.624064,30.22753],[106.623977,30.224782],[106.625995,30.22276],[106.623786,30.219394],[106.627021,30.217565],[106.629764,30.218846],[106.632268,30.217545],[106.632726,30.216226],[106.62969,30.215487],[106.623586,30.210387],[106.623664,30.208397],[106.626029,30.206722],[106.622985,30.204432],[106.626985,30.197786],[106.629272,30.197534],[106.630576,30.200596],[106.633638,30.199668],[106.634855,30.194961],[106.630524,30.192158],[106.630636,30.186945],[106.641484,30.191662],[106.647009,30.191039],[106.638961,30.179128],[106.643136,30.176881],[106.650707,30.176561],[106.653144,30.174623],[106.653979,30.169138],[106.649227,30.167822],[106.648479,30.164963],[106.651803,30.164326],[106.655702,30.167754],[106.662212,30.170182],[106.664206,30.168579],[106.663074,30.162892],[106.665772,30.158962],[106.668192,30.158786],[106.672484,30.16159],[106.677202,30.159363],[106.677593,30.157392],[106.672762,30.152363],[106.675008,30.147163],[106.672064,30.124291],[106.6739,30.122137],[106.673204,30.115879],[106.667597,30.100189],[106.65689,30.086569],[106.642905,30.085012],[106.6291,30.079449],[106.624639,30.076144],[106.621978,30.071825],[106.593176,30.050069],[106.59157,30.047087],[106.592125,30.043932],[106.598264,30.039581],[106.59921,30.033943],[106.59657,30.030452],[106.582213,30.022233],[106.572202,30.012688],[106.568706,29.991161],[106.546145,29.936399],[106.544924,29.935247],[106.535536,29.942744],[106.527433,29.946417],[106.518723,29.926333],[106.505931,29.931497],[106.501344,29.922105],[106.494308,29.9172],[106.49139,29.909945],[106.488906,29.908414],[106.479385,29.908291],[106.476536,29.904329],[106.478623,29.902534],[106.478059,29.897858],[106.473427,29.896217],[106.476691,29.895158],[106.477124,29.891858],[106.474752,29.887316],[106.466967,29.883006],[106.467841,29.876005],[106.466714,29.870038],[106.453298,29.865325],[106.452605,29.869146],[106.462897,29.884791],[106.458514,29.887442],[106.45277,29.878226],[106.447969,29.877543],[106.445794,29.878962],[106.447545,29.881928],[106.444208,29.882394],[106.442735,29.88428],[106.448741,29.890826],[106.442701,29.891728],[106.445561,29.894477],[106.449989,29.895706],[106.454938,29.907003],[106.452183,29.908923],[106.454661,29.911808],[106.456073,29.910751],[106.457381,29.912382],[106.461314,29.925342],[106.449367,29.926227],[106.448796,29.925199],[106.45201,29.921959],[106.443438,29.906156],[106.439329,29.902623],[106.432236,29.902363],[106.429947,29.907802],[106.424482,29.90598],[106.423467,29.903183],[106.427761,29.901383],[106.427891,29.895664],[106.429695,29.892689],[106.425201,29.887672],[106.425383,29.884828],[106.422667,29.884364],[106.413104,29.887238],[106.395909,29.898598],[106.390957,29.906659],[106.390888,29.92129],[106.383031,29.927864],[106.358854,29.91472],[106.353329,29.909415],[106.314718,29.886932],[106.312578,29.882316],[106.290831,29.865242],[106.267908,29.844418],[106.263391,29.852255],[106.266867,29.862376],[106.271959,29.866323],[106.266016,29.873917],[106.272011,29.877231],[106.277982,29.873379],[106.279929,29.878691],[106.279121,29.883979],[106.280956,29.896034],[106.277783,29.89517],[106.270109,29.887336],[106.267659,29.887083],[106.265409,29.890539],[106.267355,29.894644],[106.265123,29.89749],[106.258157,29.897462],[106.257306,29.899603],[106.251358,29.90216],[106.250907,29.904248],[106.248276,29.904412],[106.241663,29.911455],[106.237654,29.912776],[106.241629,29.918317],[106.236848,29.919359],[106.230064,29.917285],[106.227592,29.922717],[106.221027,29.920419],[106.218999,29.929436],[106.213728,29.932101],[106.213164,29.929589],[106.208622,29.929144],[106.205493,29.935284],[106.201099,29.936943],[106.199141,29.93524],[106.198543,29.9314],[106.193049,29.93139],[106.184168,29.926521],[106.178112,29.928811],[106.176067,29.923276],[106.166451,29.922589],[106.161677,29.919375],[106.152778,29.925799],[106.146938,29.927864],[106.1425,29.93335],[106.137273,29.935009],[106.13638,29.933014],[106.140481,29.93097],[106.141469,29.927642],[106.137307,29.923082],[106.12966,29.922253],[106.130649,29.925648],[106.128689,29.928307],[106.134022,29.935274],[106.134396,29.939648],[106.132245,29.940015],[106.129176,29.936295],[106.124163,29.93648],[106.120364,29.938668],[106.11954,29.94368],[106.115124,29.947402],[106.106958,29.947616],[106.112703,29.951902],[106.112938,29.960815],[106.119107,29.965876],[106.120342,29.969268],[106.118674,29.973778],[106.123298,29.980055],[106.118076,29.986999],[106.118033,29.991886],[106.123785,29.99548],[106.123915,29.998106],[106.098227,30.002344],[106.083485,30.000655],[106.075731,30.00163],[106.044079,29.997152],[106.041241,29.999038],[106.041771,30.003981],[106.04892,30.00909],[106.047806,30.013638],[106.028676,30.022346],[106.018764,30.028878],[105.998787,30.026618],[105.988786,30.037206],[105.981086,30.054009],[105.981235,30.062208],[105.985904,30.070251],[105.980391,30.080406],[105.983562,30.088625],[105.989364,30.093132],[105.98473,30.099737],[105.985183,30.101742],[105.992022,30.105097],[105.996326,30.111113],[105.998861,30.112027],[105.99948,30.113757],[105.994105,30.121924],[105.998279,30.130196],[105.996327,30.133669],[105.990211,30.134074],[105.977407,30.146041],[105.976249,30.153119],[105.97962,30.157108],[105.986763,30.158168],[105.987661,30.164008],[105.974386,30.175234],[105.970538,30.183653],[105.971217,30.186034],[105.975302,30.187831],[105.977357,30.183734],[105.981782,30.180876],[105.986738,30.178357],[105.993115,30.177595],[106.006707,30.187973],[106.012824,30.196116],[106.020202,30.199714],[106.014131,30.208258],[106.004626,30.21568],[106.004061,30.224765],[105.999469,30.224558],[105.995087,30.231843],[105.981079,30.233563],[105.985706,30.248683],[105.995411,30.256894],[106.006258,30.260019],[106.011224,30.26355],[106.013472,30.270107],[106.009491,30.275744],[105.999098,30.280728],[105.99211,30.277374],[105.98103,30.280169],[105.979697,30.282429],[105.983391,30.289762],[105.974889,30.289316],[105.968873,30.299833],[105.967715,30.308956],[105.975239,30.306332],[105.977373,30.31146],[105.988253,30.320021],[105.981293,30.325056],[105.980806,30.329721],[105.98362,30.334994],[105.980144,30.339017],[105.981233,30.343332],[105.987444,30.34735],[105.989074,30.352714],[105.986966,30.358453],[105.978927,30.36991],[105.978283,30.373476],[105.983561,30.375393],[105.99391,30.368931],[105.998554,30.370994],[106.002205,30.376904],[106.017878,30.371508],[106.022243,30.371694],[106.027373,30.374557],[106.030909,30.374258],[106.034462,30.360546],[106.041889,30.357539],[106.043708,30.350149],[106.048592,30.352376],[106.050647,30.351417],[106.060853,30.342234],[106.060429,30.338794],[106.063157,30.338484],[106.063535,30.341007],[106.067531,30.340856],[106.069556,30.34246],[106.070738,30.341011],[106.068015,30.337702],[106.07309,30.333967],[106.075818,30.335779],[106.079316,30.344336],[106.08924,30.345516],[106.09129,30.334166],[106.088952,30.32539],[106.086537,30.325325],[106.087597,30.323561],[106.090846,30.323865],[106.092253,30.322448],[106.094659,30.324177],[106.098411,30.323359],[106.098932,30.320911],[106.103273,30.320923],[106.102674,30.317804],[106.100425,30.319067],[106.098758,30.317912],[106.102743,30.313964],[106.104037,30.315113],[106.106337,30.310454],[106.108481,30.311255],[106.108915,30.314076],[106.113923,30.313569],[106.111597,30.315573],[106.11322,30.317243],[106.122875,30.313717],[106.123925,30.31076],[106.122328,30.306824],[106.127558,30.306509],[106.125685,30.303452],[106.126604,30.302065],[106.131798,30.301807],[106.1344,30.308602],[106.124844,30.317899],[106.12579,30.320316],[106.124576,30.324891],[106.132667,30.323666],[106.13512,30.31537],[106.132596,30.313329],[106.133559,30.31243],[106.136009,30.312326],[106.137135,30.315679],[106.143521,30.312358],[106.147212,30.31463],[106.149757,30.312962],[106.150218,30.309229],[106.156519,30.313656],[106.162044,30.31068],[106.158954,30.30866],[106.163002,30.30777],[106.161901,30.303611],[106.164974,30.306159],[106.168559,30.303967],[106.171361,30.306206],[106.167329,30.296998],[106.168541,30.294721],[106.175251,30.29682],[106.173511,30.294659],[106.174643,30.288027],[106.171445,30.287287],[106.17091,30.285722],[106.177168,30.284244],[106.174366,30.280352],[106.180447,30.278121],[106.176127,30.275171],[106.175506,30.270885],[106.177653,30.270662],[106.179927,30.272675],[106.181319,30.271698],[106.180765,30.265479],[106.178967,30.263586],[106.179362,30.258377],[106.172456,30.25381],[106.17055,30.250572],[106.173409,30.248598],[106.179092,30.248097],[106.179078,30.240571],[106.183038,30.239318],[106.180369,30.232847],[106.194158,30.231082],[106.200969,30.232994],[106.200681,30.227285],[106.192343,30.21593],[106.197069,30.212836],[106.201826,30.213145],[106.204477,30.205719]],[[106.204802,30.201873],[106.197752,30.201234],[106.201443,30.197722],[106.204802,30.201873]],[[106.162377,30.285839],[106.152282,30.289737],[106.150801,30.29266],[106.146943,30.293011],[106.145734,30.288957],[106.146592,30.286151],[106.144136,30.286774],[106.141681,30.284514],[106.140823,30.286502],[106.138212,30.287008],[106.140161,30.281941],[106.136653,30.280811],[106.136809,30.279252],[106.14094,30.279564],[106.142421,30.277888],[106.142538,30.279915],[106.146202,30.281786],[106.147254,30.279213],[106.155401,30.280188],[106.15848,30.273601],[106.161909,30.273367],[106.161832,30.276056],[106.164638,30.279252],[106.16226,30.282604],[106.162377,30.285839]],[[106.244831,29.908233],[106.245212,29.908528],[106.2449,29.908576],[106.244831,29.908233]]],[[[106.208336,30.240372],[106.206372,30.24954],[106.215258,30.256555],[106.218283,30.256056],[106.229009,30.247014],[106.227419,30.24321],[106.224301,30.241557],[106.2161,30.244021],[106.208336,30.240372]]],[[[106.240101,29.909298],[106.239711,29.909553],[106.240084,29.909609],[106.240101,29.909298]]],[[[106.241081,29.909329],[106.240761,29.909587],[106.241047,29.909717],[106.241081,29.909329]]],[[[106.239858,29.911026],[106.240336,29.911113],[106.240231,29.910915],[106.239858,29.911026]]],[[[106.259659,30.204436],[106.257167,30.206819],[106.258982,30.208989],[106.261552,30.206184],[106.259659,30.204436]]],[[[106.269151,30.214401],[106.26909,30.217241],[106.272513,30.218998],[106.275251,30.213859],[106.272584,30.212469],[106.269151,30.214401]]]]}},{"type":"Feature","properties":{"dt_adcode":"500118"},"geometry":{"type":"Polygon","coordinates":[[[106.089141,29.546399],[106.085977,29.530579],[106.083205,29.527696],[106.082387,29.520814],[106.077224,29.509941],[106.078153,29.493331],[106.075352,29.474591],[106.076213,29.47038],[106.071448,29.459983],[106.073682,29.451672],[106.070803,29.444378],[106.071325,29.439078],[106.067341,29.430472],[106.067534,29.425003],[106.065324,29.423433],[106.063653,29.418963],[106.064235,29.411342],[106.065792,29.40923],[106.06353,29.40714],[106.057771,29.406137],[106.055813,29.403815],[106.057709,29.401751],[106.061059,29.402899],[106.061764,29.397453],[106.067548,29.392633],[106.065469,29.386309],[106.066077,29.376963],[106.060039,29.366829],[106.048125,29.352391],[106.049691,29.340625],[106.038171,29.313356],[106.040087,29.307963],[106.036743,29.302408],[106.037238,29.288121],[106.034303,29.278975],[106.036332,29.27589],[106.033345,29.270716],[106.035496,29.266669],[106.034816,29.264174],[106.031498,29.261885],[106.033396,29.254381],[106.024529,29.245776],[106.016898,29.243233],[106.004692,29.215501],[105.99699,29.214383],[105.998053,29.210342],[105.994289,29.207282],[105.990996,29.207105],[105.987642,29.200777],[105.983669,29.198297],[105.982302,29.193497],[105.973243,29.186812],[105.971005,29.182399],[105.971954,29.178992],[105.967365,29.177691],[105.966016,29.175129],[105.964491,29.165902],[105.96537,29.156026],[105.962767,29.152932],[105.957266,29.154022],[105.954054,29.151729],[105.958266,29.147935],[105.957735,29.145958],[105.945116,29.132939],[105.942881,29.128337],[105.937905,29.127546],[105.935688,29.125312],[105.933401,29.121087],[105.933574,29.116089],[105.920953,29.11088],[105.916235,29.10682],[105.915671,29.104505],[105.918329,29.099266],[105.911527,29.097936],[105.909555,29.091574],[105.911005,29.087393],[105.913828,29.085068],[105.914218,29.080455],[105.919526,29.080797],[105.922298,29.078868],[105.92089,29.067919],[105.921733,29.060294],[105.920351,29.056583],[105.895359,29.048662],[105.88545,29.037213],[105.883645,29.030113],[105.868487,29.02788],[105.862237,29.024049],[105.857608,29.015632],[105.858031,28.986778],[105.856688,28.980701],[105.851687,28.976177],[105.834807,28.969466],[105.826784,28.964397],[105.824149,28.958523],[105.824756,28.953381],[105.8305,28.944274],[105.824097,28.941287],[105.810561,28.940857],[105.803437,28.936158],[105.797586,28.935933],[105.792714,28.943459],[105.79333,28.947626],[105.796338,28.949646],[105.803836,28.947601],[105.808855,28.956535],[105.80134,28.958189],[105.788241,28.978216],[105.779083,28.979944],[105.775622,28.983604],[105.77065,28.98528],[105.765851,28.990458],[105.762475,28.991331],[105.764776,29.000443],[105.762883,29.003647],[105.765653,29.006771],[105.766234,29.013365],[105.763431,29.016808],[105.760853,29.016883],[105.761869,29.019482],[105.75424,29.023901],[105.752017,29.029464],[105.749662,29.02987],[105.750414,29.033806],[105.745365,29.034569],[105.747493,29.03592],[105.746304,29.036465],[105.747548,29.038097],[105.741666,29.039082],[105.744014,29.043216],[105.746917,29.043773],[105.744609,29.046618],[105.752061,29.052041],[105.750611,29.053746],[105.754178,29.063269],[105.757777,29.066238],[105.7578,29.069021],[105.755771,29.071995],[105.745019,29.075457],[105.740858,29.088621],[105.729899,29.098772],[105.729021,29.106153],[105.732325,29.118126],[105.735185,29.122403],[105.7521,29.129785],[105.752283,29.133381],[105.750416,29.135744],[105.744752,29.137849],[105.736828,29.131801],[105.733204,29.130989],[105.728849,29.134416],[105.731026,29.145718],[105.727681,29.147748],[105.729444,29.152551],[105.727742,29.154495],[105.728788,29.155857],[105.720304,29.171343],[105.717373,29.173646],[105.716718,29.196222],[105.711983,29.219197],[105.708408,29.220156],[105.705937,29.222958],[105.708887,29.238001],[105.698604,29.257051],[105.692714,29.273393],[105.692279,29.279067],[105.695177,29.287357],[105.7159,29.290877],[105.716866,29.292948],[105.715466,29.295579],[105.705062,29.299217],[105.701103,29.298262],[105.695395,29.29593],[105.686327,29.288216],[105.682027,29.28242],[105.681792,29.274854],[105.678061,29.273476],[105.668998,29.274487],[105.656196,29.284181],[105.645476,29.286621],[105.644806,29.28938],[105.637272,29.29827],[105.634133,29.305604],[105.630384,29.307454],[105.635151,29.311191],[105.631637,29.312165],[105.630037,29.31546],[105.633646,29.317267],[105.635621,29.320667],[105.641423,29.318476],[105.645364,29.319253],[105.647705,29.328978],[105.653422,29.33396],[105.649681,29.341995],[105.654476,29.350139],[105.663074,29.346655],[105.675477,29.35557],[105.691656,29.357668],[105.696181,29.364603],[105.700298,29.367741],[105.709676,29.369039],[105.708676,29.375627],[105.714121,29.375116],[105.717791,29.372754],[105.721896,29.375504],[105.724913,29.378258],[105.725696,29.381338],[105.72427,29.382884],[105.726687,29.384826],[105.735171,29.384595],[105.741592,29.379867],[105.740584,29.378557],[105.743591,29.378331],[105.742939,29.375866],[105.745293,29.37604],[105.745762,29.373976],[105.748047,29.37392],[105.747656,29.372256],[105.75047,29.370947],[105.753779,29.373829],[105.755159,29.371912],[105.756826,29.374573],[105.761783,29.375128],[105.762834,29.378839],[105.767738,29.379594],[105.773588,29.395791],[105.77108,29.401608],[105.770603,29.408548],[105.776659,29.410161],[105.779323,29.417015],[105.782012,29.417759],[105.786114,29.423522],[105.789965,29.424638],[105.794109,29.429828],[105.798366,29.430347],[105.800213,29.432444],[105.808162,29.455987],[105.809835,29.463622],[105.809029,29.469523],[105.813718,29.472791],[105.821024,29.500433],[105.825912,29.513943],[105.831414,29.523164],[105.840573,29.532592],[105.848579,29.535389],[105.855001,29.540046],[105.865454,29.537381],[105.873958,29.539065],[105.876933,29.542288],[105.872997,29.546986],[105.873352,29.551432],[105.883256,29.559228],[105.890466,29.570435],[105.896783,29.570006],[105.897226,29.565873],[105.901965,29.56542],[105.906575,29.562752],[105.905299,29.560907],[105.907296,29.5578],[105.903631,29.552518],[105.903631,29.547875],[105.911281,29.538488],[105.922592,29.537496],[105.936432,29.542439],[105.938397,29.543981],[105.935615,29.549265],[105.936876,29.55027],[105.944486,29.548413],[105.946391,29.543451],[105.951847,29.548361],[105.956094,29.540744],[105.95511,29.538981],[105.952482,29.538609],[105.956442,29.534841],[105.958148,29.537672],[105.967811,29.536941],[105.975971,29.542516],[105.977539,29.542101],[105.978288,29.538945],[105.983636,29.538612],[105.980387,29.536782],[105.981824,29.533338],[105.988026,29.542339],[105.995431,29.541313],[105.996555,29.539625],[105.994081,29.534251],[105.996311,29.531219],[105.995439,29.525821],[106.00044,29.525252],[106.002652,29.522678],[106.010127,29.520497],[106.013752,29.520985],[106.018753,29.527376],[106.04097,29.529463],[106.055716,29.533277],[106.066686,29.532906],[106.070939,29.535348],[106.079338,29.545703],[106.089141,29.546399]]]}},{"type":"Feature","properties":{"dt_adcode":"500119"},"geometry":{"type":"Polygon","coordinates":[[[107.246636,28.761863],[107.219217,28.772712],[107.216598,28.779514],[107.219183,28.78688],[107.216643,28.792364],[107.213408,28.795016],[107.21092,28.805055],[107.210591,28.814808],[107.216332,28.82817],[107.223974,28.829511],[107.224426,28.834197],[107.227315,28.835932],[107.215899,28.835582],[107.208086,28.838223],[107.195151,28.838077],[107.196886,28.847393],[107.20651,28.868005],[107.203181,28.871672],[107.194027,28.876604],[107.198448,28.878427],[107.193586,28.888782],[107.188151,28.885932],[107.183461,28.87954],[107.182248,28.881202],[107.18373,28.886114],[107.182638,28.887145],[107.17866,28.88338],[107.170339,28.880655],[107.157658,28.883599],[107.15497,28.882116],[107.152785,28.877036],[107.146829,28.876244],[107.144722,28.878593],[107.142936,28.887513],[107.122377,28.888312],[107.110207,28.891303],[107.105358,28.889273],[107.096682,28.890085],[107.093866,28.886554],[107.088807,28.873309],[107.076677,28.8706],[107.071701,28.866279],[107.060631,28.867344],[107.059892,28.86978],[107.063374,28.877053],[107.072319,28.879308],[107.077043,28.886118],[107.072537,28.886401],[107.066569,28.895369],[107.063749,28.893518],[107.057473,28.89479],[107.050256,28.908195],[107.050456,28.91149],[107.043376,28.919861],[107.044047,28.922095],[107.051275,28.918754],[107.054175,28.920409],[107.05731,28.931394],[107.054856,28.938745],[107.051294,28.94213],[107.043108,28.945775],[107.03477,28.940924],[107.029141,28.941267],[107.023102,28.94575],[107.019651,28.951777],[107.015982,28.952106],[107.012905,28.959672],[107.012705,28.962729],[107.015216,28.965699],[107.013734,28.970366],[107.017395,28.973863],[107.024376,28.97541],[107.025536,28.981115],[107.029876,28.981611],[107.029379,28.987244],[107.024578,28.995965],[107.01717,28.998737],[107.013423,29.006751],[107.006092,29.014094],[106.997053,29.019939],[106.990054,29.021113],[106.985069,29.025727],[106.984938,29.028358],[106.979823,29.031765],[106.981906,29.040903],[106.988609,29.043001],[106.983014,29.051247],[106.98494,29.052179],[106.976295,29.056186],[106.975206,29.055091],[106.976661,29.051803],[106.975275,29.050543],[106.970779,29.053066],[106.966624,29.050429],[106.967887,29.053819],[106.963079,29.058816],[106.960449,29.059246],[106.958602,29.057437],[106.954117,29.059784],[106.953465,29.064432],[106.955859,29.066392],[106.95242,29.066995],[106.950427,29.0718],[106.946309,29.065776],[106.943401,29.050616],[106.940598,29.049202],[106.944393,29.045505],[106.938701,29.041912],[106.937996,29.043197],[106.939658,29.044848],[106.936656,29.04672],[106.933777,29.04588],[106.933446,29.042537],[106.927819,29.047467],[106.926097,29.047744],[106.924166,29.045687],[106.919906,29.046067],[106.916951,29.0528],[106.913648,29.055472],[106.908921,29.054902],[106.909138,29.050517],[106.905524,29.053093],[106.907506,29.061774],[106.905638,29.064588],[106.910269,29.068824],[106.908636,29.073947],[106.912468,29.07544],[106.912416,29.077401],[106.915553,29.079804],[106.915371,29.083746],[106.919187,29.088072],[106.915806,29.092703],[106.920344,29.094962],[106.921822,29.100456],[106.915494,29.111867],[106.901489,29.118826],[106.891704,29.131774],[106.89371,29.136494],[106.891783,29.142038],[106.895438,29.145956],[106.898713,29.155009],[106.909189,29.160562],[106.906652,29.169571],[106.911153,29.171701],[106.908008,29.176837],[106.908529,29.17933],[106.904003,29.178151],[106.895944,29.180524],[106.895562,29.190478],[106.898229,29.192809],[106.901537,29.190728],[106.90456,29.191622],[106.90727,29.19351],[106.906801,29.1969],[106.911372,29.197491],[106.912084,29.190579],[106.915038,29.190311],[106.916829,29.182491],[106.920253,29.180069],[106.923418,29.184154],[106.928792,29.182103],[106.939649,29.183541],[106.942329,29.182223],[106.945071,29.183161],[106.945881,29.185947],[106.951183,29.186784],[106.953046,29.190037],[106.956503,29.190248],[106.957539,29.187531],[106.958541,29.190379],[106.966781,29.189627],[106.966781,29.191807],[106.960849,29.190901],[106.958445,29.195428],[106.955528,29.194398],[106.952681,29.197902],[106.954222,29.200609],[106.961808,29.202728],[106.968368,29.215231],[106.970214,29.213701],[106.971356,29.208285],[106.971626,29.216629],[106.976576,29.219694],[106.967244,29.217146],[106.956775,29.230443],[106.956924,29.244561],[106.954121,29.253294],[106.950926,29.254917],[106.945293,29.254672],[106.942613,29.260648],[106.936261,29.256653],[106.936217,29.268211],[106.933843,29.279087],[106.923102,29.280688],[106.921964,29.282561],[106.921582,29.292133],[106.923964,29.295603],[106.920617,29.302426],[106.922583,29.31393],[106.920714,29.321631],[106.922358,29.326466],[106.919967,29.329891],[106.921654,29.337095],[106.922188,29.400389],[106.923788,29.404028],[106.927875,29.400385],[106.93225,29.399763],[106.93145,29.404969],[106.933834,29.407987],[106.933834,29.421884],[106.936341,29.431226],[106.936516,29.440599],[106.933053,29.448552],[106.934481,29.46063],[106.935525,29.465032],[106.938736,29.469147],[106.939137,29.476371],[106.943262,29.485561],[106.94597,29.49702],[106.961799,29.492522],[106.963794,29.488801],[106.979904,29.488995],[106.984628,29.485434],[106.995601,29.481802],[107.000064,29.476301],[106.998721,29.471831],[106.999898,29.470872],[107.006662,29.472626],[107.010106,29.479056],[107.009574,29.483679],[107.011422,29.486963],[107.019782,29.487926],[107.01612,29.478679],[107.016773,29.469382],[107.017985,29.468506],[107.027903,29.470999],[107.03456,29.467415],[107.0326,29.463743],[107.034402,29.451498],[107.024206,29.44001],[107.026366,29.425193],[107.02885,29.421174],[107.026366,29.41965],[107.026096,29.41751],[107.028544,29.417092],[107.030392,29.408609],[107.034731,29.40884],[107.035062,29.407722],[107.031176,29.403923],[107.026365,29.402816],[107.026286,29.398827],[107.034712,29.391131],[107.036254,29.392546],[107.036481,29.396462],[107.038625,29.397798],[107.041308,29.392411],[107.051603,29.394188],[107.052543,29.388703],[107.049042,29.384854],[107.04642,29.384776],[107.044521,29.382109],[107.045253,29.379747],[107.043328,29.378457],[107.053256,29.373385],[107.060517,29.372075],[107.063258,29.368938],[107.069629,29.369069],[107.074309,29.361487],[107.084302,29.359754],[107.100172,29.361613],[107.113902,29.365382],[107.114831,29.367842],[107.10918,29.38385],[107.106688,29.38136],[107.104222,29.387116],[107.111161,29.39179],[107.112776,29.391053],[107.110422,29.389336],[107.112515,29.387497],[107.1165,29.389512],[107.124042,29.387263],[107.132354,29.394168],[107.140759,29.392952],[107.144791,29.394729],[107.147306,29.397648],[107.14689,29.398841],[107.143872,29.398735],[107.144471,29.406733],[107.135027,29.411831],[107.143648,29.414812],[107.148053,29.419139],[107.155977,29.41758],[107.15941,29.420739],[107.159593,29.424144],[107.161777,29.424231],[107.166414,29.421682],[107.169144,29.410938],[107.173113,29.408329],[107.180611,29.411598],[107.184666,29.408429],[107.185663,29.409463],[107.183557,29.411884],[107.184866,29.412639],[107.193048,29.410242],[107.198154,29.41341],[107.203243,29.411304],[107.205124,29.40883],[107.202124,29.406926],[107.199428,29.39798],[107.203797,29.397365],[107.207985,29.400264],[107.214272,29.399],[107.206562,29.383823],[107.207281,29.377904],[107.211157,29.373682],[107.206292,29.369097],[107.207341,29.366287],[107.223758,29.367909],[107.23246,29.364842],[107.239264,29.364742],[107.242389,29.367528],[107.240671,29.377468],[107.24167,29.37943],[107.24918,29.380768],[107.256154,29.384639],[107.263382,29.383557],[107.268404,29.374815],[107.273001,29.372577],[107.272409,29.358373],[107.275495,29.355683],[107.280172,29.355952],[107.285363,29.351986],[107.292146,29.349649],[107.298583,29.352068],[107.306761,29.348309],[107.309067,29.345032],[107.319501,29.347758],[107.321816,29.340658],[107.326611,29.337972],[107.337577,29.340759],[107.343913,29.340467],[107.347576,29.342954],[107.348056,29.346824],[107.35017,29.346889],[107.356983,29.343567],[107.367805,29.34145],[107.370092,29.3382],[107.384873,29.332178],[107.392034,29.32674],[107.384785,29.315675],[107.381794,29.306856],[107.374568,29.30164],[107.373707,29.297858],[107.381455,29.298931],[107.389442,29.291757],[107.391797,29.288803],[107.388277,29.284772],[107.388564,29.2811],[107.395959,29.279628],[107.404081,29.282606],[107.407597,29.282189],[107.413466,29.277784],[107.418231,29.277378],[107.421953,29.274635],[107.418066,29.269928],[107.416546,29.264245],[107.405147,29.251914],[107.402281,29.25169],[107.401047,29.248873],[107.401324,29.240174],[107.399335,29.235732],[107.401922,29.218267],[107.395328,29.206414],[107.398099,29.201598],[107.397751,29.190377],[107.401008,29.188604],[107.401945,29.174761],[107.412337,29.161394],[107.408169,29.150649],[107.408428,29.138343],[107.413957,29.135223],[107.421519,29.135798],[107.426526,29.130825],[107.427568,29.127341],[107.419118,29.111493],[107.418854,29.106476],[107.411794,29.094748],[107.392851,29.091156],[107.383583,29.09708],[107.375424,29.097722],[107.369753,29.093449],[107.3761,29.074779],[107.377917,29.057995],[107.390625,29.05915],[107.395473,29.041253],[107.391936,29.034267],[107.378314,29.02806],[107.377132,29.026252],[107.378183,29.02093],[107.372375,29.01985],[107.364155,29.008927],[107.370442,28.993891],[107.373782,28.992949],[107.392733,28.995284],[107.396964,28.993339],[107.404433,28.981877],[107.405535,28.972268],[107.414798,28.958059],[107.424349,28.954105],[107.438788,28.955281],[107.440712,28.951623],[107.441041,28.943769],[107.433602,28.933763],[107.427635,28.931828],[107.421851,28.926909],[107.418692,28.918086],[107.413814,28.911442],[107.416219,28.902446],[107.414915,28.897801],[107.417137,28.893904],[107.415635,28.889795],[107.40612,28.891532],[107.391933,28.868487],[107.395382,28.860888],[107.389377,28.85671],[107.385448,28.84924],[107.373163,28.848312],[107.367257,28.844992],[107.364439,28.845653],[107.359898,28.849969],[107.347481,28.844579],[107.339823,28.845823],[107.334175,28.844309],[107.33199,28.841175],[107.332991,28.837748],[107.344165,28.831124],[107.344931,28.826146],[107.336166,28.821666],[107.332572,28.815587],[107.325391,28.809575],[107.31688,28.807288],[107.302079,28.806351],[107.291822,28.801554],[107.277162,28.799175],[107.261422,28.792714],[107.252414,28.780562],[107.254324,28.773018],[107.253559,28.766787],[107.249834,28.762903],[107.246636,28.761863]]]}},{"type":"Feature","properties":{"dt_adcode":"500120"},"geometry":{"type":"Polygon","coordinates":[[[106.04344,29.325499],[106.050004,29.341861],[106.048368,29.353247],[106.060039,29.366829],[106.066077,29.376963],[106.065469,29.386309],[106.067548,29.392633],[106.061764,29.397453],[106.061059,29.402899],[106.057709,29.401751],[106.055813,29.403815],[106.057771,29.406137],[106.06353,29.40714],[106.065792,29.40923],[106.064235,29.411342],[106.063653,29.418963],[106.065324,29.423433],[106.067534,29.425003],[106.067341,29.430472],[106.071325,29.439078],[106.070803,29.444378],[106.073682,29.451672],[106.071448,29.459983],[106.076213,29.47038],[106.075352,29.474591],[106.078153,29.493331],[106.076771,29.507002],[106.088697,29.541223],[106.089975,29.54783],[106.088003,29.549744],[106.087403,29.553545],[106.091061,29.55786],[106.096264,29.559682],[106.104826,29.576027],[106.109107,29.592045],[106.111962,29.595765],[106.11231,29.601457],[106.117569,29.610078],[106.116675,29.613934],[106.113769,29.616267],[106.122454,29.6385],[106.126166,29.640209],[106.130086,29.648873],[106.142944,29.661392],[106.149574,29.665615],[106.156021,29.6667],[106.161108,29.674171],[106.165804,29.675773],[106.165613,29.678584],[106.162876,29.680048],[106.168231,29.687531],[106.168811,29.69214],[106.163293,29.701887],[106.155859,29.702526],[106.156284,29.709755],[106.163441,29.721101],[106.163823,29.731247],[106.169369,29.751474],[106.160792,29.759711],[106.160688,29.761357],[106.166537,29.763217],[106.173806,29.768742],[106.17903,29.770117],[106.186048,29.77953],[106.194574,29.785383],[106.2117,29.79155],[106.231133,29.803941],[106.258318,29.831363],[106.267908,29.844418],[106.314414,29.884869],[106.318503,29.87844],[106.326786,29.870856],[106.326508,29.864271],[106.329397,29.859655],[106.334566,29.861302],[106.336384,29.860227],[106.335688,29.856002],[106.330806,29.848968],[106.334817,29.84779],[106.336088,29.845039],[106.342893,29.845173],[106.337706,29.83373],[106.34056,29.832373],[106.345877,29.836111],[106.347347,29.834647],[106.342996,29.828616],[106.342439,29.816548],[106.34906,29.812154],[106.356734,29.815419],[106.362737,29.813274],[106.372895,29.814206],[106.349076,29.785594],[106.344377,29.782896],[106.34422,29.779304],[106.337946,29.77312],[106.333481,29.771266],[106.328756,29.77499],[106.325719,29.775393],[106.316843,29.766994],[106.312709,29.750927],[106.306375,29.740937],[106.296631,29.705421],[106.29403,29.703292],[106.290439,29.705567],[106.2887,29.705011],[106.287143,29.70153],[106.288134,29.698573],[106.286439,29.697754],[106.280449,29.703287],[106.280345,29.695161],[106.277876,29.69243],[106.279101,29.690827],[106.278692,29.676685],[106.280004,29.675197],[106.284003,29.676231],[106.284446,29.668666],[106.287967,29.664479],[106.284402,29.656854],[106.280403,29.655417],[106.278713,29.649272],[106.280421,29.649089],[106.2788,29.646579],[106.280159,29.64643],[106.280226,29.64295],[106.282763,29.643042],[106.283023,29.641735],[106.283991,29.642796],[106.289499,29.637768],[106.288125,29.635686],[106.282325,29.637959],[106.277042,29.637287],[106.273049,29.631624],[106.282697,29.625683],[106.277881,29.620338],[106.274195,29.611294],[106.266679,29.607541],[106.260016,29.592616],[106.256029,29.576113],[106.260204,29.571015],[106.257885,29.569478],[106.254942,29.570817],[106.253439,29.567914],[106.251059,29.540867],[106.253437,29.532847],[106.252213,29.530548],[106.253393,29.529068],[106.253492,29.518771],[106.261981,29.516512],[106.265387,29.520734],[106.268193,29.520422],[106.262963,29.508562],[106.260729,29.492726],[106.262736,29.490225],[106.26701,29.495007],[106.267435,29.492379],[106.26429,29.484904],[106.266158,29.48339],[106.271831,29.483434],[106.273804,29.480544],[106.270936,29.477743],[106.265271,29.480204],[106.262005,29.476838],[106.262717,29.468701],[106.260293,29.464761],[106.264089,29.453674],[106.260848,29.450547],[106.255681,29.437564],[106.24863,29.429253],[106.243664,29.402995],[106.229979,29.372176],[106.22363,29.353986],[106.217499,29.345609],[106.211976,29.343044],[106.206047,29.334807],[106.195726,29.32745],[106.17662,29.30843],[106.16443,29.302474],[106.156901,29.302636],[106.152281,29.293664],[106.147819,29.294168],[106.146051,29.292399],[106.14339,29.296594],[106.136984,29.295531],[106.138674,29.290707],[106.134496,29.291528],[106.133836,29.289237],[106.129587,29.286386],[106.124098,29.286292],[106.122589,29.283485],[106.123629,29.281187],[106.120081,29.278877],[106.113566,29.283404],[106.110434,29.294913],[106.104427,29.294658],[106.099357,29.290004],[106.086128,29.297953],[106.084669,29.300314],[106.086364,29.307065],[106.08201,29.313183],[106.072926,29.320991],[106.066161,29.323384],[106.058044,29.322467],[106.04344,29.325499]]]}},{"type":"Feature","properties":{"dt_adcode":"500151"},"geometry":{"type":"MultiPolygon","coordinates":[[[[105.981191,30.061361],[105.981504,30.052402],[105.988786,30.037206],[105.997489,30.027299],[106.002124,30.02633],[106.018764,30.028878],[106.028676,30.022346],[106.047806,30.013638],[106.04892,30.00909],[106.041771,30.003981],[106.041241,29.999038],[106.044079,29.997152],[106.075731,30.00163],[106.083485,30.000655],[106.098227,30.002344],[106.123915,29.998106],[106.123785,29.99548],[106.118033,29.991886],[106.118076,29.986999],[106.123298,29.980055],[106.118674,29.973778],[106.120342,29.969268],[106.119107,29.965876],[106.112938,29.960815],[106.112703,29.951902],[106.106958,29.947616],[106.115124,29.947402],[106.11954,29.94368],[106.120364,29.938668],[106.124163,29.93648],[106.129176,29.936295],[106.132245,29.940015],[106.134396,29.939648],[106.134022,29.935274],[106.128689,29.928307],[106.130649,29.925648],[106.12966,29.922253],[106.137307,29.923082],[106.141469,29.927642],[106.140481,29.93097],[106.13638,29.933014],[106.137273,29.935009],[106.1425,29.93335],[106.146938,29.927864],[106.152778,29.925799],[106.161677,29.919375],[106.166451,29.922589],[106.176067,29.923276],[106.178112,29.928811],[106.184168,29.926521],[106.193049,29.93139],[106.198543,29.9314],[106.199626,29.936129],[106.202884,29.936632],[106.206152,29.934463],[106.208622,29.929144],[106.213164,29.929589],[106.213728,29.932101],[106.218999,29.929436],[106.221027,29.920419],[106.227592,29.922717],[106.230064,29.917285],[106.236848,29.919359],[106.241629,29.918317],[106.237654,29.912776],[106.241663,29.911455],[106.248276,29.904412],[106.250907,29.904248],[106.251358,29.90216],[106.257306,29.899603],[106.258157,29.897462],[106.265123,29.89749],[106.267355,29.894644],[106.265409,29.890539],[106.267659,29.887083],[106.270109,29.887336],[106.279217,29.896256],[106.281651,29.894655],[106.279121,29.883979],[106.279929,29.878691],[106.277982,29.873379],[106.272011,29.877231],[106.266016,29.873917],[106.271959,29.866323],[106.266867,29.862376],[106.263391,29.852255],[106.267908,29.844418],[106.258318,29.831363],[106.226917,29.800771],[106.208224,29.789858],[106.194574,29.785383],[106.186048,29.77953],[106.17903,29.770117],[106.173806,29.768742],[106.166537,29.763217],[106.160688,29.761357],[106.160792,29.759711],[106.169369,29.751474],[106.163823,29.731247],[106.163441,29.721101],[106.156284,29.709755],[106.155859,29.702526],[106.163293,29.701887],[106.168811,29.69214],[106.168231,29.687531],[106.162876,29.680048],[106.165613,29.678584],[106.165804,29.675773],[106.161108,29.674171],[106.156021,29.6667],[106.149574,29.665615],[106.142944,29.661392],[106.130086,29.648873],[106.126166,29.640209],[106.122454,29.6385],[106.113769,29.616267],[106.116675,29.613934],[106.117569,29.610078],[106.11231,29.601457],[106.111962,29.595765],[106.109107,29.592045],[106.105851,29.578634],[106.100328,29.567139],[106.095187,29.558544],[106.091061,29.55786],[106.087403,29.553545],[106.089853,29.54699],[106.079338,29.545703],[106.070939,29.535348],[106.066686,29.532906],[106.055716,29.533277],[106.04097,29.529463],[106.018753,29.527376],[106.014815,29.521854],[106.01133,29.520474],[106.002652,29.522678],[106.00044,29.525252],[105.995971,29.525119],[105.996311,29.531219],[105.994081,29.534251],[105.996555,29.539625],[105.995431,29.541313],[105.988026,29.542339],[105.981824,29.533338],[105.980387,29.536782],[105.983636,29.538612],[105.978288,29.538945],[105.977539,29.542101],[105.975971,29.542516],[105.967811,29.536941],[105.958148,29.537672],[105.956442,29.534841],[105.952482,29.538609],[105.95511,29.538981],[105.956094,29.540744],[105.951847,29.548361],[105.946391,29.543451],[105.944486,29.548413],[105.936876,29.55027],[105.935615,29.549265],[105.938397,29.543981],[105.936432,29.542439],[105.922592,29.537496],[105.911281,29.538488],[105.903631,29.547875],[105.903631,29.552518],[105.907296,29.5578],[105.905299,29.560907],[105.906575,29.562752],[105.901965,29.56542],[105.897226,29.565873],[105.896783,29.570006],[105.890466,29.570435],[105.896974,29.577109],[105.901783,29.578378],[105.905708,29.583255],[105.909416,29.58356],[105.91408,29.588791],[105.918615,29.590814],[105.920414,29.594649],[105.924359,29.595804],[105.93607,29.611126],[105.93854,29.611624],[105.940167,29.618221],[105.946091,29.626971],[105.952043,29.628888],[105.969794,29.646293],[105.979976,29.664145],[105.982528,29.67193],[105.995769,29.664732],[105.998479,29.665552],[106.011043,29.691498],[106.03108,29.721457],[106.036846,29.72671],[106.026003,29.73487],[106.028564,29.740794],[106.025856,29.745982],[106.028051,29.750524],[106.021684,29.752887],[106.017215,29.749885],[106.014453,29.752838],[106.01089,29.747286],[105.999564,29.749122],[106.001603,29.754364],[105.997613,29.756331],[105.998903,29.768618],[105.996446,29.769932],[105.996194,29.774519],[105.994591,29.77683],[105.992779,29.776851],[105.993467,29.778706],[105.991002,29.779303],[105.991202,29.781165],[105.986916,29.781066],[105.984163,29.783821],[105.975392,29.784432],[105.969157,29.779437],[105.957613,29.781649],[105.951364,29.778804],[105.946856,29.779338],[105.944211,29.775971],[105.931975,29.784392],[105.926864,29.783592],[105.925925,29.786469],[105.922336,29.78823],[105.904234,29.785719],[105.90176,29.790488],[105.906501,29.795583],[105.900224,29.803011],[105.894236,29.803093],[105.892352,29.801395],[105.892751,29.795066],[105.888187,29.790328],[105.893905,29.785878],[105.889279,29.775452],[105.876997,29.77431],[105.876841,29.770825],[105.878566,29.769529],[105.869878,29.757288],[105.859094,29.758504],[105.851034,29.756935],[105.830776,29.758016],[105.822546,29.762032],[105.824469,29.767801],[105.820961,29.773373],[105.811766,29.769912],[105.807268,29.771072],[105.806124,29.77652],[105.808413,29.783581],[105.807737,29.786766],[105.803551,29.788912],[105.801375,29.786066],[105.799243,29.790466],[105.789247,29.794139],[105.789759,29.798755],[105.783264,29.800787],[105.781876,29.809207],[105.776698,29.812153],[105.785094,29.818339],[105.786552,29.823058],[105.790974,29.827866],[105.799116,29.831299],[105.803874,29.830248],[105.806084,29.831371],[105.80761,29.83363],[105.808139,29.842729],[105.819059,29.855905],[105.818539,29.858844],[105.825047,29.882659],[105.828401,29.882633],[105.835141,29.878326],[105.838208,29.878667],[105.840028,29.880741],[105.839768,29.886369],[105.846935,29.895768],[105.860341,29.896917],[105.864684,29.891416],[105.870423,29.890765],[105.87566,29.897554],[105.876865,29.897329],[105.87814,29.895743],[105.877801,29.887584],[105.879943,29.887671],[105.882675,29.890654],[105.886605,29.8898],[105.897746,29.884344],[105.902025,29.884181],[105.901478,29.880891],[105.908867,29.879938],[105.910456,29.878198],[105.910039,29.868558],[105.912149,29.866564],[105.923148,29.865767],[105.928068,29.868929],[105.930485,29.873806],[105.926608,29.877928],[105.935789,29.89005],[105.945679,29.893063],[105.94628,29.898314],[105.944913,29.902641],[105.948629,29.90418],[105.950414,29.908157],[105.94341,29.91388],[105.936713,29.925037],[105.931731,29.927553],[105.929975,29.930393],[105.935444,29.929997],[105.941376,29.935684],[105.941819,29.938465],[105.937184,29.946347],[105.934201,29.945913],[105.932019,29.947952],[105.93495,29.954501],[105.932559,29.956256],[105.925022,29.956481],[105.925935,29.960203],[105.924353,29.963123],[105.920008,29.964541],[105.914908,29.961202],[105.910669,29.96208],[105.911625,29.968723],[105.907049,29.971643],[105.906814,29.976951],[105.915648,29.993171],[105.904003,29.995662],[105.900929,29.999378],[105.886802,30.00645],[105.878935,30.007629],[105.870342,30.005499],[105.867438,30.006795],[105.867239,30.011641],[105.87571,30.0254],[105.875494,30.027338],[105.869702,30.031909],[105.873023,30.040466],[105.871913,30.044764],[105.874419,30.046076],[105.877966,30.045091],[105.879154,30.04698],[105.881123,30.046058],[105.883699,30.049261],[105.889424,30.046898],[105.891515,30.044142],[105.893832,30.047518],[105.89733,30.04537],[105.900342,30.045786],[105.90029,30.050599],[105.902625,30.055996],[105.895196,30.063448],[105.895499,30.065139],[105.903017,30.067344],[105.904588,30.073665],[105.899822,30.075599],[105.897592,30.078332],[105.905388,30.086911],[105.907177,30.091608],[105.911745,30.093573],[105.917565,30.093935],[105.921084,30.090554],[105.923465,30.091928],[105.92735,30.091465],[105.933348,30.088021],[105.934531,30.080718],[105.941418,30.076103],[105.943628,30.07283],[105.94281,30.070576],[105.937156,30.068037],[105.939278,30.063322],[105.952841,30.061244],[105.95406,30.068323],[105.959814,30.072181],[105.95863,30.076796],[105.962974,30.077401],[105.972265,30.073783],[105.972865,30.067816],[105.97654,30.061886],[105.981191,30.061361]],[[106.165333,29.921528],[106.165238,29.921086],[106.165541,29.921247],[106.165333,29.921528]],[[106.165714,29.92098],[106.165757,29.920474],[106.165957,29.920526],[106.165714,29.92098]],[[106.165931,29.920948],[106.166442,29.920816],[106.165974,29.921147],[106.165931,29.920948]],[[106.238417,29.912147],[106.237966,29.911845],[106.238348,29.911741],[106.238417,29.912147]],[[106.239155,29.911343],[106.239155,29.910935],[106.239546,29.911219],[106.239155,29.911343]],[[106.240049,29.911273],[106.240231,29.910915],[106.240336,29.911113],[106.240049,29.911273]],[[106.240118,29.909574],[106.239702,29.909479],[106.240006,29.90922],[106.240118,29.909574]],[[106.24083,29.909684],[106.241081,29.909329],[106.241134,29.909649],[106.24083,29.909684]]],[[[106.245204,29.908285],[106.2449,29.908576],[106.245212,29.908528],[106.245204,29.908285]]]]}},{"type":"Feature","properties":{"dt_adcode":"500152"},"geometry":{"type":"MultiPolygon","coordinates":[[[[105.561682,30.18378],[105.567031,30.183199],[105.571298,30.179768],[105.572711,30.175497],[105.579911,30.173452],[105.585127,30.175806],[105.589927,30.182555],[105.595127,30.183657],[105.607878,30.17828],[105.613997,30.181058],[105.620002,30.18631],[105.632853,30.183753],[105.643875,30.188042],[105.644989,30.194836],[105.643876,30.202441],[105.645529,30.20689],[105.650802,30.208976],[105.657982,30.207005],[105.661123,30.20823],[105.66236,30.210075],[105.660924,30.213579],[105.654223,30.221612],[105.647766,30.219106],[105.636265,30.219736],[105.629212,30.22578],[105.62463,30.232696],[105.618756,30.23535],[105.618921,30.239381],[105.621265,30.241657],[105.619397,30.243599],[105.620371,30.248946],[105.618537,30.252222],[105.611167,30.25338],[105.610602,30.255891],[105.62018,30.261787],[105.621163,30.270359],[105.625049,30.275838],[105.629293,30.275742],[105.632779,30.272487],[105.645733,30.273351],[105.652216,30.26781],[105.65628,30.268362],[105.660666,30.264335],[105.667193,30.265693],[105.670204,30.255118],[105.673355,30.252791],[105.683782,30.253011],[105.693479,30.256834],[105.701134,30.25791],[105.710306,30.255639],[105.71273,30.256861],[105.715699,30.255271],[105.714983,30.252482],[105.720363,30.252951],[105.72068,30.251848],[105.72388,30.254766],[105.720924,30.262136],[105.723446,30.26499],[105.729853,30.260445],[105.734408,30.259672],[105.735147,30.26155],[105.730114,30.265837],[105.735156,30.272586],[105.734974,30.277039],[105.728246,30.277887],[105.722327,30.275643],[105.719177,30.277867],[105.717929,30.282524],[105.715119,30.280329],[105.711804,30.28224],[105.711933,30.284014],[105.714393,30.285337],[105.710994,30.2942],[105.714282,30.297575],[105.70908,30.299916],[105.707871,30.302491],[105.710203,30.304113],[105.717361,30.303205],[105.718622,30.307747],[105.712935,30.312223],[105.711735,30.315864],[105.714823,30.322781],[105.71791,30.324048],[105.724349,30.322164],[105.726862,30.319843],[105.726511,30.31827],[105.729897,30.316906],[105.733638,30.321069],[105.741511,30.319146],[105.741164,30.322096],[105.733715,30.332835],[105.733842,30.335835],[105.749835,30.339694],[105.75462,30.342375],[105.756201,30.3471],[105.752389,30.354953],[105.752276,30.359691],[105.77,30.376181],[105.768416,30.380196],[105.76028,30.384556],[105.759768,30.386295],[105.765656,30.38906],[105.762715,30.389858],[105.766565,30.395791],[105.765259,30.397749],[105.770185,30.403799],[105.782787,30.403103],[105.785848,30.404304],[105.791579,30.410444],[105.795438,30.418509],[105.794727,30.421987],[105.791667,30.425456],[105.795109,30.429273],[105.802183,30.427939],[105.818034,30.437224],[105.825502,30.435782],[105.831125,30.429014],[105.834098,30.418711],[105.846642,30.410726],[105.841912,30.40705],[105.839122,30.399693],[105.842033,30.394634],[105.846209,30.392434],[105.852543,30.393673],[105.852249,30.399756],[105.862355,30.40634],[105.863229,30.410824],[105.866871,30.407197],[105.874119,30.408232],[105.868674,30.402274],[105.874899,30.401033],[105.871344,30.396985],[105.871742,30.393048],[105.873849,30.388819],[105.877898,30.386613],[105.88083,30.387576],[105.886789,30.393646],[105.885444,30.396039],[105.876503,30.398199],[105.877873,30.401616],[105.88227,30.402413],[105.884361,30.39858],[105.887058,30.397866],[105.888351,30.405062],[105.889809,30.406225],[105.893193,30.404684],[105.899476,30.405587],[105.902974,30.400437],[105.905301,30.40643],[105.907368,30.401633],[105.90597,30.397025],[105.898608,30.395299],[105.898347,30.391737],[105.901533,30.386346],[105.905379,30.389839],[105.91806,30.396007],[105.924038,30.391151],[105.92555,30.385323],[105.941696,30.379076],[105.939295,30.376861],[105.940896,30.372277],[105.956532,30.374989],[105.967937,30.379218],[105.970923,30.37795],[105.970636,30.373035],[105.978283,30.373476],[105.978927,30.36991],[105.986966,30.358453],[105.989074,30.352714],[105.987444,30.34735],[105.981233,30.343332],[105.980144,30.339017],[105.98362,30.334994],[105.980806,30.329721],[105.981293,30.325056],[105.988253,30.320021],[105.977373,30.31146],[105.975239,30.306332],[105.967715,30.308956],[105.968873,30.299833],[105.974889,30.289316],[105.983391,30.289762],[105.979697,30.282429],[105.98103,30.280169],[105.99211,30.277374],[105.999098,30.280728],[106.009491,30.275744],[106.013472,30.270107],[106.011224,30.26355],[106.006258,30.260019],[105.995411,30.256894],[105.985706,30.248683],[105.981079,30.233563],[105.995087,30.231843],[105.999469,30.224558],[106.004061,30.224765],[106.004626,30.21568],[106.014131,30.208258],[106.020202,30.199714],[106.012824,30.196116],[106.006707,30.187973],[105.993115,30.177595],[105.986738,30.178357],[105.981782,30.180876],[105.977357,30.183734],[105.975302,30.187831],[105.971217,30.186034],[105.970538,30.183653],[105.974386,30.175234],[105.987661,30.164008],[105.986763,30.158168],[105.97962,30.157108],[105.976249,30.153119],[105.97631,30.149447],[105.978801,30.143599],[105.982302,30.140219],[105.989401,30.136021],[105.990211,30.134074],[105.99665,30.133229],[105.99834,30.129287],[105.994105,30.121924],[105.99948,30.113757],[105.993407,30.106156],[105.984669,30.100742],[105.989364,30.093132],[105.983562,30.088625],[105.980818,30.083129],[105.980835,30.078951],[105.985904,30.070251],[105.981191,30.061361],[105.97654,30.061886],[105.972865,30.067816],[105.972265,30.073783],[105.962974,30.077401],[105.95863,30.076796],[105.959814,30.072181],[105.95406,30.068323],[105.952841,30.061244],[105.939278,30.063322],[105.937156,30.068037],[105.94281,30.070576],[105.943628,30.07283],[105.941418,30.076103],[105.935878,30.078766],[105.932618,30.08871],[105.92735,30.091465],[105.920224,30.090843],[105.917565,30.093935],[105.907568,30.091949],[105.905388,30.086911],[105.897592,30.078332],[105.899822,30.075599],[105.904233,30.074546],[105.903017,30.067344],[105.895499,30.065139],[105.895196,30.063448],[105.902625,30.055996],[105.90029,30.050599],[105.900342,30.045786],[105.89733,30.04537],[105.893832,30.047518],[105.891515,30.044142],[105.889424,30.046898],[105.883699,30.049261],[105.881123,30.046058],[105.879154,30.04698],[105.877966,30.045091],[105.872113,30.045395],[105.873023,30.040466],[105.869702,30.031909],[105.875494,30.027338],[105.87571,30.0254],[105.86671,30.009864],[105.868565,30.005704],[105.878935,30.007629],[105.886802,30.00645],[105.900929,29.999378],[105.904003,29.995662],[105.915648,29.993171],[105.906814,29.976951],[105.907049,29.971643],[105.911625,29.968723],[105.910669,29.96208],[105.914908,29.961202],[105.920008,29.964541],[105.922467,29.964102],[105.925596,29.961624],[105.925022,29.956481],[105.932559,29.956256],[105.935184,29.954016],[105.932019,29.947952],[105.934201,29.945913],[105.937184,29.946347],[105.942011,29.936864],[105.935444,29.929997],[105.929975,29.930393],[105.931731,29.927553],[105.936713,29.925037],[105.94341,29.91388],[105.950414,29.908157],[105.948629,29.90418],[105.944913,29.902641],[105.94628,29.898314],[105.945679,29.893063],[105.935789,29.89005],[105.926608,29.877928],[105.930485,29.873806],[105.928068,29.868929],[105.923148,29.865767],[105.912149,29.866564],[105.910039,29.868558],[105.910456,29.878198],[105.908867,29.879938],[105.901478,29.880891],[105.902025,29.884181],[105.897746,29.884344],[105.886605,29.8898],[105.882675,29.890654],[105.879943,29.887671],[105.877801,29.887584],[105.87814,29.895743],[105.876865,29.897329],[105.87566,29.897554],[105.870423,29.890765],[105.864684,29.891416],[105.860341,29.896917],[105.846935,29.895768],[105.839768,29.886369],[105.840028,29.880741],[105.838208,29.878667],[105.835141,29.878326],[105.828401,29.882633],[105.825047,29.882659],[105.818539,29.858844],[105.819059,29.855905],[105.808139,29.842729],[105.807376,29.833035],[105.805252,29.830745],[105.799116,29.831299],[105.789214,29.826477],[105.785094,29.818339],[105.776698,29.812685],[105.778901,29.809889],[105.776758,29.801288],[105.773652,29.801998],[105.764626,29.79338],[105.750835,29.800725],[105.747882,29.799664],[105.746006,29.801484],[105.741922,29.797656],[105.736943,29.796739],[105.725721,29.789731],[105.721617,29.789262],[105.721426,29.787801],[105.713886,29.789131],[105.71259,29.791712],[105.714686,29.796837],[105.72307,29.809806],[105.735798,29.818594],[105.732512,29.827049],[105.728141,29.832016],[105.725663,29.831612],[105.72535,29.832762],[105.729071,29.84037],[105.734217,29.843721],[105.736277,29.84245],[105.738006,29.844626],[105.738129,29.856524],[105.733584,29.858819],[105.733168,29.860691],[105.737494,29.862758],[105.733099,29.867259],[105.735229,29.871712],[105.733446,29.88139],[105.735428,29.883701],[105.732408,29.887394],[105.736327,29.887827],[105.738991,29.891196],[105.733038,29.893738],[105.720319,29.892989],[105.71591,29.894863],[105.71077,29.901673],[105.715841,29.905586],[105.715041,29.911182],[105.71271,29.912003],[105.7132,29.914047],[105.702484,29.92395],[105.707326,29.928823],[105.709562,29.927922],[105.714625,29.930216],[105.714086,29.934478],[105.719139,29.936728],[105.719252,29.939406],[105.717113,29.940306],[105.717504,29.943382],[105.720801,29.947427],[105.720348,29.950061],[105.724844,29.951142],[105.731034,29.956632],[105.729244,29.966379],[105.723376,29.975396],[105.723864,29.98403],[105.727994,29.986528],[105.729303,29.993761],[105.732121,29.993513],[105.732347,29.995525],[105.730967,29.995546],[105.732311,29.998611],[105.736437,29.998847],[105.738031,30.001261],[105.740169,30.000586],[105.741881,30.003317],[105.747323,30.002494],[105.748888,30.006522],[105.74525,30.010886],[105.750691,30.011223],[105.751256,30.015728],[105.753844,30.01835],[105.750571,30.020429],[105.751934,30.021937],[105.74337,30.027096],[105.747436,30.031162],[105.746289,30.034234],[105.740234,30.032812],[105.733238,30.027137],[105.728031,30.027207],[105.724641,30.037876],[105.721293,30.042068],[105.718815,30.042212],[105.712004,30.036764],[105.706715,30.035585],[105.701974,30.038824],[105.700434,30.043231],[105.695813,30.039874],[105.690819,30.041181],[105.686998,30.038975],[105.683474,30.05286],[105.676711,30.056039],[105.677156,30.064797],[105.674632,30.071263],[105.66981,30.071224],[105.663465,30.06696],[105.659192,30.066377],[105.654501,30.06846],[105.651665,30.074151],[105.640484,30.073799],[105.637493,30.093682],[105.642078,30.098113],[105.642165,30.100883],[105.629726,30.102694],[105.627222,30.105861],[105.620362,30.104019],[105.614295,30.107852],[105.606778,30.109694],[105.598084,30.109235],[105.591077,30.11456],[105.583136,30.123945],[105.573055,30.125882],[105.574261,30.131558],[105.570003,30.134306],[105.570697,30.13653],[105.580568,30.137893],[105.583059,30.141732],[105.593206,30.144742],[105.596482,30.158794],[105.593276,30.158981],[105.590691,30.161444],[105.586432,30.160991],[105.583785,30.163029],[105.578236,30.159654],[105.575415,30.161621],[105.570807,30.161472],[105.562947,30.154049],[105.558562,30.152332],[105.557536,30.147409],[105.55517,30.144592],[105.546107,30.147659],[105.54959,30.151722],[105.548032,30.156217],[105.545894,30.151561],[105.543222,30.15285],[105.540649,30.151065],[105.536385,30.152684],[105.536025,30.156289],[105.537662,30.158159],[105.536424,30.164844],[105.543873,30.173174],[105.54688,30.180706],[105.551835,30.179211],[105.561682,30.18378]],[[105.582902,30.127528],[105.580828,30.130583],[105.579032,30.127788],[105.579475,30.127121],[105.582902,30.127528]]],[[[105.561448,30.188681],[105.558874,30.185578],[105.556923,30.186729],[105.554722,30.191606],[105.557496,30.195785],[105.561448,30.188681]]]]}},{"type":"Feature","properties":{"dt_adcode":"500153"},"geometry":{"type":"Polygon","coordinates":[[[105.665125,29.276595],[105.66361,29.27141],[105.671608,29.260874],[105.666525,29.252922],[105.65797,29.251499],[105.647606,29.253243],[105.641316,29.258104],[105.639445,29.261569],[105.644083,29.27096],[105.643631,29.274282],[105.634975,29.280119],[105.631818,29.280407],[105.619766,29.271736],[105.614159,29.258341],[105.610197,29.255728],[105.607989,29.255739],[105.607529,29.257953],[105.609511,29.272745],[105.605575,29.274837],[105.596021,29.274483],[105.579719,29.270181],[105.570829,29.275061],[105.557391,29.278397],[105.555839,29.273572],[105.553334,29.272185],[105.539394,29.273331],[105.529175,29.269859],[105.523434,29.26538],[105.518421,29.264452],[105.512499,29.267379],[105.50927,29.271426],[105.509409,29.274692],[105.513816,29.281676],[105.509149,29.285422],[105.504371,29.284903],[105.488865,29.278199],[105.475582,29.279464],[105.475824,29.282],[105.473763,29.284092],[105.458932,29.289058],[105.468445,29.295216],[105.46563,29.304951],[105.473054,29.306687],[105.474336,29.309187],[105.472872,29.311161],[105.466627,29.311426],[105.46758,29.318664],[105.466454,29.321596],[105.457877,29.32866],[105.45467,29.32909],[105.452841,29.320912],[105.449287,29.31749],[105.444857,29.319531],[105.436549,29.319502],[105.428384,29.317062],[105.421848,29.310212],[105.420208,29.311525],[105.420173,29.316823],[105.421769,29.318826],[105.420799,29.322113],[105.424029,29.331331],[105.417639,29.345184],[105.418612,29.352332],[105.437011,29.364772],[105.438607,29.370814],[105.433454,29.375583],[105.432205,29.379654],[105.437995,29.384593],[105.440597,29.384075],[105.443681,29.386384],[105.441175,29.393186],[105.443083,29.399089],[105.43225,29.407082],[105.427279,29.418862],[105.417018,29.423371],[105.414421,29.422555],[105.411946,29.417508],[105.408029,29.420618],[105.396289,29.422867],[105.372967,29.420892],[105.371761,29.423865],[105.375774,29.426829],[105.388778,29.431891],[105.388022,29.440076],[105.395872,29.437514],[105.399106,29.438707],[105.397806,29.443442],[105.393454,29.445148],[105.396709,29.446331],[105.394498,29.446646],[105.395153,29.448339],[105.39269,29.448592],[105.390118,29.451269],[105.390269,29.456502],[105.383964,29.455211],[105.383263,29.453728],[105.382031,29.456653],[105.380584,29.455631],[105.378424,29.458644],[105.365342,29.457991],[105.362026,29.454694],[105.361443,29.445275],[105.356864,29.443355],[105.348663,29.449585],[105.345581,29.448487],[105.342019,29.442987],[105.334139,29.441412],[105.324552,29.448636],[105.32551,29.450905],[105.336116,29.455541],[105.337858,29.45884],[105.337562,29.464065],[105.331284,29.47177],[105.321253,29.475991],[105.319982,29.484564],[105.323248,29.49515],[105.318886,29.51241],[105.308073,29.526264],[105.30574,29.526388],[105.30298,29.529106],[105.304808,29.531916],[105.294337,29.533969],[105.28983,29.553087],[105.292597,29.553101],[105.293041,29.555281],[105.295008,29.555751],[105.293407,29.560787],[105.296802,29.567009],[105.297046,29.571475],[105.308804,29.5776],[105.315299,29.576578],[105.31765,29.578154],[105.316579,29.584804],[105.311303,29.593349],[105.312261,29.596512],[105.320202,29.600944],[105.320966,29.609704],[105.323894,29.609286],[105.330076,29.603449],[105.324538,29.596579],[105.33234,29.596923],[105.333,29.592351],[105.335556,29.591616],[105.335912,29.596625],[105.341731,29.603623],[105.337179,29.607997],[105.343302,29.608732],[105.346769,29.620218],[105.354399,29.6267],[105.360967,29.629123],[105.364314,29.628519],[105.367578,29.622801],[105.371122,29.620717],[105.379082,29.623391],[105.380801,29.628254],[105.377896,29.633869],[105.376835,29.642312],[105.393274,29.651243],[105.389613,29.661591],[105.385526,29.664266],[105.385526,29.667127],[105.383309,29.668868],[105.388145,29.67057],[105.387393,29.674246],[105.389379,29.676517],[105.40054,29.671578],[105.406162,29.67523],[105.414641,29.684308],[105.421335,29.688368],[105.424954,29.686856],[105.42879,29.681776],[105.437951,29.676572],[105.443822,29.676698],[105.449284,29.674589],[105.456842,29.67654],[105.465022,29.673995],[105.470367,29.67592],[105.476845,29.674822],[105.482777,29.679116],[105.490093,29.675778],[105.491539,29.67155],[105.488846,29.667573],[105.487703,29.663159],[105.488664,29.660463],[105.495884,29.652344],[105.495875,29.64926],[105.504826,29.646292],[105.502056,29.641173],[105.50989,29.636997],[105.506175,29.627734],[105.505499,29.609995],[105.510182,29.603347],[105.51786,29.586196],[105.522604,29.587236],[105.522925,29.590593],[105.52625,29.589034],[105.529852,29.59233],[105.530952,29.591048],[105.529306,29.588276],[105.534294,29.587935],[105.535836,29.59117],[105.538296,29.590517],[105.542705,29.586416],[105.540634,29.579305],[105.542552,29.574137],[105.547707,29.571694],[105.553617,29.574753],[105.554488,29.576478],[105.553041,29.579103],[105.563486,29.590615],[105.577865,29.592222],[105.584034,29.587892],[105.592827,29.589845],[105.593365,29.588308],[105.590639,29.585951],[105.595336,29.581287],[105.594502,29.575564],[105.601871,29.571256],[105.600637,29.567587],[105.603521,29.565],[105.599239,29.564668],[105.59784,29.560604],[105.601157,29.556516],[105.600775,29.553718],[105.594358,29.551546],[105.590807,29.54721],[105.595286,29.538094],[105.590033,29.523998],[105.584383,29.522556],[105.583541,29.514932],[105.587897,29.514653],[105.592021,29.517808],[105.594382,29.51685],[105.597899,29.51184],[105.593922,29.505682],[105.595693,29.504151],[105.608288,29.508389],[105.619968,29.504822],[105.62155,29.500447],[105.621246,29.491895],[105.624392,29.488793],[105.630784,29.487052],[105.629748,29.478371],[105.634149,29.478243],[105.63715,29.473623],[105.640699,29.477831],[105.63889,29.482729],[105.645476,29.480524],[105.647146,29.482222],[105.64625,29.486105],[105.640682,29.487273],[105.639525,29.489058],[105.640387,29.494542],[105.638047,29.496952],[105.640752,29.498344],[105.639848,29.504567],[105.641397,29.50598],[105.643415,29.504761],[105.648043,29.49413],[105.663264,29.499608],[105.663777,29.493159],[105.661984,29.492159],[105.659077,29.494911],[105.657546,29.494346],[105.65309,29.485024],[105.658615,29.480648],[105.65637,29.473769],[105.658719,29.472327],[105.657422,29.468186],[105.6622,29.460036],[105.664315,29.45984],[105.663897,29.462894],[105.665803,29.465116],[105.668789,29.465107],[105.669119,29.46027],[105.671077,29.459138],[105.666273,29.457683],[105.666908,29.455761],[105.669458,29.455881],[105.680773,29.449545],[105.687396,29.449716],[105.687326,29.446038],[105.690642,29.444932],[105.693209,29.446392],[105.693679,29.452303],[105.701572,29.45447],[105.708071,29.46046],[105.713829,29.461519],[105.713403,29.463301],[105.714934,29.464249],[105.725056,29.454856],[105.725908,29.452562],[105.724004,29.449961],[105.728829,29.446609],[105.735043,29.445162],[105.738258,29.436618],[105.730845,29.430844],[105.727662,29.42284],[105.729018,29.419526],[105.733026,29.420589],[105.733782,29.414857],[105.729826,29.410166],[105.728566,29.404604],[105.722827,29.397854],[105.725792,29.395361],[105.730156,29.395024],[105.737692,29.399422],[105.740994,29.397643],[105.734876,29.393229],[105.730599,29.386176],[105.724514,29.383549],[105.725487,29.379446],[105.721896,29.375504],[105.717791,29.372754],[105.714121,29.375116],[105.708676,29.375627],[105.709676,29.369039],[105.700298,29.367741],[105.696181,29.364603],[105.691656,29.357668],[105.675477,29.35557],[105.663074,29.346655],[105.654476,29.350139],[105.649681,29.341995],[105.653422,29.33396],[105.647705,29.328978],[105.645364,29.319253],[105.641423,29.318476],[105.635621,29.320667],[105.633646,29.317267],[105.630037,29.31546],[105.631637,29.312165],[105.635151,29.311191],[105.630384,29.307454],[105.634133,29.305604],[105.637272,29.29827],[105.644806,29.28938],[105.645476,29.286621],[105.656196,29.284181],[105.665125,29.276595]]]}},{"type":"Feature","properties":{"dt_adcode":"500154"},"geometry":{"type":"Polygon","coordinates":[[[108.01993,31.242546],[108.019479,31.245013],[108.027698,31.247291],[108.038806,31.253037],[108.059209,31.254731],[108.066409,31.261747],[108.080584,31.261466],[108.092353,31.265778],[108.095366,31.268986],[108.093769,31.271875],[108.094498,31.275043],[108.099819,31.276455],[108.10678,31.283743],[108.111933,31.286584],[108.117509,31.287171],[108.119036,31.290468],[108.144335,31.301262],[108.152746,31.309516],[108.161407,31.313772],[108.162248,31.318648],[108.164309,31.320943],[108.176839,31.323536],[108.180459,31.325796],[108.185855,31.337187],[108.178218,31.344376],[108.180625,31.348709],[108.179396,31.351718],[108.174521,31.355656],[108.158891,31.360295],[108.157688,31.367264],[108.154137,31.371232],[108.160599,31.37874],[108.164184,31.379205],[108.16731,31.377404],[108.172012,31.379282],[108.175242,31.382625],[108.176559,31.388001],[108.179693,31.391794],[108.201249,31.394599],[108.208057,31.399134],[108.216316,31.411183],[108.216568,31.427035],[108.21124,31.434355],[108.210469,31.437786],[108.223867,31.449247],[108.225566,31.453011],[108.224397,31.462647],[108.222473,31.465686],[108.211381,31.468097],[108.204615,31.463549],[108.199964,31.467153],[108.193581,31.467657],[108.194101,31.476455],[108.188983,31.482488],[108.190499,31.491483],[108.208117,31.492732],[108.218352,31.495441],[108.225587,31.501327],[108.224937,31.504884],[108.234127,31.506758],[108.247675,31.501013],[108.250981,31.498111],[108.254799,31.498835],[108.259577,31.502506],[108.277631,31.501239],[108.282454,31.507514],[108.295978,31.5035],[108.312786,31.506648],[108.32217,31.502044],[108.334679,31.509165],[108.338594,31.508382],[108.341578,31.509906],[108.345327,31.514919],[108.347119,31.523418],[108.341022,31.528884],[108.339501,31.538967],[108.345738,31.541731],[108.348748,31.545858],[108.353844,31.544243],[108.359811,31.545152],[108.37938,31.542516],[108.387583,31.545139],[108.391172,31.555309],[108.391555,31.561441],[108.377931,31.57042],[108.393814,31.576495],[108.389246,31.582922],[108.388899,31.588816],[108.399731,31.60165],[108.410754,31.610271],[108.416404,31.612656],[108.415107,31.619018],[108.420464,31.623747],[108.426658,31.625211],[108.443831,31.633682],[108.454546,31.630661],[108.460312,31.621274],[108.465272,31.618357],[108.468267,31.622286],[108.467611,31.633054],[108.470589,31.638072],[108.475184,31.64002],[108.481354,31.639193],[108.490154,31.641284],[108.494584,31.649541],[108.502171,31.65197],[108.501938,31.653828],[108.504533,31.656303],[108.515148,31.657061],[108.519051,31.665712],[108.529183,31.665607],[108.533364,31.669266],[108.542141,31.66428],[108.545032,31.664208],[108.546712,31.665647],[108.542843,31.673618],[108.54899,31.674357],[108.560882,31.669543],[108.565302,31.673607],[108.574489,31.670888],[108.57742,31.668408],[108.57605,31.666081],[108.576813,31.664101],[108.583256,31.664447],[108.586978,31.659069],[108.590847,31.658374],[108.5926,31.656181],[108.598259,31.655826],[108.608705,31.650421],[108.611893,31.652093],[108.614925,31.649391],[108.621486,31.648753],[108.62438,31.651646],[108.631004,31.645104],[108.636074,31.643358],[108.638665,31.640497],[108.6401,31.636997],[108.638934,31.629838],[108.640281,31.626105],[108.649389,31.621733],[108.653061,31.625133],[108.657341,31.626293],[108.662066,31.62424],[108.675669,31.622673],[108.679568,31.623644],[108.682788,31.627527],[108.691526,31.625243],[108.696225,31.62678],[108.695242,31.630506],[108.699558,31.634092],[108.709702,31.630484],[108.712842,31.627635],[108.722896,31.629378],[108.727557,31.634354],[108.736919,31.633377],[108.742299,31.640919],[108.748094,31.642481],[108.755347,31.647067],[108.755226,31.655419],[108.758144,31.664293],[108.768172,31.676127],[108.767565,31.679263],[108.770629,31.682154],[108.778429,31.681901],[108.782117,31.688789],[108.796565,31.683898],[108.809898,31.685769],[108.839893,31.684245],[108.845006,31.686447],[108.8481,31.681376],[108.861622,31.680505],[108.865818,31.670215],[108.873648,31.664584],[108.879399,31.663826],[108.888422,31.65498],[108.898204,31.654842],[108.895053,31.651096],[108.896571,31.647174],[108.891953,31.640232],[108.892985,31.631039],[108.887725,31.625654],[108.887456,31.62308],[108.888653,31.619783],[108.895397,31.615567],[108.896551,31.60947],[108.895535,31.606699],[108.889789,31.603539],[108.881346,31.604843],[108.865144,31.592815],[108.854836,31.579899],[108.844218,31.576788],[108.840682,31.574271],[108.837077,31.574232],[108.824156,31.57889],[108.82029,31.574581],[108.802894,31.575904],[108.794032,31.551382],[108.786053,31.548876],[108.784387,31.546311],[108.777109,31.543622],[108.769489,31.529845],[108.765468,31.508284],[108.762473,31.504372],[108.748031,31.505219],[108.730503,31.499679],[108.724295,31.502878],[108.712797,31.501249],[108.703585,31.504172],[108.69504,31.501242],[108.695171,31.49752],[108.699799,31.490489],[108.696666,31.482206],[108.696648,31.477806],[108.705105,31.468502],[108.703129,31.463294],[108.733524,31.451439],[108.740059,31.441845],[108.751309,31.443866],[108.754124,31.442785],[108.759898,31.438584],[108.758864,31.433915],[108.755694,31.428494],[108.742082,31.420075],[108.739839,31.415142],[108.740004,31.407657],[108.73179,31.40455],[108.736388,31.395731],[108.734962,31.39242],[108.729955,31.390771],[108.709519,31.394313],[108.698704,31.390288],[108.693665,31.385877],[108.691707,31.380984],[108.693473,31.377412],[108.707151,31.375449],[108.710804,31.373379],[108.708099,31.372407],[108.707864,31.370325],[108.704776,31.371141],[108.701921,31.365648],[108.696761,31.362436],[108.696813,31.358285],[108.70152,31.348984],[108.699301,31.344619],[108.683254,31.340844],[108.659034,31.340961],[108.644166,31.339486],[108.639016,31.337388],[108.635789,31.329909],[108.637319,31.323727],[108.658744,31.299626],[108.658709,31.293137],[108.654567,31.28917],[108.637256,31.284412],[108.63689,31.281889],[108.642969,31.277348],[108.643491,31.268712],[108.642133,31.26635],[108.636732,31.264773],[108.630453,31.256837],[108.621013,31.259092],[108.619214,31.257349],[108.618623,31.252228],[108.597418,31.232594],[108.591055,31.205367],[108.588816,31.202384],[108.590603,31.195328],[108.588728,31.186125],[108.577677,31.178932],[108.579628,31.176709],[108.583922,31.177737],[108.583592,31.17488],[108.585275,31.173847],[108.591652,31.173815],[108.598422,31.17094],[108.602589,31.161302],[108.5931,31.156008],[108.590314,31.15122],[108.584501,31.147007],[108.576946,31.142867],[108.569396,31.14142],[108.565469,31.13798],[108.562731,31.130455],[108.564584,31.126402],[108.562192,31.114606],[108.558536,31.112102],[108.549796,31.110038],[108.547545,31.106549],[108.558889,31.088925],[108.537917,31.095482],[108.535268,31.091721],[108.539933,31.082976],[108.528499,31.083623],[108.520028,31.080221],[108.512639,31.079349],[108.510675,31.077207],[108.511765,31.073864],[108.496192,31.069021],[108.488198,31.064722],[108.486943,31.06314],[108.487774,31.058248],[108.476948,31.053771],[108.480634,31.047062],[108.479094,31.042101],[108.480011,31.037794],[108.475363,31.024225],[108.472351,31.020885],[108.450289,31.013229],[108.435507,31.013821],[108.4193,31.006731],[108.415778,31.003867],[108.414988,30.998899],[108.413322,30.997315],[108.397461,30.992821],[108.372792,30.969776],[108.358532,30.963337],[108.355654,30.960594],[108.339667,30.963123],[108.349007,30.939164],[108.35987,30.933917],[108.362722,30.93028],[108.362382,30.927661],[108.359073,30.929174],[108.350924,30.927],[108.344849,30.920411],[108.33662,30.918248],[108.327025,30.912236],[108.300281,30.901027],[108.292022,30.892977],[108.26838,30.881664],[108.259636,30.872523],[108.25541,30.872704],[108.251131,30.875073],[108.244694,30.881031],[108.242889,30.884695],[108.244556,30.890997],[108.235014,30.886267],[108.227878,30.880542],[108.231181,30.876127],[108.225467,30.861378],[108.229958,30.856167],[108.229264,30.854168],[108.216722,30.852038],[108.200122,30.839189],[108.196701,30.833085],[108.181726,30.824008],[108.17318,30.82725],[108.166702,30.827345],[108.163308,30.830586],[108.159706,30.830881],[108.157289,30.8349],[108.152197,30.831276],[108.131706,30.831989],[108.124417,30.84147],[108.122163,30.840388],[108.123923,30.837268],[108.122865,30.833496],[108.107011,30.829615],[108.104703,30.832733],[108.105562,30.839425],[108.104321,30.843194],[108.094896,30.849774],[108.094306,30.861577],[108.090139,30.871539],[108.091667,30.872884],[108.098943,30.872766],[108.101651,30.877999],[108.098292,30.880506],[108.091703,30.882132],[108.089142,30.888801],[108.079708,30.885469],[108.077154,30.889342],[108.070479,30.892671],[108.068715,30.887804],[108.051808,30.882244],[108.047928,30.87641],[108.044212,30.877661],[108.041097,30.876526],[108.041305,30.870744],[108.038572,30.869183],[108.036292,30.870115],[108.030782,30.878648],[108.029442,30.88449],[108.016844,30.900192],[108.012081,30.902828],[108.00939,30.907661],[108.00171,30.911921],[107.994717,30.908684],[107.982457,30.913241],[107.968721,30.91212],[107.95787,30.919855],[107.948859,30.91869],[107.944442,30.924354],[107.942608,30.935173],[107.937114,30.935658],[107.938896,30.941077],[107.936307,30.952762],[107.937385,30.968687],[107.941184,30.976136],[107.942394,30.988795],[107.964835,30.985451],[107.971545,30.982432],[107.983141,30.984231],[107.987433,30.989627],[107.990107,30.997757],[107.995898,31.0043],[107.997144,31.011291],[108.003807,31.025404],[108.012515,31.023723],[108.022146,31.029415],[108.024035,31.032974],[108.034326,31.036215],[108.038399,31.034584],[108.043334,31.035419],[108.047372,31.038838],[108.053271,31.040753],[108.053654,31.043255],[108.06016,31.051146],[108.059847,31.053202],[108.046816,31.061631],[108.028965,31.061731],[108.024969,31.063333],[108.024011,31.066079],[108.027371,31.069311],[108.024727,31.089256],[108.021749,31.093277],[108.018196,31.093842],[108.014539,31.097112],[108.012676,31.104523],[108.009385,31.109596],[108.013974,31.115277],[108.017841,31.11305],[108.027105,31.117641],[108.028437,31.124653],[108.032016,31.128489],[108.035881,31.129657],[108.033853,31.135607],[108.034839,31.137838],[108.041704,31.14426],[108.045638,31.145901],[108.053634,31.145002],[108.058035,31.146865],[108.054652,31.154899],[108.05527,31.156646],[108.073008,31.171319],[108.068245,31.172849],[108.068193,31.17456],[108.078684,31.186682],[108.083279,31.185521],[108.085226,31.187205],[108.089907,31.201877],[108.089664,31.205051],[108.081587,31.218434],[108.072951,31.218126],[108.069169,31.219806],[108.069074,31.222659],[108.075575,31.224497],[108.078174,31.227399],[108.077305,31.231404],[108.040073,31.218623],[108.031595,31.217066],[108.02816,31.225063],[108.031648,31.236834],[108.028183,31.241347],[108.01993,31.242546]]]}},{"type":"Feature","properties":{"dt_adcode":"500155"},"geometry":{"type":"Polygon","coordinates":[[[107.876131,30.813276],[107.888092,30.802517],[107.902272,30.781032],[107.905388,30.778854],[107.903729,30.769348],[107.908242,30.76293],[107.918642,30.758294],[107.931966,30.74576],[107.935417,30.745532],[107.939794,30.737183],[107.943509,30.736208],[107.960625,30.718479],[107.984674,30.715663],[108.003265,30.710169],[108.011408,30.709814],[108.035177,30.715371],[108.047528,30.723689],[108.05465,30.722349],[108.067601,30.724209],[108.074907,30.723127],[108.086899,30.7146],[108.080679,30.708639],[108.078681,30.702631],[108.074709,30.698756],[108.074831,30.696287],[108.077933,30.693744],[108.076959,30.686682],[108.080521,30.682535],[108.079956,30.680044],[108.082163,30.678579],[108.079531,30.674657],[108.081693,30.668965],[108.079538,30.664514],[108.070013,30.660984],[108.061111,30.660334],[108.054048,30.660103],[108.044391,30.662688],[108.040788,30.661785],[108.025667,30.648859],[108.023602,30.636502],[108.018143,30.635153],[108.016932,30.629565],[108.024776,30.604022],[108.033716,30.592437],[108.033281,30.589401],[108.028031,30.587435],[108.027761,30.58578],[108.030834,30.577906],[108.034786,30.574185],[108.03106,30.569748],[108.03025,30.562261],[108.003778,30.542182],[108.001392,30.542635],[107.998265,30.540453],[107.990237,30.538888],[107.984332,30.529711],[107.976445,30.5266],[107.972597,30.521897],[107.964974,30.530471],[107.960997,30.532007],[107.958613,30.531032],[107.956882,30.526159],[107.953637,30.522718],[107.95542,30.519515],[107.953706,30.514358],[107.9484,30.509424],[107.941443,30.497445],[107.939521,30.485627],[107.936557,30.485356],[107.930804,30.488218],[107.921883,30.495421],[107.919764,30.494174],[107.916021,30.495313],[107.907862,30.503671],[107.902604,30.504641],[107.900885,30.50274],[107.89673,30.503262],[107.885466,30.511168],[107.888908,30.517637],[107.886264,30.522592],[107.888024,30.530078],[107.886481,30.533646],[107.887955,30.534776],[107.887106,30.540345],[107.891529,30.544364],[107.88969,30.548394],[107.885399,30.549544],[107.870369,30.547268],[107.861724,30.558955],[107.854595,30.554955],[107.849996,30.557976],[107.839093,30.55549],[107.832226,30.558761],[107.825523,30.55278],[107.82941,30.54684],[107.827834,30.540354],[107.818273,30.529459],[107.818316,30.526618],[107.816107,30.526452],[107.817016,30.523309],[107.814028,30.521643],[107.816774,30.518853],[107.814193,30.517766],[107.817787,30.516038],[107.819181,30.508542],[107.818409,30.497987],[107.813724,30.495698],[107.815187,30.491563],[107.812216,30.487897],[107.812753,30.485465],[107.810613,30.48241],[107.813108,30.481181],[107.81374,30.476453],[107.817438,30.471872],[107.813999,30.467186],[107.812657,30.469875],[107.806628,30.470591],[107.802262,30.476157],[107.79651,30.479221],[107.795227,30.481628],[107.796432,30.485033],[107.793269,30.488134],[107.789829,30.488328],[107.779722,30.496207],[107.776531,30.495741],[107.777815,30.497811],[107.776801,30.501237],[107.779211,30.501923],[107.777538,30.50614],[107.773775,30.508271],[107.77139,30.507198],[107.771936,30.508821],[107.768519,30.510588],[107.767912,30.513716],[107.765848,30.511943],[107.763419,30.514295],[107.757674,30.51404],[107.748874,30.520919],[107.744966,30.521542],[107.72668,30.497564],[107.720405,30.492566],[107.715728,30.482586],[107.706677,30.471391],[107.695249,30.460987],[107.679477,30.438593],[107.661791,30.420406],[107.657076,30.423217],[107.655859,30.430485],[107.669064,30.44594],[107.673545,30.453863],[107.673537,30.460162],[107.670336,30.464504],[107.662046,30.4698],[107.636948,30.470508],[107.634401,30.473123],[107.638574,30.48075],[107.634201,30.48578],[107.629299,30.485607],[107.62531,30.480701],[107.617594,30.47725],[107.611739,30.472115],[107.610228,30.473944],[107.612426,30.4784],[107.611262,30.480073],[107.593995,30.475166],[107.570527,30.477301],[107.567286,30.478871],[107.562218,30.48795],[107.555929,30.488887],[107.553417,30.490776],[107.555487,30.498545],[107.55276,30.503478],[107.544351,30.498863],[107.533462,30.500848],[107.531774,30.495462],[107.527576,30.490479],[107.52119,30.488356],[107.516249,30.489215],[107.509102,30.495345],[107.498227,30.495629],[107.489877,30.490586],[107.481888,30.4797],[107.479188,30.478553],[107.465303,30.481983],[107.460679,30.481067],[107.461363,30.485179],[107.454824,30.488625],[107.454431,30.490209],[107.45596,30.491191],[107.452529,30.492539],[107.450562,30.491709],[107.446845,30.49766],[107.437482,30.501902],[107.425544,30.510822],[107.419556,30.511028],[107.40527,30.516366],[107.40875,30.521567],[107.415,30.517762],[107.42176,30.517049],[107.433844,30.523565],[107.441275,30.531201],[107.442844,30.535301],[107.437678,30.537706],[107.427628,30.548222],[107.435138,30.55149],[107.453028,30.569785],[107.460884,30.571723],[107.460373,30.575612],[107.466825,30.580599],[107.467422,30.586302],[107.485332,30.598332],[107.493727,30.618978],[107.516666,30.644226],[107.516381,30.648808],[107.509044,30.651387],[107.499173,30.660151],[107.489058,30.663472],[107.477435,30.664783],[107.472458,30.670509],[107.472234,30.675149],[107.469715,30.677611],[107.460129,30.679551],[107.456648,30.682359],[107.460953,30.687489],[107.461845,30.690928],[107.460702,30.692967],[107.463534,30.695041],[107.458337,30.693767],[107.459585,30.698545],[107.458633,30.704794],[107.452795,30.706638],[107.436122,30.721961],[107.434769,30.726368],[107.430781,30.730199],[107.430295,30.734954],[107.424345,30.740679],[107.426193,30.747373],[107.438048,30.746659],[107.439756,30.750502],[107.445693,30.752976],[107.440918,30.755429],[107.439782,30.757606],[107.439904,30.760813],[107.444117,30.764374],[107.446812,30.77011],[107.445567,30.772602],[107.442109,30.773729],[107.442672,30.776375],[107.444936,30.77585],[107.443369,30.777627],[107.447887,30.778748],[107.453787,30.771654],[107.458447,30.772893],[107.4625,30.770031],[107.466596,30.774678],[107.460033,30.785584],[107.466276,30.784634],[107.473436,30.785769],[107.473324,30.790998],[107.477262,30.792264],[107.476553,30.798116],[107.477765,30.799776],[107.488453,30.803845],[107.492148,30.802675],[107.493792,30.80368],[107.492382,30.807723],[107.486099,30.809146],[107.490201,30.810764],[107.498542,30.809597],[107.498396,30.811891],[107.492123,30.815471],[107.495169,30.820903],[107.489397,30.821897],[107.489302,30.825044],[107.492842,30.829825],[107.492115,30.833154],[107.490013,30.834495],[107.486638,30.833489],[107.480226,30.838536],[107.482934,30.838298],[107.498536,30.84795],[107.50686,30.849441],[107.509689,30.853393],[107.513851,30.855054],[107.523273,30.848235],[107.525081,30.841199],[107.52753,30.839073],[107.531849,30.840392],[107.531823,30.844381],[107.534454,30.8444],[107.536289,30.848212],[107.545526,30.846218],[107.548124,30.848207],[107.552349,30.848027],[107.555519,30.846134],[107.560673,30.849882],[107.566253,30.848542],[107.56699,30.845807],[107.569425,30.848094],[107.573967,30.846881],[107.577036,30.848378],[107.581951,30.84036],[107.583777,30.840854],[107.584399,30.843344],[107.587083,30.842056],[107.587298,30.839523],[107.595372,30.837719],[107.591356,30.835593],[107.593632,30.834133],[107.604605,30.840553],[107.614664,30.839167],[107.616601,30.836711],[107.617026,30.827086],[107.62866,30.818584],[107.63544,30.818034],[107.647456,30.82323],[107.671378,30.853218],[107.691952,30.874771],[107.696667,30.875761],[107.704128,30.872232],[107.715258,30.887273],[107.717849,30.88831],[107.739658,30.884177],[107.742784,30.877019],[107.749564,30.873478],[107.750059,30.864816],[107.752611,30.8665],[107.760309,30.863481],[107.757106,30.85928],[107.757071,30.854779],[107.753374,30.852238],[107.752289,30.846046],[107.757435,30.84025],[107.754432,30.836863],[107.75838,30.836033],[107.756228,30.83472],[107.758302,30.831749],[107.755403,30.829036],[107.761408,30.825554],[107.764106,30.816953],[107.775398,30.81484],[107.782916,30.819074],[107.789009,30.819187],[107.803263,30.81266],[107.818878,30.797452],[107.8325,30.798347],[107.839324,30.794674],[107.849845,30.792596],[107.876131,30.813276]]]}},{"type":"Feature","properties":{"dt_adcode":"500156"},"geometry":{"type":"Polygon","coordinates":[[[107.401581,29.184701],[107.401008,29.188604],[107.397751,29.190377],[107.398099,29.201598],[107.395328,29.206414],[107.401922,29.218267],[107.399335,29.235732],[107.401324,29.240174],[107.401047,29.248873],[107.402281,29.25169],[107.405147,29.251914],[107.416546,29.264245],[107.418066,29.269928],[107.421953,29.274635],[107.418231,29.277378],[107.413466,29.277784],[107.407597,29.282189],[107.404081,29.282606],[107.395959,29.279628],[107.388564,29.2811],[107.388277,29.284772],[107.391797,29.288803],[107.389442,29.291757],[107.381455,29.298931],[107.373707,29.297858],[107.374568,29.30164],[107.381794,29.306856],[107.384785,29.315675],[107.391747,29.327619],[107.382422,29.333423],[107.370092,29.3382],[107.367805,29.34145],[107.356983,29.343567],[107.35017,29.346889],[107.348056,29.346824],[107.347576,29.342954],[107.343913,29.340467],[107.337577,29.340759],[107.326611,29.337972],[107.321816,29.340658],[107.319501,29.347758],[107.309067,29.345032],[107.306761,29.348309],[107.298583,29.352068],[107.292146,29.349649],[107.285363,29.351986],[107.280172,29.355952],[107.275495,29.355683],[107.272409,29.358373],[107.273001,29.372577],[107.268404,29.374815],[107.264468,29.382949],[107.256953,29.38476],[107.24918,29.380768],[107.241028,29.379824],[107.23721,29.396184],[107.22645,29.407717],[107.230156,29.414325],[107.22724,29.416053],[107.227197,29.417617],[107.236803,29.422679],[107.237611,29.425679],[107.242437,29.426793],[107.245441,29.424395],[107.260952,29.429015],[107.258902,29.432781],[107.262256,29.436169],[107.26896,29.435942],[107.274871,29.438692],[107.302758,29.462162],[107.306221,29.466341],[107.306308,29.472286],[107.31247,29.479726],[107.313227,29.487465],[107.325273,29.500199],[107.330565,29.510995],[107.346709,29.515339],[107.357317,29.515052],[107.367452,29.523285],[107.37247,29.520545],[107.374949,29.520794],[107.387581,29.527543],[107.390302,29.530878],[107.393152,29.530532],[107.395672,29.529629],[107.396419,29.526457],[107.404158,29.524095],[107.408986,29.520419],[107.410679,29.515726],[107.419408,29.512404],[107.419913,29.507587],[107.427189,29.507015],[107.426547,29.497339],[107.431784,29.483459],[107.441634,29.486607],[107.441383,29.491574],[107.442796,29.493046],[107.444919,29.493306],[107.446999,29.490588],[107.450534,29.49002],[107.46383,29.498615],[107.462393,29.501399],[107.463709,29.503448],[107.475899,29.506363],[107.478512,29.497159],[107.481299,29.493098],[107.513667,29.46115],[107.5182,29.453641],[107.523114,29.44009],[107.532658,29.423044],[107.533879,29.423119],[107.546544,29.431845],[107.546285,29.437126],[107.554434,29.449204],[107.561374,29.453064],[107.574225,29.452523],[107.577468,29.462431],[107.593455,29.479619],[107.59907,29.481374],[107.611225,29.479272],[107.620233,29.481763],[107.619547,29.496841],[107.617341,29.500326],[107.617116,29.509492],[107.615031,29.512355],[107.606747,29.515528],[107.609204,29.518637],[107.607095,29.525927],[107.609196,29.534425],[107.612462,29.536732],[107.615719,29.536021],[107.629865,29.5395],[107.649523,29.551324],[107.653307,29.560869],[107.666955,29.573824],[107.680943,29.593231],[107.685519,29.595626],[107.686389,29.599843],[107.690425,29.600448],[107.698044,29.605903],[107.700575,29.611454],[107.698749,29.613324],[107.701593,29.615452],[107.708749,29.61044],[107.709113,29.605509],[107.71638,29.596664],[107.732256,29.585591],[107.75545,29.602647],[107.757411,29.602645],[107.761498,29.598101],[107.767839,29.597643],[107.771933,29.58661],[107.77645,29.585799],[107.781262,29.582135],[107.777317,29.578385],[107.772661,29.580169],[107.773476,29.582774],[107.771776,29.583089],[107.768489,29.579272],[107.769061,29.578126],[107.795814,29.567752],[107.791801,29.560685],[107.80349,29.563445],[107.807309,29.554609],[107.814065,29.551535],[107.818924,29.554663],[107.824483,29.545793],[107.82864,29.546048],[107.829506,29.5482],[107.827965,29.555237],[107.836122,29.559236],[107.838873,29.570196],[107.838275,29.574488],[107.832555,29.579126],[107.833438,29.584412],[107.831577,29.590512],[107.833379,29.597427],[107.839372,29.605619],[107.838983,29.610777],[107.845245,29.628698],[107.845878,29.639636],[107.843886,29.641087],[107.843073,29.655732],[107.845126,29.659681],[107.854887,29.667096],[107.870715,29.667986],[107.897164,29.661489],[107.908678,29.6621],[107.924332,29.654838],[107.93554,29.655327],[107.937009,29.652668],[107.935992,29.648859],[107.944379,29.635021],[107.948682,29.62313],[107.947211,29.607159],[107.95049,29.60148],[107.961303,29.60856],[107.969936,29.621306],[107.976682,29.626345],[107.996855,29.627799],[108.000242,29.626237],[108.00477,29.629766],[108.010273,29.62401],[108.024352,29.61948],[108.02854,29.621168],[108.044033,29.622563],[108.056038,29.621584],[108.067881,29.61422],[108.075007,29.607793],[108.079394,29.596951],[108.086021,29.591775],[108.086395,29.589726],[108.084006,29.588879],[108.077072,29.578038],[108.068304,29.578834],[108.0664,29.57671],[108.067011,29.566676],[108.076101,29.557429],[108.07405,29.549053],[108.051859,29.528797],[108.01557,29.505256],[108.017598,29.493768],[108.016318,29.489776],[108.017345,29.483709],[108.013722,29.470083],[108.016281,29.466831],[108.014827,29.462824],[108.009202,29.462227],[108.013233,29.459219],[108.010542,29.457886],[108.013572,29.455679],[108.012118,29.450494],[108.013093,29.448801],[108.002774,29.442089],[108.006187,29.438669],[108.003479,29.438631],[108.00125,29.435795],[108.004306,29.428424],[108.000944,29.425371],[107.998854,29.425693],[107.998993,29.423131],[107.994501,29.423118],[107.990112,29.418283],[107.989536,29.408186],[107.992818,29.397385],[107.992269,29.390474],[107.988411,29.380257],[107.976849,29.365023],[107.977188,29.361065],[107.983055,29.35139],[107.986031,29.334841],[107.992073,29.325406],[108.000867,29.319073],[108.003279,29.315186],[108.002521,29.305175],[107.996311,29.290151],[107.999088,29.275514],[107.996683,29.264451],[107.999444,29.259187],[108.010345,29.247777],[108.011197,29.242179],[108.009926,29.234885],[108.004762,29.228534],[108.002541,29.229633],[108.000861,29.235722],[107.998527,29.236853],[107.995628,29.235834],[107.988348,29.219303],[107.973295,29.210579],[107.968943,29.200115],[107.970092,29.198483],[107.959222,29.187977],[107.94288,29.178247],[107.939186,29.179939],[107.935249,29.185029],[107.928289,29.184979],[107.924093,29.188459],[107.918822,29.190102],[107.909663,29.190008],[107.903787,29.186061],[107.901262,29.187842],[107.899276,29.186891],[107.898868,29.184247],[107.903786,29.172264],[107.899907,29.166351],[107.898684,29.157051],[107.895847,29.151644],[107.893366,29.14083],[107.892923,29.132021],[107.896313,29.120112],[107.894248,29.116112],[107.883912,29.106203],[107.884622,29.097187],[107.889225,29.086148],[107.88913,29.083079],[107.883919,29.078166],[107.877851,29.077918],[107.873084,29.074855],[107.871758,29.067424],[107.875163,29.059123],[107.874686,29.057019],[107.866905,29.052851],[107.85268,29.040635],[107.845422,29.038865],[107.83762,29.040519],[107.826725,29.037199],[107.823556,29.034221],[107.815069,29.034793],[107.814004,29.036949],[107.803479,29.042903],[107.788957,29.045195],[107.785248,29.047221],[107.789826,29.082352],[107.799993,29.106194],[107.802176,29.116548],[107.810667,29.139391],[107.807844,29.14332],[107.801546,29.144006],[107.793332,29.147833],[107.782361,29.161685],[107.77454,29.163305],[107.769346,29.173844],[107.760272,29.1777],[107.759153,29.180383],[107.761218,29.184923],[107.76049,29.190359],[107.751604,29.199624],[107.748748,29.199118],[107.736937,29.187305],[107.724244,29.181849],[107.723409,29.177392],[107.727224,29.175706],[107.718497,29.156139],[107.705526,29.153395],[107.703039,29.150351],[107.701465,29.142154],[107.699369,29.141212],[107.662628,29.147935],[107.658819,29.163126],[107.642192,29.160593],[107.638306,29.164377],[107.634203,29.163959],[107.628779,29.165832],[107.620289,29.165187],[107.616936,29.162994],[107.606732,29.165444],[107.600628,29.159601],[107.604387,29.156307],[107.604196,29.152365],[107.600992,29.147839],[107.589251,29.150044],[107.585062,29.158344],[107.590146,29.165286],[107.590493,29.168419],[107.586103,29.166658],[107.581628,29.17136],[107.580077,29.183849],[107.576496,29.184806],[107.575256,29.189053],[107.575449,29.207303],[107.569208,29.214036],[107.570144,29.218687],[107.565699,29.220968],[107.554358,29.219464],[107.547914,29.207959],[107.530626,29.194596],[107.515318,29.194488],[107.505143,29.185449],[107.491125,29.176248],[107.486694,29.17425],[107.479745,29.174155],[107.478126,29.175399],[107.473088,29.170995],[107.461374,29.178006],[107.464613,29.184755],[107.462388,29.190066],[107.463982,29.195431],[107.446649,29.203398],[107.440478,29.20356],[107.427063,29.190322],[107.417392,29.191599],[107.405455,29.188611],[107.401581,29.184701]]]}},{"type":"Feature","properties":{"dt_adcode":"500229"},"geometry":{"type":"Polygon","coordinates":[[[108.455363,31.785595],[108.454082,31.790458],[108.465097,31.80603],[108.464846,31.809517],[108.4625,31.812819],[108.457063,31.814137],[108.451278,31.813086],[108.443914,31.810621],[108.441453,31.807627],[108.426309,31.810288],[108.422598,31.814163],[108.391993,31.828692],[108.389657,31.840301],[108.384193,31.847689],[108.386174,31.853903],[108.379058,31.855649],[108.370774,31.852762],[108.353748,31.856411],[108.34358,31.86104],[108.335874,31.870856],[108.334717,31.877185],[108.326245,31.881615],[108.308434,31.90597],[108.299469,31.911284],[108.293906,31.9113],[108.292211,31.912673],[108.289533,31.910949],[108.284276,31.914953],[108.282677,31.91775],[108.286033,31.938853],[108.280629,31.949179],[108.280151,31.95305],[108.275825,31.957613],[108.272151,31.958229],[108.25924,31.967485],[108.266846,31.971925],[108.265379,31.98103],[108.26669,31.984829],[108.269904,31.9851],[108.276878,31.980254],[108.282143,31.979206],[108.284081,31.980363],[108.283664,31.985452],[108.285689,31.987958],[108.290365,31.990081],[108.297154,31.988528],[108.307102,31.997252],[108.31372,31.994621],[108.325888,31.984956],[108.3375,31.981689],[108.351156,31.971673],[108.358193,31.979208],[108.369463,31.986831],[108.369498,31.989858],[108.364734,31.995136],[108.361525,31.996225],[108.361395,31.998097],[108.338451,32.009523],[108.333632,32.017285],[108.329213,32.019262],[108.331467,32.021134],[108.340114,32.023123],[108.345159,32.028006],[108.35631,32.031236],[108.363346,32.038043],[108.364216,32.047769],[108.360521,32.052951],[108.344788,32.060517],[108.343997,32.066868],[108.346937,32.070109],[108.36067,32.069362],[108.374654,32.07715],[108.386566,32.072351],[108.391743,32.066688],[108.412887,32.070081],[108.41976,32.064177],[108.430006,32.061359],[108.450441,32.074403],[108.452419,32.080904],[108.452091,32.091037],[108.439252,32.094739],[108.431633,32.101696],[108.426449,32.110568],[108.422876,32.112943],[108.423458,32.117321],[108.414888,32.12636],[108.412528,32.133948],[108.406635,32.141337],[108.398188,32.147597],[108.391049,32.147873],[108.389607,32.151852],[108.383186,32.151712],[108.379041,32.153356],[108.379771,32.15444],[108.38482,32.153696],[108.388104,32.158854],[108.371558,32.171183],[108.369428,32.173317],[108.369802,32.175947],[108.379199,32.177523],[108.388619,32.186714],[108.404513,32.196286],[108.424382,32.187438],[108.430019,32.191668],[108.433998,32.19208],[108.442898,32.189229],[108.457293,32.181491],[108.466652,32.182578],[108.475835,32.181593],[108.481088,32.182902],[108.492129,32.194592],[108.500399,32.195908],[108.509725,32.201187],[108.535024,32.186095],[108.542693,32.178553],[108.551048,32.176092],[108.558601,32.177539],[108.564934,32.174586],[108.585734,32.171294],[108.592935,32.159239],[108.60297,32.15478],[108.6066,32.154967],[108.628809,32.14024],[108.632956,32.134476],[108.64695,32.128652],[108.653466,32.122978],[108.65451,32.116896],[108.666901,32.111904],[108.672636,32.104128],[108.692391,32.103171],[108.702807,32.105066],[108.714247,32.103623],[108.726439,32.106803],[108.73973,32.104466],[108.747732,32.099841],[108.750694,32.096086],[108.750172,32.089633],[108.752691,32.086846],[108.752045,32.07352],[108.757794,32.071218],[108.76289,32.066906],[108.767977,32.065522],[108.776255,32.055109],[108.781608,32.053605],[108.788703,32.048299],[108.810577,32.047166],[108.826913,32.041021],[108.837867,32.038824],[108.851004,32.027619],[108.852798,32.02185],[108.869156,32.002766],[108.88378,31.997782],[108.884265,31.99402],[108.890695,31.989893],[108.903335,31.984754],[108.915923,31.988058],[108.93713,31.988913],[108.954093,31.979226],[108.966921,31.982846],[108.978221,31.978146],[108.986744,31.979957],[108.999513,31.972503],[109.01271,31.970098],[109.020885,31.963199],[109.030925,31.959387],[109.03563,31.958054],[109.039333,31.960715],[109.058796,31.942024],[109.06991,31.938921],[109.085495,31.929405],[109.091228,31.922351],[109.123236,31.892977],[109.137819,31.889332],[109.163836,31.877346],[109.190926,31.855666],[109.191671,31.848607],[109.194271,31.846198],[109.198259,31.84577],[109.199628,31.843588],[109.19141,31.826396],[109.194061,31.818485],[109.213594,31.817494],[109.232355,31.809424],[109.23988,31.811285],[109.255309,31.803034],[109.258453,31.804017],[109.275694,31.799616],[109.274954,31.789166],[109.278449,31.78021],[109.281274,31.777589],[109.263046,31.773251],[109.2611,31.768058],[109.254672,31.766909],[109.252839,31.764782],[109.255296,31.758878],[109.271309,31.756608],[109.272934,31.751221],[109.270761,31.74931],[109.279776,31.745914],[109.282628,31.743318],[109.283088,31.739612],[109.279305,31.725248],[109.281591,31.716888],[109.266717,31.714909],[109.259558,31.718413],[109.244916,31.719134],[109.225868,31.725816],[109.227316,31.715633],[109.222474,31.701731],[109.228641,31.693219],[109.228129,31.68963],[109.225535,31.686808],[109.224243,31.688634],[109.211997,31.69193],[109.209179,31.694119],[109.195646,31.694638],[109.192872,31.696822],[109.185661,31.694637],[109.166976,31.70019],[109.161984,31.698841],[109.157303,31.693799],[109.155499,31.696285],[109.151859,31.697374],[109.149726,31.702731],[109.136581,31.706241],[109.130769,31.705165],[109.121823,31.699825],[109.105849,31.70025],[109.097936,31.696637],[109.094964,31.69705],[109.09287,31.699497],[109.086754,31.698684],[109.074545,31.700903],[109.06218,31.705187],[109.059638,31.701997],[109.054441,31.700683],[109.052011,31.696494],[109.045331,31.694984],[109.041297,31.690883],[109.030336,31.691812],[109.003274,31.689944],[109.000815,31.68674],[109.003151,31.678883],[109.00777,31.674084],[109.000265,31.669696],[109.000394,31.657012],[108.994876,31.653565],[108.989664,31.652697],[108.95553,31.654601],[108.952727,31.657299],[108.955592,31.662942],[108.949967,31.660853],[108.944805,31.654663],[108.939184,31.653083],[108.918105,31.652947],[108.916184,31.654526],[108.914464,31.660727],[108.906168,31.661262],[108.900462,31.659559],[108.900636,31.655724],[108.890201,31.654306],[108.879399,31.663826],[108.873648,31.664584],[108.865818,31.670215],[108.861622,31.680505],[108.8481,31.681376],[108.845006,31.686447],[108.839893,31.684245],[108.809898,31.685769],[108.796565,31.683898],[108.782117,31.688789],[108.778429,31.681901],[108.770629,31.682154],[108.767565,31.679263],[108.768172,31.676127],[108.758144,31.664293],[108.755226,31.655419],[108.755347,31.647067],[108.748094,31.642481],[108.742299,31.640919],[108.736919,31.633377],[108.727557,31.634354],[108.722896,31.629378],[108.712842,31.627635],[108.709702,31.630484],[108.699558,31.634092],[108.695242,31.630506],[108.696225,31.62678],[108.691526,31.625243],[108.682788,31.627527],[108.679568,31.623644],[108.675669,31.622673],[108.662066,31.62424],[108.657341,31.626293],[108.653061,31.625133],[108.649389,31.621733],[108.640281,31.626105],[108.638934,31.629838],[108.6401,31.636997],[108.638665,31.640497],[108.636074,31.643358],[108.631004,31.645104],[108.62438,31.651646],[108.621486,31.648753],[108.614925,31.649391],[108.611893,31.652093],[108.608705,31.650421],[108.598259,31.655826],[108.5926,31.656181],[108.590847,31.658374],[108.586978,31.659069],[108.583256,31.664447],[108.576813,31.664101],[108.57605,31.666081],[108.57742,31.668408],[108.574489,31.670888],[108.565302,31.673607],[108.560882,31.669543],[108.549614,31.674301],[108.542843,31.673618],[108.530629,31.678094],[108.527999,31.680514],[108.527541,31.684517],[108.522245,31.68601],[108.522366,31.688342],[108.514796,31.694104],[108.51612,31.696396],[108.524418,31.699344],[108.525405,31.701371],[108.520059,31.72458],[108.506191,31.731717],[108.505508,31.733714],[108.528982,31.752911],[108.534703,31.755647],[108.535275,31.757697],[108.528766,31.757763],[108.526041,31.760743],[108.519811,31.762007],[108.515719,31.761092],[108.511964,31.764315],[108.491564,31.773649],[108.488954,31.772],[108.487628,31.777248],[108.488571,31.780322],[108.476441,31.778037],[108.470626,31.781225],[108.462549,31.780565],[108.455363,31.785595]]]}},{"type":"Feature","properties":{"dt_adcode":"500230"},"geometry":{"type":"Polygon","coordinates":[[[107.701593,29.615452],[107.698253,29.619818],[107.701106,29.621846],[107.713741,29.642559],[107.719375,29.656016],[107.696621,29.660314],[107.684723,29.666531],[107.673415,29.663519],[107.670136,29.667882],[107.670101,29.675054],[107.668701,29.67682],[107.655716,29.686536],[107.642498,29.688381],[107.640998,29.691359],[107.632857,29.6959],[107.630432,29.700058],[107.633186,29.711441],[107.632789,29.719023],[107.638609,29.729238],[107.640342,29.740713],[107.633555,29.744981],[107.630776,29.750387],[107.625074,29.753892],[107.628958,29.754751],[107.635008,29.759731],[107.638147,29.765319],[107.641529,29.762967],[107.643676,29.763875],[107.641407,29.76528],[107.638521,29.772973],[107.637609,29.789814],[107.639358,29.796668],[107.639428,29.811092],[107.638635,29.813275],[107.633682,29.812341],[107.624808,29.803935],[107.620237,29.801904],[107.611073,29.8038],[107.605351,29.808146],[107.60352,29.813738],[107.605274,29.817832],[107.605249,29.832425],[107.603235,29.834334],[107.595857,29.835008],[107.593939,29.837136],[107.60261,29.843089],[107.604729,29.853149],[107.614134,29.856477],[107.616272,29.86487],[107.626774,29.874977],[107.611269,29.87754],[107.606086,29.883738],[107.598688,29.888612],[107.602979,29.897382],[107.600548,29.90278],[107.600783,29.908732],[107.597017,29.91543],[107.594734,29.917673],[107.591012,29.916693],[107.589564,29.91983],[107.579356,29.923955],[107.573166,29.933266],[107.573825,29.935873],[107.578767,29.940279],[107.579479,29.943888],[107.576609,29.950234],[107.57191,29.951063],[107.561944,29.946149],[107.557475,29.947662],[107.552313,29.951715],[107.552053,29.95539],[107.546226,29.959489],[107.548763,29.962105],[107.546919,29.965673],[107.538738,29.967361],[107.536375,29.969967],[107.533553,29.968549],[107.523801,29.978676],[107.517501,29.970589],[107.51583,29.959999],[107.504176,29.956889],[107.499607,29.962754],[107.501529,29.967372],[107.498916,29.971953],[107.495827,29.97234],[107.487511,29.967894],[107.487425,29.972072],[107.471345,29.989433],[107.475353,29.989464],[107.477621,29.99275],[107.484112,29.99278],[107.483126,29.996296],[107.485446,30.000956],[107.491304,30.004951],[107.491348,30.013293],[107.507719,30.0307],[107.529016,30.057862],[107.539316,30.064172],[107.539524,30.072416],[107.530229,30.078619],[107.528299,30.082895],[107.541248,30.091991],[107.55849,30.099106],[107.558881,30.115941],[107.5644,30.117609],[107.57122,30.122429],[107.579386,30.119579],[107.579612,30.129372],[107.582509,30.129663],[107.58322,30.131155],[107.577281,30.134922],[107.571169,30.135945],[107.568595,30.138345],[107.57279,30.141157],[107.573111,30.143733],[107.570589,30.149286],[107.570217,30.159877],[107.563814,30.167886],[107.570721,30.167038],[107.58122,30.174958],[107.588653,30.17589],[107.60121,30.182216],[107.604492,30.187379],[107.595891,30.198066],[107.601029,30.196819],[107.605118,30.198089],[107.610033,30.209129],[107.613681,30.209807],[107.618224,30.205222],[107.62149,30.204558],[107.629876,30.209352],[107.632884,30.21309],[107.634197,30.220811],[107.637458,30.226599],[107.642753,30.230398],[107.642823,30.239544],[107.651876,30.241626],[107.653659,30.243542],[107.656982,30.251427],[107.656382,30.259611],[107.659549,30.261429],[107.662567,30.261072],[107.665672,30.25734],[107.671796,30.256703],[107.675928,30.252804],[107.673125,30.238759],[107.66674,30.234754],[107.669819,30.228978],[107.668192,30.225611],[107.672402,30.223329],[107.681449,30.225187],[107.691244,30.234898],[107.700751,30.234873],[107.70789,30.238412],[107.709994,30.236271],[107.705959,30.230876],[107.70615,30.228623],[107.711854,30.228438],[107.714687,30.221411],[107.709532,30.219487],[107.704741,30.224302],[107.701846,30.222932],[107.70108,30.220246],[107.704958,30.2165],[107.707975,30.216143],[107.721493,30.218507],[107.71999,30.228732],[107.72544,30.231997],[107.728707,30.231334],[107.732112,30.223394],[107.734909,30.221042],[107.739652,30.222569],[107.742066,30.225517],[107.746643,30.238169],[107.762006,30.240919],[107.769162,30.237542],[107.769135,30.224572],[107.759931,30.219297],[107.757734,30.214621],[107.758072,30.207798],[107.762254,30.204068],[107.763668,30.199539],[107.778056,30.197121],[107.777354,30.193864],[107.78298,30.190766],[107.790209,30.190172],[107.79371,30.18601],[107.799385,30.187148],[107.805328,30.184213],[107.8081,30.184582],[107.811954,30.178121],[107.826875,30.171045],[107.8386,30.168671],[107.845666,30.162956],[107.842089,30.15502],[107.831584,30.14683],[107.828769,30.141314],[107.819044,30.133932],[107.816497,30.129195],[107.812651,30.120887],[107.815413,30.115125],[107.818765,30.112049],[107.833365,30.109111],[107.843723,30.119539],[107.845628,30.119824],[107.84833,30.117365],[107.854704,30.116282],[107.85531,30.113477],[107.862205,30.11388],[107.865696,30.109246],[107.866952,30.104437],[107.875305,30.099669],[107.881112,30.103194],[107.895897,30.12008],[107.898205,30.120251],[107.906533,30.112558],[107.90872,30.105065],[107.912348,30.102322],[107.913667,30.098263],[107.924364,30.086493],[107.93757,30.067982],[107.949577,30.066074],[107.958092,30.060093],[107.967533,30.055608],[107.975914,30.053809],[107.987318,30.047928],[107.994589,30.050469],[107.99849,30.053877],[108.000467,30.053501],[108.002278,30.051965],[108.002426,30.048253],[108.007598,30.043513],[108.014852,30.043717],[108.02664,30.030952],[108.025142,30.024101],[108.02179,30.02246],[108.018454,30.014811],[108.025245,30.01059],[108.023512,30.007324],[108.029467,30.001732],[108.028788,29.999198],[108.032434,29.9889],[108.018042,29.971595],[108.013496,29.97401],[108.01058,29.978505],[108.004824,29.976141],[108.00202,29.97753],[107.993268,29.965963],[108.003664,29.958294],[108.021739,29.939108],[108.03155,29.924703],[108.033951,29.913926],[108.038443,29.911607],[108.046335,29.912375],[108.048893,29.90956],[108.04978,29.905308],[108.047414,29.903141],[108.040783,29.904449],[108.035883,29.901967],[108.04254,29.893457],[108.05138,29.892855],[108.059877,29.889721],[108.071466,29.877176],[108.072465,29.870972],[108.058936,29.857239],[108.074105,29.847883],[108.084131,29.838867],[108.098076,29.840255],[108.100532,29.844726],[108.104976,29.844908],[108.108802,29.848864],[108.122904,29.851754],[108.135706,29.850275],[108.145998,29.846383],[108.148077,29.843017],[108.14708,29.832244],[108.149063,29.830257],[108.151766,29.830417],[108.161441,29.836414],[108.172161,29.838409],[108.179036,29.82831],[108.178351,29.821739],[108.181183,29.820282],[108.183539,29.82184],[108.190622,29.819459],[108.190925,29.815262],[108.193869,29.813199],[108.188041,29.808732],[108.185451,29.801622],[108.195695,29.789046],[108.204676,29.783926],[108.211217,29.783719],[108.217837,29.777207],[108.209596,29.765811],[108.201591,29.763438],[108.195831,29.753071],[108.187922,29.743921],[108.17728,29.750149],[108.172232,29.745548],[108.174551,29.735453],[108.176101,29.733942],[108.179522,29.73535],[108.181038,29.734304],[108.169154,29.70783],[108.176333,29.704124],[108.17951,29.697861],[108.173751,29.684533],[108.157911,29.67906],[108.15617,29.676115],[108.156317,29.669579],[108.146191,29.664502],[108.143566,29.659229],[108.14742,29.650145],[108.153266,29.645746],[108.161018,29.645194],[108.168188,29.648077],[108.178389,29.64834],[108.182016,29.625992],[108.176412,29.617501],[108.173554,29.616465],[108.168169,29.617836],[108.164999,29.615901],[108.167934,29.613056],[108.167709,29.610417],[108.164167,29.607973],[108.163353,29.603598],[108.158641,29.601269],[108.151167,29.599538],[108.135104,29.603699],[108.117941,29.603738],[108.114151,29.599305],[108.103741,29.599737],[108.091268,29.603816],[108.086718,29.609778],[108.081046,29.612378],[108.079491,29.614624],[108.0797,29.618735],[108.073391,29.614631],[108.067881,29.61422],[108.05295,29.622487],[108.02854,29.621168],[108.024352,29.61948],[108.010273,29.62401],[108.00477,29.629766],[108.000242,29.626237],[107.996855,29.627799],[107.976682,29.626345],[107.969936,29.621306],[107.961303,29.60856],[107.95049,29.60148],[107.947211,29.607159],[107.948682,29.62313],[107.944379,29.635021],[107.935992,29.648859],[107.937009,29.652668],[107.93554,29.655327],[107.924332,29.654838],[107.908678,29.6621],[107.898717,29.661259],[107.870715,29.667986],[107.85746,29.667637],[107.853683,29.666508],[107.845126,29.659681],[107.843073,29.655732],[107.843886,29.641087],[107.845878,29.639636],[107.845245,29.628698],[107.838983,29.610777],[107.839372,29.605619],[107.833379,29.597427],[107.831577,29.590512],[107.833438,29.584412],[107.832555,29.579126],[107.838275,29.574488],[107.837968,29.56388],[107.836122,29.559236],[107.827965,29.555237],[107.829532,29.547711],[107.826735,29.544946],[107.823652,29.546567],[107.818924,29.554663],[107.814065,29.551535],[107.809934,29.552938],[107.806382,29.555735],[107.802866,29.56368],[107.792312,29.560413],[107.795814,29.567752],[107.769061,29.578126],[107.768489,29.579272],[107.771776,29.583089],[107.773476,29.582774],[107.772661,29.580169],[107.777317,29.578385],[107.781262,29.582135],[107.77645,29.585799],[107.771933,29.58661],[107.767839,29.597643],[107.761498,29.598101],[107.757411,29.602645],[107.75545,29.602647],[107.732256,29.585591],[107.71638,29.596664],[107.709113,29.605509],[107.708749,29.61044],[107.701593,29.615452]]]}},{"type":"Feature","properties":{"dt_adcode":"500231"},"geometry":{"type":"Polygon","coordinates":[[[107.453187,30.001426],[107.451498,30.008218],[107.459961,30.016227],[107.450398,30.023083],[107.446898,30.027658],[107.435622,30.033816],[107.430731,30.027005],[107.427452,30.024057],[107.424512,30.024312],[107.418248,30.015498],[107.401995,30.001225],[107.37492,29.973488],[107.362848,29.97984],[107.354479,29.981098],[107.348004,29.980501],[107.335576,29.973965],[107.325541,29.973002],[107.314167,29.983979],[107.311112,29.984683],[107.308041,29.991605],[107.2942,29.997903],[107.294026,30.001601],[107.297106,30.004313],[107.309834,30.005484],[107.311201,30.007153],[107.304545,30.016675],[107.311776,30.020788],[107.307861,30.035482],[107.305529,30.038388],[107.292871,30.044873],[107.286079,30.044287],[107.282514,30.042368],[107.276436,30.043618],[107.27994,30.047059],[107.279228,30.048744],[107.265599,30.055378],[107.264557,30.063161],[107.253056,30.068481],[107.247533,30.075291],[107.253212,30.07697],[107.259058,30.075896],[107.261977,30.080938],[107.269068,30.081134],[107.270276,30.084082],[107.268738,30.089674],[107.271163,30.094137],[107.285786,30.091149],[107.290866,30.09793],[107.286752,30.107907],[107.295555,30.122463],[107.292868,30.133304],[107.289859,30.13785],[107.28745,30.138338],[107.274086,30.135858],[107.271687,30.136648],[107.26908,30.143589],[107.26948,30.145983],[107.285782,30.166858],[107.288478,30.171315],[107.288391,30.175214],[107.277027,30.181099],[107.269465,30.188025],[107.264634,30.195074],[107.261376,30.194435],[107.259612,30.196418],[107.259664,30.201785],[107.254357,30.207724],[107.238192,30.218428],[107.231405,30.219897],[107.228325,30.223822],[107.233306,30.231934],[107.239421,30.237589],[107.256002,30.263782],[107.259418,30.271831],[107.259711,30.282386],[107.2738,30.307877],[107.277521,30.311244],[107.282826,30.327609],[107.286765,30.334813],[107.300614,30.351442],[107.323745,30.368796],[107.338681,30.386514],[107.342816,30.401681],[107.341381,30.41214],[107.345254,30.416566],[107.345533,30.425492],[107.350808,30.433095],[107.352383,30.441166],[107.360033,30.456265],[107.373847,30.473403],[107.374285,30.476434],[107.380126,30.481227],[107.381228,30.485314],[107.388837,30.490876],[107.392096,30.500739],[107.395546,30.502016],[107.40527,30.516366],[107.419556,30.511028],[107.425544,30.510822],[107.437482,30.501902],[107.446845,30.49766],[107.450562,30.491709],[107.452529,30.492539],[107.45596,30.491191],[107.454431,30.490209],[107.454824,30.488625],[107.461363,30.485179],[107.460679,30.481067],[107.465303,30.481983],[107.480772,30.478781],[107.489877,30.490586],[107.498227,30.495629],[107.509102,30.495345],[107.516249,30.489215],[107.522842,30.488645],[107.526858,30.489906],[107.529939,30.493056],[107.533462,30.500848],[107.544351,30.498863],[107.55276,30.503478],[107.555487,30.498545],[107.553417,30.490776],[107.555929,30.488887],[107.562218,30.48795],[107.567286,30.478871],[107.570527,30.477301],[107.593995,30.475166],[107.611262,30.480073],[107.612426,30.4784],[107.610228,30.473944],[107.611739,30.472115],[107.617594,30.47725],[107.62531,30.480701],[107.629299,30.485607],[107.634201,30.48578],[107.638574,30.48075],[107.634401,30.473123],[107.636948,30.470508],[107.648799,30.470951],[107.663838,30.469176],[107.670336,30.464504],[107.674137,30.457244],[107.667872,30.444163],[107.655859,30.430485],[107.657076,30.423217],[107.661791,30.420406],[107.659876,30.416355],[107.650366,30.406923],[107.640913,30.404198],[107.631272,30.398551],[107.62318,30.385007],[107.602031,30.367366],[107.600207,30.36169],[107.595069,30.357556],[107.594296,30.349767],[107.588387,30.343167],[107.583113,30.341782],[107.569527,30.326127],[107.569336,30.323377],[107.571381,30.321662],[107.597279,30.313224],[107.599579,30.308679],[107.597148,30.30168],[107.598206,30.295811],[107.593762,30.291101],[107.586007,30.291858],[107.581644,30.289849],[107.587125,30.275191],[107.586561,30.273253],[107.581175,30.272014],[107.573302,30.274775],[107.567174,30.267536],[107.56798,30.263759],[107.573405,30.256377],[107.574176,30.245268],[107.570821,30.243491],[107.56615,30.244572],[107.557789,30.243588],[107.553276,30.236424],[107.554289,30.229564],[107.550271,30.227381],[107.545803,30.227628],[107.544772,30.221052],[107.553569,30.213183],[107.548261,30.208647],[107.548234,30.197479],[107.561408,30.198351],[107.566806,30.200335],[107.569449,30.202679],[107.571486,30.208184],[107.567128,30.218395],[107.577304,30.221457],[107.582463,30.210815],[107.583971,30.210458],[107.582748,30.205999],[107.584882,30.202199],[107.583095,30.200317],[107.593114,30.20012],[107.604492,30.187379],[107.60121,30.182216],[107.597139,30.179172],[107.587343,30.175541],[107.58122,30.174958],[107.570721,30.167038],[107.563615,30.167487],[107.570547,30.158791],[107.570451,30.150143],[107.573181,30.142188],[107.568595,30.138345],[107.571169,30.135945],[107.577281,30.134922],[107.58322,30.131155],[107.582509,30.129663],[107.579612,30.129372],[107.579386,30.119579],[107.57122,30.122429],[107.5644,30.117609],[107.558881,30.115941],[107.55849,30.099106],[107.541248,30.091991],[107.528299,30.082895],[107.530229,30.078619],[107.539524,30.072416],[107.539316,30.064172],[107.529016,30.057862],[107.507719,30.0307],[107.491348,30.013293],[107.491304,30.004951],[107.485446,30.000956],[107.483126,29.996296],[107.484112,29.99278],[107.477621,29.99275],[107.475353,29.989464],[107.471345,29.989433],[107.471856,29.992193],[107.468541,29.9942],[107.466965,29.998616],[107.457951,29.9983],[107.453187,30.001426]]]}},{"type":"Feature","properties":{"dt_adcode":"500233"},"geometry":{"type":"Polygon","coordinates":[[[108.223632,30.421287],[108.214098,30.411095],[108.208376,30.408614],[108.186379,30.413858],[108.176014,30.411047],[108.152982,30.395009],[108.149352,30.387375],[108.142049,30.379811],[108.137594,30.367406],[108.133123,30.36264],[108.127081,30.360023],[108.106849,30.36089],[108.096461,30.358831],[108.090114,30.355601],[108.08466,30.350113],[108.084398,30.343091],[108.097024,30.344039],[108.110682,30.334786],[108.115434,30.329259],[108.127885,30.333475],[108.145753,30.334262],[108.153653,30.331206],[108.164573,30.323592],[108.158172,30.314909],[108.154188,30.312609],[108.154655,30.307968],[108.14718,30.302194],[108.147302,30.297118],[108.136146,30.297706],[108.131456,30.299641],[108.125649,30.299025],[108.125384,30.295205],[108.131695,30.289933],[108.128271,30.283281],[108.129025,30.281123],[108.142205,30.27366],[108.141485,30.265512],[108.126561,30.256638],[108.129646,30.243061],[108.125849,30.23586],[108.121956,30.237376],[108.121593,30.247334],[108.117371,30.251354],[108.10218,30.247061],[108.093692,30.253105],[108.091772,30.248666],[108.097015,30.237272],[108.106014,30.232244],[108.102708,30.226929],[108.10269,30.221842],[108.107106,30.219317],[108.11101,30.219627],[108.116804,30.222317],[108.1216,30.226902],[108.124868,30.227206],[108.127364,30.223681],[108.118971,30.212913],[108.121945,30.210267],[108.128958,30.211821],[108.129912,30.210268],[108.126565,30.203887],[108.122135,30.200318],[108.113915,30.20561],[108.107574,30.207446],[108.104927,30.201847],[108.093113,30.189357],[108.086834,30.179434],[108.080823,30.176848],[108.073403,30.17684],[108.07042,30.162525],[108.061482,30.157916],[108.066855,30.154881],[108.072436,30.156198],[108.075756,30.153916],[108.092006,30.130323],[108.092457,30.126022],[108.070562,30.09189],[108.055422,30.072048],[108.050681,30.068444],[108.037254,30.067604],[108.031962,30.069932],[108.031144,30.072315],[108.034975,30.084185],[108.029857,30.089328],[108.019757,30.076146],[108.01057,30.071354],[108.007347,30.057031],[108.004282,30.057755],[107.994589,30.050469],[107.987318,30.047928],[107.975914,30.053809],[107.967533,30.055608],[107.958092,30.060093],[107.949577,30.066074],[107.936919,30.068436],[107.924364,30.086493],[107.913667,30.098263],[107.912348,30.102322],[107.90872,30.105065],[107.906533,30.112558],[107.898205,30.120251],[107.895897,30.12008],[107.881112,30.103194],[107.875305,30.099669],[107.866952,30.104437],[107.865696,30.109246],[107.862205,30.11388],[107.85531,30.113477],[107.854704,30.116282],[107.84833,30.117365],[107.845628,30.119824],[107.843723,30.119539],[107.833365,30.109111],[107.818765,30.112049],[107.815413,30.115125],[107.812651,30.120887],[107.816497,30.129195],[107.819044,30.133932],[107.828769,30.141314],[107.831584,30.14683],[107.842089,30.15502],[107.845666,30.162956],[107.8386,30.168671],[107.826875,30.171045],[107.811954,30.178121],[107.8081,30.184582],[107.805328,30.184213],[107.799385,30.187148],[107.79371,30.18601],[107.790209,30.190172],[107.78298,30.190766],[107.777354,30.193864],[107.778056,30.197121],[107.763668,30.199539],[107.757482,30.210489],[107.758863,30.218046],[107.769135,30.224572],[107.768294,30.231264],[107.769908,30.236552],[107.764921,30.240183],[107.756218,30.240742],[107.746643,30.238169],[107.742066,30.225517],[107.736508,30.221358],[107.733459,30.221494],[107.728707,30.231334],[107.72544,30.231997],[107.71999,30.228732],[107.721493,30.218507],[107.706236,30.216025],[107.701402,30.219192],[107.701846,30.222932],[107.705341,30.224214],[107.709532,30.219487],[107.714687,30.221411],[107.711854,30.228438],[107.70615,30.228623],[107.705959,30.230876],[107.709994,30.236271],[107.70789,30.238412],[107.700751,30.234873],[107.691244,30.234898],[107.683563,30.226647],[107.678744,30.224186],[107.672402,30.223329],[107.668192,30.225611],[107.669819,30.228978],[107.66674,30.234754],[107.673125,30.238759],[107.675928,30.252804],[107.671796,30.256703],[107.665672,30.25734],[107.662567,30.261072],[107.659549,30.261429],[107.656382,30.259611],[107.656982,30.251427],[107.653659,30.243542],[107.651876,30.241626],[107.642823,30.239544],[107.642753,30.230398],[107.637458,30.226599],[107.634197,30.220811],[107.632884,30.21309],[107.626556,30.206562],[107.62149,30.204558],[107.618224,30.205222],[107.613681,30.209807],[107.610033,30.209129],[107.605734,30.198632],[107.601029,30.196819],[107.590607,30.200861],[107.583095,30.200317],[107.584882,30.202199],[107.582748,30.205999],[107.583971,30.210458],[107.582463,30.210815],[107.577304,30.221457],[107.567128,30.218395],[107.571486,30.208184],[107.569449,30.202679],[107.566806,30.200335],[107.550078,30.196794],[107.547775,30.197821],[107.548261,30.208647],[107.553569,30.213183],[107.551708,30.216103],[107.545923,30.219079],[107.544729,30.226002],[107.545803,30.227628],[107.553397,30.228214],[107.553276,30.236424],[107.558379,30.244047],[107.570821,30.243491],[107.573846,30.244696],[107.574818,30.249736],[107.573405,30.256377],[107.56798,30.263759],[107.567304,30.268222],[107.573302,30.274775],[107.581175,30.272014],[107.586561,30.273253],[107.587125,30.275191],[107.581644,30.289849],[107.586007,30.291858],[107.593762,30.291101],[107.598206,30.295811],[107.597148,30.30168],[107.599518,30.306131],[107.598962,30.31139],[107.593868,30.314792],[107.571381,30.321662],[107.569206,30.324063],[107.570437,30.32779],[107.583113,30.341782],[107.588387,30.343167],[107.594296,30.349767],[107.595069,30.357556],[107.600207,30.36169],[107.602031,30.367366],[107.62318,30.385007],[107.631272,30.398551],[107.640913,30.404198],[107.649705,30.406519],[107.659146,30.415494],[107.661791,30.420406],[107.679477,30.438593],[107.692804,30.458113],[107.706677,30.471391],[107.715728,30.482586],[107.720405,30.492566],[107.72668,30.497564],[107.744966,30.521542],[107.748874,30.520919],[107.757674,30.51404],[107.763419,30.514295],[107.765848,30.511943],[107.767912,30.513716],[107.768519,30.510588],[107.771936,30.508821],[107.77139,30.507198],[107.773775,30.508271],[107.777538,30.50614],[107.779211,30.501923],[107.776801,30.501237],[107.777815,30.497811],[107.776531,30.495741],[107.779722,30.496207],[107.789829,30.488328],[107.793269,30.488134],[107.796432,30.485033],[107.795227,30.481628],[107.79651,30.479221],[107.802262,30.476157],[107.806628,30.470591],[107.812657,30.469875],[107.813999,30.467186],[107.817438,30.471872],[107.81374,30.476453],[107.813108,30.481181],[107.810613,30.48241],[107.812753,30.485465],[107.812216,30.487897],[107.815187,30.491563],[107.813724,30.495698],[107.818409,30.497987],[107.819181,30.508542],[107.817787,30.516038],[107.814193,30.517766],[107.816774,30.518853],[107.814028,30.521643],[107.817016,30.523309],[107.816107,30.526452],[107.818316,30.526618],[107.818273,30.529459],[107.827834,30.540354],[107.82941,30.54684],[107.825523,30.55278],[107.831308,30.558535],[107.839093,30.55549],[107.849996,30.557976],[107.854595,30.554955],[107.861724,30.558955],[107.870369,30.547268],[107.885399,30.549544],[107.88969,30.548394],[107.891529,30.544364],[107.887106,30.540345],[107.887955,30.534776],[107.886481,30.533646],[107.888024,30.530078],[107.886264,30.522592],[107.888908,30.517637],[107.885466,30.511168],[107.89673,30.503262],[107.900885,30.50274],[107.902604,30.504641],[107.909008,30.503115],[107.916021,30.495313],[107.924845,30.494086],[107.930335,30.488532],[107.938235,30.485078],[107.939869,30.48591],[107.942043,30.498822],[107.9484,30.509424],[107.953706,30.514358],[107.95542,30.519515],[107.953637,30.522718],[107.959735,30.531777],[107.964974,30.530471],[107.972597,30.521897],[107.976445,30.5266],[107.984332,30.529711],[107.990237,30.538888],[107.998265,30.540453],[108.001392,30.542635],[108.003778,30.542182],[108.029614,30.561551],[108.032864,30.573094],[108.037719,30.5754],[108.04261,30.575757],[108.05286,30.572106],[108.062671,30.574445],[108.07093,30.581534],[108.076171,30.582218],[108.083356,30.579569],[108.084511,30.574605],[108.086491,30.572769],[108.095626,30.574787],[108.102292,30.57255],[108.103915,30.57425],[108.102145,30.577613],[108.103196,30.587564],[108.106875,30.592381],[108.111603,30.59345],[108.113815,30.58937],[108.119686,30.59058],[108.127176,30.586109],[108.126647,30.577975],[108.119728,30.576482],[108.124678,30.564888],[108.132401,30.56444],[108.139499,30.56808],[108.143597,30.566231],[108.149824,30.549606],[108.153072,30.545884],[108.152526,30.535941],[108.155748,30.536109],[108.165249,30.541267],[108.171388,30.539319],[108.17086,30.532895],[108.16562,30.524408],[108.16581,30.521827],[108.170452,30.518195],[108.173517,30.511117],[108.175552,30.51064],[108.184515,30.518164],[108.193521,30.515569],[108.207813,30.497657],[108.230492,30.476706],[108.231775,30.474187],[108.230722,30.464034],[108.232017,30.456348],[108.242111,30.444356],[108.225972,30.426946],[108.223632,30.421287]]]}},{"type":"Feature","properties":{"dt_adcode":"500235"},"geometry":{"type":"Polygon","coordinates":[[[108.911781,30.578064],[108.901319,30.589078],[108.894478,30.592373],[108.869631,30.611334],[108.873196,30.615255],[108.871704,30.618342],[108.876154,30.618881],[108.876492,30.623505],[108.879242,30.626103],[108.881819,30.625925],[108.882331,30.629029],[108.888379,30.630669],[108.887954,30.633366],[108.895983,30.63535],[108.894984,30.640389],[108.898856,30.641167],[108.901713,30.6468],[108.900507,30.65588],[108.902635,30.662171],[108.900606,30.664079],[108.899953,30.676421],[108.896307,30.684023],[108.893225,30.686252],[108.889658,30.686393],[108.88846,30.688576],[108.884538,30.687051],[108.883515,30.695795],[108.882074,30.696072],[108.877216,30.694937],[108.877008,30.692551],[108.873096,30.691948],[108.871474,30.689847],[108.863488,30.689371],[108.860757,30.686497],[108.854619,30.687304],[108.853605,30.684481],[108.849852,30.684192],[108.848794,30.681953],[108.837025,30.680112],[108.835907,30.678423],[108.829061,30.679029],[108.823333,30.691689],[108.820126,30.694018],[108.801169,30.689408],[108.78587,30.683501],[108.780116,30.683868],[108.778924,30.686217],[108.780573,30.690163],[108.779853,30.695724],[108.792586,30.706559],[108.79093,30.709002],[108.792439,30.712962],[108.789768,30.714277],[108.763426,30.713047],[108.764174,30.717751],[108.767142,30.722506],[108.762376,30.729368],[108.767628,30.733581],[108.768679,30.737753],[108.764669,30.742067],[108.754988,30.740041],[108.748639,30.748265],[108.740161,30.775524],[108.740578,30.777943],[108.746756,30.781502],[108.747286,30.78343],[108.740474,30.787935],[108.737911,30.798229],[108.738546,30.808042],[108.731707,30.814935],[108.719725,30.814869],[108.718065,30.819164],[108.715969,30.818731],[108.715159,30.815089],[108.704816,30.811825],[108.699972,30.811839],[108.697273,30.816956],[108.6985,30.822871],[108.685117,30.835957],[108.686414,30.84469],[108.675884,30.851361],[108.671646,30.852434],[108.665964,30.867955],[108.659151,30.872634],[108.659569,30.877736],[108.653026,30.891036],[108.63863,30.888209],[108.634238,30.884489],[108.636342,30.882761],[108.634977,30.880181],[108.627386,30.875341],[108.624796,30.876008],[108.621606,30.888564],[108.623189,30.89361],[108.622268,30.905399],[108.625302,30.909393],[108.623103,30.91151],[108.62339,30.913764],[108.628293,30.918785],[108.623764,30.924563],[108.619245,30.926991],[108.618863,30.934721],[108.610305,30.939131],[108.596619,30.923081],[108.588314,30.917294],[108.569997,30.912766],[108.555917,30.912612],[108.551907,30.916763],[108.545647,30.933266],[108.547604,30.940395],[108.54086,30.946543],[108.538064,30.957752],[108.529254,30.963877],[108.523612,30.973167],[108.523837,30.976461],[108.531254,30.978032],[108.533469,30.980503],[108.532596,30.988057],[108.53933,30.992643],[108.538352,30.995195],[108.530874,30.995662],[108.516657,30.99055],[108.511621,30.992845],[108.506638,30.992621],[108.501119,30.986514],[108.504103,30.977305],[108.496628,30.972829],[108.491125,30.973879],[108.487197,30.977286],[108.471829,30.971854],[108.465527,30.971937],[108.460531,30.967416],[108.456237,30.967959],[108.454747,30.970249],[108.45273,30.985057],[108.455606,30.994725],[108.453632,30.997914],[108.450696,30.999581],[108.444597,30.998667],[108.439069,31.002884],[108.432897,30.999511],[108.426516,30.998219],[108.414988,30.998899],[108.415778,31.003867],[108.417999,31.006057],[108.432144,31.012729],[108.437215,31.014034],[108.450289,31.013229],[108.473658,31.021789],[108.480011,31.037794],[108.479094,31.042101],[108.480634,31.047062],[108.476698,31.053366],[108.487774,31.058248],[108.486943,31.06314],[108.488198,31.064722],[108.496192,31.069021],[108.510718,31.073183],[108.512033,31.074819],[108.510961,31.077914],[108.5143,31.080045],[108.520028,31.080221],[108.530317,31.083831],[108.539933,31.082976],[108.535268,31.091721],[108.537917,31.095482],[108.558889,31.088925],[108.547545,31.106549],[108.549796,31.110038],[108.558536,31.112102],[108.562192,31.114606],[108.564584,31.126402],[108.562731,31.130455],[108.565469,31.13798],[108.569396,31.14142],[108.576946,31.142867],[108.584501,31.147007],[108.590314,31.15122],[108.5931,31.156008],[108.602589,31.161302],[108.598422,31.17094],[108.591652,31.173815],[108.585275,31.173847],[108.583592,31.17488],[108.583922,31.177737],[108.579628,31.176709],[108.577677,31.178932],[108.588728,31.186125],[108.590603,31.195328],[108.588816,31.202384],[108.591055,31.205367],[108.597418,31.232594],[108.618623,31.252228],[108.619214,31.257349],[108.621013,31.259092],[108.630453,31.256837],[108.636732,31.264773],[108.642133,31.26635],[108.643491,31.268712],[108.642969,31.277348],[108.63689,31.281889],[108.637256,31.284412],[108.654567,31.28917],[108.658709,31.293137],[108.658744,31.299626],[108.637319,31.323727],[108.635789,31.329909],[108.639016,31.337388],[108.644166,31.339486],[108.659034,31.340961],[108.683254,31.340844],[108.699301,31.344619],[108.70152,31.348984],[108.696813,31.358285],[108.696761,31.362436],[108.701921,31.365648],[108.704776,31.371141],[108.707864,31.370325],[108.708099,31.372407],[108.710804,31.373379],[108.707151,31.375449],[108.693473,31.377412],[108.691707,31.380984],[108.693665,31.385877],[108.698704,31.390288],[108.709519,31.394313],[108.729955,31.390771],[108.734962,31.39242],[108.736388,31.395731],[108.73179,31.40455],[108.740004,31.407657],[108.739839,31.415142],[108.742082,31.420075],[108.756884,31.429607],[108.759898,31.438584],[108.7792,31.435246],[108.801609,31.424543],[108.809168,31.422977],[108.809904,31.417401],[108.796266,31.403932],[108.795789,31.399834],[108.808082,31.3921],[108.816844,31.390218],[108.821845,31.386769],[108.826429,31.379859],[108.832209,31.376462],[108.830224,31.373201],[108.822164,31.371388],[108.824018,31.367128],[108.821955,31.358843],[108.823853,31.356406],[108.834191,31.354348],[108.834893,31.347865],[108.837077,31.346434],[108.865039,31.343698],[108.869886,31.339571],[108.884822,31.335753],[108.892043,31.338079],[108.893258,31.342353],[108.890412,31.354735],[108.89267,31.36544],[108.890674,31.368641],[108.884201,31.371225],[108.886387,31.372168],[108.886656,31.378376],[108.889903,31.383577],[108.900163,31.387546],[108.904844,31.38424],[108.912341,31.383709],[108.915825,31.384726],[108.917502,31.387764],[108.927221,31.386012],[108.936023,31.390974],[108.941121,31.38418],[108.954647,31.382911],[108.961013,31.385493],[108.965464,31.385433],[108.970097,31.380724],[108.982201,31.386068],[108.996346,31.379516],[109.020167,31.375798],[109.030206,31.369616],[109.051619,31.367129],[109.051609,31.358087],[109.055353,31.357036],[109.055658,31.355024],[109.051242,31.34598],[109.050371,31.338095],[109.054733,31.328223],[109.054654,31.323603],[109.04773,31.315549],[109.047294,31.310574],[109.042669,31.307969],[109.039785,31.297761],[109.033267,31.290058],[109.03582,31.28815],[109.040464,31.288774],[109.043129,31.285705],[109.043364,31.282887],[109.059395,31.278265],[109.067558,31.271245],[109.072491,31.255766],[109.071785,31.248857],[109.077794,31.242047],[109.080176,31.235553],[109.086062,31.229206],[109.088678,31.217126],[109.092582,31.21199],[109.092798,31.192391],[109.090206,31.190732],[109.07666,31.191526],[109.074285,31.189469],[109.071849,31.181823],[109.069021,31.179669],[109.061597,31.180714],[109.048363,31.18668],[109.046621,31.180842],[109.048588,31.164341],[109.054997,31.155544],[109.057538,31.141032],[109.05557,31.135211],[109.056188,31.132594],[109.060454,31.130755],[109.076525,31.130212],[109.085699,31.124711],[109.102064,31.120139],[109.099943,31.111714],[109.100942,31.104899],[109.093938,31.094384],[109.096962,31.088058],[109.096926,31.081593],[109.093432,31.062662],[109.095283,31.061007],[109.101286,31.061242],[109.111169,31.058266],[109.118583,31.058371],[109.126748,31.054623],[109.131581,31.054095],[109.143939,31.055742],[109.15359,31.064184],[109.165041,31.068042],[109.169721,31.066318],[109.183614,31.068272],[109.193451,31.064304],[109.198442,31.051676],[109.201225,31.049578],[109.216867,31.048037],[109.220058,31.052236],[109.22522,31.053822],[109.229314,31.046366],[109.236022,31.046593],[109.238243,31.045108],[109.242869,31.03469],[109.245326,31.031899],[109.249962,31.031507],[109.251013,31.029274],[109.238032,31.006452],[109.228313,30.9978],[109.223029,30.985858],[109.216246,30.980712],[109.211632,30.969349],[109.212256,30.967506],[109.217988,30.964331],[109.219887,30.955182],[109.219451,30.930025],[109.215869,30.921088],[109.213293,30.92105],[109.204666,30.925836],[109.201459,30.928425],[109.200861,30.932714],[109.195912,30.934723],[109.172771,30.938944],[109.157586,30.940624],[109.153217,30.939702],[109.150607,30.936249],[109.150971,30.926575],[109.153588,30.922046],[109.160947,30.916817],[109.162186,30.905756],[109.16066,30.904121],[109.155451,30.907614],[109.152512,30.907412],[109.144041,30.902147],[109.147014,30.893876],[109.149736,30.877306],[109.136252,30.878998],[109.135255,30.881268],[109.131282,30.880821],[109.130475,30.879752],[109.135245,30.86632],[109.115131,30.860962],[109.083056,30.858516],[109.082309,30.866743],[109.078892,30.869152],[109.065076,30.866736],[109.054595,30.860901],[109.052009,30.854523],[109.051913,30.849081],[109.047715,30.846234],[109.047837,30.844742],[109.052034,30.842222],[109.043115,30.830776],[109.050561,30.824786],[109.050465,30.821687],[109.046485,30.818627],[109.050796,30.81419],[109.045936,30.813586],[109.046485,30.811696],[109.044299,30.810414],[109.043828,30.806911],[109.044777,30.799131],[109.048069,30.796616],[109.046065,30.791166],[109.049888,30.787168],[109.048129,30.782288],[109.050036,30.779739],[109.048947,30.776341],[109.05499,30.772006],[109.056514,30.766803],[109.059699,30.764158],[109.059055,30.760008],[109.055956,30.756775],[109.055999,30.753683],[109.047465,30.74435],[109.046489,30.73884],[109.049815,30.733745],[109.048622,30.731265],[109.045374,30.729421],[109.043187,30.730288],[109.041105,30.727412],[109.035181,30.726362],[109.031164,30.723246],[109.028428,30.723588],[109.01858,30.718868],[109.019896,30.711525],[109.029917,30.710591],[109.030814,30.706614],[109.019459,30.697762],[109.018273,30.693241],[109.023145,30.688591],[109.024565,30.683159],[109.023597,30.679745],[109.017401,30.674369],[109.022167,30.670127],[109.02364,30.666],[109.01549,30.649956],[109.021743,30.642366],[109.014291,30.635157],[109.012739,30.629821],[109.009374,30.627124],[109.004182,30.627166],[108.998724,30.632277],[108.985915,30.622851],[108.981349,30.628778],[108.978003,30.629809],[108.972026,30.627513],[108.957541,30.615916],[108.943864,30.601839],[108.921859,30.589633],[108.911781,30.578064]]]}},{"type":"Feature","properties":{"dt_adcode":"500236"},"geometry":{"type":"Polygon","coordinates":[[[109.098819,30.57029],[109.092129,30.580077],[109.090151,30.588362],[109.083588,30.598262],[109.085649,30.604105],[109.093174,30.608991],[109.108185,30.611096],[109.11251,30.612699],[109.115027,30.615989],[109.117424,30.624279],[109.12172,30.628728],[109.122319,30.631648],[109.118822,30.639069],[109.113312,30.64533],[109.107185,30.645536],[109.1043,30.639868],[109.09856,30.638053],[109.096665,30.638733],[109.093239,30.64479],[109.087377,30.646712],[109.077999,30.642739],[109.076429,30.644186],[109.070774,30.64031],[109.068166,30.642526],[109.055798,30.642282],[109.049189,30.645559],[109.04571,30.653208],[109.042802,30.655317],[109.038171,30.649949],[109.027186,30.645984],[109.021743,30.642366],[109.015595,30.648873],[109.016423,30.65312],[109.02364,30.666],[109.022167,30.670127],[109.017401,30.674369],[109.023597,30.679745],[109.024565,30.683159],[109.023145,30.688591],[109.018308,30.692833],[109.018901,30.696727],[109.030814,30.706614],[109.029917,30.710591],[109.019896,30.711525],[109.01858,30.718868],[109.028428,30.723588],[109.031164,30.723246],[109.035181,30.726362],[109.041105,30.727412],[109.043187,30.730288],[109.045374,30.729421],[109.048622,30.731265],[109.049815,30.733745],[109.046489,30.73884],[109.047465,30.74435],[109.055999,30.753683],[109.055956,30.756775],[109.059055,30.760008],[109.05956,30.764614],[109.056514,30.766803],[109.055225,30.771659],[109.048947,30.776341],[109.050036,30.779739],[109.048129,30.782288],[109.049888,30.787168],[109.046065,30.791166],[109.048069,30.796616],[109.04449,30.80074],[109.044299,30.810414],[109.046485,30.811696],[109.045936,30.813586],[109.050796,30.81419],[109.046485,30.818627],[109.050465,30.821687],[109.050561,30.824786],[109.043115,30.830776],[109.052034,30.842222],[109.047837,30.844742],[109.047715,30.846234],[109.051913,30.849081],[109.052009,30.854523],[109.054595,30.860901],[109.065076,30.866736],[109.080431,30.868715],[109.082309,30.866743],[109.082552,30.858829],[109.085134,30.858112],[109.115131,30.860962],[109.135245,30.86632],[109.130475,30.879752],[109.131282,30.880821],[109.135255,30.881268],[109.136252,30.878998],[109.149736,30.877306],[109.147014,30.893876],[109.144041,30.902147],[109.152512,30.907412],[109.155451,30.907614],[109.16066,30.904121],[109.162186,30.905756],[109.160947,30.916817],[109.153588,30.922046],[109.150971,30.926575],[109.150607,30.936249],[109.153217,30.939702],[109.157586,30.940624],[109.172771,30.938944],[109.195912,30.934723],[109.200861,30.932714],[109.201459,30.928425],[109.204666,30.925836],[109.213293,30.92105],[109.215869,30.921088],[109.219451,30.930025],[109.219887,30.955182],[109.217988,30.964331],[109.212256,30.967506],[109.211632,30.969349],[109.216246,30.980712],[109.223029,30.985858],[109.228313,30.9978],[109.238032,31.006452],[109.251013,31.029274],[109.249962,31.031507],[109.245326,31.031899],[109.242869,31.03469],[109.238243,31.045108],[109.236022,31.046593],[109.229314,31.046366],[109.22522,31.053822],[109.220058,31.052236],[109.216867,31.048037],[109.201225,31.049578],[109.198442,31.051676],[109.193451,31.064304],[109.183614,31.068272],[109.169721,31.066318],[109.165041,31.068042],[109.15359,31.064184],[109.143939,31.055742],[109.131581,31.054095],[109.126748,31.054623],[109.118583,31.058371],[109.111169,31.058266],[109.101286,31.061242],[109.095283,31.061007],[109.093432,31.062662],[109.096926,31.081593],[109.096962,31.088058],[109.093938,31.094384],[109.100942,31.104899],[109.099943,31.111714],[109.102064,31.120139],[109.085699,31.124711],[109.076525,31.130212],[109.060454,31.130755],[109.056188,31.132594],[109.05557,31.135211],[109.057538,31.141032],[109.054997,31.155544],[109.048588,31.164341],[109.046621,31.180842],[109.048363,31.18668],[109.061597,31.180714],[109.069021,31.179669],[109.071849,31.181823],[109.074285,31.189469],[109.07666,31.191526],[109.090206,31.190732],[109.092798,31.192391],[109.092582,31.21199],[109.088678,31.217126],[109.086062,31.229206],[109.080176,31.235553],[109.077794,31.242047],[109.071785,31.248857],[109.072491,31.255766],[109.067558,31.271245],[109.059395,31.278265],[109.043364,31.282887],[109.043129,31.285705],[109.040464,31.288774],[109.03582,31.28815],[109.033267,31.290058],[109.039785,31.297761],[109.042669,31.307969],[109.047294,31.310574],[109.04773,31.315549],[109.054654,31.323603],[109.054733,31.328223],[109.050371,31.338095],[109.051242,31.34598],[109.055658,31.355024],[109.055353,31.357036],[109.051609,31.358087],[109.051619,31.367129],[109.056738,31.364417],[109.065721,31.364683],[109.079867,31.37017],[109.104841,31.364039],[109.121415,31.370972],[109.138124,31.366275],[109.147593,31.367614],[109.153375,31.364415],[109.171924,31.36331],[109.181033,31.360917],[109.200145,31.362116],[109.210852,31.358174],[109.224095,31.362198],[109.233569,31.356742],[109.244975,31.362491],[109.266272,31.359869],[109.271574,31.357547],[109.272599,31.355657],[109.276441,31.356489],[109.281188,31.353663],[109.288702,31.352008],[109.294851,31.353158],[109.311722,31.34847],[109.314011,31.349422],[109.322409,31.347807],[109.324072,31.344999],[109.326394,31.324076],[109.334401,31.306932],[109.345254,31.299808],[109.354218,31.297938],[109.355862,31.295592],[109.355418,31.29241],[109.350336,31.291349],[109.353129,31.287118],[109.377088,31.285241],[109.377409,31.274714],[109.386659,31.26972],[109.39044,31.262311],[109.389214,31.257681],[109.390231,31.251835],[109.387857,31.248638],[109.393845,31.242886],[109.406903,31.24217],[109.416991,31.245539],[109.433129,31.239179],[109.43573,31.231972],[109.437152,31.231482],[109.449062,31.237431],[109.450769,31.246524],[109.462706,31.2507],[109.482826,31.251404],[109.494137,31.24917],[109.49707,31.24481],[109.512489,31.243207],[109.51853,31.250347],[109.530429,31.253911],[109.535969,31.254304],[109.541874,31.251521],[109.555279,31.251643],[109.558112,31.250148],[109.561906,31.243979],[109.569325,31.244473],[109.573719,31.24097],[109.579467,31.228588],[109.585191,31.223837],[109.588219,31.223404],[109.601437,31.227302],[109.610737,31.226808],[109.616688,31.229677],[109.623136,31.228867],[109.629541,31.225699],[109.632566,31.219113],[109.622691,31.205369],[109.624036,31.190623],[109.630321,31.189149],[109.645093,31.177897],[109.65039,31.17796],[109.662222,31.184807],[109.668625,31.185486],[109.692498,31.172573],[109.703667,31.169899],[109.715243,31.17188],[109.727213,31.171553],[109.742792,31.178187],[109.762838,31.17397],[109.771141,31.15986],[109.768668,31.152642],[109.769535,31.143761],[109.758331,31.131165],[109.764517,31.112885],[109.759631,31.111801],[109.753416,31.113401],[109.749535,31.110413],[109.744462,31.100636],[109.737982,31.099046],[109.731396,31.094077],[109.727285,31.094724],[109.724486,31.090123],[109.721077,31.074352],[109.68515,31.053521],[109.679343,31.052855],[109.662741,31.04234],[109.658121,31.042063],[109.643716,31.033933],[109.605823,31.017669],[109.598651,31.01147],[109.603938,31.007239],[109.61356,30.994092],[109.610762,30.985488],[109.60081,30.977148],[109.600332,30.969266],[109.602016,30.962832],[109.596876,30.952217],[109.601676,30.942473],[109.598116,30.934509],[109.601519,30.931225],[109.603089,30.922351],[109.611018,30.914704],[109.612989,30.909874],[109.612771,30.903905],[109.603644,30.903818],[109.596169,30.905682],[109.594902,30.905408],[109.594572,30.902034],[109.574188,30.90098],[109.561368,30.893682],[109.565198,30.89023],[109.569522,30.873694],[109.58565,30.871368],[109.588834,30.865888],[109.592079,30.864885],[109.603719,30.865462],[109.609337,30.861829],[109.612473,30.863031],[109.615044,30.861957],[109.614131,30.854578],[109.615278,30.848241],[109.608085,30.846214],[109.607225,30.838234],[109.611046,30.833868],[109.628658,30.820996],[109.636526,30.821939],[109.642116,30.807642],[109.646438,30.803929],[109.646212,30.79834],[109.644402,30.796917],[109.644237,30.794111],[109.650264,30.785075],[109.649741,30.778764],[109.656073,30.769558],[109.659135,30.761988],[109.656681,30.759497],[109.660995,30.739056],[109.658071,30.731573],[109.64905,30.718932],[109.629249,30.704888],[109.625424,30.70267],[109.602248,30.698831],[109.590651,30.693415],[109.581628,30.670831],[109.583866,30.668167],[109.587448,30.667027],[109.588003,30.664681],[109.577083,30.655306],[109.577854,30.652484],[109.576189,30.648461],[109.57168,30.646061],[109.562866,30.646737],[109.53878,30.638423],[109.534105,30.639234],[109.533699,30.641575],[109.541404,30.651657],[109.540686,30.658682],[109.537907,30.663985],[109.528728,30.663911],[109.519444,30.656516],[109.514685,30.655404],[109.493329,30.637184],[109.484631,30.623999],[109.459878,30.616801],[109.449342,30.603729],[109.436921,30.597314],[109.426017,30.571995],[109.418111,30.559997],[109.393809,30.531128],[109.380831,30.518299],[109.365165,30.496125],[109.353679,30.486974],[109.342836,30.494728],[109.340409,30.504601],[109.341584,30.512731],[109.337164,30.520845],[109.345294,30.533482],[109.361046,30.550987],[109.361168,30.554721],[109.344261,30.577144],[109.324044,30.592966],[109.315706,30.597062],[109.315263,30.600952],[109.323287,30.604154],[109.328162,30.616073],[109.326256,30.617667],[109.322879,30.616968],[109.313592,30.610178],[109.302447,30.624134],[109.302891,30.630956],[109.299515,30.630582],[109.278823,30.610161],[109.257096,30.596553],[109.251156,30.592901],[109.231772,30.588304],[109.226627,30.583796],[109.227867,30.580887],[109.245077,30.584977],[109.247708,30.583219],[109.245042,30.581104],[109.222809,30.569617],[109.192125,30.545628],[109.188455,30.547779],[109.182803,30.546254],[109.168973,30.54599],[109.16385,30.537144],[109.15063,30.527405],[109.148679,30.522913],[109.145454,30.520984],[109.143711,30.521088],[109.141162,30.525082],[109.140556,30.534072],[109.137502,30.534347],[109.130728,30.530706],[109.124395,30.531694],[109.124829,30.538924],[109.113478,30.548651],[109.1045,30.565094],[109.098819,30.57029]],[[109.098655,30.578657],[109.10536,30.571059],[109.108547,30.570657],[109.100566,30.580596],[109.099063,30.580744],[109.098655,30.578657]],[[109.104554,30.585654],[109.102451,30.580511],[109.109616,30.575841],[109.109772,30.581292],[109.104554,30.585654]]]}},{"type":"Feature","properties":{"dt_adcode":"500237"},"geometry":{"type":"Polygon","coordinates":[[[110.115355,30.84487],[110.10214,30.832658],[110.095708,30.829711],[110.094644,30.825961],[110.095864,30.821563],[110.089534,30.816074],[110.089416,30.810709],[110.086535,30.808988],[110.082293,30.799592],[110.074949,30.802324],[110.06968,30.800148],[110.050516,30.800184],[110.043031,30.805249],[110.04344,30.811508],[110.038966,30.815453],[110.039184,30.820506],[110.031974,30.820463],[110.026506,30.825952],[110.019617,30.829584],[110.01859,30.839008],[110.01974,30.846315],[110.017959,30.855317],[110.015848,30.856005],[110.013219,30.861073],[110.008214,30.864751],[110.005109,30.869931],[110.008245,30.881882],[110.007436,30.884291],[110.002575,30.885203],[109.997296,30.883524],[109.995058,30.887841],[109.981784,30.886406],[109.97595,30.888668],[109.96357,30.882417],[109.958382,30.877459],[109.945368,30.878098],[109.943689,30.878986],[109.940899,30.889688],[109.9323,30.887671],[109.926165,30.892109],[109.912934,30.894402],[109.905651,30.89979],[109.894535,30.899789],[109.878222,30.889173],[109.856097,30.880263],[109.828879,30.864416],[109.822392,30.862746],[109.819403,30.860208],[109.797639,30.855626],[109.780769,30.848589],[109.759079,30.832811],[109.729627,30.815389],[109.7197,30.806654],[109.716578,30.801691],[109.717456,30.794592],[109.715664,30.790229],[109.72075,30.78388],[109.718107,30.778677],[109.709568,30.776239],[109.701357,30.770479],[109.701305,30.774665],[109.704359,30.78123],[109.702097,30.783658],[109.692172,30.778912],[109.685393,30.768664],[109.659135,30.761988],[109.656073,30.769558],[109.649741,30.778764],[109.650264,30.785075],[109.644237,30.794111],[109.647064,30.802534],[109.642116,30.807642],[109.636526,30.821939],[109.628658,30.820996],[109.611046,30.833868],[109.607225,30.838234],[109.608085,30.846214],[109.615278,30.848241],[109.614131,30.854578],[109.615044,30.861957],[109.612473,30.863031],[109.609337,30.861829],[109.603719,30.865462],[109.592079,30.864885],[109.588834,30.865888],[109.58565,30.871368],[109.569522,30.873694],[109.565198,30.89023],[109.561368,30.893682],[109.574188,30.90098],[109.594572,30.902034],[109.594902,30.905408],[109.596169,30.905682],[109.603644,30.903818],[109.612771,30.903905],[109.612989,30.909874],[109.611018,30.914704],[109.603089,30.922351],[109.601519,30.931225],[109.598116,30.934509],[109.601676,30.942473],[109.596876,30.952217],[109.602016,30.962832],[109.600332,30.969266],[109.60081,30.977148],[109.610762,30.985488],[109.61356,30.994092],[109.603938,31.007239],[109.598651,31.01147],[109.605823,31.017669],[109.643716,31.033933],[109.658121,31.042063],[109.662741,31.04234],[109.679343,31.052855],[109.68515,31.053521],[109.721077,31.074352],[109.724486,31.090123],[109.727285,31.094724],[109.731396,31.094077],[109.737982,31.099046],[109.744462,31.100636],[109.749535,31.110413],[109.753416,31.113401],[109.759631,31.111801],[109.764838,31.113235],[109.758331,31.131165],[109.769535,31.143761],[109.768668,31.152642],[109.771141,31.15986],[109.762838,31.17397],[109.744668,31.178149],[109.738067,31.176981],[109.727213,31.171553],[109.715243,31.17188],[109.703667,31.169899],[109.692498,31.172573],[109.668625,31.185486],[109.662222,31.184807],[109.65039,31.17796],[109.645093,31.177897],[109.630321,31.189149],[109.624036,31.190623],[109.622691,31.205369],[109.632566,31.219113],[109.629541,31.225699],[109.623136,31.228867],[109.616688,31.229677],[109.610737,31.226808],[109.601437,31.227302],[109.588219,31.223404],[109.585191,31.223837],[109.581583,31.225737],[109.573719,31.24097],[109.569325,31.244473],[109.57235,31.249109],[109.58738,31.260952],[109.602846,31.262671],[109.603419,31.264518],[109.599547,31.265139],[109.597777,31.268438],[109.60699,31.285076],[109.611776,31.286897],[109.613765,31.286184],[109.612011,31.294196],[109.616798,31.29587],[109.626878,31.295952],[109.628026,31.299724],[109.638929,31.30394],[109.639181,31.307833],[109.641825,31.310889],[109.644364,31.310626],[109.650844,31.305485],[109.654167,31.300434],[109.661927,31.302222],[109.660604,31.296802],[109.662457,31.294481],[109.672889,31.296541],[109.690691,31.296573],[109.698669,31.302155],[109.710019,31.298915],[109.714454,31.299267],[109.714367,31.310278],[109.711438,31.319608],[109.71263,31.326034],[109.717012,31.330703],[109.715022,31.338642],[109.720996,31.349738],[109.729992,31.356182],[109.735849,31.353721],[109.749903,31.353638],[109.759538,31.347784],[109.764928,31.346795],[109.775052,31.354166],[109.775886,31.361958],[109.785641,31.361081],[109.785814,31.364465],[109.789404,31.367355],[109.789214,31.377868],[109.795394,31.377185],[109.805325,31.378911],[109.814899,31.381969],[109.82137,31.38764],[109.837256,31.387151],[109.853488,31.382193],[109.885773,31.391402],[109.916711,31.392411],[109.922817,31.394662],[109.935009,31.414395],[109.937791,31.424885],[109.940557,31.42786],[109.93781,31.44083],[109.941845,31.448449],[109.938037,31.458742],[109.942926,31.475324],[109.945995,31.469466],[109.951049,31.468086],[109.958263,31.46943],[109.967898,31.474306],[109.982744,31.475404],[109.99256,31.472014],[110.0014,31.462638],[110.003638,31.453641],[110.008568,31.448388],[110.020667,31.44209],[110.035541,31.438439],[110.036908,31.434495],[110.034461,31.430816],[110.049825,31.418372],[110.055681,31.410091],[110.070633,31.408537],[110.081821,31.410283],[110.08977,31.408656],[110.100079,31.411269],[110.107353,31.408135],[110.114503,31.412103],[110.116924,31.411643],[110.118476,31.409654],[110.117617,31.405139],[110.118883,31.400637],[110.123445,31.395428],[110.141304,31.390023],[110.144414,31.386927],[110.145315,31.381316],[110.140678,31.372681],[110.140036,31.368314],[110.143485,31.360471],[110.149438,31.355154],[110.147331,31.347811],[110.148128,31.345339],[110.157987,31.333507],[110.158377,31.329774],[110.152901,31.322615],[110.151757,31.317889],[110.161529,31.314273],[110.162602,31.304697],[110.163979,31.303224],[110.162237,31.290986],[110.156649,31.285833],[110.156034,31.28246],[110.15709,31.273134],[110.162304,31.259768],[110.160112,31.256674],[110.162451,31.251935],[110.17184,31.250376],[110.174837,31.243666],[110.172672,31.231795],[110.169614,31.227936],[110.171259,31.225454],[110.171207,31.219453],[110.177556,31.210802],[110.176524,31.198055],[110.18081,31.177941],[110.184603,31.171039],[110.197744,31.162938],[110.199858,31.158642],[110.186871,31.14532],[110.186558,31.137348],[110.188888,31.133926],[110.189416,31.129463],[110.185474,31.125627],[110.180242,31.121657],[110.169873,31.119831],[110.162519,31.116056],[110.155008,31.118648],[110.146924,31.116894],[110.14584,31.108162],[110.135448,31.106268],[110.129916,31.096271],[110.122138,31.094185],[110.120163,31.089471],[110.123039,31.084501],[110.120805,31.081383],[110.122139,31.072893],[110.124606,31.069281],[110.127564,31.068804],[110.125356,31.064859],[110.131639,31.064996],[110.133372,31.061348],[110.132323,31.058711],[110.126627,31.054665],[110.124901,31.04964],[110.125238,31.041317],[110.120919,31.038209],[110.120832,31.031983],[110.12985,31.032036],[110.140469,31.029587],[110.137288,31.02598],[110.141309,31.0195],[110.14097,31.00503],[110.137294,30.999769],[110.13784,30.991248],[110.136062,30.986769],[110.163563,30.991629],[110.172034,30.986991],[110.173217,30.979618],[110.168042,30.973371],[110.163039,30.971003],[110.161683,30.967899],[110.163777,30.961358],[110.153125,30.951972],[110.152801,30.946954],[110.150658,30.943983],[110.150767,30.938353],[110.145167,30.925806],[110.145619,30.922139],[110.149384,30.917991],[110.151714,30.911524],[110.145331,30.898835],[110.137497,30.88956],[110.124092,30.868149],[110.120016,30.854709],[110.114348,30.849028],[110.115355,30.84487]]]}},{"type":"Feature","properties":{"dt_adcode":"500238"},"geometry":{"type":"Polygon","coordinates":[[[109.579393,31.728847],[109.600746,31.719079],[109.606163,31.714697],[109.617029,31.711581],[109.622226,31.71189],[109.628971,31.715957],[109.644909,31.720872],[109.649615,31.720856],[109.663142,31.716373],[109.684868,31.719548],[109.693186,31.716892],[109.696021,31.707076],[109.705537,31.70615],[109.70952,31.701113],[109.733087,31.699551],[109.734243,31.696533],[109.727846,31.688073],[109.731062,31.685156],[109.731886,31.673167],[109.740617,31.663625],[109.742536,31.658427],[109.739982,31.651393],[109.740424,31.635176],[109.7374,31.628666],[109.742447,31.62527],[109.753066,31.61184],[109.76356,31.607164],[109.764774,31.603937],[109.756807,31.600829],[109.749436,31.60034],[109.74558,31.598099],[109.744745,31.58416],[109.747663,31.58051],[109.747298,31.578681],[109.735841,31.575363],[109.727498,31.570744],[109.724768,31.563479],[109.718891,31.556983],[109.7278,31.548319],[109.740208,31.54621],[109.747956,31.547744],[109.759025,31.546896],[109.765438,31.549657],[109.774756,31.54858],[109.788586,31.550444],[109.791837,31.548876],[109.796568,31.541926],[109.800009,31.541088],[109.82205,31.553738],[109.837996,31.555267],[109.848884,31.551816],[109.860197,31.543543],[109.86634,31.531371],[109.878205,31.528855],[109.894612,31.519168],[109.923843,31.521484],[109.92935,31.520415],[109.933522,31.518935],[109.938459,31.511764],[109.947434,31.506252],[109.967239,31.508198],[109.976478,31.513196],[109.981824,31.513396],[109.973107,31.505309],[109.961311,31.499287],[109.959909,31.493871],[109.957229,31.49077],[109.949285,31.488612],[109.941013,31.481301],[109.940552,31.478721],[109.942926,31.475324],[109.937994,31.457781],[109.941845,31.448449],[109.93781,31.44083],[109.940557,31.42786],[109.937791,31.424885],[109.935009,31.414395],[109.922817,31.394662],[109.916711,31.392411],[109.885773,31.391402],[109.853488,31.382193],[109.837256,31.387151],[109.82137,31.38764],[109.814899,31.381969],[109.805325,31.378911],[109.795394,31.377185],[109.789214,31.377868],[109.789404,31.367355],[109.785814,31.364465],[109.785641,31.361081],[109.775886,31.361958],[109.775052,31.354166],[109.764928,31.346795],[109.759538,31.347784],[109.749903,31.353638],[109.735849,31.353721],[109.729992,31.356182],[109.720996,31.349738],[109.715022,31.338642],[109.717012,31.330703],[109.71263,31.326034],[109.711438,31.319608],[109.714367,31.310278],[109.714454,31.299267],[109.710019,31.298915],[109.698669,31.302155],[109.690691,31.296573],[109.672889,31.296541],[109.662457,31.294481],[109.660604,31.296802],[109.661927,31.302222],[109.654167,31.300434],[109.650844,31.305485],[109.644364,31.310626],[109.641825,31.310889],[109.639181,31.307833],[109.638929,31.30394],[109.628026,31.299724],[109.626878,31.295952],[109.616798,31.29587],[109.612011,31.294196],[109.613765,31.286184],[109.611776,31.286897],[109.60699,31.285076],[109.597777,31.268438],[109.599547,31.265139],[109.603419,31.264518],[109.603011,31.262819],[109.58738,31.260952],[109.57235,31.249109],[109.569325,31.244473],[109.561906,31.243979],[109.558112,31.250148],[109.555279,31.251643],[109.541874,31.251521],[109.535969,31.254304],[109.51853,31.250347],[109.512489,31.243207],[109.49707,31.24481],[109.494137,31.24917],[109.482826,31.251404],[109.465503,31.251011],[109.450769,31.246524],[109.449062,31.237431],[109.437152,31.231482],[109.43573,31.231972],[109.433129,31.239179],[109.417946,31.245284],[109.404385,31.242029],[109.395758,31.242298],[109.391273,31.244637],[109.387857,31.248638],[109.390231,31.251835],[109.389214,31.257681],[109.39044,31.262311],[109.386659,31.26972],[109.377409,31.274714],[109.377088,31.285241],[109.353129,31.287118],[109.350336,31.291349],[109.355418,31.29241],[109.355862,31.295592],[109.354218,31.297938],[109.345254,31.299808],[109.334401,31.306932],[109.326394,31.324076],[109.323176,31.34732],[109.314011,31.349422],[109.311722,31.34847],[109.294851,31.353158],[109.288702,31.352008],[109.281188,31.353663],[109.276441,31.356489],[109.272599,31.355657],[109.268149,31.359278],[109.262058,31.360708],[109.243134,31.362517],[109.233569,31.356742],[109.224095,31.362198],[109.210852,31.358174],[109.200145,31.362116],[109.181033,31.360917],[109.171924,31.36331],[109.153375,31.364415],[109.147593,31.367614],[109.138124,31.366275],[109.121415,31.370972],[109.104841,31.364039],[109.079867,31.37017],[109.066556,31.364904],[109.057983,31.364209],[109.051619,31.367129],[109.030206,31.369616],[109.020167,31.375798],[108.996346,31.379516],[108.982201,31.386068],[108.971474,31.380816],[108.969,31.381138],[108.966875,31.384966],[108.96245,31.385721],[108.954647,31.382911],[108.946412,31.382929],[108.940529,31.384494],[108.936023,31.390974],[108.927221,31.386012],[108.917502,31.387764],[108.915434,31.384485],[108.908136,31.383569],[108.900163,31.387546],[108.889903,31.383577],[108.886656,31.378376],[108.886387,31.372168],[108.884201,31.371225],[108.890674,31.368641],[108.892809,31.364631],[108.890412,31.354735],[108.893128,31.339911],[108.890046,31.33703],[108.884822,31.335753],[108.869886,31.339571],[108.865039,31.343698],[108.835794,31.346782],[108.834191,31.354348],[108.823853,31.356406],[108.821955,31.358843],[108.824018,31.367128],[108.822164,31.371388],[108.830224,31.373201],[108.832209,31.376462],[108.826429,31.379859],[108.821845,31.386769],[108.816844,31.390218],[108.808082,31.3921],[108.795789,31.399834],[108.796266,31.403932],[108.809904,31.417401],[108.809168,31.422977],[108.801609,31.424543],[108.7792,31.435246],[108.759898,31.438584],[108.752282,31.443744],[108.740059,31.441845],[108.733524,31.451439],[108.703356,31.46306],[108.705105,31.468502],[108.696648,31.477806],[108.696666,31.482206],[108.699799,31.490489],[108.69457,31.499349],[108.696146,31.501934],[108.702915,31.504138],[108.712797,31.501249],[108.72173,31.503253],[108.730503,31.499679],[108.748031,31.505219],[108.761066,31.503906],[108.763862,31.505498],[108.766892,31.513603],[108.769489,31.529845],[108.777109,31.543622],[108.784387,31.546311],[108.786053,31.548876],[108.794032,31.551382],[108.802894,31.575904],[108.82029,31.574581],[108.824156,31.57889],[108.837077,31.574232],[108.840682,31.574271],[108.844218,31.576788],[108.854836,31.579899],[108.865144,31.592815],[108.881346,31.604843],[108.883949,31.605381],[108.887194,31.603241],[108.894867,31.606025],[108.896551,31.60947],[108.89584,31.614598],[108.892446,31.618409],[108.888653,31.619783],[108.88756,31.624395],[108.892985,31.631039],[108.892161,31.64118],[108.896571,31.647174],[108.895243,31.651657],[108.901061,31.656141],[108.901278,31.660286],[108.914464,31.660727],[108.916184,31.654526],[108.918105,31.652947],[108.937592,31.652974],[108.944805,31.654663],[108.949967,31.660853],[108.955592,31.662942],[108.952727,31.657299],[108.95553,31.654601],[108.983729,31.652586],[108.994876,31.653565],[109.000813,31.657741],[109.000265,31.669696],[109.00777,31.674084],[109.003151,31.678883],[109.000815,31.68674],[109.004459,31.690551],[109.030336,31.691812],[109.041297,31.690883],[109.045331,31.694984],[109.052011,31.696494],[109.054441,31.700683],[109.059638,31.701997],[109.06218,31.705187],[109.074545,31.700903],[109.086754,31.698684],[109.09287,31.699497],[109.094964,31.69705],[109.097936,31.696637],[109.105849,31.70025],[109.121823,31.699825],[109.130769,31.705165],[109.136581,31.706241],[109.149726,31.702731],[109.151859,31.697374],[109.155499,31.696285],[109.157303,31.693799],[109.161984,31.698841],[109.166976,31.70019],[109.185661,31.694637],[109.192872,31.696822],[109.195646,31.694638],[109.209179,31.694119],[109.211997,31.69193],[109.224243,31.688634],[109.225535,31.686808],[109.228129,31.68963],[109.228641,31.693219],[109.222474,31.701731],[109.227316,31.715633],[109.225165,31.724936],[109.226761,31.726108],[109.229763,31.723692],[109.244916,31.719134],[109.259558,31.718413],[109.266717,31.714909],[109.284556,31.71724],[109.295863,31.711873],[109.302023,31.710665],[109.334346,31.708388],[109.361238,31.708632],[109.384287,31.705059],[109.39025,31.705236],[109.395751,31.707806],[109.413487,31.708698],[109.415848,31.710603],[109.417108,31.717821],[109.420258,31.720638],[109.425889,31.718769],[109.432872,31.721287],[109.440207,31.720462],[109.443666,31.72257],[109.454126,31.722755],[109.457019,31.721558],[109.459712,31.71519],[109.472709,31.714653],[109.475012,31.715674],[109.475428,31.719264],[109.477142,31.720199],[109.491007,31.72098],[109.503571,31.716524],[109.507171,31.719133],[109.525905,31.723836],[109.531297,31.723094],[109.553419,31.730646],[109.56794,31.726132],[109.579393,31.728847]]]}},{"type":"Feature","properties":{"dt_adcode":"500240"},"geometry":{"type":"Polygon","coordinates":[[[108.223632,30.421287],[108.232942,30.415885],[108.237165,30.408989],[108.24888,30.407933],[108.252073,30.406337],[108.261494,30.388588],[108.276901,30.407079],[108.296524,30.401121],[108.299895,30.409358],[108.307686,30.416346],[108.311931,30.423295],[108.316679,30.426243],[108.317428,30.433945],[108.33319,30.45035],[108.334869,30.460073],[108.338837,30.470355],[108.344647,30.477004],[108.35065,30.490675],[108.378728,30.53487],[108.383334,30.538053],[108.389981,30.535979],[108.394593,30.536744],[108.402704,30.547134],[108.40609,30.548233],[108.410404,30.543248],[108.41069,30.53542],[108.409726,30.532742],[108.403988,30.530866],[108.400663,30.527709],[108.399273,30.52501],[108.401252,30.517743],[108.404404,30.515673],[108.411322,30.517025],[108.413005,30.51171],[108.411443,30.507742],[108.412345,30.503064],[108.418948,30.508464],[108.427795,30.512561],[108.429581,30.511925],[108.424239,30.504732],[108.421012,30.497195],[108.424063,30.488946],[108.417817,30.483867],[108.417855,30.481264],[108.414243,30.476427],[108.416194,30.473186],[108.415996,30.468592],[108.421019,30.465854],[108.419821,30.458928],[108.422501,30.450329],[108.414971,30.445001],[108.411569,30.438458],[108.413131,30.434818],[108.422335,30.428412],[108.430469,30.415609],[108.421944,30.411451],[108.422709,30.402338],[108.42532,30.39905],[108.424591,30.39614],[108.418372,30.393457],[108.403749,30.392513],[108.399563,30.390179],[108.402046,30.383933],[108.401759,30.375761],[108.403574,30.374706],[108.405709,30.375666],[108.415602,30.368573],[108.42347,30.365478],[108.432712,30.354111],[108.452607,30.355914],[108.46048,30.359562],[108.46545,30.350741],[108.469225,30.347187],[108.469077,30.343817],[108.482753,30.336028],[108.484922,30.331969],[108.494339,30.324456],[108.498324,30.316412],[108.509693,30.313165],[108.51547,30.315094],[108.523754,30.309345],[108.523569,30.307524],[108.526623,30.304575],[108.523991,30.302109],[108.526571,30.299803],[108.523785,30.297596],[108.52463,30.294923],[108.529491,30.295044],[108.533907,30.291595],[108.533308,30.288615],[108.536682,30.279798],[108.538438,30.278364],[108.542153,30.278914],[108.54619,30.276286],[108.545849,30.269154],[108.551995,30.264328],[108.562049,30.262886],[108.565983,30.255205],[108.580245,30.256235],[108.582144,30.253638],[108.573523,30.237192],[108.568912,30.235985],[108.566328,30.231338],[108.566068,30.228704],[108.568885,30.225626],[108.563415,30.209799],[108.551994,30.163866],[108.562025,30.157312],[108.567927,30.156949],[108.561504,30.144114],[108.546084,30.104362],[108.533192,30.08419],[108.532343,30.073691],[108.528059,30.071153],[108.525264,30.073841],[108.522884,30.072305],[108.516264,30.064234],[108.513452,30.057437],[108.515286,30.052972],[108.524233,30.058666],[108.527149,30.058979],[108.531788,30.055088],[108.531969,30.052006],[108.525392,30.048552],[108.525937,30.046886],[108.530186,30.046514],[108.531363,30.044783],[108.528601,30.025616],[108.528885,30.005467],[108.529759,30.004063],[108.538726,30.002396],[108.542639,29.997352],[108.54153,29.988841],[108.535747,29.981625],[108.533781,29.970176],[108.527956,29.961832],[108.516973,29.936306],[108.51603,29.927787],[108.524439,29.909888],[108.523513,29.905952],[108.520856,29.90395],[108.524291,29.895333],[108.521764,29.890696],[108.516191,29.885617],[108.518267,29.882574],[108.519478,29.874428],[108.517038,29.865479],[108.509605,29.872077],[108.51048,29.877033],[108.505583,29.879403],[108.497494,29.87873],[108.49084,29.868001],[108.466072,29.864095],[108.457387,29.865425],[108.453127,29.871691],[108.433771,29.880069],[108.42817,29.88027],[108.4249,29.878713],[108.426191,29.872762],[108.421694,29.870516],[108.416959,29.86516],[108.413089,29.865472],[108.410684,29.861398],[108.408405,29.860712],[108.407692,29.857552],[108.40498,29.858438],[108.403301,29.85601],[108.401122,29.856511],[108.392412,29.863626],[108.387251,29.861773],[108.386947,29.860023],[108.392255,29.854042],[108.381342,29.846328],[108.371459,29.841596],[108.370941,29.839005],[108.373115,29.834881],[108.370296,29.832323],[108.366964,29.820078],[108.372109,29.818041],[108.394224,29.816486],[108.391747,29.808244],[108.387456,29.806641],[108.385066,29.802053],[108.383814,29.794629],[108.375914,29.779667],[108.369332,29.769525],[108.367202,29.769817],[108.365037,29.767752],[108.361811,29.762134],[108.360889,29.756819],[108.362236,29.753234],[108.365549,29.751038],[108.363783,29.741919],[108.366409,29.741301],[108.368408,29.724604],[108.373901,29.712795],[108.372493,29.711821],[108.358025,29.720759],[108.351502,29.721223],[108.340378,29.715029],[108.326938,29.711405],[108.315049,29.723286],[108.307074,29.724195],[108.299301,29.734887],[108.294815,29.728513],[108.281848,29.730453],[108.277739,29.732886],[108.270694,29.733157],[108.2696,29.738009],[108.254726,29.743411],[108.247133,29.751123],[108.239378,29.745279],[108.22801,29.747076],[108.22423,29.74384],[108.224048,29.740009],[108.220381,29.733716],[108.225191,29.725532],[108.221828,29.719455],[108.218126,29.717267],[108.221593,29.712496],[108.21959,29.706464],[108.214573,29.709323],[108.205856,29.699468],[108.20505,29.693283],[108.208333,29.689766],[108.209294,29.686168],[108.205171,29.682641],[108.203975,29.676738],[108.200111,29.674891],[108.196577,29.667684],[108.187327,29.666468],[108.178581,29.660109],[108.170475,29.659621],[108.1665,29.651705],[108.168188,29.648077],[108.156107,29.644884],[108.14742,29.650145],[108.143566,29.659229],[108.146191,29.664502],[108.156317,29.669579],[108.15617,29.676115],[108.157911,29.67906],[108.173751,29.684533],[108.17951,29.697861],[108.176333,29.704124],[108.169154,29.70783],[108.181038,29.734304],[108.179522,29.73535],[108.176101,29.733942],[108.174551,29.735453],[108.172119,29.741956],[108.172812,29.747032],[108.17728,29.750149],[108.187922,29.743921],[108.195831,29.753071],[108.201591,29.763438],[108.209596,29.765811],[108.217837,29.777207],[108.211217,29.783719],[108.204676,29.783926],[108.195695,29.789046],[108.185451,29.801622],[108.188041,29.808732],[108.193869,29.813199],[108.190925,29.815262],[108.190622,29.819459],[108.183539,29.82184],[108.181183,29.820282],[108.178351,29.821739],[108.179036,29.82831],[108.172161,29.838409],[108.161441,29.836414],[108.151766,29.830417],[108.149063,29.830257],[108.14708,29.832244],[108.148077,29.843017],[108.145998,29.846383],[108.135706,29.850275],[108.122904,29.851754],[108.108802,29.848864],[108.104976,29.844908],[108.100532,29.844726],[108.098076,29.840255],[108.084131,29.838867],[108.074105,29.847883],[108.058936,29.857239],[108.072465,29.870972],[108.071466,29.877176],[108.059877,29.889721],[108.05138,29.892855],[108.04254,29.893457],[108.035883,29.901967],[108.040783,29.904449],[108.047414,29.903141],[108.04978,29.905308],[108.048893,29.90956],[108.046335,29.912375],[108.038443,29.911607],[108.033951,29.913926],[108.03155,29.924703],[108.021739,29.939108],[108.003664,29.958294],[107.993529,29.964933],[107.993337,29.966879],[108.00202,29.97753],[108.004824,29.976141],[108.01058,29.978505],[108.013496,29.97401],[108.018042,29.971595],[108.032434,29.9889],[108.028788,29.999198],[108.029467,30.001732],[108.023512,30.007324],[108.025245,30.01059],[108.018454,30.014811],[108.02179,30.02246],[108.025142,30.024101],[108.02664,30.030952],[108.014852,30.043717],[108.007598,30.043513],[108.002139,30.04867],[108.001651,30.05269],[107.99849,30.053877],[108.004282,30.057755],[108.007347,30.057031],[108.01057,30.071354],[108.019757,30.076146],[108.029857,30.089328],[108.034975,30.084185],[108.031144,30.072315],[108.033337,30.068694],[108.037254,30.067604],[108.050681,30.068444],[108.053543,30.070161],[108.070562,30.09189],[108.091059,30.122599],[108.092006,30.130323],[108.075756,30.153916],[108.072436,30.156198],[108.066855,30.154881],[108.061482,30.157916],[108.07042,30.162525],[108.073403,30.17684],[108.080823,30.176848],[108.086834,30.179434],[108.093113,30.189357],[108.104927,30.201847],[108.107574,30.207446],[108.113915,30.20561],[108.122135,30.200318],[108.126565,30.203887],[108.129912,30.210268],[108.128958,30.211821],[108.121945,30.210267],[108.118971,30.212913],[108.127364,30.223681],[108.124868,30.227206],[108.1216,30.226902],[108.116804,30.222317],[108.11101,30.219627],[108.107106,30.219317],[108.10269,30.221842],[108.102708,30.226929],[108.106014,30.232244],[108.097015,30.237272],[108.091772,30.248666],[108.093978,30.253474],[108.10218,30.247061],[108.116746,30.251621],[108.121593,30.247334],[108.121956,30.237376],[108.125849,30.23586],[108.129646,30.243061],[108.126561,30.256638],[108.141485,30.265512],[108.142205,30.27366],[108.129025,30.281123],[108.128271,30.283281],[108.131695,30.289933],[108.125384,30.295205],[108.125649,30.299025],[108.131456,30.299641],[108.136146,30.297706],[108.147302,30.297118],[108.14718,30.302194],[108.154655,30.307968],[108.154188,30.312609],[108.158172,30.314909],[108.164408,30.322642],[108.164036,30.324583],[108.153653,30.331206],[108.145883,30.334246],[108.127885,30.333475],[108.115434,30.329259],[108.110682,30.334786],[108.097024,30.344039],[108.084398,30.343091],[108.08466,30.350113],[108.090114,30.355601],[108.096461,30.358831],[108.106849,30.36089],[108.127081,30.360023],[108.133123,30.36264],[108.137594,30.367406],[108.142049,30.379811],[108.149352,30.387375],[108.152982,30.395009],[108.176014,30.411047],[108.186379,30.413858],[108.208376,30.408614],[108.214098,30.411095],[108.223632,30.421287]]]}},{"type":"Feature","properties":{"dt_adcode":"500241"},"geometry":{"type":"Polygon","coordinates":[[[109.274369,28.494656],[109.238267,28.479404],[109.232469,28.474684],[109.22866,28.475432],[109.226639,28.478675],[109.215502,28.482122],[109.211331,28.481279],[109.207784,28.477954],[109.20175,28.477371],[109.199383,28.473133],[109.191763,28.470889],[109.192196,28.463143],[109.187793,28.458436],[109.18696,28.454573],[109.177226,28.450906],[109.178214,28.44946],[109.176568,28.446159],[109.18058,28.438342],[109.176029,28.431078],[109.168368,28.432054],[109.165637,28.430392],[109.167925,28.424964],[109.164934,28.414988],[109.155564,28.417516],[109.153214,28.416639],[109.15207,28.410524],[109.157166,28.402647],[109.153629,28.397316],[109.154495,28.388013],[109.152631,28.385123],[109.153125,28.381054],[109.144766,28.36381],[109.138591,28.358622],[109.148823,28.353144],[109.152351,28.348383],[109.151328,28.345197],[109.137731,28.334241],[109.141381,28.324899],[109.141234,28.320547],[109.135206,28.31302],[109.126824,28.296936],[109.116462,28.28965],[109.119213,28.283704],[109.117564,28.278626],[109.112884,28.273945],[109.102881,28.268307],[109.099544,28.263309],[109.087985,28.261412],[109.086933,28.257079],[109.081524,28.248554],[109.086105,28.240238],[109.085827,28.231529],[109.098282,28.217997],[109.101773,28.207347],[109.101425,28.201392],[109.099609,28.197974],[109.096036,28.19626],[109.089475,28.196237],[109.086362,28.184696],[109.079885,28.185361],[109.070053,28.191478],[109.06488,28.198118],[109.061416,28.200115],[109.053825,28.199688],[109.043045,28.203431],[109.041582,28.205346],[109.041312,28.211938],[109.038229,28.217418],[109.033263,28.215756],[109.026206,28.220142],[109.02435,28.219125],[109.024689,28.215569],[109.022144,28.211078],[109.012627,28.19732],[109.012278,28.192506],[109.015014,28.181473],[109.009174,28.166929],[109.006332,28.163581],[109.001556,28.161394],[108.987446,28.160298],[108.977801,28.172846],[108.965588,28.176488],[108.956619,28.182318],[108.929418,28.190557],[108.927601,28.193956],[108.927758,28.199793],[108.933194,28.207874],[108.930811,28.212142],[108.922604,28.217386],[108.910463,28.215525],[108.895718,28.219616],[108.864468,28.206138],[108.855139,28.199864],[108.846046,28.200731],[108.836201,28.207376],[108.833679,28.211528],[108.833272,28.217887],[108.826548,28.225511],[108.824372,28.231016],[108.82459,28.240816],[108.821756,28.245125],[108.805556,28.242089],[108.798697,28.224749],[108.775564,28.21618],[108.773325,28.213462],[108.770426,28.20221],[108.764002,28.191298],[108.761293,28.191726],[108.758515,28.196056],[108.758308,28.203961],[108.760235,28.211444],[108.757605,28.221845],[108.751596,28.226952],[108.747531,28.227584],[108.742127,28.225656],[108.738843,28.227364],[108.737584,28.251417],[108.727597,28.259829],[108.724885,28.273428],[108.72579,28.280306],[108.729711,28.284432],[108.733545,28.285631],[108.741071,28.294918],[108.763758,28.305639],[108.770051,28.314955],[108.768411,28.318121],[108.761858,28.321012],[108.760981,28.323144],[108.770704,28.336939],[108.775798,28.340321],[108.77848,28.35077],[108.777361,28.366602],[108.783027,28.37323],[108.784008,28.378486],[108.781709,28.380924],[108.762808,28.3858],[108.760026,28.389345],[108.761864,28.395673],[108.77046,28.40795],[108.773348,28.416374],[108.782631,28.427593],[108.779309,28.427428],[108.773496,28.438327],[108.746773,28.450234],[108.745713,28.452996],[108.749275,28.455471],[108.74911,28.461072],[108.744758,28.464446],[108.743707,28.467641],[108.733939,28.468879],[108.726733,28.473935],[108.723056,28.488526],[108.724501,28.498188],[108.730909,28.517841],[108.728701,28.522598],[108.738584,28.522184],[108.741478,28.526563],[108.755177,28.534221],[108.760727,28.543584],[108.763965,28.545706],[108.775959,28.544974],[108.785312,28.549234],[108.785972,28.562083],[108.797168,28.576094],[108.796691,28.578162],[108.799093,28.580234],[108.7999,28.583664],[108.807078,28.586664],[108.815305,28.593482],[108.81599,28.597554],[108.819188,28.600816],[108.826182,28.601863],[108.828314,28.604707],[108.839278,28.604153],[108.845197,28.60869],[108.853424,28.610994],[108.854802,28.613126],[108.859656,28.612167],[108.872039,28.619473],[108.881486,28.621725],[108.88939,28.618118],[108.892193,28.61492],[108.895388,28.614732],[108.900467,28.61787],[108.915321,28.621979],[108.929186,28.616598],[108.936726,28.616911],[108.955028,28.610503],[108.961691,28.631737],[108.972737,28.659078],[108.977677,28.667585],[108.980972,28.681613],[108.984057,28.682004],[108.989599,28.678719],[108.992353,28.680111],[108.999614,28.699213],[109.002795,28.700093],[109.008181,28.695858],[109.013097,28.694969],[109.019415,28.690689],[109.043621,28.717246],[109.056543,28.741894],[109.061758,28.758239],[109.059809,28.768185],[109.071018,28.77489],[109.072723,28.778334],[109.079334,28.780725],[109.080578,28.785106],[109.084403,28.784369],[109.092262,28.790406],[109.099328,28.801766],[109.10566,28.805703],[109.106963,28.814049],[109.105374,28.817196],[109.103281,28.817096],[109.094445,28.809639],[109.090534,28.810503],[109.093464,28.819277],[109.101223,28.822508],[109.103256,28.826204],[109.111627,28.824687],[109.117478,28.831058],[109.122017,28.830669],[109.134068,28.833621],[109.136619,28.839039],[109.14791,28.845524],[109.15286,28.846387],[109.157186,28.844838],[109.166227,28.852416],[109.170804,28.850167],[109.175917,28.851482],[109.197605,28.870236],[109.198507,28.876155],[109.208546,28.879877],[109.210992,28.882775],[109.213949,28.880694],[109.235489,28.880385],[109.234889,28.868395],[109.238066,28.865739],[109.234481,28.865431],[109.233926,28.864113],[109.240148,28.859081],[109.242708,28.853238],[109.240615,28.839168],[109.242577,28.834463],[109.240346,28.831827],[109.239668,28.82715],[109.242298,28.82239],[109.242384,28.817237],[109.246039,28.812614],[109.246264,28.800935],[109.241697,28.793722],[109.239743,28.782804],[109.241305,28.776522],[109.248198,28.773432],[109.256206,28.775683],[109.261322,28.774948],[109.259369,28.772399],[109.259991,28.767431],[109.255962,28.768145],[109.256197,28.765621],[109.270684,28.760368],[109.273585,28.760621],[109.276606,28.758447],[109.27687,28.756299],[109.279894,28.756206],[109.278478,28.751525],[109.292597,28.750245],[109.297669,28.74815],[109.299972,28.744939],[109.300653,28.739679],[109.299141,28.736736],[109.289416,28.730263],[109.288233,28.727308],[109.29446,28.722296],[109.294654,28.719124],[109.284948,28.713861],[109.277736,28.705511],[109.273251,28.705757],[109.271495,28.698953],[109.265003,28.699455],[109.257384,28.696079],[109.252945,28.691553],[109.253145,28.688287],[109.256384,28.684279],[109.266184,28.680175],[109.270563,28.674436],[109.270624,28.671336],[109.266391,28.667786],[109.240683,28.6558],[109.218904,28.648072],[109.202914,28.637981],[109.19408,28.63695],[109.189494,28.627293],[109.181407,28.621726],[109.180609,28.619615],[109.182889,28.615952],[109.188479,28.615382],[109.186346,28.610641],[109.200813,28.60194],[109.201879,28.597945],[109.212666,28.607211],[109.217149,28.607476],[109.22644,28.613734],[109.232314,28.619536],[109.239231,28.617933],[109.252731,28.606437],[109.258889,28.605593],[109.269751,28.612008],[109.278461,28.612443],[109.278652,28.617004],[109.287513,28.627088],[109.291357,28.627177],[109.294054,28.625303],[109.300149,28.626432],[109.306628,28.620673],[109.305419,28.618834],[109.308525,28.615264],[109.309421,28.608035],[109.306488,28.60687],[109.304427,28.602011],[109.309351,28.598828],[109.311604,28.592118],[109.315311,28.587118],[109.318122,28.58772],[109.320933,28.586097],[109.319503,28.583265],[109.320916,28.580374],[109.316877,28.581366],[109.314002,28.579507],[109.305836,28.579356],[109.301361,28.577086],[109.300189,28.572067],[109.295093,28.567325],[109.294355,28.557066],[109.292064,28.555823],[109.28865,28.545812],[109.273922,28.538468],[109.274521,28.525178],[109.280414,28.519797],[109.278245,28.51642],[109.271791,28.513645],[109.274393,28.503906],[109.2733,28.502109],[109.274369,28.494656]]]}},{"type":"Feature","properties":{"dt_adcode":"500242"},"geometry":{"type":"Polygon","coordinates":[[[109.053189,29.402725],[109.063,29.402279],[109.072049,29.394496],[109.080773,29.390656],[109.090378,29.378678],[109.101681,29.373499],[109.107013,29.365486],[109.112501,29.360995],[109.113767,29.352315],[109.109947,29.342069],[109.114591,29.332784],[109.108556,29.319907],[109.113478,29.31642],[109.113877,29.314201],[109.109397,29.301464],[109.104628,29.293147],[109.106466,29.288555],[109.110474,29.287111],[109.113171,29.287899],[109.129973,29.282461],[109.141985,29.270457],[109.131515,29.254786],[109.129762,29.248579],[109.124617,29.246046],[109.124799,29.241479],[109.118549,29.232401],[109.119444,29.227445],[109.116102,29.224841],[109.110276,29.215533],[109.115354,29.209956],[109.115345,29.206199],[109.123815,29.198334],[109.125064,29.194204],[109.123016,29.191274],[109.138803,29.169509],[109.154038,29.17207],[109.158919,29.178368],[109.163565,29.180886],[109.171001,29.177899],[109.174286,29.173104],[109.180093,29.171942],[109.186003,29.165159],[109.193959,29.161296],[109.203104,29.151824],[109.215503,29.145293],[109.219215,29.138868],[109.230188,29.127719],[109.232373,29.116496],[109.225936,29.113515],[109.228373,29.111261],[109.230203,29.103284],[109.234507,29.096836],[109.235973,29.087451],[109.244488,29.086158],[109.257766,29.086762],[109.266697,29.079059],[109.273771,29.078714],[109.291195,29.069601],[109.301156,29.07066],[109.310213,29.068151],[109.312241,29.066336],[109.314224,29.055552],[109.319575,29.046637],[109.319627,29.042565],[109.312142,29.035139],[109.305224,29.021134],[109.298159,29.018406],[109.294505,29.015097],[109.29494,29.009834],[109.292051,29.003127],[109.292442,28.987651],[109.286562,28.974226],[109.281953,28.971614],[109.272346,28.970946],[109.26847,28.966589],[109.261752,28.953034],[109.255557,28.929188],[109.257571,28.91885],[109.256849,28.907733],[109.250231,28.906227],[109.24773,28.897845],[109.240402,28.892735],[109.240654,28.88885],[109.238249,28.887576],[109.235489,28.880385],[109.213949,28.880694],[109.210992,28.882775],[109.208546,28.879877],[109.198507,28.876155],[109.197605,28.870236],[109.175917,28.851482],[109.170804,28.850167],[109.166227,28.852416],[109.157186,28.844838],[109.15286,28.846387],[109.14791,28.845524],[109.136619,28.839039],[109.134068,28.833621],[109.122017,28.830669],[109.117478,28.831058],[109.111627,28.824687],[109.103256,28.826204],[109.101223,28.822508],[109.093464,28.819277],[109.090534,28.810503],[109.094445,28.809639],[109.103281,28.817096],[109.105374,28.817196],[109.106963,28.814049],[109.10566,28.805703],[109.099328,28.801766],[109.092262,28.790406],[109.084403,28.784369],[109.080578,28.785106],[109.079334,28.780725],[109.072723,28.778334],[109.071018,28.77489],[109.059809,28.768185],[109.061758,28.758239],[109.056543,28.741894],[109.043621,28.717246],[109.019415,28.690689],[109.013097,28.694969],[109.008181,28.695858],[109.002795,28.700093],[108.999614,28.699213],[108.992353,28.680111],[108.989599,28.678719],[108.984057,28.682004],[108.980972,28.681613],[108.977677,28.667585],[108.972737,28.659078],[108.961691,28.631737],[108.955028,28.610503],[108.936726,28.616911],[108.929186,28.616598],[108.915321,28.621979],[108.900467,28.61787],[108.895388,28.614732],[108.892193,28.61492],[108.88939,28.618118],[108.881486,28.621725],[108.872039,28.619473],[108.859656,28.612167],[108.854802,28.613126],[108.853424,28.610994],[108.845197,28.60869],[108.839278,28.604153],[108.828314,28.604707],[108.826182,28.601863],[108.819188,28.600816],[108.81599,28.597554],[108.815305,28.593482],[108.807078,28.586664],[108.7999,28.583664],[108.799093,28.580234],[108.796691,28.578162],[108.797168,28.576094],[108.785972,28.562083],[108.785312,28.549234],[108.775959,28.544974],[108.763965,28.545706],[108.760727,28.543584],[108.755177,28.534221],[108.741478,28.526563],[108.738584,28.522184],[108.728701,28.522598],[108.730909,28.517841],[108.72337,28.491961],[108.709716,28.501087],[108.701424,28.48248],[108.688634,28.482481],[108.671142,28.475289],[108.658637,28.478031],[108.649232,28.470076],[108.645256,28.46862],[108.640768,28.457614],[108.641455,28.455713],[108.664657,28.443787],[108.666841,28.441816],[108.669877,28.431485],[108.676157,28.427734],[108.683029,28.427129],[108.688339,28.422313],[108.690902,28.410557],[108.696396,28.405276],[108.696847,28.401099],[108.6917,28.394043],[108.685791,28.393012],[108.681048,28.388601],[108.67312,28.388972],[108.664722,28.382874],[108.664913,28.3776],[108.659013,28.368386],[108.656437,28.356379],[108.65909,28.350333],[108.672335,28.354774],[108.676181,28.352333],[108.677399,28.345785],[108.66887,28.335385],[108.645848,28.330837],[108.637716,28.333147],[108.627447,28.326893],[108.611596,28.324542],[108.606958,28.335764],[108.603251,28.340388],[108.596722,28.342257],[108.580106,28.343276],[108.578996,28.345913],[108.575927,28.362529],[108.579648,28.366453],[108.577367,28.370897],[108.576189,28.38062],[108.577533,28.390178],[108.587431,28.404955],[108.607823,28.406308],[108.611124,28.420987],[108.60752,28.425742],[108.609935,28.435667],[108.602814,28.438869],[108.600904,28.441984],[108.597241,28.456798],[108.586776,28.463079],[108.589179,28.473827],[108.587592,28.479303],[108.581963,28.485444],[108.574939,28.497684],[108.581088,28.506967],[108.578026,28.509026],[108.576675,28.522045],[108.57325,28.528989],[108.573987,28.530866],[108.577569,28.532083],[108.576875,28.533811],[108.58253,28.536619],[108.589349,28.538592],[108.610958,28.5394],[108.613278,28.543205],[108.610759,28.54567],[108.608353,28.554204],[108.604465,28.589538],[108.606601,28.59387],[108.618912,28.606519],[108.635691,28.620742],[108.634718,28.636046],[108.632353,28.638934],[108.623278,28.641436],[108.60901,28.633615],[108.604459,28.632974],[108.601741,28.633866],[108.596168,28.640346],[108.585312,28.639644],[108.584358,28.641488],[108.586501,28.647021],[108.585313,28.64979],[108.575894,28.659711],[108.56648,28.662564],[108.560474,28.648775],[108.547775,28.647896],[108.541403,28.651991],[108.537134,28.652447],[108.530461,28.647262],[108.523589,28.64671],[108.521469,28.641429],[108.517991,28.639975],[108.50753,28.639804],[108.502729,28.637617],[108.5032,28.629943],[108.501005,28.626658],[108.491287,28.630587],[108.473769,28.627268],[108.458846,28.634854],[108.448101,28.632349],[108.439017,28.633991],[108.417046,28.645201],[108.388315,28.652864],[108.374438,28.66287],[108.360694,28.669197],[108.352149,28.676111],[108.343999,28.673417],[108.332094,28.676653],[108.329122,28.679495],[108.328434,28.690419],[108.330499,28.703049],[108.329572,28.714089],[108.332378,28.72279],[108.346921,28.737009],[108.354702,28.739953],[108.357116,28.746708],[108.372501,28.76015],[108.376796,28.768969],[108.38526,28.772226],[108.38851,28.783314],[108.389197,28.79236],[108.386479,28.801637],[108.382899,28.805502],[108.365176,28.810149],[108.353016,28.815638],[108.354831,28.834701],[108.348089,28.848548],[108.346432,28.856314],[108.348277,28.862173],[108.355324,28.870826],[108.355029,28.881293],[108.357443,28.893382],[108.350359,28.907104],[108.349699,28.936041],[108.346921,28.941472],[108.33992,28.947876],[108.325634,28.952718],[108.321751,28.955638],[108.312118,28.997504],[108.318832,29.000328],[108.326086,29.000192],[108.334063,29.013612],[108.348129,29.027243],[108.375842,29.046064],[108.387574,29.048111],[108.397633,29.054018],[108.40358,29.053715],[108.407026,29.050921],[108.417136,29.051774],[108.420372,29.055377],[108.424978,29.057264],[108.426869,29.062746],[108.434881,29.070649],[108.43924,29.071369],[108.448208,29.066007],[108.452011,29.067525],[108.456298,29.071966],[108.460716,29.083691],[108.463703,29.087181],[108.477405,29.084755],[108.481239,29.08636],[108.481265,29.090321],[108.486423,29.093929],[108.503986,29.094978],[108.518332,29.100159],[108.518618,29.104017],[108.522772,29.107717],[108.527151,29.117806],[108.526069,29.121201],[108.528199,29.128321],[108.533903,29.13193],[108.534648,29.133955],[108.546162,29.137599],[108.558678,29.139537],[108.567612,29.132308],[108.571459,29.123863],[108.579801,29.125588],[108.579731,29.118775],[108.583253,29.118066],[108.589334,29.112098],[108.594124,29.113299],[108.59829,29.105698],[108.590279,29.10101],[108.587164,29.095067],[108.599383,29.086901],[108.606548,29.098408],[108.606965,29.102124],[108.60323,29.103991],[108.603682,29.106202],[108.607868,29.109031],[108.61626,29.109295],[108.614556,29.09539],[108.620656,29.087351],[108.623993,29.089396],[108.625662,29.087888],[108.622167,29.073438],[108.62527,29.072897],[108.629782,29.073221],[108.645836,29.081928],[108.657589,29.076172],[108.66133,29.071625],[108.665002,29.072587],[108.666969,29.075017],[108.667187,29.078764],[108.662672,29.090003],[108.670478,29.093919],[108.664178,29.103756],[108.664491,29.107008],[108.66765,29.108154],[108.678502,29.105164],[108.681983,29.105627],[108.686709,29.109337],[108.692904,29.10763],[108.698221,29.102708],[108.701308,29.093157],[108.720627,29.082421],[108.726922,29.080482],[108.734007,29.086337],[108.743566,29.086191],[108.746798,29.088283],[108.747606,29.092369],[108.741881,29.095828],[108.744358,29.097599],[108.748397,29.096345],[108.750126,29.097477],[108.749762,29.109483],[108.773281,29.10964],[108.775529,29.114147],[108.775781,29.12399],[108.778497,29.125228],[108.784856,29.123256],[108.793494,29.125639],[108.794743,29.127822],[108.798688,29.129139],[108.80702,29.128251],[108.813451,29.121166],[108.821234,29.121402],[108.833176,29.117386],[108.8325,29.111036],[108.833245,29.109984],[108.836651,29.111361],[108.837838,29.10991],[108.835966,29.107978],[108.837145,29.107246],[108.845907,29.105104],[108.849825,29.106044],[108.855677,29.122646],[108.853146,29.12393],[108.855287,29.12936],[108.854334,29.132869],[108.858877,29.137229],[108.865909,29.15385],[108.882417,29.17909],[108.895905,29.208358],[108.915274,29.215501],[108.925149,29.222604],[108.92368,29.227531],[108.925506,29.233144],[108.929732,29.234794],[108.93369,29.241948],[108.938013,29.244794],[108.947456,29.260491],[108.948588,29.265818],[108.954551,29.267359],[108.953942,29.272404],[108.939025,29.274063],[108.932422,29.27683],[108.91979,29.283738],[108.917756,29.290972],[108.915445,29.293577],[108.903726,29.295705],[108.907705,29.303805],[108.909,29.313473],[108.91284,29.316549],[108.917333,29.324221],[108.924817,29.328145],[108.936654,29.327183],[108.954077,29.330957],[108.972383,29.329225],[108.976243,29.332547],[108.98371,29.333119],[108.986168,29.336759],[108.985847,29.353053],[108.987616,29.354657],[108.994719,29.355038],[108.999435,29.363916],[109.00978,29.360204],[109.02647,29.361034],[109.034294,29.359836],[109.03427,29.381997],[109.039925,29.389801],[109.050524,29.396418],[109.053189,29.402725]]]}},{"type":"Feature","properties":{"dt_adcode":"500243"},"geometry":{"type":"Polygon","coordinates":[[[108.312118,28.997504],[108.308709,29.003379],[108.308641,29.02227],[108.30126,29.036992],[108.297722,29.049046],[108.307184,29.077523],[108.301933,29.083055],[108.296481,29.085809],[108.277563,29.09133],[108.270613,29.090906],[108.268651,29.089475],[108.267452,29.086858],[108.268641,29.077806],[108.262727,29.070367],[108.260383,29.064591],[108.259826,29.049983],[108.256944,29.041988],[108.246738,29.034254],[108.243233,29.028628],[108.232045,29.027397],[108.225148,29.030631],[108.223784,29.037252],[108.227867,29.038875],[108.23039,29.046974],[108.226312,29.050825],[108.218862,29.05301],[108.215032,29.05613],[108.205545,29.056052],[108.19639,29.071623],[108.182603,29.068824],[108.181451,29.06546],[108.171423,29.065362],[108.152421,29.053735],[108.133985,29.052678],[108.130606,29.06332],[108.12433,29.068943],[108.114064,29.072414],[108.108157,29.076716],[108.098551,29.077144],[108.095721,29.079835],[108.069384,29.08657],[108.064628,29.084756],[108.061037,29.080796],[108.060374,29.076848],[108.035979,29.054068],[108.034509,29.046758],[108.031056,29.045786],[108.024261,29.038696],[108.014675,29.038376],[108.00898,29.035479],[108.002867,29.035892],[107.993933,29.033842],[107.949305,29.03373],[107.931128,29.035223],[107.926419,29.032514],[107.922302,29.023522],[107.9088,29.007344],[107.904929,29.006026],[107.887625,29.008511],[107.883454,29.007622],[107.882796,29.006173],[107.887849,28.999106],[107.886063,28.990544],[107.883046,28.986524],[107.874577,28.984954],[107.872021,28.983059],[107.867635,28.967749],[107.866976,28.958567],[107.866023,28.961244],[107.862766,28.962733],[107.850449,28.962234],[107.842022,28.964632],[107.842239,28.968313],[107.836749,28.969066],[107.828107,28.976134],[107.817464,28.979951],[107.810438,28.984305],[107.821443,29.006378],[107.821968,29.023487],[107.824483,29.035584],[107.83762,29.040519],[107.845422,29.038865],[107.853754,29.041289],[107.866905,29.052851],[107.874686,29.057019],[107.875163,29.059123],[107.871758,29.067424],[107.873084,29.074855],[107.877851,29.077918],[107.883919,29.078166],[107.88913,29.083079],[107.889225,29.086148],[107.884622,29.097187],[107.883912,29.106203],[107.894248,29.116112],[107.896313,29.120112],[107.892923,29.132021],[107.893366,29.14083],[107.895847,29.151644],[107.898684,29.157051],[107.899907,29.166351],[107.903786,29.172264],[107.898868,29.184247],[107.899276,29.186891],[107.901262,29.187842],[107.903787,29.186061],[107.909663,29.190008],[107.918822,29.190102],[107.924093,29.188459],[107.928289,29.184979],[107.935249,29.185029],[107.939186,29.179939],[107.94288,29.178247],[107.959222,29.187977],[107.970092,29.198483],[107.968943,29.200115],[107.973295,29.210579],[107.988348,29.219303],[107.995628,29.235834],[107.998527,29.236853],[108.000861,29.235722],[108.002541,29.229633],[108.004762,29.228534],[108.009926,29.234885],[108.011197,29.242179],[108.010345,29.247777],[107.999444,29.259187],[107.996683,29.264451],[107.999088,29.275514],[107.996311,29.290151],[108.002521,29.305175],[108.003279,29.315186],[108.000867,29.319073],[107.992073,29.325406],[107.986031,29.334841],[107.983055,29.35139],[107.977188,29.361065],[107.976849,29.365023],[107.988411,29.380257],[107.992269,29.390474],[107.992818,29.397385],[107.989536,29.408186],[107.990112,29.418283],[107.994501,29.423118],[107.998993,29.423131],[107.998854,29.425693],[108.000944,29.425371],[108.004306,29.428424],[108.00125,29.435795],[108.003479,29.438631],[108.006187,29.438669],[108.002774,29.442089],[108.013093,29.448801],[108.012118,29.450494],[108.013572,29.455679],[108.010542,29.457886],[108.013233,29.459219],[108.009202,29.462227],[108.014827,29.462824],[108.016281,29.466831],[108.013722,29.470083],[108.017345,29.483709],[108.016318,29.489776],[108.017598,29.493768],[108.01557,29.505256],[108.055782,29.531772],[108.074945,29.550739],[108.076101,29.557429],[108.067011,29.566676],[108.0664,29.57671],[108.068304,29.578834],[108.077072,29.578038],[108.086412,29.590879],[108.079394,29.596951],[108.075615,29.60716],[108.067881,29.61422],[108.073391,29.614631],[108.0797,29.618735],[108.079491,29.614624],[108.081046,29.612378],[108.086718,29.609778],[108.091268,29.603816],[108.098742,29.600683],[108.108383,29.599081],[108.11501,29.599712],[108.117941,29.603738],[108.135104,29.603699],[108.151167,29.599538],[108.162946,29.603202],[108.164167,29.607973],[108.168021,29.611274],[108.164999,29.615901],[108.168169,29.617836],[108.173554,29.616465],[108.176412,29.617501],[108.182016,29.625992],[108.178917,29.647848],[108.167799,29.648377],[108.1665,29.651705],[108.169263,29.658455],[108.172216,29.660142],[108.179308,29.660364],[108.187327,29.666468],[108.196577,29.667684],[108.200111,29.674891],[108.205187,29.678521],[108.204963,29.682244],[108.209364,29.687364],[108.20505,29.693283],[108.205856,29.699468],[108.214573,29.709323],[108.21959,29.706464],[108.221593,29.712496],[108.218126,29.717267],[108.221828,29.719455],[108.225191,29.725532],[108.220381,29.733716],[108.224048,29.740009],[108.22423,29.74384],[108.22801,29.747076],[108.239378,29.745279],[108.247133,29.751123],[108.254726,29.743411],[108.2696,29.738009],[108.270694,29.733157],[108.277739,29.732886],[108.281848,29.730453],[108.294815,29.728513],[108.299301,29.734887],[108.307074,29.724195],[108.315049,29.723286],[108.326938,29.711405],[108.340378,29.715029],[108.351502,29.721223],[108.358025,29.720759],[108.372493,29.711821],[108.37397,29.713719],[108.368408,29.724604],[108.366409,29.741301],[108.363783,29.741919],[108.365784,29.750201],[108.361341,29.754797],[108.361254,29.760369],[108.365037,29.767752],[108.367202,29.769817],[108.369332,29.769525],[108.375914,29.779667],[108.383814,29.794629],[108.383702,29.798744],[108.387456,29.806641],[108.391747,29.808244],[108.39511,29.819983],[108.395883,29.829292],[108.393148,29.835844],[108.396779,29.837515],[108.404555,29.834464],[108.404035,29.829577],[108.408109,29.82125],[108.416082,29.817868],[108.42128,29.818374],[108.424511,29.815293],[108.425502,29.804189],[108.423672,29.800906],[108.420089,29.79952],[108.419273,29.79213],[108.416983,29.787344],[108.421657,29.77365],[108.425101,29.772747],[108.440307,29.778633],[108.444787,29.775921],[108.44547,29.764376],[108.442047,29.75787],[108.438841,29.757371],[108.440131,29.750109],[108.437124,29.740789],[108.446941,29.738743],[108.461439,29.740647],[108.463664,29.734441],[108.469265,29.728417],[108.488234,29.723983],[108.503616,29.708498],[108.506428,29.708192],[108.512752,29.703068],[108.526319,29.697974],[108.525497,29.687034],[108.522519,29.681879],[108.515978,29.678379],[108.502766,29.675749],[108.501814,29.671741],[108.504003,29.667655],[108.503812,29.664079],[108.501891,29.660965],[108.498576,29.660435],[108.498129,29.656361],[108.495307,29.653297],[108.49586,29.650477],[108.49002,29.642526],[108.487085,29.624758],[108.488452,29.62274],[108.497684,29.622728],[108.503048,29.620391],[108.505263,29.618027],[108.503912,29.613666],[108.506092,29.611456],[108.513049,29.614311],[108.514952,29.611855],[108.517339,29.60107],[108.534976,29.588851],[108.534531,29.572161],[108.542071,29.566953],[108.544668,29.561131],[108.548357,29.557578],[108.547663,29.547389],[108.5391,29.545321],[108.536234,29.539999],[108.518494,29.544475],[108.512471,29.542849],[108.507661,29.539223],[108.503429,29.528454],[108.496897,29.521761],[108.494759,29.516629],[108.495719,29.512041],[108.498323,29.509843],[108.498314,29.502259],[108.50174,29.49993],[108.507762,29.503472],[108.52408,29.495867],[108.534509,29.494129],[108.539702,29.491682],[108.561709,29.491676],[108.579436,29.482926],[108.585924,29.476318],[108.581482,29.468716],[108.581429,29.463698],[108.585341,29.459138],[108.588403,29.451856],[108.592169,29.448564],[108.592585,29.442973],[108.576344,29.417052],[108.554834,29.412069],[108.553013,29.390544],[108.548171,29.385644],[108.54721,29.381688],[108.551539,29.378432],[108.550318,29.370766],[108.555445,29.365454],[108.561596,29.353468],[108.557869,29.340982],[108.549683,29.328283],[108.548114,29.318796],[108.549466,29.315386],[108.556749,29.310604],[108.560396,29.306061],[108.568976,29.304951],[108.573562,29.302414],[108.584973,29.283176],[108.583975,29.279081],[108.57943,29.275756],[108.570681,29.262712],[108.57609,29.250888],[108.568304,29.236232],[108.570201,29.226648],[108.565217,29.221776],[108.553174,29.217233],[108.54886,29.208443],[108.556775,29.184876],[108.568126,29.172805],[108.574939,29.162152],[108.569684,29.150724],[108.562759,29.14645],[108.561763,29.140459],[108.53772,29.135152],[108.528199,29.128321],[108.526069,29.121201],[108.527151,29.117806],[108.522772,29.107717],[108.518618,29.104017],[108.518332,29.100159],[108.503986,29.094978],[108.486423,29.093929],[108.481265,29.090321],[108.481239,29.08636],[108.477405,29.084755],[108.463703,29.087181],[108.460716,29.083691],[108.456298,29.071966],[108.452011,29.067525],[108.448208,29.066007],[108.43924,29.071369],[108.434881,29.070649],[108.426869,29.062746],[108.424978,29.057264],[108.420372,29.055377],[108.417136,29.051774],[108.407026,29.050921],[108.40358,29.053715],[108.397633,29.054018],[108.387574,29.048111],[108.375842,29.046064],[108.348129,29.027243],[108.334063,29.013612],[108.326086,29.000192],[108.318832,29.000328],[108.312118,28.997504]]]}}]}