{"type":"FeatureCollection","features":[{"type":"Feature","properties":{"dt_adcode":"520102"},"geometry":{"type":"Polygon","coordinates":[[[106.660444,26.546717],[106.661235,26.553738],[106.664611,26.557931],[106.668345,26.558167],[106.666213,26.560929],[106.668392,26.563076],[106.66814,26.565605],[106.672006,26.567801],[106.671172,26.569668],[106.676982,26.57605],[106.68312,26.576255],[106.684215,26.577494],[106.686359,26.572103],[106.689449,26.569922],[106.693856,26.570874],[106.694307,26.572284],[106.699888,26.57098],[106.702037,26.574974],[106.704413,26.57498],[106.705586,26.57704],[106.724147,26.577786],[106.729611,26.579621],[106.73418,26.578458],[106.736701,26.583704],[106.744549,26.578599],[106.750109,26.585939],[106.757607,26.585821],[106.769056,26.588857],[106.770639,26.584949],[106.76642,26.581133],[106.798044,26.577001],[106.80139,26.574845],[106.797484,26.570561],[106.800842,26.569952],[106.80099,26.56825],[106.806818,26.567842],[106.806801,26.569084],[106.814584,26.572326],[106.812812,26.573567],[106.813223,26.575087],[106.807987,26.576986],[106.81401,26.579403],[106.811538,26.579702],[106.811445,26.5839],[106.815812,26.583229],[106.819822,26.586118],[106.826083,26.58367],[106.826501,26.586233],[106.822978,26.589595],[106.822623,26.592297],[106.821066,26.59387],[106.817558,26.593777],[106.815845,26.59633],[106.817247,26.597476],[106.816346,26.599097],[106.818744,26.597743],[106.820834,26.600605],[106.81578,26.601494],[106.814731,26.604055],[106.829299,26.607611],[106.842349,26.619255],[106.847704,26.620544],[106.851831,26.624751],[106.856559,26.625521],[106.858035,26.62388],[106.860968,26.626201],[106.860779,26.623929],[106.869357,26.621347],[106.869783,26.623456],[106.872136,26.624565],[106.879005,26.621018],[106.879166,26.618801],[106.881454,26.618741],[106.883412,26.616547],[106.889673,26.617994],[106.904504,26.616055],[106.911645,26.613029],[106.915686,26.607046],[106.916111,26.596735],[106.907074,26.588543],[106.893491,26.584972],[106.880367,26.576134],[106.85276,26.573604],[106.840963,26.567256],[106.845147,26.566543],[106.844567,26.563064],[106.841772,26.564426],[106.838609,26.563566],[106.833611,26.556092],[106.835417,26.550139],[106.840095,26.543405],[106.837839,26.539497],[106.8515,26.540308],[106.845412,26.536744],[106.847271,26.533569],[106.843926,26.532708],[106.843439,26.530486],[106.838844,26.528099],[106.84033,26.525674],[106.843187,26.524819],[106.839919,26.520639],[106.840833,26.517942],[106.843395,26.517443],[106.841522,26.511606],[106.837664,26.506827],[106.822841,26.500809],[106.808432,26.49034],[106.805292,26.480743],[106.809575,26.472919],[106.829869,26.459698],[106.829054,26.453061],[106.824954,26.450804],[106.812687,26.447923],[106.814658,26.449272],[106.810995,26.452152],[106.803385,26.453188],[106.801852,26.451271],[106.803855,26.452013],[106.805567,26.450745],[106.804171,26.448362],[106.798827,26.450718],[106.797868,26.453942],[106.801107,26.456814],[106.794569,26.457681],[106.793254,26.460836],[106.791471,26.460827],[106.793461,26.462007],[106.79237,26.466058],[106.78904,26.466536],[106.790004,26.467282],[106.787306,26.469177],[106.788275,26.470143],[106.783359,26.470749],[106.784153,26.472834],[106.783045,26.473348],[106.782366,26.471189],[106.780165,26.473594],[106.779436,26.484578],[106.777766,26.485313],[106.779473,26.489794],[106.77643,26.492372],[106.771829,26.487607],[106.763601,26.488213],[106.761829,26.485713],[106.762565,26.483522],[106.760056,26.485642],[106.759251,26.482437],[106.756958,26.480762],[106.751427,26.48007],[106.750634,26.474155],[106.755919,26.468638],[106.743334,26.471471],[106.73937,26.465797],[106.728693,26.463768],[106.728631,26.468551],[106.725001,26.473915],[106.724153,26.486508],[106.72692,26.490074],[106.72283,26.499665],[106.72729,26.525896],[106.726936,26.534724],[106.724899,26.535184],[106.722521,26.532414],[106.718711,26.531494],[106.708363,26.536147],[106.699777,26.530203],[106.698943,26.524841],[106.696666,26.522331],[106.690634,26.519722],[106.688168,26.522189],[106.684045,26.520226],[106.683247,26.510625],[106.6769,26.510553],[106.675279,26.506619],[106.673783,26.513098],[106.671218,26.507248],[106.668873,26.506747],[106.665594,26.509148],[106.663014,26.520554],[106.662349,26.531314],[106.664247,26.547013],[106.660444,26.546717]]]}},{"type":"Feature","properties":{"dt_adcode":"520103"},"geometry":{"type":"Polygon","coordinates":[[[106.609134,26.568654],[106.606927,26.572163],[106.610051,26.571969],[106.609795,26.573371],[106.608577,26.574469],[106.606934,26.573479],[106.606808,26.575469],[106.604008,26.572928],[106.593844,26.57521],[106.597951,26.579459],[106.594709,26.582504],[106.596559,26.583818],[106.595393,26.5847],[106.603939,26.589414],[106.601222,26.589917],[106.604187,26.593339],[106.602898,26.595125],[106.609144,26.597043],[106.612801,26.595319],[106.616682,26.599171],[106.616424,26.601192],[106.618714,26.601589],[106.627092,26.596579],[106.628105,26.597407],[106.628447,26.594103],[106.633694,26.593699],[106.635938,26.590894],[106.63926,26.592149],[106.639304,26.594171],[106.643409,26.596543],[106.642414,26.597487],[106.648442,26.596117],[106.650717,26.599943],[106.652195,26.599971],[106.651517,26.598737],[106.654826,26.599178],[106.65884,26.603937],[106.662905,26.602951],[106.663956,26.605396],[106.665762,26.605575],[106.668548,26.604937],[106.667947,26.603388],[106.669711,26.602288],[106.670862,26.607371],[106.673396,26.602274],[106.676249,26.602677],[106.676597,26.605047],[106.680984,26.604165],[106.68248,26.609548],[106.6852,26.611958],[106.687544,26.611514],[106.691781,26.618565],[106.688272,26.621013],[106.687157,26.629032],[106.690482,26.63117],[106.695457,26.644856],[106.699853,26.648296],[106.699073,26.654481],[106.702247,26.652496],[106.702653,26.660153],[106.705612,26.660001],[106.705185,26.664362],[106.708772,26.676244],[106.714063,26.677142],[106.729145,26.672763],[106.729427,26.670786],[106.727119,26.668302],[106.723909,26.668515],[106.720354,26.660729],[106.722724,26.660295],[106.725529,26.662434],[106.726354,26.658479],[106.726888,26.653039],[106.725306,26.651973],[106.722929,26.653176],[106.72215,26.651346],[106.723479,26.640923],[106.726941,26.636112],[106.732152,26.633934],[106.736011,26.634333],[106.730716,26.628095],[106.732771,26.624716],[106.738303,26.62334],[106.740373,26.62553],[106.744536,26.621583],[106.747934,26.621079],[106.746582,26.617553],[106.750784,26.614683],[106.746258,26.610074],[106.746876,26.607282],[106.759319,26.604878],[106.760196,26.606604],[106.764489,26.607547],[106.769933,26.614895],[106.783119,26.608091],[106.784049,26.604927],[106.775484,26.598329],[106.77993,26.589227],[106.770639,26.584949],[106.769056,26.588857],[106.757607,26.585821],[106.750109,26.585939],[106.744549,26.578599],[106.736701,26.583704],[106.73418,26.578458],[106.729611,26.579621],[106.724147,26.577786],[106.705586,26.57704],[106.704413,26.57498],[106.702037,26.574974],[106.699888,26.57098],[106.694307,26.572284],[106.693856,26.570874],[106.689691,26.569822],[106.686359,26.572103],[106.684215,26.577494],[106.68312,26.576255],[106.677293,26.576215],[106.67096,26.569393],[106.672006,26.567801],[106.66814,26.565605],[106.668392,26.563076],[106.666204,26.560806],[106.668345,26.558167],[106.664611,26.557931],[106.661235,26.553738],[106.660444,26.546717],[106.659746,26.549672],[106.653869,26.55316],[106.645377,26.554257],[106.638945,26.552171],[106.636346,26.557757],[106.619411,26.560111],[106.615416,26.562967],[106.611663,26.569206],[106.609134,26.568654]]]}},{"type":"Feature","properties":{"dt_adcode":"520111"},"geometry":{"type":"Polygon","coordinates":[[[106.812687,26.447923],[106.813414,26.442878],[106.819214,26.434357],[106.817905,26.431159],[106.789584,26.43046],[106.784717,26.426829],[106.757058,26.391901],[106.762696,26.385513],[106.778693,26.374184],[106.791195,26.374327],[106.801715,26.382494],[106.814002,26.387667],[106.831079,26.387527],[106.835136,26.385204],[106.836141,26.382903],[106.834832,26.379251],[106.824291,26.367882],[106.823987,26.3617],[106.827229,26.35297],[106.826171,26.348167],[106.817701,26.340447],[106.78295,26.321156],[106.780807,26.316676],[106.785111,26.313009],[106.819485,26.309053],[106.840957,26.304247],[106.845996,26.307783],[106.851193,26.314679],[106.869652,26.314617],[106.872359,26.312059],[106.874387,26.314031],[106.874569,26.310251],[106.876689,26.310218],[106.876484,26.302899],[106.866725,26.295499],[106.867091,26.294236],[106.871954,26.293988],[106.873815,26.287268],[106.882943,26.284782],[106.884187,26.282533],[106.881849,26.279618],[106.882223,26.277448],[106.886052,26.272155],[106.871314,26.266493],[106.862084,26.254189],[106.858181,26.243915],[106.8584,26.240013],[106.859891,26.235879],[106.86623,26.23262],[106.882504,26.228829],[106.887312,26.224212],[106.888284,26.218936],[106.886192,26.213685],[106.881583,26.210511],[106.871632,26.208757],[106.868041,26.205121],[106.866219,26.201013],[106.866427,26.195742],[106.858214,26.186876],[106.835777,26.183396],[106.826667,26.189197],[106.817636,26.205073],[106.797911,26.223322],[106.795423,26.229982],[106.798066,26.241651],[106.795584,26.248747],[106.796009,26.254563],[106.79004,26.255148],[106.788957,26.257155],[106.795485,26.267199],[106.795012,26.269265],[106.780738,26.267786],[106.780165,26.264595],[106.77105,26.261134],[106.758704,26.261617],[106.753119,26.265086],[106.75113,26.272655],[106.751191,26.280902],[106.74716,26.287107],[106.742059,26.288278],[106.722819,26.276921],[106.70423,26.287533],[106.696319,26.289626],[106.687304,26.287885],[106.680714,26.289219],[106.6522,26.269158],[106.649138,26.268183],[106.649535,26.271267],[106.642729,26.271869],[106.639938,26.273923],[106.637507,26.273749],[106.635674,26.269783],[106.629454,26.270204],[106.629909,26.262549],[106.634831,26.243674],[106.629475,26.235028],[106.622031,26.236442],[106.614695,26.230537],[106.617356,26.225579],[106.612895,26.227587],[106.612013,26.231717],[106.605359,26.233069],[106.595516,26.228696],[106.591446,26.219902],[106.587994,26.223904],[106.582488,26.222594],[106.575252,26.226768],[106.568814,26.225161],[106.568301,26.232028],[106.566336,26.233317],[106.545754,26.228807],[106.541358,26.229625],[106.534566,26.225333],[106.533106,26.226215],[106.533516,26.230614],[106.526863,26.230731],[106.517851,26.226073],[106.515827,26.220854],[106.51319,26.220162],[106.508869,26.224071],[106.504019,26.222682],[106.500764,26.224321],[106.501412,26.227303],[106.504019,26.22668],[106.509812,26.23029],[106.510301,26.234064],[106.515715,26.239013],[106.515517,26.243426],[106.514096,26.247687],[106.511236,26.249858],[106.506724,26.245188],[106.499791,26.245754],[106.502101,26.251887],[106.501309,26.257417],[106.487134,26.260662],[106.486019,26.262111],[106.487404,26.264141],[106.487063,26.273839],[106.495364,26.275094],[106.497654,26.277045],[106.500512,26.285256],[106.504037,26.284523],[106.505595,26.285833],[106.503394,26.289222],[106.504169,26.290392],[106.506889,26.29157],[106.507648,26.287757],[106.509458,26.293974],[106.514881,26.296311],[106.515566,26.295002],[106.516246,26.29864],[106.524397,26.306048],[106.523159,26.311214],[106.524301,26.313355],[106.522409,26.315579],[106.527316,26.31738],[106.536169,26.311965],[106.542983,26.315912],[106.543878,26.318642],[106.547193,26.317959],[106.549622,26.320436],[106.554736,26.326933],[106.556603,26.333021],[106.5621,26.338422],[106.560394,26.342914],[106.561651,26.345184],[106.556601,26.345834],[106.560904,26.352635],[106.557848,26.354706],[106.556665,26.358041],[106.559758,26.361687],[106.562998,26.362342],[106.564896,26.370995],[106.562696,26.375776],[106.550995,26.380658],[106.539271,26.377474],[106.530435,26.377852],[106.527665,26.380414],[106.524119,26.378872],[106.51381,26.382539],[106.505461,26.379628],[106.497565,26.379954],[106.492452,26.386729],[106.484326,26.39036],[106.485535,26.393928],[106.477232,26.395203],[106.475694,26.400486],[106.476745,26.405584],[106.474059,26.405949],[106.473283,26.40977],[106.470627,26.411335],[106.47113,26.415229],[106.466382,26.417581],[106.461154,26.425397],[106.457403,26.426658],[106.456656,26.425439],[106.454835,26.426979],[106.461901,26.439991],[106.471386,26.449164],[106.476425,26.457891],[106.485807,26.461718],[106.484971,26.479295],[106.48618,26.481585],[106.499828,26.479143],[106.508932,26.472089],[106.513689,26.471618],[106.516027,26.47327],[106.514879,26.478977],[106.509266,26.482944],[106.511797,26.484478],[106.508943,26.497641],[106.49903,26.499094],[106.505263,26.503421],[106.510544,26.514473],[106.513345,26.514033],[106.515292,26.515714],[106.511898,26.521146],[106.512404,26.524201],[106.503162,26.524733],[106.501953,26.5261],[106.507,26.529351],[106.509074,26.535637],[106.505562,26.536252],[106.507222,26.539069],[106.509799,26.538509],[106.511818,26.540489],[106.511629,26.538754],[106.514744,26.538716],[106.514605,26.540369],[106.517296,26.540921],[106.517326,26.542336],[106.522144,26.545443],[106.519238,26.547089],[106.519647,26.550588],[106.528761,26.549488],[106.532687,26.551643],[106.53549,26.549301],[106.533912,26.546858],[106.539218,26.54632],[106.538877,26.541092],[106.540064,26.539884],[106.543721,26.538301],[106.546626,26.541213],[106.547902,26.54066],[106.548868,26.535961],[106.553514,26.53424],[106.552611,26.530785],[106.555026,26.526377],[106.557344,26.527204],[106.560604,26.525151],[106.569187,26.530928],[106.568945,26.536168],[106.577466,26.541392],[106.577995,26.544819],[106.579962,26.545225],[106.578876,26.544317],[106.579371,26.542053],[106.579406,26.543852],[106.581808,26.542918],[106.581335,26.54484],[106.582911,26.54384],[106.586254,26.545062],[106.580122,26.547163],[106.579977,26.548664],[106.582442,26.549802],[106.579877,26.55233],[106.589385,26.561249],[106.590167,26.564351],[106.588171,26.56384],[106.587766,26.565902],[106.592059,26.565282],[106.596208,26.568598],[106.605106,26.568333],[106.608794,26.570177],[106.609134,26.568654],[106.611663,26.569206],[106.615416,26.562967],[106.621261,26.559284],[106.636346,26.557757],[106.638945,26.552171],[106.645377,26.554257],[106.653869,26.55316],[106.659746,26.549672],[106.660888,26.546081],[106.664247,26.547013],[106.662349,26.531314],[106.663014,26.520554],[106.665594,26.509148],[106.668873,26.506747],[106.671218,26.507248],[106.673783,26.513098],[106.675279,26.506619],[106.6769,26.510553],[106.683247,26.510625],[106.684045,26.520226],[106.688168,26.522189],[106.690634,26.519722],[106.696666,26.522331],[106.698943,26.524841],[106.699777,26.530203],[106.706793,26.535377],[106.710695,26.53586],[106.720366,26.531476],[106.725679,26.535262],[106.727412,26.53402],[106.72729,26.525896],[106.72283,26.499665],[106.72692,26.490074],[106.724153,26.486508],[106.725001,26.473915],[106.728631,26.468551],[106.728693,26.463768],[106.73937,26.465797],[106.743334,26.471471],[106.755919,26.468638],[106.750634,26.474155],[106.751427,26.48007],[106.756958,26.480762],[106.759251,26.482437],[106.760056,26.485642],[106.762565,26.483522],[106.761829,26.485713],[106.763601,26.488213],[106.771829,26.487607],[106.77643,26.492372],[106.779473,26.489794],[106.777766,26.485313],[106.779436,26.484578],[106.780165,26.473594],[106.782366,26.471189],[106.783045,26.473348],[106.784153,26.472834],[106.783359,26.470749],[106.788275,26.470143],[106.787306,26.469177],[106.790004,26.467282],[106.78904,26.466536],[106.79237,26.466058],[106.793461,26.462007],[106.791471,26.460827],[106.793254,26.460836],[106.794569,26.457681],[106.801107,26.456814],[106.797868,26.453942],[106.798777,26.450772],[106.804171,26.448362],[106.805567,26.450745],[106.803855,26.452013],[106.801852,26.451271],[106.803385,26.453188],[106.810995,26.452152],[106.814658,26.449272],[106.812687,26.447923]]]}},{"type":"Feature","properties":{"dt_adcode":"520112"},"geometry":{"type":"Polygon","coordinates":[[[107.053283,26.778993],[107.049339,26.772201],[107.04487,26.772975],[107.04119,26.768801],[107.027886,26.768136],[107.015383,26.754843],[107.006198,26.757722],[106.994369,26.74997],[106.98839,26.753216],[106.983349,26.752841],[106.968317,26.73988],[106.966375,26.731148],[106.972302,26.729172],[106.977899,26.730488],[106.982108,26.726401],[106.981271,26.72437],[106.978836,26.725359],[106.97761,26.721942],[106.972787,26.722001],[106.972847,26.718398],[106.971468,26.717384],[106.966792,26.721499],[106.964783,26.721255],[106.965915,26.713665],[106.968987,26.706838],[106.971321,26.705952],[106.973101,26.708502],[106.974958,26.693112],[106.968493,26.688559],[106.956666,26.686782],[106.951511,26.684517],[106.947733,26.664606],[106.948716,26.656177],[106.954463,26.658759],[106.956819,26.657643],[106.957639,26.660149],[106.962514,26.659232],[106.959276,26.654813],[106.953059,26.653452],[106.960133,26.652286],[106.961372,26.64644],[106.958648,26.645272],[106.951898,26.649024],[106.950217,26.64708],[106.939384,26.64709],[106.937882,26.644969],[106.933194,26.644412],[106.919293,26.635847],[106.913156,26.642798],[106.904587,26.64265],[106.896712,26.638714],[106.894471,26.632253],[106.884716,26.632961],[106.882486,26.632109],[106.882214,26.629026],[106.877413,26.627751],[106.875526,26.628831],[106.873581,26.626825],[106.871379,26.627534],[106.869595,26.621391],[106.860779,26.623929],[106.860968,26.626201],[106.858035,26.62388],[106.856559,26.625521],[106.851831,26.624751],[106.847704,26.620544],[106.842349,26.619255],[106.829299,26.607611],[106.814731,26.604055],[106.81578,26.601494],[106.820834,26.600605],[106.818744,26.597743],[106.816346,26.599097],[106.817247,26.597476],[106.815845,26.59633],[106.817558,26.593777],[106.821066,26.59387],[106.822623,26.592297],[106.822978,26.589595],[106.826501,26.586233],[106.826083,26.58367],[106.819822,26.586118],[106.815812,26.583229],[106.811445,26.5839],[106.811538,26.579702],[106.81401,26.579403],[106.807987,26.576986],[106.813223,26.575087],[106.812812,26.573567],[106.814584,26.572326],[106.806801,26.569084],[106.806818,26.567842],[106.80099,26.56825],[106.800842,26.569952],[106.797484,26.570561],[106.80139,26.574845],[106.798044,26.577001],[106.76642,26.581133],[106.768389,26.584009],[106.77993,26.589227],[106.775484,26.598329],[106.784049,26.604927],[106.783119,26.608091],[106.769933,26.614895],[106.764489,26.607547],[106.760196,26.606604],[106.759319,26.604878],[106.756702,26.606248],[106.755447,26.60493],[106.753633,26.606891],[106.748164,26.606541],[106.746258,26.610074],[106.750784,26.614683],[106.746582,26.617553],[106.747934,26.621079],[106.744536,26.621583],[106.740373,26.62553],[106.738303,26.62334],[106.732771,26.624716],[106.730716,26.628095],[106.736011,26.634333],[106.732152,26.633934],[106.726941,26.636112],[106.723479,26.640923],[106.72215,26.651346],[106.722929,26.653176],[106.725306,26.651973],[106.726888,26.653039],[106.726354,26.658479],[106.725529,26.662434],[106.722724,26.660295],[106.720354,26.660729],[106.723909,26.668515],[106.727119,26.668302],[106.729427,26.670786],[106.728136,26.677665],[106.735236,26.682831],[106.739483,26.682943],[106.747602,26.677743],[106.752763,26.678931],[106.757038,26.677326],[106.755107,26.687185],[106.753016,26.688588],[106.7562,26.694201],[106.754765,26.696339],[106.756109,26.699236],[106.75304,26.703394],[106.75711,26.711571],[106.750567,26.711547],[106.748437,26.714379],[106.745038,26.714655],[106.746589,26.718806],[106.749995,26.718645],[106.745191,26.722886],[106.743887,26.726846],[106.741541,26.728653],[106.741939,26.730324],[106.757622,26.740329],[106.767163,26.740351],[106.774632,26.745216],[106.79083,26.74714],[106.796418,26.762339],[106.797006,26.770415],[106.801715,26.776463],[106.805434,26.785531],[106.807071,26.786855],[106.816179,26.787247],[106.818448,26.788737],[106.817483,26.790862],[106.82348,26.792974],[106.822142,26.795648],[106.822969,26.799104],[106.819651,26.802794],[106.815218,26.803119],[106.810357,26.800763],[106.80633,26.802381],[106.802265,26.801659],[106.801531,26.804097],[106.796016,26.807655],[106.784513,26.819659],[106.772731,26.817758],[106.771903,26.820457],[106.769319,26.819468],[106.766066,26.820708],[106.772788,26.827641],[106.771222,26.829613],[106.771427,26.834116],[106.775068,26.832695],[106.776904,26.835063],[106.769211,26.841264],[106.763219,26.843112],[106.760298,26.848004],[106.761583,26.849809],[106.769407,26.850624],[106.771077,26.857402],[106.76851,26.860124],[106.761072,26.861522],[106.755088,26.860566],[106.750729,26.857539],[106.748049,26.861801],[106.759424,26.869013],[106.762371,26.868975],[106.767315,26.865546],[106.771824,26.866728],[106.772176,26.874711],[106.790837,26.878576],[106.793249,26.881898],[106.796612,26.882559],[106.808961,26.878476],[106.817318,26.888561],[106.821895,26.885821],[106.827357,26.888066],[106.836295,26.888554],[106.843058,26.895998],[106.848889,26.898253],[106.856041,26.894653],[106.857861,26.900303],[106.861262,26.900456],[106.860862,26.904329],[106.866929,26.906343],[106.870603,26.906064],[106.868889,26.895882],[106.870869,26.884826],[106.883153,26.881146],[106.895933,26.885074],[106.893896,26.889609],[106.895372,26.891336],[106.90205,26.892665],[106.917168,26.890274],[106.922315,26.890928],[106.943992,26.902261],[106.954551,26.903583],[106.959942,26.901952],[106.96555,26.896654],[106.974627,26.876445],[106.979462,26.871609],[106.992866,26.873384],[107.000641,26.878393],[107.008956,26.887064],[107.012321,26.888882],[107.015144,26.888411],[107.018204,26.88473],[107.018404,26.879],[107.015719,26.867553],[107.016163,26.860904],[107.022211,26.846898],[107.023674,26.838869],[107.020737,26.828112],[107.007453,26.811671],[107.022766,26.799],[107.033753,26.79207],[107.042186,26.789008],[107.044511,26.789781],[107.044802,26.792295],[107.047104,26.791676],[107.050664,26.787493],[107.053283,26.778993]]]}},{"type":"Feature","properties":{"dt_adcode":"520113"},"geometry":{"type":"Polygon","coordinates":[[[106.694052,26.639504],[106.691943,26.638864],[106.691901,26.637314],[106.688944,26.637484],[106.685659,26.633597],[106.683028,26.639698],[106.678986,26.641854],[106.674869,26.647956],[106.670505,26.647641],[106.668173,26.651062],[106.665678,26.650029],[106.663682,26.653519],[106.665603,26.65507],[106.664209,26.658863],[106.656049,26.660582],[106.656688,26.662509],[106.658908,26.662882],[106.658775,26.665045],[106.651089,26.663959],[106.652997,26.662995],[106.650897,26.660499],[106.64988,26.662714],[106.647295,26.662202],[106.646168,26.666953],[106.644271,26.666246],[106.645244,26.668642],[106.641933,26.66647],[106.636374,26.667011],[106.632412,26.665173],[106.609798,26.666551],[106.609079,26.661642],[106.60597,26.660587],[106.602806,26.661966],[106.603873,26.664745],[106.596852,26.66321],[106.594172,26.665544],[106.593429,26.663878],[106.592591,26.667151],[106.587422,26.668566],[106.587423,26.677853],[106.586119,26.678921],[106.588365,26.686122],[106.583041,26.690948],[106.581271,26.697487],[106.577985,26.698355],[106.574542,26.702314],[106.579702,26.709381],[106.583974,26.711431],[106.585123,26.709892],[106.589078,26.712972],[106.585817,26.714949],[106.587211,26.718014],[106.584535,26.719588],[106.588104,26.725071],[106.594691,26.730708],[106.589403,26.736749],[106.58984,26.741194],[106.583168,26.740631],[106.579526,26.741894],[106.576951,26.740003],[106.574064,26.74045],[106.572318,26.737377],[106.572257,26.740008],[106.571523,26.736696],[106.571119,26.738529],[106.570689,26.736894],[106.563257,26.73802],[106.56239,26.73611],[106.56045,26.736606],[106.560156,26.734359],[106.555937,26.735442],[106.556815,26.736511],[106.554811,26.737371],[106.551432,26.736279],[106.548822,26.739064],[106.551998,26.744385],[106.551196,26.748871],[106.547942,26.75037],[106.546797,26.748055],[106.542816,26.746886],[106.540992,26.751873],[106.542727,26.75571],[106.547232,26.756319],[106.551472,26.753736],[106.558204,26.753797],[106.561617,26.754713],[106.563355,26.758402],[106.570118,26.759183],[106.576687,26.756132],[106.57684,26.750703],[106.586987,26.750684],[106.591327,26.758657],[106.597002,26.757608],[106.599676,26.760827],[106.605167,26.761687],[106.605195,26.763633],[106.611516,26.766533],[106.613634,26.771016],[106.619406,26.775256],[106.621861,26.779121],[106.628496,26.779564],[106.631675,26.778098],[106.634217,26.780017],[106.639813,26.77955],[106.643379,26.781051],[106.644106,26.783911],[106.642451,26.788024],[106.644774,26.790561],[106.651618,26.789264],[106.658826,26.781512],[106.662597,26.78127],[106.678304,26.783573],[106.685851,26.787949],[106.695861,26.786976],[106.697994,26.791056],[106.700949,26.792551],[106.702325,26.791997],[106.700772,26.787462],[106.704899,26.787514],[106.708036,26.790082],[106.710882,26.799156],[106.723232,26.802837],[106.744556,26.805367],[106.750798,26.808847],[106.753466,26.812542],[106.758192,26.811876],[106.766066,26.820708],[106.769319,26.819468],[106.771903,26.820457],[106.772731,26.817758],[106.784513,26.819659],[106.796016,26.807655],[106.801531,26.804097],[106.802265,26.801659],[106.80633,26.802381],[106.810357,26.800763],[106.815218,26.803119],[106.819651,26.802794],[106.822969,26.799104],[106.822142,26.795648],[106.823354,26.792667],[106.817483,26.790862],[106.818448,26.788737],[106.816179,26.787247],[106.807071,26.786855],[106.805434,26.785531],[106.801715,26.776463],[106.797006,26.770415],[106.796418,26.762339],[106.79083,26.74714],[106.774632,26.745216],[106.767163,26.740351],[106.757622,26.740329],[106.741939,26.730324],[106.741541,26.728653],[106.743887,26.726846],[106.745191,26.722886],[106.749995,26.718645],[106.746589,26.718806],[106.745038,26.714655],[106.748437,26.714379],[106.750567,26.711547],[106.75711,26.711571],[106.75304,26.703394],[106.756109,26.699236],[106.754765,26.696339],[106.7562,26.694201],[106.753016,26.688588],[106.755107,26.687185],[106.757038,26.677326],[106.752763,26.678931],[106.747602,26.677743],[106.741713,26.682172],[106.736656,26.682926],[106.727677,26.677156],[106.729145,26.672763],[106.714063,26.677142],[106.708772,26.676244],[106.705185,26.664362],[106.705612,26.660001],[106.702653,26.660153],[106.701926,26.652215],[106.699073,26.654481],[106.699853,26.648296],[106.695457,26.644856],[106.694052,26.639504]]]}},{"type":"Feature","properties":{"dt_adcode":"520115"},"geometry":{"type":"Polygon","coordinates":[[[106.540992,26.751873],[106.542816,26.746886],[106.546797,26.748055],[106.547942,26.75037],[106.551196,26.748871],[106.551998,26.744385],[106.549038,26.741376],[106.5492,26.738],[106.551432,26.736279],[106.554811,26.737371],[106.557846,26.734587],[106.560156,26.734359],[106.56045,26.736606],[106.56239,26.73611],[106.563257,26.73802],[106.570689,26.736894],[106.571119,26.738529],[106.571523,26.736696],[106.572257,26.740008],[106.572318,26.737377],[106.574064,26.74045],[106.576951,26.740003],[106.579526,26.741894],[106.583168,26.740631],[106.58984,26.741194],[106.589403,26.736749],[106.594691,26.730708],[106.588104,26.725071],[106.584535,26.719588],[106.587211,26.718014],[106.585817,26.714949],[106.589078,26.712972],[106.585123,26.709892],[106.583974,26.711431],[106.579702,26.709381],[106.574542,26.702314],[106.577985,26.698355],[106.581271,26.697487],[106.583041,26.690948],[106.588365,26.686122],[106.586119,26.678921],[106.587423,26.677853],[106.587422,26.668566],[106.592591,26.667151],[106.593429,26.663878],[106.594172,26.665544],[106.596852,26.66321],[106.603873,26.664745],[106.602806,26.661966],[106.60597,26.660587],[106.609079,26.661642],[106.609798,26.666551],[106.632412,26.665173],[106.636374,26.667011],[106.641933,26.66647],[106.645244,26.668642],[106.644271,26.666246],[106.646168,26.666953],[106.647295,26.662202],[106.64988,26.662714],[106.650897,26.660499],[106.652997,26.662995],[106.651089,26.663959],[106.658775,26.665045],[106.658908,26.662882],[106.656688,26.662509],[106.656049,26.660582],[106.664209,26.658863],[106.665603,26.65507],[106.663682,26.653519],[106.665678,26.650029],[106.668173,26.651062],[106.670505,26.647641],[106.674869,26.647956],[106.678986,26.641854],[106.683028,26.639698],[106.685659,26.633597],[106.688944,26.637484],[106.691901,26.637314],[106.691943,26.638864],[106.694052,26.639504],[106.690482,26.63117],[106.687083,26.628639],[106.688272,26.621013],[106.691781,26.618565],[106.687544,26.611514],[106.6852,26.611958],[106.68248,26.609548],[106.680984,26.604165],[106.676597,26.605047],[106.676249,26.602677],[106.673396,26.602274],[106.670862,26.607371],[106.669711,26.602288],[106.667947,26.603388],[106.668548,26.604937],[106.665762,26.605575],[106.663956,26.605396],[106.662905,26.602951],[106.65884,26.603937],[106.654826,26.599178],[106.651517,26.598737],[106.652195,26.599971],[106.650717,26.599943],[106.648442,26.596117],[106.642414,26.597487],[106.643409,26.596543],[106.639304,26.594171],[106.63926,26.592149],[106.635938,26.590894],[106.633694,26.593699],[106.628447,26.594103],[106.628105,26.597407],[106.627092,26.596579],[106.618714,26.601589],[106.616424,26.601192],[106.616682,26.599171],[106.612801,26.595319],[106.609144,26.597043],[106.602898,26.595125],[106.604187,26.593339],[106.601222,26.589917],[106.603939,26.589414],[106.595393,26.5847],[106.596559,26.583818],[106.594709,26.582504],[106.597951,26.579459],[106.593844,26.57521],[106.604008,26.572928],[106.606808,26.575469],[106.606934,26.573479],[106.608577,26.574469],[106.609795,26.573371],[106.610051,26.571969],[106.606927,26.572163],[106.609373,26.570249],[106.605106,26.568333],[106.596208,26.568598],[106.592059,26.565282],[106.587766,26.565902],[106.588171,26.56384],[106.590167,26.564351],[106.589385,26.561249],[106.579877,26.55233],[106.582442,26.549802],[106.579977,26.548664],[106.580122,26.547163],[106.583481,26.547023],[106.586254,26.545062],[106.582911,26.54384],[106.581335,26.54484],[106.581808,26.542918],[106.579406,26.543852],[106.579371,26.542053],[106.578876,26.544317],[106.579962,26.545225],[106.577995,26.544819],[106.577466,26.541392],[106.568945,26.536168],[106.569187,26.530928],[106.560604,26.525151],[106.557344,26.527204],[106.555026,26.526377],[106.552611,26.530785],[106.553514,26.53424],[106.548868,26.535961],[106.547902,26.54066],[106.546626,26.541213],[106.543721,26.538301],[106.540064,26.539884],[106.538877,26.541092],[106.539218,26.54632],[106.533912,26.546858],[106.53549,26.549301],[106.532687,26.551643],[106.528761,26.549488],[106.519647,26.550588],[106.519238,26.547089],[106.522144,26.545443],[106.517326,26.542336],[106.517296,26.540921],[106.514605,26.540369],[106.514744,26.538716],[106.511629,26.538754],[106.511818,26.540489],[106.509799,26.538509],[106.504564,26.538539],[106.503115,26.540728],[106.506564,26.543843],[106.506669,26.547324],[106.507898,26.548526],[106.509123,26.547442],[106.506498,26.5523],[106.511866,26.550264],[106.51466,26.551192],[106.513013,26.552754],[106.514279,26.554107],[106.512326,26.557706],[106.513571,26.557743],[106.511013,26.561399],[106.512502,26.560122],[106.514049,26.561896],[106.517494,26.561279],[106.516242,26.563316],[106.517334,26.566975],[106.534707,26.568114],[106.534602,26.570666],[106.536464,26.570263],[106.537881,26.572492],[106.536846,26.573133],[106.538871,26.574616],[106.534915,26.579198],[106.525796,26.58082],[106.523203,26.583689],[106.516506,26.585948],[106.510893,26.586179],[106.511967,26.588773],[106.509693,26.59152],[106.510681,26.596224],[106.50683,26.596663],[106.505332,26.599958],[106.508546,26.598932],[106.510879,26.6017],[106.509599,26.605564],[106.511296,26.606365],[106.510669,26.610065],[106.505796,26.611398],[106.501307,26.610167],[106.49857,26.613653],[106.493173,26.612819],[106.491635,26.608588],[106.492942,26.607839],[106.492467,26.606788],[106.494415,26.605545],[106.495218,26.603284],[106.496484,26.602714],[106.496643,26.601871],[106.495117,26.602944],[106.493102,26.605516],[106.490189,26.605731],[106.489368,26.608275],[106.488485,26.606118],[106.48733,26.606536],[106.486028,26.608696],[106.487093,26.610255],[106.485147,26.609734],[106.483801,26.605717],[106.485331,26.604817],[106.483472,26.605367],[106.480786,26.602502],[106.479416,26.600088],[106.480766,26.599153],[106.474029,26.597901],[106.471377,26.594166],[106.464821,26.591274],[106.462033,26.587589],[106.463375,26.58635],[106.462423,26.585216],[106.45713,26.585202],[106.455401,26.589949],[106.453157,26.589886],[106.453625,26.59249],[106.451973,26.591937],[106.452931,26.59346],[106.451658,26.596001],[106.455239,26.598627],[106.449051,26.597492],[106.445584,26.601167],[106.447984,26.603569],[106.451623,26.616365],[106.448869,26.618528],[106.450374,26.621486],[106.448163,26.623699],[106.452238,26.624005],[106.454897,26.626404],[106.455941,26.633631],[106.457291,26.634637],[106.457634,26.638389],[106.454894,26.639902],[106.454749,26.644238],[106.459122,26.64787],[106.464263,26.656431],[106.467732,26.668896],[106.470297,26.672894],[106.469686,26.675439],[106.471766,26.677156],[106.469767,26.679298],[106.469007,26.676102],[106.468214,26.677128],[106.466069,26.676075],[106.464852,26.678163],[106.46895,26.678361],[106.467243,26.680505],[106.468434,26.682229],[106.470694,26.679266],[106.474431,26.692444],[106.476225,26.693055],[106.474678,26.699425],[106.479634,26.700556],[106.479474,26.702664],[106.477013,26.704618],[106.475594,26.713904],[106.481516,26.728026],[106.480561,26.734798],[106.482172,26.736926],[106.481452,26.739685],[106.483488,26.743541],[106.482418,26.74426],[106.483445,26.748154],[106.486923,26.749834],[106.492122,26.749536],[106.495057,26.751762],[106.494265,26.745835],[106.496723,26.746666],[106.501074,26.745346],[106.505074,26.749067],[106.505655,26.744081],[106.512188,26.74411],[106.51546,26.742522],[106.523467,26.746783],[106.524804,26.742912],[106.528753,26.741501],[106.531592,26.742886],[106.534627,26.742035],[106.537221,26.743883],[106.540992,26.751873]]]}},{"type":"Feature","properties":{"dt_adcode":"520121"},"geometry":{"type":"Polygon","coordinates":[[[106.870603,26.906064],[106.875224,26.908651],[106.875697,26.913383],[106.879226,26.913386],[106.874565,26.921101],[106.883161,26.932449],[106.880814,26.943452],[106.885392,26.952142],[106.880239,26.979681],[106.875138,26.983846],[106.868251,26.986879],[106.855399,26.983317],[106.796932,26.978513],[106.778375,26.965584],[106.767317,26.961533],[106.754491,26.962526],[106.744344,26.97977],[106.757359,27.00376],[106.781675,27.028813],[106.800864,27.05434],[106.805035,27.062328],[106.805676,27.079279],[106.796165,27.108688],[106.794951,27.117633],[106.794501,27.125887],[106.799211,27.137997],[106.82738,27.161607],[106.833847,27.16866],[106.846062,27.187807],[106.850908,27.190646],[106.85944,27.184688],[106.863524,27.185424],[106.868564,27.196605],[106.868,27.205284],[106.88137,27.23134],[106.887871,27.253039],[106.89407,27.263445],[106.899966,27.263306],[106.905994,27.267688],[106.913059,27.278833],[106.926925,27.291331],[106.93411,27.306245],[106.957114,27.312529],[106.993727,27.349447],[107.005755,27.355229],[107.018498,27.356474],[107.041179,27.350719],[107.065322,27.338135],[107.087666,27.32255],[107.098615,27.321534],[107.150018,27.348866],[107.170467,27.356611],[107.187343,27.357667],[107.200762,27.355798],[107.205321,27.339853],[107.202962,27.31806],[107.190694,27.302564],[107.169926,27.284281],[107.162548,27.263377],[107.157364,27.258993],[107.142954,27.255604],[107.139493,27.252681],[107.138426,27.245172],[107.155767,27.234164],[107.160813,27.234031],[107.192217,27.242987],[107.226721,27.242822],[107.236769,27.241051],[107.234833,27.232811],[107.238079,27.22896],[107.248895,27.224912],[107.262384,27.216278],[107.258681,27.180602],[107.255024,27.175364],[107.242624,27.170208],[107.228191,27.16691],[107.215604,27.166121],[107.202467,27.162361],[107.188545,27.157009],[107.182061,27.150891],[107.180466,27.145634],[107.191768,27.123287],[107.190892,27.115047],[107.17424,27.092991],[107.174292,27.070867],[107.166663,27.040921],[107.167034,27.025836],[107.192257,27.026666],[107.197666,27.019245],[107.196765,27.011598],[107.198358,27.008439],[107.222297,27.001361],[107.229007,27.001194],[107.236108,26.99658],[107.242343,26.972629],[107.243897,26.969169],[107.250506,26.96318],[107.253305,26.945344],[107.256546,26.94213],[107.265434,26.90772],[107.274458,26.887059],[107.279169,26.864109],[107.277658,26.845463],[107.270009,26.841264],[107.267919,26.837932],[107.26689,26.831551],[107.268499,26.829895],[107.268598,26.819371],[107.266375,26.816636],[107.266092,26.803245],[107.263424,26.798561],[107.255257,26.792282],[107.246717,26.796349],[107.242582,26.803804],[107.228699,26.80681],[107.216662,26.811942],[107.208276,26.812166],[107.197204,26.806433],[107.172441,26.81916],[107.143919,26.818414],[107.130554,26.820269],[107.121165,26.815232],[107.110218,26.814001],[107.105902,26.810338],[107.088889,26.803213],[107.074586,26.802794],[107.064048,26.787961],[107.055954,26.779772],[107.053283,26.778993],[107.050664,26.787493],[107.047104,26.791676],[107.044802,26.792295],[107.044511,26.789781],[107.042186,26.789008],[107.033753,26.79207],[107.022766,26.799],[107.007453,26.811671],[107.020737,26.828112],[107.023674,26.838869],[107.022211,26.846898],[107.016163,26.860904],[107.015719,26.867553],[107.018404,26.879],[107.018204,26.88473],[107.015144,26.888411],[107.012321,26.888882],[107.008956,26.887064],[107.000641,26.878393],[106.992866,26.873384],[106.979462,26.871609],[106.974627,26.876445],[106.96555,26.896654],[106.959942,26.901952],[106.954551,26.903583],[106.943992,26.902261],[106.922315,26.890928],[106.917168,26.890274],[106.90205,26.892665],[106.895372,26.891336],[106.893896,26.889609],[106.895933,26.885074],[106.883153,26.881146],[106.870869,26.884826],[106.868889,26.895882],[106.870603,26.906064]]]}},{"type":"Feature","properties":{"dt_adcode":"520122"},"geometry":{"type":"Polygon","coordinates":[[[106.714876,27.309254],[106.726608,27.297009],[106.735736,27.276113],[106.735604,27.255366],[106.743999,27.24917],[106.754614,27.246355],[106.742768,27.238948],[106.739934,27.230169],[106.736518,27.226561],[106.737259,27.222387],[106.742362,27.218229],[106.751061,27.220576],[106.755459,27.226537],[106.760054,27.229491],[106.762346,27.242562],[106.760509,27.247886],[106.768038,27.254139],[106.774779,27.253089],[106.785947,27.269583],[106.793965,27.272302],[106.792842,27.277564],[106.798897,27.288663],[106.794784,27.294986],[106.796236,27.305815],[106.798801,27.310858],[106.798074,27.31361],[106.807823,27.319611],[106.81521,27.320592],[106.820523,27.324262],[106.841414,27.322326],[106.840954,27.321244],[106.857426,27.308031],[106.866131,27.288226],[106.880834,27.272048],[106.89407,27.263445],[106.887871,27.253039],[106.88137,27.23134],[106.868,27.205284],[106.868564,27.196605],[106.863524,27.185424],[106.85944,27.184688],[106.850908,27.190646],[106.846062,27.187807],[106.833847,27.16866],[106.819361,27.154569],[106.80568,27.144364],[106.799211,27.137997],[106.795828,27.131837],[106.794501,27.125887],[106.796165,27.108688],[106.805676,27.079279],[106.805035,27.062328],[106.800864,27.05434],[106.781675,27.028813],[106.757359,27.00376],[106.744344,26.97977],[106.747142,26.976775],[106.723227,26.974371],[106.702662,26.974225],[106.676142,26.970194],[106.658673,26.972773],[106.630606,26.968287],[106.611585,26.967446],[106.60698,26.969529],[106.604227,26.981228],[106.601439,26.986514],[106.589639,26.986571],[106.575558,26.99169],[106.56843,27.000212],[106.565162,27.010083],[106.560316,27.015842],[106.547024,27.019824],[106.537037,27.020351],[106.520709,27.029861],[106.507726,27.043931],[106.504688,27.049911],[106.503702,27.056794],[106.505529,27.063426],[106.511189,27.068658],[106.524027,27.074754],[106.524803,27.078183],[106.523054,27.085072],[106.519228,27.088994],[106.512079,27.092252],[106.498846,27.106324],[106.496838,27.115278],[106.501574,27.139304],[106.500587,27.146186],[106.482168,27.151585],[106.474757,27.155987],[106.471208,27.164031],[106.471564,27.183277],[106.469382,27.192982],[106.476994,27.195072],[106.484716,27.201675],[106.531547,27.226958],[106.550397,27.241186],[106.558862,27.242673],[106.569777,27.242271],[106.576809,27.244578],[106.619491,27.274768],[106.632882,27.30238],[106.664412,27.301825],[106.6881,27.313354],[106.703173,27.308533],[106.714876,27.309254]]]}},{"type":"Feature","properties":{"dt_adcode":"520123"},"geometry":{"type":"Polygon","coordinates":[[[106.747142,26.976775],[106.754491,26.962526],[106.767317,26.961533],[106.778375,26.965584],[106.796932,26.978513],[106.855399,26.983317],[106.868251,26.986879],[106.875138,26.983846],[106.880239,26.979681],[106.885392,26.952142],[106.880814,26.943452],[106.883161,26.932449],[106.874565,26.921101],[106.879226,26.913386],[106.875697,26.913383],[106.875544,26.909224],[106.87315,26.907065],[106.860862,26.904329],[106.861262,26.900456],[106.857861,26.900303],[106.856041,26.894653],[106.851588,26.897952],[106.846369,26.897683],[106.840125,26.893701],[106.836295,26.888554],[106.827357,26.888066],[106.821895,26.885821],[106.817318,26.888561],[106.808961,26.878476],[106.796612,26.882559],[106.793249,26.881898],[106.790837,26.878576],[106.772176,26.874711],[106.771824,26.866728],[106.770405,26.866066],[106.767315,26.865546],[106.762371,26.868975],[106.759424,26.869013],[106.74963,26.863836],[106.748163,26.861112],[106.750729,26.857539],[106.755088,26.860566],[106.75966,26.861481],[106.766104,26.860848],[106.770131,26.858715],[106.771339,26.855578],[106.769407,26.850624],[106.761583,26.849809],[106.760462,26.846095],[106.776904,26.835063],[106.775068,26.832695],[106.771427,26.834116],[106.771222,26.829613],[106.772788,26.827641],[106.762723,26.818416],[106.762019,26.815556],[106.758192,26.811876],[106.753466,26.812542],[106.750798,26.808847],[106.744556,26.805367],[106.723232,26.802837],[106.710882,26.799156],[106.708036,26.790082],[106.704899,26.787514],[106.700772,26.787462],[106.702325,26.791997],[106.700949,26.792551],[106.697994,26.791056],[106.695861,26.786976],[106.685851,26.787949],[106.678304,26.783573],[106.662597,26.78127],[106.658826,26.781512],[106.651618,26.789264],[106.644774,26.790561],[106.642451,26.788024],[106.644106,26.783911],[106.643379,26.781051],[106.639813,26.77955],[106.634217,26.780017],[106.631675,26.778098],[106.628496,26.779564],[106.621861,26.779121],[106.619406,26.775256],[106.613634,26.771016],[106.611516,26.766533],[106.605195,26.763633],[106.605167,26.761687],[106.599676,26.760827],[106.597002,26.757608],[106.591327,26.758657],[106.586987,26.750684],[106.57684,26.750703],[106.576687,26.756132],[106.570118,26.759183],[106.563355,26.758402],[106.561617,26.754713],[106.558204,26.753797],[106.551472,26.753736],[106.547232,26.756319],[106.542727,26.75571],[106.538968,26.765327],[106.537849,26.778391],[106.546667,26.796276],[106.546919,26.806068],[106.54109,26.809225],[106.534439,26.809372],[106.512423,26.799336],[106.487339,26.79992],[106.466066,26.786092],[106.454346,26.786355],[106.44523,26.79032],[106.439535,26.797227],[106.444147,26.814463],[106.437698,26.825152],[106.437829,26.830424],[106.455303,26.859436],[106.455502,26.867721],[106.451395,26.870827],[106.440457,26.869559],[106.424326,26.861609],[106.418452,26.861726],[106.398153,26.890768],[106.393602,26.911204],[106.364662,26.932086],[106.372038,26.959084],[106.383411,26.976963],[106.394526,26.984293],[106.420801,26.992817],[106.441949,27.007449],[106.443906,27.010419],[106.441496,27.014992],[106.435096,27.016262],[106.427387,27.022073],[106.413565,27.041197],[106.410423,27.050304],[106.41157,27.063094],[106.399645,27.091964],[106.401219,27.122076],[106.413655,27.148964],[106.420494,27.153346],[106.434903,27.157569],[106.440053,27.161979],[106.446547,27.186708],[106.451677,27.190365],[106.469382,27.192982],[106.471564,27.183277],[106.471208,27.164031],[106.474757,27.155987],[106.482168,27.151585],[106.500587,27.146186],[106.501574,27.139304],[106.496838,27.115278],[106.498846,27.106324],[106.512079,27.092252],[106.519228,27.088994],[106.523054,27.085072],[106.524803,27.078183],[106.524027,27.074754],[106.511189,27.068658],[106.505529,27.063426],[106.503702,27.056794],[106.504688,27.049911],[106.507726,27.043931],[106.520709,27.029861],[106.537037,27.020351],[106.547024,27.019824],[106.560316,27.015842],[106.565162,27.010083],[106.56843,27.000212],[106.575558,26.99169],[106.589639,26.986571],[106.601439,26.986514],[106.604227,26.981228],[106.60698,26.969529],[106.611585,26.967446],[106.630606,26.968287],[106.658673,26.972773],[106.676142,26.970194],[106.702662,26.974225],[106.723227,26.974371],[106.747142,26.976775]]]}},{"type":"Feature","properties":{"dt_adcode":"520181"},"geometry":{"type":"Polygon","coordinates":[[[106.454835,26.426979],[106.45664,26.423141],[106.450966,26.42297],[106.45118,26.425429],[106.449017,26.427801],[106.450182,26.42983],[106.445674,26.4369],[106.445865,26.443494],[106.450258,26.446971],[106.447996,26.453473],[106.443914,26.457609],[106.434254,26.457913],[106.409465,26.441799],[106.398227,26.439731],[106.36703,26.444038],[106.358578,26.446693],[106.356183,26.449016],[106.343398,26.448654],[106.328172,26.45062],[106.326581,26.456478],[106.329266,26.460466],[106.331858,26.459196],[106.336256,26.461213],[106.340784,26.461198],[106.343504,26.463343],[106.343177,26.471263],[106.352231,26.472344],[106.349854,26.482255],[106.34587,26.487153],[106.335737,26.487388],[106.337129,26.48986],[106.336089,26.490242],[106.331944,26.488858],[106.322586,26.48923],[106.320103,26.494844],[106.324689,26.508621],[106.325699,26.520326],[106.320044,26.53201],[106.315685,26.536359],[106.29493,26.542266],[106.279803,26.555305],[106.258829,26.550218],[106.232537,26.53871],[106.226665,26.537557],[106.207001,26.539612],[106.201385,26.542364],[106.192772,26.550734],[106.18426,26.553132],[106.187706,26.562525],[106.18123,26.57102],[106.184184,26.573575],[106.188774,26.57426],[106.186169,26.579368],[106.187334,26.587964],[106.171122,26.597883],[106.170613,26.601355],[106.168557,26.602706],[106.163931,26.613255],[106.150423,26.624424],[106.148005,26.633935],[106.143117,26.640057],[106.126584,26.649415],[106.125092,26.657732],[106.133617,26.665106],[106.164687,26.669774],[106.172338,26.674895],[106.173335,26.682408],[106.163901,26.709724],[106.164309,26.728557],[106.171571,26.754033],[106.172707,26.767574],[106.165386,26.777517],[106.149642,26.785364],[106.12575,26.803909],[106.131397,26.832439],[106.140093,26.846592],[106.149454,26.853191],[106.168795,26.855822],[106.169977,26.859745],[106.197579,26.86881],[106.211308,26.882858],[106.223239,26.890911],[106.234159,26.891453],[106.244606,26.870905],[106.251159,26.863999],[106.262778,26.857756],[106.269502,26.857634],[106.279722,26.863478],[106.301496,26.895502],[106.308229,26.895385],[106.331502,26.882924],[106.339073,26.882795],[106.351692,26.889575],[106.35798,26.899045],[106.357659,26.920904],[106.359503,26.927656],[106.364662,26.932086],[106.393602,26.911204],[106.398153,26.890768],[106.418452,26.861726],[106.424326,26.861609],[106.440457,26.869559],[106.451395,26.870827],[106.455502,26.867721],[106.455303,26.859436],[106.437829,26.830424],[106.437698,26.825152],[106.444147,26.814463],[106.439535,26.797227],[106.44523,26.79032],[106.454346,26.786355],[106.466066,26.786092],[106.487339,26.79992],[106.512423,26.799336],[106.534439,26.809372],[106.54109,26.809225],[106.546919,26.806068],[106.546667,26.796276],[106.537849,26.778391],[106.538968,26.765327],[106.542818,26.756988],[106.537221,26.743883],[106.534627,26.742035],[106.531592,26.742886],[106.528358,26.74149],[106.524804,26.742912],[106.524671,26.74564],[106.522879,26.74679],[106.51546,26.742522],[106.512188,26.74411],[106.507368,26.743274],[106.504885,26.744718],[106.505074,26.749067],[106.501074,26.745346],[106.496723,26.746666],[106.494265,26.745835],[106.494783,26.751795],[106.492122,26.749536],[106.486923,26.749834],[106.483445,26.748154],[106.482418,26.74426],[106.483488,26.743541],[106.481452,26.739685],[106.482172,26.736926],[106.480561,26.734798],[106.481516,26.728026],[106.475594,26.713904],[106.477013,26.704618],[106.479474,26.702664],[106.479634,26.700556],[106.474678,26.699425],[106.476225,26.693055],[106.474431,26.692444],[106.470694,26.679266],[106.468434,26.682229],[106.467243,26.680505],[106.46895,26.678361],[106.464852,26.678163],[106.466069,26.676075],[106.468214,26.677128],[106.469007,26.676102],[106.469767,26.679298],[106.471766,26.677156],[106.469686,26.675439],[106.470297,26.672894],[106.467732,26.668896],[106.464263,26.656431],[106.459122,26.64787],[106.454749,26.644238],[106.454894,26.639902],[106.457764,26.637344],[106.454897,26.626404],[106.452238,26.624005],[106.448163,26.623699],[106.450374,26.621486],[106.448869,26.618528],[106.451623,26.616365],[106.447984,26.603569],[106.445714,26.600599],[106.449051,26.597492],[106.455239,26.598627],[106.451658,26.596001],[106.452931,26.59346],[106.451973,26.591937],[106.453625,26.59249],[106.453157,26.589886],[106.455401,26.589949],[106.45713,26.585202],[106.462423,26.585216],[106.463375,26.58635],[106.462033,26.587589],[106.464821,26.591274],[106.471377,26.594166],[106.474029,26.597901],[106.480766,26.599153],[106.479821,26.601154],[106.48349,26.603928],[106.482919,26.605079],[106.485331,26.604817],[106.483801,26.605717],[106.486341,26.61033],[106.48733,26.606536],[106.488485,26.606118],[106.489368,26.608275],[106.490189,26.605731],[106.493102,26.605516],[106.495117,26.602944],[106.496643,26.601871],[106.491655,26.608832],[106.493173,26.612819],[106.49857,26.613653],[106.501307,26.610167],[106.505796,26.611398],[106.510864,26.609714],[106.511296,26.606365],[106.509599,26.605564],[106.510879,26.6017],[106.508546,26.598932],[106.505332,26.599958],[106.50683,26.596663],[106.510681,26.596224],[106.509693,26.59152],[106.511967,26.588773],[106.510893,26.586179],[106.516506,26.585948],[106.523203,26.583689],[106.525796,26.58082],[106.534915,26.579198],[106.538871,26.574616],[106.536846,26.573133],[106.537881,26.572492],[106.536464,26.570263],[106.534602,26.570666],[106.534707,26.568114],[106.517334,26.566975],[106.516242,26.563316],[106.517494,26.561279],[106.514049,26.561896],[106.512502,26.560122],[106.511013,26.561399],[106.513571,26.557743],[106.512326,26.557706],[106.514279,26.554107],[106.513013,26.552754],[106.51466,26.551192],[106.511866,26.550264],[106.506498,26.5523],[106.509123,26.547442],[106.507898,26.548526],[106.506669,26.547324],[106.506564,26.543843],[106.503115,26.540728],[106.504564,26.538539],[106.507222,26.539069],[106.505996,26.535792],[106.508648,26.53672],[106.509074,26.535637],[106.507,26.529351],[106.501952,26.525268],[106.511265,26.525085],[106.515292,26.515714],[106.513345,26.514033],[106.510544,26.514473],[106.505263,26.503421],[106.49903,26.499094],[106.508943,26.497641],[106.511797,26.484478],[106.509266,26.482944],[106.514879,26.478977],[106.516027,26.47327],[106.513689,26.471618],[106.508932,26.472089],[106.499828,26.479143],[106.48618,26.481585],[106.484971,26.479295],[106.485807,26.461718],[106.477368,26.458926],[106.471386,26.449164],[106.46398,26.442798],[106.45514,26.428923],[106.454835,26.426979]]]}},{"type":"Feature","properties":{"dt_adcode":"520201"},"geometry":{"type":"MultiPolygon","coordinates":[[[[104.987075,26.632737],[104.989026,26.625864],[104.983342,26.621332],[104.983253,26.619017],[104.980595,26.616884],[104.982353,26.609021],[104.978303,26.603394],[104.978595,26.600777],[104.981309,26.59952],[104.98783,26.604375],[104.983253,26.593829],[104.986691,26.589254],[104.982409,26.585558],[104.983166,26.581576],[104.981192,26.577623],[104.982565,26.576549],[104.975484,26.572364],[104.972138,26.572059],[104.970551,26.569527],[104.965315,26.567151],[104.965309,26.563915],[104.963691,26.565539],[104.958084,26.564966],[104.953508,26.567828],[104.946293,26.558648],[104.936759,26.567826],[104.932838,26.564141],[104.928066,26.568175],[104.924531,26.568695],[104.924017,26.563083],[104.921663,26.56035],[104.923953,26.558148],[104.922024,26.551204],[104.917276,26.549775],[104.915814,26.54599],[104.909764,26.545925],[104.907724,26.541528],[104.9085,26.537462],[104.901828,26.53588],[104.900433,26.524364],[104.904262,26.523262],[104.908237,26.519213],[104.905336,26.51446],[104.89495,26.515486],[104.862366,26.526866],[104.814397,26.551441],[104.802354,26.562266],[104.795673,26.561365],[104.784968,26.556546],[104.782345,26.557174],[104.776217,26.561886],[104.776203,26.569432],[104.773036,26.579333],[104.761844,26.583783],[104.760318,26.588819],[104.752764,26.591861],[104.750507,26.597978],[104.747398,26.600625],[104.748681,26.604349],[104.752497,26.605384],[104.751553,26.607993],[104.745759,26.612789],[104.742324,26.619585],[104.738418,26.623361],[104.727108,26.625249],[104.72401,26.627548],[104.737457,26.635205],[104.743282,26.640982],[104.74503,26.646724],[104.744309,26.6678],[104.747693,26.685623],[104.762109,26.691051],[104.76403,26.698587],[104.762567,26.703511],[104.75739,26.708719],[104.757383,26.712486],[104.761892,26.717708],[104.76315,26.733937],[104.759711,26.744919],[104.756142,26.76964],[104.756724,26.789356],[104.766853,26.803182],[104.790249,26.821216],[104.796071,26.828816],[104.800733,26.844516],[104.82087,26.861733],[104.8244,26.867711],[104.825614,26.875284],[104.829916,26.880576],[104.838076,26.884978],[104.845231,26.886391],[104.854494,26.88186],[104.863038,26.871823],[104.866751,26.857177],[104.872704,26.850338],[104.889979,26.837152],[104.900811,26.831037],[104.910823,26.829959],[104.916449,26.832292],[104.925862,26.843367],[104.936733,26.865682],[104.947651,26.883188],[104.961677,26.898666],[104.969102,26.903544],[104.988368,26.909452],[104.998379,26.914587],[105.008154,26.917197],[105.018704,26.917752],[105.020797,26.913646],[105.024571,26.890304],[105.025163,26.879767],[105.023437,26.869667],[105.020899,26.864373],[104.999152,26.845838],[104.995594,26.839848],[104.997206,26.830237],[105.003458,26.820899],[105.011471,26.816164],[105.047289,26.809374],[105.054772,26.805077],[105.06617,26.792101],[105.065952,26.786831],[105.059047,26.781506],[105.052384,26.779164],[105.04984,26.774331],[105.056303,26.770028],[105.084599,26.762898],[105.091312,26.756293],[105.094685,26.750129],[105.094493,26.741419],[105.083032,26.728742],[105.079751,26.721159],[105.079299,26.711989],[105.080925,26.698481],[105.083282,26.691851],[105.091821,26.680906],[105.095203,26.673136],[105.095516,26.664202],[105.094037,26.656402],[105.088933,26.653924],[105.08695,26.649578],[105.080726,26.649784],[105.082871,26.645488],[105.078837,26.647022],[105.068279,26.656688],[105.066921,26.661923],[105.06151,26.668251],[105.060823,26.675191],[105.057991,26.675843],[105.052798,26.681787],[105.04237,26.681979],[105.035461,26.680368],[105.031554,26.678067],[105.022367,26.657898],[105.021078,26.648503],[105.013996,26.638069],[105.008546,26.63335],[105.000306,26.637186],[104.987075,26.632737]]],[[[104.705328,26.802318],[104.683336,26.778121],[104.679383,26.765297],[104.662187,26.745037],[104.655153,26.743342],[104.652483,26.736632],[104.653993,26.734677],[104.650902,26.733085],[104.639848,26.730836],[104.628042,26.731572],[104.598337,26.738132],[104.592222,26.743896],[104.591736,26.747336],[104.593299,26.750767],[104.602847,26.761492],[104.605185,26.766293],[104.604203,26.772257],[104.597123,26.788339],[104.598974,26.795666],[104.60337,26.801603],[104.612914,26.80981],[104.626836,26.819604],[104.629951,26.824404],[104.636869,26.859221],[104.639106,26.863388],[104.644771,26.861842],[104.647669,26.854996],[104.648339,26.840791],[104.651464,26.836701],[104.66737,26.839386],[104.674527,26.843359],[104.684201,26.852396],[104.690862,26.854754],[104.696547,26.852064],[104.70049,26.842932],[104.705154,26.813645],[104.705328,26.802318]]]]}},{"type":"Feature","properties":{"dt_adcode":"520203"},"geometry":{"type":"Polygon","coordinates":[[[105.60845,26.115143],[105.600156,26.112073],[105.600622,26.103989],[105.595544,26.096736],[105.594774,26.088016],[105.59182,26.085343],[105.591796,26.079588],[105.589304,26.078112],[105.592523,26.076358],[105.594089,26.067865],[105.590256,26.063201],[105.582472,26.066065],[105.5743,26.074299],[105.567171,26.077726],[105.558016,26.077492],[105.547096,26.074966],[105.536441,26.068781],[105.52707,26.060537],[105.509362,26.039013],[105.498981,26.030311],[105.443147,26.017454],[105.408544,26.016911],[105.38385,26.012691],[105.373395,26.013097],[105.35908,26.018062],[105.299661,26.008097],[105.277457,26.012324],[105.267013,26.011126],[105.261153,26.008578],[105.253044,26.000982],[105.248585,25.991472],[105.250099,25.987487],[105.25424,25.985502],[105.250921,25.979949],[105.243331,25.980514],[105.235078,25.986707],[105.227755,25.996731],[105.226666,26.002215],[105.222874,26.006371],[105.220959,26.013811],[105.218055,26.015024],[105.220132,26.022903],[105.216805,26.029095],[105.213821,26.030913],[105.214305,26.034299],[105.210415,26.043597],[105.202573,26.04887],[105.201203,26.055766],[105.189534,26.064232],[105.188728,26.066894],[105.193969,26.08422],[105.19405,26.090792],[105.189738,26.102531],[105.185264,26.106127],[105.17525,26.11939],[105.175391,26.126385],[105.179644,26.139983],[105.180793,26.149516],[105.177549,26.158734],[105.181901,26.159049],[105.188028,26.163634],[105.187699,26.17383],[105.173,26.175625],[105.158537,26.17457],[105.15518,26.171805],[105.14721,26.159562],[105.139831,26.15375],[105.138633,26.150609],[105.124548,26.163647],[105.126242,26.164016],[105.129194,26.169637],[105.138731,26.174618],[105.139863,26.179226],[105.137356,26.184077],[105.150024,26.189018],[105.146502,26.197696],[105.164038,26.205553],[105.178767,26.215309],[105.193156,26.238717],[105.205095,26.244715],[105.207619,26.248845],[105.206527,26.260982],[105.210727,26.286192],[105.217236,26.306371],[105.222565,26.312345],[105.238331,26.321798],[105.240859,26.326161],[105.24264,26.341484],[105.234212,26.346901],[105.23341,26.362526],[105.202178,26.363538],[105.191722,26.372496],[105.191454,26.38155],[105.187071,26.383476],[105.186522,26.394316],[105.190775,26.399021],[105.219705,26.412666],[105.227587,26.418424],[105.256068,26.445803],[105.259597,26.453379],[105.258033,26.4591],[105.254696,26.462521],[105.250073,26.465478],[105.238034,26.469092],[105.226999,26.479815],[105.217038,26.49629],[105.217717,26.497849],[105.229858,26.500096],[105.240943,26.504741],[105.252515,26.520823],[105.278034,26.517456],[105.281527,26.518647],[105.292456,26.531249],[105.305106,26.532146],[105.319963,26.526316],[105.331703,26.511458],[105.342225,26.508491],[105.353519,26.510006],[105.350228,26.502347],[105.350452,26.499451],[105.342267,26.496472],[105.340925,26.493923],[105.352263,26.476495],[105.352789,26.469521],[105.358866,26.471063],[105.360509,26.477942],[105.362285,26.479925],[105.366268,26.480318],[105.369502,26.477536],[105.372721,26.469857],[105.378158,26.464821],[105.388495,26.463593],[105.392469,26.460973],[105.399883,26.459399],[105.412474,26.460375],[105.428506,26.458798],[105.43876,26.44874],[105.44235,26.442333],[105.447206,26.440507],[105.470413,26.438466],[105.5015,26.439386],[105.507872,26.437323],[105.513453,26.43075],[105.514313,26.414644],[105.523282,26.394942],[105.527134,26.381653],[105.532001,26.374093],[105.537899,26.359663],[105.518567,26.354393],[105.500033,26.340887],[105.495938,26.335648],[105.498196,26.328402],[105.495509,26.322504],[105.490914,26.321056],[105.48778,26.315174],[105.488516,26.307374],[105.486709,26.298711],[105.473316,26.28736],[105.471463,26.283278],[105.471834,26.265077],[105.473324,26.259801],[105.480737,26.252796],[105.492193,26.245831],[105.502672,26.229563],[105.510153,26.223617],[105.518029,26.227196],[105.524772,26.236658],[105.531447,26.235652],[105.531386,26.233675],[105.53335,26.233103],[105.531256,26.225126],[105.532024,26.221649],[105.542577,26.22218],[105.546003,26.227296],[105.556522,26.231253],[105.559637,26.230935],[105.568614,26.224522],[105.578538,26.225702],[105.587307,26.232208],[105.591774,26.232079],[105.592851,26.230224],[105.591606,26.222938],[105.593166,26.220863],[105.595941,26.220416],[105.597102,26.21317],[105.601149,26.210191],[105.633635,26.207058],[105.647025,26.208836],[105.661657,26.20853],[105.680436,26.200655],[105.697016,26.189089],[105.705466,26.181134],[105.709352,26.182445],[105.715788,26.18889],[105.719663,26.184661],[105.721099,26.172733],[105.72287,26.17017],[105.718559,26.164673],[105.710485,26.164138],[105.707382,26.168412],[105.695721,26.170241],[105.69017,26.169182],[105.679361,26.162741],[105.680431,26.157481],[105.679359,26.154385],[105.676878,26.152239],[105.669556,26.150405],[105.668765,26.147697],[105.672494,26.143168],[105.67298,26.139518],[105.669456,26.135308],[105.660094,26.136719],[105.646316,26.143578],[105.635922,26.139821],[105.632943,26.140087],[105.620842,26.157559],[105.611713,26.16034],[105.607224,26.154286],[105.613383,26.135064],[105.6073,26.119935],[105.60845,26.115143]]]}},{"type":"Feature","properties":{"dt_adcode":"520204"},"geometry":{"type":"Polygon","coordinates":[[[104.975484,26.572364],[104.982565,26.576549],[104.981192,26.577623],[104.983166,26.581576],[104.982409,26.585558],[104.986691,26.589254],[104.983253,26.593829],[104.98783,26.604375],[104.981486,26.599566],[104.978279,26.60158],[104.982353,26.609021],[104.980595,26.616884],[104.983253,26.619017],[104.983342,26.621332],[104.989026,26.625864],[104.986996,26.633349],[105.000306,26.637186],[105.006057,26.633657],[105.008932,26.633542],[105.013996,26.638069],[105.021078,26.648503],[105.022367,26.657898],[105.031554,26.678067],[105.039709,26.681518],[105.052326,26.681941],[105.057991,26.675843],[105.060823,26.675191],[105.061853,26.667406],[105.066921,26.661923],[105.068279,26.656688],[105.074803,26.650244],[105.082871,26.645488],[105.080726,26.649784],[105.08695,26.649578],[105.089724,26.64622],[105.100104,26.642224],[105.105882,26.635379],[105.109088,26.624043],[105.114073,26.620972],[105.126768,26.625554],[105.128539,26.622816],[105.123546,26.612439],[105.131541,26.60692],[105.134422,26.602194],[105.142213,26.577169],[105.144156,26.575819],[105.147513,26.576714],[105.159787,26.586247],[105.169024,26.590351],[105.176829,26.591753],[105.183669,26.590697],[105.191319,26.585972],[105.194754,26.581528],[105.211409,26.575285],[105.212961,26.566224],[105.208597,26.553474],[105.208466,26.544437],[105.218175,26.533921],[105.224391,26.532497],[105.229816,26.528639],[105.237631,26.527791],[105.248319,26.524088],[105.252515,26.520823],[105.240943,26.504741],[105.229858,26.500096],[105.219159,26.499063],[105.216969,26.49675],[105.226999,26.479815],[105.238034,26.469092],[105.250073,26.465478],[105.258033,26.4591],[105.259597,26.453379],[105.256068,26.445803],[105.227587,26.418424],[105.219705,26.412666],[105.190775,26.399021],[105.186522,26.394316],[105.187071,26.383476],[105.191454,26.38155],[105.190735,26.374539],[105.193416,26.37045],[105.205006,26.36251],[105.23341,26.362526],[105.234212,26.346901],[105.24264,26.341484],[105.240859,26.326161],[105.238331,26.321798],[105.222565,26.312345],[105.217236,26.306371],[105.210727,26.286192],[105.206527,26.260982],[105.207619,26.248845],[105.205095,26.244715],[105.193156,26.238717],[105.178767,26.215309],[105.164038,26.205553],[105.146502,26.197696],[105.150024,26.189018],[105.137356,26.184077],[105.139863,26.179226],[105.138731,26.174618],[105.129194,26.169637],[105.126242,26.164016],[105.104352,26.164629],[105.090837,26.158526],[105.086724,26.158349],[105.078244,26.160672],[105.068638,26.161088],[105.064721,26.164114],[105.063341,26.168758],[105.052169,26.172663],[105.032693,26.156251],[105.019189,26.148822],[105.004531,26.133038],[104.999961,26.120749],[105.011949,26.091544],[105.004731,26.085923],[105.000029,26.077691],[104.994439,26.072602],[104.988335,26.068422],[104.976856,26.066296],[104.972034,26.056805],[104.967915,26.054115],[104.962581,26.054479],[104.952371,26.060367],[104.94275,26.060098],[104.940002,26.059104],[104.930924,26.050168],[104.920088,26.046132],[104.914035,26.056593],[104.915824,26.070439],[104.909096,26.071421],[104.888528,26.097614],[104.882129,26.100322],[104.872702,26.101409],[104.857683,26.102238],[104.823123,26.097694],[104.802142,26.081768],[104.784346,26.079823],[104.762953,26.08013],[104.738682,26.085659],[104.730778,26.085131],[104.707904,26.075525],[104.703205,26.086015],[104.701769,26.101803],[104.694754,26.113643],[104.684437,26.124073],[104.673667,26.127397],[104.651684,26.128311],[104.636044,26.133878],[104.633551,26.141201],[104.642158,26.142383],[104.644903,26.143877],[104.646516,26.147298],[104.645279,26.151225],[104.639183,26.158629],[104.639727,26.16711],[104.636894,26.174957],[104.633056,26.224088],[104.628645,26.230457],[104.614018,26.236498],[104.607561,26.243311],[104.604398,26.252444],[104.607397,26.258887],[104.614255,26.261929],[104.616759,26.266762],[104.615412,26.273164],[104.612535,26.279551],[104.601226,26.287604],[104.576916,26.290788],[104.581551,26.295014],[104.581794,26.3008],[104.584728,26.30636],[104.589573,26.311073],[104.591796,26.317082],[104.595366,26.319038],[104.600535,26.321226],[104.613814,26.322707],[104.621979,26.328988],[104.633566,26.328168],[104.647734,26.330639],[104.659103,26.33516],[104.657806,26.350971],[104.65906,26.355771],[104.668133,26.364157],[104.67051,26.364812],[104.676012,26.362959],[104.680514,26.364141],[104.684023,26.369641],[104.682752,26.375354],[104.684137,26.377357],[104.671233,26.386179],[104.664782,26.397772],[104.664869,26.401946],[104.66904,26.407273],[104.664861,26.419455],[104.665663,26.42747],[104.664549,26.430664],[104.665785,26.434057],[104.658115,26.437472],[104.642116,26.43911],[104.632232,26.451816],[104.631832,26.461611],[104.638811,26.476653],[104.636514,26.482036],[104.630189,26.490201],[104.620856,26.497211],[104.620578,26.501489],[104.617378,26.503098],[104.615107,26.508947],[104.612849,26.508799],[104.607234,26.512366],[104.599579,26.520204],[104.578419,26.525853],[104.570653,26.524623],[104.568103,26.532772],[104.569231,26.538969],[104.581448,26.543119],[104.655559,26.518685],[104.6676,26.518354],[104.676812,26.52074],[104.677282,26.524182],[104.6705,26.536252],[104.675829,26.541349],[104.688376,26.543542],[104.691649,26.549304],[104.692842,26.558022],[104.691842,26.580465],[104.688284,26.600487],[104.689254,26.604134],[104.694629,26.609594],[104.72401,26.627548],[104.727108,26.625249],[104.738418,26.623361],[104.742324,26.619585],[104.745759,26.612789],[104.751553,26.607993],[104.752497,26.605384],[104.748681,26.604349],[104.747398,26.600625],[104.750507,26.597978],[104.752764,26.591861],[104.760318,26.588819],[104.761844,26.583783],[104.773036,26.579333],[104.776203,26.569432],[104.776217,26.561886],[104.782345,26.557174],[104.784968,26.556546],[104.795673,26.561365],[104.802354,26.562266],[104.814397,26.551441],[104.862366,26.526866],[104.89495,26.515486],[104.905707,26.514479],[104.907728,26.517189],[104.908097,26.519448],[104.899905,26.525783],[104.901828,26.53588],[104.9085,26.537462],[104.907724,26.541528],[104.909764,26.545925],[104.915814,26.54599],[104.917276,26.549775],[104.922024,26.551204],[104.923953,26.558148],[104.921663,26.56035],[104.924017,26.563083],[104.924531,26.568695],[104.928066,26.568175],[104.932838,26.564141],[104.936759,26.567826],[104.946293,26.558648],[104.953508,26.567828],[104.958084,26.564966],[104.963691,26.565539],[104.965309,26.563915],[104.965315,26.567151],[104.970551,26.569527],[104.972138,26.572059],[104.975484,26.572364]]]}},{"type":"Feature","properties":{"dt_adcode":"520281"},"geometry":{"type":"Polygon","coordinates":[[[104.965963,26.054008],[104.959955,26.044795],[104.957848,26.038647],[104.958691,26.033465],[104.955535,26.009215],[104.949586,26.000222],[104.940084,25.974696],[104.940598,25.964082],[104.935609,25.948377],[104.930082,25.940574],[104.936557,25.928715],[104.945506,25.925355],[104.951158,25.920135],[104.950121,25.914796],[104.944312,25.906889],[104.948379,25.897821],[104.948996,25.878991],[104.947473,25.868871],[104.942763,25.866289],[104.932968,25.864813],[104.922866,25.857368],[104.920314,25.852867],[104.911071,25.846929],[104.901094,25.848529],[104.891482,25.841336],[104.888481,25.837357],[104.88498,25.82233],[104.878469,25.813727],[104.878726,25.807507],[104.873151,25.805886],[104.872831,25.803316],[104.87286,25.780281],[104.870101,25.774914],[104.877666,25.744713],[104.879857,25.744436],[104.893182,25.723172],[104.904719,25.709965],[104.909117,25.700604],[104.909212,25.688922],[104.901328,25.659087],[104.896062,25.650347],[104.87084,25.633007],[104.861555,25.621498],[104.863143,25.614407],[104.876688,25.600513],[104.881002,25.591041],[104.886198,25.590687],[104.886498,25.582458],[104.889677,25.579315],[104.889453,25.575499],[104.878969,25.571202],[104.880037,25.564792],[104.888276,25.556781],[104.902809,25.557038],[104.914369,25.55015],[104.911778,25.541134],[104.913168,25.517017],[104.902154,25.499039],[104.901259,25.493021],[104.892806,25.480298],[104.87268,25.460918],[104.860046,25.442972],[104.850624,25.414443],[104.850504,25.402718],[104.855777,25.383705],[104.857957,25.381894],[104.86434,25.381273],[104.869083,25.375837],[104.880922,25.374563],[104.887677,25.370122],[104.88961,25.366685],[104.886825,25.35989],[104.879055,25.357631],[104.872959,25.351224],[104.868363,25.350114],[104.861574,25.360023],[104.855146,25.365537],[104.84982,25.367797],[104.844538,25.36433],[104.834052,25.34892],[104.822233,25.341977],[104.783838,25.337157],[104.754956,25.340383],[104.741285,25.339354],[104.710389,25.334946],[104.699535,25.329795],[104.69244,25.328576],[104.687826,25.333114],[104.688018,25.340219],[104.690482,25.347807],[104.688619,25.35535],[104.683979,25.362637],[104.664529,25.377784],[104.659488,25.374292],[104.654813,25.360037],[104.652396,25.358102],[104.649111,25.359288],[104.645803,25.356797],[104.636103,25.365155],[104.622557,25.365974],[104.615996,25.364618],[104.611314,25.369842],[104.600373,25.375726],[104.594718,25.382891],[104.591496,25.383844],[104.593572,25.387841],[104.591757,25.390208],[104.584828,25.394476],[104.578918,25.395871],[104.57641,25.401057],[104.574353,25.401958],[104.566833,25.402675],[104.559973,25.394135],[104.554572,25.394631],[104.548582,25.400493],[104.542006,25.401446],[104.538679,25.408045],[104.543658,25.417196],[104.545271,25.431143],[104.545705,25.444919],[104.543149,25.461624],[104.544371,25.465299],[104.551226,25.473831],[104.551175,25.485402],[104.556012,25.503832],[104.553334,25.515377],[104.556998,25.524103],[104.549414,25.529849],[104.546601,25.528845],[104.543568,25.524898],[104.54349,25.520935],[104.54628,25.518932],[104.547631,25.515448],[104.543307,25.517974],[104.539539,25.518126],[104.535007,25.523438],[104.533336,25.520877],[104.528373,25.521686],[104.527855,25.524027],[104.523288,25.526653],[104.515672,25.521572],[104.507773,25.509633],[104.499375,25.507209],[104.484059,25.495009],[104.458508,25.495132],[104.451013,25.496916],[104.44914,25.490693],[104.449183,25.482668],[104.446452,25.476449],[104.443262,25.478451],[104.441311,25.477558],[104.440591,25.473554],[104.437904,25.471994],[104.434721,25.472213],[104.430219,25.475577],[104.429717,25.488424],[104.42531,25.495115],[104.420155,25.496887],[104.418671,25.499331],[104.431634,25.504243],[104.436146,25.520445],[104.433943,25.52972],[104.436328,25.536668],[104.432426,25.544393],[104.43423,25.555461],[104.42317,25.56379],[104.42409,25.567742],[104.428662,25.572549],[104.428393,25.576048],[104.421747,25.584671],[104.412833,25.585381],[104.400406,25.590592],[104.397461,25.593405],[104.389101,25.595464],[104.381791,25.585957],[104.375252,25.584577],[104.365815,25.57647],[104.365432,25.578443],[104.368964,25.583311],[104.367799,25.588783],[104.369521,25.593642],[104.367634,25.595837],[104.357621,25.600251],[104.353941,25.598827],[104.347919,25.60002],[104.335475,25.598092],[104.331463,25.599801],[104.329749,25.603576],[104.332264,25.610245],[104.331046,25.615603],[104.317358,25.627848],[104.312372,25.6346],[104.312938,25.635559],[104.316001,25.633823],[104.318994,25.635358],[104.324625,25.642095],[104.322493,25.644173],[104.310659,25.648019],[104.308519,25.660538],[104.314549,25.665073],[104.313888,25.670824],[104.317026,25.67529],[104.317082,25.687702],[104.323444,25.703424],[104.3218,25.71723],[104.324019,25.725231],[104.321914,25.731027],[104.327571,25.737082],[104.324621,25.748967],[104.327485,25.75907],[104.32973,25.760037],[104.340643,25.751562],[104.353138,25.745521],[104.35279,25.738478],[104.365474,25.73041],[104.373102,25.73158],[104.383588,25.742785],[104.391091,25.760889],[104.39792,25.76156],[104.403829,25.786589],[104.4027,25.798123],[104.411497,25.796979],[104.41616,25.811618],[104.421402,25.815822],[104.428118,25.818408],[104.430938,25.821621],[104.430912,25.825787],[104.424102,25.837972],[104.42359,25.842203],[104.429664,25.858037],[104.441815,25.870165],[104.437541,25.875739],[104.434306,25.89519],[104.430907,25.896743],[104.421521,25.8916],[104.41842,25.892759],[104.414741,25.91193],[104.42027,25.918559],[104.429494,25.920571],[104.432903,25.924759],[104.438341,25.927703],[104.439841,25.93705],[104.445459,25.938979],[104.446552,25.942883],[104.442217,25.946903],[104.442044,25.955085],[104.443995,25.959842],[104.462074,25.984664],[104.462187,25.996877],[104.465254,25.998115],[104.466276,26.005559],[104.470521,26.0095],[104.466415,26.015012],[104.462371,26.029639],[104.467239,26.030965],[104.468798,26.033607],[104.469881,26.042951],[104.472774,26.048031],[104.472749,26.053309],[104.464607,26.067314],[104.456767,26.072099],[104.455519,26.076953],[104.459956,26.085852],[104.466861,26.087193],[104.469537,26.085319],[104.470567,26.082135],[104.47585,26.080878],[104.479366,26.077446],[104.490224,26.074131],[104.493115,26.071258],[104.499686,26.070598],[104.505418,26.075202],[104.506587,26.081351],[104.518682,26.086979],[104.526702,26.100344],[104.528028,26.116163],[104.526504,26.121719],[104.519222,26.131729],[104.51762,26.143224],[104.518729,26.165507],[104.520643,26.169516],[104.529208,26.175688],[104.531278,26.179727],[104.533444,26.187753],[104.539456,26.197026],[104.540487,26.201533],[104.538651,26.207127],[104.540375,26.211241],[104.543425,26.214587],[104.54989,26.216138],[104.552768,26.225654],[104.548278,26.227593],[104.543006,26.241549],[104.541886,26.252652],[104.547241,26.257611],[104.55669,26.275136],[104.568509,26.281658],[104.576916,26.290788],[104.601226,26.287604],[104.612535,26.279551],[104.616759,26.266762],[104.614255,26.261929],[104.607397,26.258887],[104.604398,26.252444],[104.607561,26.243311],[104.614018,26.236498],[104.628645,26.230457],[104.633056,26.224088],[104.636894,26.174957],[104.639727,26.16711],[104.639183,26.158629],[104.645279,26.151225],[104.646516,26.147298],[104.644903,26.143877],[104.642158,26.142383],[104.633551,26.141201],[104.636044,26.133878],[104.651684,26.128311],[104.673667,26.127397],[104.684437,26.124073],[104.694754,26.113643],[104.701769,26.101803],[104.703205,26.086015],[104.707904,26.075525],[104.730778,26.085131],[104.738682,26.085659],[104.762953,26.08013],[104.784346,26.079823],[104.802142,26.081768],[104.823123,26.097694],[104.857683,26.102238],[104.872702,26.101409],[104.882129,26.100322],[104.888528,26.097614],[104.909096,26.071421],[104.915824,26.070439],[104.914035,26.056593],[104.920088,26.046132],[104.930924,26.050168],[104.940002,26.059104],[104.94275,26.060098],[104.952371,26.060367],[104.962581,26.054479],[104.965963,26.054008]]]}},{"type":"Feature","properties":{"dt_adcode":"520302"},"geometry":{"type":"Polygon","coordinates":[[[106.723999,27.658622],[106.713052,27.661414],[106.712042,27.664195],[106.715659,27.670006],[106.714322,27.675791],[106.718459,27.682916],[106.716914,27.687434],[106.718252,27.690741],[106.71526,27.694583],[106.725193,27.696755],[106.737332,27.704724],[106.736505,27.715704],[106.738208,27.724273],[106.729992,27.733423],[106.712623,27.74059],[106.710394,27.748887],[106.703031,27.750879],[106.701693,27.752993],[106.702305,27.755754],[106.708791,27.763257],[106.712561,27.765336],[106.715229,27.762973],[106.719778,27.764419],[106.726523,27.770257],[106.727108,27.774197],[106.730536,27.776015],[106.742816,27.775637],[106.744523,27.767956],[106.759621,27.764748],[106.766246,27.769624],[106.774169,27.780256],[106.783414,27.785628],[106.784657,27.789783],[106.790823,27.794856],[106.796681,27.794102],[106.804059,27.785154],[106.806158,27.784722],[106.818397,27.787889],[106.842418,27.784981],[106.848732,27.784751],[106.855841,27.786921],[106.863011,27.785156],[106.86667,27.785401],[106.870695,27.788734],[106.881065,27.781533],[106.886237,27.782103],[106.886015,27.770461],[106.898827,27.756714],[106.895866,27.745692],[106.897276,27.742446],[106.895111,27.738381],[106.885617,27.736707],[106.876113,27.731156],[106.871376,27.731039],[106.874031,27.727025],[106.873578,27.725044],[106.878093,27.723611],[106.883715,27.715443],[106.883717,27.711468],[106.886213,27.710376],[106.875606,27.706865],[106.87059,27.707498],[106.866798,27.710288],[106.859035,27.70941],[106.85948,27.706857],[106.861556,27.70577],[106.859174,27.699085],[106.863606,27.697031],[106.87175,27.699767],[106.873573,27.696138],[106.872162,27.695289],[106.872152,27.690631],[106.874161,27.685632],[106.890464,27.692352],[106.894694,27.690554],[106.900031,27.692031],[106.903463,27.688443],[106.908626,27.687813],[106.922183,27.699993],[106.925978,27.700875],[106.931125,27.69907],[106.935386,27.701077],[106.93602,27.699483],[106.938075,27.699415],[106.938041,27.701874],[106.94025,27.702294],[106.940649,27.704374],[106.945236,27.703926],[106.946965,27.70873],[106.952398,27.710281],[106.952817,27.715459],[106.955687,27.716741],[106.955226,27.719313],[106.956716,27.720756],[106.961758,27.719413],[106.964247,27.714096],[106.976968,27.708581],[106.977588,27.711865],[106.973517,27.715576],[106.97464,27.721414],[106.982098,27.722695],[106.985521,27.725761],[106.988388,27.738721],[106.996718,27.737633],[106.997528,27.739674],[106.996186,27.743042],[106.998678,27.745001],[107.000949,27.75632],[107.011819,27.752807],[107.023671,27.753666],[107.030602,27.760083],[107.043105,27.76402],[107.045854,27.76331],[107.055045,27.754021],[107.059238,27.752732],[107.063269,27.747015],[107.073915,27.746016],[107.084242,27.747459],[107.095521,27.738422],[107.101915,27.758161],[107.104194,27.758415],[107.11111,27.754842],[107.118617,27.75689],[107.120775,27.759311],[107.120786,27.768263],[107.122918,27.769384],[107.126756,27.766434],[107.136334,27.745843],[107.135977,27.742529],[107.153045,27.739397],[107.163611,27.739442],[107.164444,27.740601],[107.161032,27.747247],[107.161196,27.755545],[107.158831,27.763638],[107.163643,27.770212],[107.16965,27.77475],[107.171943,27.779038],[107.17117,27.789047],[107.169197,27.791994],[107.158703,27.794464],[107.15256,27.798822],[107.152503,27.800936],[107.156537,27.804654],[107.167174,27.808022],[107.167388,27.814494],[107.173413,27.819344],[107.169022,27.821777],[107.168293,27.827228],[107.176555,27.832715],[107.177481,27.839674],[107.164744,27.858009],[107.153803,27.868622],[107.150453,27.868914],[107.152353,27.870421],[107.152277,27.872525],[107.171559,27.875523],[107.18027,27.884014],[107.182847,27.888596],[107.184377,27.8873],[107.184171,27.883495],[107.180142,27.876641],[107.176379,27.863551],[107.181168,27.859126],[107.178748,27.8562],[107.185776,27.853575],[107.202619,27.855058],[107.212981,27.858386],[107.221828,27.863793],[107.238921,27.867289],[107.247203,27.867667],[107.258536,27.863672],[107.273256,27.861025],[107.281315,27.863475],[107.284454,27.866655],[107.286637,27.874881],[107.289263,27.878065],[107.298379,27.881655],[107.3186,27.882643],[107.353976,27.892443],[107.372864,27.910138],[107.393979,27.921167],[107.401059,27.927968],[107.419229,27.912668],[107.436698,27.903369],[107.439792,27.898269],[107.434403,27.888309],[107.42489,27.882462],[107.428496,27.87914],[107.434419,27.878451],[107.431796,27.871007],[107.435995,27.865967],[107.430919,27.854737],[107.426162,27.848378],[107.435728,27.846421],[107.443126,27.837605],[107.444024,27.833656],[107.435864,27.824318],[107.433829,27.81732],[107.429362,27.815518],[107.429148,27.811394],[107.422041,27.811156],[107.422636,27.80786],[107.411697,27.793194],[107.400585,27.79545],[107.397064,27.787486],[107.381864,27.783193],[107.380649,27.780154],[107.38298,27.776608],[107.384408,27.768989],[107.374975,27.752649],[107.361379,27.741714],[107.331783,27.713068],[107.326344,27.704096],[107.325542,27.692444],[107.33716,27.684635],[107.339536,27.679304],[107.33742,27.66655],[107.330449,27.660691],[107.321059,27.658655],[107.31387,27.646021],[107.291424,27.633001],[107.290362,27.626249],[107.276371,27.612276],[107.273242,27.604644],[107.255758,27.599615],[107.254213,27.596877],[107.25078,27.595508],[107.249922,27.592769],[107.245802,27.592769],[107.244257,27.589118],[107.240995,27.588509],[107.238249,27.590487],[107.236876,27.589118],[107.236704,27.584097],[107.228292,27.582271],[107.227091,27.578772],[107.21456,27.572533],[107.210783,27.574968],[107.208723,27.571924],[107.200655,27.571316],[107.199453,27.573446],[107.19602,27.574511],[107.19705,27.578315],[107.191385,27.577402],[107.18778,27.585923],[107.178167,27.588206],[107.178854,27.595355],[107.176622,27.597333],[107.175077,27.595203],[107.172674,27.596116],[107.171895,27.598761],[107.167352,27.596574],[107.162888,27.601289],[107.159455,27.601745],[107.159627,27.599615],[107.15688,27.60068],[107.15585,27.599311],[107.157395,27.596573],[107.155507,27.594899],[107.158254,27.59353],[107.156537,27.588206],[107.158769,27.586227],[107.155679,27.584553],[107.157739,27.580446],[107.151215,27.580751],[107.150529,27.576946],[107.156022,27.57725],[107.156709,27.573903],[107.152589,27.57162],[107.153962,27.572077],[107.151044,27.566294],[107.152589,27.564468],[107.150186,27.563098],[107.150014,27.560208],[107.147954,27.558077],[107.147954,27.553055],[107.149672,27.551838],[107.147096,27.549707],[107.147612,27.548489],[107.141259,27.543162],[107.138514,27.544837],[107.137654,27.541336],[107.130273,27.542097],[107.123407,27.538444],[107.120146,27.539053],[107.119801,27.537378],[107.117914,27.538292],[107.115338,27.537074],[107.112936,27.531442],[107.109084,27.532111],[107.110876,27.529311],[107.110156,27.528096],[107.103323,27.52992],[107.103323,27.531594],[107.098208,27.534811],[107.099718,27.535247],[107.099031,27.536313],[107.095853,27.536693],[107.096627,27.538596],[107.094911,27.539509],[107.093023,27.537074],[107.091822,27.537987],[107.094911,27.544989],[107.094739,27.55199],[107.088732,27.553664],[107.088559,27.555338],[107.093709,27.558838],[107.093709,27.561273],[107.095254,27.56173],[107.089247,27.563556],[107.081864,27.560817],[107.078089,27.56173],[107.077402,27.563404],[107.078774,27.568121],[107.08444,27.574056],[107.083409,27.577403],[107.089932,27.580294],[107.090619,27.583794],[107.088902,27.589423],[107.084954,27.587902],[107.084439,27.589726],[107.083924,27.588509],[107.079976,27.592314],[107.080663,27.58988],[107.077058,27.588206],[107.075513,27.590487],[107.073625,27.589271],[107.071736,27.590336],[107.069334,27.594444],[107.066931,27.593379],[107.068475,27.599616],[107.065901,27.602353],[107.067101,27.603876],[107.064871,27.604028],[107.063183,27.606822],[107.057924,27.592688],[107.05455,27.593873],[107.04875,27.603517],[107.038178,27.603917],[107.034317,27.607994],[107.030111,27.606883],[107.022604,27.596989],[107.020232,27.596088],[107.016688,27.600067],[107.007393,27.590382],[107.00992,27.575036],[106.991709,27.562799],[106.979975,27.560637],[106.973006,27.564772],[106.947362,27.558429],[106.945152,27.560461],[106.944173,27.558492],[106.940578,27.557339],[106.937205,27.557345],[106.929804,27.561886],[106.927106,27.561896],[106.923926,27.560378],[106.92511,27.555401],[106.919402,27.555104],[106.920465,27.550283],[106.916787,27.549361],[106.911404,27.55564],[106.911682,27.562745],[106.90849,27.565969],[106.908033,27.569689],[106.920099,27.590814],[106.920085,27.599436],[106.917334,27.597203],[106.909223,27.605811],[106.906253,27.606979],[106.906924,27.602177],[106.886662,27.603147],[106.885785,27.607179],[106.891194,27.617408],[106.890652,27.621646],[106.888326,27.623534],[106.879619,27.623983],[106.877398,27.619896],[106.868032,27.623621],[106.869652,27.630784],[106.863856,27.630703],[106.856181,27.617239],[106.855761,27.610536],[106.852606,27.607802],[106.848525,27.608626],[106.843025,27.622175],[106.834204,27.623933],[106.831151,27.628158],[106.823351,27.62874],[106.806909,27.613347],[106.804719,27.617167],[106.808201,27.622714],[106.802052,27.629317],[106.796906,27.629637],[106.778461,27.620954],[106.778676,27.625196],[106.776532,27.628222],[106.768777,27.628474],[106.761313,27.634608],[106.758814,27.641372],[106.749626,27.637774],[106.739694,27.650793],[106.734958,27.654327],[106.731207,27.660737],[106.723999,27.658622]]]}},{"type":"Feature","properties":{"dt_adcode":"520303"},"geometry":{"type":"Polygon","coordinates":[[[107.148749,27.868586],[107.153803,27.868622],[107.164744,27.858009],[107.177481,27.839674],[107.176555,27.832715],[107.168293,27.827228],[107.169022,27.821777],[107.173413,27.819344],[107.167388,27.814494],[107.167174,27.808022],[107.156537,27.804654],[107.152503,27.800936],[107.15256,27.798822],[107.158703,27.794464],[107.169197,27.791994],[107.17117,27.789047],[107.171943,27.779038],[107.16965,27.77475],[107.163643,27.770212],[107.158831,27.763638],[107.161196,27.755545],[107.161032,27.747247],[107.164444,27.740601],[107.163611,27.739442],[107.153045,27.739397],[107.135977,27.742529],[107.136334,27.745843],[107.126756,27.766434],[107.122918,27.769384],[107.120786,27.768263],[107.120775,27.759311],[107.118617,27.75689],[107.11111,27.754842],[107.104194,27.758415],[107.101915,27.758161],[107.095521,27.738422],[107.084242,27.747459],[107.073915,27.746016],[107.063269,27.747015],[107.059238,27.752732],[107.055045,27.754021],[107.045854,27.76331],[107.041329,27.763871],[107.030602,27.760083],[107.023671,27.753666],[107.011819,27.752807],[107.000949,27.75632],[106.998678,27.745001],[106.996186,27.743042],[106.997528,27.739674],[106.996718,27.737633],[106.988388,27.738721],[106.985521,27.725761],[106.982098,27.722695],[106.97464,27.721414],[106.973517,27.715576],[106.977588,27.711865],[106.976968,27.708581],[106.964247,27.714096],[106.961758,27.719413],[106.957408,27.720965],[106.955226,27.719313],[106.955687,27.716741],[106.952817,27.715459],[106.952398,27.710281],[106.946965,27.70873],[106.945236,27.703926],[106.940649,27.704374],[106.94025,27.702294],[106.938041,27.701874],[106.938075,27.699415],[106.93602,27.699483],[106.935386,27.701077],[106.931125,27.69907],[106.925978,27.700875],[106.922183,27.699993],[106.908626,27.687813],[106.903463,27.688443],[106.900031,27.692031],[106.894694,27.690554],[106.890464,27.692352],[106.874161,27.685632],[106.872152,27.690631],[106.872162,27.695289],[106.873573,27.696138],[106.87175,27.699767],[106.863606,27.697031],[106.85993,27.698391],[106.859123,27.700204],[106.861556,27.70577],[106.85948,27.706857],[106.859035,27.70941],[106.866798,27.710288],[106.87059,27.707498],[106.875606,27.706865],[106.886213,27.710376],[106.883717,27.711468],[106.883715,27.715443],[106.878093,27.723611],[106.873578,27.725044],[106.874031,27.727025],[106.871376,27.731039],[106.876113,27.731156],[106.885617,27.736707],[106.895111,27.738381],[106.897276,27.742446],[106.895866,27.745692],[106.898827,27.756714],[106.886015,27.770461],[106.886641,27.781659],[106.881065,27.781533],[106.870695,27.788734],[106.86667,27.785401],[106.863011,27.785156],[106.855841,27.786921],[106.848732,27.784751],[106.842418,27.784981],[106.818397,27.787889],[106.806158,27.784722],[106.804059,27.785154],[106.796681,27.794102],[106.790823,27.794856],[106.784657,27.789783],[106.783414,27.785628],[106.774169,27.780256],[106.766246,27.769624],[106.759621,27.764748],[106.744523,27.767956],[106.742816,27.775637],[106.730536,27.776015],[106.727108,27.774197],[106.726523,27.770257],[106.719778,27.764419],[106.715229,27.762973],[106.713402,27.765137],[106.710909,27.764763],[106.702305,27.755754],[106.701693,27.752993],[106.703031,27.750879],[106.710394,27.748887],[106.712623,27.74059],[106.729992,27.733423],[106.738208,27.724273],[106.736505,27.715704],[106.737332,27.704724],[106.725193,27.696755],[106.71526,27.694583],[106.718252,27.690741],[106.716914,27.687434],[106.718459,27.682916],[106.714322,27.675791],[106.715659,27.670006],[106.712042,27.664195],[106.713052,27.661414],[106.71484,27.660924],[106.707498,27.655534],[106.705266,27.655534],[106.703378,27.658727],[106.700116,27.659792],[106.699601,27.657055],[106.697026,27.655838],[106.692563,27.659031],[106.691018,27.665569],[106.688615,27.663593],[106.68604,27.664505],[106.685353,27.662528],[106.685182,27.668154],[106.680375,27.677883],[106.683122,27.679555],[106.68192,27.68138],[106.67883,27.680468],[106.675397,27.673019],[106.675741,27.665265],[106.673166,27.662984],[106.675569,27.661616],[106.673166,27.656599],[106.668702,27.654926],[106.665784,27.655686],[106.665956,27.662376],[106.667844,27.664201],[106.665269,27.666329],[106.660291,27.662984],[106.659776,27.661008],[106.657716,27.661617],[106.658231,27.664353],[106.655656,27.666026],[106.657373,27.670586],[106.651193,27.686244],[106.649648,27.70114],[106.650678,27.705851],[106.64673,27.709043],[106.646901,27.712082],[106.644498,27.716489],[106.640208,27.718617],[106.625101,27.718465],[106.620465,27.720896],[106.621324,27.716033],[106.618406,27.711626],[106.609479,27.714058],[106.606904,27.716185],[106.605016,27.714363],[106.606389,27.712691],[106.605704,27.705851],[106.606904,27.704939],[106.604502,27.703876],[106.605359,27.700228],[106.602784,27.698404],[106.59403,27.700229],[106.586992,27.703724],[106.582702,27.708588],[106.574977,27.712387],[106.574806,27.714668],[106.577037,27.716035],[106.576007,27.718923],[106.577724,27.723633],[106.574977,27.725304],[106.573431,27.728648],[106.573947,27.737308],[106.569141,27.741107],[106.571201,27.745817],[106.575664,27.747942],[106.575153,27.751894],[106.57378,27.751894],[106.574466,27.755388],[106.571033,27.759186],[106.57275,27.765566],[106.575325,27.768906],[106.573608,27.772552],[106.574638,27.775438],[106.5676,27.775741],[106.568802,27.781362],[106.566913,27.786221],[106.570347,27.793206],[106.568458,27.800952],[106.576011,27.811428],[106.575324,27.814312],[106.569685,27.81903],[106.562732,27.817056],[106.560587,27.819259],[106.552176,27.820017],[106.548142,27.82366],[106.539387,27.825863],[106.532092,27.83148],[106.529344,27.838082],[106.512866,27.845596],[106.514839,27.848177],[106.511316,27.84979],[106.52656,27.855404],[106.546443,27.859849],[106.563722,27.858137],[106.578941,27.864203],[106.585051,27.887271],[106.594988,27.891428],[106.597176,27.910203],[106.591986,27.938926],[106.595182,27.963706],[106.593637,27.96976],[106.586212,27.977453],[106.560237,27.988562],[106.554101,27.996465],[106.555922,28.007237],[106.550992,28.019337],[106.551937,28.026855],[106.564634,28.026708],[106.588445,28.033979],[106.629971,28.030564],[106.644498,28.036457],[106.671156,28.024291],[106.674228,28.024576],[106.677378,28.017354],[106.677098,27.996506],[106.686289,27.972439],[106.683424,27.956332],[106.690178,27.951024],[106.712795,27.958952],[106.734589,27.961376],[106.750971,27.96976],[106.766344,27.982261],[106.772056,27.985202],[106.787076,27.985786],[106.811063,27.978969],[106.817118,27.979659],[106.822578,27.982271],[106.826674,27.979071],[106.83479,27.981731],[106.849189,27.996472],[106.849449,28.00192],[106.845731,28.014403],[106.856498,28.02196],[106.855795,28.027639],[106.865952,28.032186],[106.870029,28.038036],[106.875972,28.053233],[106.880284,28.05839],[106.889492,28.063186],[106.900719,28.065868],[106.905861,28.064587],[106.912628,28.057762],[106.921458,28.027731],[106.924665,28.022834],[106.932518,28.017363],[106.937146,28.0161],[106.941845,28.017129],[106.948539,28.023155],[106.948905,28.028673],[106.946089,28.037521],[106.946058,28.044273],[106.948261,28.048763],[106.945836,28.055488],[106.946303,28.059624],[106.961665,28.05486],[106.976424,28.05273],[106.985956,28.049477],[106.987916,28.046679],[106.989849,28.033503],[106.988087,28.025409],[106.977366,28.000906],[106.986951,27.983522],[106.995945,27.972954],[107.007825,27.965576],[107.010884,27.959149],[107.011363,27.955258],[107.009498,27.951601],[106.999561,27.944778],[106.998994,27.939056],[107.009992,27.921379],[107.025638,27.875521],[107.026109,27.870708],[107.016573,27.851519],[107.016521,27.846026],[107.019083,27.842809],[107.025288,27.839802],[107.038279,27.842717],[107.042948,27.841548],[107.047556,27.836256],[107.054939,27.822476],[107.058787,27.819019],[107.064766,27.820817],[107.068952,27.824684],[107.07031,27.831087],[107.069066,27.836129],[107.071702,27.840922],[107.077183,27.844322],[107.091955,27.846506],[107.102138,27.854439],[107.123639,27.867108],[107.130136,27.867348],[107.144904,27.872524],[107.147233,27.872138],[107.148749,27.868586]]]}},{"type":"Feature","properties":{"dt_adcode":"520304"},"geometry":{"type":"Polygon","coordinates":[[[106.89407,27.263445],[106.880834,27.272048],[106.866131,27.288226],[106.857426,27.308031],[106.840954,27.321244],[106.841414,27.322326],[106.820523,27.324262],[106.81521,27.320592],[106.807823,27.319611],[106.798074,27.31361],[106.798801,27.310858],[106.796236,27.305815],[106.794784,27.294986],[106.798897,27.288663],[106.792842,27.277564],[106.793965,27.272302],[106.785947,27.269583],[106.774779,27.253089],[106.768038,27.254139],[106.760509,27.247886],[106.762346,27.242562],[106.760054,27.229491],[106.755459,27.226537],[106.752527,27.221666],[106.745188,27.21808],[106.741988,27.218405],[106.737259,27.222387],[106.736518,27.226561],[106.739934,27.230169],[106.741737,27.237573],[106.754614,27.246355],[106.743999,27.24917],[106.735604,27.255366],[106.735736,27.276113],[106.726608,27.297009],[106.714876,27.309254],[106.715739,27.321201],[106.707021,27.327399],[106.704304,27.333676],[106.699489,27.334551],[106.696371,27.339092],[106.692322,27.353153],[106.692541,27.357147],[106.700529,27.356108],[106.700912,27.362563],[106.709885,27.370223],[106.708955,27.374983],[106.710706,27.381603],[106.716998,27.392764],[106.725587,27.399111],[106.726244,27.402613],[106.725751,27.407154],[106.717654,27.414923],[106.709666,27.427726],[106.706408,27.431372],[106.70321,27.429867],[106.701629,27.431316],[106.707915,27.439489],[106.708298,27.445014],[106.704304,27.44682],[106.704961,27.452346],[106.70704,27.454589],[106.702061,27.457927],[106.696711,27.458019],[106.695052,27.46461],[106.688415,27.465428],[106.685757,27.462796],[106.676987,27.465357],[106.675748,27.460029],[106.670092,27.461876],[106.657143,27.476802],[106.655009,27.483805],[106.645598,27.494474],[106.643574,27.498523],[106.644674,27.500181],[106.64038,27.505059],[106.638486,27.51242],[106.63296,27.515547],[106.626971,27.51581],[106.613737,27.527583],[106.594736,27.532445],[106.583912,27.529419],[106.563356,27.517817],[106.553303,27.520303],[106.548174,27.517406],[106.545366,27.506171],[106.536177,27.509397],[106.52422,27.502894],[106.528946,27.489979],[106.528773,27.483202],[106.522368,27.476381],[106.512602,27.476046],[106.485061,27.485727],[106.475997,27.493468],[106.462874,27.491576],[106.458504,27.501395],[106.454381,27.505252],[106.433449,27.510974],[106.422069,27.506237],[106.41624,27.505774],[106.41553,27.501704],[106.411684,27.499853],[106.406628,27.493699],[106.400397,27.492805],[106.39552,27.493903],[106.391079,27.491273],[106.389098,27.486207],[106.378557,27.487698],[106.380076,27.484401],[106.378475,27.481693],[106.375166,27.480671],[106.372301,27.483817],[106.368727,27.482076],[106.36835,27.473819],[106.364931,27.472371],[106.351414,27.478223],[106.333844,27.474325],[106.323488,27.486703],[106.320767,27.493063],[106.317227,27.494291],[106.317349,27.499561],[106.310851,27.510971],[106.310164,27.517763],[106.319013,27.534185],[106.332701,27.539977],[106.336173,27.543684],[106.338323,27.563228],[106.337756,27.569601],[106.334026,27.578704],[106.316989,27.58559],[106.310967,27.597506],[106.302786,27.602261],[106.298123,27.602703],[106.300667,27.606027],[106.30735,27.605732],[106.306813,27.613141],[106.313502,27.612708],[106.329024,27.621305],[106.349203,27.624722],[106.37061,27.612554],[106.391534,27.612279],[106.408298,27.607417],[106.422221,27.606677],[106.427525,27.607879],[106.428471,27.602653],[106.444004,27.598092],[106.450598,27.601766],[106.456087,27.610388],[106.470184,27.610346],[106.473471,27.611623],[106.472154,27.617968],[106.468034,27.618508],[106.469199,27.627498],[106.465926,27.642177],[106.467494,27.647205],[106.484569,27.664499],[106.490568,27.677968],[106.492941,27.689631],[106.492993,27.700166],[106.487957,27.72104],[106.483871,27.725873],[106.475396,27.731655],[106.471812,27.736944],[106.471587,27.742901],[106.484539,27.756785],[106.495698,27.772738],[106.503219,27.7807],[106.506864,27.789144],[106.507704,27.801731],[106.506476,27.812501],[106.501162,27.831084],[106.501466,27.839556],[106.511316,27.84979],[106.514839,27.848177],[106.512866,27.845596],[106.529344,27.838082],[106.532092,27.83148],[106.539387,27.825863],[106.548142,27.82366],[106.552176,27.820017],[106.560587,27.819259],[106.562732,27.817056],[106.569685,27.81903],[106.575324,27.814312],[106.576011,27.811428],[106.568458,27.800952],[106.570347,27.793206],[106.566913,27.786221],[106.568802,27.781362],[106.5676,27.775741],[106.574638,27.775438],[106.573608,27.772552],[106.575325,27.768906],[106.57275,27.765566],[106.571033,27.759186],[106.574466,27.755388],[106.57378,27.751894],[106.575153,27.751894],[106.575664,27.747942],[106.571201,27.745817],[106.569141,27.741107],[106.573947,27.737308],[106.573431,27.728648],[106.574977,27.725304],[106.577724,27.723633],[106.576007,27.718923],[106.577037,27.716035],[106.574806,27.714668],[106.574977,27.712387],[106.582702,27.708588],[106.586992,27.703724],[106.59403,27.700229],[106.602784,27.698404],[106.605359,27.700228],[106.604502,27.703876],[106.606904,27.704939],[106.605704,27.705851],[106.606389,27.712691],[106.605016,27.714363],[106.606904,27.716185],[106.609479,27.714058],[106.618406,27.711626],[106.621324,27.716033],[106.620465,27.720896],[106.625101,27.718465],[106.640208,27.718617],[106.644498,27.716489],[106.646901,27.712082],[106.64673,27.709043],[106.650678,27.705851],[106.649648,27.70114],[106.651193,27.686244],[106.657373,27.670586],[106.655656,27.666026],[106.658231,27.664353],[106.657201,27.662224],[106.659776,27.661008],[106.660291,27.662984],[106.665269,27.666329],[106.667844,27.664201],[106.665956,27.662376],[106.665784,27.655686],[106.669732,27.655078],[106.673509,27.656903],[106.673509,27.659487],[106.675569,27.661616],[106.673166,27.662984],[106.675741,27.665265],[106.675397,27.673019],[106.67883,27.680468],[106.68192,27.68138],[106.683122,27.679555],[106.680375,27.677883],[106.685182,27.668154],[106.685353,27.662528],[106.68604,27.664505],[106.688615,27.663593],[106.691018,27.665569],[106.692563,27.659031],[106.697026,27.655838],[106.699601,27.657055],[106.700116,27.659792],[106.703378,27.658727],[106.705266,27.655534],[106.707498,27.655534],[106.71484,27.660924],[106.723999,27.658622],[106.731207,27.660737],[106.734958,27.654327],[106.739694,27.650793],[106.749626,27.637774],[106.758814,27.641372],[106.761313,27.634608],[106.768777,27.628474],[106.776532,27.628222],[106.778676,27.625196],[106.778461,27.620954],[106.799666,27.630283],[106.808201,27.622714],[106.804719,27.617167],[106.807738,27.613417],[106.808561,27.615959],[106.823351,27.62874],[106.831151,27.628158],[106.834204,27.623933],[106.843025,27.622175],[106.848525,27.608626],[106.852606,27.607802],[106.855761,27.610536],[106.856181,27.617239],[106.863856,27.630703],[106.869652,27.630784],[106.868032,27.623621],[106.877398,27.619896],[106.879619,27.623983],[106.887426,27.623986],[106.890523,27.621876],[106.891194,27.617408],[106.885785,27.607179],[106.886662,27.603147],[106.906924,27.602177],[106.906253,27.606979],[106.909223,27.605811],[106.917334,27.597203],[106.920085,27.599436],[106.920099,27.590814],[106.908033,27.569689],[106.90849,27.565969],[106.911682,27.562745],[106.911404,27.55564],[106.916787,27.549361],[106.920465,27.550283],[106.919402,27.555104],[106.92511,27.555401],[106.923926,27.560378],[106.927106,27.561896],[106.929804,27.561886],[106.937205,27.557345],[106.940578,27.557339],[106.944173,27.558492],[106.945152,27.560461],[106.947362,27.558429],[106.973006,27.564772],[106.979975,27.560637],[106.991709,27.562799],[107.00992,27.575036],[107.007393,27.590382],[107.016688,27.600067],[107.020232,27.596088],[107.022604,27.596989],[107.030111,27.606883],[107.034317,27.607994],[107.038178,27.603917],[107.04875,27.603517],[107.05455,27.593873],[107.057924,27.592688],[107.063183,27.606822],[107.064871,27.604028],[107.067101,27.603876],[107.065901,27.602353],[107.068475,27.599616],[107.066931,27.593379],[107.069334,27.594444],[107.071736,27.590336],[107.073625,27.589271],[107.075513,27.590487],[107.077058,27.588206],[107.080663,27.58988],[107.079976,27.592314],[107.083924,27.588509],[107.084439,27.589726],[107.084954,27.587902],[107.088902,27.589423],[107.090619,27.583794],[107.089932,27.580294],[107.083409,27.577403],[107.08444,27.574056],[107.078774,27.568121],[107.077402,27.563404],[107.078089,27.56173],[107.081864,27.560817],[107.089247,27.563556],[107.095254,27.56173],[107.093709,27.561273],[107.093709,27.558838],[107.088559,27.555338],[107.088732,27.553664],[107.094739,27.55199],[107.094911,27.544989],[107.091822,27.537987],[107.093023,27.537074],[107.094911,27.539509],[107.096627,27.538596],[107.095853,27.536693],[107.099031,27.536313],[107.099718,27.535247],[107.098208,27.534811],[107.103323,27.531594],[107.103323,27.52992],[107.110156,27.528096],[107.110876,27.529311],[107.109084,27.532111],[107.112936,27.531442],[107.115338,27.537074],[107.117914,27.538292],[107.119801,27.537378],[107.120146,27.539053],[107.123407,27.538444],[107.130273,27.542097],[107.137654,27.541336],[107.138514,27.544837],[107.141259,27.543162],[107.147612,27.548489],[107.147096,27.549707],[107.149672,27.551838],[107.147954,27.553055],[107.147954,27.558077],[107.150014,27.560208],[107.150186,27.563098],[107.152589,27.564468],[107.151044,27.566294],[107.153962,27.572077],[107.152589,27.57162],[107.156709,27.573903],[107.156022,27.57725],[107.150529,27.576946],[107.151215,27.580751],[107.157739,27.580446],[107.155679,27.584553],[107.158769,27.586227],[107.156537,27.588206],[107.158254,27.59353],[107.155507,27.594899],[107.157395,27.596573],[107.15585,27.599311],[107.15688,27.60068],[107.159627,27.599615],[107.159455,27.601745],[107.162888,27.601289],[107.167352,27.596574],[107.171895,27.598761],[107.172674,27.596116],[107.175077,27.595203],[107.176622,27.597333],[107.178854,27.595355],[107.178167,27.588206],[107.18778,27.585923],[107.191385,27.577402],[107.196192,27.578772],[107.19602,27.574511],[107.199453,27.573446],[107.200655,27.571316],[107.206491,27.571164],[107.209581,27.572533],[107.20941,27.574663],[107.21456,27.572533],[107.227091,27.578772],[107.228292,27.582271],[107.235674,27.583488],[107.238249,27.590487],[107.240995,27.588509],[107.244257,27.589118],[107.245802,27.592769],[107.249922,27.592769],[107.25078,27.595508],[107.254213,27.596877],[107.255758,27.599615],[107.273242,27.604644],[107.27086,27.598853],[107.275873,27.570103],[107.275706,27.538467],[107.268379,27.520567],[107.271063,27.498651],[107.269619,27.479849],[107.266968,27.47615],[107.268853,27.455759],[107.26661,27.438484],[107.260371,27.428092],[107.244791,27.415679],[107.248627,27.403526],[107.238383,27.40002],[107.233193,27.395635],[107.209667,27.371388],[107.200762,27.355798],[107.187343,27.357667],[107.170467,27.356611],[107.150018,27.348866],[107.098615,27.321534],[107.087666,27.32255],[107.065322,27.338135],[107.041179,27.350719],[107.018498,27.356474],[107.005755,27.355229],[106.993727,27.349447],[106.957114,27.312529],[106.93411,27.306245],[106.926925,27.291331],[106.913059,27.278833],[106.905994,27.267688],[106.899966,27.263306],[106.89407,27.263445]]]}},{"type":"Feature","properties":{"dt_adcode":"520322"},"geometry":{"type":"Polygon","coordinates":[[[106.707596,28.450631],[106.711999,28.454949],[106.716201,28.456385],[106.726951,28.454696],[106.73289,28.463564],[106.74664,28.466661],[106.744573,28.474077],[106.745494,28.481548],[106.743123,28.495506],[106.733962,28.503585],[106.724885,28.522511],[106.723981,28.529898],[106.728199,28.542],[106.738746,28.554468],[106.745786,28.553238],[106.754361,28.55833],[106.763453,28.557577],[106.769175,28.562405],[106.779877,28.563786],[106.782341,28.568172],[106.780936,28.574867],[106.766633,28.580155],[106.758601,28.58815],[106.759635,28.597684],[106.757212,28.607237],[106.759045,28.611099],[106.766079,28.613881],[106.77502,28.611971],[106.777311,28.614746],[106.777911,28.621737],[106.781251,28.625736],[106.785234,28.62617],[106.792563,28.616245],[106.791427,28.612549],[106.794358,28.605131],[106.800507,28.602134],[106.805293,28.596156],[106.80772,28.589464],[106.812601,28.589198],[106.818393,28.596884],[106.827764,28.599327],[106.827192,28.603162],[106.830805,28.606645],[106.833269,28.613204],[106.828744,28.616712],[106.829299,28.622743],[106.862208,28.623016],[106.866342,28.624503],[106.867634,28.627542],[106.866512,28.631027],[106.868958,28.637832],[106.86985,28.6485],[106.866936,28.649929],[106.86704,28.652483],[106.875724,28.668227],[106.880609,28.680492],[106.880957,28.687382],[106.886216,28.688468],[106.889558,28.694944],[106.883179,28.692442],[106.873722,28.694019],[106.865976,28.690212],[106.860036,28.692104],[106.854703,28.697096],[106.852415,28.703267],[106.853924,28.706324],[106.86256,28.708304],[106.852902,28.724463],[106.848914,28.727909],[106.839742,28.730706],[106.838252,28.734113],[106.832418,28.73331],[106.829281,28.736037],[106.824048,28.756133],[106.833341,28.768786],[106.838446,28.765965],[106.840371,28.776947],[106.841949,28.778623],[106.845373,28.78101],[106.853054,28.779587],[106.860112,28.781198],[106.862939,28.779445],[106.863069,28.775317],[106.866841,28.774544],[106.871993,28.777404],[106.881945,28.790762],[106.893464,28.799777],[106.897866,28.801141],[106.905361,28.796121],[106.92055,28.805868],[106.923888,28.802896],[106.931439,28.802816],[106.938398,28.79237],[106.941069,28.783342],[106.950208,28.777608],[106.950182,28.770609],[106.951731,28.766959],[106.961676,28.768922],[106.967826,28.774105],[106.975859,28.773355],[106.976583,28.771972],[106.986177,28.773606],[106.988356,28.776446],[106.989736,28.786812],[106.985124,28.797641],[106.982259,28.798507],[106.98373,28.800271],[106.98136,28.804355],[106.980841,28.813173],[106.983772,28.817226],[106.984486,28.824311],[106.989244,28.82957],[106.985249,28.838417],[106.983385,28.851175],[106.990035,28.854018],[107.002386,28.854396],[107.005176,28.859176],[107.015949,28.858335],[107.018791,28.859601],[107.017188,28.873943],[107.014719,28.877852],[107.016101,28.8825],[107.026227,28.883017],[107.036587,28.88114],[107.038843,28.87796],[107.03676,28.867649],[107.039008,28.863709],[107.051438,28.868251],[107.058681,28.868966],[107.045324,28.875728],[107.048748,28.880707],[107.051456,28.89003],[107.057473,28.89479],[107.063749,28.893518],[107.066569,28.895369],[107.072537,28.886401],[107.077043,28.886118],[107.072319,28.879308],[107.063374,28.877053],[107.059813,28.868453],[107.066593,28.866167],[107.071701,28.866279],[107.076677,28.8706],[107.088807,28.873309],[107.093866,28.886554],[107.096682,28.890085],[107.105358,28.889273],[107.110207,28.891303],[107.122377,28.888312],[107.142936,28.887513],[107.144722,28.878593],[107.146829,28.876244],[107.152785,28.877036],[107.15497,28.882116],[107.157658,28.883599],[107.170339,28.880655],[107.17866,28.88338],[107.182638,28.887145],[107.18373,28.886114],[107.182248,28.881202],[107.183461,28.87954],[107.191159,28.888613],[107.194167,28.888262],[107.198448,28.878427],[107.194027,28.876604],[107.203181,28.871672],[107.20651,28.868005],[107.196886,28.847393],[107.195151,28.838077],[107.208086,28.838223],[107.215899,28.835582],[107.227315,28.835932],[107.224426,28.834197],[107.223974,28.829511],[107.216332,28.82817],[107.210591,28.814808],[107.21092,28.805055],[107.213408,28.795016],[107.216643,28.792364],[107.219183,28.78688],[107.216598,28.779514],[107.219217,28.772712],[107.257719,28.756836],[107.259266,28.76433],[107.262342,28.765473],[107.265678,28.764158],[107.268371,28.755951],[107.272551,28.752959],[107.277697,28.744094],[107.277267,28.732627],[107.272781,28.717375],[107.266062,28.704942],[107.247004,28.690341],[107.231969,28.6855],[107.205229,28.687214],[107.200253,28.686214],[107.187701,28.677412],[107.180367,28.668683],[107.175764,28.649314],[107.170571,28.642359],[107.16453,28.640702],[107.156009,28.642105],[107.130185,28.654795],[107.119242,28.654651],[107.095528,28.649795],[107.090814,28.652097],[107.08662,28.657484],[107.081653,28.655649],[107.086757,28.648505],[107.092127,28.636556],[107.101123,28.629133],[107.103962,28.622252],[107.103031,28.615964],[107.085708,28.620396],[107.079036,28.618073],[107.073689,28.611773],[107.084635,28.586888],[107.084306,28.577971],[107.087835,28.5698],[107.083927,28.557293],[107.086948,28.552282],[107.09039,28.539114],[107.087059,28.511213],[107.087379,28.491015],[107.085648,28.486242],[107.073316,28.483816],[107.062952,28.478116],[107.060706,28.473356],[107.061385,28.465347],[107.06458,28.461196],[107.064044,28.457579],[107.058857,28.452433],[107.058191,28.447146],[107.049719,28.445628],[107.048882,28.43874],[107.038119,28.438763],[107.036226,28.437506],[107.034255,28.432225],[107.036208,28.42405],[107.028986,28.428536],[107.025501,28.428902],[107.024431,28.440364],[107.018784,28.437935],[107.017213,28.432251],[107.014639,28.429545],[106.996678,28.43177],[106.992386,28.425689],[106.986477,28.424233],[106.975912,28.412552],[106.965901,28.394669],[106.969062,28.380144],[106.993765,28.355472],[106.993608,28.343779],[106.990539,28.33055],[106.992185,28.317667],[106.990921,28.311276],[106.974736,28.287582],[106.974562,28.28231],[106.974282,28.266723],[106.97591,28.253382],[106.979996,28.236086],[106.988535,28.212265],[106.988595,28.198734],[106.970225,28.178993],[106.969545,28.174193],[106.969892,28.146672],[106.980737,28.106516],[106.981242,28.098479],[106.978709,28.082951],[106.985956,28.049477],[106.946303,28.059624],[106.945836,28.055488],[106.948261,28.048763],[106.946058,28.044273],[106.946089,28.037521],[106.948905,28.028673],[106.948539,28.023155],[106.941845,28.017129],[106.937146,28.0161],[106.927944,28.019999],[106.921458,28.027731],[106.912628,28.057762],[106.908901,28.062216],[106.900719,28.065868],[106.889492,28.063186],[106.880284,28.05839],[106.875972,28.053233],[106.870029,28.038036],[106.865952,28.032186],[106.855795,28.027639],[106.856498,28.02196],[106.845731,28.014403],[106.849449,28.00192],[106.849189,27.996472],[106.83479,27.981731],[106.826674,27.979071],[106.822578,27.982271],[106.817118,27.979659],[106.811063,27.978969],[106.787076,27.985786],[106.772056,27.985202],[106.766344,27.982261],[106.750971,27.96976],[106.734589,27.961376],[106.712795,27.958952],[106.690178,27.951024],[106.683424,27.956332],[106.686289,27.972439],[106.677098,27.996506],[106.677378,28.017354],[106.674228,28.024576],[106.671156,28.024291],[106.644498,28.036457],[106.629971,28.030564],[106.588445,28.033979],[106.564634,28.026708],[106.551937,28.026855],[106.533506,28.041377],[106.520858,28.044543],[106.504802,28.044738],[106.492166,28.048656],[106.464549,28.073821],[106.458738,28.082919],[106.451375,28.104831],[106.44817,28.123078],[106.460412,28.126229],[106.460256,28.129671],[106.451845,28.142947],[106.450329,28.153073],[106.451516,28.158088],[106.461194,28.170686],[106.470946,28.177087],[106.478756,28.17918],[106.496067,28.17896],[106.544564,28.184574],[106.562257,28.170595],[106.571699,28.16669],[106.583748,28.170748],[106.590358,28.176967],[106.592095,28.174521],[106.595276,28.17879],[106.609985,28.174879],[106.612702,28.180215],[106.620306,28.180955],[106.629783,28.192283],[106.636992,28.197053],[106.643902,28.195699],[106.651321,28.189737],[106.655218,28.190428],[106.657103,28.194069],[106.658085,28.204539],[106.675298,28.224829],[106.682413,28.229921],[106.692859,28.247571],[106.694809,28.251884],[106.69897,28.276784],[106.706455,28.291517],[106.70944,28.303374],[106.708938,28.320167],[106.714467,28.326512],[106.716287,28.335813],[106.722357,28.341278],[106.732422,28.345714],[106.731872,28.362187],[106.743043,28.374808],[106.742447,28.380136],[106.745532,28.390834],[106.74542,28.396633],[106.728687,28.403857],[106.723312,28.402178],[106.727713,28.407917],[106.728557,28.411656],[106.717399,28.425925],[106.708917,28.433059],[106.707596,28.450631]]]}},{"type":"Feature","properties":{"dt_adcode":"520323"},"geometry":{"type":"Polygon","coordinates":[[[107.523955,28.198629],[107.519048,28.189616],[107.513457,28.185959],[107.511526,28.181586],[107.506516,28.179794],[107.5048,28.172335],[107.498991,28.170174],[107.493199,28.164354],[107.489156,28.162977],[107.479749,28.165369],[107.476118,28.164073],[107.47766,28.155082],[107.476515,28.154466],[107.45773,28.150148],[107.451098,28.150837],[107.440724,28.149065],[107.426091,28.15402],[107.420544,28.154157],[107.419842,28.151802],[107.425885,28.143522],[107.430096,28.132351],[107.415925,28.121181],[107.411553,28.119339],[107.4083,28.112266],[107.400116,28.106101],[107.394646,28.095812],[107.391209,28.093971],[107.391277,28.087326],[107.395957,28.081412],[107.397002,28.077449],[107.393471,28.076412],[107.389108,28.079776],[107.380024,28.080425],[107.372703,28.078873],[107.375721,28.075962],[107.372503,28.072359],[107.37809,28.067109],[107.379556,28.061341],[107.383484,28.062772],[107.385943,28.058071],[107.39177,28.055597],[107.400314,28.054813],[107.404208,28.062973],[107.403111,28.07387],[107.405888,28.073548],[107.415405,28.066419],[107.43447,28.06975],[107.438701,28.072925],[107.443562,28.081774],[107.449617,28.088462],[107.450645,28.095491],[107.457239,28.094449],[107.463831,28.096148],[107.465748,28.085743],[107.471991,28.082708],[107.469863,28.075073],[107.474618,28.071684],[107.479942,28.070751],[107.494784,28.076828],[107.499189,28.081078],[107.503749,28.080071],[107.505948,28.063724],[107.505411,28.050214],[107.497925,28.030289],[107.485514,28.009843],[107.473058,27.996696],[107.47092,27.991041],[107.455729,27.974753],[107.422303,27.94927],[107.403518,27.937787],[107.400886,27.934382],[107.401059,27.927968],[107.397637,27.923651],[107.372864,27.910138],[107.353976,27.892443],[107.3186,27.882643],[107.298379,27.881655],[107.289263,27.878065],[107.286637,27.874881],[107.284454,27.866655],[107.281315,27.863475],[107.273256,27.861025],[107.258536,27.863672],[107.247203,27.867667],[107.238921,27.867289],[107.221828,27.863793],[107.212981,27.858386],[107.202619,27.855058],[107.185776,27.853575],[107.178748,27.8562],[107.181168,27.859126],[107.176379,27.863551],[107.180142,27.876641],[107.184171,27.883495],[107.184377,27.8873],[107.182847,27.888596],[107.18027,27.884014],[107.171559,27.875523],[107.152277,27.872525],[107.152033,27.869792],[107.149976,27.868755],[107.148749,27.868586],[107.147233,27.872138],[107.144904,27.872524],[107.130136,27.867348],[107.123639,27.867108],[107.102138,27.854439],[107.091955,27.846506],[107.077183,27.844322],[107.071702,27.840922],[107.069066,27.836129],[107.07031,27.831087],[107.068952,27.824684],[107.064766,27.820817],[107.058787,27.819019],[107.054939,27.822476],[107.047556,27.836256],[107.042948,27.841548],[107.038279,27.842717],[107.025288,27.839802],[107.019083,27.842809],[107.016521,27.846026],[107.016573,27.851519],[107.01897,27.857691],[107.026109,27.870708],[107.025638,27.875521],[107.009992,27.921379],[106.998994,27.939056],[106.999561,27.944778],[107.009498,27.951601],[107.011363,27.955258],[107.010884,27.959149],[107.007825,27.965576],[106.995945,27.972954],[106.986951,27.983522],[106.977366,28.000906],[106.988087,28.025409],[106.989849,28.033503],[106.988444,28.045428],[106.985794,28.049806],[106.978939,28.08078],[106.981242,28.098479],[106.980737,28.106516],[106.969892,28.146672],[106.969545,28.174193],[106.970225,28.178993],[106.988595,28.198734],[106.989371,28.206052],[106.97591,28.253382],[106.974282,28.266723],[106.974736,28.287582],[106.990921,28.311276],[106.992185,28.317667],[106.990539,28.33055],[106.993608,28.343779],[106.993765,28.355472],[106.969062,28.380144],[106.965901,28.394669],[106.975912,28.412552],[106.986477,28.424233],[106.992386,28.425689],[106.996678,28.43177],[107.014639,28.429545],[107.017213,28.432251],[107.018784,28.437935],[107.024431,28.440364],[107.025501,28.428902],[107.028986,28.428536],[107.036208,28.42405],[107.034255,28.432225],[107.036226,28.437506],[107.038119,28.438763],[107.048882,28.43874],[107.049719,28.445628],[107.058191,28.447146],[107.058857,28.452433],[107.064044,28.457579],[107.06458,28.461196],[107.061385,28.465347],[107.060706,28.473356],[107.062952,28.478116],[107.067774,28.481665],[107.088543,28.487082],[107.092681,28.486514],[107.100422,28.484238],[107.118995,28.473163],[107.1604,28.465565],[107.169388,28.460998],[107.177699,28.451071],[107.178357,28.440515],[107.1849,28.426849],[107.182021,28.409572],[107.183511,28.398251],[107.189457,28.398151],[107.198706,28.393483],[107.208902,28.393317],[107.218355,28.398438],[107.23392,28.411752],[107.259621,28.420401],[107.279715,28.444968],[107.30285,28.450674],[107.306921,28.440826],[107.319503,28.430107],[107.32529,28.42099],[107.325106,28.411955],[107.330049,28.40285],[107.327924,28.381909],[107.312032,28.367293],[107.289343,28.35943],[107.269763,28.348096],[107.257679,28.345864],[107.253686,28.332874],[107.2461,28.329978],[107.251235,28.318002],[107.251196,28.31322],[107.244862,28.311704],[107.242389,28.306242],[107.230542,28.299894],[107.223464,28.289045],[107.229146,28.280284],[107.228619,28.276493],[107.239053,28.276819],[107.250377,28.274337],[107.257216,28.271308],[107.271262,28.261248],[107.286356,28.261011],[107.302052,28.250994],[107.317791,28.244794],[107.323466,28.236196],[107.329546,28.234704],[107.332736,28.230683],[107.328146,28.225598],[107.331175,28.220894],[107.325728,28.21717],[107.32797,28.215765],[107.332062,28.216648],[107.332329,28.212137],[107.337936,28.211121],[107.340766,28.207319],[107.344659,28.208383],[107.346434,28.213069],[107.352384,28.216651],[107.355052,28.230821],[107.357407,28.234744],[107.361919,28.237941],[107.365551,28.233906],[107.361514,28.224209],[107.36278,28.220623],[107.381977,28.209436],[107.389462,28.207073],[107.391846,28.212233],[107.39216,28.224561],[107.390422,28.232537],[107.395228,28.246168],[107.443982,28.2575],[107.467191,28.269683],[107.464763,28.270595],[107.465273,28.272079],[107.479359,28.277827],[107.483476,28.27774],[107.490222,28.271198],[107.50103,28.271151],[107.502896,28.262077],[107.498296,28.255393],[107.499087,28.254004],[107.511895,28.251536],[107.512381,28.250337],[107.508357,28.245487],[107.510913,28.238858],[107.510274,28.235796],[107.504956,28.2291],[107.510129,28.216081],[107.519101,28.207519],[107.523955,28.198629]]]}},{"type":"Feature","properties":{"dt_adcode":"520324"},"geometry":{"type":"Polygon","coordinates":[[[107.085648,28.486242],[107.087379,28.491015],[107.087059,28.511213],[107.09039,28.539114],[107.086948,28.552282],[107.083927,28.557293],[107.087835,28.5698],[107.084306,28.577971],[107.084635,28.586888],[107.073689,28.611773],[107.079036,28.618073],[107.085708,28.620396],[107.103031,28.615964],[107.103962,28.622252],[107.101123,28.629133],[107.092127,28.636556],[107.086757,28.648505],[107.081653,28.655649],[107.08662,28.657484],[107.090814,28.652097],[107.095528,28.649795],[107.119242,28.654651],[107.130185,28.654795],[107.156009,28.642105],[107.16453,28.640702],[107.170571,28.642359],[107.175764,28.649314],[107.180367,28.668683],[107.187701,28.677412],[107.195736,28.683827],[107.205229,28.687214],[107.231969,28.6855],[107.247004,28.690341],[107.266062,28.704942],[107.269651,28.710348],[107.277267,28.732627],[107.277697,28.744094],[107.276037,28.748501],[107.268371,28.755951],[107.265678,28.764158],[107.262342,28.765473],[107.259266,28.76433],[107.257719,28.756836],[107.246636,28.761863],[107.249834,28.762903],[107.253559,28.766787],[107.254324,28.773018],[107.252414,28.780562],[107.261422,28.792714],[107.277162,28.799175],[107.291822,28.801554],[107.302079,28.806351],[107.31688,28.807288],[107.327802,28.811041],[107.336166,28.821666],[107.343059,28.824409],[107.345305,28.827184],[107.344165,28.831124],[107.332991,28.837748],[107.332234,28.842327],[107.337021,28.8455],[107.347481,28.844579],[107.359898,28.849969],[107.364439,28.845653],[107.367257,28.844992],[107.373163,28.848312],[107.384031,28.848672],[107.387178,28.852199],[107.393852,28.843486],[107.402304,28.83808],[107.404892,28.839544],[107.41682,28.837844],[107.438312,28.844256],[107.439294,28.826865],[107.433117,28.825401],[107.439212,28.820889],[107.437237,28.817129],[107.443504,28.814121],[107.446336,28.814797],[107.444792,28.808029],[107.445735,28.802463],[107.45432,28.799076],[107.450371,28.794262],[107.449084,28.788471],[107.453634,28.785461],[107.458156,28.786654],[107.460914,28.785057],[107.469434,28.784896],[107.473607,28.781045],[107.477587,28.768157],[107.494462,28.761044],[107.501937,28.752604],[107.49702,28.722556],[107.488298,28.712931],[107.488133,28.705399],[107.491775,28.700343],[107.489079,28.687848],[107.486418,28.684836],[107.482299,28.684459],[107.483844,28.681597],[107.481526,28.676402],[107.482127,28.673013],[107.48556,28.671131],[107.485732,28.668119],[107.511681,28.654443],[107.540766,28.623724],[107.55191,28.62727],[107.568085,28.627717],[107.575843,28.630294],[107.58225,28.620899],[107.589805,28.614688],[107.610359,28.607847],[107.620018,28.608237],[107.641138,28.614935],[107.661193,28.63338],[107.678477,28.641354],[107.692081,28.642091],[107.696404,28.639437],[107.701343,28.632629],[107.701941,28.596809],[107.694174,28.585571],[107.685536,28.578946],[107.670505,28.574582],[107.662789,28.570681],[107.645099,28.559048],[107.637378,28.548727],[107.64142,28.539425],[107.646176,28.534463],[107.658916,28.527426],[107.661425,28.513214],[107.657979,28.508154],[107.655799,28.50801],[107.64212,28.516576],[107.629261,28.518572],[107.626457,28.507461],[107.628964,28.502936],[107.635771,28.496611],[107.646582,28.500671],[107.6508,28.495473],[107.64973,28.492829],[107.653597,28.485704],[107.649729,28.478602],[107.651655,28.476033],[107.651173,28.472142],[107.641696,28.468591],[107.640083,28.465559],[107.645608,28.454026],[107.64534,28.445568],[107.641488,28.444135],[107.641274,28.438051],[107.634755,28.433038],[107.630559,28.426713],[107.630997,28.419299],[107.635297,28.412732],[107.633326,28.407732],[107.634792,28.4027],[107.631084,28.40005],[107.640428,28.394216],[107.64281,28.388639],[107.63628,28.381725],[107.624807,28.374734],[107.615093,28.353241],[107.613815,28.347087],[107.618583,28.336615],[107.622076,28.333067],[107.630531,28.329826],[107.633443,28.325148],[107.636371,28.314048],[107.634866,28.302854],[107.637648,28.300704],[107.652094,28.302548],[107.660364,28.308153],[107.667835,28.309002],[107.670676,28.308283],[107.674261,28.30114],[107.686691,28.298711],[107.701139,28.293465],[107.701228,28.292141],[107.690174,28.283781],[107.690999,28.272755],[107.687987,28.271891],[107.685991,28.268403],[107.677895,28.263419],[107.679561,28.260222],[107.687931,28.258426],[107.685351,28.251539],[107.676054,28.251422],[107.676916,28.247418],[107.661908,28.242014],[107.659792,28.232141],[107.656852,28.230165],[107.649973,28.227163],[107.634836,28.225329],[107.625813,28.220789],[107.623059,28.216744],[107.621851,28.212654],[107.623275,28.203207],[107.635806,28.172002],[107.632346,28.165592],[107.621977,28.158236],[107.604112,28.157049],[107.58987,28.152654],[107.582635,28.141611],[107.577891,28.138387],[107.564994,28.146787],[107.546717,28.148108],[107.545947,28.150193],[107.547592,28.153581],[107.553551,28.158077],[107.555145,28.167598],[107.560239,28.169053],[107.563081,28.168323],[107.565957,28.164786],[107.568921,28.164914],[107.575535,28.169764],[107.585907,28.174231],[107.586133,28.177214],[107.579412,28.185256],[107.577019,28.18587],[107.568844,28.181816],[107.560777,28.181317],[107.554297,28.176532],[107.549204,28.175764],[107.54394,28.180554],[107.544364,28.183192],[107.549681,28.187055],[107.550825,28.189982],[107.545457,28.199182],[107.538055,28.203391],[107.523955,28.198629],[107.519101,28.207519],[107.510129,28.216081],[107.504956,28.2291],[107.510274,28.235796],[107.510913,28.238858],[107.508357,28.245487],[107.512381,28.250337],[107.511895,28.251536],[107.499087,28.254004],[107.498296,28.255393],[107.502896,28.262077],[107.50103,28.271151],[107.490222,28.271198],[107.483476,28.27774],[107.479359,28.277827],[107.465273,28.272079],[107.464763,28.270595],[107.467191,28.269683],[107.443982,28.2575],[107.395228,28.246168],[107.390422,28.232537],[107.39216,28.224561],[107.391846,28.212233],[107.389462,28.207073],[107.381977,28.209436],[107.36278,28.220623],[107.361514,28.224209],[107.365551,28.233906],[107.361919,28.237941],[107.357407,28.234744],[107.355052,28.230821],[107.352384,28.216651],[107.346434,28.213069],[107.344659,28.208383],[107.340766,28.207319],[107.337936,28.211121],[107.332329,28.212137],[107.332062,28.216648],[107.32797,28.215765],[107.325728,28.21717],[107.331175,28.220894],[107.328146,28.225598],[107.332736,28.230683],[107.329546,28.234704],[107.323466,28.236196],[107.317791,28.244794],[107.302052,28.250994],[107.286356,28.261011],[107.271262,28.261248],[107.257216,28.271308],[107.250377,28.274337],[107.239053,28.276819],[107.228619,28.276493],[107.229146,28.280284],[107.223464,28.289045],[107.230542,28.299894],[107.242389,28.306242],[107.244862,28.311704],[107.251196,28.31322],[107.251235,28.318002],[107.2461,28.329978],[107.253686,28.332874],[107.257679,28.345864],[107.269763,28.348096],[107.289343,28.35943],[107.312032,28.367293],[107.327924,28.381909],[107.330049,28.40285],[107.325106,28.411955],[107.32529,28.42099],[107.319503,28.430107],[107.306921,28.440826],[107.30285,28.450674],[107.279715,28.444968],[107.259621,28.420401],[107.23392,28.411752],[107.218355,28.398438],[107.208902,28.393317],[107.198706,28.393483],[107.189457,28.398151],[107.183511,28.398251],[107.182021,28.409572],[107.1849,28.426849],[107.178357,28.440515],[107.177699,28.451071],[107.169388,28.460998],[107.1604,28.465565],[107.118995,28.473163],[107.100422,28.484238],[107.088543,28.487082],[107.085648,28.486242]]]}},{"type":"Feature","properties":{"dt_adcode":"520325"},"geometry":{"type":"Polygon","coordinates":[[[107.701343,28.632629],[107.696404,28.639437],[107.692081,28.642091],[107.678477,28.641354],[107.661193,28.63338],[107.641138,28.614935],[107.620018,28.608237],[107.610359,28.607847],[107.589805,28.614688],[107.58225,28.620899],[107.575843,28.630294],[107.568085,28.627717],[107.55191,28.62727],[107.540766,28.623724],[107.511681,28.654443],[107.485732,28.668119],[107.48556,28.671131],[107.482127,28.673013],[107.481526,28.676402],[107.483844,28.681597],[107.482299,28.684459],[107.486418,28.684836],[107.489079,28.687848],[107.491775,28.700343],[107.488133,28.705399],[107.488298,28.712931],[107.49702,28.722556],[107.501937,28.752604],[107.494462,28.761044],[107.477587,28.768157],[107.473607,28.781045],[107.469434,28.784896],[107.460914,28.785057],[107.458156,28.786654],[107.453634,28.785461],[107.449084,28.788471],[107.450371,28.794262],[107.45432,28.799076],[107.445735,28.802463],[107.444792,28.808029],[107.446336,28.814797],[107.443504,28.814121],[107.437237,28.817129],[107.439212,28.820889],[107.433117,28.825401],[107.439294,28.826865],[107.438312,28.844256],[107.41682,28.837844],[107.404892,28.839544],[107.402304,28.83808],[107.393852,28.843486],[107.387178,28.852199],[107.389377,28.85671],[107.395382,28.860888],[107.391933,28.868487],[107.40612,28.891532],[107.415635,28.889795],[107.417137,28.893904],[107.414915,28.897801],[107.416219,28.902446],[107.413814,28.911442],[107.418692,28.918086],[107.421851,28.926909],[107.427635,28.931828],[107.433602,28.933763],[107.441414,28.946006],[107.438788,28.955281],[107.424349,28.954105],[107.414798,28.958059],[107.405535,28.972268],[107.404433,28.981877],[107.396964,28.993339],[107.392733,28.995284],[107.373782,28.992949],[107.370442,28.993891],[107.364155,29.008927],[107.372375,29.01985],[107.378183,29.02093],[107.377132,29.026252],[107.378314,29.02806],[107.391936,29.034267],[107.395473,29.041253],[107.390625,29.05915],[107.377917,29.057995],[107.3761,29.074779],[107.369753,29.093449],[107.375424,29.097722],[107.383583,29.09708],[107.392851,29.091156],[107.411794,29.094748],[107.418854,29.106476],[107.419118,29.111493],[107.427568,29.127341],[107.426526,29.130825],[107.421519,29.135798],[107.413957,29.135223],[107.408428,29.138343],[107.408169,29.150649],[107.412337,29.161394],[107.401519,29.175955],[107.401581,29.184701],[107.405455,29.188611],[107.418364,29.191761],[107.424036,29.189781],[107.427063,29.190322],[107.440478,29.20356],[107.446649,29.203398],[107.463982,29.195431],[107.462388,29.190066],[107.464613,29.184755],[107.461374,29.178006],[107.473088,29.170995],[107.478126,29.175399],[107.479745,29.174155],[107.486694,29.17425],[107.491125,29.176248],[107.505143,29.185449],[107.515318,29.194488],[107.530626,29.194596],[107.547914,29.207959],[107.554358,29.219464],[107.565699,29.220968],[107.570144,29.218687],[107.569208,29.214036],[107.575449,29.207303],[107.575256,29.189053],[107.576496,29.184806],[107.580077,29.183849],[107.581628,29.17136],[107.586103,29.166658],[107.590493,29.168419],[107.590146,29.165286],[107.585062,29.158344],[107.589251,29.150044],[107.600992,29.147839],[107.604196,29.152365],[107.604387,29.156307],[107.600628,29.159601],[107.606732,29.165444],[107.616936,29.162994],[107.620289,29.165187],[107.628779,29.165832],[107.634203,29.163959],[107.638306,29.164377],[107.642192,29.160593],[107.658819,29.163126],[107.662628,29.147935],[107.699369,29.141212],[107.701465,29.142154],[107.703039,29.150351],[107.705526,29.153395],[107.718497,29.156139],[107.727224,29.175706],[107.723409,29.177392],[107.724244,29.181849],[107.736937,29.187305],[107.75071,29.199857],[107.76049,29.190359],[107.761218,29.184923],[107.759561,29.178556],[107.769346,29.173844],[107.77454,29.163305],[107.782361,29.161685],[107.795186,29.146484],[107.805357,29.142892],[107.807844,29.14332],[107.809619,29.141508],[107.810632,29.138342],[107.802176,29.116548],[107.799993,29.106194],[107.789826,29.082352],[107.785248,29.047221],[107.788957,29.045195],[107.803479,29.042903],[107.814004,29.036949],[107.815069,29.034793],[107.823556,29.034221],[107.821443,29.006378],[107.810474,28.984261],[107.828107,28.976134],[107.836749,28.969066],[107.842239,28.968313],[107.842022,28.964632],[107.850449,28.962234],[107.858738,28.963141],[107.86507,28.96193],[107.866855,28.959756],[107.867305,28.953415],[107.861379,28.949717],[107.838148,28.916196],[107.817605,28.892581],[107.803771,28.873775],[107.795545,28.815056],[107.787099,28.779177],[107.787808,28.77468],[107.792549,28.771238],[107.796053,28.765332],[107.802248,28.760824],[107.802525,28.755696],[107.797622,28.750408],[107.790378,28.747164],[107.777021,28.735568],[107.774703,28.7237],[107.774862,28.707998],[107.769991,28.706948],[107.763069,28.712419],[107.756762,28.71302],[107.751392,28.70984],[107.745081,28.699663],[107.731332,28.69385],[107.725148,28.684226],[107.723905,28.679445],[107.722905,28.674198],[107.725303,28.663107],[107.724981,28.65554],[107.722695,28.650565],[107.711143,28.642429],[107.701343,28.632629]]]}},{"type":"Feature","properties":{"dt_adcode":"520326"},"geometry":{"type":"Polygon","coordinates":[[[108.069384,29.08657],[108.07518,29.079371],[108.078716,29.070336],[108.078654,29.061584],[108.073527,29.058152],[108.078852,29.023159],[108.078963,29.007174],[108.088344,28.999447],[108.095446,28.98953],[108.105747,28.979531],[108.108704,28.972214],[108.106952,28.96554],[108.108599,28.95867],[108.117307,28.950717],[108.132253,28.943958],[108.138387,28.932072],[108.134797,28.902666],[108.128824,28.875992],[108.128633,28.869794],[108.130496,28.865451],[108.135499,28.860029],[108.139473,28.859749],[108.141285,28.855997],[108.146045,28.857331],[108.152364,28.85491],[108.158104,28.856363],[108.158741,28.845823],[108.167577,28.834335],[108.170853,28.834294],[108.171606,28.825225],[108.179451,28.817556],[108.180753,28.81084],[108.185663,28.808109],[108.188706,28.801106],[108.193798,28.803605],[108.195092,28.802559],[108.201366,28.812939],[108.208325,28.817106],[108.209969,28.810371],[108.209177,28.804346],[108.211301,28.797754],[108.210669,28.789576],[108.213217,28.785218],[108.213695,28.776349],[108.211424,28.771505],[108.201383,28.763136],[108.195311,28.750673],[108.184676,28.748961],[108.182632,28.746414],[108.183429,28.726209],[108.181384,28.721747],[108.182941,28.718372],[108.181874,28.712372],[108.175252,28.698032],[108.174559,28.690227],[108.169943,28.682851],[108.163248,28.677066],[108.151038,28.670676],[108.145025,28.669976],[108.125175,28.656184],[108.122682,28.651855],[108.128891,28.644172],[108.129066,28.642054],[108.122261,28.633806],[108.114502,28.62882],[108.095229,28.621573],[108.089995,28.623382],[108.086652,28.627299],[108.084247,28.627202],[108.082811,28.620542],[108.058841,28.612367],[108.05124,28.601845],[108.037576,28.592768],[108.038471,28.583831],[108.049895,28.566766],[108.040332,28.558389],[108.038539,28.554695],[108.043577,28.548106],[108.05827,28.541403],[108.067512,28.531185],[108.069911,28.526855],[108.070232,28.521583],[108.070032,28.516535],[108.067458,28.513292],[108.053492,28.504181],[108.049882,28.500467],[108.048653,28.495033],[108.048185,28.489893],[108.060117,28.472373],[108.060439,28.467331],[108.056142,28.454434],[108.048721,28.444023],[108.049008,28.441273],[108.060541,28.436135],[108.068452,28.427741],[108.068261,28.422006],[108.065713,28.416471],[108.044819,28.377],[108.037134,28.365436],[108.033765,28.364476],[108.029579,28.365567],[108.021831,28.37316],[108.016137,28.384056],[108.009694,28.382824],[108.005236,28.385408],[108.005916,28.389762],[108.009199,28.394444],[108.023661,28.399377],[108.025568,28.402063],[108.019526,28.403115],[108.009087,28.413632],[108.006179,28.424237],[108.004518,28.425436],[107.991612,28.427897],[107.987067,28.426778],[107.983245,28.42286],[107.982078,28.423712],[107.980747,28.429263],[107.982558,28.431222],[107.993676,28.433444],[108.007298,28.433857],[108.010952,28.436188],[108.012867,28.441447],[108.011605,28.445629],[108.007713,28.446164],[108.000982,28.442395],[107.995583,28.441445],[107.986667,28.443622],[107.982036,28.447605],[107.977292,28.447807],[107.969197,28.439736],[107.967221,28.431758],[107.968822,28.423344],[107.960746,28.411093],[107.972571,28.398157],[107.983043,28.397072],[107.998218,28.388515],[108.000969,28.384582],[107.996676,28.369657],[107.993689,28.368207],[107.990241,28.368987],[107.972501,28.383829],[107.968602,28.384837],[107.955629,28.380123],[107.936013,28.384714],[107.922138,28.383445],[107.915652,28.384963],[107.913811,28.382896],[107.921121,28.370133],[107.915156,28.367316],[107.903334,28.370564],[107.874433,28.370406],[107.866486,28.358522],[107.861556,28.339523],[107.862576,28.308849],[107.866031,28.288892],[107.865736,28.282249],[107.86169,28.272068],[107.861118,28.264977],[107.865006,28.247177],[107.860819,28.203974],[107.859204,28.200263],[107.855073,28.203559],[107.851678,28.202651],[107.851099,28.193788],[107.846774,28.194433],[107.836452,28.184297],[107.828597,28.181068],[107.824015,28.18335],[107.821708,28.179564],[107.814766,28.175491],[107.808996,28.18187],[107.803041,28.183514],[107.803255,28.191761],[107.809149,28.198888],[107.808738,28.205128],[107.810207,28.207598],[107.835668,28.213823],[107.841774,28.220467],[107.837878,28.234108],[107.838112,28.243139],[107.844271,28.252045],[107.844383,28.256561],[107.838655,28.26836],[107.840012,28.269116],[107.839119,28.272616],[107.835748,28.279422],[107.835962,28.288396],[107.827509,28.290548],[107.821406,28.307477],[107.819338,28.327497],[107.814747,28.328245],[107.811564,28.321061],[107.807195,28.317154],[107.800882,28.31485],[107.796983,28.315998],[107.796169,28.323354],[107.800746,28.337801],[107.789673,28.349325],[107.787144,28.349731],[107.785285,28.347713],[107.777465,28.31535],[107.775728,28.313852],[107.768273,28.31592],[107.756586,28.314116],[107.749461,28.314634],[107.74623,28.316128],[107.743476,28.320583],[107.73386,28.324244],[107.732913,28.321726],[107.728775,28.325728],[107.716875,28.329072],[107.710388,28.33345],[107.709914,28.336974],[107.706598,28.341598],[107.700775,28.341643],[107.693388,28.337749],[107.690811,28.334692],[107.689993,28.331187],[107.692493,28.326679],[107.691285,28.323174],[107.684741,28.321751],[107.676698,28.328778],[107.674,28.325631],[107.672845,28.316259],[107.669174,28.309737],[107.660364,28.308153],[107.652094,28.302548],[107.637648,28.300704],[107.634866,28.302854],[107.636371,28.314048],[107.633443,28.325148],[107.630531,28.329826],[107.622076,28.333067],[107.615179,28.342454],[107.613815,28.347087],[107.615093,28.353241],[107.622869,28.371811],[107.624807,28.374734],[107.63628,28.381725],[107.64281,28.388639],[107.640428,28.394216],[107.631084,28.40005],[107.634792,28.4027],[107.633326,28.407732],[107.635297,28.412732],[107.630997,28.419299],[107.630559,28.426713],[107.634755,28.433038],[107.641274,28.438051],[107.641488,28.444135],[107.64534,28.445568],[107.645608,28.454026],[107.640083,28.465559],[107.641696,28.468591],[107.651173,28.472142],[107.651655,28.476033],[107.649729,28.478602],[107.653597,28.485704],[107.64973,28.492829],[107.6508,28.495473],[107.646582,28.500671],[107.635771,28.496611],[107.628964,28.502936],[107.626457,28.507461],[107.629261,28.518572],[107.64212,28.516576],[107.655799,28.50801],[107.657979,28.508154],[107.661425,28.513214],[107.658916,28.527426],[107.646176,28.534463],[107.64142,28.539425],[107.637378,28.548727],[107.645099,28.559048],[107.662789,28.570681],[107.670505,28.574582],[107.685536,28.578946],[107.694174,28.585571],[107.701941,28.596809],[107.701343,28.632629],[107.711143,28.642429],[107.722695,28.650565],[107.724981,28.65554],[107.725303,28.663107],[107.722905,28.674198],[107.725148,28.684226],[107.733013,28.695523],[107.745081,28.699663],[107.751392,28.70984],[107.756762,28.71302],[107.763069,28.712419],[107.769991,28.706948],[107.774862,28.707998],[107.774703,28.7237],[107.777021,28.735568],[107.790378,28.747164],[107.797622,28.750408],[107.802525,28.755696],[107.802248,28.760824],[107.796053,28.765332],[107.792549,28.771238],[107.787808,28.77468],[107.787099,28.779177],[107.795545,28.815056],[107.803771,28.873775],[107.817605,28.892581],[107.838148,28.916196],[107.861379,28.949717],[107.867305,28.953415],[107.867635,28.967749],[107.872021,28.983059],[107.874577,28.984954],[107.883046,28.986524],[107.886063,28.990544],[107.887849,28.999106],[107.882796,29.006173],[107.883454,29.007622],[107.887625,29.008511],[107.904929,29.006026],[107.9088,29.007344],[107.922302,29.023522],[107.926419,29.032514],[107.931128,29.035223],[107.949305,29.03373],[107.993933,29.033842],[108.002867,29.035892],[108.00898,29.035479],[108.014675,29.038376],[108.024261,29.038696],[108.031056,29.045786],[108.034509,29.046758],[108.035979,29.054068],[108.060374,29.076848],[108.061037,29.080796],[108.064628,29.084756],[108.069384,29.08657]]]}},{"type":"Feature","properties":{"dt_adcode":"520327"},"geometry":{"type":"Polygon","coordinates":[[[107.677849,27.998742],[107.681321,28.000238],[107.687622,28.008749],[107.684946,28.013328],[107.686508,28.023565],[107.68363,28.029383],[107.672131,28.039822],[107.655953,28.050168],[107.62874,28.06292],[107.617907,28.066389],[107.606702,28.053569],[107.601696,28.054963],[107.598057,28.058153],[107.591757,28.067177],[107.583994,28.065332],[107.58114,28.067573],[107.576141,28.064913],[107.572507,28.06747],[107.553429,28.063325],[107.547369,28.064908],[107.54126,28.069968],[107.531948,28.072109],[107.526921,28.076302],[107.531969,28.08269],[107.533399,28.098795],[107.543114,28.122086],[107.550873,28.128706],[107.558746,28.131654],[107.574987,28.132594],[107.577891,28.138387],[107.582635,28.141611],[107.58987,28.152654],[107.604112,28.157049],[107.621977,28.158236],[107.632346,28.165592],[107.635806,28.172002],[107.623275,28.203207],[107.621851,28.212654],[107.623059,28.216744],[107.625813,28.220789],[107.634836,28.225329],[107.649973,28.227163],[107.656852,28.230165],[107.659792,28.232141],[107.661908,28.242014],[107.676916,28.247418],[107.675641,28.251244],[107.682889,28.250564],[107.68649,28.252974],[107.687931,28.258426],[107.679561,28.260222],[107.677895,28.263419],[107.685991,28.268403],[107.687987,28.271891],[107.690999,28.272755],[107.690174,28.283781],[107.69801,28.288822],[107.701334,28.293349],[107.681401,28.300279],[107.674261,28.30114],[107.670676,28.308283],[107.664855,28.308554],[107.669174,28.309737],[107.672845,28.316259],[107.675284,28.327919],[107.677921,28.328439],[107.684741,28.321751],[107.688961,28.321727],[107.692508,28.325765],[107.689993,28.331187],[107.691454,28.335784],[107.700775,28.341643],[107.705788,28.341967],[107.709914,28.336974],[107.710388,28.33345],[107.716875,28.329072],[107.728775,28.325728],[107.732913,28.321726],[107.73386,28.324244],[107.743476,28.320583],[107.748644,28.314912],[107.756586,28.314116],[107.768273,28.31592],[107.775728,28.313852],[107.778555,28.316791],[107.785285,28.347713],[107.787144,28.349731],[107.789673,28.349325],[107.800746,28.337801],[107.796169,28.323354],[107.796983,28.315998],[107.800882,28.31485],[107.807195,28.317154],[107.811564,28.321061],[107.814747,28.328245],[107.819338,28.327497],[107.821406,28.307477],[107.827509,28.290548],[107.835962,28.288396],[107.835748,28.279422],[107.839119,28.272616],[107.840012,28.269116],[107.838655,28.26836],[107.844383,28.256561],[107.844271,28.252045],[107.838112,28.243139],[107.837878,28.234108],[107.841774,28.220467],[107.835668,28.213823],[107.810207,28.207598],[107.808738,28.205128],[107.809149,28.198888],[107.803255,28.191761],[107.803041,28.183514],[107.801694,28.182478],[107.804754,28.178819],[107.805622,28.174294],[107.802948,28.153475],[107.805155,28.149682],[107.803229,28.147509],[107.80086,28.137198],[107.798743,28.116563],[107.796945,28.115993],[107.795391,28.117569],[107.791347,28.109555],[107.789572,28.101923],[107.784334,28.092052],[107.785941,28.083402],[107.778877,28.072967],[107.782588,28.071932],[107.786573,28.07447],[107.792946,28.065691],[107.80481,28.069792],[107.813222,28.067303],[107.813312,28.047354],[107.816806,28.046331],[107.825606,28.049847],[107.833674,28.048123],[107.834784,28.043986],[107.83173,28.039282],[107.835619,28.034276],[107.835885,28.031026],[107.838701,28.029189],[107.841944,28.02942],[107.843002,28.032385],[107.853728,28.03785],[107.861524,28.036589],[107.862506,28.041988],[107.866794,28.044283],[107.865934,28.0479],[107.869322,28.050928],[107.868759,28.054633],[107.870937,28.058667],[107.872979,28.059094],[107.873938,28.054664],[107.878105,28.055339],[107.880687,28.063323],[107.884431,28.063021],[107.889268,28.051446],[107.910377,28.026812],[107.914682,28.018642],[107.927995,28.009254],[107.933312,28.001427],[107.915191,27.973038],[107.911388,27.962326],[107.910223,27.933362],[107.923924,27.906141],[107.916942,27.906968],[107.906203,27.904303],[107.898803,27.897714],[107.89681,27.888686],[107.892236,27.880589],[107.888585,27.878029],[107.887518,27.868092],[107.888392,27.844036],[107.895433,27.833174],[107.903579,27.826651],[107.912847,27.80958],[107.919185,27.802397],[107.931848,27.793566],[107.931211,27.792209],[107.934408,27.787161],[107.931734,27.784729],[107.932482,27.778708],[107.937756,27.774501],[107.943945,27.779082],[107.947012,27.778671],[107.949216,27.774771],[107.946242,27.76771],[107.931751,27.753231],[107.927737,27.745266],[107.92796,27.726523],[107.940751,27.691512],[107.937095,27.68054],[107.932971,27.678075],[107.922207,27.666094],[107.904149,27.632402],[107.902551,27.612106],[107.906863,27.591635],[107.905429,27.575854],[107.902609,27.568404],[107.893734,27.556615],[107.885106,27.551604],[107.865701,27.551448],[107.852343,27.554879],[107.844756,27.555116],[107.834424,27.549411],[107.829107,27.542042],[107.828276,27.552231],[107.826302,27.556841],[107.82198,27.560341],[107.813017,27.562766],[107.785238,27.564079],[107.776899,27.574271],[107.775269,27.585596],[107.762702,27.595299],[107.745214,27.602581],[107.741967,27.606438],[107.742974,27.610933],[107.736956,27.615983],[107.717389,27.627222],[107.702914,27.627379],[107.696775,27.631565],[107.692027,27.641691],[107.690941,27.654986],[107.687419,27.661205],[107.681017,27.665392],[107.641593,27.674495],[107.614914,27.687374],[107.610919,27.691552],[107.608585,27.689667],[107.605899,27.683242],[107.599879,27.681606],[107.601893,27.693391],[107.611998,27.697577],[107.617801,27.709041],[107.626186,27.713452],[107.626842,27.717526],[107.624582,27.725601],[107.627691,27.731445],[107.636377,27.735583],[107.642078,27.744527],[107.648024,27.745793],[107.652618,27.751069],[107.654308,27.766938],[107.653626,27.801928],[107.654514,27.809476],[107.659373,27.820566],[107.660582,27.828021],[107.659106,27.840052],[107.656729,27.839245],[107.652961,27.831445],[107.649659,27.830237],[107.64074,27.837382],[107.642361,27.842371],[107.623391,27.844622],[107.617046,27.851169],[107.614052,27.850664],[107.611977,27.852071],[107.612176,27.857057],[107.606933,27.865189],[107.618009,27.872251],[107.62867,27.871402],[107.634109,27.873127],[107.63767,27.877196],[107.636899,27.887113],[107.643501,27.892236],[107.651165,27.893084],[107.67054,27.917419],[107.671105,27.92478],[107.678891,27.928525],[107.680779,27.933317],[107.679013,27.936082],[107.666809,27.935287],[107.660278,27.940033],[107.671831,27.969079],[107.672284,27.986749],[107.677849,27.998742]]]}},{"type":"Feature","properties":{"dt_adcode":"520328"},"geometry":{"type":"Polygon","coordinates":[[[107.401059,27.927968],[107.400886,27.934382],[107.403518,27.937787],[107.422303,27.94927],[107.447368,27.96753],[107.47092,27.991041],[107.473058,27.996696],[107.485514,28.009843],[107.49487,28.024661],[107.501577,28.037732],[107.505411,28.050214],[107.505948,28.063724],[107.503749,28.080071],[107.499189,28.081078],[107.494784,28.076828],[107.479942,28.070751],[107.474618,28.071684],[107.469863,28.075073],[107.471991,28.082708],[107.465748,28.085743],[107.463831,28.096148],[107.457239,28.094449],[107.450645,28.095491],[107.449617,28.088462],[107.443562,28.081774],[107.438701,28.072925],[107.43447,28.06975],[107.415405,28.066419],[107.405888,28.073548],[107.403111,28.07387],[107.404208,28.062973],[107.400314,28.054813],[107.39177,28.055597],[107.385943,28.058071],[107.383484,28.062772],[107.37945,28.061462],[107.37809,28.067109],[107.372503,28.072359],[107.375721,28.075962],[107.372703,28.078873],[107.380024,28.080425],[107.389108,28.079776],[107.393471,28.076412],[107.397002,28.077449],[107.395957,28.081412],[107.391277,28.087326],[107.391209,28.093971],[107.394646,28.095812],[107.400116,28.106101],[107.4083,28.112266],[107.411553,28.119339],[107.415925,28.121181],[107.430096,28.132351],[107.427104,28.141123],[107.419964,28.153581],[107.426091,28.15402],[107.440724,28.149065],[107.451098,28.150837],[107.45773,28.150148],[107.476515,28.154466],[107.47766,28.155082],[107.476118,28.164073],[107.479749,28.165369],[107.489156,28.162977],[107.493199,28.164354],[107.49659,28.16867],[107.5048,28.172335],[107.506516,28.179794],[107.511526,28.181586],[107.513457,28.185959],[107.519048,28.189616],[107.523955,28.198629],[107.535934,28.203266],[107.540522,28.202484],[107.548504,28.195556],[107.550825,28.189982],[107.549681,28.187055],[107.543802,28.181757],[107.546286,28.177185],[107.549204,28.175764],[107.554297,28.176532],[107.560777,28.181317],[107.568844,28.181816],[107.577019,28.18587],[107.579412,28.185256],[107.58654,28.174866],[107.568921,28.164914],[107.565957,28.164786],[107.563081,28.168323],[107.560239,28.169053],[107.555145,28.167598],[107.553551,28.158077],[107.547592,28.153581],[107.545947,28.150193],[107.546717,28.148108],[107.564994,28.146787],[107.577891,28.138387],[107.574987,28.132594],[107.554311,28.130656],[107.543114,28.122086],[107.533399,28.098795],[107.531969,28.08269],[107.526921,28.076302],[107.531948,28.072109],[107.54126,28.069968],[107.547369,28.064908],[107.553429,28.063325],[107.572507,28.06747],[107.576141,28.064913],[107.58114,28.067573],[107.583994,28.065332],[107.591757,28.067177],[107.598057,28.058153],[107.601696,28.054963],[107.606702,28.053569],[107.617611,28.066319],[107.62874,28.06292],[107.655953,28.050168],[107.672131,28.039822],[107.68363,28.029383],[107.686508,28.023565],[107.684946,28.013328],[107.687622,28.008749],[107.681321,28.000238],[107.675973,27.996513],[107.672284,27.986749],[107.671831,27.969079],[107.660278,27.940033],[107.666809,27.935287],[107.679013,27.936082],[107.680779,27.933317],[107.678891,27.928525],[107.671105,27.92478],[107.67054,27.917419],[107.651165,27.893084],[107.643501,27.892236],[107.636899,27.887113],[107.63767,27.877196],[107.634109,27.873127],[107.62867,27.871402],[107.618009,27.872251],[107.606933,27.865189],[107.612176,27.857057],[107.611977,27.852071],[107.614052,27.850664],[107.617046,27.851169],[107.623391,27.844622],[107.642361,27.842371],[107.64074,27.837382],[107.649659,27.830237],[107.652961,27.831445],[107.656729,27.839245],[107.659106,27.840052],[107.660582,27.828021],[107.659373,27.820566],[107.654514,27.809476],[107.653626,27.801928],[107.654308,27.766938],[107.652618,27.751069],[107.648024,27.745793],[107.642078,27.744527],[107.636377,27.735583],[107.627691,27.731445],[107.624582,27.725601],[107.626842,27.717526],[107.626186,27.713452],[107.617801,27.709041],[107.611998,27.697577],[107.604083,27.695282],[107.600604,27.690809],[107.601366,27.68757],[107.599879,27.681606],[107.605899,27.683242],[107.608585,27.689667],[107.610919,27.691552],[107.614914,27.687374],[107.623627,27.68293],[107.610318,27.67414],[107.598389,27.670384],[107.584316,27.660932],[107.580846,27.652731],[107.582528,27.644006],[107.587576,27.636615],[107.589796,27.630175],[107.589718,27.624451],[107.576162,27.614311],[107.556759,27.608602],[107.545309,27.599822],[107.540867,27.594844],[107.533993,27.581655],[107.516958,27.522104],[107.517373,27.515456],[107.521586,27.504631],[107.535659,27.499855],[107.549095,27.481753],[107.548774,27.472343],[107.538772,27.450788],[107.536763,27.441053],[107.523261,27.439952],[107.511259,27.433533],[107.495631,27.418935],[107.471891,27.413615],[107.458754,27.398176],[107.441698,27.388569],[107.438634,27.383999],[107.428916,27.358398],[107.421193,27.350122],[107.421244,27.344155],[107.414846,27.341733],[107.408863,27.34318],[107.408749,27.353327],[107.401781,27.363442],[107.395295,27.365043],[107.38501,27.362087],[107.377878,27.363222],[107.376006,27.36648],[107.376527,27.388838],[107.396926,27.401865],[107.400521,27.405683],[107.401209,27.414324],[107.39911,27.417791],[107.384994,27.430451],[107.372654,27.434841],[107.376234,27.442867],[107.35324,27.445595],[107.353847,27.450509],[107.359019,27.457292],[107.359365,27.465641],[107.357643,27.467439],[107.352085,27.466853],[107.338984,27.459889],[107.332231,27.461601],[107.308996,27.462467],[107.293554,27.46829],[107.288666,27.467329],[107.275512,27.478953],[107.269619,27.479849],[107.271063,27.498651],[107.268379,27.520567],[107.275706,27.538467],[107.275873,27.570103],[107.27086,27.598853],[107.276371,27.612276],[107.290362,27.626249],[107.291424,27.633001],[107.31387,27.646021],[107.321059,27.658655],[107.330449,27.660691],[107.33742,27.66655],[107.339536,27.679304],[107.33716,27.684635],[107.325542,27.692444],[107.326344,27.704096],[107.331783,27.713068],[107.343568,27.72514],[107.377599,27.756367],[107.384408,27.768989],[107.38298,27.776608],[107.380649,27.780154],[107.381864,27.783193],[107.397064,27.787486],[107.400585,27.79545],[107.411697,27.793194],[107.422636,27.80786],[107.422041,27.811156],[107.429148,27.811394],[107.429362,27.815518],[107.433829,27.81732],[107.435864,27.824318],[107.444024,27.833656],[107.443126,27.837605],[107.435728,27.846421],[107.426162,27.848378],[107.430919,27.854737],[107.435995,27.865967],[107.431796,27.871007],[107.434419,27.878451],[107.428496,27.87914],[107.42489,27.882462],[107.436256,27.890482],[107.439662,27.897124],[107.438824,27.90102],[107.432057,27.906749],[107.419229,27.912668],[107.401059,27.927968]]]}},{"type":"Feature","properties":{"dt_adcode":"520329"},"geometry":{"type":"MultiPolygon","coordinates":[[[[107.942447,27.161182],[107.949533,27.160015],[107.956755,27.153699],[107.956088,27.148759],[107.947419,27.145526],[107.942269,27.145742],[107.938221,27.153206],[107.931637,27.154],[107.928554,27.159221],[107.929412,27.162639],[107.938987,27.166836],[107.942551,27.165131],[107.942447,27.161182]]],[[[107.916575,27.333923],[107.913816,27.331535],[107.911481,27.333858],[107.916575,27.333923]]],[[[107.666361,27.234613],[107.650453,27.238898],[107.646375,27.242147],[107.646462,27.247875],[107.652481,27.253772],[107.656221,27.262211],[107.656291,27.267024],[107.650133,27.268921],[107.642638,27.267164],[107.623949,27.257964],[107.618554,27.258023],[107.612665,27.260609],[107.602229,27.267602],[107.592959,27.267025],[107.569492,27.261583],[107.556599,27.257854],[107.550121,27.252901],[107.553333,27.244837],[107.562195,27.236241],[107.566656,27.225414],[107.553444,27.216649],[107.542914,27.215874],[107.537304,27.218242],[107.531246,27.224514],[107.519719,27.244153],[107.516916,27.245107],[107.514588,27.243306],[107.513999,27.237356],[107.525775,27.2184],[107.526181,27.210604],[107.521491,27.205629],[107.51147,27.203475],[107.502063,27.211118],[107.501094,27.215515],[107.489801,27.223189],[107.489755,27.227249],[107.492645,27.226939],[107.493269,27.228904],[107.483974,27.232386],[107.482659,27.237666],[107.476786,27.240944],[107.471172,27.238481],[107.466059,27.241333],[107.464871,27.239639],[107.469357,27.234393],[107.469131,27.232851],[107.462672,27.235558],[107.461045,27.240058],[107.463455,27.244994],[107.463591,27.251177],[107.458844,27.262097],[107.458478,27.268072],[107.464727,27.277086],[107.473463,27.279671],[107.476712,27.282647],[107.477231,27.297394],[107.496346,27.310708],[107.501662,27.312199],[107.504209,27.315461],[107.501701,27.349119],[107.49831,27.36406],[107.491743,27.371481],[107.466044,27.369307],[107.451742,27.365938],[107.44285,27.371601],[107.434801,27.372686],[107.441698,27.388569],[107.458754,27.398176],[107.471891,27.413615],[107.495631,27.418935],[107.511259,27.433533],[107.523261,27.439952],[107.536763,27.441053],[107.538772,27.450788],[107.548774,27.472343],[107.549095,27.481753],[107.535659,27.499855],[107.521586,27.504631],[107.517373,27.515456],[107.516958,27.522104],[107.533993,27.581655],[107.540867,27.594844],[107.545309,27.599822],[107.556759,27.608602],[107.576162,27.614311],[107.589718,27.624451],[107.589796,27.630175],[107.587576,27.636615],[107.582528,27.644006],[107.580846,27.652731],[107.584316,27.660932],[107.598389,27.670384],[107.610318,27.67414],[107.623627,27.68293],[107.641593,27.674495],[107.681017,27.665392],[107.687419,27.661205],[107.690941,27.654986],[107.692027,27.641691],[107.696775,27.631565],[107.702914,27.627379],[107.717389,27.627222],[107.736956,27.615983],[107.742974,27.610933],[107.741967,27.606438],[107.745214,27.602581],[107.762702,27.595299],[107.775269,27.585596],[107.776899,27.574271],[107.785238,27.564079],[107.817893,27.562004],[107.826302,27.556841],[107.828994,27.549013],[107.829107,27.542042],[107.807971,27.489473],[107.801907,27.489387],[107.789108,27.485259],[107.780812,27.486325],[107.762946,27.475954],[107.757401,27.467778],[107.755214,27.459559],[107.757426,27.453345],[107.76481,27.44798],[107.774264,27.443732],[107.791758,27.443949],[107.798091,27.438132],[107.798306,27.403992],[107.800974,27.394101],[107.79622,27.390434],[107.78549,27.393242],[107.769895,27.39251],[107.762713,27.388148],[107.762263,27.385158],[107.764322,27.382026],[107.778667,27.376224],[107.780907,27.373679],[107.778773,27.36492],[107.774467,27.360518],[107.777214,27.353344],[107.779949,27.351512],[107.789067,27.350965],[107.796146,27.348329],[107.806265,27.348288],[107.805345,27.331943],[107.819853,27.324397],[107.849362,27.327714],[107.856702,27.330142],[107.870627,27.341798],[107.894346,27.345592],[107.905966,27.33673],[107.909728,27.330512],[107.906113,27.325992],[107.914916,27.314619],[107.920686,27.312437],[107.930819,27.313648],[107.931957,27.31913],[107.927976,27.325783],[107.918893,27.333073],[107.919343,27.334733],[107.932926,27.347437],[107.948474,27.354191],[107.953972,27.353676],[107.958078,27.350758],[107.959363,27.339194],[107.952058,27.328322],[107.945127,27.328015],[107.944497,27.326784],[107.946042,27.324979],[107.956376,27.324249],[107.956042,27.319196],[107.952522,27.315862],[107.957356,27.31294],[107.970254,27.318667],[107.975899,27.317918],[107.989357,27.305851],[107.999883,27.302754],[107.999326,27.30047],[108.003576,27.286206],[108.011845,27.274564],[108.03266,27.269641],[108.039726,27.258122],[108.039674,27.25146],[108.037037,27.244953],[108.028845,27.234388],[108.020714,27.229793],[108.004726,27.226795],[107.995704,27.220637],[107.994048,27.221396],[107.97786,27.215576],[107.965902,27.214939],[107.964259,27.209046],[107.971286,27.201874],[107.971302,27.199172],[107.953707,27.192219],[107.937639,27.19329],[107.929843,27.197208],[107.92517,27.196762],[107.921445,27.194303],[107.921378,27.189521],[107.915199,27.182542],[107.913107,27.180649],[107.907681,27.180173],[107.905075,27.175932],[107.889774,27.177972],[107.884383,27.177228],[107.882222,27.171992],[107.882621,27.165341],[107.886721,27.150385],[107.886399,27.146266],[107.88196,27.142204],[107.869107,27.1401],[107.862713,27.141568],[107.852034,27.149851],[107.852903,27.156869],[107.849138,27.159529],[107.85118,27.164467],[107.838706,27.163712],[107.836085,27.160708],[107.825164,27.158513],[107.819479,27.159021],[107.823517,27.169202],[107.825671,27.171044],[107.834111,27.172169],[107.836977,27.178697],[107.845899,27.181876],[107.843714,27.186888],[107.835971,27.184389],[107.831604,27.193592],[107.825257,27.192701],[107.823581,27.186742],[107.760413,27.191633],[107.757446,27.198773],[107.762401,27.203524],[107.780986,27.209234],[107.782599,27.214025],[107.778551,27.217059],[107.772914,27.218051],[107.747456,27.217692],[107.729592,27.226153],[107.709028,27.228214],[107.68441,27.235346],[107.666361,27.234613]]]]}},{"type":"Feature","properties":{"dt_adcode":"520330"},"geometry":{"type":"Polygon","coordinates":[[[105.845784,28.259799],[105.850775,28.261398],[105.860332,28.281312],[105.866017,28.28433],[105.877983,28.280411],[105.88059,28.282348],[105.883618,28.288535],[105.892365,28.289493],[105.901143,28.2936],[105.907692,28.289474],[105.909849,28.283251],[105.911764,28.282303],[105.920081,28.28778],[105.928459,28.288752],[105.942339,28.301775],[105.951068,28.297818],[105.956508,28.30281],[105.961818,28.301449],[105.966484,28.302283],[105.971846,28.299122],[105.977701,28.304699],[105.977643,28.31088],[105.981913,28.313754],[105.991762,28.315072],[105.999244,28.310618],[106.015201,28.314161],[106.020683,28.318989],[106.015072,28.329378],[106.016377,28.336016],[106.018335,28.337972],[106.023294,28.338247],[106.034124,28.335416],[106.037452,28.338091],[106.037843,28.340953],[106.033799,28.347966],[106.035365,28.355905],[106.034061,28.364097],[106.041106,28.367106],[106.045149,28.3731],[106.066921,28.374964],[106.06881,28.37269],[106.069461,28.366318],[106.074933,28.370487],[106.083918,28.369196],[106.08483,28.371408],[106.081575,28.380901],[106.089777,28.387671],[106.098236,28.389364],[106.106561,28.394828],[106.118132,28.391961],[106.119692,28.395082],[106.119367,28.401652],[106.122487,28.406592],[106.112608,28.410891],[106.112219,28.413363],[106.106368,28.419479],[106.098043,28.419219],[106.095831,28.422731],[106.096547,28.431382],[106.094465,28.432942],[106.088348,28.43346],[106.086135,28.436971],[106.078453,28.436574],[106.077151,28.437743],[106.081709,28.444903],[106.07129,28.452826],[106.070899,28.457639],[106.072463,28.460633],[106.067903,28.462968],[106.066339,28.467779],[106.067382,28.468822],[106.086462,28.466177],[106.089456,28.465138],[106.094401,28.459806],[106.10637,28.460327],[106.1221,28.457587],[106.127363,28.460509],[106.149703,28.462041],[106.152299,28.459435],[106.152947,28.452408],[106.160997,28.450183],[106.162164,28.447189],[106.151519,28.43628],[106.155673,28.434061],[106.160866,28.434442],[106.172938,28.439754],[106.183582,28.4491],[106.188515,28.450262],[106.184751,28.459505],[106.194748,28.475749],[106.205785,28.485878],[106.206824,28.492251],[106.219091,28.500264],[106.232066,28.514269],[106.251557,28.497115],[106.255394,28.495717],[106.260423,28.497543],[106.261526,28.509104],[106.259468,28.514057],[106.260085,28.517285],[106.263264,28.520037],[106.267338,28.518369],[106.270622,28.519105],[106.272691,28.526915],[106.271222,28.528758],[106.266982,28.529539],[106.266592,28.531008],[106.272109,28.535156],[106.277271,28.532891],[106.276402,28.537689],[106.278027,28.53888],[106.292624,28.537344],[106.293476,28.527699],[106.296946,28.525701],[106.29852,28.520002],[106.301703,28.516514],[106.30159,28.511355],[106.304669,28.509419],[106.305417,28.504536],[106.316874,28.495883],[106.323687,28.494926],[106.326141,28.490591],[106.32541,28.486816],[106.329656,28.484749],[106.330709,28.482154],[106.341342,28.480681],[106.347511,28.473941],[106.349069,28.473803],[106.352906,28.480281],[106.35716,28.478497],[106.365911,28.48043],[106.371234,28.477197],[106.374564,28.477602],[106.378894,28.479713],[106.37919,28.481656],[106.376999,28.491379],[106.372956,28.497175],[106.374322,28.500021],[106.378217,28.499671],[106.376087,28.503661],[106.380582,28.507374],[106.375123,28.510268],[106.374062,28.512349],[106.375523,28.520121],[106.37368,28.521985],[106.373749,28.524966],[106.378584,28.532627],[106.373559,28.537638],[106.378341,28.542435],[106.383348,28.539375],[106.385756,28.542605],[106.383479,28.545966],[106.388216,28.548471],[106.385948,28.551776],[106.389816,28.553259],[106.389538,28.555441],[106.386826,28.556633],[106.385688,28.560835],[106.382915,28.561684],[106.387287,28.56276],[106.394518,28.569408],[106.399105,28.571164],[106.404255,28.569129],[106.410637,28.563803],[106.423195,28.562666],[106.434038,28.556676],[106.441615,28.559401],[106.446304,28.554382],[106.453878,28.550853],[106.453661,28.544151],[106.458668,28.544855],[106.466896,28.541827],[106.470524,28.533439],[106.475338,28.531165],[106.483865,28.53059],[106.486592,28.533686],[106.490461,28.533263],[106.493361,28.538304],[106.501167,28.534529],[106.504162,28.536452],[106.505417,28.538695],[106.504725,28.544687],[106.499074,28.55074],[106.487277,28.558838],[106.479747,28.574103],[106.470743,28.58142],[106.466985,28.587512],[106.474372,28.599233],[106.47638,28.599191],[106.485729,28.591342],[106.493969,28.590582],[106.498799,28.585865],[106.502684,28.572976],[106.505834,28.567061],[106.508803,28.56487],[106.516376,28.566331],[106.515589,28.571977],[106.516723,28.573592],[106.52067,28.57239],[106.525145,28.575361],[106.524687,28.577809],[106.513969,28.576877],[106.508941,28.580018],[106.506104,28.586453],[106.494316,28.600206],[106.493494,28.606476],[106.495104,28.615352],[106.49829,28.617946],[106.501397,28.618227],[106.502453,28.623535],[106.501121,28.628416],[106.506689,28.635604],[106.50521,28.640201],[106.506418,28.646474],[106.504469,28.648349],[106.505326,28.653949],[106.502419,28.660868],[106.505268,28.662163],[106.518467,28.661281],[106.521315,28.663253],[106.523341,28.669507],[106.529708,28.673136],[106.526103,28.680176],[106.515772,28.688214],[106.513136,28.695076],[106.514937,28.70046],[106.511143,28.707015],[106.511479,28.708932],[106.509478,28.709651],[106.512441,28.711054],[106.507809,28.712902],[106.510308,28.716168],[106.504165,28.715706],[106.498048,28.717603],[106.500044,28.720092],[106.497042,28.723585],[106.501244,28.727627],[106.496178,28.728808],[106.492558,28.73823],[106.493831,28.739468],[106.492686,28.741722],[106.490384,28.741727],[106.486377,28.746103],[106.483434,28.746006],[106.47811,28.749221],[106.463399,28.759841],[106.461095,28.766303],[106.454374,28.775564],[106.451671,28.792806],[106.459815,28.794871],[106.463609,28.799323],[106.459174,28.801305],[106.459599,28.805711],[106.451456,28.807763],[106.454671,28.812117],[106.452193,28.81523],[106.467343,28.825116],[106.468417,28.826462],[106.467396,28.828775],[106.461749,28.830613],[106.468608,28.834263],[106.474461,28.833037],[106.477352,28.824627],[106.486147,28.814506],[106.490596,28.806513],[106.500419,28.802122],[106.508761,28.795862],[106.516871,28.793195],[106.518663,28.794775],[106.521139,28.794266],[106.520636,28.7921],[106.522593,28.790536],[106.52119,28.786496],[106.522852,28.785197],[106.52306,28.781126],[106.533812,28.778719],[106.534384,28.775573],[106.532764,28.773482],[106.534037,28.770896],[106.540817,28.768913],[106.547989,28.769856],[106.560683,28.757844],[106.563915,28.746179],[106.559236,28.73155],[106.560276,28.720717],[106.569733,28.709703],[106.574112,28.70907],[106.572289,28.706497],[106.573115,28.704467],[106.576862,28.702389],[106.582614,28.701878],[106.587108,28.692338],[106.586309,28.688136],[106.593401,28.692561],[106.595988,28.692478],[106.599852,28.690293],[106.602049,28.686708],[106.606088,28.685054],[106.614413,28.690835],[106.617203,28.691161],[106.619358,28.687232],[106.613917,28.677691],[106.617758,28.672013],[106.617653,28.667297],[106.619505,28.664845],[106.631008,28.657831],[106.635244,28.658464],[106.64002,28.664561],[106.642551,28.664941],[106.651139,28.651266],[106.649459,28.646877],[106.643307,28.644552],[106.623729,28.646023],[106.617696,28.644276],[106.617044,28.640828],[106.618877,28.637266],[106.628589,28.634458],[106.628319,28.629749],[106.634016,28.629901],[106.635961,28.627235],[106.636833,28.623228],[106.634771,28.618322],[106.63598,28.61145],[106.633571,28.607629],[106.627822,28.604279],[106.616433,28.609233],[106.611836,28.607737],[106.606639,28.590913],[106.612729,28.579801],[106.616813,28.562814],[106.615265,28.549652],[106.603075,28.54358],[106.600616,28.541363],[106.598592,28.535658],[106.588922,28.531405],[106.588297,28.526234],[106.586379,28.523971],[106.568665,28.523658],[106.566021,28.521439],[106.566281,28.519595],[106.5601,28.512235],[106.56146,28.509326],[106.567858,28.505959],[106.562734,28.498094],[106.564953,28.494232],[106.564762,28.485263],[106.56803,28.484039],[106.58144,28.488852],[106.590706,28.489256],[106.592156,28.4918],[106.591506,28.499077],[106.584512,28.505587],[106.587081,28.508144],[106.593407,28.510174],[106.596394,28.509869],[106.599034,28.507034],[106.605313,28.504533],[106.610161,28.497943],[106.620617,28.502504],[106.627094,28.500643],[106.632756,28.503534],[106.633454,28.501048],[106.635208,28.500466],[106.630725,28.497574],[106.631528,28.489079],[106.635425,28.485042],[106.64181,28.484445],[106.649754,28.479568],[106.657752,28.484386],[106.662469,28.493693],[106.664672,28.493705],[106.668266,28.485975],[106.676083,28.481672],[106.689252,28.484445],[106.697642,28.476649],[106.696536,28.464936],[106.691749,28.459702],[106.693272,28.456516],[106.70234,28.455952],[106.703785,28.452459],[106.707596,28.450631],[106.708917,28.433059],[106.717399,28.425925],[106.728557,28.411656],[106.727713,28.407917],[106.723312,28.402178],[106.728687,28.403857],[106.74542,28.396633],[106.746001,28.395033],[106.742608,28.381487],[106.742737,28.373998],[106.73321,28.364262],[106.731253,28.360383],[106.732782,28.356679],[106.731444,28.354604],[106.732422,28.345714],[106.722357,28.341278],[106.716287,28.335813],[106.714467,28.326512],[106.708938,28.320167],[106.70944,28.303374],[106.706455,28.291517],[106.69897,28.276784],[106.694809,28.251884],[106.682413,28.229921],[106.675298,28.224829],[106.658085,28.204539],[106.657103,28.194069],[106.655218,28.190428],[106.651321,28.189737],[106.643902,28.195699],[106.636992,28.197053],[106.629783,28.192283],[106.620306,28.180955],[106.612702,28.180215],[106.609985,28.174879],[106.595276,28.17879],[106.592095,28.174521],[106.590358,28.176967],[106.583748,28.170748],[106.571699,28.16669],[106.562257,28.170595],[106.544564,28.184574],[106.496067,28.17896],[106.478756,28.17918],[106.470946,28.177087],[106.461194,28.170686],[106.451516,28.158088],[106.450329,28.153073],[106.451845,28.142947],[106.460256,28.129671],[106.460412,28.126229],[106.44817,28.123078],[106.446602,28.131981],[106.429817,28.147208],[106.429861,28.15022],[106.424839,28.156289],[106.423269,28.167599],[106.417333,28.167652],[106.407054,28.159461],[106.401654,28.157254],[106.388466,28.156636],[106.376276,28.150284],[106.372783,28.147763],[106.36778,28.132328],[106.361262,28.129133],[106.341828,28.129664],[106.327453,28.126586],[106.301265,28.12553],[106.285907,28.120354],[106.274876,28.121929],[106.25798,28.130327],[106.233452,28.13879],[106.216497,28.138927],[106.206336,28.134327],[106.191663,28.136742],[106.177301,28.148602],[106.16499,28.154243],[106.162191,28.154123],[106.157412,28.157847],[106.146699,28.162452],[106.13685,28.162432],[106.12509,28.167102],[106.112853,28.163594],[106.088641,28.161383],[106.060903,28.14297],[106.04392,28.13845],[106.037638,28.138352],[106.033963,28.132206],[106.026899,28.130777],[106.027628,28.12443],[106.031922,28.120673],[106.036542,28.110708],[106.033887,28.106964],[106.0223,28.10798],[106.020058,28.110113],[106.02009,28.115186],[106.011851,28.119964],[105.999509,28.116143],[105.987343,28.117685],[105.985369,28.108386],[105.979793,28.106303],[105.976145,28.108046],[105.970777,28.131242],[105.969244,28.132981],[105.962097,28.138455],[105.945266,28.143544],[105.939047,28.141828],[105.941004,28.138192],[105.93976,28.13395],[105.936951,28.132268],[105.927822,28.134243],[105.928222,28.140475],[105.92,28.134664],[105.912885,28.134133],[105.907457,28.131775],[105.898619,28.122478],[105.893785,28.119661],[105.884406,28.123951],[105.879497,28.123144],[105.877234,28.124861],[105.876054,28.128242],[105.878552,28.139035],[105.864039,28.152278],[105.86091,28.158901],[105.863918,28.162748],[105.859975,28.167176],[105.8645,28.177801],[105.871029,28.201931],[105.881019,28.21185],[105.886319,28.223837],[105.886936,28.230074],[105.890536,28.236271],[105.889018,28.238471],[105.875791,28.244883],[105.874202,28.254584],[105.870763,28.2544],[105.86788,28.251478],[105.864443,28.251778],[105.863213,28.249199],[105.861062,28.249015],[105.851624,28.252935],[105.845784,28.259799]]]}},{"type":"Feature","properties":{"dt_adcode":"520381"},"geometry":{"type":"Polygon","coordinates":[[[106.272109,28.535156],[106.266513,28.530607],[106.272691,28.526915],[106.270622,28.519105],[106.267338,28.518369],[106.263264,28.520037],[106.260085,28.517285],[106.259468,28.514057],[106.261526,28.509104],[106.260423,28.497543],[106.255394,28.495717],[106.251557,28.497115],[106.232066,28.514269],[106.219091,28.500264],[106.206824,28.492251],[106.205785,28.485878],[106.194748,28.475749],[106.184751,28.459505],[106.188515,28.450262],[106.183582,28.4491],[106.172938,28.439754],[106.160866,28.434442],[106.155673,28.434061],[106.151519,28.43628],[106.162164,28.447189],[106.160997,28.450183],[106.152947,28.452408],[106.152299,28.459435],[106.149703,28.462041],[106.127363,28.460509],[106.1221,28.457587],[106.10637,28.460327],[106.094401,28.459806],[106.089456,28.465138],[106.086462,28.466177],[106.067382,28.468822],[106.066339,28.467779],[106.067903,28.462968],[106.072463,28.460633],[106.070899,28.457639],[106.07129,28.452826],[106.081709,28.444903],[106.077151,28.437743],[106.078453,28.436574],[106.086135,28.436971],[106.088348,28.43346],[106.094465,28.432942],[106.096547,28.431382],[106.095831,28.422731],[106.098043,28.419219],[106.106368,28.419479],[106.112219,28.413363],[106.112608,28.410891],[106.122487,28.406592],[106.119367,28.401652],[106.119692,28.395082],[106.116832,28.391702],[106.106561,28.394828],[106.098236,28.389364],[106.089777,28.387671],[106.081575,28.380901],[106.08483,28.371408],[106.083918,28.369196],[106.074933,28.370487],[106.069461,28.366318],[106.06881,28.37269],[106.066921,28.374964],[106.045149,28.3731],[106.041106,28.367106],[106.034061,28.364097],[106.035365,28.355905],[106.033799,28.347966],[106.037843,28.340953],[106.037452,28.338091],[106.034124,28.335416],[106.023294,28.338247],[106.018335,28.337972],[106.016377,28.336016],[106.015072,28.329378],[106.020683,28.318989],[106.015201,28.314161],[105.999244,28.310618],[105.991762,28.315072],[105.981913,28.313754],[105.977643,28.31088],[105.977701,28.304699],[105.971846,28.299122],[105.966484,28.302283],[105.961818,28.301449],[105.956508,28.30281],[105.951068,28.297818],[105.942339,28.301775],[105.928459,28.288752],[105.920081,28.28778],[105.911764,28.282303],[105.909849,28.283251],[105.907692,28.289474],[105.901143,28.2936],[105.892365,28.289493],[105.883618,28.288535],[105.88059,28.282348],[105.877983,28.280411],[105.866017,28.28433],[105.860332,28.281312],[105.850775,28.261398],[105.845784,28.259799],[105.839624,28.274761],[105.833975,28.283355],[105.825321,28.305189],[105.823379,28.306907],[105.808405,28.307223],[105.801407,28.30895],[105.801402,28.312283],[105.797539,28.312438],[105.797892,28.317968],[105.793193,28.323186],[105.793293,28.328959],[105.789158,28.331431],[105.788919,28.334005],[105.785693,28.336499],[105.780784,28.336067],[105.772777,28.331846],[105.771111,28.327201],[105.771301,28.319465],[105.77498,28.318204],[105.777192,28.313935],[105.783801,28.312095],[105.787721,28.309091],[105.768333,28.309225],[105.764531,28.308035],[105.762058,28.309679],[105.740684,28.304857],[105.737305,28.302892],[105.735759,28.299149],[105.739116,28.294851],[105.735054,28.291005],[105.737337,28.287029],[105.736847,28.281574],[105.738597,28.277311],[105.731923,28.272069],[105.716813,28.276685],[105.710403,28.281978],[105.70393,28.279752],[105.688607,28.28437],[105.683038,28.295576],[105.672516,28.305361],[105.670036,28.310419],[105.664327,28.311713],[105.658174,28.310647],[105.649907,28.319112],[105.644608,28.310158],[105.64152,28.309402],[105.639989,28.311023],[105.638511,28.32166],[105.651797,28.342814],[105.654887,28.362373],[105.660256,28.364911],[105.65273,28.372417],[105.650277,28.389518],[105.642699,28.397735],[105.643917,28.402271],[105.648311,28.407857],[105.648981,28.412761],[105.644761,28.429439],[105.636927,28.435491],[105.63181,28.432144],[105.614788,28.437845],[105.612571,28.438924],[105.609767,28.444011],[105.612664,28.457108],[105.614827,28.460637],[105.618887,28.461085],[105.619399,28.46314],[105.614109,28.470916],[105.609984,28.471484],[105.609454,28.472932],[105.614659,28.484236],[105.62177,28.485268],[105.621231,28.487606],[105.625344,28.494611],[105.625588,28.504121],[105.627996,28.507825],[105.623876,28.518116],[105.62741,28.520504],[105.633008,28.520578],[105.634669,28.518388],[105.640699,28.518622],[105.641719,28.517272],[105.642974,28.519219],[105.649318,28.520696],[105.650128,28.522973],[105.651984,28.522031],[105.659428,28.522635],[105.659789,28.524177],[105.664486,28.523798],[105.668498,28.527593],[105.667846,28.532129],[105.669203,28.535727],[105.684634,28.534547],[105.68198,28.543782],[105.681711,28.553831],[105.683374,28.557898],[105.692651,28.566309],[105.691808,28.581987],[105.693157,28.588601],[105.6983,28.592496],[105.71061,28.587146],[105.717029,28.588061],[105.720699,28.590618],[105.728602,28.603849],[105.737077,28.608632],[105.737051,28.613461],[105.7423,28.615978],[105.74878,28.615157],[105.749284,28.610049],[105.757228,28.60221],[105.757671,28.590353],[105.769962,28.594066],[105.778482,28.598821],[105.78138,28.607242],[105.784961,28.61112],[105.794801,28.607036],[105.797152,28.60307],[105.802273,28.605529],[105.803079,28.602258],[105.808569,28.599991],[105.812301,28.599951],[105.816937,28.602655],[105.835771,28.599369],[105.839679,28.602847],[105.850327,28.606347],[105.853476,28.604957],[105.859467,28.597927],[105.866523,28.601505],[105.876165,28.602934],[105.878532,28.597204],[105.882122,28.594882],[105.885046,28.59547],[105.893418,28.605734],[105.899537,28.605072],[105.904772,28.60638],[105.906187,28.609172],[105.905458,28.611704],[105.900259,28.61588],[105.896344,28.615939],[105.893097,28.62033],[105.890228,28.621395],[105.893714,28.623901],[105.893359,28.634868],[105.896032,28.637114],[105.895659,28.643734],[105.900761,28.648396],[105.892275,28.65045],[105.891113,28.658441],[105.892345,28.663817],[105.889474,28.670513],[105.891513,28.672042],[105.898872,28.669075],[105.903559,28.669239],[105.921931,28.679006],[105.928875,28.677697],[105.935578,28.681904],[105.937622,28.687096],[105.93284,28.696788],[105.933388,28.702287],[105.93988,28.705879],[105.942306,28.710412],[105.946204,28.712719],[105.956307,28.713938],[105.954589,28.724617],[105.965653,28.736023],[105.962005,28.73988],[105.964678,28.744118],[105.967787,28.761633],[105.971409,28.759584],[105.979264,28.746539],[105.986702,28.745995],[105.988793,28.74259],[106.001756,28.743921],[106.008909,28.738201],[106.013456,28.728454],[106.01809,28.726394],[106.01789,28.722645],[106.028891,28.719704],[106.024919,28.717549],[106.028942,28.713708],[106.022776,28.712962],[106.021051,28.710637],[106.024579,28.707442],[106.035918,28.706626],[106.030892,28.695675],[106.032277,28.693136],[106.038155,28.689914],[106.043179,28.693579],[106.046634,28.693596],[106.056156,28.69067],[106.058496,28.686798],[106.066169,28.685897],[106.06723,28.686802],[106.065703,28.692796],[106.083287,28.683978],[106.085654,28.681396],[106.084084,28.677318],[106.090297,28.669468],[106.087335,28.664018],[106.082738,28.660135],[106.085441,28.658159],[106.098227,28.65489],[106.099781,28.64548],[106.10341,28.636102],[106.11064,28.632118],[106.121633,28.633037],[106.122362,28.637726],[106.115404,28.643739],[106.116862,28.645035],[106.11969,28.643558],[106.12218,28.645124],[106.129352,28.640021],[106.140926,28.640806],[106.14188,28.643488],[106.144636,28.644759],[106.148345,28.642853],[106.148839,28.638957],[106.152054,28.636518],[106.156881,28.640146],[106.160485,28.636169],[106.165736,28.636231],[106.171237,28.628654],[106.169486,28.621804],[106.170691,28.617084],[106.184829,28.600613],[106.185296,28.587647],[106.192617,28.577258],[106.201334,28.572349],[106.205589,28.567977],[106.20851,28.571479],[106.212914,28.571006],[106.214769,28.573209],[106.222329,28.571647],[106.223214,28.567161],[106.236181,28.560122],[106.238323,28.55361],[106.241595,28.552008],[106.244858,28.55253],[106.254849,28.539413],[106.259999,28.543344],[106.262622,28.538316],[106.26839,28.537594],[106.272109,28.535156]]]}},{"type":"Feature","properties":{"dt_adcode":"520382"},"geometry":{"type":"Polygon","coordinates":[[[106.004042,27.746821],[106.014697,27.745791],[106.023036,27.746989],[106.037767,27.754062],[106.054201,27.758488],[106.062388,27.763356],[106.063479,27.765539],[106.059045,27.770626],[106.06373,27.777144],[106.074245,27.777688],[106.079321,27.775688],[106.081743,27.778188],[106.086167,27.777194],[106.103774,27.779876],[106.112576,27.777877],[106.120368,27.77948],[106.127549,27.778672],[106.14706,27.772499],[106.165251,27.763137],[106.179334,27.761907],[106.193519,27.754404],[106.210646,27.764212],[106.224649,27.760958],[106.231173,27.767337],[106.24242,27.767307],[106.249543,27.770341],[106.255984,27.776111],[106.265141,27.780098],[106.274678,27.787786],[106.286431,27.794137],[106.295975,27.803106],[106.310827,27.810095],[106.321495,27.809398],[106.342708,27.821423],[106.344263,27.826861],[106.343019,27.828349],[106.338886,27.828628],[106.329976,27.825747],[106.319439,27.831987],[106.317377,27.836277],[106.317107,27.838744],[106.320336,27.842764],[106.334311,27.855114],[106.339471,27.862974],[106.338172,27.875335],[106.33355,27.87747],[106.330132,27.876586],[106.325889,27.879334],[106.326237,27.881032],[106.331945,27.883788],[106.333321,27.887982],[106.328805,27.891133],[106.32495,27.898461],[106.304887,27.899354],[106.300331,27.908696],[106.301393,27.911038],[106.308264,27.912911],[106.309944,27.915316],[106.308362,27.937603],[106.313991,27.938513],[106.324006,27.947263],[106.328087,27.952893],[106.328349,27.957953],[106.325173,27.962597],[106.317359,27.967638],[106.315028,27.974013],[106.316646,27.978669],[106.298674,27.993257],[106.294335,28.003635],[106.283023,28.007184],[106.274609,28.003416],[106.268918,28.00333],[106.245454,28.012924],[106.241515,28.022442],[106.24319,28.029063],[106.252123,28.03975],[106.256751,28.048501],[106.26138,28.046823],[106.265506,28.049853],[106.266695,28.066536],[106.26293,28.07384],[106.254655,28.079507],[106.24991,28.092567],[106.244757,28.095417],[106.231467,28.09801],[106.229339,28.100303],[106.226238,28.115913],[106.211557,28.119097],[106.208583,28.124339],[106.209078,28.130648],[106.206336,28.134327],[106.211061,28.136951],[106.216497,28.138927],[106.233452,28.13879],[106.25798,28.130327],[106.274876,28.121929],[106.285907,28.120354],[106.301265,28.12553],[106.327453,28.126586],[106.341828,28.129664],[106.361262,28.129133],[106.36778,28.132328],[106.372783,28.147763],[106.376276,28.150284],[106.388466,28.156636],[106.401654,28.157254],[106.407054,28.159461],[106.417333,28.167652],[106.423269,28.167599],[106.424839,28.156289],[106.429861,28.15022],[106.429817,28.147208],[106.446602,28.131981],[106.451375,28.104831],[106.458738,28.082919],[106.464549,28.073821],[106.492166,28.048656],[106.504802,28.044738],[106.520858,28.044543],[106.533506,28.041377],[106.551937,28.026855],[106.550992,28.019337],[106.555922,28.007237],[106.554101,27.996465],[106.560237,27.988562],[106.586212,27.977453],[106.593637,27.96976],[106.595182,27.963706],[106.591986,27.938926],[106.597176,27.910203],[106.594988,27.891428],[106.585051,27.887271],[106.578941,27.864203],[106.563722,27.858137],[106.546443,27.859849],[106.518033,27.852718],[106.511316,27.84979],[106.501466,27.839556],[106.501162,27.831084],[106.506476,27.812501],[106.507704,27.801731],[106.506864,27.789144],[106.503219,27.7807],[106.495698,27.772738],[106.484539,27.756785],[106.471587,27.742901],[106.471812,27.736944],[106.475396,27.731655],[106.483871,27.725873],[106.487957,27.72104],[106.491245,27.709794],[106.492941,27.689631],[106.490568,27.677968],[106.484569,27.664499],[106.467494,27.647205],[106.465926,27.642177],[106.469199,27.627498],[106.468034,27.618508],[106.472154,27.617968],[106.473471,27.611623],[106.470184,27.610346],[106.456087,27.610388],[106.450598,27.601766],[106.445176,27.598356],[106.429787,27.601874],[106.427463,27.607891],[106.422221,27.606677],[106.408298,27.607417],[106.391534,27.612279],[106.37061,27.612554],[106.349203,27.624722],[106.343774,27.624729],[106.329024,27.621305],[106.313502,27.612708],[106.307208,27.613416],[106.30735,27.605732],[106.300667,27.606027],[106.298123,27.602703],[106.29022,27.603731],[106.282899,27.616223],[106.275451,27.610654],[106.278118,27.603403],[106.274643,27.603224],[106.273126,27.598533],[106.268074,27.599276],[106.261964,27.595943],[106.259985,27.596898],[106.258798,27.593548],[106.251914,27.587291],[106.24339,27.582729],[106.235511,27.568675],[106.234496,27.564929],[106.236408,27.55853],[106.234613,27.556267],[106.227329,27.556894],[106.216283,27.565635],[106.210873,27.567712],[106.172503,27.558691],[106.162721,27.560558],[106.157592,27.566531],[106.153494,27.574791],[106.140382,27.58674],[106.134479,27.595003],[106.127844,27.613632],[106.117129,27.611704],[106.11422,27.61283],[106.109812,27.627969],[106.106185,27.630926],[106.106903,27.643254],[106.109169,27.647548],[106.107452,27.653571],[106.106142,27.653545],[106.105592,27.648635],[106.103326,27.646852],[106.100472,27.65373],[106.096998,27.654958],[106.092824,27.653689],[106.086886,27.656234],[106.086375,27.661442],[106.063986,27.66319],[106.061617,27.664634],[106.06179,27.668813],[106.059616,27.670618],[106.043514,27.66755],[106.035956,27.667871],[106.013938,27.660957],[106.005392,27.663914],[106.002647,27.672082],[106.009357,27.684024],[106.006449,27.708054],[106.002738,27.71276],[106.005464,27.715149],[106.003653,27.718771],[106.004603,27.721756],[106.001641,27.724062],[106.001484,27.737078],[106.004177,27.741954],[106.004042,27.746821]]]}},{"type":"Feature","properties":{"dt_adcode":"520402"},"geometry":{"type":"MultiPolygon","coordinates":[[[[106.225314,26.033899],[106.233889,26.030196],[106.234824,26.027293],[106.2316,26.025104],[106.224347,26.023927],[106.22442,26.026461],[106.221566,26.030446],[106.215206,26.032721],[106.211785,26.024838],[106.212855,26.020601],[106.217395,26.020221],[106.216194,26.013836],[106.218416,26.012441],[106.219282,26.007534],[106.222324,26.002883],[106.220011,25.999422],[106.215513,25.999418],[106.215236,25.991868],[106.218755,25.991961],[106.219938,25.989686],[106.21931,25.983258],[106.216695,25.982471],[106.213102,25.988676],[106.203548,25.984773],[106.199198,25.984578],[106.199104,25.982241],[106.195506,25.981629],[106.19525,25.966711],[106.191778,25.963221],[106.186163,25.965086],[106.185123,25.968018],[106.180628,25.968074],[106.180675,25.957753],[106.178475,25.953332],[106.182659,25.951241],[106.18333,25.948747],[106.180022,25.94605],[106.177992,25.950717],[106.174035,25.949368],[106.175337,25.9459],[106.17091,25.943792],[106.169973,25.939179],[106.167175,25.937131],[106.162608,25.937834],[106.160581,25.941506],[106.157889,25.980677],[106.151052,25.99467],[106.145488,26.000872],[106.122625,26.009638],[106.113976,26.009882],[106.100999,26.007157],[106.097188,26.009449],[106.08653,26.030757],[106.078136,26.039461],[106.063345,26.038769],[106.04931,26.031428],[106.034736,26.015603],[106.023818,26.006953],[106.023366,26.003572],[106.019525,25.997608],[106.007106,26.002246],[106.006525,26.005667],[106.008324,26.009132],[105.999703,26.008862],[105.99841,26.012671],[105.995815,26.013653],[105.983474,26.012515],[105.970126,26.007897],[105.954057,26.010154],[105.947174,26.009228],[105.939772,26.006925],[105.929068,25.997523],[105.922697,25.99683],[105.914464,25.999448],[105.912583,25.994247],[105.907698,25.993197],[105.906953,25.999334],[105.913556,26.003152],[105.913,26.008807],[105.904389,26.006052],[105.898247,26.008908],[105.895892,26.007895],[105.897019,26.012948],[105.903477,26.015665],[105.898008,26.020872],[105.895725,26.027973],[105.891395,26.031408],[105.88809,26.032095],[105.873084,26.026383],[105.870796,26.029363],[105.868967,26.052186],[105.846528,26.061838],[105.836061,26.057715],[105.830792,26.057964],[105.828496,26.059731],[105.828861,26.06752],[105.832994,26.071611],[105.855212,26.080398],[105.857943,26.093013],[105.870427,26.10615],[105.873488,26.11172],[105.877521,26.127098],[105.883576,26.137563],[105.880575,26.139324],[105.866276,26.141699],[105.859411,26.149391],[105.852027,26.150008],[105.837799,26.149384],[105.808292,26.132823],[105.802008,26.133525],[105.799425,26.135635],[105.80339,26.137504],[105.802257,26.140321],[105.805983,26.139024],[105.808015,26.140264],[105.808113,26.145229],[105.803335,26.148079],[105.793429,26.139593],[105.790321,26.138702],[105.786811,26.134172],[105.773248,26.134134],[105.771053,26.134721],[105.771991,26.136747],[105.770534,26.138725],[105.764042,26.136401],[105.758,26.140718],[105.764942,26.144848],[105.75617,26.142575],[105.750314,26.150493],[105.748649,26.150124],[105.748374,26.154557],[105.755499,26.165798],[105.763102,26.173381],[105.783155,26.173756],[105.786486,26.184214],[105.795104,26.196669],[105.80395,26.197291],[105.807028,26.204111],[105.82171,26.212801],[105.818498,26.214904],[105.815277,26.224157],[105.809967,26.227351],[105.809224,26.229409],[105.812784,26.232804],[105.815828,26.234606],[105.821385,26.234564],[105.835259,26.232178],[105.836789,26.234219],[105.836874,26.245397],[105.84249,26.253565],[105.840778,26.261332],[105.843362,26.269294],[105.842878,26.272263],[105.844921,26.275212],[105.859585,26.27624],[105.863135,26.27781],[105.864212,26.286697],[105.857927,26.291305],[105.858703,26.298353],[105.865414,26.300035],[105.872323,26.296412],[105.875801,26.298723],[105.88149,26.311065],[105.881751,26.318624],[105.879704,26.321244],[105.869099,26.323641],[105.863898,26.322129],[105.861523,26.325166],[105.867582,26.335989],[105.874944,26.340093],[105.882082,26.340953],[105.904201,26.351599],[105.95738,26.393345],[105.966586,26.402718],[105.963663,26.405956],[105.968155,26.410606],[105.972524,26.410849],[105.982138,26.428589],[105.985406,26.427832],[105.985728,26.431211],[105.983348,26.430995],[105.98272,26.436988],[105.985958,26.439502],[105.993583,26.440892],[105.99302,26.433656],[105.994975,26.431499],[105.993652,26.425573],[105.996914,26.420542],[106.005044,26.414985],[106.010428,26.414999],[106.038881,26.427658],[106.052713,26.430656],[106.058604,26.429745],[106.061918,26.423562],[106.058083,26.414327],[106.060415,26.407364],[106.064246,26.408394],[106.068608,26.406002],[106.070285,26.410045],[106.07534,26.414682],[106.078181,26.414449],[106.080439,26.411697],[106.083044,26.398037],[106.087702,26.396763],[106.091785,26.393324],[106.092289,26.389429],[106.078446,26.368362],[106.076655,26.361947],[106.075611,26.353931],[106.080713,26.34637],[106.08684,26.346829],[106.106276,26.359406],[106.1119,26.366498],[106.116257,26.375652],[106.115763,26.384587],[106.120621,26.388014],[106.129294,26.388223],[106.138207,26.38476],[106.147135,26.38565],[106.158089,26.380319],[106.157549,26.372277],[106.160255,26.364724],[106.159476,26.362679],[106.154661,26.361586],[106.144053,26.36415],[106.142672,26.362198],[106.142903,26.357898],[106.138243,26.354871],[106.137812,26.352665],[106.13956,26.350316],[106.145141,26.348742],[106.156898,26.348246],[106.157801,26.343202],[106.161842,26.338988],[106.17669,26.340312],[106.178551,26.335873],[106.183702,26.333856],[106.183545,26.331771],[106.178366,26.331086],[106.181981,26.325155],[106.174016,26.317991],[106.169114,26.317671],[106.156523,26.324181],[106.152704,26.323359],[106.14968,26.320318],[106.149359,26.31541],[106.147079,26.312294],[106.154369,26.312783],[106.15761,26.310295],[106.162609,26.300849],[106.16251,26.296547],[106.166117,26.293737],[106.16657,26.288487],[106.175166,26.289086],[106.180382,26.294969],[106.18614,26.29641],[106.199927,26.30758],[106.209617,26.312131],[106.222075,26.307278],[106.226596,26.302618],[106.228495,26.291085],[106.236226,26.283842],[106.24119,26.281401],[106.245324,26.281194],[106.246496,26.282841],[106.240749,26.292932],[106.233259,26.296322],[106.236235,26.300834],[106.240989,26.298677],[106.24831,26.290741],[106.249713,26.291014],[106.249953,26.295118],[106.253104,26.296678],[106.258478,26.292816],[106.266248,26.292328],[106.271843,26.294334],[106.278998,26.29975],[106.287364,26.299685],[106.290877,26.296465],[106.292772,26.284364],[106.283881,26.282836],[106.281829,26.280572],[106.281538,26.277153],[106.291674,26.276847],[106.293948,26.276146],[106.293925,26.274093],[106.291304,26.26636],[106.286667,26.26397],[106.281363,26.258416],[106.279606,26.242726],[106.277115,26.240726],[106.257417,26.242464],[106.253677,26.241215],[106.253208,26.233542],[106.2453,26.229788],[106.243234,26.224524],[106.251133,26.222215],[106.262361,26.223793],[106.273586,26.223086],[106.281738,26.218491],[106.285319,26.211091],[106.299919,26.201153],[106.299446,26.199519],[106.291403,26.199033],[106.286818,26.195793],[106.284501,26.191852],[106.283866,26.170912],[106.274939,26.142767],[106.272671,26.141273],[106.269949,26.142857],[106.267421,26.139451],[106.25811,26.136402],[106.255818,26.133135],[106.256824,26.129839],[106.259587,26.128563],[106.274694,26.128779],[106.279027,26.127309],[106.281459,26.121685],[106.287496,26.114506],[106.289251,26.107173],[106.286686,26.102136],[106.269563,26.089798],[106.26244,26.09233],[106.256604,26.102192],[106.249467,26.101062],[106.24563,26.093056],[106.239136,26.051392],[106.237795,26.048542],[106.235636,26.048024],[106.233179,26.040467],[106.226702,26.03885],[106.225314,26.033899]]],[[[106.36082,26.254137],[106.358488,26.245209],[106.354098,26.237421],[106.343839,26.225526],[106.337435,26.222326],[106.329256,26.221416],[106.319041,26.222342],[106.313681,26.226469],[106.305914,26.236812],[106.304693,26.242426],[106.299291,26.252145],[106.304572,26.267414],[106.304946,26.281224],[106.308296,26.287862],[106.306565,26.296803],[106.309071,26.302286],[106.317292,26.30091],[106.33412,26.288754],[106.357594,26.278423],[106.36016,26.278648],[106.36082,26.254137]]]]}},{"type":"Feature","properties":{"dt_adcode":"520403"},"geometry":{"type":"Polygon","coordinates":[[[106.299291,26.252145],[106.297856,26.253199],[106.28051,26.246536],[106.281363,26.258416],[106.286667,26.26397],[106.291304,26.26636],[106.293925,26.274093],[106.293948,26.276146],[106.291674,26.276847],[106.281538,26.277153],[106.281829,26.280572],[106.283881,26.282836],[106.292772,26.284364],[106.290877,26.296465],[106.287364,26.299685],[106.278998,26.29975],[106.271843,26.294334],[106.266248,26.292328],[106.258478,26.292816],[106.253104,26.296678],[106.249405,26.294263],[106.249473,26.290706],[106.240989,26.298677],[106.236235,26.300834],[106.233259,26.296322],[106.240749,26.292932],[106.246496,26.282841],[106.245324,26.281194],[106.24119,26.281401],[106.236226,26.283842],[106.228495,26.291085],[106.226596,26.302618],[106.222075,26.307278],[106.209617,26.312131],[106.199927,26.30758],[106.18614,26.29641],[106.180382,26.294969],[106.175166,26.289086],[106.16657,26.288487],[106.166117,26.293737],[106.16251,26.296547],[106.162609,26.300849],[106.15761,26.310295],[106.154369,26.312783],[106.147079,26.312294],[106.149359,26.31541],[106.14968,26.320318],[106.152704,26.323359],[106.156523,26.324181],[106.169114,26.317671],[106.174016,26.317991],[106.181981,26.325155],[106.178366,26.331086],[106.183545,26.331771],[106.183702,26.333856],[106.178551,26.335873],[106.17669,26.340312],[106.161842,26.338988],[106.157801,26.343202],[106.156898,26.348246],[106.145141,26.348742],[106.13956,26.350316],[106.137812,26.352665],[106.138243,26.354871],[106.142903,26.357898],[106.142672,26.362198],[106.144053,26.36415],[106.154661,26.361586],[106.159476,26.362679],[106.160255,26.364724],[106.157549,26.372277],[106.158089,26.380319],[106.147135,26.38565],[106.138207,26.38476],[106.129294,26.388223],[106.120621,26.388014],[106.115763,26.384587],[106.116257,26.375652],[106.1119,26.366498],[106.106276,26.359406],[106.08684,26.346829],[106.080713,26.34637],[106.075611,26.353931],[106.076655,26.361947],[106.078446,26.368362],[106.092289,26.389429],[106.091785,26.393324],[106.087702,26.396763],[106.083044,26.398037],[106.07919,26.413758],[106.07534,26.414682],[106.070285,26.410045],[106.068608,26.406002],[106.064246,26.408394],[106.060415,26.407364],[106.058083,26.414327],[106.061918,26.423562],[106.058604,26.429745],[106.052713,26.430656],[106.028885,26.423974],[106.010428,26.414999],[106.005044,26.414985],[106.00095,26.417268],[105.993652,26.425573],[105.994975,26.431499],[105.99302,26.433656],[105.992921,26.443211],[106.004191,26.448521],[106.018945,26.452341],[106.040476,26.464759],[106.063068,26.462156],[106.116314,26.484603],[106.124824,26.491227],[106.130098,26.50318],[106.132232,26.524236],[106.138431,26.539939],[106.139126,26.572322],[106.142638,26.57979],[106.14852,26.585439],[106.152412,26.586615],[106.152358,26.588995],[106.158012,26.594555],[106.150423,26.624424],[106.163931,26.613255],[106.168557,26.602706],[106.170613,26.601355],[106.171122,26.597883],[106.187334,26.587964],[106.186169,26.579368],[106.188774,26.57426],[106.184184,26.573575],[106.18123,26.57102],[106.187706,26.562525],[106.18426,26.553132],[106.192772,26.550734],[106.201385,26.542364],[106.21339,26.538238],[106.226665,26.537557],[106.232537,26.53871],[106.258829,26.550218],[106.276987,26.555528],[106.284923,26.551876],[106.29493,26.542266],[106.315685,26.536359],[106.320044,26.53201],[106.325699,26.520326],[106.324689,26.508621],[106.320103,26.494844],[106.321399,26.490718],[106.323646,26.489004],[106.336089,26.490242],[106.337129,26.48986],[106.335737,26.487388],[106.34587,26.487153],[106.349854,26.482255],[106.352782,26.473727],[106.351153,26.471526],[106.343177,26.471263],[106.343504,26.463343],[106.340784,26.461198],[106.336256,26.461213],[106.331858,26.459196],[106.329266,26.460466],[106.326581,26.456478],[106.328172,26.45062],[106.343398,26.448654],[106.356183,26.449016],[106.358578,26.446693],[106.36703,26.444038],[106.398227,26.439731],[106.409465,26.441799],[106.434254,26.457913],[106.443914,26.457609],[106.447996,26.453473],[106.450258,26.446971],[106.445865,26.443494],[106.445674,26.4369],[106.449924,26.430744],[106.449017,26.427801],[106.45118,26.425429],[106.450966,26.42297],[106.45664,26.423141],[106.457403,26.426658],[106.461154,26.425397],[106.466382,26.417581],[106.47113,26.415229],[106.470627,26.411335],[106.473283,26.40977],[106.474059,26.405949],[106.476745,26.405584],[106.475694,26.400486],[106.477232,26.395203],[106.485535,26.393928],[106.484326,26.39036],[106.492452,26.386729],[106.497565,26.379954],[106.505461,26.379628],[106.51381,26.382539],[106.524119,26.378872],[106.527665,26.380414],[106.530435,26.377852],[106.539271,26.377474],[106.550995,26.380658],[106.561172,26.376715],[106.564439,26.372665],[106.564956,26.367377],[106.562998,26.362342],[106.559758,26.361687],[106.556665,26.358041],[106.557848,26.354706],[106.560904,26.352635],[106.556601,26.345834],[106.561651,26.345184],[106.560394,26.342914],[106.5621,26.338422],[106.556603,26.333021],[106.554736,26.326933],[106.547193,26.317959],[106.543878,26.318642],[106.542983,26.315912],[106.53869,26.312781],[106.535279,26.312265],[106.527316,26.31738],[106.522409,26.315579],[106.524301,26.313355],[106.523159,26.311214],[106.524397,26.306048],[106.516246,26.29864],[106.515566,26.295002],[106.514881,26.296311],[106.509458,26.293974],[106.508007,26.287967],[106.506889,26.29157],[106.504169,26.290392],[106.503394,26.289222],[106.505595,26.285833],[106.504037,26.284523],[106.500512,26.285256],[106.497654,26.277045],[106.49308,26.273793],[106.487063,26.273839],[106.487404,26.264141],[106.486019,26.262111],[106.409422,26.273947],[106.397446,26.277191],[106.381378,26.284105],[106.361961,26.28185],[106.36016,26.278648],[106.357594,26.278423],[106.33412,26.288754],[106.317292,26.30091],[106.309071,26.302286],[106.306565,26.296803],[106.308296,26.287862],[106.304946,26.281224],[106.304572,26.267414],[106.299291,26.252145]]]}},{"type":"Feature","properties":{"dt_adcode":"520422"},"geometry":{"type":"Polygon","coordinates":[[[105.72287,26.17017],[105.721099,26.172733],[105.719663,26.184661],[105.71734,26.188512],[105.715788,26.18889],[105.709352,26.182445],[105.705466,26.181134],[105.697016,26.189089],[105.680436,26.200655],[105.665184,26.207473],[105.647025,26.208836],[105.633635,26.207058],[105.601149,26.210191],[105.597102,26.21317],[105.595941,26.220416],[105.593166,26.220863],[105.591606,26.222938],[105.592851,26.230224],[105.591774,26.232079],[105.587307,26.232208],[105.578538,26.225702],[105.568614,26.224522],[105.559637,26.230935],[105.556522,26.231253],[105.546003,26.227296],[105.542577,26.22218],[105.532024,26.221649],[105.531256,26.225126],[105.53335,26.233103],[105.531386,26.233675],[105.531447,26.235652],[105.524772,26.236658],[105.518029,26.227196],[105.510153,26.223617],[105.502672,26.229563],[105.492193,26.245831],[105.480737,26.252796],[105.473324,26.259801],[105.471834,26.265077],[105.471463,26.283278],[105.473316,26.28736],[105.486709,26.298711],[105.488516,26.307374],[105.48778,26.315174],[105.490914,26.321056],[105.495509,26.322504],[105.498196,26.328402],[105.495938,26.335648],[105.500033,26.340887],[105.518567,26.354393],[105.537899,26.359663],[105.576585,26.37893],[105.582442,26.383746],[105.594386,26.406216],[105.607389,26.415407],[105.64522,26.430181],[105.668245,26.43599],[105.676966,26.442471],[105.680707,26.437927],[105.690663,26.431771],[105.701914,26.45121],[105.722745,26.459071],[105.732968,26.460696],[105.74244,26.452009],[105.750118,26.447666],[105.759568,26.450199],[105.769775,26.455473],[105.775129,26.462806],[105.778955,26.471511],[105.792736,26.474946],[105.833539,26.472385],[105.842464,26.474664],[105.854197,26.480835],[105.87359,26.497994],[105.891719,26.504855],[105.910122,26.519514],[105.917019,26.521123],[105.92265,26.519063],[105.926743,26.515402],[105.935378,26.512588],[105.943022,26.515464],[105.950835,26.523099],[105.953382,26.521675],[105.962461,26.524937],[105.966845,26.524182],[105.969546,26.521898],[105.972492,26.51386],[105.971014,26.508924],[105.967816,26.505968],[105.969369,26.501008],[105.965482,26.501855],[105.965574,26.496941],[105.970409,26.493421],[105.972827,26.487804],[105.976164,26.491807],[105.976891,26.490737],[105.976357,26.486143],[105.974117,26.484339],[105.975993,26.47903],[105.975884,26.466177],[105.973923,26.461415],[105.959803,26.454081],[105.962236,26.451321],[105.965047,26.451305],[105.966704,26.446074],[105.975058,26.438486],[105.981805,26.441923],[105.992921,26.443211],[105.993154,26.440202],[105.985958,26.439502],[105.98272,26.436988],[105.983348,26.430995],[105.985728,26.431211],[105.985406,26.427832],[105.982138,26.428589],[105.972524,26.410849],[105.968155,26.410606],[105.963663,26.405956],[105.966586,26.402718],[105.942788,26.381178],[105.9208,26.365806],[105.904201,26.351599],[105.882082,26.340953],[105.874944,26.340093],[105.867582,26.335989],[105.861523,26.325166],[105.863898,26.322129],[105.869099,26.323641],[105.874718,26.322983],[105.879704,26.321244],[105.881751,26.318624],[105.88149,26.311065],[105.878177,26.302822],[105.875801,26.298723],[105.872323,26.296412],[105.865414,26.300035],[105.858703,26.298353],[105.857927,26.291305],[105.864212,26.286697],[105.864423,26.280994],[105.863135,26.27781],[105.859585,26.27624],[105.844921,26.275212],[105.842878,26.272263],[105.843362,26.269294],[105.840778,26.261332],[105.84249,26.253565],[105.836874,26.245397],[105.836789,26.234219],[105.835259,26.232178],[105.832481,26.232199],[105.815828,26.234606],[105.809224,26.229409],[105.809967,26.227351],[105.815277,26.224157],[105.818498,26.214904],[105.82171,26.212801],[105.807028,26.204111],[105.80395,26.197291],[105.795104,26.196669],[105.786486,26.184214],[105.783155,26.173756],[105.763102,26.173381],[105.755499,26.165798],[105.746469,26.150174],[105.738094,26.154497],[105.740526,26.157449],[105.737999,26.164477],[105.734491,26.164143],[105.73483,26.166782],[105.732223,26.168448],[105.72287,26.17017]]]}},{"type":"Feature","properties":{"dt_adcode":"520423"},"geometry":{"type":"Polygon","coordinates":[[[105.748374,26.154557],[105.748649,26.150124],[105.750314,26.150493],[105.75617,26.142575],[105.764942,26.144848],[105.758,26.140718],[105.764042,26.136401],[105.770534,26.138725],[105.771991,26.136747],[105.771053,26.134721],[105.773248,26.134134],[105.786811,26.134172],[105.790321,26.138702],[105.793429,26.139593],[105.803335,26.148079],[105.808113,26.145229],[105.808015,26.140264],[105.805983,26.139024],[105.802257,26.140321],[105.80339,26.137504],[105.799425,26.135635],[105.802008,26.133525],[105.808292,26.132823],[105.837799,26.149384],[105.852027,26.150008],[105.859411,26.149391],[105.866276,26.141699],[105.880575,26.139324],[105.883576,26.137563],[105.877521,26.127098],[105.873488,26.11172],[105.870427,26.10615],[105.857943,26.093013],[105.855212,26.080398],[105.832994,26.071611],[105.828861,26.06752],[105.828496,26.059731],[105.830792,26.057964],[105.836061,26.057715],[105.846528,26.061838],[105.868967,26.052186],[105.870796,26.029363],[105.873084,26.026383],[105.88809,26.032095],[105.891395,26.031408],[105.895725,26.027973],[105.898008,26.020872],[105.903477,26.015665],[105.897019,26.012948],[105.895892,26.007895],[105.898247,26.008908],[105.904389,26.006052],[105.913,26.008807],[105.913556,26.003152],[105.906953,25.999334],[105.907698,25.993197],[105.912583,25.994247],[105.914464,25.999448],[105.922697,25.99683],[105.929068,25.997523],[105.939772,26.006925],[105.947174,26.009228],[105.954057,26.010154],[105.970126,26.007897],[105.983474,26.012515],[105.995815,26.013653],[105.99841,26.012671],[105.999703,26.008862],[106.008324,26.009132],[106.006525,26.005667],[106.007106,26.002246],[106.019984,25.996831],[106.018145,25.993893],[106.013153,25.99218],[106.01704,25.975337],[106.013866,25.972106],[106.011444,25.96517],[105.998159,25.95506],[105.992287,25.947717],[105.98794,25.939004],[105.987931,25.929613],[105.991737,25.919317],[105.99786,25.910401],[106.016719,25.895329],[106.020795,25.885718],[106.020281,25.882971],[106.015429,25.880441],[106.009557,25.879968],[105.997318,25.882458],[105.988642,25.877856],[105.984557,25.869831],[105.984033,25.857461],[105.948843,25.834484],[105.939675,25.8276],[105.932292,25.819574],[105.92618,25.801475],[105.931003,25.771933],[105.928959,25.763455],[105.913075,25.75711],[105.916861,25.738221],[105.924072,25.723794],[105.935555,25.715333],[105.947158,25.712144],[105.957991,25.711986],[105.958757,25.708962],[105.940172,25.696433],[105.937196,25.672372],[105.934726,25.667881],[105.937804,25.656496],[105.943135,25.647112],[105.957621,25.629727],[105.96441,25.623886],[105.970863,25.62501],[105.978851,25.614213],[105.977756,25.610908],[105.981017,25.60667],[105.980312,25.598942],[105.972099,25.587713],[105.97147,25.582325],[105.96343,25.57557],[105.962087,25.567301],[105.969274,25.561114],[105.972897,25.561677],[105.976124,25.565705],[105.981229,25.565108],[105.986939,25.560276],[105.993162,25.551461],[105.991123,25.547331],[105.981455,25.538601],[105.97306,25.535604],[105.916666,25.499091],[105.91286,25.491301],[105.913529,25.485912],[105.917498,25.476808],[105.916551,25.470794],[105.931281,25.459262],[105.932046,25.456237],[105.927838,25.453288],[105.926916,25.448783],[105.939166,25.438045],[105.927411,25.432197],[105.918846,25.436104],[105.909236,25.436256],[105.908271,25.429489],[105.902454,25.428289],[105.893843,25.422336],[105.877145,25.432884],[105.870321,25.434036],[105.855905,25.442988],[105.834406,25.451264],[105.815187,25.460911],[105.786627,25.468376],[105.785226,25.471306],[105.785241,25.487956],[105.783565,25.498249],[105.75624,25.543604],[105.754787,25.554925],[105.749959,25.563285],[105.755986,25.575247],[105.772118,25.593828],[105.779928,25.61178],[105.775575,25.645748],[105.776393,25.689423],[105.772533,25.705305],[105.774538,25.7241],[105.772976,25.729399],[105.761478,25.737116],[105.752514,25.747042],[105.754487,25.764335],[105.752906,25.768879],[105.741181,25.772257],[105.742944,25.780237],[105.748521,25.785285],[105.755122,25.787125],[105.761481,25.78622],[105.771895,25.780958],[105.795746,25.780495],[105.807422,25.773615],[105.816132,25.771943],[105.817882,25.776086],[105.817311,25.789653],[105.822502,25.795046],[105.812979,25.810713],[105.808396,25.836141],[105.803577,25.840497],[105.781493,25.842339],[105.745919,25.848268],[105.729627,25.856482],[105.693674,25.883636],[105.676114,25.914761],[105.674236,25.936407],[105.678753,25.955723],[105.678763,25.966011],[105.673008,25.984022],[105.666025,25.984323],[105.660388,25.982442],[105.656236,25.985713],[105.658599,25.987222],[105.660289,25.991231],[105.673389,25.99368],[105.673743,26.002686],[105.668984,26.017056],[105.654165,26.029294],[105.641671,26.031716],[105.634947,26.029545],[105.624964,26.031186],[105.610207,26.047202],[105.590256,26.063201],[105.594089,26.067865],[105.592523,26.076358],[105.589304,26.078112],[105.591796,26.079588],[105.59182,26.085343],[105.594774,26.088016],[105.595544,26.096736],[105.600622,26.103989],[105.600156,26.112073],[105.60845,26.115143],[105.6073,26.119935],[105.613383,26.135064],[105.607224,26.154286],[105.611713,26.16034],[105.620842,26.157559],[105.632943,26.140087],[105.635922,26.139821],[105.646316,26.143578],[105.660094,26.136719],[105.668157,26.135221],[105.671232,26.13635],[105.67298,26.139518],[105.672494,26.143168],[105.668765,26.147697],[105.669756,26.150923],[105.678157,26.153109],[105.680317,26.156338],[105.679361,26.162741],[105.69017,26.169182],[105.701805,26.170222],[105.708629,26.167604],[105.710485,26.164138],[105.715513,26.16404],[105.718559,26.164673],[105.72287,26.17017],[105.72778,26.169801],[105.733779,26.167789],[105.734491,26.164143],[105.737999,26.164477],[105.740526,26.157449],[105.738094,26.154497],[105.746469,26.150174],[105.748374,26.154557]]]}},{"type":"Feature","properties":{"dt_adcode":"520424"},"geometry":{"type":"Polygon","coordinates":[[[105.419664,25.788854],[105.39169,25.810303],[105.378578,25.825521],[105.37341,25.845372],[105.378149,25.856131],[105.379328,25.864135],[105.38001,25.876358],[105.377466,25.885292],[105.377901,25.889821],[105.367088,25.892678],[105.348662,25.888361],[105.336133,25.888496],[105.327,25.891604],[105.315403,25.898502],[105.301406,25.911451],[105.285821,25.931199],[105.266722,25.937438],[105.260229,25.943874],[105.255248,25.951879],[105.26309,25.975131],[105.263446,25.981772],[105.260269,25.987902],[105.25424,25.985502],[105.249032,25.988933],[105.248585,25.991472],[105.253044,26.000982],[105.261153,26.008578],[105.267013,26.011126],[105.277457,26.012324],[105.299661,26.008097],[105.35908,26.018062],[105.373395,26.013097],[105.38385,26.012691],[105.408544,26.016911],[105.443147,26.017454],[105.475384,26.025502],[105.490608,26.027794],[105.498981,26.030311],[105.50531,26.034892],[105.52707,26.060537],[105.536441,26.068781],[105.547096,26.074966],[105.558016,26.077492],[105.567171,26.077726],[105.5743,26.074299],[105.582472,26.066065],[105.592272,26.062459],[105.610207,26.047202],[105.624964,26.031186],[105.634947,26.029545],[105.641671,26.031716],[105.654165,26.029294],[105.668984,26.017056],[105.673743,26.002686],[105.673389,25.99368],[105.660289,25.991231],[105.658599,25.987222],[105.656236,25.985713],[105.660388,25.982442],[105.666025,25.984323],[105.673008,25.984022],[105.678763,25.966011],[105.678753,25.955723],[105.674236,25.936407],[105.676114,25.914761],[105.693674,25.883636],[105.729627,25.856482],[105.745919,25.848268],[105.781493,25.842339],[105.803577,25.840497],[105.808396,25.836141],[105.812979,25.810713],[105.822502,25.795046],[105.817311,25.789653],[105.817882,25.776086],[105.816132,25.771943],[105.807422,25.773615],[105.795746,25.780495],[105.771895,25.780958],[105.761481,25.78622],[105.755122,25.787125],[105.748521,25.785285],[105.742944,25.780237],[105.741181,25.772257],[105.752906,25.768879],[105.754487,25.764335],[105.752514,25.747042],[105.761478,25.737116],[105.772976,25.729399],[105.774538,25.7241],[105.772533,25.705305],[105.776393,25.689423],[105.775575,25.645748],[105.779928,25.61178],[105.772118,25.593828],[105.755986,25.575247],[105.749959,25.563285],[105.739213,25.566459],[105.73267,25.572583],[105.71991,25.602142],[105.706786,25.61287],[105.689179,25.653025],[105.681008,25.661417],[105.665309,25.669153],[105.638719,25.673264],[105.622997,25.678746],[105.577837,25.712534],[105.567029,25.712702],[105.556877,25.70081],[105.54847,25.694919],[105.536836,25.693604],[105.531881,25.695192],[105.522088,25.704394],[105.515629,25.715045],[105.495181,25.732709],[105.490358,25.742581],[105.485458,25.747183],[105.454957,25.760471],[105.444329,25.771179],[105.441113,25.778003],[105.429637,25.78796],[105.419664,25.788854]]]}},{"type":"Feature","properties":{"dt_adcode":"520425"},"geometry":{"type":"Polygon","coordinates":[[[106.234824,26.027293],[106.236121,26.025926],[106.235042,26.02218],[106.2425,26.022738],[106.242901,26.0279],[106.254044,26.032185],[106.249959,26.023142],[106.255986,26.019176],[106.257344,26.016347],[106.259596,26.016171],[106.25964,26.020241],[106.264177,26.022708],[106.276609,26.020084],[106.280211,26.01303],[106.284375,26.012841],[106.284326,26.008302],[106.290534,26.003086],[106.298654,26.005028],[106.302848,26.004077],[106.298155,25.995496],[106.300733,25.992048],[106.314026,25.989807],[106.312477,25.978888],[106.307122,25.967781],[106.293569,25.967667],[106.287104,25.963216],[106.285069,25.951014],[106.289448,25.938549],[106.281579,25.939296],[106.276374,25.937793],[106.275401,25.935658],[106.276231,25.924506],[106.296357,25.918564],[106.298239,25.916836],[106.297959,25.91298],[106.285414,25.897308],[106.28291,25.883515],[106.276494,25.882922],[106.275054,25.881433],[106.273387,25.858941],[106.266961,25.857063],[106.269738,25.850611],[106.262102,25.846386],[106.261115,25.842751],[106.243217,25.831545],[106.242653,25.822976],[106.246835,25.815008],[106.24561,25.811944],[106.247203,25.805607],[106.244439,25.794817],[106.249482,25.794572],[106.25076,25.787067],[106.256559,25.772393],[106.259268,25.744443],[106.258728,25.735512],[106.255402,25.728191],[106.24777,25.722481],[106.232011,25.714507],[106.229973,25.709704],[106.232739,25.702137],[106.239316,25.698224],[106.246927,25.698204],[106.27825,25.721046],[106.281013,25.720986],[106.285108,25.724131],[106.298853,25.724774],[106.298117,25.72183],[106.301503,25.721462],[106.303233,25.72448],[106.308902,25.728308],[106.311957,25.724627],[106.303994,25.711526],[106.304387,25.707268],[106.301803,25.697191],[106.30509,25.690774],[106.304726,25.686399],[106.306161,25.68334],[106.316377,25.679697],[106.326544,25.672402],[106.344781,25.66832],[106.364537,25.658174],[106.389332,25.650936],[106.401808,25.650692],[106.412714,25.654995],[106.42732,25.675034],[106.436531,25.67785],[106.446413,25.674622],[106.460311,25.666026],[106.478981,25.649779],[106.488936,25.646867],[106.486572,25.634515],[106.479429,25.623108],[106.470726,25.601861],[106.442749,25.574078],[106.433064,25.560382],[106.433774,25.550984],[106.436766,25.54066],[106.435196,25.528984],[106.420638,25.502473],[106.417215,25.496881],[106.405209,25.498024],[106.399544,25.494843],[106.398271,25.492372],[106.39771,25.486961],[106.406559,25.481924],[106.402604,25.479694],[106.398132,25.480412],[106.396354,25.477269],[106.396683,25.470919],[106.395064,25.467513],[106.396866,25.466334],[106.401569,25.466968],[106.403676,25.465423],[106.396997,25.457439],[106.396516,25.453834],[106.398799,25.451773],[106.406843,25.454627],[106.41085,25.452757],[106.419196,25.439451],[106.41954,25.430972],[106.405517,25.41542],[106.402651,25.415087],[106.395259,25.418294],[106.392016,25.413037],[106.395647,25.411524],[106.395091,25.407799],[106.385825,25.402661],[106.391479,25.400681],[106.395443,25.403703],[106.40389,25.404785],[106.40599,25.402563],[106.403672,25.399111],[106.411876,25.399968],[106.414189,25.396899],[106.419541,25.395779],[106.423359,25.392541],[106.426186,25.377087],[106.431358,25.370481],[106.427039,25.364921],[106.417798,25.361451],[106.399079,25.366962],[106.394604,25.366159],[106.382029,25.367863],[106.345969,25.356006],[106.332013,25.354189],[106.323921,25.357633],[106.304983,25.38194],[106.295886,25.390432],[106.277907,25.398246],[106.264231,25.401936],[106.252586,25.401734],[106.226492,25.394014],[106.222711,25.399297],[106.219236,25.418099],[106.214972,25.431175],[106.208436,25.444486],[106.199183,25.455345],[106.197524,25.463847],[106.193328,25.469681],[106.191965,25.470399],[106.189559,25.46576],[106.186612,25.463874],[106.180932,25.46395],[106.17893,25.462337],[106.172888,25.465579],[106.163401,25.46541],[106.162707,25.467028],[106.165601,25.473122],[106.165293,25.477959],[106.162489,25.481208],[106.159302,25.481562],[106.155609,25.46613],[106.148441,25.45782],[106.140966,25.454667],[106.127847,25.454784],[106.125075,25.461897],[106.123097,25.478026],[106.126317,25.480898],[106.135194,25.481787],[106.135579,25.485006],[106.132423,25.488901],[106.126789,25.493461],[106.117682,25.506427],[106.111342,25.511956],[106.10814,25.511337],[106.105627,25.508456],[106.091771,25.508557],[106.069161,25.525457],[106.067063,25.529657],[106.068874,25.533191],[106.084363,25.537092],[106.09144,25.534075],[106.100476,25.541003],[106.093722,25.546934],[106.097455,25.554027],[106.09831,25.560433],[106.102132,25.561219],[106.10362,25.565087],[106.096793,25.577794],[106.087772,25.584179],[106.080112,25.587386],[106.08114,25.591434],[106.084363,25.593669],[106.083681,25.596895],[106.076222,25.598553],[106.070157,25.588673],[106.064436,25.583556],[106.058436,25.584642],[106.054656,25.581817],[106.0564,25.579011],[106.054641,25.577441],[106.056522,25.572848],[106.055397,25.569263],[106.051902,25.567828],[106.051558,25.562804],[106.049177,25.558586],[106.042642,25.562048],[106.039628,25.560672],[106.036728,25.561353],[106.022863,25.570204],[106.015446,25.571072],[105.997908,25.568034],[105.992161,25.569257],[105.99099,25.576868],[105.987048,25.584047],[105.989122,25.585906],[105.990208,25.590469],[105.990301,25.599697],[105.982173,25.612275],[105.978408,25.614566],[105.970863,25.62501],[105.96441,25.623886],[105.957621,25.629727],[105.943135,25.647112],[105.937804,25.656496],[105.934726,25.667881],[105.937196,25.672372],[105.940172,25.696433],[105.958757,25.708962],[105.957991,25.711986],[105.947158,25.712144],[105.935555,25.715333],[105.924072,25.723794],[105.916861,25.738221],[105.913075,25.75711],[105.928959,25.763455],[105.931003,25.771933],[105.92618,25.801475],[105.932292,25.819574],[105.939675,25.8276],[105.948843,25.834484],[105.984033,25.857461],[105.984557,25.869831],[105.988642,25.877856],[105.997318,25.882458],[106.009557,25.879968],[106.015429,25.880441],[106.020281,25.882971],[106.020795,25.885718],[106.016719,25.895329],[105.99786,25.910401],[105.991737,25.919317],[105.987931,25.929613],[105.98794,25.939004],[105.992287,25.947717],[105.998159,25.95506],[106.011444,25.96517],[106.013866,25.972106],[106.01704,25.975337],[106.013153,25.99218],[106.019737,25.995453],[106.023818,26.006953],[106.034736,26.015603],[106.04931,26.031428],[106.063345,26.038769],[106.078136,26.039461],[106.08653,26.030757],[106.097188,26.009449],[106.100999,26.007157],[106.113976,26.009882],[106.122625,26.009638],[106.145488,26.000872],[106.151052,25.99467],[106.157889,25.980677],[106.160581,25.941506],[106.162608,25.937834],[106.167175,25.937131],[106.169973,25.939179],[106.17091,25.943792],[106.175337,25.9459],[106.174035,25.949368],[106.177992,25.950717],[106.180022,25.94605],[106.18333,25.948747],[106.182659,25.951241],[106.178475,25.953332],[106.180675,25.957753],[106.180628,25.968074],[106.185123,25.968018],[106.186163,25.965086],[106.191778,25.963221],[106.19525,25.966711],[106.195506,25.981629],[106.199104,25.982241],[106.199198,25.984578],[106.203548,25.984773],[106.213102,25.988676],[106.216695,25.982471],[106.218372,25.981971],[106.219938,25.989686],[106.218755,25.991961],[106.215236,25.991868],[106.215513,25.999418],[106.220011,25.999422],[106.222324,26.002883],[106.219282,26.007534],[106.218416,26.012441],[106.216194,26.013836],[106.215995,26.017551],[106.218606,26.021475],[106.234824,26.027293]]]}},{"type":"Feature","properties":{"dt_adcode":"520502"},"geometry":{"type":"Polygon","coordinates":[[[104.87125,27.290896],[104.879539,27.297574],[104.891939,27.299795],[104.894753,27.306034],[104.903076,27.305208],[104.91316,27.326823],[104.923344,27.331811],[104.933986,27.334779],[104.943806,27.34666],[104.954998,27.351213],[104.961349,27.357101],[104.971755,27.357882],[104.981554,27.364207],[104.990596,27.36686],[104.995679,27.370302],[105.000458,27.3696],[104.99983,27.372233],[105.001871,27.375119],[105.012108,27.380227],[105.020122,27.390539],[105.031491,27.400255],[105.039422,27.400345],[105.043414,27.396094],[105.0454,27.39617],[105.047622,27.399234],[105.044677,27.403164],[105.046629,27.407255],[105.057631,27.409386],[105.066496,27.417449],[105.070344,27.419041],[105.085509,27.419836],[105.099333,27.411401],[105.111697,27.416614],[105.124532,27.418144],[105.125843,27.416383],[105.135928,27.415831],[105.142019,27.411114],[105.148334,27.408976],[105.150928,27.40498],[105.153773,27.404422],[105.157806,27.40525],[105.162194,27.409696],[105.165776,27.409776],[105.172323,27.397319],[105.182356,27.394567],[105.184697,27.392466],[105.183318,27.375305],[105.180802,27.369156],[105.184028,27.367514],[105.191053,27.371742],[105.194722,27.383347],[105.203067,27.389424],[105.212793,27.400441],[105.219666,27.413509],[105.225846,27.419404],[105.231819,27.432115],[105.232809,27.436309],[105.226133,27.441134],[105.225595,27.443717],[105.228564,27.448899],[105.234954,27.454098],[105.234963,27.459153],[105.23908,27.466636],[105.238976,27.469848],[105.233644,27.475889],[105.234487,27.489027],[105.239793,27.492616],[105.248011,27.494629],[105.249462,27.504621],[105.255162,27.507019],[105.259926,27.514756],[105.260126,27.519629],[105.257397,27.529044],[105.253156,27.53619],[105.25698,27.540869],[105.251818,27.541401],[105.247544,27.545327],[105.23858,27.540266],[105.234724,27.540183],[105.232554,27.543177],[105.233205,27.547244],[105.242758,27.551366],[105.242688,27.554695],[105.239588,27.557023],[105.240465,27.558743],[105.251203,27.566969],[105.251081,27.568471],[105.244001,27.572594],[105.242959,27.577221],[105.246216,27.580089],[105.251742,27.573462],[105.257869,27.583658],[105.273353,27.588821],[105.285706,27.597932],[105.290605,27.604336],[105.304279,27.611916],[105.30508,27.616509],[105.303243,27.626356],[105.294984,27.633177],[105.305308,27.641556],[105.305125,27.647987],[105.308424,27.650944],[105.31,27.656124],[105.308965,27.670854],[105.301331,27.682783],[105.301349,27.696067],[105.305259,27.702916],[105.309582,27.705701],[105.313574,27.711704],[105.318705,27.71423],[105.326307,27.726854],[105.333644,27.726459],[105.341638,27.730463],[105.34851,27.743213],[105.353805,27.748859],[105.359582,27.747836],[105.36559,27.750553],[105.367807,27.748821],[105.373582,27.754986],[105.383204,27.757486],[105.38664,27.756111],[105.388377,27.750115],[105.393113,27.750488],[105.39605,27.757395],[105.394055,27.760089],[105.396495,27.762407],[105.400479,27.762494],[105.404198,27.765057],[105.414435,27.765314],[105.421476,27.768388],[105.426686,27.767119],[105.42944,27.762138],[105.433272,27.767688],[105.437811,27.769549],[105.438665,27.773064],[105.441596,27.775436],[105.44864,27.775311],[105.458193,27.76787],[105.46432,27.768631],[105.467724,27.772561],[105.477113,27.774847],[105.492859,27.77275],[105.50015,27.768398],[105.510022,27.768494],[105.517769,27.764903],[105.522741,27.758142],[105.537499,27.753746],[105.538173,27.747827],[105.545038,27.740795],[105.544074,27.736284],[105.545817,27.735357],[105.549302,27.7272],[105.557509,27.723649],[105.558246,27.720865],[105.561932,27.719723],[105.577776,27.721759],[105.584772,27.719894],[105.589584,27.720898],[105.605279,27.715459],[105.602678,27.706444],[105.604067,27.700749],[105.609268,27.692546],[105.62017,27.686291],[105.622658,27.680799],[105.621377,27.67583],[105.623808,27.666136],[105.628985,27.660973],[105.63742,27.658982],[105.643111,27.659956],[105.652715,27.670967],[105.655027,27.677181],[105.664387,27.683919],[105.671283,27.68489],[105.677869,27.683295],[105.685487,27.678496],[105.692054,27.678567],[105.694276,27.680321],[105.700102,27.676839],[105.716261,27.681238],[105.721056,27.684857],[105.719114,27.692148],[105.72282,27.705871],[105.73811,27.711444],[105.750868,27.712922],[105.765725,27.717904],[105.771092,27.716141],[105.777945,27.718934],[105.784209,27.719116],[105.794363,27.716874],[105.797962,27.714447],[105.804035,27.714482],[105.813816,27.711251],[105.831177,27.709947],[105.835726,27.706733],[105.845881,27.705774],[105.86046,27.716284],[105.86139,27.7223],[105.868643,27.726606],[105.868254,27.732512],[105.871336,27.734804],[105.880345,27.738681],[105.89125,27.736276],[105.905211,27.745128],[105.921323,27.747014],[105.924779,27.743744],[105.927612,27.732097],[105.931834,27.7272],[105.926195,27.718616],[105.918837,27.714415],[105.899832,27.709965],[105.895423,27.704887],[105.886245,27.701941],[105.884041,27.696001],[105.880644,27.695762],[105.874013,27.687048],[105.858482,27.680744],[105.858074,27.673485],[105.850634,27.670359],[105.845563,27.670392],[105.830272,27.663302],[105.826521,27.65892],[105.825143,27.65298],[105.820321,27.649174],[105.81766,27.636586],[105.814445,27.630994],[105.811,27.628087],[105.801238,27.624269],[105.798539,27.619711],[105.797599,27.598952],[105.79589,27.589581],[105.792835,27.586859],[105.786081,27.584578],[105.783374,27.585988],[105.758424,27.577964],[105.751979,27.580478],[105.742921,27.594664],[105.733632,27.596709],[105.710659,27.584286],[105.691283,27.577813],[105.681719,27.572742],[105.676305,27.566538],[105.666025,27.527334],[105.655459,27.515157],[105.64135,27.508719],[105.634928,27.51091],[105.6209,27.508711],[105.611187,27.504955],[105.607654,27.501688],[105.59946,27.501765],[105.59595,27.503453],[105.581898,27.502625],[105.574678,27.496399],[105.561786,27.490654],[105.550935,27.491016],[105.548753,27.488643],[105.546841,27.473146],[105.545329,27.471216],[105.53719,27.463623],[105.523433,27.461962],[105.524703,27.448382],[105.507539,27.437971],[105.506274,27.432471],[105.508871,27.424224],[105.519174,27.413685],[105.520221,27.406353],[105.516972,27.378404],[105.519033,27.375425],[105.523154,27.373594],[105.536499,27.375652],[105.539089,27.366949],[105.533024,27.335332],[105.529188,27.330289],[105.51329,27.323419],[105.490234,27.308989],[105.471512,27.305547],[105.46485,27.302794],[105.447275,27.289355],[105.446318,27.284953],[105.442159,27.284002],[105.438807,27.285445],[105.438912,27.279018],[105.434662,27.280882],[105.432686,27.279626],[105.433823,27.276868],[105.437625,27.276054],[105.438268,27.271395],[105.44129,27.268844],[105.442217,27.265487],[105.445284,27.263609],[105.444895,27.259476],[105.4431,27.25864],[105.446406,27.256372],[105.448619,27.251455],[105.452681,27.247537],[105.441708,27.24569],[105.433107,27.250915],[105.431026,27.244891],[105.423127,27.2426],[105.426716,27.240881],[105.415601,27.236784],[105.419768,27.225566],[105.434087,27.214999],[105.436437,27.206981],[105.434407,27.199875],[105.416988,27.183103],[105.410083,27.174375],[105.406269,27.164737],[105.404774,27.151441],[105.406624,27.140449],[105.41312,27.122138],[105.412129,27.113194],[105.382673,27.085354],[105.372904,27.082558],[105.348438,27.082654],[105.336058,27.087166],[105.293783,27.094712],[105.255177,27.096117],[105.245159,27.09424],[105.238246,27.091002],[105.220135,27.068703],[105.211792,27.06302],[105.198831,27.060163],[105.183528,27.06912],[105.173134,27.070883],[105.166336,27.068646],[105.163133,27.072027],[105.160127,27.072286],[105.151754,27.068813],[105.145853,27.069948],[105.133401,27.059529],[105.129352,27.058409],[105.122771,27.057065],[105.113123,27.061994],[105.102935,27.056653],[105.093377,27.054535],[105.084982,27.055279],[105.07784,27.053645],[105.066566,27.055949],[105.064025,27.05943],[105.057497,27.062213],[105.054536,27.065534],[105.04221,27.065377],[105.039059,27.067068],[105.0364,27.072592],[105.03257,27.075506],[105.015753,27.076855],[105.009693,27.081028],[105.01289,27.091076],[105.011256,27.098948],[104.988116,27.100953],[104.971849,27.110888],[104.968452,27.117115],[104.966154,27.129509],[104.950635,27.136905],[104.947891,27.141969],[104.948599,27.145268],[104.944179,27.150012],[104.943876,27.154232],[104.937782,27.157851],[104.930406,27.166641],[104.912171,27.174404],[104.896993,27.176809],[104.888681,27.180831],[104.88485,27.185096],[104.879553,27.185476],[104.874802,27.188707],[104.871117,27.203459],[104.872025,27.207619],[104.869578,27.209466],[104.870081,27.21236],[104.875897,27.217681],[104.878345,27.217045],[104.889562,27.223357],[104.890672,27.225502],[104.889289,27.231379],[104.893366,27.232831],[104.893164,27.236719],[104.895441,27.239742],[104.891141,27.252731],[104.880012,27.258508],[104.869583,27.273822],[104.868308,27.278827],[104.871571,27.286122],[104.87125,27.290896]]]}},{"type":"Feature","properties":{"dt_adcode":"520521"},"geometry":{"type":"Polygon","coordinates":[[[105.591958,26.832398],[105.573987,26.8613],[105.557409,26.872862],[105.557687,26.889434],[105.55195,26.897064],[105.541891,26.897226],[105.515764,26.887857],[105.490543,26.882246],[105.472973,26.883286],[105.459649,26.888769],[105.453271,26.909214],[105.440761,26.913921],[105.434125,26.919294],[105.428451,26.932185],[105.423487,26.936776],[105.382962,26.942831],[105.376993,26.946214],[105.374013,26.950559],[105.356922,26.955732],[105.324559,26.958534],[105.302741,26.948322],[105.295804,26.947367],[105.288076,26.950533],[105.279559,26.956215],[105.272828,26.965117],[105.269454,26.972433],[105.266576,26.981587],[105.267299,26.991214],[105.271351,27.003611],[105.295487,27.062409],[105.300092,27.069997],[105.306246,27.073929],[105.326854,27.072217],[105.344338,27.078965],[105.348438,27.082654],[105.372904,27.082558],[105.382673,27.085354],[105.412129,27.113194],[105.41312,27.122138],[105.406624,27.140449],[105.404774,27.151441],[105.406269,27.164737],[105.410083,27.174375],[105.416988,27.183103],[105.434407,27.199875],[105.436437,27.206981],[105.434087,27.214999],[105.419768,27.225566],[105.415601,27.236784],[105.426716,27.240881],[105.423127,27.2426],[105.431026,27.244891],[105.433107,27.250915],[105.441708,27.24569],[105.452681,27.247537],[105.448619,27.251455],[105.446406,27.256372],[105.4431,27.25864],[105.444895,27.259476],[105.445284,27.263609],[105.442217,27.265487],[105.44129,27.268844],[105.438268,27.271395],[105.437625,27.276054],[105.432746,27.278098],[105.434123,27.280793],[105.439211,27.279288],[105.438807,27.285445],[105.442159,27.284002],[105.446318,27.284953],[105.447275,27.289355],[105.46485,27.302794],[105.471512,27.305547],[105.490234,27.308989],[105.51329,27.323419],[105.529188,27.330289],[105.533024,27.335332],[105.539089,27.366949],[105.536499,27.375652],[105.523154,27.373594],[105.519033,27.375425],[105.516972,27.378404],[105.520221,27.406353],[105.519174,27.413685],[105.508871,27.424224],[105.506274,27.432471],[105.507539,27.437971],[105.524703,27.448382],[105.523433,27.461962],[105.53719,27.463623],[105.546841,27.473146],[105.548753,27.488643],[105.550935,27.491016],[105.561786,27.490654],[105.574678,27.496399],[105.581898,27.502625],[105.59595,27.503453],[105.59946,27.501765],[105.607654,27.501688],[105.611187,27.504955],[105.6209,27.508711],[105.634928,27.51091],[105.64135,27.508719],[105.655459,27.515157],[105.666025,27.527334],[105.676305,27.566538],[105.681719,27.572742],[105.691283,27.577813],[105.710659,27.584286],[105.733632,27.596709],[105.742921,27.594664],[105.751979,27.580478],[105.758424,27.577964],[105.783374,27.585988],[105.786081,27.584578],[105.789146,27.585432],[105.79589,27.589581],[105.811504,27.579329],[105.819485,27.577718],[105.827474,27.578396],[105.833383,27.580678],[105.851147,27.594625],[105.857587,27.595992],[105.874838,27.591851],[105.883345,27.586348],[105.88953,27.579245],[105.892879,27.570311],[105.892627,27.559775],[105.880506,27.527943],[105.879482,27.518784],[105.882057,27.498622],[105.881795,27.477549],[105.886427,27.472964],[105.897248,27.469755],[105.90111,27.464714],[105.903679,27.454635],[105.906518,27.450511],[105.910382,27.450054],[105.919408,27.458763],[105.92225,27.466094],[105.936707,27.478478],[105.944187,27.481238],[105.953488,27.481941],[105.959946,27.477143],[105.973352,27.448307],[105.989132,27.438626],[105.99565,27.438311],[105.996951,27.428986],[106.002703,27.430897],[106.005756,27.427259],[106.005474,27.420266],[105.998628,27.414554],[105.99163,27.412786],[105.991782,27.406672],[105.994868,27.406751],[105.995779,27.405275],[105.997623,27.406597],[106.010748,27.402173],[106.024413,27.394225],[106.022853,27.385791],[106.018594,27.380717],[106.017286,27.369773],[106.03641,27.369158],[106.055412,27.36211],[106.064172,27.353184],[106.075224,27.336463],[106.082185,27.317866],[106.086295,27.312524],[106.106425,27.307656],[106.115546,27.300711],[106.120117,27.278776],[106.134096,27.263442],[106.131138,27.243908],[106.106673,27.241344],[106.076696,27.243124],[106.076544,27.239244],[106.065664,27.227661],[106.063542,27.227673],[106.062944,27.233356],[106.060559,27.234653],[106.051109,27.233568],[106.049488,27.234887],[106.049125,27.239695],[106.040134,27.237869],[106.038397,27.234647],[106.042912,27.229738],[106.042312,27.22735],[106.034786,27.226076],[106.034005,27.230012],[106.029923,27.230322],[106.023624,27.220592],[106.020506,27.21915],[106.011596,27.219596],[106.002669,27.215009],[106.001834,27.212486],[106.016121,27.212794],[106.011558,27.210131],[106.009644,27.20559],[106.009329,27.202454],[106.012354,27.197291],[106.006935,27.194071],[105.991202,27.194032],[105.98527,27.191957],[105.973399,27.184138],[105.966694,27.182061],[105.952002,27.182948],[105.942476,27.186829],[105.932709,27.188549],[105.916345,27.195579],[105.903978,27.195974],[105.900133,27.200096],[105.895541,27.200363],[105.892825,27.198369],[105.891845,27.194447],[105.887031,27.189989],[105.884732,27.184909],[105.883795,27.180354],[105.886745,27.172958],[105.882117,27.168009],[105.862713,27.161162],[105.857187,27.161205],[105.853597,27.15416],[105.851509,27.153012],[105.844305,27.152869],[105.837928,27.156044],[105.833578,27.153744],[105.834851,27.143101],[105.820085,27.117738],[105.818879,27.098922],[105.811702,27.074931],[105.811374,27.057606],[105.815351,27.046233],[105.815117,27.03418],[105.810775,27.02672],[105.797114,27.014143],[105.793368,26.993861],[105.797016,26.965162],[105.799461,26.961351],[105.807842,26.960454],[105.811144,26.957383],[105.819029,26.931623],[105.79541,26.924494],[105.767732,26.925703],[105.758583,26.930366],[105.745946,26.929051],[105.732669,26.939039],[105.71248,26.938568],[105.692157,26.932806],[105.676432,26.94808],[105.644487,26.951503],[105.635979,26.946335],[105.630761,26.936609],[105.63056,26.92531],[105.63529,26.907161],[105.634124,26.889089],[105.627175,26.876372],[105.613449,26.860731],[105.612292,26.842663],[105.607964,26.835184],[105.600337,26.831524],[105.591958,26.832398]]]}},{"type":"Feature","properties":{"dt_adcode":"520523"},"geometry":{"type":"Polygon","coordinates":[[[106.156569,27.246955],[106.150919,27.244911],[106.131138,27.243908],[106.134096,27.263442],[106.120117,27.278776],[106.115546,27.300711],[106.106425,27.307656],[106.086295,27.312524],[106.082185,27.317866],[106.075224,27.336463],[106.064172,27.353184],[106.055412,27.36211],[106.03641,27.369158],[106.017286,27.369773],[106.018594,27.380717],[106.022853,27.385791],[106.024413,27.394225],[106.010748,27.402173],[105.997623,27.406597],[105.995779,27.405275],[105.994868,27.406751],[105.991782,27.406672],[105.99163,27.412786],[105.998628,27.414554],[106.005474,27.420266],[106.005756,27.427259],[106.002703,27.430897],[105.996951,27.428986],[105.99565,27.438311],[105.989132,27.438626],[105.973352,27.448307],[105.959946,27.477143],[105.953488,27.481941],[105.944187,27.481238],[105.936707,27.478478],[105.92225,27.466094],[105.919408,27.458763],[105.910382,27.450054],[105.906518,27.450511],[105.903679,27.454635],[105.90111,27.464714],[105.897248,27.469755],[105.886427,27.472964],[105.881795,27.477549],[105.882057,27.498622],[105.879482,27.518784],[105.880506,27.527943],[105.892627,27.559775],[105.892879,27.570311],[105.88953,27.579245],[105.883345,27.586348],[105.874838,27.591851],[105.857587,27.595992],[105.851147,27.594625],[105.833383,27.580678],[105.827474,27.578396],[105.819485,27.577718],[105.811504,27.579329],[105.79589,27.589581],[105.798461,27.606216],[105.798539,27.619711],[105.801238,27.624269],[105.811,27.628087],[105.814445,27.630994],[105.81766,27.636586],[105.820321,27.649174],[105.825143,27.65298],[105.826521,27.65892],[105.830272,27.663302],[105.845563,27.670392],[105.850634,27.670359],[105.858074,27.673485],[105.858482,27.680744],[105.874013,27.687048],[105.880644,27.695762],[105.884041,27.696001],[105.886245,27.701941],[105.895423,27.704887],[105.899832,27.709965],[105.918159,27.71413],[105.926195,27.718616],[105.932751,27.729023],[105.968574,27.740746],[105.985394,27.749746],[105.996124,27.749447],[106.004042,27.746821],[106.004177,27.741954],[106.001484,27.737078],[106.001641,27.724062],[106.004603,27.721756],[106.003653,27.718771],[106.005464,27.715149],[106.002738,27.71276],[106.006449,27.708054],[106.009357,27.684024],[106.002647,27.672082],[106.005392,27.663914],[106.013938,27.660957],[106.035956,27.667871],[106.043514,27.66755],[106.059616,27.670618],[106.06179,27.668813],[106.061617,27.664634],[106.063986,27.66319],[106.086375,27.661442],[106.086886,27.656234],[106.092824,27.653689],[106.096998,27.654958],[106.100472,27.65373],[106.103326,27.646852],[106.105592,27.648635],[106.106142,27.653545],[106.107452,27.653571],[106.109169,27.647548],[106.106903,27.643254],[106.106185,27.630926],[106.109812,27.627969],[106.11422,27.61283],[106.117129,27.611704],[106.127844,27.613632],[106.134479,27.595003],[106.140382,27.58674],[106.153494,27.574791],[106.157592,27.566531],[106.162721,27.560558],[106.172503,27.558691],[106.210873,27.567712],[106.216283,27.565635],[106.227329,27.556894],[106.234613,27.556267],[106.236408,27.55853],[106.234496,27.564929],[106.235511,27.568675],[106.24339,27.582729],[106.251914,27.587291],[106.258798,27.593548],[106.259985,27.596898],[106.261964,27.595943],[106.268074,27.599276],[106.273126,27.598533],[106.274643,27.603224],[106.278118,27.603403],[106.275451,27.610654],[106.282899,27.616223],[106.29022,27.603731],[106.292474,27.602431],[106.302786,27.602261],[106.310967,27.597506],[106.315127,27.587182],[106.326273,27.580772],[106.334026,27.578704],[106.337756,27.569601],[106.336173,27.543684],[106.332701,27.539977],[106.319013,27.534185],[106.310164,27.517763],[106.310851,27.510971],[106.317349,27.499561],[106.317227,27.494291],[106.320767,27.493063],[106.323488,27.486703],[106.333844,27.474325],[106.351414,27.478223],[106.364931,27.472371],[106.36835,27.473819],[106.368727,27.482076],[106.372301,27.483817],[106.375166,27.480671],[106.378475,27.481693],[106.380076,27.484401],[106.378557,27.487698],[106.389098,27.486207],[106.391079,27.491273],[106.39552,27.493903],[106.400397,27.492805],[106.406628,27.493699],[106.411684,27.499853],[106.41553,27.501704],[106.41624,27.505774],[106.422069,27.506237],[106.433449,27.510974],[106.454381,27.505252],[106.458504,27.501395],[106.462874,27.491576],[106.475997,27.493468],[106.485061,27.485727],[106.512602,27.476046],[106.522368,27.476381],[106.528773,27.483202],[106.528946,27.489979],[106.52422,27.502894],[106.536177,27.509397],[106.545366,27.506171],[106.548174,27.517406],[106.553303,27.520303],[106.563356,27.517817],[106.583912,27.529419],[106.594736,27.532445],[106.602534,27.531283],[106.613737,27.527583],[106.626971,27.51581],[106.63296,27.515547],[106.638486,27.51242],[106.64038,27.505059],[106.644674,27.500181],[106.643574,27.498523],[106.645598,27.494474],[106.655009,27.483805],[106.657143,27.476802],[106.670092,27.461876],[106.675748,27.460029],[106.676987,27.465357],[106.685757,27.462796],[106.688415,27.465428],[106.695052,27.46461],[106.696711,27.458019],[106.702061,27.457927],[106.70704,27.454589],[106.704961,27.452346],[106.704304,27.44682],[106.708298,27.445014],[106.707915,27.439489],[106.701629,27.431316],[106.70321,27.429867],[106.706408,27.431372],[106.717654,27.414923],[106.725751,27.407154],[106.725587,27.399111],[106.716998,27.392764],[106.710706,27.381603],[106.708955,27.374983],[106.709885,27.370223],[106.700912,27.362563],[106.700529,27.356108],[106.692541,27.357147],[106.692322,27.353153],[106.696371,27.339092],[106.699489,27.334551],[106.704304,27.333676],[106.707021,27.327399],[106.715739,27.321201],[106.714876,27.309254],[106.703173,27.308533],[106.6881,27.313354],[106.664412,27.301825],[106.632882,27.30238],[106.619491,27.274768],[106.576809,27.244578],[106.569777,27.242271],[106.558862,27.242673],[106.550397,27.241186],[106.531547,27.226958],[106.484716,27.201675],[106.476994,27.195072],[106.451677,27.190365],[106.446547,27.186708],[106.440053,27.161979],[106.434903,27.157569],[106.420494,27.153346],[106.413655,27.148964],[106.401219,27.122076],[106.392836,27.123747],[106.38126,27.133007],[106.359659,27.142242],[106.358329,27.14969],[106.359147,27.15667],[106.361487,27.16102],[106.36438,27.162414],[106.372051,27.161629],[106.375779,27.170869],[106.372368,27.176586],[106.372394,27.182543],[106.367047,27.19653],[106.366551,27.20249],[106.368657,27.210735],[106.372535,27.216914],[106.389349,27.233148],[106.392208,27.240243],[106.392,27.250098],[106.389194,27.258125],[106.380737,27.26685],[106.368147,27.274894],[106.365338,27.280629],[106.364851,27.288419],[106.370323,27.301928],[106.371132,27.308798],[106.364714,27.316599],[106.35645,27.313176],[106.349203,27.305853],[106.344295,27.303797],[106.322907,27.309546],[106.305655,27.316665],[106.270739,27.316669],[106.261018,27.330289],[106.250182,27.335764],[106.237763,27.345794],[106.231004,27.345171],[106.216227,27.336143],[106.212238,27.323739],[106.202686,27.311859],[106.172107,27.302806],[106.16593,27.296643],[106.167957,27.286554],[106.160479,27.276271],[106.157636,27.265282],[106.160443,27.258626],[106.160426,27.25221],[106.156569,27.246955]],[[106.139988,27.259603],[106.138092,27.256801],[106.139155,27.254615],[106.138227,27.251774],[106.147923,27.24787],[106.145817,27.253175],[106.149054,27.259529],[106.145768,27.262341],[106.139988,27.259603]]]}},{"type":"Feature","properties":{"dt_adcode":"520524"},"geometry":{"type":"Polygon","coordinates":[[[105.537899,26.359663],[105.532001,26.374093],[105.527134,26.381653],[105.523282,26.394942],[105.514313,26.414644],[105.513453,26.43075],[105.507872,26.437323],[105.5015,26.439386],[105.470413,26.438466],[105.447206,26.440507],[105.44235,26.442333],[105.43876,26.44874],[105.428506,26.458798],[105.412474,26.460375],[105.399883,26.459399],[105.392469,26.460973],[105.388495,26.463593],[105.378158,26.464821],[105.372721,26.469857],[105.369502,26.477536],[105.366268,26.480318],[105.362285,26.479925],[105.35947,26.475694],[105.358866,26.471063],[105.353633,26.469224],[105.352263,26.476495],[105.340925,26.493923],[105.342267,26.496472],[105.350452,26.499451],[105.359016,26.508426],[105.365878,26.510739],[105.368685,26.514715],[105.377204,26.520235],[105.387408,26.524125],[105.388357,26.530431],[105.396928,26.541805],[105.395851,26.549247],[105.399601,26.556739],[105.413032,26.563585],[105.419664,26.57236],[105.420502,26.595816],[105.426896,26.607224],[105.433285,26.611059],[105.437355,26.619651],[105.442446,26.624701],[105.456222,26.630217],[105.467426,26.639622],[105.473013,26.647416],[105.482185,26.652917],[105.503346,26.6591],[105.535344,26.67174],[105.545139,26.677086],[105.546572,26.674972],[105.545769,26.668082],[105.547616,26.663512],[105.565497,26.667451],[105.578788,26.66654],[105.58575,26.670413],[105.586032,26.673919],[105.583319,26.678409],[105.584183,26.690931],[105.600029,26.706051],[105.606246,26.714076],[105.608476,26.719887],[105.607606,26.723492],[105.594584,26.7224],[105.594035,26.725488],[105.617549,26.73394],[105.618075,26.740856],[105.611037,26.770339],[105.612141,26.785394],[105.62072,26.795828],[105.62006,26.806387],[105.614298,26.813246],[105.59181,26.824111],[105.591958,26.832398],[105.600337,26.831524],[105.607964,26.835184],[105.612292,26.842663],[105.613449,26.860731],[105.627175,26.876372],[105.634124,26.889089],[105.63529,26.907161],[105.63056,26.92531],[105.630761,26.936609],[105.635979,26.946335],[105.644487,26.951503],[105.676432,26.94808],[105.692157,26.932806],[105.71248,26.938568],[105.732669,26.939039],[105.745946,26.929051],[105.758583,26.930366],[105.767732,26.925703],[105.79541,26.924494],[105.819029,26.931623],[105.83401,26.925331],[105.844876,26.92363],[105.850673,26.919761],[105.862867,26.899954],[105.860603,26.869849],[105.871117,26.850073],[105.881435,26.820504],[105.894422,26.798432],[105.905159,26.789965],[105.914321,26.786052],[105.919273,26.781451],[105.927354,26.766254],[105.937308,26.759321],[105.951636,26.761369],[105.976229,26.770814],[106.000618,26.769722],[106.003188,26.771948],[106.004295,26.784743],[106.007841,26.792982],[106.019018,26.804132],[106.03007,26.809249],[106.035957,26.809165],[106.045864,26.799976],[106.05515,26.801344],[106.071399,26.813899],[106.07978,26.813011],[106.110576,26.800421],[106.118958,26.800266],[106.12575,26.803909],[106.149642,26.785364],[106.165386,26.777517],[106.172707,26.767574],[106.171571,26.754033],[106.164309,26.728557],[106.163901,26.709724],[106.173335,26.682408],[106.172338,26.674895],[106.164687,26.669774],[106.133617,26.665106],[106.125092,26.657732],[106.126584,26.649415],[106.143117,26.640057],[106.148005,26.633935],[106.158012,26.594555],[106.152358,26.588995],[106.152412,26.586615],[106.14852,26.585439],[106.142638,26.57979],[106.139126,26.572322],[106.138431,26.539939],[106.132232,26.524236],[106.130098,26.50318],[106.124824,26.491227],[106.116314,26.484603],[106.063068,26.462156],[106.040476,26.464759],[106.018945,26.452341],[106.004191,26.448521],[105.993464,26.443357],[105.981805,26.441923],[105.975058,26.438486],[105.966704,26.446074],[105.965047,26.451305],[105.962236,26.451321],[105.959803,26.454081],[105.973923,26.461415],[105.975884,26.466177],[105.975993,26.47903],[105.974117,26.484339],[105.976357,26.486143],[105.976891,26.490737],[105.976164,26.491807],[105.972827,26.487804],[105.970409,26.493421],[105.965574,26.496941],[105.965482,26.501855],[105.969369,26.501008],[105.967816,26.505968],[105.972385,26.512661],[105.972286,26.516614],[105.969546,26.521898],[105.963816,26.525069],[105.953382,26.521675],[105.950835,26.523099],[105.943022,26.515464],[105.933505,26.512466],[105.917019,26.521123],[105.910122,26.519514],[105.891719,26.504855],[105.87359,26.497994],[105.854197,26.480835],[105.842464,26.474664],[105.833539,26.472385],[105.792736,26.474946],[105.778955,26.471511],[105.775129,26.462806],[105.769775,26.455473],[105.759568,26.450199],[105.750118,26.447666],[105.74244,26.452009],[105.732968,26.460696],[105.722745,26.459071],[105.701914,26.45121],[105.690663,26.431771],[105.680707,26.437927],[105.676966,26.442471],[105.668245,26.43599],[105.64522,26.430181],[105.607389,26.415407],[105.594386,26.406216],[105.582442,26.383746],[105.576585,26.37893],[105.537899,26.359663]]]}},{"type":"Feature","properties":{"dt_adcode":"520525"},"geometry":{"type":"Polygon","coordinates":[[[105.348438,27.082654],[105.344338,27.078965],[105.326854,27.072217],[105.306246,27.073929],[105.300092,27.069997],[105.295487,27.062409],[105.267299,26.991214],[105.266576,26.981587],[105.269454,26.972433],[105.272828,26.965117],[105.279559,26.956215],[105.295804,26.947367],[105.302741,26.948322],[105.324559,26.958534],[105.356922,26.955732],[105.374013,26.950559],[105.376993,26.946214],[105.382962,26.942831],[105.423487,26.936776],[105.428451,26.932185],[105.434125,26.919294],[105.440761,26.913921],[105.453271,26.909214],[105.459649,26.888769],[105.472973,26.883286],[105.490543,26.882246],[105.515764,26.887857],[105.541891,26.897226],[105.55195,26.897064],[105.557687,26.889434],[105.557409,26.872862],[105.573987,26.8613],[105.591958,26.832398],[105.59181,26.824111],[105.614298,26.813246],[105.62006,26.806387],[105.62072,26.795828],[105.612141,26.785394],[105.611037,26.770339],[105.618075,26.740856],[105.617549,26.73394],[105.594035,26.725488],[105.594584,26.7224],[105.607606,26.723492],[105.608476,26.719887],[105.606246,26.714076],[105.600029,26.706051],[105.584183,26.690931],[105.583319,26.678409],[105.586032,26.673919],[105.585501,26.670055],[105.578788,26.66654],[105.565497,26.667451],[105.547616,26.663512],[105.545769,26.668082],[105.546572,26.674972],[105.545139,26.677086],[105.535344,26.67174],[105.503346,26.6591],[105.482185,26.652917],[105.473013,26.647416],[105.467426,26.639622],[105.456222,26.630217],[105.442446,26.624701],[105.437355,26.619651],[105.433285,26.611059],[105.426896,26.607224],[105.420502,26.595816],[105.419664,26.57236],[105.413032,26.563585],[105.399601,26.556739],[105.395851,26.549247],[105.396928,26.541805],[105.388357,26.530431],[105.387408,26.524125],[105.377204,26.520235],[105.368685,26.514715],[105.365878,26.510739],[105.359016,26.508426],[105.350452,26.499451],[105.350228,26.502347],[105.353519,26.510006],[105.342225,26.508491],[105.331703,26.511458],[105.319963,26.526316],[105.305106,26.532146],[105.293527,26.531781],[105.281527,26.518647],[105.273067,26.517349],[105.260474,26.520242],[105.254373,26.520026],[105.248319,26.524088],[105.237631,26.527791],[105.229816,26.528639],[105.224391,26.532497],[105.218175,26.533921],[105.208466,26.544437],[105.208597,26.553474],[105.212961,26.566224],[105.211409,26.575285],[105.194754,26.581528],[105.191319,26.585972],[105.183669,26.590697],[105.176829,26.591753],[105.169024,26.590351],[105.159787,26.586247],[105.147513,26.576714],[105.144156,26.575819],[105.142213,26.577169],[105.134422,26.602194],[105.131541,26.60692],[105.123546,26.612439],[105.128539,26.622816],[105.126768,26.625554],[105.114073,26.620972],[105.109088,26.624043],[105.105882,26.635379],[105.100104,26.642224],[105.089724,26.64622],[105.08695,26.649578],[105.088933,26.653924],[105.094037,26.656402],[105.095203,26.673136],[105.091821,26.680906],[105.083282,26.691851],[105.080925,26.698481],[105.079299,26.711989],[105.079751,26.721159],[105.083032,26.728742],[105.094493,26.741419],[105.094685,26.750129],[105.091312,26.756293],[105.084599,26.762898],[105.056303,26.770028],[105.04984,26.774331],[105.052384,26.779164],[105.059047,26.781506],[105.065952,26.786831],[105.06617,26.792101],[105.054772,26.805077],[105.047289,26.809374],[105.011471,26.816164],[105.003458,26.820899],[104.997206,26.830237],[104.995594,26.839848],[104.999152,26.845838],[105.020899,26.864373],[105.023437,26.869667],[105.025163,26.879767],[105.024571,26.890304],[105.020797,26.913646],[105.018704,26.917752],[105.021766,26.939356],[105.011024,26.952099],[104.96594,26.946372],[104.942726,26.951671],[104.939078,26.956914],[104.941324,26.966098],[104.948692,26.977619],[104.954572,26.982711],[104.976384,26.994592],[105.025109,27.028271],[105.026888,27.031953],[105.0164,27.054778],[105.015391,27.060071],[105.003032,27.069927],[105.000454,27.078416],[105.010244,27.080472],[105.015753,27.076855],[105.031644,27.075907],[105.0364,27.072592],[105.040823,27.065978],[105.054536,27.065534],[105.057497,27.062213],[105.064025,27.05943],[105.066566,27.055949],[105.07784,27.053645],[105.084982,27.055279],[105.097212,27.05514],[105.113123,27.061994],[105.122771,27.057065],[105.129352,27.058409],[105.133401,27.059529],[105.145853,27.069948],[105.151754,27.068813],[105.160127,27.072286],[105.163133,27.072027],[105.166336,27.068646],[105.173134,27.070883],[105.183528,27.06912],[105.198831,27.060163],[105.205037,27.061148],[105.211792,27.06302],[105.220135,27.068703],[105.238246,27.091002],[105.245159,27.09424],[105.255177,27.096117],[105.293783,27.094712],[105.336058,27.087166],[105.348438,27.082654]]]}},{"type":"Feature","properties":{"dt_adcode":"520526"},"geometry":{"type":"Polygon","coordinates":[[[104.656019,26.892896],[104.636869,26.859221],[104.629951,26.824404],[104.626836,26.819604],[104.60337,26.801603],[104.597761,26.792522],[104.597123,26.788339],[104.604203,26.772257],[104.605185,26.766293],[104.591736,26.747336],[104.594758,26.740212],[104.598337,26.738132],[104.633426,26.73086],[104.644983,26.731732],[104.653993,26.734677],[104.652483,26.736632],[104.655153,26.743342],[104.662187,26.745037],[104.679383,26.765297],[104.68567,26.78155],[104.705328,26.802318],[104.705075,26.796689],[104.723183,26.782651],[104.756949,26.765978],[104.759711,26.744919],[104.76315,26.733937],[104.761892,26.717708],[104.757383,26.712486],[104.75739,26.708719],[104.762567,26.703511],[104.76403,26.698587],[104.762109,26.691051],[104.747693,26.685623],[104.744309,26.6678],[104.74503,26.646724],[104.743282,26.640982],[104.737457,26.635205],[104.711194,26.620527],[104.694629,26.609594],[104.689254,26.604134],[104.688284,26.600487],[104.691842,26.580465],[104.692842,26.558022],[104.691649,26.549304],[104.688376,26.543542],[104.675829,26.541349],[104.6705,26.536252],[104.677282,26.524182],[104.676812,26.52074],[104.6676,26.518354],[104.655559,26.518685],[104.586555,26.542072],[104.581448,26.543119],[104.574237,26.540069],[104.572137,26.540617],[104.573838,26.546271],[104.581666,26.556713],[104.57967,26.568061],[104.573449,26.568087],[104.571419,26.578248],[104.564524,26.585851],[104.556538,26.590402],[104.543,26.584782],[104.517753,26.587877],[104.507831,26.58613],[104.505338,26.589034],[104.500689,26.589274],[104.495676,26.58716],[104.494784,26.584253],[104.487529,26.579549],[104.474653,26.585737],[104.463497,26.595797],[104.45966,26.602691],[104.458256,26.61081],[104.460068,26.618702],[104.459176,26.622326],[104.461246,26.628393],[104.464599,26.631414],[104.463776,26.633282],[104.467848,26.644533],[104.467709,26.651384],[104.461568,26.654046],[104.46026,26.659477],[104.457912,26.66032],[104.457921,26.66364],[104.442702,26.6726],[104.441211,26.677524],[104.443483,26.681874],[104.441758,26.686996],[104.435523,26.692253],[104.433936,26.698175],[104.429452,26.699383],[104.424793,26.70309],[104.423457,26.710203],[104.421288,26.712051],[104.416393,26.709704],[104.410289,26.712402],[104.406312,26.709364],[104.401361,26.70941],[104.398852,26.707687],[104.39845,26.686474],[104.39268,26.680422],[104.392376,26.677132],[104.389543,26.675125],[104.388951,26.671648],[104.381701,26.663457],[104.383161,26.65649],[104.379918,26.648827],[104.376796,26.646488],[104.373014,26.647237],[104.370918,26.644893],[104.365681,26.643805],[104.362801,26.63623],[104.362949,26.631601],[104.359391,26.630468],[104.354136,26.621321],[104.348777,26.619527],[104.341151,26.619489],[104.338402,26.620883],[104.328881,26.619454],[104.312651,26.612765],[104.306883,26.615137],[104.307013,26.623476],[104.30061,26.630228],[104.291678,26.63332],[104.283442,26.634109],[104.274106,26.633238],[104.272776,26.621085],[104.268308,26.617938],[104.257464,26.618752],[104.250093,26.626478],[104.243261,26.627582],[104.238349,26.627089],[104.229829,26.619887],[104.226444,26.621675],[104.222342,26.620577],[104.216254,26.624292],[104.203536,26.626576],[104.191578,26.634389],[104.190917,26.638599],[104.185764,26.637699],[104.18285,26.634917],[104.179444,26.636423],[104.173657,26.635498],[104.168935,26.641369],[104.160582,26.646807],[104.152237,26.646748],[104.148675,26.643058],[104.140796,26.64184],[104.128623,26.643944],[104.121042,26.637773],[104.115281,26.628381],[104.113398,26.621924],[104.110821,26.621279],[104.104324,26.613972],[104.103955,26.606968],[104.097174,26.604438],[104.093882,26.596367],[104.080895,26.58117],[104.068881,26.574532],[104.070228,26.569318],[104.064488,26.55986],[104.066384,26.557372],[104.066497,26.551333],[104.069479,26.546888],[104.068636,26.544634],[104.071027,26.541064],[104.071504,26.52592],[104.073948,26.522543],[104.067217,26.514645],[104.056857,26.510366],[104.055204,26.508079],[104.048364,26.50765],[104.042593,26.514319],[104.027251,26.514494],[104.008707,26.511752],[103.998497,26.520801],[103.984644,26.516357],[103.978185,26.517607],[103.972437,26.516428],[103.954339,26.521503],[103.925499,26.516744],[103.916714,26.513223],[103.904147,26.514898],[103.898281,26.513971],[103.885443,26.517497],[103.86529,26.512237],[103.862623,26.513324],[103.858114,26.520791],[103.849705,26.523411],[103.847586,26.527988],[103.84382,26.530809],[103.83718,26.531921],[103.833319,26.529379],[103.820806,26.528626],[103.819365,26.530811],[103.821454,26.531854],[103.817097,26.533534],[103.815499,26.532721],[103.815798,26.538293],[103.812895,26.541851],[103.813282,26.549711],[103.815188,26.553316],[103.810389,26.554539],[103.804988,26.561637],[103.802489,26.562172],[103.802961,26.564604],[103.799314,26.567128],[103.79588,26.567195],[103.791768,26.570812],[103.779365,26.574611],[103.763746,26.585056],[103.766686,26.586976],[103.767025,26.590547],[103.770678,26.596601],[103.768777,26.600554],[103.769671,26.602776],[103.765498,26.606262],[103.761393,26.613356],[103.75003,26.62123],[103.748397,26.624259],[103.752965,26.638141],[103.761021,26.649],[103.760892,26.660979],[103.758471,26.665457],[103.760042,26.676882],[103.758983,26.686912],[103.760737,26.691541],[103.7682,26.699053],[103.767801,26.707899],[103.773354,26.71688],[103.771724,26.726511],[103.768644,26.734801],[103.763768,26.737909],[103.75691,26.734044],[103.749947,26.72594],[103.746482,26.725406],[103.741888,26.728302],[103.737197,26.72866],[103.736189,26.731697],[103.725474,26.742799],[103.724719,26.75404],[103.720181,26.757914],[103.718894,26.761637],[103.719877,26.773674],[103.717678,26.778139],[103.711313,26.784622],[103.708165,26.793288],[103.705469,26.795211],[103.703078,26.815336],[103.705522,26.817465],[103.707949,26.829845],[103.716324,26.831286],[103.722922,26.838466],[103.72414,26.842339],[103.722228,26.851438],[103.730919,26.855735],[103.753391,26.860443],[103.755839,26.863319],[103.761959,26.866089],[103.772432,26.866079],[103.779441,26.874199],[103.777377,26.879569],[103.772103,26.883218],[103.768468,26.889389],[103.766924,26.900097],[103.763227,26.907114],[103.765206,26.91686],[103.777214,26.934965],[103.778064,26.942638],[103.775116,26.950941],[103.753742,26.963673],[103.753456,26.973061],[103.744791,26.992636],[103.733384,27.006728],[103.731143,27.013296],[103.731439,27.020029],[103.720548,27.031719],[103.712332,27.037767],[103.710289,27.044311],[103.705123,27.049108],[103.675612,27.051671],[103.671609,27.048668],[103.665231,27.039688],[103.65619,27.03283],[103.653884,27.022869],[103.649665,27.021793],[103.637487,27.012746],[103.631791,27.013329],[103.623079,27.007016],[103.618603,27.007561],[103.614388,27.005373],[103.612842,27.006455],[103.613702,27.009338],[103.628974,27.017457],[103.624567,27.027633],[103.624115,27.034868],[103.618222,27.035001],[103.61273,27.039719],[103.607153,27.047305],[103.607032,27.050935],[103.601439,27.062185],[103.608648,27.065642],[103.612772,27.077624],[103.61643,27.079791],[103.628376,27.072649],[103.647796,27.065571],[103.65533,27.067048],[103.659837,27.065781],[103.660124,27.073095],[103.653335,27.092581],[103.649011,27.09284],[103.641165,27.089973],[103.632582,27.091704],[103.6274,27.095714],[103.620437,27.096756],[103.62394,27.110775],[103.627809,27.116929],[103.635817,27.121176],[103.644428,27.121551],[103.650204,27.125577],[103.654928,27.12578],[103.657521,27.123245],[103.661454,27.123009],[103.677473,27.131639],[103.682189,27.130086],[103.689846,27.130443],[103.696197,27.126686],[103.70139,27.134589],[103.70947,27.13588],[103.711592,27.142532],[103.706644,27.157266],[103.707741,27.160532],[103.716515,27.159441],[103.720349,27.162136],[103.728181,27.179164],[103.736749,27.184547],[103.740069,27.195306],[103.745853,27.19861],[103.749588,27.211296],[103.764571,27.212029],[103.766037,27.216261],[103.770133,27.220439],[103.778426,27.222536],[103.778565,27.22585],[103.774826,27.228986],[103.782381,27.230401],[103.784792,27.236539],[103.790792,27.241999],[103.789535,27.253652],[103.798012,27.247537],[103.800708,27.247858],[103.800683,27.265481],[103.802347,27.267302],[103.814019,27.267388],[103.822528,27.263861],[103.834822,27.266911],[103.837334,27.270881],[103.841926,27.273255],[103.840887,27.282222],[103.84677,27.288193],[103.858339,27.28635],[103.865455,27.281727],[103.865577,27.303118],[103.866903,27.305084],[103.872963,27.305578],[103.872226,27.3119],[103.875061,27.31418],[103.87364,27.322154],[103.874232,27.331017],[103.890481,27.338671],[103.894852,27.34254],[103.900135,27.342194],[103.905001,27.345074],[103.903303,27.349705],[103.904884,27.384562],[103.907263,27.388076],[103.913308,27.388464],[103.915845,27.399612],[103.920693,27.406001],[103.921188,27.409613],[103.926246,27.41452],[103.92729,27.428092],[103.932445,27.443948],[103.934697,27.44386],[103.945995,27.433144],[103.956916,27.432582],[103.956472,27.425384],[103.975153,27.422994],[103.98009,27.416928],[103.99263,27.419718],[103.998722,27.424487],[103.999144,27.426404],[104.005891,27.430043],[104.012146,27.429874],[104.015275,27.429249],[104.016958,27.423218],[104.015251,27.420329],[104.016116,27.413127],[104.019918,27.410555],[104.019725,27.397163],[104.018281,27.393412],[104.019598,27.389953],[104.017506,27.383669],[104.020947,27.375866],[104.029491,27.368213],[104.036047,27.366203],[104.039539,27.362659],[104.057833,27.355621],[104.063226,27.347139],[104.079512,27.339675],[104.084369,27.331027],[104.094046,27.331988],[104.100532,27.335589],[104.112632,27.33823],[104.118471,27.330343],[104.13005,27.326929],[104.132903,27.324746],[104.134368,27.32067],[104.131853,27.315907],[104.131506,27.306602],[104.138199,27.298955],[104.142412,27.296485],[104.145081,27.288834],[104.149285,27.283918],[104.156564,27.278961],[104.166685,27.2683],[104.176606,27.261895],[104.180704,27.256724],[104.198277,27.248737],[104.213439,27.253166],[104.237874,27.257546],[104.270753,27.258893],[104.28827,27.226426],[104.302561,27.218839],[104.307598,27.213546],[104.299028,27.193237],[104.298984,27.186456],[104.304778,27.168353],[104.309824,27.164567],[104.316641,27.162801],[104.321435,27.164749],[104.323619,27.164092],[104.326092,27.1599],[104.326285,27.157716],[104.323812,27.155591],[104.324411,27.153427],[104.318689,27.152757],[104.322559,27.147937],[104.317287,27.148428],[104.315728,27.146615],[104.318875,27.142694],[104.317411,27.137852],[104.324136,27.134286],[104.323433,27.130675],[104.330105,27.126734],[104.330417,27.12457],[104.330477,27.11942],[104.328371,27.118407],[104.327272,27.114654],[104.323671,27.115607],[104.31875,27.110289],[104.318706,27.103506],[104.324572,27.096703],[104.333823,27.092906],[104.337173,27.089127],[104.331164,27.074826],[104.334514,27.071049],[104.346315,27.070253],[104.352153,27.060434],[104.351248,27.052149],[104.346984,27.043877],[104.33775,27.037025],[104.336784,27.033723],[104.336348,27.008736],[104.338497,27.001429],[104.342944,26.996442],[104.348652,26.992619],[104.356396,26.990652],[104.362295,26.992101],[104.36688,26.995133],[104.369029,27.007996],[104.372534,27.015139],[104.3761,27.018389],[104.384568,27.019404],[104.405544,27.006109],[104.415833,27.004838],[104.433256,27.006377],[104.452944,26.989123],[104.472679,26.988126],[104.476541,26.985862],[104.485744,26.965529],[104.493251,26.958018],[104.517604,26.954285],[104.550364,26.954052],[104.567254,26.956013],[104.574142,26.959503],[104.580537,26.960243],[104.589817,26.956425],[104.597086,26.949614],[104.602829,26.939811],[104.600934,26.925356],[104.604105,26.917134],[104.609763,26.91604],[104.615135,26.917924],[104.624301,26.926262],[104.629929,26.928611],[104.637664,26.927084],[104.642319,26.924152],[104.645243,26.914786],[104.653834,26.905249],[104.656019,26.892896]]]}},{"type":"Feature","properties":{"dt_adcode":"520527"},"geometry":{"type":"Polygon","coordinates":[[[105.018704,26.917752],[105.008154,26.917197],[104.998379,26.914587],[104.988368,26.909452],[104.969102,26.903544],[104.961677,26.898666],[104.947651,26.883188],[104.936733,26.865682],[104.925862,26.843367],[104.916449,26.832292],[104.910823,26.829959],[104.900811,26.831037],[104.889979,26.837152],[104.872704,26.850338],[104.866751,26.857177],[104.863038,26.871823],[104.854494,26.88186],[104.845231,26.886391],[104.838076,26.884978],[104.829916,26.880576],[104.825614,26.875284],[104.8244,26.867711],[104.82087,26.861733],[104.800733,26.844516],[104.796071,26.828816],[104.790249,26.821216],[104.771682,26.80734],[104.760764,26.796031],[104.756724,26.789356],[104.756949,26.765978],[104.723183,26.782651],[104.705075,26.796689],[104.705154,26.813645],[104.702135,26.833326],[104.70049,26.842932],[104.696547,26.852064],[104.690862,26.854754],[104.684201,26.852396],[104.674527,26.843359],[104.66737,26.839386],[104.651464,26.836701],[104.648339,26.840791],[104.647669,26.854996],[104.644771,26.861842],[104.639106,26.863388],[104.656019,26.892896],[104.653834,26.905249],[104.645243,26.914786],[104.642319,26.924152],[104.637664,26.927084],[104.629929,26.928611],[104.624301,26.926262],[104.615135,26.917924],[104.609763,26.91604],[104.604105,26.917134],[104.600934,26.925356],[104.602829,26.939811],[104.597086,26.949614],[104.589817,26.956425],[104.580537,26.960243],[104.574142,26.959503],[104.567254,26.956013],[104.550364,26.954052],[104.517604,26.954285],[104.493251,26.958018],[104.485744,26.965529],[104.476541,26.985862],[104.472679,26.988126],[104.452944,26.989123],[104.433256,27.006377],[104.415833,27.004838],[104.405544,27.006109],[104.384568,27.019404],[104.3761,27.018389],[104.372534,27.015139],[104.369029,27.007996],[104.36688,26.995133],[104.362295,26.992101],[104.356396,26.990652],[104.348652,26.992619],[104.342944,26.996442],[104.338497,27.001429],[104.336348,27.008736],[104.336784,27.033723],[104.33775,27.037025],[104.346984,27.043877],[104.351248,27.052149],[104.352153,27.060434],[104.346315,27.070253],[104.334514,27.071049],[104.331164,27.074826],[104.337173,27.089127],[104.333823,27.092906],[104.324572,27.096703],[104.318706,27.103506],[104.31875,27.110289],[104.323671,27.115607],[104.327272,27.114654],[104.328371,27.118407],[104.330477,27.11942],[104.330417,27.12457],[104.330105,27.126734],[104.323433,27.130675],[104.324136,27.134286],[104.317411,27.137852],[104.318875,27.142694],[104.315728,27.146615],[104.317287,27.148428],[104.322559,27.147937],[104.318689,27.152757],[104.324411,27.153427],[104.323812,27.155591],[104.326285,27.157716],[104.326092,27.1599],[104.323619,27.164092],[104.321435,27.164749],[104.316641,27.162801],[104.309824,27.164567],[104.304778,27.168353],[104.298984,27.186456],[104.299028,27.193237],[104.307598,27.213546],[104.302561,27.218839],[104.28827,27.226426],[104.270753,27.258893],[104.237874,27.257546],[104.213439,27.253166],[104.198277,27.248737],[104.180704,27.256724],[104.174143,27.263022],[104.177117,27.266906],[104.183529,27.270163],[104.189361,27.276848],[104.190921,27.287887],[104.198686,27.284501],[104.206695,27.278287],[104.21918,27.279854],[104.219128,27.287358],[104.215963,27.292888],[104.210839,27.297217],[104.214333,27.300822],[104.22461,27.298426],[104.230447,27.29123],[104.233389,27.292122],[104.234352,27.295838],[104.242631,27.2991],[104.245921,27.298619],[104.249733,27.291473],[104.254283,27.294119],[104.254274,27.296344],[104.251079,27.300225],[104.255343,27.302339],[104.259894,27.30832],[104.254614,27.316002],[104.249595,27.319738],[104.251427,27.323844],[104.247693,27.325388],[104.249196,27.329983],[104.24719,27.335538],[104.253946,27.339283],[104.254458,27.343776],[104.257298,27.344769],[104.258688,27.349559],[104.264196,27.350848],[104.269887,27.360558],[104.276024,27.359716],[104.27917,27.361309],[104.278241,27.372322],[104.279432,27.373599],[104.280857,27.373314],[104.281118,27.367266],[104.284074,27.367382],[104.295804,27.37465],[104.298527,27.384858],[104.303149,27.391567],[104.302349,27.396248],[104.304385,27.401889],[104.308805,27.407273],[104.322397,27.407853],[104.324356,27.410891],[104.328786,27.412727],[104.327446,27.416038],[104.335374,27.428585],[104.333164,27.431597],[104.335897,27.432493],[104.339317,27.429393],[104.339334,27.426268],[104.341641,27.426285],[104.342676,27.436345],[104.335497,27.439669],[104.332834,27.444758],[104.344244,27.452929],[104.348221,27.460309],[104.345914,27.463507],[104.356975,27.467548],[104.363221,27.467723],[104.370945,27.461965],[104.376016,27.464224],[104.379616,27.463928],[104.391646,27.45948],[104.397251,27.459014],[104.40242,27.455134],[104.410939,27.457805],[104.408586,27.448326],[104.409472,27.445304],[104.414698,27.441273],[104.415375,27.436395],[104.429,27.434342],[104.43593,27.425967],[104.442043,27.427349],[104.447513,27.426387],[104.452999,27.421126],[104.461299,27.420651],[104.462027,27.417642],[104.467173,27.414265],[104.470221,27.415928],[104.477271,27.41548],[104.485401,27.412724],[104.488553,27.415361],[104.497063,27.414489],[104.497626,27.411561],[104.490994,27.405504],[104.490908,27.401891],[104.499097,27.39975],[104.499989,27.397529],[104.502629,27.396983],[104.50682,27.399301],[104.510508,27.398997],[104.512593,27.400993],[104.51727,27.400357],[104.515319,27.396995],[104.508334,27.393508],[104.507656,27.387503],[104.522767,27.36505],[104.522282,27.354358],[104.531998,27.344151],[104.536381,27.341887],[104.540184,27.336267],[104.540868,27.331831],[104.539343,27.329703],[104.540461,27.326251],[104.543987,27.326399],[104.545391,27.330059],[104.552662,27.329352],[104.57022,27.331705],[104.57645,27.328982],[104.582264,27.323524],[104.588358,27.322989],[104.591232,27.315049],[104.594324,27.314662],[104.595661,27.310623],[104.600865,27.312741],[104.606843,27.310087],[104.608808,27.307198],[104.616571,27.308857],[104.6308,27.317865],[104.646281,27.321552],[104.656353,27.321891],[104.662351,27.316688],[104.676178,27.320298],[104.680279,27.319624],[104.680654,27.323966],[104.684746,27.326645],[104.683188,27.329794],[104.686157,27.334837],[104.69314,27.333089],[104.700548,27.338543],[104.708017,27.33826],[104.722644,27.342466],[104.737195,27.334603],[104.744793,27.341832],[104.753181,27.34538],[104.754909,27.345219],[104.767591,27.330234],[104.766714,27.325894],[104.771047,27.317418],[104.779651,27.317719],[104.782957,27.320087],[104.789137,27.321076],[104.79023,27.330445],[104.793866,27.331729],[104.802941,27.345535],[104.806679,27.347672],[104.808657,27.354572],[104.813748,27.351054],[104.818934,27.353024],[104.826106,27.352329],[104.827658,27.347892],[104.835887,27.343503],[104.843885,27.343213],[104.85652,27.332585],[104.848886,27.320352],[104.852303,27.312063],[104.850543,27.304311],[104.851271,27.300735],[104.854029,27.299056],[104.861975,27.298262],[104.87125,27.290896],[104.871571,27.286122],[104.868308,27.278827],[104.869583,27.273822],[104.880012,27.258508],[104.889461,27.254436],[104.892851,27.249707],[104.893087,27.244535],[104.895441,27.239742],[104.893164,27.236719],[104.893366,27.232831],[104.889289,27.231379],[104.890614,27.22484],[104.882909,27.219129],[104.875033,27.217106],[104.869506,27.210748],[104.872025,27.207619],[104.871117,27.203459],[104.874802,27.188707],[104.879553,27.185476],[104.88485,27.185096],[104.888681,27.180831],[104.896993,27.176809],[104.912171,27.174404],[104.917233,27.171194],[104.929338,27.16736],[104.93413,27.163708],[104.937782,27.157851],[104.943876,27.154232],[104.944179,27.150012],[104.948599,27.145268],[104.947891,27.141969],[104.950635,27.136905],[104.966154,27.129509],[104.968452,27.117115],[104.971849,27.110888],[104.988116,27.100953],[105.012037,27.098403],[105.01289,27.091076],[105.009057,27.082092],[105.010244,27.080472],[105.000139,27.077888],[105.003032,27.069927],[105.015391,27.060071],[105.0164,27.054778],[105.026888,27.031953],[105.025109,27.028271],[104.976384,26.994592],[104.954572,26.982711],[104.948692,26.977619],[104.941324,26.966098],[104.939078,26.956914],[104.942726,26.951671],[104.96594,26.946372],[105.011024,26.952099],[105.021766,26.939356],[105.018704,26.917752]]]}},{"type":"Feature","properties":{"dt_adcode":"520581"},"geometry":{"type":"MultiPolygon","coordinates":[[[[106.359503,26.927656],[106.357659,26.920904],[106.35798,26.899045],[106.351692,26.889575],[106.339073,26.882795],[106.331502,26.882924],[106.308229,26.895385],[106.301496,26.895502],[106.279722,26.863478],[106.269502,26.857634],[106.262778,26.857756],[106.251159,26.863999],[106.244606,26.870905],[106.234159,26.891453],[106.223239,26.890911],[106.211308,26.882858],[106.197579,26.86881],[106.169977,26.859745],[106.168795,26.855822],[106.149454,26.853191],[106.140093,26.846592],[106.131397,26.832439],[106.12575,26.803909],[106.118958,26.800266],[106.110576,26.800421],[106.07978,26.813011],[106.071399,26.813899],[106.05515,26.801344],[106.045864,26.799976],[106.035957,26.809165],[106.03007,26.809249],[106.019018,26.804132],[106.007841,26.792982],[106.004295,26.784743],[106.003188,26.771948],[106.000618,26.769722],[105.976229,26.770814],[105.951636,26.761369],[105.937308,26.759321],[105.927354,26.766254],[105.919273,26.781451],[105.914321,26.786052],[105.905159,26.789965],[105.894422,26.798432],[105.881435,26.820504],[105.871117,26.850073],[105.860603,26.869849],[105.862867,26.899954],[105.850673,26.919761],[105.844876,26.92363],[105.83401,26.925331],[105.819029,26.931623],[105.811144,26.957383],[105.807842,26.960454],[105.799461,26.961351],[105.797016,26.965162],[105.793368,26.993861],[105.797114,27.014143],[105.810775,27.02672],[105.815117,27.03418],[105.815351,27.046233],[105.811374,27.057606],[105.811702,27.074931],[105.818879,27.098922],[105.820085,27.117738],[105.834851,27.143101],[105.833578,27.153744],[105.837928,27.156044],[105.844305,27.152869],[105.851509,27.153012],[105.853597,27.15416],[105.857187,27.161205],[105.862713,27.161162],[105.882117,27.168009],[105.886745,27.172958],[105.883795,27.180354],[105.884732,27.184909],[105.887031,27.189989],[105.891845,27.194447],[105.892825,27.198369],[105.895541,27.200363],[105.900133,27.200096],[105.903978,27.195974],[105.916345,27.195579],[105.932709,27.188549],[105.942476,27.186829],[105.952002,27.182948],[105.966694,27.182061],[105.973399,27.184138],[105.98527,27.191957],[105.991202,27.194032],[106.006935,27.194071],[106.012354,27.197291],[106.009329,27.202454],[106.009644,27.20559],[106.011558,27.210131],[106.016121,27.212794],[106.001834,27.212486],[106.002669,27.215009],[106.011596,27.219596],[106.020506,27.21915],[106.023624,27.220592],[106.029923,27.230322],[106.034005,27.230012],[106.034786,27.226076],[106.042312,27.22735],[106.042912,27.229738],[106.038397,27.234647],[106.040134,27.237869],[106.049125,27.239695],[106.049488,27.234887],[106.051109,27.233568],[106.060559,27.234653],[106.062944,27.233356],[106.063542,27.227673],[106.065664,27.227661],[106.076544,27.239244],[106.076696,27.243124],[106.106673,27.241344],[106.150919,27.244911],[106.156569,27.246955],[106.160426,27.25221],[106.160443,27.258626],[106.157636,27.265282],[106.160479,27.276271],[106.167957,27.286554],[106.16593,27.296643],[106.172107,27.302806],[106.202686,27.311859],[106.212238,27.323739],[106.216227,27.336143],[106.231004,27.345171],[106.237763,27.345794],[106.250182,27.335764],[106.261018,27.330289],[106.270739,27.316669],[106.305655,27.316665],[106.322907,27.309546],[106.344295,27.303797],[106.349203,27.305853],[106.35645,27.313176],[106.364714,27.316599],[106.371132,27.308798],[106.370323,27.301928],[106.364851,27.288419],[106.365338,27.280629],[106.368147,27.274894],[106.380737,27.26685],[106.389194,27.258125],[106.392,27.250098],[106.392208,27.240243],[106.389349,27.233148],[106.372535,27.216914],[106.368657,27.210735],[106.366551,27.20249],[106.367047,27.19653],[106.372394,27.182543],[106.372368,27.176586],[106.375779,27.170869],[106.372051,27.161629],[106.36438,27.162414],[106.361487,27.16102],[106.359147,27.15667],[106.358329,27.14969],[106.359659,27.142242],[106.38126,27.133007],[106.392836,27.123747],[106.401219,27.122076],[106.399645,27.091964],[106.41157,27.063094],[106.410423,27.050304],[106.413565,27.041197],[106.427387,27.022073],[106.435096,27.016262],[106.441496,27.014992],[106.443906,27.010419],[106.441949,27.007449],[106.420801,26.992817],[106.394526,26.984293],[106.383411,26.976963],[106.372038,26.959084],[106.364662,26.932086],[106.359503,26.927656]]],[[[106.149178,27.259302],[106.145817,27.253175],[106.147923,27.24787],[106.138227,27.251774],[106.138175,27.257125],[106.141162,27.261086],[106.146549,27.26211],[106.149178,27.259302]]]]}},{"type":"Feature","properties":{"dt_adcode":"520602"},"geometry":{"type":"Polygon","coordinates":[[[109.388082,27.541241],[109.388604,27.54587],[109.385119,27.548526],[109.381781,27.554161],[109.379826,27.567088],[109.3708,27.58326],[109.366322,27.602708],[109.361599,27.611834],[109.35443,27.618751],[109.346346,27.622945],[109.324066,27.617781],[109.305339,27.616394],[109.301241,27.614782],[109.294459,27.608717],[109.289283,27.607519],[109.264304,27.618161],[109.254847,27.61224],[109.243765,27.609359],[109.239828,27.606873],[109.231247,27.608706],[109.225618,27.608233],[109.226121,27.610874],[109.221486,27.614219],[109.218311,27.620684],[109.214362,27.615969],[109.215221,27.622662],[109.213161,27.624335],[109.212217,27.622966],[109.21359,27.621065],[109.20935,27.616526],[109.207723,27.619514],[109.196321,27.62115],[109.19778,27.625503],[109.202436,27.627975],[109.201664,27.629687],[109.204088,27.632784],[109.203252,27.635295],[109.204367,27.637822],[109.205505,27.637329],[109.203423,27.640104],[109.207736,27.640618],[109.20632,27.642006],[109.209131,27.645598],[109.207758,27.646815],[109.210895,27.649847],[109.229348,27.650075],[109.243596,27.647414],[109.247327,27.648331],[109.255996,27.644301],[109.272304,27.654792],[109.275651,27.662927],[109.275565,27.667412],[109.261489,27.669693],[109.253507,27.669313],[109.233079,27.673494],[109.235654,27.683527],[109.235053,27.690139],[109.233766,27.691051],[109.229045,27.691203],[109.223295,27.686643],[109.219261,27.680105],[109.219604,27.676229],[109.203039,27.673949],[109.197632,27.676002],[109.188877,27.685427],[109.186302,27.686263],[109.186989,27.691279],[109.185564,27.692736],[109.180728,27.692442],[109.181679,27.698728],[109.176398,27.698567],[109.17259,27.700751],[109.168143,27.697388],[109.163252,27.697098],[109.162734,27.693649],[109.158249,27.69088],[109.158419,27.686658],[109.155017,27.686225],[109.156319,27.682863],[109.154498,27.68414],[109.139696,27.680638],[109.139611,27.670984],[109.14313,27.660722],[109.142271,27.651903],[109.137036,27.650231],[109.132229,27.651979],[109.129397,27.651067],[109.129319,27.648282],[109.118153,27.647569],[109.113089,27.643769],[109.106737,27.643541],[109.103218,27.641411],[109.097269,27.629749],[109.095431,27.629403],[109.094819,27.623977],[109.091802,27.623525],[109.08962,27.617699],[109.087018,27.616269],[109.079966,27.618921],[109.076877,27.616597],[109.069049,27.614525],[109.055347,27.612544],[109.054965,27.615072],[109.052394,27.616314],[109.048294,27.613118],[109.043775,27.612449],[109.039516,27.615683],[109.035034,27.622663],[109.038614,27.627314],[109.034987,27.631608],[109.034583,27.639358],[109.032829,27.643327],[109.036284,27.644913],[109.035884,27.646441],[109.030432,27.64503],[109.028811,27.641282],[109.02592,27.644231],[109.018846,27.646923],[109.017399,27.644503],[109.008472,27.641386],[109.003361,27.636761],[109.004501,27.632831],[109.000352,27.627823],[108.999639,27.623653],[108.983945,27.630083],[108.963359,27.628009],[108.944529,27.629784],[108.937917,27.63804],[108.937926,27.644005],[108.941351,27.656655],[108.949862,27.662154],[108.949603,27.668901],[108.952809,27.672405],[108.970436,27.680469],[108.970711,27.682869],[108.964962,27.680951],[108.965644,27.684949],[108.972807,27.685903],[108.975424,27.69335],[108.973133,27.698884],[108.959131,27.703451],[108.958611,27.711165],[108.961113,27.70978],[108.964787,27.710621],[108.965913,27.714047],[108.961331,27.715332],[108.961426,27.720006],[108.956976,27.721122],[108.956706,27.725316],[108.952967,27.726132],[108.951689,27.729142],[108.947605,27.728513],[108.941858,27.743094],[108.939059,27.746086],[108.938577,27.750261],[108.94654,27.762965],[108.946732,27.769882],[108.949233,27.775874],[108.946479,27.776859],[108.947076,27.778742],[108.954536,27.785967],[108.956839,27.784698],[108.960536,27.78748],[108.962847,27.786439],[108.966476,27.789683],[108.969951,27.789382],[108.97005,27.77909],[108.974958,27.78101],[108.976046,27.78695],[108.979354,27.789851],[108.984326,27.783484],[108.989534,27.783348],[108.994972,27.779438],[109.004034,27.783518],[109.019384,27.780034],[109.022836,27.784486],[109.019068,27.786398],[109.027909,27.796177],[109.036616,27.797055],[109.044181,27.801139],[109.049071,27.80083],[109.052967,27.798068],[109.055231,27.789809],[109.065804,27.78939],[109.066362,27.792685],[109.0704,27.791462],[109.072557,27.794997],[109.069138,27.794155],[109.069299,27.797355],[109.075095,27.799974],[109.074514,27.803005],[109.076846,27.805926],[109.087882,27.811883],[109.111081,27.828372],[109.11128,27.831011],[109.108708,27.835014],[109.111494,27.842171],[109.11138,27.848355],[109.106885,27.853679],[109.096426,27.856664],[109.095303,27.859062],[109.105554,27.861903],[109.110408,27.865856],[109.125876,27.869869],[109.135887,27.868115],[109.142981,27.864862],[109.178173,27.838264],[109.196763,27.837687],[109.204176,27.840913],[109.204977,27.837404],[109.20154,27.833322],[109.203048,27.829995],[109.209107,27.833656],[109.209259,27.844773],[109.211996,27.849436],[109.219191,27.844614],[109.223728,27.852612],[109.243117,27.859981],[109.265981,27.860983],[109.270135,27.854319],[109.275428,27.856879],[109.277488,27.853275],[109.286305,27.855508],[109.296942,27.850468],[109.298116,27.853279],[109.30291,27.85555],[109.30505,27.850773],[109.308418,27.855014],[109.317964,27.858051],[109.323847,27.86215],[109.327782,27.869674],[109.337538,27.869525],[109.3388,27.86785],[109.337364,27.866255],[109.327529,27.862378],[109.32685,27.858602],[109.343924,27.842573],[109.346865,27.836373],[109.340224,27.821433],[109.342999,27.811164],[109.338622,27.804507],[109.342659,27.800742],[109.336524,27.79792],[109.33084,27.791912],[109.339969,27.791973],[109.341066,27.790213],[109.333033,27.782797],[109.332945,27.780574],[109.338454,27.779253],[109.337105,27.776714],[109.338141,27.775919],[109.348906,27.77487],[109.349872,27.771054],[109.364288,27.759778],[109.364583,27.752564],[109.366219,27.7498],[109.363156,27.744531],[109.373281,27.742575],[109.377733,27.739688],[109.375802,27.734023],[109.365504,27.726063],[109.365921,27.722205],[109.382984,27.724911],[109.389408,27.72412],[109.392388,27.726366],[109.395334,27.721711],[109.400329,27.720287],[109.404143,27.723517],[109.414172,27.725047],[109.418408,27.721355],[109.418242,27.714268],[109.426876,27.710908],[109.429981,27.703564],[109.435378,27.702153],[109.439626,27.698609],[109.456853,27.693566],[109.470465,27.680258],[109.469374,27.677869],[109.458201,27.674771],[109.455594,27.672287],[109.464471,27.651406],[109.470054,27.628754],[109.469162,27.62094],[109.461478,27.60162],[109.457958,27.598685],[109.451264,27.585946],[109.461626,27.566768],[109.459859,27.560762],[109.445984,27.562388],[109.433647,27.548386],[109.428252,27.547159],[109.418109,27.551137],[109.409333,27.551689],[109.388082,27.541241]]]}},{"type":"Feature","properties":{"dt_adcode":"520603"},"geometry":{"type":"Polygon","coordinates":[[[109.16563,27.696788],[109.17259,27.700751],[109.176398,27.698567],[109.181679,27.698728],[109.180728,27.692442],[109.185564,27.692736],[109.186989,27.691279],[109.186302,27.686263],[109.188877,27.685427],[109.200206,27.674633],[109.20879,27.674026],[109.219604,27.676229],[109.219261,27.680105],[109.223295,27.686643],[109.229045,27.691203],[109.233766,27.691051],[109.235053,27.690139],[109.235654,27.683527],[109.233079,27.673494],[109.253507,27.669313],[109.261489,27.669693],[109.275565,27.667412],[109.275651,27.662927],[109.272304,27.654792],[109.255996,27.644301],[109.247327,27.648331],[109.243596,27.647414],[109.229348,27.650075],[109.210895,27.649847],[109.207758,27.646815],[109.209131,27.645598],[109.20632,27.642006],[109.207736,27.640618],[109.203423,27.640104],[109.205505,27.637329],[109.204367,27.637822],[109.203252,27.635295],[109.204088,27.632784],[109.201664,27.629687],[109.202436,27.627975],[109.19778,27.625503],[109.196321,27.62115],[109.207723,27.619514],[109.20935,27.616526],[109.21359,27.621065],[109.212217,27.622966],[109.213161,27.624335],[109.215221,27.622662],[109.214362,27.615969],[109.218311,27.620684],[109.221486,27.614219],[109.226121,27.610874],[109.225618,27.608233],[109.231247,27.608706],[109.239828,27.606873],[109.243765,27.609359],[109.254847,27.61224],[109.264304,27.618161],[109.289283,27.607519],[109.294459,27.608717],[109.301241,27.614782],[109.305339,27.616394],[109.324066,27.617781],[109.346346,27.622945],[109.35443,27.618751],[109.361599,27.611834],[109.366322,27.602708],[109.3708,27.58326],[109.379826,27.567088],[109.381781,27.554161],[109.385119,27.548526],[109.388604,27.54587],[109.388082,27.541241],[109.369466,27.528752],[109.358277,27.518683],[109.306513,27.480776],[109.302998,27.47566],[109.302423,27.46555],[109.306067,27.451381],[109.306928,27.434404],[109.303212,27.426302],[109.299897,27.423945],[109.28645,27.424621],[109.264275,27.422853],[109.252791,27.417145],[109.245549,27.418171],[109.243674,27.421355],[109.243249,27.429614],[109.24114,27.431874],[109.226622,27.436],[109.221929,27.438909],[109.21369,27.450487],[109.207768,27.450392],[109.202106,27.450075],[109.198569,27.447264],[109.189518,27.436561],[109.166999,27.417838],[109.156216,27.416518],[109.155081,27.421321],[109.159251,27.43149],[109.159902,27.436782],[109.158396,27.44081],[109.15944,27.442337],[109.155296,27.443572],[109.153536,27.4477],[109.159235,27.457452],[109.157971,27.468629],[109.160623,27.479495],[109.158147,27.48931],[109.150353,27.49415],[109.155123,27.501231],[109.155931,27.505452],[109.160701,27.509623],[109.158149,27.513176],[109.153585,27.513192],[109.151673,27.518691],[109.141476,27.519978],[109.136087,27.524369],[109.133838,27.519928],[109.130129,27.516951],[109.12947,27.512583],[109.127058,27.510839],[109.118762,27.510004],[109.11167,27.518528],[109.098113,27.515812],[109.091491,27.512378],[109.078101,27.497244],[109.055363,27.475996],[109.038293,27.454304],[109.016824,27.443997],[109.005816,27.444197],[108.993972,27.441413],[108.990303,27.443171],[108.988849,27.450257],[108.985878,27.455473],[108.969646,27.452369],[108.959291,27.452609],[108.950585,27.460002],[108.949471,27.463423],[108.952162,27.470138],[108.96588,27.480343],[108.966901,27.484018],[108.971425,27.487766],[108.971094,27.490975],[108.968699,27.493908],[108.946601,27.498263],[108.934134,27.511552],[108.92385,27.511057],[108.917971,27.506405],[108.909777,27.492469],[108.900353,27.487235],[108.891559,27.487985],[108.879836,27.493277],[108.858347,27.497017],[108.861035,27.499372],[108.852436,27.508868],[108.84701,27.520085],[108.848484,27.524164],[108.853633,27.529713],[108.86963,27.541065],[108.872917,27.545305],[108.874496,27.551905],[108.874749,27.568651],[108.879702,27.575358],[108.890054,27.581643],[108.900775,27.578734],[108.908783,27.572944],[108.924119,27.551985],[108.928623,27.548617],[108.935346,27.548616],[108.943594,27.55339],[108.948015,27.559664],[108.953769,27.571867],[108.960911,27.597336],[108.973715,27.605175],[108.995891,27.613628],[108.998924,27.617431],[108.997832,27.623551],[109.000329,27.623988],[109.000352,27.627823],[109.004501,27.632831],[109.003361,27.636761],[109.008472,27.641386],[109.017399,27.644503],[109.018846,27.646923],[109.02592,27.644231],[109.027942,27.64121],[109.0313,27.645609],[109.036462,27.646199],[109.032829,27.643327],[109.034583,27.639358],[109.034987,27.631608],[109.038614,27.627314],[109.035034,27.622663],[109.039516,27.615683],[109.043775,27.612449],[109.048294,27.613118],[109.052394,27.616314],[109.054965,27.615072],[109.055347,27.612544],[109.069049,27.614525],[109.076877,27.616597],[109.079966,27.618921],[109.085327,27.616397],[109.088536,27.616616],[109.091178,27.622901],[109.094819,27.623977],[109.095431,27.629403],[109.097269,27.629749],[109.103218,27.641411],[109.106737,27.643541],[109.113089,27.643769],[109.118153,27.647569],[109.129319,27.648282],[109.129397,27.651067],[109.132229,27.651979],[109.137036,27.650231],[109.142271,27.651903],[109.14313,27.660722],[109.139611,27.670984],[109.139696,27.680638],[109.154498,27.68414],[109.156319,27.682863],[109.155017,27.686225],[109.158419,27.686658],[109.158837,27.691901],[109.162734,27.693649],[109.163252,27.697098],[109.16563,27.696788]]]}},{"type":"Feature","properties":{"dt_adcode":"520621"},"geometry":{"type":"Polygon","coordinates":[[[108.743899,27.95059],[108.755938,27.950824],[108.769801,27.947821],[108.775034,27.943281],[108.78828,27.924266],[108.790427,27.923901],[108.792736,27.925764],[108.799504,27.940123],[108.805051,27.942676],[108.811751,27.942207],[108.820912,27.932925],[108.827793,27.919139],[108.831294,27.916487],[108.84204,27.91357],[108.844449,27.909814],[108.840455,27.901471],[108.840472,27.895967],[108.844389,27.891234],[108.850751,27.888936],[108.876174,27.896043],[108.888619,27.893777],[108.892493,27.888224],[108.894683,27.888778],[108.903876,27.900915],[108.920819,27.902852],[108.927137,27.901556],[108.934919,27.888213],[108.934435,27.882257],[108.930992,27.876977],[108.932977,27.87309],[108.937259,27.874043],[108.940484,27.878261],[108.944599,27.879706],[108.955054,27.879846],[108.961911,27.87775],[108.972138,27.880525],[108.986246,27.880794],[108.993225,27.87809],[108.999544,27.878201],[109.003709,27.880884],[109.006345,27.886523],[109.001262,27.899299],[109.001625,27.902475],[109.015604,27.910175],[109.018841,27.906131],[109.016099,27.89471],[109.024234,27.887766],[109.034132,27.887935],[109.047003,27.900642],[109.064077,27.898887],[109.076118,27.895485],[109.081483,27.893464],[109.084961,27.890356],[109.084856,27.888297],[109.068226,27.865703],[109.062291,27.861091],[109.047499,27.855857],[109.044451,27.851828],[109.040234,27.839738],[109.040982,27.825251],[109.044754,27.823088],[109.050205,27.823903],[109.065839,27.829577],[109.077541,27.843354],[109.073584,27.858405],[109.07448,27.860897],[109.084446,27.863301],[109.094217,27.861349],[109.096426,27.856664],[109.105908,27.854198],[109.110426,27.849904],[109.111494,27.842171],[109.108708,27.834275],[109.11128,27.831011],[109.111081,27.828372],[109.087882,27.811883],[109.076846,27.805926],[109.074514,27.803005],[109.075095,27.799974],[109.069299,27.797355],[109.069138,27.794155],[109.072557,27.794997],[109.0704,27.791462],[109.066362,27.792685],[109.065804,27.78939],[109.055231,27.789809],[109.052967,27.798068],[109.049071,27.80083],[109.044181,27.801139],[109.036616,27.797055],[109.027909,27.796177],[109.019068,27.786398],[109.022836,27.784486],[109.019384,27.780034],[109.004034,27.783518],[108.994972,27.779438],[108.989534,27.783348],[108.984326,27.783484],[108.979354,27.789851],[108.976046,27.78695],[108.974958,27.78101],[108.97005,27.77909],[108.969951,27.789382],[108.966476,27.789683],[108.962847,27.786439],[108.960536,27.78748],[108.956839,27.784698],[108.954536,27.785967],[108.947076,27.778742],[108.946479,27.776859],[108.949233,27.775874],[108.946732,27.769882],[108.94654,27.762965],[108.938577,27.750261],[108.939059,27.746086],[108.941858,27.743094],[108.947605,27.728513],[108.951689,27.729142],[108.952967,27.726132],[108.956706,27.725316],[108.956976,27.721122],[108.961426,27.720006],[108.961331,27.715332],[108.965913,27.714047],[108.964787,27.710621],[108.961113,27.70978],[108.958611,27.711165],[108.959131,27.703451],[108.973133,27.698884],[108.975424,27.69335],[108.972807,27.685903],[108.965644,27.684949],[108.964962,27.680951],[108.970711,27.682869],[108.970436,27.680469],[108.95339,27.672866],[108.949603,27.668901],[108.949862,27.662154],[108.941351,27.656655],[108.94018,27.653567],[108.937917,27.63804],[108.944529,27.629784],[108.950683,27.628428],[108.963359,27.628009],[108.983945,27.630083],[108.992127,27.627523],[108.996459,27.625773],[108.998629,27.622262],[108.998924,27.617431],[108.995891,27.613628],[108.973715,27.605175],[108.960911,27.597336],[108.953769,27.571867],[108.948015,27.559664],[108.943594,27.55339],[108.935346,27.548616],[108.928623,27.548617],[108.924119,27.551985],[108.908783,27.572944],[108.900775,27.578734],[108.890054,27.581643],[108.879702,27.575358],[108.874749,27.568651],[108.874496,27.551905],[108.872917,27.545305],[108.86963,27.541065],[108.853633,27.529713],[108.848484,27.524164],[108.84701,27.520085],[108.852436,27.508868],[108.861035,27.499372],[108.85429,27.494841],[108.847346,27.494473],[108.838526,27.496724],[108.837627,27.498221],[108.840255,27.502105],[108.840994,27.507826],[108.83033,27.507557],[108.820427,27.501432],[108.823497,27.49359],[108.830024,27.48981],[108.830664,27.485856],[108.833993,27.482646],[108.832522,27.479035],[108.827983,27.479498],[108.819169,27.485519],[108.809654,27.484599],[108.801684,27.489009],[108.788485,27.485429],[108.782295,27.485882],[108.777753,27.488899],[108.772708,27.485821],[108.766184,27.485807],[108.762917,27.490716],[108.759536,27.487523],[108.762453,27.476614],[108.761771,27.46959],[108.749025,27.470119],[108.746808,27.471092],[108.748919,27.47826],[108.746335,27.483759],[108.737119,27.489624],[108.710107,27.515674],[108.705914,27.517649],[108.6953,27.5181],[108.689661,27.515907],[108.679245,27.508324],[108.669507,27.504885],[108.643806,27.508894],[108.62672,27.519533],[108.617369,27.521621],[108.605372,27.516078],[108.596845,27.506482],[108.59089,27.487529],[108.586239,27.478017],[108.575579,27.471597],[108.571946,27.472441],[108.564588,27.478034],[108.549557,27.481904],[108.557977,27.49243],[108.559511,27.498344],[108.539827,27.532311],[108.540009,27.536436],[108.549189,27.552637],[108.560294,27.558908],[108.56175,27.562757],[108.545527,27.581451],[108.544506,27.593879],[108.546359,27.601157],[108.561312,27.625191],[108.558098,27.628482],[108.562612,27.63157],[108.57076,27.647125],[108.582155,27.659815],[108.589512,27.662781],[108.603549,27.676541],[108.606824,27.686528],[108.605808,27.692988],[108.591677,27.725349],[108.580486,27.741557],[108.568166,27.749547],[108.562506,27.750202],[108.543493,27.746275],[108.537866,27.747389],[108.530872,27.752917],[108.52522,27.753575],[108.512145,27.749222],[108.503597,27.748378],[108.498812,27.751072],[108.499488,27.760912],[108.497118,27.784169],[108.499352,27.800607],[108.50309,27.803458],[108.519036,27.808398],[108.535809,27.808263],[108.545991,27.811117],[108.548884,27.818355],[108.555374,27.855522],[108.555929,27.874546],[108.563563,27.889879],[108.568096,27.892937],[108.572838,27.894838],[108.583618,27.892868],[108.59081,27.885514],[108.597215,27.883925],[108.610466,27.884864],[108.644213,27.90328],[108.661829,27.908457],[108.681147,27.910602],[108.694348,27.915689],[108.708991,27.923711],[108.718785,27.933948],[108.736694,27.945518],[108.74276,27.947838],[108.743899,27.95059]]]}},{"type":"Feature","properties":{"dt_adcode":"520622"},"geometry":{"type":"Polygon","coordinates":[[[108.827651,27.190513],[108.816143,27.201738],[108.81344,27.20852],[108.814964,27.212599],[108.822237,27.219627],[108.822974,27.222478],[108.821563,27.225554],[108.824582,27.230176],[108.826646,27.230114],[108.828249,27.236523],[108.833887,27.239511],[108.836382,27.237324],[108.838875,27.237399],[108.840841,27.259028],[108.843459,27.267573],[108.857649,27.276787],[108.859374,27.280033],[108.860684,27.289933],[108.866199,27.306799],[108.864778,27.312514],[108.861215,27.321634],[108.856707,27.327295],[108.846736,27.335114],[108.846911,27.339364],[108.843035,27.344195],[108.84564,27.346421],[108.84609,27.351236],[108.848003,27.353752],[108.860779,27.351396],[108.863973,27.352252],[108.863523,27.355629],[108.856934,27.363189],[108.860403,27.366632],[108.866038,27.368112],[108.875075,27.3669],[108.881685,27.359674],[108.883055,27.345],[108.885423,27.342979],[108.890326,27.342611],[108.900041,27.346012],[108.904774,27.352992],[108.906668,27.360148],[108.909934,27.364114],[108.917085,27.366782],[108.944202,27.361347],[108.954907,27.365281],[108.958143,27.369563],[108.962624,27.371255],[108.974872,27.370757],[108.997707,27.374608],[109.018571,27.372371],[109.022092,27.38829],[109.033812,27.408056],[109.034632,27.417719],[109.020222,27.43693],[109.011019,27.443162],[109.016824,27.443997],[109.038293,27.454304],[109.055363,27.475996],[109.078101,27.497244],[109.08637,27.507971],[109.098113,27.515812],[109.11167,27.518528],[109.118762,27.510004],[109.127058,27.510839],[109.12947,27.512583],[109.130129,27.516951],[109.133838,27.519928],[109.136087,27.524369],[109.141476,27.519978],[109.151673,27.518691],[109.153585,27.513192],[109.15917,27.512375],[109.160701,27.508766],[109.155931,27.505452],[109.155123,27.501231],[109.150353,27.49415],[109.158147,27.48931],[109.160387,27.482134],[109.157971,27.468629],[109.159365,27.459629],[109.15813,27.454707],[109.155097,27.449223],[109.143994,27.448844],[109.140084,27.446787],[109.136543,27.440813],[109.130063,27.434919],[109.129121,27.431329],[109.12511,27.430705],[109.123312,27.428611],[109.123116,27.41807],[109.119361,27.418857],[109.114516,27.424897],[109.11192,27.423804],[109.109192,27.418721],[109.111576,27.413904],[109.119533,27.412465],[109.125002,27.415551],[109.129243,27.425551],[109.133162,27.426946],[109.134793,27.429851],[109.138643,27.430333],[109.139184,27.427245],[109.142728,27.424387],[109.141424,27.417117],[109.13146,27.411237],[109.126961,27.404495],[109.115909,27.400093],[109.124741,27.387892],[109.118051,27.378964],[109.114503,27.37112],[109.113839,27.367168],[109.118523,27.360979],[109.115044,27.353598],[109.112457,27.351823],[109.104505,27.355495],[109.101092,27.349827],[109.103703,27.336886],[109.094708,27.335602],[109.087174,27.331055],[109.08418,27.331566],[109.080402,27.334891],[109.077201,27.334089],[109.072665,27.329556],[109.071375,27.323029],[109.059542,27.326872],[109.05211,27.336666],[109.045922,27.334699],[109.044408,27.331056],[109.047691,27.318789],[109.05411,27.306067],[109.053926,27.294865],[109.053153,27.292801],[109.045997,27.288949],[109.041412,27.276619],[109.023896,27.282239],[109.022701,27.278353],[109.014245,27.274801],[109.010243,27.270289],[108.999564,27.267543],[108.997825,27.262737],[108.993628,27.269955],[108.985898,27.270041],[108.983324,27.267057],[108.984648,27.256236],[108.968549,27.245518],[108.968678,27.240526],[108.966273,27.236677],[108.961834,27.235466],[108.951887,27.236302],[108.947102,27.228405],[108.925274,27.220803],[108.914235,27.214643],[108.914789,27.209978],[108.909752,27.209312],[108.907378,27.2071],[108.907759,27.205089],[108.917366,27.202003],[108.918427,27.199867],[108.92577,27.199601],[108.919161,27.193477],[108.91714,27.18592],[108.919876,27.175651],[108.923494,27.173219],[108.921344,27.172526],[108.921655,27.169746],[108.920288,27.168735],[108.923077,27.166756],[108.922638,27.165274],[108.920047,27.165834],[108.919772,27.156969],[108.913889,27.158465],[108.912483,27.155614],[108.91482,27.154104],[108.914148,27.150791],[108.909986,27.147536],[108.907099,27.139056],[108.90255,27.132477],[108.887144,27.121197],[108.887465,27.129268],[108.878459,27.13764],[108.869456,27.140003],[108.862308,27.147429],[108.851793,27.147274],[108.851169,27.149623],[108.858003,27.1525],[108.858423,27.164356],[108.845928,27.174792],[108.844078,27.182982],[108.841404,27.186827],[108.832907,27.191224],[108.827651,27.190513]]]}},{"type":"Feature","properties":{"dt_adcode":"520623"},"geometry":{"type":"Polygon","coordinates":[[[107.919846,27.332096],[107.931417,27.321271],[107.930819,27.313648],[107.920686,27.312437],[107.915366,27.314223],[107.906113,27.325992],[107.909728,27.330512],[107.905966,27.33673],[107.894346,27.345592],[107.870627,27.341798],[107.856702,27.330142],[107.849362,27.327714],[107.819853,27.324397],[107.805345,27.331943],[107.806265,27.348288],[107.796146,27.348329],[107.789067,27.350965],[107.779949,27.351512],[107.777214,27.353344],[107.774467,27.360518],[107.778773,27.36492],[107.780907,27.373679],[107.778667,27.376224],[107.764322,27.382026],[107.762263,27.385158],[107.762713,27.388148],[107.769895,27.39251],[107.78549,27.393242],[107.79622,27.390434],[107.800974,27.394101],[107.798306,27.403992],[107.798091,27.438132],[107.791758,27.443949],[107.774264,27.443732],[107.76481,27.44798],[107.757426,27.453345],[107.755214,27.459559],[107.757401,27.467778],[107.762946,27.475954],[107.780812,27.486325],[107.789108,27.485259],[107.801907,27.489387],[107.807971,27.489473],[107.829107,27.542042],[107.834424,27.549411],[107.844756,27.555116],[107.852343,27.554879],[107.865701,27.551448],[107.877494,27.551084],[107.885106,27.551604],[107.893734,27.556615],[107.902609,27.568404],[107.905429,27.575854],[107.906863,27.591635],[107.902551,27.612106],[107.904149,27.632402],[107.912072,27.632787],[107.928789,27.629134],[107.932882,27.627021],[107.945319,27.614499],[107.954633,27.600188],[107.991574,27.555557],[107.995631,27.536956],[108.000916,27.529109],[108.012644,27.531951],[108.016972,27.536658],[108.022448,27.537889],[108.029342,27.526205],[108.032572,27.527019],[108.038786,27.535836],[108.061042,27.583935],[108.068486,27.6173],[108.071686,27.623415],[108.088445,27.633416],[108.096251,27.652574],[108.11685,27.665339],[108.123553,27.678213],[108.126848,27.68981],[108.129839,27.693849],[108.134562,27.695769],[108.158048,27.695713],[108.170804,27.685669],[108.171573,27.652836],[108.167052,27.642657],[108.166098,27.631444],[108.168506,27.627236],[108.173615,27.625925],[108.181444,27.628427],[108.187029,27.632837],[108.199242,27.634968],[108.205417,27.628118],[108.211759,27.625392],[108.220833,27.626478],[108.227422,27.649442],[108.208028,27.666501],[108.215619,27.677079],[108.21939,27.704038],[108.229099,27.704453],[108.238317,27.708983],[108.243712,27.708128],[108.250427,27.701497],[108.251598,27.698709],[108.251518,27.677144],[108.255094,27.669693],[108.263878,27.663228],[108.269757,27.661445],[108.282127,27.65373],[108.298102,27.652109],[108.303353,27.654021],[108.308188,27.658236],[108.312884,27.665442],[108.333898,27.678269],[108.349962,27.661509],[108.351945,27.661559],[108.350561,27.647189],[108.366482,27.631571],[108.373098,27.622653],[108.380103,27.616702],[108.401583,27.604564],[108.40871,27.595847],[108.413978,27.592008],[108.438537,27.593093],[108.46145,27.606786],[108.479005,27.610062],[108.485011,27.616455],[108.494175,27.616812],[108.508356,27.623195],[108.51251,27.623964],[108.522789,27.617174],[108.531219,27.615499],[108.558098,27.628482],[108.561312,27.625191],[108.546359,27.601157],[108.543995,27.58793],[108.545527,27.581451],[108.56175,27.562757],[108.560294,27.558908],[108.549189,27.552637],[108.545629,27.547714],[108.540009,27.536436],[108.539827,27.532311],[108.557423,27.503925],[108.559112,27.495145],[108.549557,27.481904],[108.543443,27.479488],[108.531686,27.466631],[108.522251,27.444175],[108.517794,27.437889],[108.514626,27.421526],[108.511113,27.418244],[108.50182,27.419902],[108.499182,27.422375],[108.493757,27.423652],[108.490944,27.422908],[108.487258,27.416637],[108.485657,27.409484],[108.481884,27.406426],[108.478275,27.406588],[108.461239,27.418648],[108.445493,27.42062],[108.437122,27.425499],[108.427083,27.425283],[108.419762,27.420069],[108.409019,27.407428],[108.360215,27.381005],[108.34129,27.365146],[108.336827,27.358835],[108.321336,27.349485],[108.305508,27.352303],[108.293258,27.347176],[108.282204,27.345751],[108.2729,27.346672],[108.266126,27.349034],[108.237306,27.365573],[108.232624,27.367072],[108.226199,27.366693],[108.218286,27.364445],[108.206414,27.357054],[108.199074,27.345728],[108.199532,27.343503],[108.192293,27.330091],[108.187278,27.308161],[108.182185,27.29794],[108.179258,27.292589],[108.170389,27.288256],[108.166553,27.287709],[108.155831,27.293895],[108.144389,27.307185],[108.138091,27.320132],[108.130734,27.32524],[108.112517,27.323196],[108.101664,27.324536],[108.082415,27.330478],[108.064851,27.322663],[108.043951,27.322326],[108.024428,27.318564],[108.004412,27.316857],[107.999674,27.305506],[107.999883,27.302754],[107.989357,27.305851],[107.975899,27.317918],[107.970254,27.318667],[107.957356,27.31294],[107.952522,27.315862],[107.956042,27.319196],[107.956376,27.324249],[107.946042,27.324979],[107.944497,27.326784],[107.945127,27.328015],[107.952058,27.328322],[107.959363,27.339194],[107.958078,27.350758],[107.953972,27.353676],[107.948474,27.354191],[107.932414,27.347149],[107.919343,27.334733],[107.919846,27.332096]],[[107.91202,27.332785],[107.914683,27.331536],[107.916981,27.333577],[107.912266,27.334298],[107.91202,27.332785]]]}},{"type":"Feature","properties":{"dt_adcode":"520624"},"geometry":{"type":"Polygon","coordinates":[[[107.904149,27.632402],[107.922207,27.666094],[107.932971,27.678075],[107.937095,27.68054],[107.938804,27.684207],[107.940751,27.691512],[107.92796,27.726523],[107.927737,27.745266],[107.931751,27.753231],[107.946242,27.76771],[107.949216,27.774771],[107.947012,27.778671],[107.943945,27.779082],[107.937756,27.774501],[107.932482,27.778708],[107.931734,27.784729],[107.934408,27.787161],[107.931211,27.792209],[107.931848,27.793566],[107.919185,27.802397],[107.912847,27.80958],[107.903579,27.826651],[107.895433,27.833174],[107.888392,27.844036],[107.887518,27.868092],[107.888585,27.878029],[107.892236,27.880589],[107.89681,27.888686],[107.898803,27.897714],[107.906203,27.904303],[107.916942,27.906968],[107.923924,27.906141],[107.910223,27.933362],[107.911388,27.962326],[107.915191,27.973038],[107.927742,27.994171],[107.933025,28.000144],[107.935989,28.008532],[107.950786,28.008966],[107.964879,28.016769],[107.966298,28.019706],[107.96575,28.024769],[107.957982,28.043134],[107.999267,28.054898],[108.021201,28.058206],[108.041213,28.057546],[108.055741,28.059562],[108.093571,28.087038],[108.098675,28.09305],[108.101939,28.102941],[108.108785,28.104153],[108.112863,28.111054],[108.122159,28.11842],[108.140326,28.116546],[108.144294,28.113531],[108.146909,28.103771],[108.150894,28.101966],[108.159503,28.099191],[108.170146,28.100348],[108.179144,28.098714],[108.179768,28.103224],[108.17653,28.115054],[108.176756,28.125762],[108.184352,28.144976],[108.188388,28.149406],[108.192977,28.150791],[108.197941,28.150288],[108.202999,28.147319],[108.215952,28.145877],[108.213593,28.122993],[108.210698,28.110254],[108.211079,28.102461],[108.212959,28.097176],[108.225301,28.098038],[108.230987,28.096627],[108.227111,28.084169],[108.226989,28.074482],[108.237836,28.069392],[108.264831,28.064575],[108.271814,28.066701],[108.286488,28.077384],[108.299553,28.078974],[108.301751,28.075486],[108.305501,28.059104],[108.303232,28.051839],[108.311165,28.044993],[108.318602,28.043006],[108.323471,28.026114],[108.324096,28.022925],[108.318377,28.023263],[108.315862,28.01517],[108.324546,28.014893],[108.326779,28.011724],[108.326227,28.005753],[108.337032,28.00921],[108.341076,28.013777],[108.344065,28.011534],[108.342597,28.006924],[108.337099,28.004899],[108.341083,28.000498],[108.346546,28.001816],[108.339587,27.984627],[108.337586,27.973904],[108.34143,27.966452],[108.354406,27.959877],[108.35938,27.954454],[108.363223,27.947001],[108.366256,27.932459],[108.362543,27.911695],[108.367421,27.903982],[108.378999,27.895604],[108.380354,27.890747],[108.374043,27.876027],[108.370618,27.874751],[108.355733,27.878636],[108.350541,27.878562],[108.343696,27.876011],[108.336728,27.87071],[108.326107,27.858402],[108.318879,27.846683],[108.311451,27.829591],[108.318077,27.823883],[108.32788,27.825544],[108.33837,27.834645],[108.344129,27.842276],[108.35153,27.845728],[108.356409,27.845398],[108.358374,27.843078],[108.358556,27.827709],[108.371467,27.826095],[108.373771,27.8238],[108.375908,27.808067],[108.383928,27.795207],[108.387681,27.792107],[108.393614,27.791467],[108.401482,27.793971],[108.41032,27.801034],[108.422172,27.806159],[108.430783,27.807941],[108.435074,27.805504],[108.436296,27.797665],[108.434467,27.790843],[108.442178,27.76512],[108.445886,27.740801],[108.444042,27.734838],[108.444583,27.728414],[108.442343,27.714597],[108.456566,27.714816],[108.457601,27.713904],[108.453993,27.707454],[108.434066,27.686597],[108.410979,27.667253],[108.405737,27.665357],[108.381061,27.666364],[108.363528,27.661845],[108.349962,27.661509],[108.333898,27.678269],[108.312884,27.665442],[108.308188,27.658236],[108.303353,27.654021],[108.298102,27.652109],[108.282127,27.65373],[108.269757,27.661445],[108.263878,27.663228],[108.255094,27.669693],[108.251518,27.677144],[108.251598,27.698709],[108.243712,27.708128],[108.238317,27.708983],[108.229099,27.704453],[108.21939,27.704038],[108.215619,27.677079],[108.208028,27.666501],[108.227422,27.649442],[108.220833,27.626478],[108.216135,27.625021],[108.205417,27.628118],[108.199242,27.634968],[108.187029,27.632837],[108.181444,27.628427],[108.173615,27.625925],[108.168506,27.627236],[108.166098,27.631444],[108.165839,27.637876],[108.171573,27.652836],[108.170804,27.685669],[108.158048,27.695713],[108.134562,27.695769],[108.129839,27.693849],[108.126848,27.68981],[108.123553,27.678213],[108.11685,27.665339],[108.096251,27.652574],[108.088445,27.633416],[108.071686,27.623415],[108.068486,27.6173],[108.061042,27.583935],[108.038786,27.535836],[108.032572,27.527019],[108.029342,27.526205],[108.022448,27.537889],[108.016972,27.536658],[108.012644,27.531951],[108.000916,27.529109],[107.995631,27.536956],[107.991574,27.555557],[107.954633,27.600188],[107.945319,27.614499],[107.932882,27.627021],[107.928789,27.629134],[107.912072,27.632787],[107.904149,27.632402]]]}},{"type":"Feature","properties":{"dt_adcode":"520625"},"geometry":{"type":"Polygon","coordinates":[[[108.398884,28.171519],[108.416211,28.208794],[108.424461,28.216187],[108.426248,28.21964],[108.4364,28.212361],[108.444442,28.210526],[108.453436,28.224975],[108.453436,28.22922],[108.459914,28.244073],[108.48125,28.274029],[108.490792,28.273994],[108.493423,28.272071],[108.497332,28.275511],[108.510224,28.300653],[108.515412,28.327897],[108.520402,28.331494],[108.522561,28.328084],[108.529651,28.328444],[108.532377,28.336603],[108.536103,28.337257],[108.540334,28.336045],[108.543529,28.323843],[108.548644,28.319669],[108.549268,28.317025],[108.566759,28.319973],[108.567956,28.311662],[108.571251,28.308942],[108.572417,28.299349],[108.574982,28.299209],[108.578536,28.308914],[108.58768,28.313492],[108.588041,28.307094],[108.589264,28.306423],[108.603075,28.306074],[108.606539,28.293606],[108.612558,28.287679],[108.638287,28.289224],[108.6422,28.287646],[108.649785,28.279903],[108.652951,28.270752],[108.646441,28.228512],[108.654678,28.196006],[108.652676,28.183381],[108.652292,28.158614],[108.658355,28.143754],[108.666447,28.137164],[108.669301,28.13558],[108.678151,28.136789],[108.680474,28.138182],[108.684078,28.145085],[108.689804,28.146044],[108.693645,28.138098],[108.694547,28.128581],[108.701406,28.124175],[108.711303,28.126658],[108.717769,28.13772],[108.721563,28.141094],[108.734764,28.138247],[108.740055,28.143811],[108.744709,28.141416],[108.750062,28.133657],[108.755154,28.131594],[108.758982,28.132014],[108.767714,28.140296],[108.768478,28.143967],[108.767385,28.155658],[108.772012,28.166911],[108.766232,28.181104],[108.767526,28.182713],[108.78415,28.174979],[108.804364,28.175729],[108.808264,28.171381],[108.808281,28.168171],[108.796621,28.167909],[108.790681,28.163766],[108.794374,28.146121],[108.78642,28.132111],[108.785967,28.113994],[108.77875,28.107551],[108.769439,28.104077],[108.759325,28.103345],[108.751431,28.098367],[108.748842,28.092999],[108.749571,28.084269],[108.74236,28.071395],[108.743949,28.063839],[108.752027,28.056771],[108.754893,28.051739],[108.75081,28.039113],[108.755107,28.006119],[108.752545,28.00187],[108.752071,27.995896],[108.754994,27.991481],[108.754324,27.976365],[108.752395,27.961979],[108.74945,27.954278],[108.743899,27.95059],[108.74276,27.947838],[108.736694,27.945518],[108.718785,27.933948],[108.708991,27.923711],[108.694348,27.915689],[108.681147,27.910602],[108.661829,27.908457],[108.644213,27.90328],[108.610466,27.884864],[108.597215,27.883925],[108.59081,27.885514],[108.583618,27.892868],[108.572838,27.894838],[108.568096,27.892937],[108.563563,27.889879],[108.555929,27.874546],[108.555374,27.855522],[108.548884,27.818355],[108.545991,27.811117],[108.535809,27.808263],[108.519036,27.808398],[108.50309,27.803458],[108.499352,27.800607],[108.497118,27.784169],[108.499488,27.760912],[108.498812,27.751072],[108.503597,27.748378],[108.512145,27.749222],[108.52522,27.753575],[108.530872,27.752917],[108.537866,27.747389],[108.543493,27.746275],[108.562506,27.750202],[108.568166,27.749547],[108.574477,27.746121],[108.580486,27.741557],[108.591677,27.725349],[108.603064,27.701335],[108.606824,27.686528],[108.603549,27.676541],[108.596204,27.668292],[108.589512,27.662781],[108.582155,27.659815],[108.574038,27.651372],[108.562612,27.63157],[108.53565,27.616719],[108.527609,27.615396],[108.522789,27.617174],[108.515806,27.622699],[108.51251,27.623964],[108.508356,27.623195],[108.494175,27.616812],[108.485011,27.616455],[108.479005,27.610062],[108.46145,27.606786],[108.438537,27.593093],[108.418879,27.591851],[108.413978,27.592008],[108.40871,27.595847],[108.401583,27.604564],[108.380103,27.616702],[108.373098,27.622653],[108.366482,27.631571],[108.350561,27.647189],[108.35051,27.655391],[108.351945,27.661559],[108.363528,27.661845],[108.381061,27.666364],[108.405737,27.665357],[108.410979,27.667253],[108.434066,27.686597],[108.453993,27.707454],[108.457601,27.713904],[108.456566,27.714816],[108.442343,27.714597],[108.444583,27.728414],[108.444042,27.734838],[108.445886,27.740801],[108.442178,27.76512],[108.434467,27.790843],[108.436296,27.797665],[108.435741,27.80296],[108.435074,27.805504],[108.430783,27.807941],[108.422172,27.806159],[108.41032,27.801034],[108.401482,27.793971],[108.393614,27.791467],[108.387681,27.792107],[108.383928,27.795207],[108.375908,27.808067],[108.373771,27.8238],[108.371467,27.826095],[108.358556,27.827709],[108.358374,27.843078],[108.356409,27.845398],[108.35153,27.845728],[108.344129,27.842276],[108.33837,27.834645],[108.32788,27.825544],[108.318077,27.823883],[108.311451,27.829591],[108.318879,27.846683],[108.326107,27.858402],[108.336728,27.87071],[108.343696,27.876011],[108.350541,27.878562],[108.355733,27.878636],[108.370618,27.874751],[108.374043,27.876027],[108.380354,27.890747],[108.378999,27.895604],[108.367421,27.903982],[108.362543,27.911695],[108.366256,27.932459],[108.363223,27.947001],[108.35938,27.954454],[108.354406,27.959877],[108.34143,27.966452],[108.337586,27.973904],[108.339587,27.984627],[108.346546,28.001816],[108.341083,28.000498],[108.337099,28.004899],[108.342597,28.006924],[108.344065,28.011534],[108.341076,28.013777],[108.337032,28.00921],[108.326227,28.005753],[108.326779,28.011724],[108.324546,28.014893],[108.315862,28.01517],[108.318377,28.023263],[108.324096,28.022925],[108.318763,28.042721],[108.310683,28.045271],[108.303232,28.051839],[108.305501,28.059104],[108.323756,28.064946],[108.32859,28.07088],[108.330843,28.077789],[108.328261,28.097723],[108.345067,28.112812],[108.362836,28.145608],[108.373609,28.162009],[108.392431,28.166426],[108.398884,28.171519]]]}},{"type":"Feature","properties":{"dt_adcode":"520626"},"geometry":{"type":"Polygon","coordinates":[[[107.803041,28.183514],[107.808996,28.18187],[107.812375,28.176695],[107.81606,28.175482],[107.821708,28.179564],[107.824015,28.18335],[107.830721,28.181302],[107.836452,28.184297],[107.846774,28.194433],[107.851099,28.193788],[107.852638,28.203335],[107.855073,28.203559],[107.859204,28.200263],[107.860819,28.203974],[107.865006,28.247177],[107.861118,28.264977],[107.86169,28.272068],[107.865736,28.282249],[107.866031,28.288892],[107.862576,28.308849],[107.861556,28.339523],[107.866486,28.358522],[107.874433,28.370406],[107.903334,28.370564],[107.915156,28.367316],[107.921121,28.370133],[107.913811,28.382896],[107.915652,28.384963],[107.922138,28.383445],[107.936013,28.384714],[107.955629,28.380123],[107.968602,28.384837],[107.972501,28.383829],[107.990241,28.368987],[107.993689,28.368207],[107.996676,28.369657],[108.000969,28.384582],[107.998218,28.388515],[107.983043,28.397072],[107.972571,28.398157],[107.960746,28.411093],[107.968822,28.423344],[107.967221,28.431758],[107.969197,28.439736],[107.977292,28.447807],[107.982036,28.447605],[107.986667,28.443622],[107.995583,28.441445],[108.000982,28.442395],[108.007713,28.446164],[108.011605,28.445629],[108.012867,28.441447],[108.010952,28.436188],[108.007298,28.433857],[107.993676,28.433444],[107.982558,28.431222],[107.980747,28.429263],[107.982078,28.423712],[107.983245,28.42286],[107.987067,28.426778],[107.991612,28.427897],[107.995643,28.427922],[108.006179,28.424237],[108.009087,28.413632],[108.019526,28.403115],[108.025751,28.401204],[108.009199,28.394444],[108.005916,28.389762],[108.005236,28.385408],[108.009694,28.382824],[108.016137,28.384056],[108.019132,28.377061],[108.026157,28.368275],[108.033765,28.364476],[108.037134,28.365436],[108.051719,28.388552],[108.068261,28.422006],[108.068452,28.427741],[108.063949,28.433654],[108.05608,28.439066],[108.049008,28.441273],[108.048721,28.444023],[108.056142,28.454434],[108.060439,28.467331],[108.060117,28.472373],[108.048185,28.489893],[108.049882,28.500467],[108.067458,28.513292],[108.070032,28.516535],[108.070232,28.521583],[108.069911,28.526855],[108.067512,28.531185],[108.05827,28.541403],[108.043577,28.548106],[108.038539,28.554695],[108.040332,28.558389],[108.049895,28.566766],[108.038471,28.583831],[108.037576,28.592768],[108.05124,28.601845],[108.058841,28.612367],[108.082811,28.620542],[108.084247,28.627202],[108.086652,28.627299],[108.089995,28.623382],[108.095229,28.621573],[108.115081,28.629105],[108.124868,28.636475],[108.123397,28.63059],[108.113243,28.618006],[108.110315,28.609781],[108.124523,28.609402],[108.136736,28.6019],[108.145183,28.590034],[108.151861,28.573565],[108.158426,28.566733],[108.164678,28.564715],[108.178949,28.566425],[108.182881,28.563697],[108.183158,28.561637],[108.175416,28.556304],[108.174445,28.550331],[108.177397,28.540258],[108.182965,28.529514],[108.184385,28.517823],[108.193867,28.504812],[108.197859,28.494657],[108.171815,28.448079],[108.184224,28.441036],[108.185566,28.43214],[108.187419,28.430518],[108.201198,28.431654],[108.203061,28.430373],[108.199057,28.401848],[108.201967,28.396363],[108.211349,28.392535],[108.218688,28.384101],[108.218835,28.369193],[108.225309,28.367391],[108.228378,28.370869],[108.229566,28.379145],[108.233173,28.380791],[108.240736,28.377424],[108.244119,28.37746],[108.253412,28.381235],[108.266875,28.384141],[108.284796,28.385271],[108.285596,28.384491],[108.278914,28.377853],[108.279461,28.375564],[108.294147,28.365639],[108.324781,28.349258],[108.33294,28.341096],[108.333287,28.334442],[108.330312,28.322238],[108.319674,28.319353],[108.297586,28.318394],[108.295291,28.316303],[108.297934,28.312747],[108.299116,28.306646],[108.298211,28.296535],[108.311131,28.281546],[108.314174,28.267351],[108.318896,28.26282],[108.332238,28.255642],[108.336631,28.251223],[108.366521,28.251735],[108.380281,28.254151],[108.394338,28.250826],[108.397994,28.24879],[108.405642,28.233713],[108.426248,28.21964],[108.424461,28.216187],[108.416211,28.208794],[108.398884,28.171519],[108.392431,28.166426],[108.373609,28.162009],[108.362836,28.145608],[108.345067,28.112812],[108.328261,28.097723],[108.329879,28.091776],[108.330625,28.074347],[108.323756,28.064946],[108.305501,28.059104],[108.301751,28.075486],[108.299553,28.078974],[108.286488,28.077384],[108.271814,28.066701],[108.264831,28.064575],[108.237836,28.069392],[108.226989,28.074482],[108.227111,28.084169],[108.230987,28.096627],[108.225301,28.098038],[108.212959,28.097176],[108.211079,28.102461],[108.210698,28.110254],[108.213593,28.122993],[108.215952,28.145877],[108.202999,28.147319],[108.197941,28.150288],[108.192977,28.150791],[108.188388,28.149406],[108.184352,28.144976],[108.177492,28.128616],[108.17653,28.115054],[108.179768,28.103224],[108.179144,28.098714],[108.170146,28.100348],[108.159503,28.099191],[108.150894,28.101966],[108.146909,28.103771],[108.144294,28.113531],[108.140326,28.116546],[108.122159,28.11842],[108.112863,28.111054],[108.108785,28.104153],[108.101939,28.102941],[108.098675,28.09305],[108.093571,28.087038],[108.055741,28.059562],[108.041213,28.057546],[108.021201,28.058206],[107.999267,28.054898],[107.957982,28.043134],[107.96575,28.024769],[107.966298,28.019706],[107.964879,28.016769],[107.950786,28.008966],[107.935989,28.008532],[107.933312,28.001427],[107.927995,28.009254],[107.914682,28.018642],[107.910377,28.026812],[107.889268,28.051446],[107.884431,28.063021],[107.880687,28.063323],[107.878105,28.055339],[107.873938,28.054664],[107.872979,28.059094],[107.870937,28.058667],[107.868759,28.054633],[107.869322,28.050928],[107.865934,28.0479],[107.866794,28.044283],[107.862506,28.041988],[107.861524,28.036589],[107.853728,28.03785],[107.843002,28.032385],[107.841944,28.02942],[107.838701,28.029189],[107.835885,28.031026],[107.835619,28.034276],[107.83173,28.039282],[107.834784,28.043986],[107.833674,28.048123],[107.825606,28.049847],[107.816806,28.046331],[107.813312,28.047354],[107.813222,28.067303],[107.80481,28.069792],[107.792946,28.065691],[107.786573,28.07447],[107.782588,28.071932],[107.778877,28.072967],[107.785941,28.083402],[107.784334,28.092052],[107.789572,28.101923],[107.791347,28.109555],[107.795391,28.117569],[107.796945,28.115993],[107.798743,28.116563],[107.80086,28.137198],[107.803229,28.147509],[107.805155,28.149682],[107.802948,28.153475],[107.805554,28.175783],[107.801694,28.182478],[107.803041,28.183514]]]}},{"type":"Feature","properties":{"dt_adcode":"520627"},"geometry":{"type":"Polygon","coordinates":[[[108.069384,29.08657],[108.095721,29.079835],[108.098551,29.077144],[108.108157,29.076716],[108.114064,29.072414],[108.12433,29.068943],[108.130606,29.06332],[108.133985,29.052678],[108.152421,29.053735],[108.171423,29.065362],[108.181451,29.06546],[108.182603,29.068824],[108.19639,29.071623],[108.205545,29.056052],[108.215032,29.05613],[108.218862,29.05301],[108.226312,29.050825],[108.23039,29.046974],[108.227867,29.038875],[108.223784,29.037252],[108.225148,29.030631],[108.232045,29.027397],[108.243233,29.028628],[108.246738,29.034254],[108.256944,29.041988],[108.259826,29.049983],[108.260383,29.064591],[108.262727,29.070367],[108.268641,29.077806],[108.267452,29.086858],[108.270613,29.090906],[108.277563,29.09133],[108.286582,29.089206],[108.296481,29.085809],[108.306575,29.079174],[108.306619,29.075269],[108.298305,29.052765],[108.297887,29.047163],[108.308641,29.02227],[108.308709,29.003379],[108.31257,28.997068],[108.317986,28.975535],[108.319861,28.961182],[108.32295,28.953968],[108.33992,28.947876],[108.348181,28.939577],[108.350548,28.930311],[108.350359,28.907104],[108.357443,28.893382],[108.355029,28.881293],[108.355324,28.870826],[108.348277,28.862173],[108.346432,28.856314],[108.348089,28.848548],[108.354831,28.834701],[108.352836,28.816143],[108.354246,28.81428],[108.365176,28.810149],[108.382899,28.805502],[108.386479,28.801637],[108.389197,28.79236],[108.38851,28.783314],[108.38526,28.772226],[108.376796,28.768969],[108.372501,28.76015],[108.357116,28.746708],[108.354702,28.739953],[108.346921,28.737009],[108.332378,28.72279],[108.329572,28.714089],[108.330499,28.703049],[108.328434,28.690419],[108.329122,28.679495],[108.332094,28.676653],[108.343999,28.673417],[108.352149,28.676111],[108.360694,28.669197],[108.374438,28.66287],[108.390942,28.65177],[108.417046,28.645201],[108.444029,28.632442],[108.458846,28.634854],[108.473769,28.627268],[108.491287,28.630587],[108.501005,28.626658],[108.5032,28.629943],[108.502729,28.637617],[108.50753,28.639804],[108.517991,28.639975],[108.521469,28.641429],[108.523589,28.64671],[108.530461,28.647262],[108.537134,28.652447],[108.541403,28.651991],[108.547775,28.647896],[108.560474,28.648775],[108.56648,28.662564],[108.575894,28.659711],[108.585313,28.64979],[108.586501,28.647021],[108.584358,28.641488],[108.585312,28.639644],[108.596168,28.640346],[108.601741,28.633866],[108.604459,28.632974],[108.60901,28.633615],[108.623278,28.641436],[108.632353,28.638934],[108.634718,28.636046],[108.635691,28.620742],[108.618912,28.606519],[108.606601,28.59387],[108.604465,28.589538],[108.608353,28.554204],[108.610759,28.54567],[108.613278,28.543205],[108.610958,28.5394],[108.589349,28.538592],[108.58253,28.536619],[108.576875,28.533811],[108.577569,28.532083],[108.573987,28.530866],[108.57325,28.528989],[108.576675,28.522045],[108.578026,28.509026],[108.581088,28.506967],[108.574939,28.497684],[108.581963,28.485444],[108.587592,28.479303],[108.589179,28.473827],[108.586776,28.463079],[108.597241,28.456798],[108.600904,28.441984],[108.602814,28.438869],[108.609935,28.435667],[108.60752,28.425742],[108.611124,28.420987],[108.607823,28.406308],[108.587431,28.404955],[108.579858,28.394555],[108.576145,28.382343],[108.577107,28.372065],[108.579648,28.366453],[108.575927,28.362529],[108.580106,28.343276],[108.597998,28.342031],[108.603251,28.340388],[108.606446,28.336566],[108.610814,28.325082],[108.608121,28.321489],[108.60872,28.318097],[108.603735,28.313061],[108.603075,28.306074],[108.589264,28.306423],[108.588041,28.307094],[108.58768,28.313492],[108.586147,28.313424],[108.578536,28.308914],[108.575918,28.300708],[108.573574,28.298965],[108.571514,28.300141],[108.571251,28.308942],[108.567956,28.311662],[108.566759,28.319973],[108.549268,28.317025],[108.548644,28.319669],[108.543529,28.323843],[108.540334,28.336045],[108.532377,28.336603],[108.529651,28.328444],[108.522561,28.328084],[108.520402,28.331494],[108.519131,28.331139],[108.515412,28.327897],[108.510224,28.300653],[108.497332,28.275511],[108.493423,28.272071],[108.490792,28.273994],[108.48125,28.274029],[108.459914,28.244073],[108.453436,28.22922],[108.453436,28.224975],[108.444442,28.210526],[108.4364,28.212361],[108.421279,28.224193],[108.410086,28.229618],[108.403533,28.236678],[108.397994,28.24879],[108.394338,28.250826],[108.380281,28.254151],[108.366521,28.251735],[108.336631,28.251223],[108.332238,28.255642],[108.318896,28.26282],[108.314174,28.267351],[108.311131,28.281546],[108.298211,28.296535],[108.299116,28.306646],[108.297934,28.312747],[108.295291,28.316303],[108.297586,28.318394],[108.319674,28.319353],[108.330312,28.322238],[108.333287,28.334442],[108.331618,28.343374],[108.315336,28.35534],[108.294147,28.365639],[108.279461,28.375564],[108.278914,28.377853],[108.285596,28.384491],[108.284796,28.385271],[108.266875,28.384141],[108.253412,28.381235],[108.244119,28.37746],[108.240736,28.377424],[108.233173,28.380791],[108.229566,28.379145],[108.228378,28.370869],[108.225309,28.367391],[108.221149,28.367554],[108.218835,28.369193],[108.218688,28.384101],[108.211349,28.392535],[108.201967,28.396363],[108.199057,28.401848],[108.203061,28.430373],[108.201198,28.431654],[108.187419,28.430518],[108.185566,28.43214],[108.184224,28.441036],[108.171997,28.447506],[108.197859,28.494657],[108.193867,28.504812],[108.184385,28.517823],[108.182965,28.529514],[108.177397,28.540258],[108.174445,28.550331],[108.175416,28.556304],[108.183158,28.561637],[108.182881,28.563697],[108.178949,28.566425],[108.164678,28.564715],[108.158426,28.566733],[108.151861,28.573565],[108.145183,28.590034],[108.136736,28.6019],[108.124523,28.609402],[108.110331,28.610067],[108.113243,28.618006],[108.123397,28.63059],[108.124868,28.636475],[108.128937,28.641366],[108.128891,28.644172],[108.122682,28.651855],[108.123536,28.654189],[108.129419,28.659883],[108.145025,28.669976],[108.151038,28.670676],[108.163248,28.677066],[108.169943,28.682851],[108.174559,28.690227],[108.175252,28.698032],[108.181874,28.712372],[108.182941,28.718372],[108.181384,28.721747],[108.183429,28.726209],[108.182632,28.746414],[108.184676,28.748961],[108.195311,28.750673],[108.201383,28.763136],[108.211424,28.771505],[108.213695,28.776349],[108.213217,28.785218],[108.210669,28.789576],[108.209634,28.813811],[108.2075,28.817553],[108.200878,28.812371],[108.195092,28.802559],[108.193798,28.803605],[108.188706,28.801106],[108.185663,28.808109],[108.180753,28.81084],[108.179451,28.817556],[108.171606,28.825225],[108.170853,28.834294],[108.167577,28.834335],[108.158741,28.845823],[108.158104,28.856363],[108.152364,28.85491],[108.146045,28.857331],[108.141285,28.855997],[108.139473,28.859749],[108.135499,28.860029],[108.130496,28.865451],[108.128633,28.869794],[108.128824,28.875992],[108.134797,28.902666],[108.138387,28.932072],[108.132253,28.943958],[108.117307,28.950717],[108.108599,28.95867],[108.106952,28.96554],[108.108704,28.972214],[108.105747,28.979531],[108.095446,28.98953],[108.088344,28.999447],[108.078963,29.007174],[108.078852,29.023159],[108.073527,29.058152],[108.078654,29.061584],[108.078716,29.070336],[108.07518,29.079371],[108.069384,29.08657]]]}},{"type":"Feature","properties":{"dt_adcode":"520628"},"geometry":{"type":"Polygon","coordinates":[[[109.095303,27.859062],[109.094217,27.861349],[109.084446,27.863301],[109.07448,27.860897],[109.073584,27.858405],[109.077541,27.843354],[109.065839,27.829577],[109.056413,27.825261],[109.044754,27.823088],[109.040982,27.825251],[109.039685,27.833553],[109.040234,27.839738],[109.044451,27.851828],[109.047499,27.855857],[109.062291,27.861091],[109.071506,27.869262],[109.073281,27.873788],[109.084856,27.888297],[109.084961,27.890356],[109.081483,27.893464],[109.064077,27.898887],[109.050149,27.900969],[109.047003,27.900642],[109.034132,27.887935],[109.024234,27.887766],[109.016099,27.89471],[109.018841,27.906131],[109.015604,27.910175],[109.001625,27.902475],[109.001262,27.899299],[109.006345,27.886523],[109.003709,27.880884],[108.999544,27.878201],[108.993225,27.87809],[108.986246,27.880794],[108.972138,27.880525],[108.961911,27.87775],[108.955054,27.879846],[108.944599,27.879706],[108.940484,27.878261],[108.937259,27.874043],[108.932977,27.87309],[108.930992,27.876977],[108.934435,27.882257],[108.934919,27.888213],[108.927137,27.901556],[108.920819,27.902852],[108.903876,27.900915],[108.894683,27.888778],[108.892493,27.888224],[108.888619,27.893777],[108.876174,27.896043],[108.850751,27.888936],[108.844389,27.891234],[108.840472,27.895967],[108.840455,27.901471],[108.844449,27.909814],[108.84204,27.91357],[108.831294,27.916487],[108.827793,27.919139],[108.820912,27.932925],[108.811751,27.942207],[108.805051,27.942676],[108.799504,27.940123],[108.792736,27.925764],[108.790427,27.923901],[108.78828,27.924266],[108.775034,27.943281],[108.769801,27.947821],[108.755938,27.950824],[108.743899,27.95059],[108.74945,27.954278],[108.752395,27.961979],[108.754994,27.991481],[108.752071,27.995896],[108.752545,28.00187],[108.755107,28.006119],[108.75081,28.039113],[108.754893,28.051739],[108.752027,28.056771],[108.743949,28.063839],[108.742369,28.069562],[108.743646,28.074839],[108.749571,28.084269],[108.749642,28.096379],[108.759325,28.103345],[108.769439,28.104077],[108.77875,28.107551],[108.785967,28.113994],[108.78642,28.132111],[108.794374,28.146121],[108.790681,28.163766],[108.796621,28.167909],[108.808281,28.168171],[108.808264,28.171381],[108.804364,28.175729],[108.78415,28.174979],[108.767526,28.182713],[108.766232,28.181104],[108.772012,28.166911],[108.767385,28.155658],[108.768478,28.143967],[108.767714,28.140296],[108.758982,28.132014],[108.755154,28.131594],[108.750062,28.133657],[108.744709,28.141416],[108.740055,28.143811],[108.734764,28.138247],[108.721563,28.141094],[108.717769,28.13772],[108.711303,28.126658],[108.701406,28.124175],[108.694547,28.128581],[108.693645,28.138098],[108.689804,28.146044],[108.684078,28.145085],[108.680474,28.138182],[108.675035,28.135619],[108.669301,28.13558],[108.658355,28.143754],[108.652292,28.158614],[108.652676,28.183381],[108.654678,28.196006],[108.646441,28.228512],[108.652951,28.270752],[108.65216,28.274186],[108.648211,28.281956],[108.640374,28.288553],[108.631252,28.289634],[108.616459,28.287017],[108.610204,28.289041],[108.604698,28.297493],[108.602701,28.308486],[108.604065,28.313623],[108.60846,28.317535],[108.608121,28.321489],[108.610814,28.325082],[108.616444,28.324603],[108.627447,28.326893],[108.637716,28.333147],[108.645848,28.330837],[108.66887,28.335385],[108.677399,28.345785],[108.676181,28.352333],[108.672335,28.354774],[108.65909,28.350333],[108.656437,28.356379],[108.659013,28.368386],[108.664913,28.3776],[108.664722,28.382874],[108.67312,28.388972],[108.681048,28.388601],[108.685791,28.393012],[108.692761,28.394674],[108.697076,28.403109],[108.695487,28.406689],[108.690902,28.410557],[108.68879,28.421717],[108.683571,28.426852],[108.676157,28.427734],[108.669877,28.431485],[108.666275,28.442509],[108.641455,28.455713],[108.640768,28.457614],[108.645256,28.46862],[108.649232,28.470076],[108.658637,28.478031],[108.671142,28.475289],[108.688634,28.482481],[108.701424,28.48248],[108.708394,28.499155],[108.710508,28.501014],[108.72337,28.491961],[108.724917,28.478423],[108.728333,28.472035],[108.733939,28.468879],[108.743707,28.467641],[108.744758,28.464446],[108.74911,28.461072],[108.749275,28.455471],[108.745713,28.452996],[108.746773,28.450234],[108.773496,28.438327],[108.779309,28.427428],[108.78258,28.427771],[108.773348,28.416374],[108.77046,28.40795],[108.761864,28.395673],[108.760026,28.389345],[108.762808,28.3858],[108.781709,28.380924],[108.784008,28.378486],[108.783027,28.37323],[108.777361,28.366602],[108.77848,28.35077],[108.775798,28.340321],[108.770704,28.336939],[108.760981,28.323144],[108.761858,28.321012],[108.768411,28.318121],[108.770051,28.314955],[108.763758,28.305639],[108.741071,28.294918],[108.733545,28.285631],[108.72686,28.282271],[108.724999,28.27516],[108.727919,28.259196],[108.737584,28.251417],[108.738843,28.227364],[108.742127,28.225656],[108.747531,28.227584],[108.752499,28.226659],[108.758682,28.22022],[108.760235,28.211444],[108.758324,28.19726],[108.761293,28.191726],[108.765312,28.192139],[108.775564,28.21618],[108.798697,28.224749],[108.805556,28.242089],[108.821756,28.245125],[108.82459,28.240816],[108.824372,28.231016],[108.826548,28.225511],[108.833272,28.217887],[108.833679,28.211528],[108.836201,28.207376],[108.846046,28.200731],[108.855139,28.199864],[108.864468,28.206138],[108.895718,28.219616],[108.910463,28.215525],[108.922604,28.217386],[108.930811,28.212142],[108.933194,28.207874],[108.927758,28.199793],[108.927601,28.193956],[108.929418,28.190557],[108.956619,28.182318],[108.965588,28.176488],[108.977801,28.172846],[108.985782,28.16135],[108.988561,28.160225],[109.002401,28.16167],[109.006332,28.163581],[109.009784,28.167897],[109.015014,28.181473],[109.012278,28.192506],[109.012627,28.19732],[109.024689,28.215569],[109.024829,28.219756],[109.02679,28.220076],[109.033263,28.215756],[109.038229,28.217418],[109.041312,28.211938],[109.041582,28.205346],[109.043045,28.203431],[109.053825,28.199688],[109.061416,28.200115],[109.06488,28.198118],[109.070053,28.191478],[109.082067,28.184354],[109.086362,28.184696],[109.089475,28.196237],[109.096036,28.19626],[109.099609,28.197974],[109.101877,28.20499],[109.099828,28.214762],[109.096127,28.221063],[109.085827,28.231529],[109.086105,28.240238],[109.081524,28.248554],[109.086933,28.257079],[109.087985,28.261412],[109.099544,28.263309],[109.102881,28.268307],[109.112884,28.273945],[109.117564,28.278626],[109.119213,28.283704],[109.116462,28.28965],[109.126824,28.296936],[109.135206,28.31302],[109.141234,28.320547],[109.141381,28.324899],[109.137731,28.334241],[109.151328,28.345197],[109.152351,28.348383],[109.148823,28.353144],[109.138591,28.358622],[109.144766,28.36381],[109.153125,28.381054],[109.152631,28.385123],[109.154495,28.388013],[109.153629,28.397316],[109.157166,28.402647],[109.15207,28.410524],[109.153214,28.416639],[109.155564,28.417516],[109.164934,28.414988],[109.167925,28.424964],[109.165637,28.430392],[109.168368,28.432054],[109.176029,28.431078],[109.18058,28.438342],[109.176568,28.446159],[109.178214,28.44946],[109.177226,28.450906],[109.18696,28.454573],[109.187793,28.458436],[109.192196,28.463143],[109.191763,28.470889],[109.199383,28.473133],[109.20175,28.477371],[109.207784,28.477954],[109.211331,28.481279],[109.215502,28.482122],[109.226639,28.478675],[109.22866,28.475432],[109.232469,28.474684],[109.238267,28.479404],[109.274369,28.494656],[109.273781,28.489058],[109.276301,28.484463],[109.270219,28.485057],[109.266359,28.481796],[109.260609,28.46396],[109.260567,28.457963],[109.26418,28.458124],[109.265103,28.455667],[109.26179,28.454406],[109.260136,28.451304],[109.258781,28.440475],[109.256869,28.436732],[109.259918,28.432426],[109.258317,28.429013],[109.259412,28.417819],[109.261202,28.415477],[109.261188,28.407784],[109.264527,28.403793],[109.263451,28.399983],[109.265758,28.397002],[109.26441,28.393544],[109.267273,28.386543],[109.270636,28.383329],[109.276171,28.382978],[109.277889,28.380458],[109.275436,28.378666],[109.27657,28.376866],[109.285402,28.37667],[109.288782,28.373461],[109.287762,28.364444],[109.285,28.358375],[109.279451,28.354113],[109.277724,28.349667],[109.273084,28.345459],[109.273097,28.343104],[109.26809,28.337058],[109.271715,28.323515],[109.276544,28.322974],[109.273079,28.319723],[109.27524,28.314044],[109.273075,28.309397],[109.284092,28.305231],[109.288205,28.298019],[109.297581,28.292809],[109.298085,28.288951],[109.294927,28.278545],[109.303756,28.274532],[109.317966,28.27789],[109.329194,28.286342],[109.333825,28.293314],[109.338238,28.293911],[109.363551,28.284454],[109.352195,28.268518],[109.354675,28.264789],[109.359512,28.265887],[109.367369,28.275171],[109.373553,28.277065],[109.39048,28.272616],[109.400342,28.273501],[109.399673,28.269306],[109.388003,28.268125],[109.373465,28.256849],[109.367916,28.255668],[109.37216,28.252234],[109.372872,28.248376],[109.365061,28.236893],[109.357074,28.23407],[109.361024,28.225648],[109.359553,28.220444],[109.34576,28.206704],[109.342313,28.199317],[109.340459,28.19038],[109.343234,28.173611],[109.341806,28.162159],[109.335415,28.157061],[109.338184,28.14177],[109.328096,28.126863],[109.325397,28.115198],[109.313456,28.101799],[109.311776,28.09408],[109.313124,28.08603],[109.304961,28.076414],[109.303447,28.071799],[109.298738,28.032498],[109.301008,28.029398],[109.305889,28.029992],[109.31152,28.037969],[109.323625,28.041179],[109.335907,28.062883],[109.344323,28.06164],[109.350371,28.056368],[109.360046,28.054204],[109.36223,28.050853],[109.370554,28.046083],[109.372989,28.040195],[109.37832,28.036133],[109.379162,28.033098],[109.372918,28.025556],[109.365422,28.012582],[109.364849,28.008828],[109.342257,28.005338],[109.321611,27.991797],[109.32001,27.988439],[109.322533,27.977267],[109.320931,27.971436],[109.317363,27.970864],[109.313908,27.967839],[109.307138,27.968036],[109.303527,27.963628],[109.301891,27.95658],[109.307772,27.948581],[109.308868,27.939775],[109.313828,27.933327],[109.312061,27.927159],[109.314836,27.918106],[109.311884,27.907784],[109.318193,27.901087],[109.320629,27.895598],[109.317774,27.885529],[109.318696,27.876808],[109.322821,27.873103],[109.321889,27.867985],[109.327782,27.869674],[109.326328,27.864965],[109.317964,27.858051],[109.308418,27.855014],[109.30505,27.850773],[109.301944,27.855466],[109.297568,27.852775],[109.296942,27.850468],[109.286305,27.855508],[109.277488,27.853275],[109.275428,27.856879],[109.270135,27.854319],[109.265981,27.860983],[109.243117,27.859981],[109.223728,27.852612],[109.219191,27.844614],[109.211996,27.849436],[109.209259,27.844773],[109.209107,27.833656],[109.203048,27.829995],[109.20154,27.833322],[109.204977,27.837404],[109.204176,27.840913],[109.196763,27.837687],[109.178173,27.838264],[109.142981,27.864862],[109.135887,27.868115],[109.125876,27.869869],[109.110408,27.865856],[109.105554,27.861903],[109.095303,27.859062]]]}},{"type":"Feature","properties":{"dt_adcode":"522301"},"geometry":{"type":"Polygon","coordinates":[[[104.888442,25.362656],[104.893543,25.360192],[104.889823,25.35159],[104.892408,25.352042],[104.892792,25.349808],[104.889718,25.34803],[104.888863,25.342429],[104.893263,25.3374],[104.894712,25.330157],[104.885492,25.326742],[104.884147,25.324666],[104.885754,25.322535],[104.898991,25.320644],[104.906137,25.316786],[104.907238,25.310172],[104.904827,25.301781],[104.911937,25.288887],[104.905019,25.272657],[104.908246,25.269932],[104.915483,25.272686],[104.931883,25.271182],[104.949844,25.276832],[104.962266,25.278545],[104.996559,25.277485],[105.002392,25.279145],[105.013283,25.2836],[105.017564,25.289368],[105.016753,25.294632],[105.009055,25.306249],[105.008262,25.311055],[105.01331,25.314308],[105.026763,25.316723],[105.045596,25.311616],[105.048924,25.30729],[105.050256,25.298821],[105.048322,25.284597],[105.049611,25.281399],[105.057232,25.280314],[105.063789,25.286552],[105.07037,25.288434],[105.095995,25.284247],[105.12355,25.289205],[105.143519,25.291123],[105.148577,25.289995],[105.141515,25.27964],[105.13682,25.268234],[105.137696,25.25745],[105.146138,25.245429],[105.137617,25.231318],[105.136749,25.222615],[105.138111,25.210677],[105.140081,25.206069],[105.146084,25.201184],[105.152616,25.199042],[105.159424,25.198043],[105.175607,25.199676],[105.178607,25.197576],[105.18472,25.190152],[105.180117,25.186449],[105.180911,25.182497],[105.178487,25.180869],[105.176985,25.172713],[105.175526,25.171535],[105.184907,25.167382],[105.18238,25.165091],[105.167678,25.164053],[105.166033,25.155671],[105.164099,25.153106],[105.15146,25.139749],[105.140221,25.134405],[105.135126,25.128296],[105.134644,25.125422],[105.125779,25.118892],[105.117801,25.108172],[105.108595,25.072075],[105.107083,25.052145],[105.102095,25.036836],[105.097714,25.030229],[105.087786,25.024135],[105.069532,25.020627],[105.032303,24.998901],[105.024631,24.992303],[105.012051,24.999492],[105.007203,24.997233],[105.00412,24.985911],[104.999762,24.985807],[104.998421,24.984381],[105.000038,24.975595],[105.003542,24.973425],[105.007906,24.966174],[105.013567,24.964614],[105.012371,24.95691],[105.014729,24.953763],[105.028058,24.951204],[105.032938,24.95584],[105.035787,24.956236],[105.037174,24.954792],[105.040322,24.946985],[105.039962,24.945124],[105.033856,24.94018],[105.035059,24.930405],[105.043461,24.92497],[105.046967,24.919066],[105.04588,24.913455],[105.058566,24.916287],[105.065262,24.912595],[105.072309,24.916652],[105.075159,24.916711],[105.073188,24.902809],[105.070434,24.894988],[105.063317,24.888471],[105.038855,24.872997],[105.037413,24.869444],[105.036904,24.86564],[105.041314,24.857624],[105.040381,24.845537],[105.037751,24.834038],[105.030319,24.825372],[105.026786,24.815582],[105.034132,24.795409],[105.033355,24.787809],[105.017091,24.785284],[104.982537,24.770459],[104.93837,24.761604],[104.922447,24.756921],[104.910119,24.755762],[104.893474,24.749815],[104.875744,24.739859],[104.86624,24.730647],[104.862969,24.721456],[104.86046,24.701516],[104.846056,24.679906],[104.841885,24.67619],[104.822974,24.670387],[104.810584,24.671691],[104.803188,24.66571],[104.783354,24.662394],[104.764285,24.657062],[104.757316,24.653054],[104.75133,24.647145],[104.749076,24.64222],[104.748301,24.6342],[104.743369,24.622239],[104.729487,24.618221],[104.721803,24.619199],[104.708969,24.624177],[104.698953,24.632744],[104.698612,24.635739],[104.703256,24.642178],[104.703609,24.645837],[104.697965,24.649415],[104.666073,24.656884],[104.632989,24.659222],[104.628779,24.661187],[104.614468,24.680037],[104.599749,24.696019],[104.595894,24.709066],[104.570648,24.715608],[104.55856,24.727794],[104.529438,24.731397],[104.52865,24.736818],[104.535103,24.748047],[104.542407,24.755807],[104.539689,24.766477],[104.540169,24.769047],[104.543204,24.770804],[104.545891,24.775697],[104.540449,24.781663],[104.54103,24.788224],[104.537123,24.794359],[104.541403,24.804879],[104.539532,24.813211],[104.545129,24.818986],[104.546481,24.823343],[104.552835,24.826739],[104.562328,24.839034],[104.570984,24.844091],[104.575774,24.851111],[104.575011,24.855648],[104.579489,24.858892],[104.587006,24.872931],[104.596299,24.884474],[104.605239,24.888596],[104.609923,24.893312],[104.623713,24.895527],[104.635405,24.903909],[104.638694,24.918264],[104.651419,24.934582],[104.651428,24.941067],[104.663912,24.951086],[104.663312,24.962113],[104.66474,24.965265],[104.670391,24.96727],[104.674343,24.970737],[104.688056,24.975766],[104.684548,24.983137],[104.687656,24.988071],[104.695231,24.989971],[104.700706,24.994749],[104.706929,24.993359],[104.713744,24.997201],[104.712186,25.003571],[104.706869,25.010123],[104.704581,25.018495],[104.704824,25.024229],[104.700124,25.031632],[104.700281,25.037253],[104.683802,25.054839],[104.667623,25.059388],[104.663312,25.058257],[104.65371,25.059219],[104.644558,25.05577],[104.635924,25.054703],[104.625869,25.058054],[104.617743,25.057421],[104.616623,25.058774],[104.619536,25.06066],[104.627624,25.061784],[104.647246,25.061704],[104.670995,25.066806],[104.678561,25.071217],[104.681008,25.074497],[104.686476,25.076213],[104.685266,25.080738],[104.686285,25.095687],[104.693555,25.103854],[104.694504,25.113896],[104.697068,25.119268],[104.695714,25.122562],[104.718283,25.140917],[104.718892,25.152702],[104.734245,25.171155],[104.73408,25.184094],[104.727653,25.19096],[104.724287,25.191694],[104.724557,25.195672],[104.731924,25.204965],[104.739202,25.205271],[104.747383,25.214109],[104.753657,25.214183],[104.765418,25.206248],[104.773971,25.194179],[104.778051,25.18549],[104.785984,25.180775],[104.796977,25.167899],[104.804733,25.161656],[104.812721,25.160774],[104.815253,25.156189],[104.818653,25.160169],[104.815756,25.165159],[104.822911,25.170229],[104.81038,25.184293],[104.808602,25.190323],[104.815966,25.19863],[104.811916,25.204614],[104.80823,25.215795],[104.807762,25.228217],[104.810113,25.231722],[104.827969,25.237097],[104.816931,25.261777],[104.805994,25.262848],[104.796659,25.253547],[104.792278,25.253547],[104.788477,25.256737],[104.779973,25.270025],[104.766489,25.2765],[104.75418,25.275922],[104.755918,25.273068],[104.754189,25.270356],[104.757186,25.266369],[104.74894,25.265567],[104.735866,25.267866],[104.729779,25.273667],[104.709551,25.281774],[104.710483,25.290043],[104.707996,25.292244],[104.707469,25.296834],[104.706206,25.295359],[104.702665,25.295957],[104.700347,25.292636],[104.696729,25.295068],[104.689949,25.29596],[104.681077,25.293381],[104.671192,25.293454],[104.669636,25.292322],[104.669358,25.28674],[104.664664,25.284327],[104.656742,25.289195],[104.641006,25.294824],[104.6395,25.296682],[104.640057,25.298941],[104.652869,25.304992],[104.65085,25.311418],[104.645741,25.316381],[104.647648,25.340609],[104.642783,25.353451],[104.648057,25.358719],[104.652396,25.358102],[104.654813,25.360037],[104.659488,25.374292],[104.664529,25.377784],[104.683979,25.362637],[104.688619,25.35535],[104.690482,25.347807],[104.688018,25.340219],[104.687826,25.333114],[104.69244,25.328576],[104.699535,25.329795],[104.710389,25.334946],[104.741285,25.339354],[104.754956,25.340383],[104.783838,25.337157],[104.822233,25.341977],[104.834052,25.34892],[104.844538,25.36433],[104.84982,25.367797],[104.855146,25.365537],[104.861574,25.360023],[104.865194,25.353455],[104.869337,25.349919],[104.872959,25.351224],[104.879055,25.357631],[104.885521,25.359014],[104.888442,25.362656]]]}},{"type":"Feature","properties":{"dt_adcode":"522302"},"geometry":{"type":"Polygon","coordinates":[[[105.534973,25.694199],[105.532201,25.676245],[105.537379,25.662733],[105.535342,25.632441],[105.540712,25.626727],[105.558242,25.618769],[105.563113,25.61145],[105.561882,25.606398],[105.552849,25.596496],[105.546636,25.582014],[105.537608,25.572569],[105.522522,25.562187],[105.518287,25.55506],[105.513212,25.526362],[105.510744,25.519698],[105.491279,25.490714],[105.470156,25.478236],[105.448959,25.472168],[105.443723,25.464796],[105.443765,25.459749],[105.453552,25.439836],[105.454869,25.433418],[105.453672,25.426069],[105.451185,25.421926],[105.445914,25.417308],[105.435341,25.411969],[105.429586,25.405516],[105.428917,25.395415],[105.432015,25.388321],[105.434583,25.386363],[105.414419,25.363167],[105.406158,25.339307],[105.402874,25.337693],[105.37854,25.339192],[105.365863,25.337525],[105.362582,25.33384],[105.364966,25.310478],[105.363965,25.307265],[105.355096,25.307216],[105.351527,25.310406],[105.347671,25.320696],[105.334899,25.339183],[105.314569,25.346165],[105.285882,25.348518],[105.283099,25.347817],[105.278053,25.342519],[105.272295,25.327593],[105.268512,25.324823],[105.250521,25.32703],[105.243683,25.325853],[105.230805,25.319843],[105.218722,25.309256],[105.213914,25.30901],[105.197458,25.314681],[105.191144,25.313056],[105.177354,25.294678],[105.172072,25.290765],[105.162732,25.289129],[105.143519,25.291123],[105.095995,25.284247],[105.07037,25.288434],[105.063789,25.286552],[105.057232,25.280314],[105.049611,25.281399],[105.048322,25.284597],[105.050256,25.298821],[105.048924,25.30729],[105.045596,25.311616],[105.026763,25.316723],[105.01331,25.314308],[105.008262,25.311055],[105.009055,25.306249],[105.016753,25.294632],[105.017564,25.289368],[105.013283,25.2836],[105.002392,25.279145],[104.996559,25.277485],[104.962266,25.278545],[104.949844,25.276832],[104.931883,25.271182],[104.915483,25.272686],[104.908246,25.269932],[104.905327,25.27145],[104.906914,25.27947],[104.911771,25.286497],[104.911605,25.290377],[104.908616,25.294693],[104.914447,25.298586],[104.914444,25.302824],[104.91765,25.311038],[104.922769,25.312364],[104.93226,25.302057],[104.938688,25.301009],[104.945117,25.301817],[104.949793,25.306065],[104.950658,25.337585],[104.948317,25.341022],[104.932236,25.345492],[104.927559,25.348398],[104.925511,25.353427],[104.926593,25.357801],[104.937301,25.367727],[104.981305,25.382975],[104.986597,25.386258],[104.993869,25.393697],[104.996607,25.398781],[105.002663,25.421804],[105.009361,25.434975],[105.025639,25.45538],[105.057349,25.481929],[105.074309,25.50759],[105.085906,25.515057],[105.107654,25.521006],[105.116462,25.52659],[105.119693,25.531896],[105.122021,25.549353],[105.121015,25.570455],[105.118124,25.579147],[105.111506,25.581613],[105.090891,25.564896],[105.087805,25.568537],[105.091727,25.579359],[105.096465,25.586749],[105.097239,25.595184],[105.112124,25.608552],[105.131591,25.619868],[105.144997,25.624502],[105.159145,25.632801],[105.167999,25.633976],[105.172569,25.632386],[105.197822,25.604293],[105.20824,25.599517],[105.213056,25.599074],[105.217099,25.601839],[105.22768,25.614248],[105.234765,25.618173],[105.237561,25.616349],[105.249892,25.561808],[105.258738,25.554171],[105.273674,25.551738],[105.282042,25.555412],[105.290473,25.562851],[105.309178,25.58977],[105.33361,25.607592],[105.335535,25.625651],[105.324139,25.643093],[105.322956,25.675495],[105.318239,25.695128],[105.322619,25.709393],[105.329463,25.720619],[105.352336,25.744478],[105.363435,25.761678],[105.375199,25.767571],[105.39527,25.772603],[105.401154,25.776294],[105.406246,25.782254],[105.419664,25.788854],[105.429637,25.78796],[105.441113,25.778003],[105.444329,25.771179],[105.454957,25.760471],[105.485458,25.747183],[105.490358,25.742581],[105.495181,25.732709],[105.515629,25.715045],[105.522088,25.704394],[105.531881,25.695192],[105.534973,25.694199]]]}},{"type":"Feature","properties":{"dt_adcode":"522323"},"geometry":{"type":"Polygon","coordinates":[[[104.869083,25.375837],[104.86434,25.381273],[104.857164,25.382256],[104.854725,25.385766],[104.850504,25.402718],[104.850624,25.414443],[104.860046,25.442972],[104.87268,25.460918],[104.892806,25.480298],[104.901259,25.493021],[104.902154,25.499039],[104.913168,25.517017],[104.911778,25.541134],[104.914369,25.55015],[104.902809,25.557038],[104.888276,25.556781],[104.880037,25.564792],[104.878969,25.571202],[104.889453,25.575499],[104.889677,25.579315],[104.886498,25.582458],[104.886198,25.590687],[104.881002,25.591041],[104.876688,25.600513],[104.863143,25.614407],[104.861555,25.621498],[104.87084,25.633007],[104.896062,25.650347],[104.901328,25.659087],[104.909212,25.688922],[104.909117,25.700604],[104.904719,25.709965],[104.893182,25.723172],[104.879857,25.744436],[104.877666,25.744713],[104.870101,25.774914],[104.87286,25.780281],[104.873151,25.805886],[104.878726,25.807507],[104.878469,25.813727],[104.88498,25.82233],[104.888481,25.837357],[104.891482,25.841336],[104.901094,25.848529],[104.911071,25.846929],[104.920314,25.852867],[104.922866,25.857368],[104.932968,25.864813],[104.942763,25.866289],[104.947473,25.868871],[104.948996,25.878991],[104.948379,25.897821],[104.944312,25.906889],[104.950121,25.914796],[104.951158,25.920135],[104.945506,25.925355],[104.936557,25.928715],[104.930082,25.940574],[104.935609,25.948377],[104.940598,25.964082],[104.940084,25.974696],[104.949586,26.000222],[104.955535,26.009215],[104.958691,26.033465],[104.957848,26.038647],[104.959955,26.044795],[104.965963,26.054008],[104.972034,26.056805],[104.976856,26.066296],[104.988335,26.068422],[104.994439,26.072602],[105.000029,26.077691],[105.004731,26.085923],[105.011949,26.091544],[104.999961,26.120749],[105.004531,26.133038],[105.019189,26.148822],[105.032693,26.156251],[105.052169,26.172663],[105.063341,26.168758],[105.064721,26.164114],[105.068638,26.161088],[105.078244,26.160672],[105.086724,26.158349],[105.090837,26.158526],[105.104352,26.164629],[105.124682,26.164019],[105.138633,26.150609],[105.136189,26.149929],[105.128223,26.153228],[105.125111,26.159642],[105.119131,26.159808],[105.116007,26.157546],[105.113052,26.149735],[105.113976,26.141969],[105.106284,26.122684],[105.106811,26.111123],[105.103055,26.103692],[105.088128,26.086425],[105.064503,26.069316],[105.05664,26.061699],[105.050333,26.050198],[105.030568,26.027815],[105.021458,26.01468],[105.018685,26.008927],[105.017481,25.998839],[105.021029,25.96866],[105.026014,25.969099],[105.034302,25.973592],[105.039747,25.971901],[105.040219,25.967429],[105.036903,25.959329],[105.038085,25.953582],[105.044476,25.955938],[105.067656,25.959382],[105.07159,25.956859],[105.075801,25.956649],[105.076745,25.954912],[105.086069,25.955447],[105.085534,25.952654],[105.081284,25.948034],[105.083564,25.946261],[105.087697,25.950447],[105.104664,25.95544],[105.109967,25.953662],[105.113044,25.941712],[105.117614,25.940472],[105.125583,25.927914],[105.125618,25.921271],[105.119861,25.907503],[105.117898,25.896958],[105.123532,25.889199],[105.127169,25.879739],[105.138442,25.872049],[105.152279,25.84928],[105.127184,25.83905],[105.109669,25.836993],[105.101259,25.831061],[105.091774,25.805557],[105.091669,25.797274],[105.099665,25.771585],[105.100011,25.745817],[105.113868,25.733175],[105.116951,25.727005],[105.112686,25.71828],[105.102834,25.709524],[105.090177,25.702119],[105.085289,25.701028],[105.079387,25.704897],[105.067715,25.70591],[105.055271,25.698838],[105.052929,25.695766],[105.053387,25.670576],[105.049834,25.663397],[105.05135,25.655921],[105.054366,25.65359],[105.061339,25.652646],[105.077419,25.654387],[105.083368,25.651444],[105.079757,25.64406],[105.069478,25.630995],[105.064288,25.619704],[105.063574,25.612139],[105.073548,25.603965],[105.080674,25.602409],[105.097239,25.595184],[105.096465,25.586749],[105.091727,25.579359],[105.087805,25.568537],[105.088848,25.565794],[105.090891,25.564896],[105.096438,25.568166],[105.111506,25.581613],[105.118124,25.579147],[105.121015,25.570455],[105.122021,25.549353],[105.119693,25.531896],[105.116462,25.52659],[105.107654,25.521006],[105.085906,25.515057],[105.074309,25.50759],[105.057349,25.481929],[105.025639,25.45538],[105.009361,25.434975],[105.002663,25.421804],[104.996607,25.398781],[104.993869,25.393697],[104.986597,25.386258],[104.981305,25.382975],[104.937301,25.367727],[104.926593,25.357801],[104.925511,25.353427],[104.927559,25.348398],[104.932236,25.345492],[104.948317,25.341022],[104.950658,25.337585],[104.949793,25.306065],[104.945117,25.301817],[104.93226,25.302057],[104.922616,25.312371],[104.91765,25.311038],[104.914444,25.302824],[104.914447,25.298586],[104.908616,25.294693],[104.904827,25.301781],[104.907238,25.310172],[104.906137,25.316786],[104.898991,25.320644],[104.885754,25.322535],[104.884147,25.324666],[104.885492,25.326742],[104.894712,25.330157],[104.893263,25.3374],[104.888863,25.342429],[104.889718,25.34803],[104.892792,25.349808],[104.892408,25.352042],[104.889823,25.35159],[104.893299,25.361169],[104.888759,25.362184],[104.889533,25.36731],[104.882082,25.373854],[104.869083,25.375837]]]}},{"type":"Feature","properties":{"dt_adcode":"522324"},"geometry":{"type":"Polygon","coordinates":[[[105.25424,25.985502],[105.260269,25.987902],[105.263446,25.981772],[105.26309,25.975131],[105.255248,25.951879],[105.260229,25.943874],[105.266722,25.937438],[105.285821,25.931199],[105.301406,25.911451],[105.315403,25.898502],[105.327,25.891604],[105.336133,25.888496],[105.348662,25.888361],[105.367088,25.892678],[105.377901,25.889821],[105.377466,25.885292],[105.38001,25.876358],[105.379328,25.864135],[105.378149,25.856131],[105.37341,25.845372],[105.378578,25.825521],[105.39169,25.810303],[105.419664,25.788854],[105.406246,25.782254],[105.401154,25.776294],[105.39527,25.772603],[105.375199,25.767571],[105.363435,25.761678],[105.352336,25.744478],[105.329463,25.720619],[105.322619,25.709393],[105.318239,25.695128],[105.322956,25.675495],[105.324139,25.643093],[105.335535,25.625651],[105.33361,25.607592],[105.309178,25.58977],[105.290473,25.562851],[105.282042,25.555412],[105.273674,25.551738],[105.258738,25.554171],[105.249892,25.561808],[105.237561,25.616349],[105.234765,25.618173],[105.22768,25.614248],[105.213056,25.599074],[105.202905,25.601332],[105.197822,25.604293],[105.172569,25.632386],[105.167999,25.633976],[105.159145,25.632801],[105.144997,25.624502],[105.131591,25.619868],[105.112124,25.608552],[105.097239,25.595184],[105.080674,25.602409],[105.073548,25.603965],[105.063574,25.612139],[105.064288,25.619704],[105.069478,25.630995],[105.079757,25.64406],[105.083368,25.651444],[105.077419,25.654387],[105.061339,25.652646],[105.054366,25.65359],[105.05135,25.655921],[105.049834,25.663397],[105.053387,25.670576],[105.053204,25.696913],[105.067715,25.70591],[105.079387,25.704897],[105.085289,25.701028],[105.090177,25.702119],[105.102834,25.709524],[105.112686,25.71828],[105.116951,25.727005],[105.113868,25.733175],[105.100011,25.745817],[105.099665,25.771585],[105.091669,25.797274],[105.091774,25.805557],[105.098712,25.826572],[105.101259,25.831061],[105.109669,25.836993],[105.127184,25.83905],[105.152279,25.84928],[105.138442,25.872049],[105.127169,25.879739],[105.123532,25.889199],[105.117898,25.896958],[105.119861,25.907503],[105.125618,25.921271],[105.125583,25.927914],[105.117614,25.940472],[105.113044,25.941712],[105.109967,25.953662],[105.104664,25.95544],[105.087697,25.950447],[105.083564,25.946261],[105.081284,25.948034],[105.085534,25.952654],[105.086069,25.955447],[105.076745,25.954912],[105.075801,25.956649],[105.07159,25.956859],[105.067656,25.959382],[105.044476,25.955938],[105.038085,25.953582],[105.036903,25.959329],[105.040219,25.967429],[105.039747,25.971901],[105.034302,25.973592],[105.026014,25.969099],[105.021029,25.96866],[105.017708,26.003652],[105.018685,26.008927],[105.02525,26.020667],[105.050333,26.050198],[105.05664,26.061699],[105.064503,26.069316],[105.088128,26.086425],[105.103055,26.103692],[105.106811,26.111123],[105.106284,26.122684],[105.113976,26.141969],[105.113052,26.149735],[105.116007,26.157546],[105.119131,26.159808],[105.125111,26.159642],[105.128223,26.153228],[105.136189,26.149929],[105.138633,26.150609],[105.141133,26.155232],[105.150631,26.163764],[105.15723,26.173768],[105.165184,26.175668],[105.177735,26.17546],[105.187699,26.17383],[105.188431,26.169479],[105.187181,26.162587],[105.181901,26.159049],[105.177549,26.158734],[105.180793,26.149516],[105.174967,26.120801],[105.185264,26.106127],[105.189738,26.102531],[105.19405,26.090792],[105.193969,26.08422],[105.18901,26.065442],[105.19171,26.06189],[105.201203,26.055766],[105.202573,26.04887],[105.210415,26.043597],[105.214305,26.034299],[105.213821,26.030913],[105.216805,26.029095],[105.220132,26.022903],[105.218055,26.015024],[105.220959,26.013811],[105.222874,26.006371],[105.226666,26.002215],[105.227755,25.996731],[105.234271,25.987675],[105.242726,25.980877],[105.247449,25.979707],[105.252065,25.980857],[105.25424,25.985502]]]}},{"type":"Feature","properties":{"dt_adcode":"522325"},"geometry":{"type":"Polygon","coordinates":[[[105.749959,25.563285],[105.754787,25.554925],[105.75624,25.543604],[105.783565,25.498249],[105.785241,25.487956],[105.785226,25.471306],[105.786627,25.468376],[105.815187,25.460911],[105.834406,25.451264],[105.855905,25.442988],[105.870321,25.434036],[105.877145,25.432884],[105.893843,25.422336],[105.902454,25.428289],[105.908271,25.429489],[105.910625,25.42267],[105.922873,25.412676],[105.924342,25.40286],[105.91501,25.392459],[105.894086,25.383008],[105.880594,25.371181],[105.877064,25.359941],[105.877427,25.335821],[105.872406,25.332895],[105.864959,25.333027],[105.857565,25.336171],[105.848474,25.336332],[105.845683,25.320558],[105.839764,25.313883],[105.842605,25.288964],[105.85705,25.266097],[105.87326,25.248477],[105.887734,25.227126],[105.896393,25.204367],[105.909284,25.186066],[105.907034,25.155956],[105.902544,25.137943],[105.907153,25.119778],[105.889638,25.112534],[105.881509,25.113775],[105.867306,25.123517],[105.852935,25.126973],[105.830987,25.146943],[105.819419,25.149116],[105.801869,25.145743],[105.792801,25.146653],[105.749296,25.164697],[105.740358,25.174629],[105.738977,25.189722],[105.751826,25.21289],[105.750254,25.217434],[105.737258,25.23195],[105.731002,25.252387],[105.713717,25.260167],[105.705559,25.267813],[105.691412,25.265741],[105.669047,25.269047],[105.664156,25.274385],[105.660275,25.289507],[105.657822,25.291801],[105.631723,25.290769],[105.607594,25.320722],[105.600975,25.33652],[105.593368,25.341314],[105.587543,25.342907],[105.575161,25.340599],[105.568838,25.341049],[105.547852,25.346079],[105.540029,25.345845],[105.532441,25.349055],[105.513955,25.366472],[105.48947,25.36785],[105.470772,25.371282],[105.434583,25.386363],[105.432015,25.388321],[105.428917,25.395415],[105.429586,25.405516],[105.435341,25.411969],[105.445914,25.417308],[105.453672,25.426069],[105.454869,25.433418],[105.453552,25.439836],[105.443765,25.459749],[105.443723,25.464796],[105.448959,25.472168],[105.470156,25.478236],[105.491279,25.490714],[105.510744,25.519698],[105.513212,25.526362],[105.518287,25.55506],[105.522522,25.562187],[105.537608,25.572569],[105.546636,25.582014],[105.552849,25.596496],[105.561882,25.606398],[105.563113,25.61145],[105.558242,25.618769],[105.540712,25.626727],[105.535342,25.632441],[105.537379,25.662733],[105.532201,25.676245],[105.534973,25.694199],[105.54847,25.694919],[105.556877,25.70081],[105.567029,25.712702],[105.577837,25.712534],[105.622997,25.678746],[105.638719,25.673264],[105.665309,25.669153],[105.681008,25.661417],[105.689179,25.653025],[105.706786,25.61287],[105.71991,25.602142],[105.73267,25.572583],[105.739213,25.566459],[105.749959,25.563285]]]}},{"type":"Feature","properties":{"dt_adcode":"522326"},"geometry":{"type":"Polygon","coordinates":[[[105.908271,25.429489],[105.909236,25.436256],[105.918846,25.436104],[105.927411,25.432197],[105.939166,25.438045],[105.926916,25.448783],[105.927838,25.453288],[105.932046,25.456237],[105.931281,25.459262],[105.916551,25.470794],[105.917498,25.476808],[105.913529,25.485912],[105.91286,25.491301],[105.916666,25.499091],[105.97306,25.535604],[105.981455,25.538601],[105.991123,25.547331],[105.993162,25.551461],[105.986939,25.560276],[105.981229,25.565108],[105.976124,25.565705],[105.972897,25.561677],[105.969274,25.561114],[105.962087,25.567301],[105.96343,25.57557],[105.97147,25.582325],[105.972099,25.587713],[105.980312,25.598942],[105.981307,25.605524],[105.977756,25.610908],[105.978851,25.614213],[105.982173,25.612275],[105.990301,25.599697],[105.990208,25.590469],[105.989122,25.585906],[105.987048,25.584047],[105.99099,25.576868],[105.992161,25.569257],[105.997908,25.568034],[106.015446,25.571072],[106.022863,25.570204],[106.036728,25.561353],[106.039628,25.560672],[106.042642,25.562048],[106.049177,25.558586],[106.051558,25.562804],[106.051902,25.567828],[106.055397,25.569263],[106.056522,25.572848],[106.054641,25.577441],[106.0564,25.579011],[106.054656,25.581817],[106.058436,25.584642],[106.064436,25.583556],[106.070157,25.588673],[106.076222,25.598553],[106.083681,25.596895],[106.084363,25.593669],[106.08114,25.591434],[106.080112,25.587386],[106.087772,25.584179],[106.096793,25.577794],[106.10362,25.565087],[106.102132,25.561219],[106.09831,25.560433],[106.097455,25.554027],[106.093722,25.546934],[106.100476,25.541003],[106.09144,25.534075],[106.08221,25.536959],[106.077781,25.534427],[106.068874,25.533191],[106.067063,25.529657],[106.069161,25.525457],[106.091771,25.508557],[106.105627,25.508456],[106.10814,25.511337],[106.111342,25.511956],[106.11452,25.509997],[106.121523,25.499628],[106.132423,25.488901],[106.135579,25.485006],[106.135194,25.481787],[106.126317,25.480898],[106.123097,25.478026],[106.125075,25.461897],[106.127847,25.454784],[106.140966,25.454667],[106.148441,25.45782],[106.155609,25.46613],[106.159302,25.481562],[106.162489,25.481208],[106.165293,25.477959],[106.165601,25.473122],[106.162707,25.467028],[106.163401,25.46541],[106.172888,25.465579],[106.17893,25.462337],[106.180932,25.46395],[106.185713,25.463495],[106.189559,25.46576],[106.191965,25.470399],[106.19693,25.465064],[106.199183,25.455345],[106.208436,25.444486],[106.214972,25.431175],[106.219236,25.418099],[106.222711,25.399297],[106.226492,25.394014],[106.252586,25.401734],[106.264231,25.401936],[106.277907,25.398246],[106.295886,25.390432],[106.304983,25.38194],[106.323921,25.357633],[106.332013,25.354189],[106.345969,25.356006],[106.382029,25.367863],[106.394604,25.366159],[106.399079,25.366962],[106.414447,25.361636],[106.418842,25.36202],[106.42179,25.35882],[106.422186,25.349677],[106.41964,25.337564],[106.422983,25.326761],[106.443311,25.322944],[106.456708,25.323786],[106.464755,25.318009],[106.483292,25.290846],[106.486529,25.283261],[106.488952,25.26445],[106.495918,25.246068],[106.497346,25.22887],[106.506364,25.218721],[106.505325,25.212083],[106.496703,25.202287],[106.465654,25.186218],[106.458878,25.180188],[106.457523,25.177172],[106.446282,25.176197],[106.445597,25.174477],[106.44677,25.172597],[106.449915,25.172107],[106.451049,25.166877],[106.456011,25.160425],[106.4603,25.160514],[106.463284,25.167398],[106.4701,25.165572],[106.47749,25.160043],[106.479536,25.152297],[106.489312,25.144465],[106.493907,25.136016],[106.499711,25.13447],[106.500556,25.130942],[106.505943,25.126336],[106.508872,25.119691],[106.51196,25.118089],[106.517445,25.103454],[106.526393,25.098534],[106.52812,25.093478],[106.530829,25.090896],[106.531605,25.085888],[106.528712,25.077511],[106.518912,25.062858],[106.519204,25.060453],[106.522563,25.059859],[106.52032,25.055219],[106.515985,25.051866],[106.488355,25.046151],[106.478576,25.042161],[106.463544,25.040286],[106.449982,25.033224],[106.447026,25.029089],[106.445259,25.022336],[106.438513,25.017483],[106.411641,25.012186],[106.406086,25.005609],[106.388679,25.005369],[106.369921,24.998838],[106.366632,24.995858],[106.353652,24.990229],[106.344294,24.988418],[106.332509,24.988481],[106.320553,24.985014],[106.304974,24.974053],[106.29308,24.97489],[106.278569,24.979286],[106.261472,24.977368],[106.253728,24.971229],[106.248143,24.970363],[106.242174,24.972099],[106.228196,24.980221],[106.215404,24.981825],[106.210211,24.978269],[106.207831,24.972422],[106.196919,24.963099],[106.191608,24.953406],[106.187763,24.952064],[106.183246,24.951688],[106.170561,24.958646],[106.159784,24.961156],[106.153044,24.960964],[106.145354,24.954043],[106.135361,24.940559],[106.133096,24.911963],[106.129662,24.905998],[106.122975,24.901602],[106.111419,24.901821],[106.07128,24.918345],[106.059044,24.926831],[106.053528,24.940484],[106.055504,24.955529],[106.074292,24.983115],[106.079526,24.995844],[106.077249,25.005678],[106.072381,25.010282],[106.061684,25.013469],[106.031717,25.007142],[106.014308,25.007392],[106.007035,25.01654],[106.003873,25.024123],[105.994118,25.034057],[105.973652,25.047161],[105.960489,25.052627],[105.957251,25.056445],[105.958279,25.066229],[105.955868,25.070031],[105.937139,25.086893],[105.907153,25.119778],[105.902544,25.137943],[105.907034,25.155956],[105.909284,25.186066],[105.896393,25.204367],[105.887734,25.227126],[105.87326,25.248477],[105.85705,25.266097],[105.842605,25.288964],[105.839764,25.313883],[105.845683,25.320558],[105.848474,25.336332],[105.857565,25.336171],[105.864959,25.333027],[105.872406,25.332895],[105.877427,25.335821],[105.877064,25.359941],[105.880594,25.371181],[105.894086,25.383008],[105.91501,25.392459],[105.924342,25.40286],[105.922873,25.412676],[105.910625,25.42267],[105.908271,25.429489]]]}},{"type":"Feature","properties":{"dt_adcode":"522327"},"geometry":{"type":"Polygon","coordinates":[[[105.907153,25.119778],[105.937139,25.086893],[105.955868,25.070031],[105.958279,25.066229],[105.957251,25.056445],[105.960489,25.052627],[105.973652,25.047161],[105.994118,25.034057],[106.003873,25.024123],[106.007035,25.01654],[106.014308,25.007392],[106.031717,25.007142],[106.061684,25.013469],[106.072381,25.010282],[106.077249,25.005678],[106.079526,24.995844],[106.074292,24.983115],[106.055504,24.955529],[106.053528,24.940484],[106.059044,24.926831],[106.07128,24.918345],[106.111419,24.901821],[106.122975,24.901602],[106.129662,24.905998],[106.133096,24.911963],[106.135361,24.940559],[106.145322,24.953851],[106.146531,24.948625],[106.149895,24.94443],[106.163063,24.936414],[106.167675,24.924705],[106.181134,24.907486],[106.183694,24.902002],[106.192133,24.896965],[106.197514,24.885782],[106.196493,24.872066],[106.202309,24.864796],[106.205368,24.856899],[106.205433,24.848443],[106.200354,24.839756],[106.201091,24.830798],[106.197319,24.81345],[106.192506,24.804468],[106.185243,24.801161],[106.187869,24.790011],[106.186,24.785457],[106.180266,24.779059],[106.172801,24.760224],[106.170211,24.758352],[106.164042,24.757536],[106.149911,24.762832],[106.142306,24.75473],[106.138888,24.737073],[106.136018,24.731932],[106.126616,24.727246],[106.120154,24.72611],[106.113582,24.71405],[106.097252,24.705928],[106.093392,24.706851],[106.08412,24.705188],[106.065807,24.69726],[106.047071,24.684073],[106.045327,24.681623],[106.046198,24.673148],[106.03928,24.655567],[106.02745,24.641764],[106.025663,24.635349],[106.023201,24.632374],[106.014347,24.634248],[105.996597,24.646461],[105.990125,24.649252],[105.989729,24.655266],[105.985838,24.661389],[105.977711,24.668619],[105.961861,24.677571],[105.953058,24.688091],[105.951285,24.694999],[105.946478,24.703971],[105.94504,24.716333],[105.941583,24.719377],[105.941996,24.72482],[105.93883,24.726551],[105.918636,24.724482],[105.90493,24.725246],[105.892277,24.722768],[105.887583,24.723995],[105.879729,24.730687],[105.864093,24.7295],[105.856086,24.716892],[105.839299,24.710054],[105.827591,24.702949],[105.815251,24.701302],[105.801254,24.702615],[105.767159,24.719366],[105.758957,24.734923],[105.737769,24.742433],[105.725077,24.755436],[105.705712,24.768481],[105.678274,24.775592],[105.650396,24.772185],[105.629634,24.775861],[105.61772,24.78174],[105.613091,24.788169],[105.611272,24.797788],[105.607656,24.803717],[105.599063,24.807056],[105.590575,24.807569],[105.581647,24.803417],[105.57681,24.798241],[105.568637,24.797161],[105.523361,24.801591],[105.497481,24.809332],[105.493248,24.816647],[105.492795,24.833342],[105.488671,24.842039],[105.482488,24.848255],[105.469264,24.853943],[105.46458,24.860766],[105.464936,24.864712],[105.455957,24.872904],[105.455022,24.887109],[105.448329,24.908662],[105.454733,24.909691],[105.462942,24.913422],[105.458185,24.914608],[105.456607,24.925129],[105.460114,24.927639],[105.464844,24.928399],[105.467931,24.931193],[105.475305,24.932477],[105.483264,24.942927],[105.495608,24.94244],[105.500891,24.950045],[105.514181,24.961274],[105.536835,24.961273],[105.547136,24.966549],[105.562745,24.967931],[105.573594,24.963815],[105.586965,24.962229],[105.590991,24.958005],[105.592582,24.94986],[105.599016,24.948804],[105.60807,24.950682],[105.60639,24.958308],[105.608063,24.963033],[105.606536,24.967444],[105.609079,24.972048],[105.612719,24.971667],[105.619056,24.975474],[105.628935,24.975668],[105.633483,24.969115],[105.637169,24.967592],[105.650219,24.972462],[105.64609,24.977891],[105.638744,24.981531],[105.637313,24.994109],[105.635956,24.995333],[105.630426,24.996679],[105.626456,24.993723],[105.627083,24.991782],[105.630989,24.99072],[105.630889,24.988501],[105.625877,24.985909],[105.624267,24.982205],[105.623496,24.986106],[105.618868,24.991758],[105.608775,24.993203],[105.604687,24.999874],[105.610871,25.010858],[105.612864,25.018448],[105.61566,25.019385],[105.615634,25.021628],[105.618923,25.024313],[105.618941,25.027934],[105.613022,25.042965],[105.612997,25.053508],[105.618256,25.078733],[105.623794,25.093188],[105.623986,25.118401],[105.640893,25.142748],[105.655041,25.157926],[105.657816,25.163206],[105.65806,25.168708],[105.654232,25.181986],[105.646611,25.19571],[105.634938,25.205756],[105.624025,25.219474],[105.624773,25.22337],[105.633625,25.229359],[105.636652,25.235784],[105.628731,25.269219],[105.632001,25.283209],[105.631723,25.290769],[105.657822,25.291801],[105.660275,25.289507],[105.664156,25.274385],[105.669047,25.269047],[105.691412,25.265741],[105.705559,25.267813],[105.713717,25.260167],[105.731002,25.252387],[105.737258,25.23195],[105.750254,25.217434],[105.751826,25.21289],[105.738977,25.189722],[105.740358,25.174629],[105.749296,25.164697],[105.792801,25.146653],[105.801869,25.145743],[105.819419,25.149116],[105.830987,25.146943],[105.852935,25.126973],[105.867306,25.123517],[105.881509,25.113775],[105.889638,25.112534],[105.907153,25.119778]]]}},{"type":"Feature","properties":{"dt_adcode":"522328"},"geometry":{"type":"MultiPolygon","coordinates":[[[[105.081374,24.914848],[105.08608,24.92082],[105.09871,24.929106],[105.10015,24.924749],[105.08882,24.914838],[105.081374,24.914848]]],[[[105.448294,24.908921],[105.447258,24.914887],[105.443162,24.921866],[105.436021,24.92633],[105.428146,24.930704],[105.412327,24.935577],[105.39629,24.938066],[105.391832,24.941638],[105.365622,24.943514],[105.344386,24.936126],[105.338981,24.933362],[105.333986,24.92638],[105.326536,24.924177],[105.308823,24.923953],[105.280043,24.929433],[105.265514,24.930199],[105.260834,24.936235],[105.257019,24.945133],[105.258258,24.951133],[105.263968,24.955781],[105.261421,24.962682],[105.252567,24.967421],[105.244489,24.96355],[105.234818,24.965579],[105.233963,24.967919],[105.236102,24.973972],[105.232936,24.980106],[105.215258,24.981265],[105.213957,24.98563],[105.215582,24.993071],[105.209768,24.995607],[105.196014,24.994659],[105.178474,24.985423],[105.171723,24.978696],[105.168038,24.97087],[105.157278,24.958864],[105.153451,24.958653],[105.151324,24.961698],[105.145482,24.964645],[105.134043,24.962722],[105.125213,24.946221],[105.118088,24.944839],[105.116137,24.941841],[105.109009,24.939444],[105.100305,24.931177],[105.075159,24.916711],[105.072309,24.916652],[105.065262,24.912595],[105.058566,24.916287],[105.04588,24.913455],[105.046967,24.919066],[105.043461,24.92497],[105.035059,24.930405],[105.033856,24.94018],[105.039962,24.945124],[105.040322,24.946985],[105.037174,24.954792],[105.035787,24.956236],[105.032938,24.95584],[105.028058,24.951204],[105.014729,24.953763],[105.012371,24.95691],[105.013567,24.964614],[105.007906,24.966174],[105.003542,24.973425],[105.000038,24.975595],[104.998455,24.980791],[104.999064,24.985594],[105.00412,24.985911],[105.007203,24.997233],[105.012051,24.999492],[105.024631,24.992303],[105.032303,24.998901],[105.069532,25.020627],[105.087786,25.024135],[105.097714,25.030229],[105.102095,25.036836],[105.107083,25.052145],[105.108595,25.072075],[105.117801,25.108172],[105.125779,25.118892],[105.134644,25.125422],[105.135126,25.128296],[105.140221,25.134405],[105.15146,25.139749],[105.164099,25.153106],[105.166033,25.155671],[105.167678,25.164053],[105.18238,25.165091],[105.184907,25.167382],[105.175526,25.171535],[105.176985,25.172713],[105.178487,25.180869],[105.180911,25.182497],[105.180117,25.186449],[105.18472,25.190152],[105.178607,25.197576],[105.175607,25.199676],[105.159424,25.198043],[105.152616,25.199042],[105.146084,25.201184],[105.140081,25.206069],[105.138111,25.210677],[105.136749,25.222615],[105.137617,25.231318],[105.146138,25.245429],[105.137696,25.25745],[105.13682,25.268234],[105.141515,25.27964],[105.148577,25.289995],[105.162732,25.289129],[105.172072,25.290765],[105.177354,25.294678],[105.191144,25.313056],[105.197458,25.314681],[105.213914,25.30901],[105.218722,25.309256],[105.230805,25.319843],[105.243683,25.325853],[105.250521,25.32703],[105.268512,25.324823],[105.272295,25.327593],[105.278053,25.342519],[105.283099,25.347817],[105.285882,25.348518],[105.314569,25.346165],[105.334899,25.339183],[105.347671,25.320696],[105.351527,25.310406],[105.355096,25.307216],[105.363965,25.307265],[105.364966,25.310478],[105.362582,25.33384],[105.365863,25.337525],[105.37854,25.339192],[105.402874,25.337693],[105.406158,25.339307],[105.414419,25.363167],[105.434583,25.386363],[105.470772,25.371282],[105.48947,25.36785],[105.513955,25.366472],[105.532441,25.349055],[105.540029,25.345845],[105.547852,25.346079],[105.575161,25.340599],[105.587543,25.342907],[105.593368,25.341314],[105.600975,25.33652],[105.607594,25.320722],[105.631723,25.290769],[105.632001,25.283209],[105.628731,25.269219],[105.636652,25.235784],[105.633625,25.229359],[105.624773,25.22337],[105.624025,25.219474],[105.634938,25.205756],[105.646611,25.19571],[105.654232,25.181986],[105.65806,25.168708],[105.657816,25.163206],[105.655041,25.157926],[105.645948,25.149412],[105.623986,25.118401],[105.623794,25.093188],[105.618256,25.078733],[105.612997,25.053508],[105.613022,25.042965],[105.618941,25.027934],[105.618923,25.024313],[105.615634,25.021628],[105.61566,25.019385],[105.612864,25.018448],[105.610871,25.010858],[105.604797,25.001372],[105.604783,24.998655],[105.608775,24.993203],[105.618868,24.991758],[105.623496,24.986106],[105.624267,24.982205],[105.625877,24.985909],[105.630889,24.988501],[105.630989,24.99072],[105.627083,24.991782],[105.626456,24.993723],[105.630426,24.996679],[105.635956,24.995333],[105.637313,24.994109],[105.638744,24.981531],[105.64609,24.977891],[105.650219,24.972462],[105.637169,24.967592],[105.633483,24.969115],[105.628935,24.975668],[105.619056,24.975474],[105.612719,24.971667],[105.609079,24.972048],[105.606536,24.967444],[105.608063,24.963033],[105.60639,24.958308],[105.60807,24.950682],[105.599016,24.948804],[105.592582,24.94986],[105.590991,24.958005],[105.586965,24.962229],[105.573594,24.963815],[105.562745,24.967931],[105.547136,24.966549],[105.536835,24.961273],[105.514181,24.961274],[105.500891,24.950045],[105.495608,24.94244],[105.483264,24.942927],[105.475305,24.932477],[105.467931,24.931193],[105.464044,24.927988],[105.456915,24.925552],[105.458185,24.914608],[105.462942,24.913422],[105.454733,24.909691],[105.448294,24.908921]]]]}},{"type":"Feature","properties":{"dt_adcode":"522601"},"geometry":{"type":"Polygon","coordinates":[[[107.545395,26.579325],[107.544095,26.583772],[107.548499,26.58882],[107.560694,26.588053],[107.556034,26.591203],[107.558991,26.594664],[107.559414,26.599843],[107.562274,26.603584],[107.566209,26.60471],[107.566362,26.599714],[107.567754,26.598574],[107.571396,26.601799],[107.57065,26.605274],[107.577848,26.605133],[107.579772,26.608338],[107.587792,26.612354],[107.589128,26.589357],[107.596938,26.584025],[107.606931,26.585303],[107.606854,26.59124],[107.611019,26.598339],[107.606653,26.600318],[107.608819,26.604721],[107.611681,26.605822],[107.61054,26.609257],[107.622522,26.611934],[107.63096,26.610927],[107.640122,26.607163],[107.647207,26.601135],[107.658407,26.579709],[107.664552,26.577287],[107.668809,26.572958],[107.713588,26.569512],[107.723162,26.572602],[107.735633,26.573852],[107.735526,26.577233],[107.739274,26.578103],[107.740366,26.58529],[107.745143,26.587336],[107.744854,26.5962],[107.739574,26.599087],[107.733898,26.607319],[107.728573,26.610359],[107.725584,26.615663],[107.718277,26.639807],[107.71374,26.644441],[107.699777,26.652841],[107.698299,26.663252],[107.696931,26.665017],[107.693351,26.665522],[107.693553,26.672079],[107.695532,26.673639],[107.692448,26.679858],[107.694667,26.683964],[107.693995,26.685592],[107.691501,26.685936],[107.693239,26.689068],[107.690823,26.690397],[107.692968,26.691382],[107.691944,26.696138],[107.693376,26.700909],[107.687441,26.706652],[107.687321,26.711483],[107.698764,26.723676],[107.69986,26.729517],[107.695635,26.732258],[107.696148,26.736664],[107.707727,26.747832],[107.708394,26.752323],[107.718207,26.751278],[107.724224,26.767641],[107.725831,26.768838],[107.730136,26.767613],[107.733212,26.768503],[107.735416,26.774293],[107.739447,26.773988],[107.743443,26.780102],[107.74872,26.782955],[107.747081,26.788077],[107.754609,26.791544],[107.758467,26.790622],[107.761042,26.792032],[107.76304,26.798304],[107.770496,26.794601],[107.774743,26.795193],[107.778982,26.790795],[107.782811,26.793202],[107.787283,26.799886],[107.792886,26.795854],[107.797811,26.783463],[107.8051,26.779121],[107.821066,26.775533],[107.823538,26.773014],[107.828261,26.772784],[107.832288,26.767895],[107.8393,26.76478],[107.842302,26.764958],[107.851164,26.770741],[107.856309,26.765245],[107.871272,26.765939],[107.875632,26.768686],[107.88375,26.765172],[107.896179,26.763108],[107.906137,26.756591],[107.907733,26.748755],[107.915641,26.740664],[107.91755,26.735196],[107.924147,26.730942],[107.93799,26.733556],[107.956304,26.76278],[107.95994,26.766193],[107.968459,26.770029],[107.975125,26.769059],[107.997445,26.746862],[108.000248,26.745691],[108.007075,26.747895],[108.014711,26.745631],[108.028561,26.744805],[108.037613,26.746172],[108.044149,26.748982],[108.063843,26.759817],[108.065232,26.763346],[108.068846,26.764917],[108.077279,26.762196],[108.0837,26.763658],[108.087769,26.761806],[108.093004,26.761871],[108.09733,26.758018],[108.103026,26.756113],[108.110199,26.766431],[108.11449,26.767163],[108.119618,26.773183],[108.125739,26.776059],[108.12877,26.773405],[108.128366,26.770256],[108.13059,26.767473],[108.137956,26.763264],[108.141131,26.756037],[108.145441,26.751786],[108.146956,26.743347],[108.158062,26.732709],[108.161016,26.727936],[108.151987,26.719053],[108.142035,26.712155],[108.136132,26.704641],[108.118189,26.696683],[108.112481,26.688209],[108.119861,26.684329],[108.125622,26.684912],[108.128143,26.671534],[108.134573,26.659166],[108.13511,26.653182],[108.127932,26.632972],[108.127186,26.626797],[108.133401,26.622014],[108.139051,26.622525],[108.152245,26.620038],[108.162829,26.622682],[108.169368,26.626606],[108.17364,26.624513],[108.182672,26.624261],[108.18462,26.620569],[108.180928,26.613462],[108.181187,26.606595],[108.184056,26.604016],[108.192521,26.601438],[108.195923,26.597842],[108.195923,26.590975],[108.205081,26.576967],[108.205865,26.566915],[108.205293,26.564208],[108.196956,26.564849],[108.190569,26.558886],[108.185264,26.557977],[108.178375,26.553897],[108.177964,26.550278],[108.182059,26.547159],[108.183247,26.543314],[108.177684,26.538124],[108.173293,26.536889],[108.170263,26.537906],[108.163118,26.544563],[108.160096,26.545578],[108.154085,26.542097],[108.148167,26.527826],[108.136037,26.517882],[108.134338,26.513574],[108.138176,26.500601],[108.13555,26.492188],[108.131806,26.487717],[108.117623,26.484484],[108.108194,26.48523],[108.095811,26.482616],[108.087701,26.478034],[108.082568,26.477494],[108.072003,26.482616],[108.058459,26.483457],[108.054441,26.485632],[108.050283,26.491025],[108.051032,26.497201],[108.045664,26.504464],[108.029391,26.508343],[108.01978,26.505384],[108.009358,26.49418],[108.008652,26.489151],[108.011168,26.481051],[108.008625,26.474691],[108.004444,26.470059],[107.999656,26.457483],[107.995564,26.458432],[107.989801,26.468341],[107.98597,26.469286],[107.981574,26.465878],[107.979902,26.455336],[107.975245,26.451701],[107.969127,26.453813],[107.962627,26.466022],[107.958052,26.469271],[107.94878,26.464069],[107.947823,26.448935],[107.945692,26.441611],[107.931914,26.423375],[107.930054,26.417197],[107.892538,26.419166],[107.874013,26.426017],[107.870433,26.425598],[107.853877,26.403986],[107.848004,26.403136],[107.833308,26.409953],[107.838444,26.413794],[107.839016,26.419067],[107.849426,26.437759],[107.851238,26.438398],[107.842167,26.439776],[107.838393,26.441981],[107.838893,26.446698],[107.836109,26.449443],[107.839448,26.452117],[107.835364,26.454683],[107.834561,26.457352],[107.837839,26.460913],[107.827621,26.465094],[107.819115,26.463462],[107.811149,26.464894],[107.810045,26.457432],[107.807912,26.457462],[107.805206,26.452139],[107.799229,26.447657],[107.797749,26.444225],[107.792555,26.443243],[107.790297,26.445792],[107.790272,26.450589],[107.78768,26.456446],[107.777636,26.461489],[107.775276,26.462001],[107.774093,26.460501],[107.773674,26.462738],[107.770628,26.464215],[107.768386,26.470953],[107.764264,26.473386],[107.762076,26.476904],[107.758725,26.475247],[107.755379,26.480832],[107.746862,26.477075],[107.737375,26.481397],[107.727866,26.482396],[107.719421,26.490111],[107.724361,26.493497],[107.725807,26.500434],[107.729211,26.50654],[107.734545,26.508361],[107.735802,26.51209],[107.7339,26.519686],[107.740727,26.528953],[107.741227,26.537921],[107.737408,26.544448],[107.734834,26.55372],[107.732399,26.552732],[107.73341,26.5508],[107.730816,26.551048],[107.73007,26.547609],[107.726707,26.547366],[107.724145,26.550546],[107.719596,26.548454],[107.719287,26.544395],[107.713739,26.543378],[107.715549,26.542878],[107.715314,26.540429],[107.711232,26.535957],[107.699446,26.541111],[107.696164,26.538849],[107.689315,26.539599],[107.683848,26.533202],[107.679358,26.532737],[107.676188,26.527489],[107.668077,26.524287],[107.669174,26.519031],[107.664816,26.519099],[107.659784,26.514828],[107.670456,26.511496],[107.674735,26.502697],[107.672191,26.498145],[107.66566,26.499883],[107.65446,26.497728],[107.650399,26.499072],[107.644269,26.497539],[107.641316,26.495012],[107.635373,26.495394],[107.629455,26.501187],[107.626218,26.500796],[107.626646,26.503687],[107.623416,26.503812],[107.618478,26.500197],[107.615691,26.501735],[107.613173,26.500507],[107.600432,26.505461],[107.598048,26.510306],[107.592529,26.507517],[107.590698,26.508035],[107.5882,26.513703],[107.596428,26.519904],[107.599317,26.524936],[107.592544,26.534188],[107.598201,26.540686],[107.598088,26.545404],[107.604937,26.551892],[107.595849,26.555619],[107.590636,26.565358],[107.580116,26.575067],[107.578559,26.574149],[107.570163,26.575901],[107.567659,26.578114],[107.565926,26.575257],[107.562266,26.57426],[107.545395,26.579325]]]}},{"type":"Feature","properties":{"dt_adcode":"522622"},"geometry":{"type":"Polygon","coordinates":[[[107.606264,26.903486],[107.600093,26.911214],[107.615564,26.928759],[107.617763,26.935371],[107.623544,26.942986],[107.625504,26.9514],[107.630374,26.956691],[107.633139,26.957642],[107.637249,26.956339],[107.64575,26.963242],[107.658169,26.968618],[107.662848,26.972006],[107.665762,26.977708],[107.666372,26.984119],[107.663902,26.989873],[107.655831,27.000269],[107.640572,27.028616],[107.637452,27.043089],[107.638574,27.049264],[107.652574,27.073871],[107.658802,27.077704],[107.670578,27.073461],[107.677006,27.072937],[107.67879,27.077392],[107.673979,27.093502],[107.685211,27.10448],[107.68762,27.110415],[107.704224,27.135453],[107.705076,27.140256],[107.703355,27.145543],[107.684432,27.170262],[107.678801,27.187442],[107.680866,27.188772],[107.681554,27.192228],[107.687387,27.191125],[107.68303,27.19829],[107.67508,27.202842],[107.673878,27.209429],[107.67163,27.20926],[107.663282,27.202838],[107.662616,27.206416],[107.654842,27.204761],[107.651777,27.207396],[107.653894,27.210334],[107.658144,27.210976],[107.659322,27.217482],[107.664651,27.217473],[107.66292,27.217973],[107.666361,27.234613],[107.68441,27.235346],[107.709028,27.228214],[107.729592,27.226153],[107.747456,27.217692],[107.772914,27.218051],[107.778551,27.217059],[107.782599,27.214025],[107.780986,27.209234],[107.762401,27.203524],[107.757446,27.198773],[107.760413,27.191633],[107.823581,27.186742],[107.825257,27.192701],[107.831604,27.193592],[107.835971,27.184389],[107.843714,27.186888],[107.845899,27.181876],[107.836977,27.178697],[107.834111,27.172169],[107.825671,27.171044],[107.823517,27.169202],[107.819479,27.159021],[107.825164,27.158513],[107.836085,27.160708],[107.838706,27.163712],[107.85118,27.164467],[107.849138,27.159529],[107.852903,27.156869],[107.852034,27.149851],[107.862713,27.141568],[107.869107,27.1401],[107.88196,27.142204],[107.886399,27.146266],[107.884822,27.158894],[107.903513,27.155878],[107.909752,27.145481],[107.908501,27.132434],[107.909699,27.127833],[107.914308,27.127085],[107.924929,27.131301],[107.926961,27.1299],[107.927882,27.123929],[107.917962,27.10068],[107.917883,27.095868],[107.922286,27.082976],[107.921555,27.071068],[107.913575,27.060299],[107.912672,27.052094],[107.911124,27.052386],[107.907854,27.043415],[107.903136,27.039113],[107.899514,27.039501],[107.899844,27.03648],[107.916412,27.032096],[107.929023,27.031724],[107.946971,27.038747],[107.958277,27.038145],[107.96522,27.024694],[107.973277,27.014516],[107.989388,26.980642],[107.996901,26.968866],[108.004859,26.963773],[108.032359,26.919883],[108.040957,26.915521],[108.052259,26.915214],[108.062911,26.90436],[108.071065,26.902523],[108.082908,26.902876],[108.095509,26.909855],[108.107415,26.912486],[108.115508,26.909486],[108.124248,26.903247],[108.134051,26.90478],[108.135247,26.902445],[108.132517,26.898171],[108.133357,26.893323],[108.135862,26.891865],[108.142802,26.892566],[108.151041,26.900111],[108.154324,26.898857],[108.158715,26.893206],[108.161486,26.89197],[108.172762,26.891836],[108.176286,26.890345],[108.180105,26.883103],[108.176155,26.867159],[108.17715,26.85335],[108.180822,26.849099],[108.189482,26.851005],[108.194415,26.848356],[108.198629,26.848635],[108.197269,26.846139],[108.198411,26.844266],[108.202727,26.842834],[108.202779,26.841226],[108.201763,26.83681],[108.197987,26.834974],[108.192179,26.826421],[108.185636,26.820847],[108.183104,26.813798],[108.178616,26.810312],[108.17062,26.808248],[108.169354,26.805156],[108.171862,26.803963],[108.169628,26.801118],[108.162403,26.800387],[108.156587,26.791223],[108.15122,26.795844],[108.147646,26.795724],[108.146144,26.794327],[108.143889,26.781588],[108.121188,26.774229],[108.11449,26.767163],[108.110199,26.766431],[108.103026,26.756113],[108.09733,26.758018],[108.093004,26.761871],[108.087769,26.761806],[108.0837,26.763658],[108.077279,26.762196],[108.068846,26.764917],[108.065232,26.763346],[108.063843,26.759817],[108.037613,26.746172],[108.022389,26.744739],[108.003951,26.74789],[108.000248,26.745691],[107.989322,26.754264],[107.975125,26.769059],[107.968459,26.770029],[107.95994,26.766193],[107.956304,26.76278],[107.93799,26.733556],[107.924147,26.730942],[107.91755,26.735196],[107.915641,26.740664],[107.907733,26.748755],[107.906137,26.756591],[107.892658,26.764688],[107.88375,26.765172],[107.875632,26.768686],[107.871272,26.765939],[107.856309,26.765245],[107.851164,26.770741],[107.842302,26.764958],[107.8393,26.76478],[107.832288,26.767895],[107.828261,26.772784],[107.823538,26.773014],[107.821066,26.775533],[107.8051,26.779121],[107.797811,26.783463],[107.792886,26.795854],[107.78867,26.799771],[107.785953,26.799576],[107.782811,26.793202],[107.778982,26.790795],[107.774743,26.795193],[107.769589,26.795055],[107.764917,26.798064],[107.768306,26.803211],[107.764324,26.808534],[107.761267,26.809839],[107.76508,26.811662],[107.765721,26.818448],[107.763502,26.820083],[107.764087,26.824152],[107.760247,26.824938],[107.750467,26.821892],[107.748392,26.824037],[107.738699,26.82373],[107.738165,26.826023],[107.733058,26.8273],[107.7336,26.832207],[107.729173,26.835752],[107.735914,26.836335],[107.735655,26.839423],[107.741219,26.836138],[107.739076,26.843311],[107.731204,26.847744],[107.730021,26.850871],[107.726478,26.849839],[107.722522,26.854866],[107.714933,26.858426],[107.708028,26.858759],[107.701197,26.863737],[107.690772,26.866509],[107.688089,26.860324],[107.688644,26.856633],[107.691985,26.852471],[107.691786,26.84588],[107.690026,26.844341],[107.686666,26.845689],[107.6839,26.849723],[107.681424,26.846523],[107.681237,26.842209],[107.67222,26.841191],[107.669068,26.843401],[107.662811,26.840501],[107.654458,26.839643],[107.648559,26.835868],[107.640064,26.837838],[107.634061,26.844806],[107.637821,26.846698],[107.642375,26.852282],[107.645701,26.863189],[107.640375,26.870846],[107.640726,26.872441],[107.6367,26.873409],[107.640834,26.874839],[107.639901,26.876736],[107.635661,26.879824],[107.626556,26.880351],[107.621974,26.882472],[107.621836,26.888647],[107.614881,26.894575],[107.609745,26.895161],[107.606264,26.903486]]]}},{"type":"Feature","properties":{"dt_adcode":"522623"},"geometry":{"type":"Polygon","coordinates":[[[108.301335,26.863916],[108.284625,26.857121],[108.276338,26.860104],[108.26689,26.855216],[108.25443,26.861546],[108.240632,26.84991],[108.237246,26.849496],[108.228889,26.852431],[108.223246,26.851909],[108.216901,26.840652],[108.209103,26.837184],[108.201763,26.83681],[108.202727,26.842834],[108.198411,26.844266],[108.197269,26.846139],[108.198629,26.848635],[108.194415,26.848356],[108.189482,26.851005],[108.180822,26.849099],[108.17715,26.85335],[108.176155,26.867159],[108.180105,26.883103],[108.176286,26.890345],[108.172762,26.891836],[108.161486,26.89197],[108.158715,26.893206],[108.154324,26.898857],[108.151041,26.900111],[108.142802,26.892566],[108.135862,26.891865],[108.133357,26.893323],[108.132517,26.898171],[108.135247,26.902445],[108.134051,26.90478],[108.124248,26.903247],[108.115508,26.909486],[108.107415,26.912486],[108.095509,26.909855],[108.082908,26.902876],[108.071065,26.902523],[108.062911,26.90436],[108.052259,26.915214],[108.040957,26.915521],[108.032359,26.919883],[108.004859,26.963773],[107.996901,26.968866],[107.989388,26.980642],[107.973277,27.014516],[107.96522,27.024694],[107.958277,27.038145],[107.946971,27.038747],[107.929023,27.031724],[107.916412,27.032096],[107.899844,27.03648],[107.899514,27.039501],[107.903136,27.039113],[107.907854,27.043415],[107.911124,27.052386],[107.912672,27.052094],[107.913575,27.060299],[107.921555,27.071068],[107.922286,27.082976],[107.917883,27.095868],[107.917962,27.10068],[107.927882,27.123929],[107.926961,27.1299],[107.924929,27.131301],[107.914308,27.127085],[107.909699,27.127833],[107.908501,27.132434],[107.909752,27.145481],[107.907773,27.150093],[107.903513,27.155878],[107.884822,27.158894],[107.882621,27.165341],[107.882991,27.175303],[107.886706,27.178037],[107.905075,27.175932],[107.907681,27.180173],[107.913107,27.180649],[107.915199,27.182542],[107.921378,27.189521],[107.921445,27.194303],[107.92517,27.196762],[107.929843,27.197208],[107.937639,27.19329],[107.953707,27.192219],[107.968516,27.197861],[107.971489,27.200576],[107.964259,27.209046],[107.965902,27.214939],[107.97786,27.215576],[107.994048,27.221396],[107.995704,27.220637],[108.004726,27.226795],[108.020714,27.229793],[108.033355,27.238648],[108.039674,27.25146],[108.039726,27.258122],[108.03266,27.269641],[108.011845,27.274564],[108.005393,27.282039],[107.999326,27.30047],[107.999674,27.305506],[108.004412,27.316857],[108.024428,27.318564],[108.043951,27.322326],[108.064851,27.322663],[108.082415,27.330478],[108.101664,27.324536],[108.112517,27.323196],[108.130734,27.32524],[108.138091,27.320132],[108.144389,27.307185],[108.155831,27.293895],[108.166553,27.287709],[108.170389,27.288256],[108.165426,27.276874],[108.152174,27.266508],[108.150719,27.262191],[108.151334,27.25827],[108.159977,27.255928],[108.175627,27.261623],[108.1998,27.281736],[108.208688,27.285352],[108.211721,27.284107],[108.216824,27.2766],[108.224269,27.276134],[108.227286,27.274431],[108.229687,27.269994],[108.222283,27.252094],[108.223219,27.249538],[108.230405,27.249312],[108.238011,27.252974],[108.244482,27.260117],[108.247605,27.261169],[108.251996,27.261261],[108.258793,27.257382],[108.249929,27.235386],[108.239049,27.214141],[108.242778,27.204384],[108.256114,27.183766],[108.258709,27.171291],[108.254272,27.156962],[108.237751,27.129234],[108.236537,27.124681],[108.240977,27.119951],[108.244534,27.11892],[108.261658,27.122526],[108.275432,27.132441],[108.286527,27.132797],[108.292646,27.131235],[108.298748,27.122791],[108.295844,27.114612],[108.284509,27.096511],[108.286664,27.092237],[108.310213,27.065678],[108.311256,27.058916],[108.310272,27.034001],[108.269998,27.026968],[108.250462,27.032526],[108.241205,27.032308],[108.239406,27.025441],[108.240351,27.023201],[108.261909,27.016257],[108.266434,27.011937],[108.269478,27.006258],[108.266601,27.002096],[108.260206,27.00122],[108.254778,26.997773],[108.261646,26.984794],[108.256591,26.983151],[108.253532,26.977994],[108.259478,26.96414],[108.263018,26.96319],[108.268887,26.96681],[108.270498,26.966379],[108.270192,26.960898],[108.273146,26.959155],[108.27431,26.956137],[108.274188,26.946497],[108.270878,26.940855],[108.260024,26.939351],[108.254456,26.935155],[108.253033,26.931523],[108.255644,26.919734],[108.262245,26.911267],[108.266074,26.910461],[108.277374,26.917007],[108.286706,26.925226],[108.314353,26.934738],[108.335385,26.939401],[108.355441,26.938808],[108.366101,26.941475],[108.376854,26.940459],[108.388193,26.93722],[108.390464,26.932019],[108.401632,26.927949],[108.406321,26.922263],[108.418075,26.922598],[108.420499,26.912731],[108.414497,26.901859],[108.404871,26.902378],[108.400871,26.890553],[108.391964,26.88913],[108.391204,26.886479],[108.383448,26.879546],[108.376771,26.880512],[108.376441,26.87919],[108.381026,26.871886],[108.387813,26.870375],[108.399779,26.872932],[108.409538,26.873044],[108.41458,26.878763],[108.430917,26.879571],[108.441629,26.883225],[108.447558,26.880316],[108.45149,26.876049],[108.454643,26.865607],[108.451723,26.856983],[108.454468,26.848851],[108.45853,26.848022],[108.468591,26.849969],[108.474581,26.839884],[108.474135,26.832028],[108.48537,26.829328],[108.490108,26.824281],[108.483324,26.824851],[108.479946,26.823621],[108.477953,26.820172],[108.478404,26.817974],[108.473516,26.814879],[108.474892,26.799138],[108.483763,26.79241],[108.484501,26.788351],[108.482523,26.786201],[108.469666,26.780769],[108.463008,26.78014],[108.456265,26.775972],[108.449246,26.774398],[108.44652,26.777116],[108.445941,26.785739],[108.446825,26.786893],[108.452596,26.786264],[108.453518,26.788787],[108.448608,26.804344],[108.443318,26.804315],[108.442553,26.798854],[108.436863,26.79371],[108.417581,26.804849],[108.419776,26.806385],[108.420448,26.809574],[108.41723,26.812014],[108.411807,26.813087],[108.409672,26.817216],[108.418272,26.830628],[108.414608,26.832396],[108.404964,26.831032],[108.400964,26.835443],[108.399576,26.841567],[108.398071,26.842392],[108.394989,26.842105],[108.392125,26.838862],[108.391503,26.829996],[108.389375,26.827704],[108.370086,26.822744],[108.362745,26.81804],[108.35597,26.824057],[108.338021,26.827428],[108.337534,26.829432],[108.340952,26.835459],[108.335853,26.84288],[108.336443,26.852828],[108.333242,26.858811],[108.327997,26.859887],[108.312217,26.858488],[108.301335,26.863916]],[[107.938221,27.153206],[107.940962,27.146266],[107.947419,27.145526],[107.956088,27.148759],[107.956755,27.153699],[107.949533,27.160015],[107.943578,27.160301],[107.942551,27.165131],[107.938987,27.166836],[107.929412,27.162639],[107.928554,27.159221],[107.931637,27.154],[107.938221,27.153206]]]}},{"type":"Feature","properties":{"dt_adcode":"522624"},"geometry":{"type":"Polygon","coordinates":[[[108.948258,27.007747],[108.962776,27.008462],[108.965129,27.001436],[108.970388,26.998121],[108.973801,26.996179],[108.980735,26.997897],[108.983384,26.993156],[108.987638,26.993277],[108.993702,27.004749],[109.003079,27.017111],[109.007687,27.018367],[109.009516,27.017446],[109.013601,27.021949],[109.019723,27.02344],[109.025533,27.018367],[109.026528,27.015584],[109.035874,27.016167],[109.044131,27.009033],[109.043773,27.003892],[109.040725,27.002165],[109.041651,26.999834],[109.044502,26.999608],[109.044946,26.996343],[109.043582,26.99447],[109.044388,26.98875],[109.041229,26.987576],[109.04051,26.985608],[109.040681,26.981523],[109.045031,26.979184],[109.042183,26.972683],[109.043122,26.97181],[109.050688,26.973954],[109.052151,26.971381],[109.054954,26.970795],[109.055556,26.967136],[109.0578,26.965011],[109.065636,26.965628],[109.074078,26.963705],[109.077609,26.960266],[109.076034,26.952447],[109.073526,26.949315],[109.065734,26.948204],[109.063217,26.946281],[109.061006,26.928415],[109.05702,26.925777],[109.048114,26.924316],[109.025141,26.912398],[109.02101,26.902614],[109.015075,26.89775],[109.012391,26.897299],[109.009315,26.900448],[109.008932,26.903249],[109.012644,26.909854],[109.019294,26.91397],[109.014623,26.918947],[109.007739,26.920782],[108.972334,26.91896],[108.93658,26.920159],[108.924692,26.918958],[108.913481,26.915674],[108.905323,26.911369],[108.89782,26.904518],[108.885182,26.897848],[108.877599,26.888937],[108.872151,26.876276],[108.862447,26.860095],[108.850925,26.849038],[108.846893,26.848206],[108.845629,26.844194],[108.842312,26.842856],[108.84037,26.839966],[108.836948,26.839576],[108.82926,26.843471],[108.827472,26.842593],[108.829709,26.839306],[108.827183,26.834669],[108.828102,26.83102],[108.826183,26.826791],[108.811558,26.828389],[108.80977,26.826006],[108.803447,26.824477],[108.799688,26.819407],[108.783245,26.814303],[108.767374,26.80338],[108.754594,26.798769],[108.734021,26.804062],[108.719885,26.804069],[108.689733,26.790576],[108.671032,26.786352],[108.639339,26.790806],[108.607789,26.791833],[108.602727,26.793605],[108.583136,26.807194],[108.57933,26.815027],[108.570642,26.81568],[108.567871,26.817798],[108.560902,26.817659],[108.556198,26.82276],[108.552771,26.830023],[108.557093,26.83283],[108.552204,26.833894],[108.551397,26.836973],[108.564986,26.842044],[108.572236,26.848418],[108.560779,26.856646],[108.554673,26.863533],[108.553539,26.870613],[108.551483,26.871441],[108.545563,26.8688],[108.535958,26.877597],[108.537556,26.882547],[108.550023,26.891466],[108.553753,26.90069],[108.546575,26.912255],[108.54685,26.924198],[108.538137,26.933549],[108.534432,26.946209],[108.534318,26.949292],[108.545892,26.949857],[108.551365,26.947849],[108.553345,26.952386],[108.552325,26.955959],[108.544295,26.963379],[108.543466,26.973626],[108.555425,26.985339],[108.556263,26.990224],[108.560139,26.995959],[108.557025,27.000001],[108.563748,27.003598],[108.57597,27.021613],[108.587932,27.03108],[108.590526,27.031682],[108.599909,27.028612],[108.603816,27.029858],[108.613336,27.041945],[108.637676,27.062973],[108.646121,27.067756],[108.654751,27.070464],[108.677932,27.06996],[108.685068,27.068126],[108.69905,27.057804],[108.714855,27.053849],[108.721777,27.047194],[108.72615,27.035338],[108.729549,27.030632],[108.750403,27.013397],[108.755796,27.012983],[108.761535,27.014853],[108.763958,27.017525],[108.76572,27.028026],[108.774227,27.046329],[108.789583,27.062378],[108.794012,27.069433],[108.799027,27.071335],[108.804192,27.078637],[108.80571,27.073453],[108.809086,27.073999],[108.82081,27.064522],[108.830087,27.063643],[108.828495,27.060535],[108.831199,27.057887],[108.837788,27.058492],[108.840965,27.063058],[108.842587,27.061832],[108.845634,27.058048],[108.847158,27.052491],[108.847112,27.050086],[108.843973,27.047975],[108.847729,27.045772],[108.849206,27.039415],[108.854235,27.035142],[108.854714,27.031993],[108.859957,27.032493],[108.866579,27.029741],[108.865938,27.023784],[108.869651,27.023568],[108.867189,27.031619],[108.87248,27.023708],[108.874409,27.028145],[108.875566,27.028027],[108.874294,27.021604],[108.877739,27.015241],[108.878448,27.006367],[108.874392,27.004797],[108.872448,27.002241],[108.872874,26.999861],[108.87568,26.999439],[108.885006,27.002925],[108.900341,27.016839],[108.906699,27.0173],[108.912311,27.019959],[108.914663,27.017256],[108.916977,27.017413],[108.918421,27.020607],[108.914938,27.025945],[108.921004,27.029794],[108.923463,27.024292],[108.923234,27.020234],[108.921285,27.018533],[108.919582,27.012096],[108.920873,27.010088],[108.931969,27.01258],[108.936777,27.011816],[108.938543,27.015751],[108.944026,27.017266],[108.942137,27.01442],[108.952348,27.019306],[108.952118,27.013527],[108.948258,27.007747]]]}},{"type":"Feature","properties":{"dt_adcode":"522625"},"geometry":{"type":"Polygon","coordinates":[[[108.843879,27.183268],[108.845928,27.174792],[108.858796,27.16326],[108.858003,27.1525],[108.851169,27.149623],[108.851793,27.147274],[108.862308,27.147429],[108.868641,27.140513],[108.877629,27.138159],[108.885108,27.132195],[108.888037,27.127499],[108.887655,27.112892],[108.884772,27.108486],[108.87954,27.106194],[108.870804,27.11582],[108.861232,27.115719],[108.854351,27.104156],[108.855882,27.096819],[108.852621,27.096134],[108.843654,27.098316],[108.837804,27.092883],[108.826363,27.089106],[108.818539,27.091058],[108.81601,27.096907],[108.811554,27.09668],[108.807493,27.098563],[108.800498,27.090553],[108.793128,27.087234],[108.790841,27.084424],[108.804192,27.078637],[108.799027,27.071335],[108.794012,27.069433],[108.789583,27.062378],[108.774227,27.046329],[108.768351,27.035286],[108.763958,27.017525],[108.761535,27.014853],[108.755796,27.012983],[108.750403,27.013397],[108.729549,27.030632],[108.72615,27.035338],[108.721777,27.047194],[108.714855,27.053849],[108.69905,27.057804],[108.685068,27.068126],[108.672267,27.07037],[108.654751,27.070464],[108.646121,27.067756],[108.637676,27.062973],[108.613336,27.041945],[108.603816,27.029858],[108.599909,27.028612],[108.590526,27.031682],[108.587932,27.03108],[108.57597,27.021613],[108.563748,27.003598],[108.557025,27.000001],[108.560139,26.995959],[108.556263,26.990224],[108.555425,26.985339],[108.543283,26.973109],[108.544629,26.962701],[108.553383,26.954101],[108.551746,26.948083],[108.545892,26.949857],[108.534212,26.948321],[108.535626,26.939015],[108.538137,26.933549],[108.54685,26.924198],[108.546575,26.912255],[108.553746,26.900979],[108.550023,26.891466],[108.537556,26.882547],[108.536095,26.877083],[108.545563,26.8688],[108.551483,26.871441],[108.553539,26.870613],[108.554673,26.863533],[108.560779,26.856646],[108.572236,26.848418],[108.564986,26.842044],[108.551397,26.836973],[108.552204,26.833894],[108.557093,26.83283],[108.547789,26.827491],[108.545978,26.822996],[108.547295,26.818643],[108.532881,26.816361],[108.52837,26.819037],[108.520498,26.817829],[108.518316,26.81533],[108.518161,26.811596],[108.50993,26.806397],[108.498404,26.802906],[108.494282,26.791954],[108.492578,26.79118],[108.485936,26.813266],[108.484281,26.815779],[108.478404,26.817974],[108.477953,26.820172],[108.482046,26.824724],[108.490108,26.824281],[108.48537,26.829328],[108.474135,26.832028],[108.474581,26.839884],[108.468591,26.849969],[108.45853,26.848022],[108.454468,26.848851],[108.451723,26.856983],[108.454643,26.865607],[108.45149,26.876049],[108.447558,26.880316],[108.441629,26.883225],[108.430917,26.879571],[108.41458,26.878763],[108.409538,26.873044],[108.399779,26.872932],[108.395382,26.871105],[108.387813,26.870375],[108.382636,26.871139],[108.379689,26.873351],[108.376771,26.880512],[108.383127,26.879404],[108.391204,26.886479],[108.391964,26.88913],[108.400871,26.890553],[108.404871,26.902378],[108.414497,26.901859],[108.420499,26.912731],[108.418075,26.922598],[108.406321,26.922263],[108.401632,26.927949],[108.390464,26.932019],[108.388193,26.93722],[108.376854,26.940459],[108.366101,26.941475],[108.355441,26.938808],[108.335385,26.939401],[108.314353,26.934738],[108.286706,26.925226],[108.277374,26.917007],[108.266074,26.910461],[108.262245,26.911267],[108.257792,26.915538],[108.253562,26.925539],[108.253033,26.931523],[108.254456,26.935155],[108.260024,26.939351],[108.270878,26.940855],[108.274188,26.946497],[108.274657,26.951761],[108.273146,26.959155],[108.270192,26.960898],[108.270498,26.966379],[108.268887,26.96681],[108.263018,26.96319],[108.259745,26.963974],[108.256621,26.972957],[108.253631,26.97685],[108.255912,26.982506],[108.261646,26.984794],[108.254457,26.997198],[108.260206,27.00122],[108.266601,27.002096],[108.269478,27.006258],[108.266434,27.011937],[108.261909,27.016257],[108.240351,27.023201],[108.239406,27.025441],[108.241205,27.032308],[108.250462,27.032526],[108.269998,27.026968],[108.310272,27.034001],[108.311256,27.058916],[108.310213,27.065678],[108.286664,27.092237],[108.284509,27.096511],[108.295844,27.114612],[108.298748,27.122791],[108.292646,27.131235],[108.286527,27.132797],[108.275432,27.132441],[108.261658,27.122526],[108.244534,27.11892],[108.240977,27.119951],[108.236537,27.124681],[108.237751,27.129234],[108.254272,27.156962],[108.258709,27.171291],[108.256114,27.183766],[108.242778,27.204384],[108.239049,27.214141],[108.249929,27.235386],[108.258793,27.257382],[108.251996,27.261261],[108.247605,27.261169],[108.244482,27.260117],[108.238011,27.252974],[108.230405,27.249312],[108.223219,27.249538],[108.222283,27.252094],[108.229687,27.269994],[108.227286,27.274431],[108.224269,27.276134],[108.216824,27.2766],[108.211721,27.284107],[108.208688,27.285352],[108.1998,27.281736],[108.175627,27.261623],[108.159977,27.255928],[108.151334,27.25827],[108.150719,27.262191],[108.155128,27.269857],[108.165426,27.276874],[108.170389,27.288256],[108.179258,27.292589],[108.187278,27.308161],[108.192293,27.330091],[108.199532,27.343503],[108.199074,27.345728],[108.206414,27.357054],[108.21144,27.361072],[108.226199,27.366693],[108.232624,27.367072],[108.254041,27.356782],[108.266126,27.349034],[108.282204,27.345751],[108.293258,27.347176],[108.305508,27.352303],[108.321336,27.349485],[108.336827,27.358835],[108.34129,27.365146],[108.344438,27.359522],[108.360317,27.34344],[108.375331,27.33817],[108.391041,27.337457],[108.396105,27.335236],[108.400611,27.331881],[108.403954,27.325347],[108.410932,27.319616],[108.427284,27.316559],[108.441371,27.321141],[108.456262,27.320406],[108.463302,27.310291],[108.463171,27.294685],[108.472157,27.288403],[108.476804,27.276532],[108.482438,27.269905],[108.504623,27.272334],[108.554143,27.270807],[108.567652,27.267816],[108.570868,27.264946],[108.572913,27.258451],[108.568976,27.23838],[108.573882,27.226732],[108.57481,27.218205],[108.581938,27.210615],[108.592011,27.211192],[108.612129,27.218102],[108.635509,27.215969],[108.657734,27.216868],[108.659988,27.215187],[108.662249,27.208],[108.66077,27.203454],[108.648685,27.192589],[108.641265,27.182032],[108.639177,27.175669],[108.639281,27.166022],[108.644351,27.158053],[108.649178,27.156293],[108.653807,27.155916],[108.668956,27.160257],[108.674333,27.159397],[108.678536,27.155131],[108.682156,27.155246],[108.688326,27.160791],[108.692095,27.170314],[108.697098,27.172681],[108.703023,27.172261],[108.711295,27.160971],[108.715635,27.159913],[108.723609,27.159651],[108.735709,27.164991],[108.75451,27.165046],[108.781929,27.173964],[108.807398,27.16794],[108.807703,27.16916],[108.816651,27.169897],[108.835679,27.177975],[108.843879,27.183268]]]}},{"type":"Feature","properties":{"dt_adcode":"522626"},"geometry":{"type":"Polygon","coordinates":[[[109.011019,27.443162],[109.020222,27.43693],[109.034632,27.417719],[109.033812,27.408056],[109.022092,27.38829],[109.018571,27.372371],[108.997707,27.374608],[108.974872,27.370757],[108.962624,27.371255],[108.958143,27.369563],[108.954907,27.365281],[108.944202,27.361347],[108.917085,27.366782],[108.909934,27.364114],[108.906668,27.360148],[108.904774,27.352992],[108.900041,27.346012],[108.890326,27.342611],[108.885423,27.342979],[108.883055,27.345],[108.881685,27.359674],[108.875075,27.3669],[108.871181,27.368205],[108.860403,27.366632],[108.856934,27.363189],[108.863523,27.355629],[108.863653,27.352024],[108.858669,27.351622],[108.849595,27.354035],[108.846783,27.35295],[108.84564,27.346421],[108.843089,27.343561],[108.846911,27.339364],[108.846736,27.335114],[108.856707,27.327295],[108.861215,27.321634],[108.866199,27.306799],[108.865046,27.301036],[108.857649,27.276787],[108.843459,27.267573],[108.840841,27.259028],[108.838875,27.237399],[108.836382,27.237324],[108.833887,27.239511],[108.828249,27.236523],[108.826646,27.230114],[108.824582,27.230176],[108.821563,27.225554],[108.822974,27.222478],[108.822237,27.219627],[108.814964,27.212599],[108.81344,27.20852],[108.816143,27.201738],[108.824989,27.19186],[108.827651,27.190513],[108.834668,27.190689],[108.841404,27.186827],[108.843879,27.183268],[108.835679,27.177975],[108.816651,27.169897],[108.807703,27.16916],[108.807398,27.16794],[108.781929,27.173964],[108.75451,27.165046],[108.735709,27.164991],[108.723609,27.159651],[108.715635,27.159913],[108.711295,27.160971],[108.703023,27.172261],[108.697098,27.172681],[108.692095,27.170314],[108.688326,27.160791],[108.682156,27.155246],[108.678536,27.155131],[108.674333,27.159397],[108.668956,27.160257],[108.653807,27.155916],[108.644351,27.158053],[108.639281,27.166022],[108.639177,27.175669],[108.641265,27.182032],[108.648685,27.192589],[108.66077,27.203454],[108.662249,27.208],[108.659988,27.215187],[108.657734,27.216868],[108.635509,27.215969],[108.612129,27.218102],[108.592011,27.211192],[108.581938,27.210615],[108.57481,27.218205],[108.573882,27.226732],[108.568976,27.23838],[108.572913,27.258451],[108.570868,27.264946],[108.567652,27.267816],[108.554143,27.270807],[108.504623,27.272334],[108.482438,27.269905],[108.476804,27.276532],[108.472157,27.288403],[108.463171,27.294685],[108.463302,27.310291],[108.456262,27.320406],[108.441371,27.321141],[108.427284,27.316559],[108.410932,27.319616],[108.403954,27.325347],[108.400611,27.331881],[108.396105,27.335236],[108.391041,27.337457],[108.375331,27.33817],[108.360317,27.34344],[108.344438,27.359522],[108.34129,27.365146],[108.360215,27.381005],[108.388413,27.397304],[108.403967,27.403866],[108.409019,27.407428],[108.419762,27.420069],[108.427083,27.425283],[108.437122,27.425499],[108.445493,27.42062],[108.461239,27.418648],[108.478275,27.406588],[108.481884,27.406426],[108.485657,27.409484],[108.487258,27.416637],[108.490944,27.422908],[108.493757,27.423652],[108.499182,27.422375],[108.50182,27.419902],[108.511113,27.418244],[108.514626,27.421526],[108.517794,27.437889],[108.522251,27.444175],[108.531686,27.466631],[108.543443,27.479488],[108.549557,27.481904],[108.564588,27.478034],[108.571946,27.472441],[108.575579,27.471597],[108.580427,27.473534],[108.586239,27.478017],[108.588451,27.481966],[108.596845,27.506482],[108.605372,27.516078],[108.617369,27.521621],[108.62672,27.519533],[108.643806,27.508894],[108.669507,27.504885],[108.679245,27.508324],[108.689661,27.515907],[108.6953,27.5181],[108.705914,27.517649],[108.710107,27.515674],[108.737119,27.489624],[108.746335,27.483759],[108.748919,27.47826],[108.746808,27.471092],[108.759156,27.469281],[108.762135,27.47013],[108.762453,27.476614],[108.759536,27.487523],[108.762917,27.490716],[108.766184,27.485807],[108.772708,27.485821],[108.777753,27.488899],[108.782295,27.485882],[108.788485,27.485429],[108.801684,27.489009],[108.809654,27.484599],[108.819169,27.485519],[108.827983,27.479498],[108.832141,27.478813],[108.833993,27.482646],[108.830664,27.485856],[108.830024,27.48981],[108.823497,27.49359],[108.820298,27.50115],[108.83033,27.507557],[108.840994,27.507826],[108.840255,27.502105],[108.837627,27.498221],[108.838526,27.496724],[108.847346,27.494473],[108.862986,27.497101],[108.879836,27.493277],[108.891559,27.487985],[108.900353,27.487235],[108.909777,27.492469],[108.917971,27.506405],[108.92385,27.511057],[108.934134,27.511552],[108.946601,27.498263],[108.968699,27.493908],[108.971094,27.490975],[108.971425,27.487766],[108.966901,27.484018],[108.96588,27.480343],[108.952162,27.470138],[108.949471,27.463423],[108.950585,27.460002],[108.959291,27.452609],[108.969646,27.452369],[108.985878,27.455473],[108.988849,27.450257],[108.990303,27.443171],[108.993972,27.441413],[109.005816,27.444197],[109.011019,27.443162]]]}},{"type":"Feature","properties":{"dt_adcode":"522627"},"geometry":{"type":"MultiPolygon","coordinates":[[[[109.528515,26.743935],[109.543875,26.740916],[109.553898,26.735302],[109.56074,26.735608],[109.567739,26.741029],[109.560643,26.742451],[109.556724,26.745618],[109.559171,26.747794],[109.558066,26.754649],[109.562402,26.750863],[109.569923,26.747733],[109.577359,26.751604],[109.580346,26.755654],[109.580296,26.759677],[109.577761,26.763186],[109.577123,26.770569],[109.579839,26.770738],[109.596442,26.760691],[109.597755,26.757974],[109.597138,26.756099],[109.58846,26.751516],[109.586721,26.745311],[109.578525,26.740238],[109.578156,26.733296],[109.57553,26.732658],[109.568268,26.726181],[109.553356,26.722997],[109.549122,26.717913],[109.547287,26.717898],[109.544841,26.722669],[109.545163,26.726224],[109.548066,26.72889],[109.531612,26.738507],[109.528455,26.741457],[109.528515,26.743935]]],[[[109.457479,26.864096],[109.456749,26.873225],[109.472932,26.884776],[109.474869,26.895167],[109.48191,26.897074],[109.486809,26.8953],[109.490858,26.883636],[109.493463,26.880911],[109.499149,26.877999],[109.509378,26.878126],[109.5138,26.874273],[109.510372,26.865504],[109.511073,26.854948],[109.514075,26.844649],[109.513123,26.840274],[109.499059,26.826316],[109.496627,26.819398],[109.497466,26.815276],[109.507694,26.801161],[109.517533,26.779922],[109.518293,26.766153],[109.516946,26.757726],[109.517501,26.756214],[109.522286,26.755655],[109.522491,26.749784],[109.512679,26.746718],[109.507967,26.743285],[109.504627,26.744623],[109.502343,26.757684],[109.497705,26.760155],[109.461363,26.761754],[109.448098,26.759734],[109.437687,26.755223],[109.429127,26.747286],[109.417734,26.739763],[109.414522,26.733744],[109.413966,26.722251],[109.412464,26.720621],[109.407089,26.719845],[109.390575,26.725315],[109.387716,26.727563],[109.381292,26.727455],[109.380596,26.723539],[109.38595,26.712144],[109.383446,26.708659],[109.372995,26.705034],[109.361904,26.694501],[109.354996,26.693229],[109.335599,26.699994],[109.319124,26.701756],[109.298424,26.696552],[109.292936,26.701275],[109.289083,26.701205],[109.284648,26.709823],[109.271591,26.716048],[109.265361,26.730519],[109.258637,26.740185],[109.25024,26.757728],[109.239336,26.771233],[109.234546,26.772795],[109.225496,26.771305],[109.210638,26.760861],[109.188574,26.749551],[109.183182,26.74402],[109.172616,26.720781],[109.165534,26.717385],[109.162197,26.717285],[109.153658,26.720833],[109.146861,26.728674],[109.136447,26.730682],[109.126644,26.729447],[109.116412,26.719039],[109.109614,26.716306],[109.092319,26.719469],[109.076028,26.716624],[109.064388,26.724334],[109.05437,26.720363],[109.050356,26.711231],[109.038755,26.702694],[109.027482,26.716781],[109.019997,26.712095],[109.020336,26.697022],[108.999978,26.70261],[108.970127,26.717797],[108.957187,26.731094],[108.947028,26.73314],[108.941982,26.745788],[108.936475,26.752528],[108.929796,26.750128],[108.917921,26.754413],[108.927571,26.773457],[108.924763,26.785467],[108.928467,26.78724],[108.932068,26.798599],[108.936417,26.803501],[108.943308,26.808089],[108.9537,26.810266],[108.963958,26.814977],[108.968304,26.825625],[108.972651,26.830534],[108.992788,26.842501],[108.999254,26.843206],[109.003821,26.841679],[109.006461,26.837229],[109.013485,26.833323],[109.017468,26.835718],[109.016615,26.850673],[109.02113,26.870275],[109.027021,26.874902],[109.031151,26.875224],[109.041561,26.871889],[109.046977,26.871937],[109.056895,26.874813],[109.068374,26.883601],[109.069427,26.889536],[109.066696,26.897211],[109.042007,26.909079],[109.030456,26.910153],[109.025141,26.912398],[109.048114,26.924316],[109.05702,26.925777],[109.061006,26.928415],[109.063217,26.946281],[109.065734,26.948204],[109.073908,26.949609],[109.077716,26.957857],[109.076998,26.961628],[109.073818,26.963809],[109.065636,26.965628],[109.0578,26.965011],[109.055556,26.967136],[109.054954,26.970795],[109.052151,26.971381],[109.050688,26.973954],[109.043122,26.97181],[109.042183,26.972683],[109.045031,26.979184],[109.040681,26.981523],[109.04051,26.985608],[109.041229,26.987576],[109.044388,26.98875],[109.043582,26.99447],[109.044946,26.996343],[109.044502,26.999608],[109.041651,26.999834],[109.040725,27.002165],[109.043773,27.003892],[109.044131,27.009033],[109.035874,27.016167],[109.026528,27.015584],[109.025533,27.018367],[109.019723,27.02344],[109.013601,27.021949],[109.009516,27.017446],[109.007687,27.018367],[109.003079,27.017111],[108.993702,27.004749],[108.987638,26.993277],[108.983384,26.993156],[108.980735,26.997897],[108.973801,26.996179],[108.970388,26.998121],[108.965129,27.001436],[108.962776,27.008462],[108.948353,27.007424],[108.952118,27.013527],[108.953069,27.018947],[108.952869,27.024522],[108.949541,27.031095],[108.950957,27.036936],[108.943116,27.037389],[108.940417,27.044721],[108.941274,27.046717],[108.964267,27.054479],[108.969554,27.059876],[108.98962,27.074091],[109.012644,27.083319],[109.016118,27.086752],[109.016782,27.090913],[109.020167,27.093501],[109.018827,27.095849],[109.026938,27.102793],[109.032552,27.103799],[109.034504,27.099561],[109.037941,27.097394],[109.049952,27.096963],[109.053732,27.098312],[109.06195,27.110422],[109.063946,27.104353],[109.065742,27.1036],[109.074621,27.112014],[109.078099,27.11251],[109.080384,27.116501],[109.086498,27.117892],[109.097207,27.116114],[109.101675,27.120086],[109.108277,27.119699],[109.112864,27.123553],[109.12876,27.122468],[109.132701,27.119697],[109.133691,27.115743],[109.131076,27.110104],[109.118241,27.104714],[109.109191,27.092532],[109.108664,27.086289],[109.101695,27.074889],[109.101136,27.068934],[109.105617,27.068162],[109.110769,27.069438],[109.130533,27.065068],[109.134337,27.067325],[109.132096,27.067801],[109.131631,27.070435],[109.135931,27.070424],[109.142159,27.073621],[109.149254,27.071267],[109.154276,27.071944],[109.156288,27.066571],[109.164432,27.066025],[109.167258,27.070481],[109.167776,27.075921],[109.173955,27.086265],[109.175235,27.087236],[109.178107,27.083678],[109.185146,27.082276],[109.190631,27.086352],[109.223028,27.122469],[109.238926,27.149143],[109.248111,27.15343],[109.257429,27.150604],[109.260307,27.139595],[109.263358,27.135798],[109.270446,27.130724],[109.275133,27.129988],[109.304855,27.136286],[109.324956,27.136886],[109.335058,27.139081],[109.334523,27.149531],[109.345117,27.150137],[109.354999,27.152963],[109.373226,27.14757],[109.378164,27.155431],[109.379066,27.153154],[109.383406,27.150445],[109.384567,27.143924],[109.393169,27.143871],[109.392795,27.156073],[109.394911,27.158247],[109.400851,27.159601],[109.400241,27.152401],[109.401645,27.151763],[109.41565,27.153535],[109.42504,27.129419],[109.427937,27.126017],[109.440919,27.118169],[109.44833,27.120571],[109.457584,27.133329],[109.467016,27.136442],[109.472697,27.134906],[109.473103,27.126876],[109.46936,27.115438],[109.459799,27.109575],[109.463419,27.100886],[109.458042,27.098466],[109.459724,27.09365],[109.467413,27.09484],[109.467557,27.090094],[109.46216,27.089917],[109.45948,27.084742],[109.460995,27.081876],[109.465996,27.080537],[109.475532,27.081993],[109.482418,27.081106],[109.481923,27.072696],[109.479793,27.070126],[109.472458,27.070943],[109.468672,27.069061],[109.463847,27.070814],[109.459492,27.070441],[109.45638,27.068914],[109.457039,27.066247],[109.470407,27.063015],[109.488262,27.054699],[109.495134,27.061069],[109.486004,27.068732],[109.486004,27.072132],[109.490334,27.078954],[109.498476,27.079349],[109.501244,27.078154],[109.505056,27.072722],[109.516024,27.07297],[109.521455,27.070548],[109.522033,27.069054],[109.520055,27.068317],[109.510471,27.067936],[109.511688,27.065292],[109.51975,27.058684],[109.516699,27.049003],[109.517916,27.043209],[109.525013,27.03728],[109.525796,27.026554],[109.54134,27.012876],[109.542359,27.00949],[109.539939,27.005599],[109.542349,26.99645],[109.538756,26.992722],[109.532076,26.99318],[109.529252,26.991813],[109.528591,26.988383],[109.530491,26.983322],[109.527606,26.97721],[109.535643,26.973917],[109.546723,26.984595],[109.549881,26.983741],[109.550545,26.98048],[109.548624,26.974166],[109.550944,26.959035],[109.553318,26.95539],[109.558503,26.952284],[109.553239,26.945053],[109.549185,26.942933],[109.535399,26.940231],[109.533633,26.938604],[109.532256,26.929858],[109.530248,26.927536],[109.524152,26.926161],[109.516759,26.930204],[109.510848,26.930116],[109.49325,26.921105],[109.484244,26.913552],[109.473132,26.912241],[109.468796,26.906617],[109.459091,26.90208],[109.451862,26.9025],[109.446602,26.899673],[109.443466,26.894915],[109.436424,26.892618],[109.437763,26.87874],[109.444854,26.871738],[109.43647,26.861144],[109.447884,26.859603],[109.457479,26.864096]],[[109.476856,26.830006],[109.481634,26.833889],[109.481124,26.837784],[109.462472,26.829915],[109.466939,26.826183],[109.476856,26.830006]]]]}},{"type":"Feature","properties":{"dt_adcode":"522628"},"geometry":{"type":"Polygon","coordinates":[[[108.828986,26.488436],[108.846086,26.493774],[108.864317,26.507106],[108.87057,26.515372],[108.871004,26.524998],[108.873017,26.529977],[108.887428,26.537488],[108.89359,26.543695],[108.896038,26.552332],[108.883802,26.570679],[108.882032,26.576943],[108.882709,26.580592],[108.889808,26.59044],[108.889565,26.596416],[108.882828,26.601336],[108.881759,26.6063],[108.875827,26.612454],[108.874394,26.622736],[108.878534,26.628649],[108.892881,26.63746],[108.901152,26.647472],[108.900374,26.650579],[108.893399,26.651323],[108.889415,26.650094],[108.888762,26.651369],[108.890127,26.656377],[108.896338,26.664098],[108.902398,26.66671],[108.913353,26.664996],[108.928457,26.667086],[108.946745,26.663882],[108.95396,26.670757],[108.964783,26.673848],[108.96823,26.678049],[108.973155,26.678537],[108.976442,26.685509],[108.9723,26.694884],[108.97761,26.708658],[108.977087,26.714187],[108.999978,26.70261],[109.020336,26.697022],[109.019997,26.712095],[109.027482,26.716781],[109.038755,26.702694],[109.050356,26.711231],[109.05437,26.720363],[109.064388,26.724334],[109.076028,26.716624],[109.092319,26.719469],[109.109614,26.716306],[109.116412,26.719039],[109.126644,26.729447],[109.136447,26.730682],[109.146861,26.728674],[109.153658,26.720833],[109.162197,26.717285],[109.165534,26.717385],[109.172616,26.720781],[109.183182,26.74402],[109.188574,26.749551],[109.210638,26.760861],[109.225496,26.771305],[109.231222,26.773153],[109.239336,26.771233],[109.25024,26.757728],[109.258637,26.740185],[109.265361,26.730519],[109.271591,26.716048],[109.284648,26.709823],[109.286335,26.707693],[109.289083,26.701205],[109.283743,26.698584],[109.287004,26.689686],[109.306574,26.660874],[109.334081,26.646225],[109.342253,26.64867],[109.351321,26.657335],[109.355141,26.65901],[109.356716,26.657431],[109.359699,26.64899],[109.360934,26.638217],[109.364362,26.633456],[109.373686,26.629027],[109.377085,26.625643],[109.379401,26.615738],[109.382968,26.61076],[109.384732,26.604728],[109.391287,26.600532],[109.389725,26.591637],[109.387161,26.588054],[109.390275,26.581708],[109.385509,26.570999],[109.395234,26.572451],[109.399037,26.570966],[109.395181,26.566445],[109.400565,26.564036],[109.40397,26.560189],[109.407808,26.546702],[109.408753,26.537075],[109.404289,26.529654],[109.401006,26.527304],[109.383695,26.521504],[109.381704,26.518483],[109.381782,26.514121],[109.386667,26.500199],[109.38551,26.493522],[109.364064,26.475922],[109.362342,26.472219],[109.362454,26.466252],[109.36456,26.463533],[109.380996,26.461756],[109.382587,26.45857],[109.381865,26.456261],[109.377857,26.451829],[109.373543,26.449457],[109.361009,26.448315],[109.35491,26.445682],[109.326809,26.427945],[109.306777,26.430935],[109.286987,26.429825],[109.28044,26.432362],[109.271574,26.439579],[109.26895,26.44381],[109.26925,26.460558],[109.266356,26.46058],[109.264733,26.46449],[109.260811,26.463516],[109.256811,26.458947],[109.25565,26.447919],[109.249597,26.447935],[109.245445,26.445089],[109.242912,26.448676],[109.240684,26.447396],[109.243194,26.439514],[109.25084,26.440202],[109.253367,26.436471],[109.246657,26.42976],[109.243486,26.423449],[109.246097,26.419015],[109.254591,26.414295],[109.281807,26.404764],[109.282891,26.400644],[109.279638,26.396009],[109.274063,26.392952],[109.269473,26.392434],[109.256116,26.397779],[109.239614,26.409063],[109.234359,26.419061],[109.225939,26.420669],[109.223385,26.418962],[109.223529,26.414093],[109.2124,26.412994],[109.209052,26.409468],[109.219252,26.402644],[109.218474,26.39898],[109.211697,26.389139],[109.201722,26.388238],[109.200579,26.391709],[109.202065,26.395094],[109.199273,26.396218],[109.193753,26.389806],[109.187321,26.388872],[109.182823,26.38439],[109.175754,26.38207],[109.172609,26.382664],[109.170217,26.385229],[109.170273,26.39277],[109.16411,26.393685],[109.157274,26.391847],[109.147995,26.395228],[109.141151,26.392966],[109.125965,26.401939],[109.123349,26.40133],[109.121508,26.397329],[109.114178,26.393081],[109.109758,26.391411],[109.102125,26.392379],[109.085436,26.402644],[109.070834,26.40639],[109.060567,26.413419],[109.05612,26.420233],[109.049303,26.424024],[109.037885,26.421957],[109.017958,26.412981],[109.012538,26.412243],[109.006385,26.412445],[108.986429,26.419532],[108.974945,26.415319],[108.970616,26.416152],[108.960095,26.419413],[108.94368,26.44261],[108.940817,26.443324],[108.930735,26.441603],[108.917642,26.429661],[108.911898,26.427109],[108.900121,26.427068],[108.884879,26.433591],[108.849289,26.423294],[108.843811,26.425448],[108.840709,26.430382],[108.839617,26.434554],[108.842321,26.443636],[108.840866,26.451037],[108.831436,26.457355],[108.819346,26.461244],[108.813028,26.468592],[108.814077,26.474982],[108.822779,26.481091],[108.828986,26.488436]]]}},{"type":"Feature","properties":{"dt_adcode":"522629"},"geometry":{"type":"Polygon","coordinates":[[[108.552771,26.830023],[108.556198,26.82276],[108.560902,26.817659],[108.567871,26.817798],[108.570642,26.81568],[108.579726,26.814808],[108.583136,26.807194],[108.602727,26.793605],[108.615443,26.790892],[108.639339,26.790806],[108.671032,26.786352],[108.689733,26.790576],[108.719885,26.804069],[108.734021,26.804062],[108.754594,26.798769],[108.767374,26.80338],[108.783245,26.814303],[108.799688,26.819407],[108.803447,26.824477],[108.80977,26.826006],[108.811558,26.828389],[108.826183,26.826791],[108.828102,26.83102],[108.827183,26.834669],[108.829709,26.839306],[108.827472,26.842593],[108.82926,26.843471],[108.836948,26.839576],[108.84037,26.839966],[108.846823,26.845368],[108.846893,26.848206],[108.850925,26.849038],[108.857322,26.854314],[108.862447,26.860095],[108.872151,26.876276],[108.877599,26.888937],[108.885182,26.897848],[108.89782,26.904518],[108.905323,26.911369],[108.913481,26.915674],[108.924692,26.918958],[108.93658,26.920159],[108.972334,26.91896],[109.007739,26.920782],[109.014623,26.918947],[109.019294,26.91397],[109.012644,26.909854],[109.008932,26.903249],[109.009315,26.900448],[109.012391,26.897299],[109.015075,26.89775],[109.02101,26.902614],[109.025141,26.912398],[109.030456,26.910153],[109.042007,26.909079],[109.066696,26.897211],[109.069427,26.889536],[109.068374,26.883601],[109.056895,26.874813],[109.041561,26.871889],[109.036508,26.874125],[109.027021,26.874902],[109.02113,26.870275],[109.016615,26.850673],[109.017468,26.835718],[109.013485,26.833323],[109.006461,26.837229],[109.003821,26.841679],[108.999254,26.843206],[108.992788,26.842501],[108.972651,26.830534],[108.968304,26.825625],[108.963958,26.814977],[108.9537,26.810266],[108.943308,26.808089],[108.936417,26.803501],[108.932068,26.798599],[108.928467,26.78724],[108.924763,26.785467],[108.927571,26.773457],[108.917921,26.754413],[108.929796,26.750128],[108.936475,26.752528],[108.941982,26.745788],[108.947028,26.73314],[108.957187,26.731094],[108.970127,26.717797],[108.977087,26.714187],[108.97761,26.708658],[108.9723,26.694884],[108.976228,26.687166],[108.976227,26.684008],[108.973155,26.678537],[108.96823,26.678049],[108.964783,26.673848],[108.953325,26.670404],[108.946896,26.663918],[108.928457,26.667086],[108.913353,26.664996],[108.901764,26.666647],[108.896338,26.664098],[108.890127,26.656377],[108.889415,26.650094],[108.893399,26.651323],[108.900374,26.650579],[108.901152,26.647472],[108.892881,26.63746],[108.878534,26.628649],[108.874394,26.622736],[108.875827,26.612454],[108.881759,26.6063],[108.882828,26.601336],[108.889565,26.596416],[108.889808,26.59044],[108.882709,26.580592],[108.882423,26.574174],[108.896038,26.552332],[108.891124,26.54011],[108.871664,26.528189],[108.87057,26.515372],[108.86861,26.511541],[108.857945,26.501831],[108.846086,26.493774],[108.828986,26.488436],[108.826689,26.494489],[108.817554,26.501664],[108.810056,26.493784],[108.796757,26.489767],[108.767244,26.497485],[108.753239,26.487399],[108.732265,26.492903],[108.700149,26.495293],[108.678979,26.501169],[108.673071,26.501127],[108.661619,26.497361],[108.651195,26.487362],[108.652778,26.48249],[108.656258,26.480084],[108.664646,26.478209],[108.668631,26.475329],[108.671294,26.4718],[108.671876,26.467421],[108.667403,26.458839],[108.656561,26.451152],[108.654604,26.447541],[108.644773,26.445559],[108.62986,26.450173],[108.622168,26.456159],[108.614251,26.456651],[108.603446,26.449432],[108.592628,26.429596],[108.587039,26.424276],[108.578547,26.422957],[108.574879,26.420787],[108.564909,26.408738],[108.54598,26.401369],[108.534534,26.390069],[108.528881,26.388896],[108.514637,26.389863],[108.496968,26.393941],[108.488713,26.391711],[108.481634,26.386913],[108.470632,26.373758],[108.444062,26.360221],[108.43569,26.361419],[108.429613,26.368967],[108.427341,26.369733],[108.42369,26.367786],[108.420766,26.358703],[108.415569,26.356578],[108.40558,26.355983],[108.397063,26.360382],[108.390315,26.370463],[108.377742,26.375901],[108.370198,26.372919],[108.36052,26.361506],[108.336423,26.349419],[108.33117,26.349681],[108.325903,26.352656],[108.316034,26.350604],[108.306313,26.353561],[108.303592,26.357697],[108.292826,26.352932],[108.288213,26.374454],[108.293607,26.382824],[108.299582,26.387591],[108.308531,26.386742],[108.325611,26.388501],[108.324507,26.393995],[108.3365,26.393844],[108.348121,26.396993],[108.35967,26.397566],[108.365252,26.396249],[108.372215,26.384792],[108.376239,26.383062],[108.383148,26.38308],[108.40112,26.390779],[108.411407,26.398714],[108.417759,26.403786],[108.421316,26.409637],[108.42299,26.419452],[108.442482,26.45851],[108.446434,26.473983],[108.449414,26.478015],[108.462674,26.483753],[108.465583,26.486409],[108.467272,26.490021],[108.466164,26.494192],[108.459306,26.501317],[108.461489,26.504684],[108.479997,26.507707],[108.483735,26.505739],[108.488633,26.506712],[108.486825,26.512515],[108.480317,26.515501],[108.454814,26.534757],[108.45141,26.539006],[108.44513,26.553912],[108.439324,26.562143],[108.430127,26.568651],[108.420761,26.571026],[108.418046,26.57341],[108.414629,26.583621],[108.414447,26.591893],[108.420416,26.599962],[108.435132,26.609348],[108.442864,26.623322],[108.438861,26.631722],[108.428103,26.644019],[108.421183,26.656184],[108.423039,26.663929],[108.464609,26.683689],[108.45074,26.686095],[108.445483,26.68476],[108.440229,26.691619],[108.43016,26.691331],[108.416174,26.707683],[108.411732,26.707133],[108.399161,26.700899],[108.38935,26.688354],[108.380593,26.687007],[108.378154,26.678956],[108.359439,26.682467],[108.348919,26.700261],[108.356793,26.706072],[108.359202,26.709769],[108.34578,26.716676],[108.341083,26.732234],[108.344283,26.735831],[108.347959,26.735906],[108.347139,26.748602],[108.354407,26.758478],[108.355921,26.762843],[108.354118,26.773288],[108.356663,26.776308],[108.364209,26.777201],[108.376296,26.782739],[108.380926,26.781182],[108.38449,26.774659],[108.394095,26.782033],[108.413204,26.787782],[108.415855,26.791372],[108.412172,26.795213],[108.412126,26.799383],[108.417581,26.804849],[108.436863,26.79371],[108.442553,26.798854],[108.443318,26.804315],[108.448608,26.804344],[108.453518,26.788787],[108.452596,26.786264],[108.446825,26.786893],[108.446231,26.779456],[108.44789,26.775357],[108.450981,26.774243],[108.463008,26.78014],[108.469666,26.780769],[108.482523,26.786201],[108.484501,26.788351],[108.483763,26.79241],[108.474892,26.799138],[108.473516,26.814879],[108.475419,26.816674],[108.47935,26.818175],[108.484281,26.815779],[108.490996,26.793619],[108.493156,26.791189],[108.498404,26.802906],[108.50993,26.806397],[108.518161,26.811596],[108.519744,26.817412],[108.52837,26.819037],[108.532881,26.816361],[108.547295,26.818643],[108.545939,26.822132],[108.546929,26.825934],[108.552771,26.830023]]]}},{"type":"Feature","properties":{"dt_adcode":"522630"},"geometry":{"type":"Polygon","coordinates":[[[108.232719,26.851359],[108.237246,26.849496],[108.240632,26.84991],[108.25443,26.861546],[108.26689,26.855216],[108.276338,26.860104],[108.285516,26.857084],[108.301335,26.863916],[108.312217,26.858488],[108.327997,26.859887],[108.333242,26.858811],[108.336443,26.852828],[108.335853,26.84288],[108.340952,26.835459],[108.337534,26.829432],[108.338021,26.827428],[108.35597,26.824057],[108.361916,26.818228],[108.364132,26.818253],[108.370086,26.822744],[108.389375,26.827704],[108.391503,26.829996],[108.392125,26.838862],[108.3966,26.842512],[108.399576,26.841567],[108.400964,26.835443],[108.404964,26.831032],[108.414608,26.832396],[108.418272,26.830628],[108.409672,26.817216],[108.410679,26.813897],[108.41723,26.812014],[108.420638,26.809244],[108.419776,26.806385],[108.412126,26.799383],[108.412172,26.795213],[108.415855,26.791372],[108.415504,26.789482],[108.407077,26.785365],[108.394095,26.782033],[108.38449,26.774659],[108.380926,26.781182],[108.378529,26.782665],[108.364209,26.777201],[108.355707,26.775873],[108.353644,26.772142],[108.356227,26.765853],[108.35576,26.762127],[108.347139,26.748602],[108.347959,26.735906],[108.342082,26.734491],[108.341423,26.728945],[108.34578,26.716676],[108.359202,26.709769],[108.356793,26.706072],[108.348919,26.700261],[108.357012,26.685243],[108.362096,26.681108],[108.378154,26.678956],[108.380593,26.687007],[108.38935,26.688354],[108.399161,26.700899],[108.413031,26.707627],[108.418429,26.706429],[108.43016,26.691331],[108.440229,26.691619],[108.445483,26.68476],[108.45074,26.686095],[108.464609,26.683689],[108.423039,26.663929],[108.421183,26.656184],[108.428103,26.644019],[108.438861,26.631722],[108.442864,26.623322],[108.435132,26.609348],[108.420416,26.599962],[108.414447,26.591893],[108.414629,26.583621],[108.418046,26.57341],[108.420761,26.571026],[108.430127,26.568651],[108.439324,26.562143],[108.44513,26.553912],[108.45141,26.539006],[108.454814,26.534757],[108.480317,26.515501],[108.486825,26.512515],[108.488633,26.506712],[108.483735,26.505739],[108.479997,26.507707],[108.461489,26.504684],[108.459306,26.501317],[108.466164,26.494192],[108.467272,26.490021],[108.462674,26.483753],[108.449414,26.478015],[108.446434,26.473983],[108.442482,26.45851],[108.425558,26.425794],[108.421316,26.409637],[108.417759,26.403786],[108.40112,26.390779],[108.383148,26.38308],[108.376239,26.383062],[108.372215,26.384792],[108.365252,26.396249],[108.35967,26.397566],[108.348121,26.396993],[108.3365,26.393844],[108.325409,26.393905],[108.317521,26.400637],[108.314249,26.400079],[108.313125,26.397892],[108.303243,26.400843],[108.305291,26.410233],[108.309001,26.417887],[108.311898,26.419868],[108.326848,26.422183],[108.327944,26.423985],[108.324778,26.427982],[108.317933,26.430019],[108.315533,26.433991],[108.31389,26.437713],[108.315725,26.445231],[108.313804,26.4547],[108.30217,26.464914],[108.289783,26.469188],[108.275594,26.479482],[108.271686,26.484192],[108.266875,26.498341],[108.264643,26.500245],[108.248014,26.499911],[108.244155,26.501495],[108.239108,26.500293],[108.239397,26.503524],[108.247876,26.510058],[108.245185,26.514143],[108.245231,26.519746],[108.236944,26.518814],[108.233613,26.526673],[108.233264,26.537424],[108.231412,26.542417],[108.227671,26.546466],[108.211278,26.555408],[108.205293,26.564208],[108.205081,26.576967],[108.195923,26.590975],[108.196129,26.597503],[108.192521,26.601438],[108.184056,26.604016],[108.181187,26.606595],[108.180928,26.613462],[108.184567,26.619946],[108.18373,26.623018],[108.169368,26.626606],[108.162829,26.622682],[108.152245,26.620038],[108.139051,26.622525],[108.133401,26.622014],[108.127186,26.626797],[108.127932,26.632972],[108.13511,26.653182],[108.134573,26.659166],[108.128143,26.671534],[108.125622,26.684912],[108.119861,26.684329],[108.112481,26.688209],[108.118189,26.696683],[108.136132,26.704641],[108.142035,26.712155],[108.151987,26.719053],[108.161016,26.727936],[108.158062,26.732709],[108.146956,26.743347],[108.145441,26.751786],[108.141131,26.756037],[108.137956,26.763264],[108.13059,26.767473],[108.128366,26.770256],[108.12877,26.773405],[108.125739,26.776059],[108.143889,26.781588],[108.146144,26.794327],[108.147646,26.795724],[108.15122,26.795844],[108.156587,26.791223],[108.162403,26.800387],[108.169628,26.801118],[108.171862,26.803963],[108.169354,26.805156],[108.17062,26.808248],[108.178616,26.810312],[108.183104,26.813798],[108.185636,26.820847],[108.192179,26.826421],[108.199562,26.836178],[108.214712,26.839175],[108.218769,26.842749],[108.223246,26.851909],[108.232719,26.851359]]]}},{"type":"Feature","properties":{"dt_adcode":"522631"},"geometry":{"type":"Polygon","coordinates":[[[109.179693,25.80467],[109.183532,25.813003],[109.174866,25.820821],[109.174052,25.824358],[109.176843,25.829654],[109.182613,25.830938],[109.182942,25.832786],[109.190695,25.838593],[109.189247,25.840948],[109.192199,25.848876],[109.190818,25.850888],[109.191751,25.853549],[109.182417,25.859026],[109.178186,25.855981],[109.175997,25.860025],[109.173071,25.859578],[109.17227,25.862321],[109.169764,25.862792],[109.171321,25.867493],[109.167355,25.87913],[109.151423,25.886013],[109.148936,25.894478],[109.143283,25.904267],[109.141056,25.905029],[109.138871,25.903248],[109.133321,25.905171],[109.1285,25.912371],[109.128544,25.916339],[109.130843,25.916826],[109.133464,25.920782],[109.132336,25.922836],[109.119593,25.924301],[109.116966,25.927714],[109.120108,25.942228],[109.117385,25.946385],[109.118321,25.947933],[109.116327,25.948619],[109.119461,25.953573],[109.118989,25.958765],[109.114737,25.959241],[109.112042,25.963159],[109.105949,25.966175],[109.100358,25.966844],[109.101868,25.969874],[109.099945,25.972244],[109.094661,25.972186],[109.092663,25.973669],[109.095383,25.977508],[109.083505,25.980901],[109.075081,25.978177],[109.065003,25.971689],[109.063227,25.980841],[109.066078,25.984876],[109.065471,25.987539],[109.062669,25.989728],[109.055466,25.990026],[109.049501,25.994229],[109.046131,25.992193],[109.041628,25.992018],[109.028464,25.980407],[109.02093,25.986554],[109.017325,25.985004],[109.015493,25.982754],[109.015694,25.978708],[109.023134,25.974353],[109.019683,25.97174],[109.016701,25.959792],[109.013335,25.957014],[109.016186,25.953788],[109.011593,25.947783],[109.01178,25.943366],[109.004447,25.93621],[109.002217,25.936257],[108.998139,25.931279],[108.997683,25.927822],[109.001077,25.925994],[108.992914,25.910683],[108.995134,25.906239],[108.994202,25.903344],[108.984982,25.893356],[108.980566,25.895365],[108.97876,25.893643],[108.979328,25.890338],[108.976298,25.891096],[108.974058,25.888845],[108.969415,25.891661],[108.963096,25.891478],[108.964055,25.896802],[108.957336,25.899904],[108.954052,25.898974],[108.95311,25.896489],[108.946459,25.89205],[108.944468,25.881703],[108.945817,25.877663],[108.943083,25.874084],[108.936649,25.877249],[108.923732,25.875779],[108.920877,25.878839],[108.915957,25.878985],[108.911489,25.888902],[108.916995,25.907274],[108.917163,25.919261],[108.914888,25.925884],[108.915914,25.930684],[108.906561,25.939726],[108.908234,25.942891],[108.905851,25.947104],[108.893308,25.954958],[108.890461,25.955128],[108.888538,25.952246],[108.883254,25.953892],[108.880252,25.957337],[108.876439,25.956739],[108.872637,25.950851],[108.870046,25.950595],[108.868971,25.947544],[108.86507,25.944849],[108.859365,25.943923],[108.858299,25.949842],[108.843553,25.953063],[108.842776,25.950596],[108.845076,25.943168],[108.840992,25.937804],[108.836963,25.939581],[108.831136,25.937476],[108.825186,25.940398],[108.816639,25.936086],[108.806658,25.935206],[108.797194,25.929141],[108.786637,25.929622],[108.781864,25.935845],[108.780012,25.944054],[108.777938,25.945724],[108.777763,25.953869],[108.770776,25.953471],[108.769946,25.957527],[108.764949,25.961467],[108.762187,25.967235],[108.758585,25.970092],[108.762187,25.974547],[108.762889,25.980258],[108.762187,25.981971],[108.756136,25.984311],[108.758449,25.991509],[108.769956,26.000993],[108.767919,26.00795],[108.772084,26.013543],[108.774601,26.014382],[108.764983,26.019089],[108.770278,26.023929],[108.769797,26.028159],[108.766311,26.03314],[108.761122,26.03588],[108.757551,26.034653],[108.755116,26.036303],[108.748169,26.030252],[108.743802,26.032121],[108.738842,26.030301],[108.73634,26.032146],[108.736501,26.037585],[108.733163,26.040442],[108.736654,26.041446],[108.735386,26.04889],[108.728404,26.050317],[108.728404,26.054464],[108.725859,26.057324],[108.726173,26.061477],[108.72398,26.063538],[108.723935,26.065484],[108.728993,26.065689],[108.729489,26.066896],[108.72554,26.079515],[108.720611,26.083227],[108.721727,26.089522],[108.717118,26.087658],[108.715215,26.088789],[108.711271,26.086254],[108.705965,26.089076],[108.704382,26.091329],[108.704749,26.098386],[108.698847,26.103421],[108.701883,26.109262],[108.700927,26.112274],[108.698152,26.114002],[108.686512,26.110516],[108.67663,26.103279],[108.672997,26.103548],[108.668102,26.109412],[108.648327,26.101504],[108.641279,26.10455],[108.644383,26.111678],[108.646524,26.123423],[108.641563,26.123983],[108.639613,26.125729],[108.64527,26.130089],[108.648413,26.147791],[108.655081,26.162223],[108.660121,26.165093],[108.677581,26.16739],[108.681513,26.171103],[108.682347,26.175685],[108.690431,26.177339],[108.683976,26.183193],[108.691624,26.183584],[108.692106,26.185418],[108.687133,26.189552],[108.690201,26.191373],[108.690041,26.192947],[108.680489,26.200367],[108.670141,26.206347],[108.665521,26.206481],[108.667426,26.210105],[108.660872,26.209558],[108.657951,26.215918],[108.66082,26.226188],[108.649755,26.232583],[108.648548,26.239982],[108.638847,26.250919],[108.640834,26.257509],[108.632428,26.259898],[108.629494,26.267684],[108.630526,26.27274],[108.64267,26.276471],[108.648304,26.280925],[108.655125,26.278027],[108.659292,26.271464],[108.666506,26.271534],[108.669127,26.279632],[108.679468,26.295842],[108.677556,26.300559],[108.675323,26.300266],[108.672219,26.302736],[108.677864,26.312935],[108.667126,26.316902],[108.666851,26.322328],[108.658688,26.335084],[108.662499,26.357081],[108.673369,26.38336],[108.672386,26.390276],[108.66894,26.393371],[108.664016,26.404317],[108.664643,26.424496],[108.654604,26.447541],[108.656561,26.451152],[108.667403,26.458839],[108.671876,26.467421],[108.671294,26.4718],[108.668631,26.475329],[108.664646,26.478209],[108.656258,26.480084],[108.650856,26.485535],[108.653892,26.490491],[108.661619,26.497361],[108.673071,26.501127],[108.678979,26.501169],[108.700149,26.495293],[108.732265,26.492903],[108.753239,26.487399],[108.767244,26.497485],[108.796757,26.489767],[108.810056,26.493784],[108.817554,26.501664],[108.826689,26.494489],[108.828986,26.488436],[108.822779,26.481091],[108.814077,26.474982],[108.813028,26.468592],[108.819346,26.461244],[108.831436,26.457355],[108.840866,26.451037],[108.842321,26.443636],[108.839617,26.434554],[108.840709,26.430382],[108.843811,26.425448],[108.849289,26.423294],[108.884879,26.433591],[108.900121,26.427068],[108.911898,26.427109],[108.917642,26.429661],[108.930735,26.441603],[108.940817,26.443324],[108.94368,26.44261],[108.960095,26.419413],[108.970616,26.416152],[108.974945,26.415319],[108.986429,26.419532],[109.006385,26.412445],[109.012538,26.412243],[109.017958,26.412981],[109.037885,26.421957],[109.049303,26.424024],[109.05612,26.420233],[109.060567,26.413419],[109.070834,26.40639],[109.085436,26.402644],[109.102125,26.392379],[109.109758,26.391411],[109.114178,26.393081],[109.121508,26.397329],[109.123349,26.40133],[109.125965,26.401939],[109.141151,26.392966],[109.147995,26.395228],[109.157274,26.391847],[109.16411,26.393685],[109.170273,26.39277],[109.170217,26.385229],[109.172609,26.382664],[109.175754,26.38207],[109.182823,26.38439],[109.187321,26.388872],[109.193753,26.389806],[109.199273,26.396218],[109.202065,26.395094],[109.200579,26.391709],[109.201722,26.388238],[109.211697,26.389139],[109.218474,26.39898],[109.219252,26.402644],[109.209052,26.409468],[109.2124,26.412994],[109.223529,26.414093],[109.223385,26.418962],[109.225939,26.420669],[109.234359,26.419061],[109.239614,26.409063],[109.256116,26.397779],[109.269473,26.392434],[109.274063,26.392952],[109.279638,26.396009],[109.282891,26.400644],[109.281807,26.404764],[109.254591,26.414295],[109.246097,26.419015],[109.243486,26.423449],[109.246657,26.42976],[109.253367,26.436471],[109.25084,26.440202],[109.243194,26.439514],[109.240684,26.447396],[109.242912,26.448676],[109.245445,26.445089],[109.249597,26.447935],[109.25565,26.447919],[109.257612,26.460806],[109.259537,26.46295],[109.264733,26.46449],[109.266356,26.46058],[109.26925,26.460558],[109.270159,26.458229],[109.26895,26.44381],[109.273504,26.437212],[109.28044,26.432362],[109.286987,26.429825],[109.306777,26.430935],[109.326809,26.427945],[109.319559,26.418627],[109.313562,26.397393],[109.306722,26.380967],[109.299039,26.368197],[109.29481,26.348605],[109.289278,26.343685],[109.277322,26.340026],[109.272341,26.333738],[109.271437,26.327755],[109.274487,26.315411],[109.285866,26.295824],[109.289689,26.294828],[109.297364,26.297292],[109.306471,26.290722],[109.325546,26.290095],[109.325913,26.286953],[109.32299,26.283071],[109.335229,26.276209],[109.339801,26.26407],[109.351433,26.264266],[109.369433,26.277199],[109.391163,26.277114],[109.406088,26.285396],[109.421036,26.288731],[109.429797,26.286701],[109.436094,26.289512],[109.442624,26.289891],[109.44253,26.291424],[109.440155,26.291364],[109.440093,26.293523],[109.447377,26.296834],[109.44344,26.300046],[109.444468,26.303097],[109.460165,26.313798],[109.466133,26.314146],[109.467868,26.312673],[109.476893,26.299237],[109.471688,26.297463],[109.463528,26.287276],[109.458336,26.283452],[109.458044,26.276766],[109.455085,26.270286],[109.456376,26.267047],[109.453413,26.264524],[109.446029,26.250418],[109.439787,26.243674],[109.439613,26.238848],[109.447656,26.217617],[109.452387,26.209648],[109.468289,26.203206],[109.470368,26.200936],[109.470454,26.196347],[109.461254,26.196008],[109.459319,26.194591],[109.463202,26.18413],[109.468347,26.179987],[109.471171,26.173887],[109.471635,26.169309],[109.467502,26.162341],[109.475066,26.153708],[109.476169,26.148073],[109.48011,26.145598],[109.486763,26.148708],[109.487478,26.147262],[109.490575,26.14725],[109.490036,26.145875],[109.493173,26.144002],[109.495272,26.152583],[109.502376,26.137016],[109.514111,26.128275],[109.513174,26.11713],[109.506959,26.109074],[109.504085,26.096835],[109.499628,26.098623],[109.491724,26.097635],[109.475984,26.099489],[109.469659,26.095253],[109.465001,26.096651],[109.464704,26.09404],[109.466531,26.091602],[109.464879,26.09073],[109.449675,26.101838],[109.45109,26.076284],[109.447547,26.071779],[109.452437,26.063697],[109.453274,26.054885],[109.463248,26.049325],[109.479154,26.047761],[109.482633,26.02963],[109.478382,26.025673],[109.475092,26.011399],[109.468424,26.000523],[109.454366,25.991382],[109.411521,25.969171],[109.405755,25.964257],[109.406841,25.96106],[109.42604,25.955164],[109.429406,25.952001],[109.434981,25.939458],[109.435242,25.932964],[109.425742,25.916367],[109.420241,25.911461],[109.413219,25.905616],[109.39677,25.900297],[109.392521,25.896324],[109.391338,25.891255],[109.392085,25.878412],[109.388669,25.870779],[109.375445,25.85609],[109.36733,25.840564],[109.363824,25.837059],[109.359004,25.836053],[109.349007,25.838856],[109.344439,25.837626],[109.339294,25.833779],[109.340266,25.829804],[109.337351,25.825555],[109.336677,25.818177],[109.339728,25.802519],[109.336331,25.789579],[109.328394,25.782264],[109.328939,25.779961],[109.333426,25.776325],[109.334169,25.772023],[109.329442,25.768417],[109.327473,25.762847],[109.338402,25.755291],[109.341499,25.746926],[109.341399,25.732484],[109.314896,25.733174],[109.311021,25.731691],[109.31388,25.722063],[109.306971,25.720231],[109.296657,25.71418],[109.290262,25.717054],[109.280489,25.713971],[109.2739,25.717193],[109.257717,25.718906],[109.256359,25.71976],[109.254788,25.728583],[109.24767,25.728242],[109.232527,25.736964],[109.217308,25.736759],[109.207765,25.739343],[109.209457,25.747516],[109.209172,25.756081],[109.206738,25.759846],[109.207502,25.76202],[109.203641,25.764433],[109.19977,25.761954],[109.195791,25.764481],[109.20497,25.773927],[109.206701,25.788096],[109.193078,25.800093],[109.179693,25.80467]]]}},{"type":"Feature","properties":{"dt_adcode":"522632"},"geometry":{"type":"Polygon","coordinates":[[[108.179958,25.622178],[108.185679,25.634435],[108.184271,25.639182],[108.186212,25.642781],[108.181444,25.648701],[108.17748,25.647831],[108.174489,25.652498],[108.168713,25.652461],[108.165707,25.656522],[108.168333,25.663151],[108.166687,25.668924],[108.169055,25.675638],[108.163455,25.690696],[108.164803,25.700302],[108.159489,25.698252],[108.15853,25.702654],[108.149849,25.696502],[108.144558,25.698829],[108.139935,25.698125],[108.136059,25.696821],[108.130681,25.690868],[108.115434,25.68721],[108.110661,25.680127],[108.098756,25.679983],[108.098027,25.684405],[108.102541,25.695816],[108.098189,25.702209],[108.098682,25.714851],[108.09946,25.717247],[108.103399,25.715916],[108.102706,25.723346],[108.097282,25.740949],[108.098671,25.744122],[108.107896,25.75279],[108.108304,25.756909],[108.10453,25.764366],[108.092683,25.767244],[108.087213,25.77062],[108.083148,25.777392],[108.082593,25.782916],[108.091749,25.810202],[108.107387,25.819251],[108.109219,25.822872],[108.124043,25.831034],[108.117543,25.837316],[108.108417,25.83949],[108.11009,25.845777],[108.134772,25.868148],[108.138816,25.877416],[108.151596,25.885527],[108.151847,25.887012],[108.148581,25.889188],[108.14967,25.89307],[108.146792,25.892504],[108.145444,25.893932],[108.146793,25.898103],[108.141667,25.899875],[108.137891,25.915135],[108.143812,25.91452],[108.152814,25.920468],[108.16775,25.937051],[108.168687,25.940191],[108.166091,25.951013],[108.168611,25.955562],[108.179054,25.953286],[108.190588,25.957766],[108.19514,25.957293],[108.199624,25.954145],[108.200592,25.958714],[108.209904,25.962817],[108.212867,25.970301],[108.223311,25.973207],[108.218451,25.982124],[108.218649,25.993036],[108.221733,25.995852],[108.222212,25.998681],[108.21832,26.001838],[108.222373,26.005028],[108.225077,26.004085],[108.225862,26.007351],[108.223973,26.009444],[108.218244,26.011181],[108.230586,26.026958],[108.240724,26.032145],[108.24298,26.037579],[108.241375,26.042221],[108.238409,26.044605],[108.228844,26.04101],[108.226321,26.041551],[108.223209,26.046468],[108.223409,26.051507],[108.230952,26.062053],[108.230588,26.065966],[108.228715,26.070155],[108.218262,26.070359],[108.221244,26.085306],[108.228942,26.093322],[108.231188,26.098528],[108.231344,26.102654],[108.223161,26.114846],[108.222546,26.118768],[108.227626,26.131224],[108.23106,26.147408],[108.228616,26.156435],[108.216429,26.164167],[108.230438,26.183454],[108.237931,26.199049],[108.245174,26.201574],[108.260312,26.197206],[108.265218,26.198433],[108.272365,26.204867],[108.277586,26.21412],[108.280069,26.24426],[108.278602,26.24606],[108.271506,26.246774],[108.267255,26.251502],[108.293371,26.273701],[108.292089,26.280115],[108.298318,26.311672],[108.294857,26.315456],[108.295186,26.323635],[108.290808,26.328547],[108.286172,26.329401],[108.282699,26.332324],[108.300451,26.340098],[108.305044,26.344432],[108.303256,26.349252],[108.292826,26.352932],[108.303592,26.357697],[108.306313,26.353561],[108.316034,26.350604],[108.325903,26.352656],[108.33117,26.349681],[108.336423,26.349419],[108.36052,26.361506],[108.370198,26.372919],[108.377742,26.375901],[108.390315,26.370463],[108.397063,26.360382],[108.40558,26.355983],[108.415569,26.356578],[108.420766,26.358703],[108.42369,26.367786],[108.427341,26.369733],[108.429613,26.368967],[108.43569,26.361419],[108.444062,26.360221],[108.470632,26.373758],[108.481634,26.386913],[108.488713,26.391711],[108.496968,26.393941],[108.514637,26.389863],[108.528881,26.388896],[108.534534,26.390069],[108.54598,26.401369],[108.564909,26.408738],[108.574879,26.420787],[108.578547,26.422957],[108.587039,26.424276],[108.592628,26.429596],[108.603446,26.449432],[108.614251,26.456651],[108.622168,26.456159],[108.62986,26.450173],[108.644773,26.445559],[108.654604,26.447541],[108.664643,26.424496],[108.664016,26.404317],[108.66894,26.393371],[108.672386,26.390276],[108.673369,26.38336],[108.662499,26.357081],[108.658688,26.335084],[108.666851,26.322328],[108.667126,26.316902],[108.677864,26.312935],[108.672219,26.302736],[108.675323,26.300266],[108.677556,26.300559],[108.679468,26.295842],[108.669127,26.279632],[108.666506,26.271534],[108.659292,26.271464],[108.655125,26.278027],[108.648304,26.280925],[108.64267,26.276471],[108.630526,26.27274],[108.629494,26.267684],[108.632428,26.259898],[108.640834,26.257509],[108.638847,26.250919],[108.648548,26.239982],[108.649755,26.232583],[108.66082,26.226188],[108.657951,26.215918],[108.660872,26.209558],[108.667426,26.210105],[108.665521,26.206481],[108.670141,26.206347],[108.680489,26.200367],[108.690041,26.192947],[108.690201,26.191373],[108.687133,26.189552],[108.692106,26.185418],[108.691624,26.183584],[108.683976,26.183193],[108.690431,26.177339],[108.682347,26.175685],[108.681513,26.171103],[108.677581,26.16739],[108.660121,26.165093],[108.655081,26.162223],[108.648413,26.147791],[108.64527,26.130089],[108.639613,26.125729],[108.641563,26.123983],[108.646524,26.123423],[108.644383,26.111678],[108.641279,26.10455],[108.648327,26.101504],[108.668102,26.109412],[108.672997,26.103548],[108.67663,26.103279],[108.686512,26.110516],[108.698152,26.114002],[108.700927,26.112274],[108.701883,26.109262],[108.698847,26.103421],[108.704749,26.098386],[108.704382,26.091329],[108.705965,26.089076],[108.711271,26.086254],[108.715215,26.088789],[108.717118,26.087658],[108.721727,26.089522],[108.720611,26.083227],[108.72554,26.079515],[108.729489,26.066896],[108.728993,26.065689],[108.723935,26.065484],[108.72398,26.063538],[108.726173,26.061477],[108.725859,26.057324],[108.728404,26.054464],[108.728404,26.050317],[108.735386,26.04889],[108.736654,26.041446],[108.733163,26.040442],[108.736641,26.036082],[108.731054,26.035257],[108.723138,26.031271],[108.723053,26.019842],[108.717031,26.014332],[108.712719,26.005759],[108.715458,25.996438],[108.714074,25.993958],[108.706907,25.987539],[108.67654,25.976355],[108.671676,25.976051],[108.663514,25.982279],[108.656345,25.981819],[108.651829,25.977835],[108.651516,25.964536],[108.647488,25.959843],[108.640043,25.958936],[108.624097,25.961979],[108.617483,25.956459],[108.615189,25.950338],[108.597298,25.937166],[108.595266,25.931266],[108.596661,25.879816],[108.589231,25.854595],[108.585551,25.846339],[108.572653,25.848183],[108.569064,25.843103],[108.560997,25.839909],[108.561446,25.836309],[108.565224,25.833222],[108.568751,25.826538],[108.563944,25.822599],[108.558082,25.820635],[108.552209,25.812265],[108.546096,25.810913],[108.545076,25.811943],[108.550001,25.820046],[108.546096,25.822966],[108.544429,25.826397],[108.540213,25.826691],[108.541173,25.830116],[108.539445,25.831835],[108.534263,25.828702],[108.52896,25.816148],[108.526274,25.813867],[108.519688,25.817424],[108.521163,25.819708],[108.513808,25.821607],[108.513809,25.825265],[108.507542,25.831394],[108.486079,25.833338],[108.481477,25.832241],[108.478419,25.829625],[108.473484,25.8128],[108.467502,25.809341],[108.454964,25.806793],[108.449194,25.802172],[108.444706,25.791772],[108.442079,25.770977],[108.430368,25.757832],[108.428928,25.75375],[108.416342,25.744069],[108.405078,25.742368],[108.396811,25.739189],[108.390132,25.731138],[108.38974,25.721512],[108.393961,25.703435],[108.397755,25.69326],[108.409474,25.672871],[108.373687,25.662696],[108.369324,25.665809],[108.36236,25.667287],[108.351586,25.667362],[108.347237,25.666272],[108.330633,25.654823],[108.315907,25.649896],[108.293206,25.647638],[108.281968,25.642121],[108.263685,25.642423],[108.258125,25.641106],[108.246472,25.633412],[108.241897,25.627753],[108.237308,25.628503],[108.225594,25.621269],[108.217123,25.611249],[108.203864,25.612053],[108.197074,25.610931],[108.19093,25.612367],[108.181713,25.616493],[108.179958,25.622178]]]}},{"type":"Feature","properties":{"dt_adcode":"522633"},"geometry":{"type":"Polygon","coordinates":[[[108.736641,26.036082],[108.73602,26.032718],[108.738842,26.030301],[108.743802,26.032121],[108.748169,26.030252],[108.755116,26.036303],[108.757551,26.034653],[108.761122,26.03588],[108.766311,26.03314],[108.769797,26.028159],[108.770278,26.023929],[108.764983,26.019089],[108.774601,26.014382],[108.772084,26.013543],[108.767919,26.00795],[108.769956,26.000993],[108.758449,25.991509],[108.756136,25.984311],[108.762187,25.981971],[108.762889,25.980258],[108.762187,25.974547],[108.758585,25.970092],[108.762187,25.967235],[108.764949,25.961467],[108.769946,25.957527],[108.770776,25.953471],[108.777763,25.953869],[108.777938,25.945724],[108.780012,25.944054],[108.781864,25.935845],[108.786637,25.929622],[108.797194,25.929141],[108.806658,25.935206],[108.816639,25.936086],[108.825186,25.940398],[108.831136,25.937476],[108.836963,25.939581],[108.840992,25.937804],[108.845076,25.943168],[108.842776,25.950596],[108.843553,25.953063],[108.858299,25.949842],[108.859365,25.943923],[108.86507,25.944849],[108.868971,25.947544],[108.870046,25.950595],[108.872637,25.950851],[108.876439,25.956739],[108.880252,25.957337],[108.883254,25.953892],[108.888538,25.952246],[108.890461,25.955128],[108.893308,25.954958],[108.905851,25.947104],[108.908234,25.942891],[108.906561,25.939726],[108.915914,25.930684],[108.914888,25.925884],[108.917163,25.919261],[108.916995,25.907274],[108.911489,25.888902],[108.915957,25.878985],[108.920877,25.878839],[108.923732,25.875779],[108.936649,25.877249],[108.943083,25.874084],[108.945817,25.877663],[108.944468,25.881703],[108.946459,25.89205],[108.95311,25.896489],[108.954052,25.898974],[108.957336,25.899904],[108.964055,25.896802],[108.963096,25.891478],[108.969415,25.891661],[108.974058,25.888845],[108.976298,25.891096],[108.979328,25.890338],[108.97876,25.893643],[108.980566,25.895365],[108.984982,25.893356],[108.994202,25.903344],[108.995134,25.906239],[108.992914,25.910683],[109.001077,25.925994],[108.997683,25.927822],[108.998139,25.931279],[109.002217,25.936257],[109.004447,25.93621],[109.01178,25.943366],[109.011593,25.947783],[109.016186,25.953788],[109.013335,25.957014],[109.016701,25.959792],[109.019683,25.97174],[109.023134,25.974353],[109.015694,25.978708],[109.015493,25.982754],[109.017325,25.985004],[109.02093,25.986554],[109.028464,25.980407],[109.041628,25.992018],[109.046131,25.992193],[109.049501,25.994229],[109.055466,25.990026],[109.062669,25.989728],[109.065471,25.987539],[109.066078,25.984876],[109.063227,25.980841],[109.065003,25.971689],[109.075081,25.978177],[109.083505,25.980901],[109.095383,25.977508],[109.092663,25.973669],[109.094661,25.972186],[109.099945,25.972244],[109.101868,25.969874],[109.100358,25.966844],[109.105949,25.966175],[109.112042,25.963159],[109.114737,25.959241],[109.118989,25.958765],[109.119461,25.953573],[109.116327,25.948619],[109.118321,25.947933],[109.117385,25.946385],[109.120108,25.942228],[109.116966,25.927714],[109.119593,25.924301],[109.132336,25.922836],[109.133464,25.920782],[109.130843,25.916826],[109.128544,25.916339],[109.1285,25.912371],[109.133321,25.905171],[109.138871,25.903248],[109.141056,25.905029],[109.143283,25.904267],[109.148936,25.894478],[109.151423,25.886013],[109.167355,25.87913],[109.171321,25.867493],[109.169764,25.862792],[109.17227,25.862321],[109.173071,25.859578],[109.175997,25.860025],[109.178186,25.855981],[109.182417,25.859026],[109.191751,25.853549],[109.190818,25.850888],[109.192199,25.848876],[109.189247,25.840948],[109.190695,25.838593],[109.182942,25.832786],[109.182613,25.830938],[109.176843,25.829654],[109.174052,25.824358],[109.174866,25.820821],[109.183639,25.812303],[109.179693,25.80467],[109.173598,25.803868],[109.166125,25.796308],[109.182282,25.788914],[109.177932,25.782082],[109.178427,25.779551],[109.183676,25.776389],[109.190463,25.775747],[109.191096,25.774539],[109.178822,25.760026],[109.174914,25.759167],[109.170365,25.762778],[109.164046,25.759244],[109.159269,25.759048],[109.160089,25.752188],[109.157672,25.750351],[109.155359,25.744727],[109.152099,25.741944],[109.148262,25.741846],[109.136959,25.753486],[109.132287,25.76253],[109.143848,25.777215],[109.145065,25.780983],[109.143359,25.786842],[109.143567,25.795261],[109.138809,25.799114],[109.135141,25.805435],[109.128706,25.80845],[109.117967,25.809391],[109.111169,25.80569],[109.102623,25.804834],[109.097089,25.807831],[109.094781,25.802313],[109.098242,25.795144],[109.094916,25.793978],[109.087641,25.79581],[109.085311,25.794614],[109.078853,25.784421],[109.078283,25.776835],[109.057961,25.784492],[109.049318,25.790282],[109.038833,25.789529],[109.031363,25.793944],[109.022207,25.790921],[109.016769,25.790901],[109.011775,25.77953],[109.00897,25.7832],[109.006166,25.780972],[108.997717,25.78439],[108.989626,25.778939],[108.999585,25.76546],[109.000037,25.760586],[108.993534,25.763304],[108.989697,25.763007],[108.980744,25.752407],[108.979572,25.745306],[108.972956,25.742661],[108.964214,25.745069],[108.961964,25.743794],[108.959545,25.740112],[108.964463,25.736146],[108.963565,25.732522],[108.948965,25.731161],[108.94739,25.732421],[108.94847,25.735744],[108.945715,25.737866],[108.937849,25.739619],[108.929732,25.732558],[108.920861,25.731416],[108.912711,25.726498],[108.91142,25.724743],[108.91215,25.718358],[108.909349,25.715943],[108.906976,25.714753],[108.903261,25.717299],[108.897641,25.716161],[108.896222,25.714141],[108.895069,25.703385],[108.89938,25.691364],[108.896831,25.686411],[108.900334,25.68236],[108.915756,25.67751],[108.919575,25.677767],[108.925879,25.683554],[108.929381,25.684185],[108.930426,25.682229],[108.934856,25.682009],[108.945875,25.676468],[108.948403,25.676704],[108.950484,25.68121],[108.954612,25.683312],[108.953669,25.686956],[108.955807,25.688248],[108.957432,25.687319],[108.958181,25.691353],[108.968031,25.695776],[108.978789,25.705259],[108.983898,25.720591],[109.001383,25.724515],[108.998907,25.734986],[109.000967,25.73632],[109.016075,25.731208],[109.021707,25.727466],[109.024751,25.731372],[109.024449,25.725799],[109.030564,25.72273],[109.036911,25.724508],[109.038603,25.72653],[109.041161,25.729826],[109.043442,25.738416],[109.055884,25.738113],[109.054371,25.736696],[109.056284,25.734706],[109.05362,25.733812],[109.054306,25.732191],[109.071888,25.72561],[109.079108,25.720697],[109.072512,25.711854],[109.071938,25.708198],[109.075232,25.693868],[109.064642,25.68797],[109.062462,25.683476],[109.057474,25.679813],[109.055584,25.671131],[109.05009,25.666322],[109.049477,25.660595],[109.042994,25.656967],[109.040697,25.645582],[109.041878,25.638974],[109.033678,25.636644],[109.031793,25.634592],[109.031236,25.629528],[109.041092,25.623476],[109.039225,25.620269],[109.041005,25.618998],[109.047247,25.619963],[109.048602,25.612723],[109.046456,25.609314],[109.042449,25.608912],[109.042156,25.607319],[109.047437,25.571642],[109.052189,25.566823],[109.060062,25.565678],[109.067779,25.561861],[109.075608,25.553103],[109.088532,25.549498],[109.085625,25.546217],[109.08074,25.545019],[109.079841,25.538705],[109.077327,25.536214],[109.066838,25.538751],[109.055531,25.525551],[109.047605,25.522027],[109.046603,25.523241],[109.04868,25.524104],[109.044494,25.52566],[109.045947,25.527099],[109.044158,25.527979],[109.025101,25.51249],[109.01104,25.51924],[109.005401,25.525552],[108.997619,25.530481],[108.996932,25.534719],[108.993789,25.536318],[108.989634,25.53372],[108.978557,25.533536],[108.972854,25.531773],[108.972459,25.542497],[108.967597,25.547265],[108.957172,25.55128],[108.952436,25.556363],[108.949184,25.556992],[108.937941,25.553584],[108.934425,25.553974],[108.931764,25.556385],[108.925856,25.550448],[108.915871,25.544881],[108.906197,25.543892],[108.897481,25.54088],[108.889508,25.543311],[108.891644,25.554066],[108.890401,25.556237],[108.875043,25.553205],[108.8707,25.554393],[108.867314,25.558563],[108.859718,25.554447],[108.851552,25.554636],[108.851447,25.551864],[108.856112,25.551095],[108.855444,25.548076],[108.852951,25.549069],[108.835982,25.547545],[108.833297,25.546094],[108.826481,25.550078],[108.822544,25.541785],[108.819147,25.539958],[108.814955,25.527242],[108.812718,25.526359],[108.806858,25.533829],[108.800138,25.538016],[108.800525,25.541551],[108.798501,25.546512],[108.794004,25.546122],[108.793793,25.549408],[108.789142,25.554657],[108.787141,25.553559],[108.78072,25.555174],[108.783767,25.558117],[108.787719,25.573268],[108.79167,25.575626],[108.796262,25.575116],[108.799816,25.576837],[108.796472,25.582668],[108.798849,25.586181],[108.795488,25.590159],[108.795967,25.592665],[108.787277,25.599397],[108.780049,25.60233],[108.780686,25.606014],[108.784603,25.606631],[108.782666,25.609105],[108.782517,25.613687],[108.779456,25.612983],[108.777658,25.617073],[108.779339,25.619009],[108.782913,25.616844],[108.785888,25.617847],[108.786402,25.621464],[108.781961,25.624327],[108.784826,25.626287],[108.784039,25.628281],[108.76849,25.631189],[108.765758,25.630486],[108.765517,25.632085],[108.768515,25.633449],[108.762009,25.637764],[108.748714,25.6378],[108.723366,25.6345],[108.722768,25.630998],[108.71448,25.623479],[108.709927,25.623009],[108.703724,25.625511],[108.689003,25.6232],[108.687434,25.616241],[108.683373,25.611587],[108.682409,25.605853],[108.689697,25.604289],[108.68842,25.600704],[108.690469,25.596264],[108.686347,25.594967],[108.686653,25.588376],[108.685383,25.586654],[108.678413,25.587488],[108.672786,25.590188],[108.665374,25.589075],[108.660967,25.584796],[108.66324,25.579376],[108.668685,25.578073],[108.663439,25.577139],[108.65995,25.573436],[108.662424,25.565639],[108.665894,25.562339],[108.661184,25.557775],[108.658204,25.55184],[108.658231,25.550441],[108.670563,25.546334],[108.678964,25.538298],[108.687331,25.535226],[108.689992,25.530148],[108.690464,25.518931],[108.682483,25.521045],[108.675919,25.524869],[108.667718,25.532209],[108.66304,25.526021],[108.654604,25.530072],[108.652859,25.523647],[108.644781,25.525977],[108.632856,25.518907],[108.629855,25.514233],[108.631312,25.508407],[108.622194,25.502899],[108.619806,25.498657],[108.621157,25.492798],[108.607424,25.491522],[108.610048,25.486178],[108.613152,25.486756],[108.618127,25.484352],[108.620247,25.47907],[108.618961,25.477645],[108.620393,25.47668],[108.62825,25.477935],[108.633152,25.464436],[108.628994,25.463664],[108.624793,25.465132],[108.610764,25.479343],[108.603084,25.459245],[108.597895,25.452145],[108.598539,25.441865],[108.601824,25.436987],[108.600331,25.432466],[108.593983,25.430448],[108.593013,25.42497],[108.587687,25.421384],[108.591563,25.40994],[108.59527,25.407669],[108.613879,25.407241],[108.613692,25.401076],[108.619336,25.396689],[108.614458,25.393525],[108.615106,25.391995],[108.622252,25.389735],[108.620479,25.385643],[108.623885,25.377298],[108.620109,25.373031],[108.621109,25.369267],[108.615354,25.365756],[108.616502,25.360373],[108.620756,25.355214],[108.621696,25.351631],[108.627652,25.351655],[108.628129,25.349777],[108.626053,25.347005],[108.630053,25.335926],[108.625283,25.326939],[108.625211,25.30813],[108.622988,25.306325],[108.619246,25.306764],[108.613888,25.30986],[108.609964,25.319758],[108.607139,25.319089],[108.604269,25.320643],[108.596175,25.330419],[108.591946,25.330687],[108.592652,25.333102],[108.589033,25.335342],[108.591623,25.339227],[108.591366,25.344405],[108.594387,25.347535],[108.586587,25.359147],[108.585848,25.365984],[108.574848,25.368303],[108.562506,25.374076],[108.564654,25.379067],[108.564061,25.384329],[108.558067,25.390556],[108.557507,25.393933],[108.552372,25.395139],[108.550116,25.40025],[108.543946,25.403672],[108.544397,25.408007],[108.529833,25.414418],[108.526981,25.417971],[108.511275,25.414402],[108.510552,25.419046],[108.513868,25.428696],[108.507392,25.432977],[108.503674,25.444948],[108.500351,25.447821],[108.491511,25.450653],[108.488358,25.456366],[108.478089,25.456752],[108.47179,25.458883],[108.46329,25.45431],[108.443138,25.449997],[108.436625,25.445462],[108.433447,25.43641],[108.427738,25.436851],[108.419012,25.443372],[108.414651,25.456465],[108.415078,25.461665],[108.400348,25.491402],[108.391372,25.499113],[108.38553,25.496222],[108.381407,25.500681],[108.359564,25.51348],[108.351822,25.524721],[108.352502,25.533075],[108.348245,25.536296],[108.344706,25.537354],[108.337344,25.535414],[108.332161,25.53771],[108.329661,25.534167],[108.318753,25.532689],[108.316062,25.530385],[108.317651,25.526379],[108.31704,25.522616],[108.311636,25.526499],[108.308209,25.525784],[108.303267,25.520739],[108.291424,25.524619],[108.282603,25.548225],[108.285154,25.553142],[108.281412,25.558714],[108.285797,25.564766],[108.286698,25.567922],[108.285415,25.570011],[108.283261,25.572717],[108.27674,25.574724],[108.271297,25.582679],[108.260628,25.588461],[108.245876,25.585993],[108.247042,25.590182],[108.243268,25.595812],[108.244526,25.600348],[108.242628,25.602779],[108.244649,25.611472],[108.246952,25.614846],[108.246937,25.620668],[108.241897,25.627753],[108.246472,25.633412],[108.258125,25.641106],[108.263685,25.642423],[108.281968,25.642121],[108.293206,25.647638],[108.315907,25.649896],[108.330633,25.654823],[108.347237,25.666272],[108.356186,25.667958],[108.36236,25.667287],[108.369324,25.665809],[108.373687,25.662696],[108.409474,25.672871],[108.397755,25.69326],[108.393961,25.703435],[108.38974,25.721512],[108.390132,25.731138],[108.396811,25.739189],[108.405078,25.742368],[108.416342,25.744069],[108.428928,25.75375],[108.430368,25.757832],[108.442079,25.770977],[108.444706,25.791772],[108.447332,25.800174],[108.454964,25.806793],[108.467502,25.809341],[108.473484,25.8128],[108.478419,25.829625],[108.481477,25.832241],[108.486079,25.833338],[108.507542,25.831394],[108.513809,25.825265],[108.513808,25.821607],[108.521163,25.819708],[108.519688,25.817424],[108.526274,25.813867],[108.52896,25.816148],[108.534263,25.828702],[108.539445,25.831835],[108.541173,25.830116],[108.540213,25.826691],[108.544429,25.826397],[108.546096,25.822966],[108.550001,25.820046],[108.545076,25.811943],[108.546096,25.810913],[108.552209,25.812265],[108.558082,25.820635],[108.563944,25.822599],[108.568751,25.826538],[108.565224,25.833222],[108.561446,25.836309],[108.560997,25.839909],[108.569064,25.843103],[108.572653,25.848183],[108.585551,25.846339],[108.589231,25.854595],[108.596661,25.879816],[108.595266,25.931266],[108.597298,25.937166],[108.615189,25.950338],[108.617483,25.956459],[108.624097,25.961979],[108.640043,25.958936],[108.647488,25.959843],[108.651516,25.964536],[108.651829,25.977835],[108.656345,25.981819],[108.663514,25.982279],[108.671676,25.976051],[108.674226,25.975969],[108.68948,25.980301],[108.706907,25.987539],[108.715458,25.996438],[108.712719,26.005759],[108.717031,26.014332],[108.723053,26.019842],[108.723138,26.031271],[108.731054,26.035257],[108.736641,26.036082]]]}},{"type":"Feature","properties":{"dt_adcode":"522634"},"geometry":{"type":"Polygon","coordinates":[[[107.930054,26.417197],[107.931914,26.423375],[107.945692,26.441611],[107.947823,26.448935],[107.94878,26.464069],[107.958052,26.469271],[107.962627,26.466022],[107.969127,26.453813],[107.975245,26.451701],[107.979902,26.455336],[107.981574,26.465878],[107.98597,26.469286],[107.989801,26.468341],[107.995564,26.458432],[107.999656,26.457483],[108.004444,26.470059],[108.008625,26.474691],[108.011168,26.481051],[108.008652,26.489151],[108.009358,26.49418],[108.01978,26.505384],[108.029391,26.508343],[108.045664,26.504464],[108.051032,26.497201],[108.050283,26.491025],[108.052684,26.486828],[108.058459,26.483457],[108.072003,26.482616],[108.082568,26.477494],[108.087701,26.478034],[108.095811,26.482616],[108.108194,26.48523],[108.117623,26.484484],[108.131806,26.487717],[108.13555,26.492188],[108.138176,26.500601],[108.134338,26.513574],[108.136037,26.517882],[108.148167,26.527826],[108.154085,26.542097],[108.160096,26.545578],[108.163118,26.544563],[108.170263,26.537906],[108.173293,26.536889],[108.177684,26.538124],[108.183247,26.543314],[108.182059,26.547159],[108.177964,26.550278],[108.17801,26.553484],[108.184564,26.557676],[108.190569,26.558886],[108.195008,26.564068],[108.200504,26.565427],[108.205758,26.563931],[108.211278,26.555408],[108.227671,26.546466],[108.231076,26.542873],[108.233103,26.538566],[108.233682,26.526384],[108.236944,26.518814],[108.245231,26.519746],[108.245185,26.514143],[108.247876,26.510058],[108.239397,26.503524],[108.239108,26.500293],[108.244155,26.501495],[108.248014,26.499911],[108.264643,26.500245],[108.266875,26.498341],[108.271686,26.484192],[108.275594,26.479482],[108.289783,26.469188],[108.30217,26.464914],[108.313804,26.4547],[108.315725,26.445231],[108.31389,26.437713],[108.315533,26.433991],[108.317933,26.430019],[108.324778,26.427982],[108.327944,26.423985],[108.326848,26.422183],[108.311898,26.419868],[108.309001,26.417887],[108.302867,26.401322],[108.311841,26.397931],[108.317521,26.400637],[108.324507,26.393995],[108.324229,26.391302],[108.32599,26.388798],[108.308531,26.386742],[108.299582,26.387591],[108.293607,26.382824],[108.288213,26.374454],[108.292376,26.353478],[108.303256,26.349252],[108.305044,26.344432],[108.300451,26.340098],[108.282699,26.332324],[108.286172,26.329401],[108.290808,26.328547],[108.295186,26.323635],[108.294857,26.315456],[108.298318,26.311672],[108.292089,26.280115],[108.293371,26.273701],[108.267255,26.251502],[108.271506,26.246774],[108.278602,26.24606],[108.280069,26.24426],[108.277586,26.21412],[108.272365,26.204867],[108.265218,26.198433],[108.260312,26.197206],[108.245174,26.201574],[108.237931,26.199049],[108.230438,26.183454],[108.216429,26.164167],[108.228616,26.156435],[108.230029,26.153636],[108.230288,26.140777],[108.222546,26.118768],[108.223161,26.114846],[108.231344,26.102654],[108.231188,26.098528],[108.228942,26.093322],[108.221244,26.085306],[108.219206,26.072292],[108.215168,26.069314],[108.208278,26.055769],[108.187705,26.037163],[108.183199,26.034889],[108.177426,26.034668],[108.166219,26.040258],[108.161084,26.067655],[108.162197,26.06962],[108.168501,26.070391],[108.171727,26.072413],[108.171149,26.078483],[108.158414,26.084595],[108.156275,26.088993],[108.152522,26.09198],[108.151837,26.096202],[108.147702,26.094517],[108.137018,26.094074],[108.136233,26.089855],[108.138579,26.085084],[108.135433,26.081686],[108.130885,26.081186],[108.124714,26.086977],[108.134878,26.100105],[108.135564,26.107384],[108.133949,26.113012],[108.135305,26.118996],[108.122933,26.126348],[108.122797,26.13361],[108.11647,26.143266],[108.115654,26.147837],[108.121653,26.151577],[108.11926,26.155145],[108.118646,26.16191],[108.123525,26.180434],[108.132021,26.188016],[108.134056,26.192038],[108.134978,26.200154],[108.146959,26.203259],[108.142398,26.208299],[108.144516,26.217181],[108.143397,26.219168],[108.141257,26.220976],[108.138774,26.215231],[108.136222,26.213541],[108.133983,26.217884],[108.131363,26.218628],[108.111966,26.212996],[108.108711,26.220858],[108.108491,26.228221],[108.105541,26.23192],[108.099095,26.22836],[108.092615,26.216809],[108.085371,26.212325],[108.079531,26.212365],[108.079668,26.216025],[108.076981,26.220241],[108.068734,26.22128],[108.061771,26.216219],[108.05906,26.217631],[108.051363,26.227733],[108.052624,26.229466],[108.056133,26.228202],[108.05689,26.233789],[108.062797,26.240012],[108.062158,26.243726],[108.05152,26.248068],[108.037806,26.247597],[108.031882,26.255142],[108.029228,26.266227],[108.022126,26.281562],[107.963071,26.316439],[107.949451,26.331687],[107.94799,26.337207],[107.959158,26.351111],[107.960507,26.357063],[107.959351,26.366937],[107.951593,26.380763],[107.930888,26.401591],[107.930054,26.417197]]]}},{"type":"Feature","properties":{"dt_adcode":"522635"},"geometry":{"type":"Polygon","coordinates":[[[107.771012,26.314601],[107.761967,26.318259],[107.743151,26.319579],[107.732278,26.319482],[107.727035,26.315949],[107.722103,26.317308],[107.717307,26.311133],[107.709637,26.310259],[107.7069,26.305269],[107.701909,26.305191],[107.694582,26.301434],[107.682798,26.299725],[107.672484,26.293598],[107.663382,26.284119],[107.653868,26.280092],[107.647476,26.27993],[107.642946,26.284558],[107.638948,26.307275],[107.624027,26.334465],[107.616208,26.341194],[107.600474,26.347331],[107.590608,26.353405],[107.587928,26.361912],[107.569389,26.367186],[107.559962,26.367535],[107.544086,26.360875],[107.53374,26.349565],[107.529447,26.351915],[107.524264,26.363671],[107.524524,26.382222],[107.518321,26.411862],[107.513043,26.416976],[107.506207,26.419363],[107.466083,26.408457],[107.447953,26.405253],[107.443828,26.402097],[107.438323,26.390482],[107.430814,26.38255],[107.423891,26.37965],[107.406268,26.37824],[107.387677,26.382774],[107.369186,26.396455],[107.348307,26.404647],[107.339623,26.406089],[107.333917,26.410842],[107.326429,26.421655],[107.316203,26.430399],[107.306782,26.428913],[107.298948,26.432997],[107.304584,26.435445],[107.304905,26.438869],[107.301938,26.441995],[107.307413,26.442384],[107.314549,26.44578],[107.312193,26.453929],[107.305762,26.454009],[107.305104,26.453047],[107.307956,26.450837],[107.303438,26.448677],[107.302971,26.455816],[107.306855,26.457369],[107.31256,26.456381],[107.318853,26.457541],[107.332916,26.464104],[107.338913,26.472075],[107.355751,26.48729],[107.356595,26.493926],[107.352306,26.498772],[107.344657,26.501585],[107.32546,26.503109],[107.320917,26.508644],[107.318447,26.516452],[107.319844,26.530442],[107.324128,26.532447],[107.325543,26.536146],[107.334622,26.53715],[107.331795,26.540375],[107.33169,26.544107],[107.336824,26.549927],[107.331596,26.548553],[107.330427,26.550426],[107.338325,26.551895],[107.354271,26.543753],[107.357889,26.544027],[107.359994,26.547851],[107.362812,26.54627],[107.3636,26.547368],[107.361795,26.550364],[107.363282,26.550495],[107.373892,26.546641],[107.375249,26.542547],[107.379832,26.542704],[107.382775,26.53778],[107.399989,26.538243],[107.402515,26.539696],[107.397859,26.546343],[107.4036,26.54785],[107.404317,26.549673],[107.398997,26.550489],[107.39802,26.553413],[107.402424,26.555474],[107.405783,26.560341],[107.410774,26.563175],[107.407141,26.557289],[107.407958,26.556474],[107.415839,26.555947],[107.417342,26.557638],[107.426253,26.551057],[107.425189,26.565349],[107.429198,26.565782],[107.431849,26.562469],[107.43335,26.564334],[107.432094,26.572357],[107.443691,26.572582],[107.441192,26.575993],[107.446577,26.576598],[107.447133,26.578819],[107.459773,26.577262],[107.461288,26.579582],[107.468641,26.57568],[107.468381,26.572315],[107.46504,26.571285],[107.460868,26.563582],[107.462489,26.547379],[107.467109,26.544668],[107.479048,26.547147],[107.483142,26.564566],[107.489395,26.564877],[107.493289,26.55614],[107.502513,26.552204],[107.507274,26.552372],[107.512773,26.554994],[107.513359,26.568381],[107.518105,26.572726],[107.532958,26.573838],[107.537095,26.572798],[107.545395,26.579325],[107.562266,26.57426],[107.565926,26.575257],[107.567659,26.578114],[107.570163,26.575901],[107.578559,26.574149],[107.580116,26.575067],[107.590636,26.565358],[107.595849,26.555619],[107.604937,26.551892],[107.598088,26.545404],[107.598201,26.540686],[107.592544,26.534188],[107.599317,26.524936],[107.596428,26.519904],[107.5882,26.513703],[107.589161,26.509538],[107.592529,26.507517],[107.598048,26.510306],[107.600432,26.505461],[107.613173,26.500507],[107.615691,26.501735],[107.618478,26.500197],[107.623416,26.503812],[107.626646,26.503687],[107.626218,26.500796],[107.629455,26.501187],[107.635373,26.495394],[107.641316,26.495012],[107.644269,26.497539],[107.650399,26.499072],[107.65446,26.497728],[107.66566,26.499883],[107.672191,26.498145],[107.674735,26.502697],[107.670456,26.511496],[107.659784,26.514828],[107.664816,26.519099],[107.669174,26.519031],[107.668077,26.524287],[107.676188,26.527489],[107.679358,26.532737],[107.683848,26.533202],[107.689315,26.539599],[107.696164,26.538849],[107.699446,26.541111],[107.711232,26.535957],[107.715314,26.540429],[107.715549,26.542878],[107.713739,26.543378],[107.719287,26.544395],[107.719596,26.548454],[107.724145,26.550546],[107.726707,26.547366],[107.73007,26.547609],[107.730816,26.551048],[107.73341,26.5508],[107.732399,26.552732],[107.734834,26.55372],[107.737408,26.544448],[107.741227,26.537921],[107.740727,26.528953],[107.7339,26.519686],[107.735802,26.51209],[107.734545,26.508361],[107.729211,26.50654],[107.725807,26.500434],[107.724361,26.493497],[107.719421,26.490111],[107.721539,26.487995],[107.727866,26.482396],[107.737375,26.481397],[107.744591,26.4774],[107.748459,26.477119],[107.750962,26.479725],[107.755379,26.480832],[107.758725,26.475247],[107.762076,26.476904],[107.764264,26.473386],[107.768386,26.470953],[107.770628,26.464215],[107.773674,26.462738],[107.774093,26.460501],[107.775276,26.462001],[107.777636,26.461489],[107.78768,26.456446],[107.790272,26.450589],[107.790297,26.445792],[107.792555,26.443243],[107.797749,26.444225],[107.799229,26.447657],[107.805206,26.452139],[107.807912,26.457462],[107.810045,26.457432],[107.811149,26.464894],[107.819115,26.463462],[107.827621,26.465094],[107.834669,26.462778],[107.837839,26.460913],[107.834561,26.457352],[107.835364,26.454683],[107.839448,26.452117],[107.836109,26.449443],[107.838893,26.446698],[107.838393,26.441981],[107.842167,26.439776],[107.851238,26.438398],[107.849426,26.437759],[107.845009,26.430469],[107.836382,26.411294],[107.828207,26.409991],[107.817408,26.414962],[107.816515,26.407281],[107.802662,26.370035],[107.786889,26.349423],[107.785684,26.33891],[107.788717,26.330529],[107.786888,26.326063],[107.771012,26.314601]]]}},{"type":"Feature","properties":{"dt_adcode":"522636"},"geometry":{"type":"Polygon","coordinates":[[[107.736446,26.168932],[107.737288,26.172583],[107.734744,26.175819],[107.739651,26.179185],[107.740193,26.181636],[107.741163,26.213661],[107.743071,26.216336],[107.745692,26.216459],[107.754637,26.240275],[107.772008,26.274636],[107.776821,26.288772],[107.779571,26.301332],[107.77971,26.310037],[107.771012,26.314601],[107.786888,26.326063],[107.788717,26.330529],[107.785684,26.33891],[107.786889,26.349423],[107.802662,26.370035],[107.816515,26.407281],[107.817408,26.414962],[107.828207,26.409991],[107.833308,26.409953],[107.848004,26.403136],[107.853877,26.403986],[107.870433,26.425598],[107.874013,26.426017],[107.892538,26.419166],[107.930054,26.417197],[107.930888,26.401591],[107.951593,26.380763],[107.959351,26.366937],[107.960507,26.357063],[107.959158,26.351111],[107.94799,26.337207],[107.949451,26.331687],[107.963071,26.316439],[108.022126,26.281562],[108.029228,26.266227],[108.031882,26.255142],[108.037806,26.247597],[108.05152,26.248068],[108.062158,26.243726],[108.062797,26.240012],[108.05689,26.233789],[108.056133,26.228202],[108.052624,26.229466],[108.051363,26.227733],[108.05906,26.217631],[108.061771,26.216219],[108.068734,26.22128],[108.076981,26.220241],[108.079668,26.216025],[108.079531,26.212365],[108.085371,26.212325],[108.092615,26.216809],[108.099095,26.22836],[108.105541,26.23192],[108.108781,26.227307],[108.108711,26.220858],[108.111387,26.213264],[108.132002,26.218637],[108.133983,26.217884],[108.136222,26.213541],[108.138774,26.215231],[108.141257,26.220976],[108.144516,26.217181],[108.142398,26.208299],[108.146959,26.203259],[108.143912,26.201513],[108.136738,26.201611],[108.134544,26.199689],[108.13385,26.191558],[108.13036,26.185759],[108.123525,26.180434],[108.119073,26.164832],[108.11926,26.155145],[108.121653,26.151577],[108.116119,26.148838],[108.115502,26.146122],[108.122797,26.13361],[108.122933,26.126348],[108.128183,26.122223],[108.135031,26.119907],[108.133949,26.113012],[108.13551,26.102577],[108.131846,26.095458],[108.124531,26.086681],[108.118419,26.08248],[108.113013,26.073371],[108.10956,26.072987],[108.100011,26.076302],[108.082413,26.079176],[108.064211,26.075376],[108.048356,26.077901],[108.037506,26.081637],[108.029795,26.087351],[108.022744,26.090061],[108.014308,26.090286],[108.00231,26.079556],[107.989294,26.08255],[107.983074,26.080365],[107.9778,26.081893],[107.975086,26.079646],[107.974283,26.074685],[107.971514,26.070728],[107.963469,26.075359],[107.960531,26.075413],[107.958248,26.07335],[107.960996,26.068614],[107.957385,26.064375],[107.95663,26.059703],[107.952914,26.066231],[107.953018,26.079048],[107.944839,26.076323],[107.940429,26.078223],[107.941268,26.082033],[107.94459,26.085017],[107.928454,26.091155],[107.927997,26.094444],[107.92651,26.094736],[107.923916,26.100303],[107.920946,26.102807],[107.919015,26.102262],[107.915054,26.106785],[107.916554,26.112726],[107.914433,26.116802],[107.906404,26.124014],[107.895611,26.118438],[107.88693,26.116728],[107.878373,26.121891],[107.860368,26.140254],[107.857512,26.13989],[107.855589,26.136223],[107.851958,26.136526],[107.850997,26.132948],[107.847289,26.13379],[107.845148,26.111167],[107.840617,26.098866],[107.836253,26.096183],[107.830389,26.095357],[107.824319,26.096821],[107.815736,26.100158],[107.799944,26.113447],[107.792242,26.124779],[107.790891,26.135336],[107.787693,26.142711],[107.78192,26.147374],[107.776588,26.147904],[107.763735,26.156094],[107.761217,26.16003],[107.76413,26.163694],[107.763039,26.170918],[107.756304,26.16713],[107.754989,26.176367],[107.750505,26.176538],[107.746497,26.179503],[107.746782,26.170723],[107.737962,26.167784],[107.736446,26.168932]]]}},{"type":"Feature","properties":{"dt_adcode":"522701"},"geometry":{"type":"Polygon","coordinates":[[[107.761967,26.318259],[107.77971,26.310037],[107.779571,26.301332],[107.776821,26.288772],[107.772008,26.274636],[107.754637,26.240275],[107.745692,26.216459],[107.743071,26.216336],[107.741163,26.213661],[107.740246,26.182041],[107.739651,26.179185],[107.734744,26.175819],[107.737288,26.172583],[107.734644,26.159433],[107.739745,26.155875],[107.738137,26.149859],[107.742976,26.147692],[107.73817,26.142141],[107.742989,26.136514],[107.749058,26.132334],[107.762258,26.128089],[107.770776,26.123056],[107.772693,26.116976],[107.771113,26.093303],[107.771675,26.073774],[107.76994,26.065443],[107.728678,26.03479],[107.713095,26.030779],[107.68505,26.003904],[107.656398,25.993764],[107.644093,25.986964],[107.635929,25.985871],[107.629081,25.988669],[107.613443,26.004147],[107.607868,26.006943],[107.577793,25.999386],[107.567625,25.999249],[107.555209,26.003264],[107.542513,26.002011],[107.533553,25.993382],[107.526826,25.977626],[107.524454,25.966868],[107.524038,25.948525],[107.52222,25.944184],[107.488904,25.930532],[107.479729,25.924659],[107.475383,25.919885],[107.46869,25.893451],[107.463996,25.885076],[107.462662,25.879374],[107.452596,25.861376],[107.445455,25.857307],[107.440367,25.855286],[107.424134,25.857017],[107.421111,25.860248],[107.41995,25.875165],[107.416435,25.880467],[107.410359,25.882803],[107.388444,25.877431],[107.382081,25.877922],[107.363794,25.88306],[107.353895,25.887692],[107.344524,25.89553],[107.343585,25.907003],[107.348356,25.933129],[107.365401,25.964475],[107.366227,25.972728],[107.363705,25.976181],[107.34178,25.976733],[107.332661,25.984798],[107.296578,26.003293],[107.287429,26.007691],[107.282073,26.007026],[107.280012,26.003366],[107.286324,25.994622],[107.28628,25.988888],[107.275516,25.978617],[107.263418,25.957345],[107.25777,25.950724],[107.248321,25.945728],[107.238911,25.944864],[107.22114,25.947725],[107.211783,25.956043],[107.205237,25.965947],[107.202758,25.975827],[107.205316,25.979936],[107.220084,25.983741],[107.224179,25.988759],[107.222723,26.00001],[107.214406,26.011301],[107.210026,26.01381],[107.193164,26.014463],[107.177857,26.018885],[107.169779,26.0288],[107.166521,26.037309],[107.160072,26.041392],[107.12186,26.047393],[107.127146,26.07138],[107.133437,26.086283],[107.133567,26.090801],[107.127017,26.094738],[107.127131,26.0985],[107.133213,26.106628],[107.139111,26.108733],[107.145121,26.115838],[107.155257,26.114676],[107.159843,26.115794],[107.167678,26.108401],[107.181381,26.102804],[107.191306,26.103883],[107.196924,26.107746],[107.204363,26.119853],[107.208795,26.136797],[107.22709,26.172919],[107.225434,26.19449],[107.228532,26.200434],[107.257954,26.218157],[107.263844,26.223173],[107.267468,26.229807],[107.268059,26.242197],[107.27217,26.246765],[107.279533,26.240988],[107.287428,26.237283],[107.296621,26.237703],[107.299961,26.240443],[107.300239,26.242283],[107.289028,26.247377],[107.281411,26.254062],[107.280438,26.261865],[107.294569,26.273274],[107.33228,26.293306],[107.353392,26.313634],[107.354463,26.320283],[107.35348,26.325103],[107.348651,26.330398],[107.344379,26.340281],[107.334704,26.383219],[107.34017,26.396502],[107.348307,26.404647],[107.369186,26.396455],[107.387677,26.382774],[107.39608,26.379944],[107.413674,26.378162],[107.423891,26.37965],[107.430814,26.38255],[107.438323,26.390482],[107.443828,26.402097],[107.447953,26.405253],[107.466083,26.408457],[107.500592,26.418753],[107.506207,26.419363],[107.513043,26.416976],[107.518321,26.411862],[107.520026,26.406111],[107.524524,26.382222],[107.524264,26.363671],[107.529447,26.351915],[107.53374,26.349565],[107.544086,26.360875],[107.559962,26.367535],[107.569389,26.367186],[107.587928,26.361912],[107.590608,26.353405],[107.600474,26.347331],[107.616208,26.341194],[107.624027,26.334465],[107.638948,26.307275],[107.642946,26.284558],[107.647476,26.27993],[107.653868,26.280092],[107.663382,26.284119],[107.672484,26.293598],[107.682798,26.299725],[107.694582,26.301434],[107.701909,26.305191],[107.7069,26.305269],[107.709637,26.310259],[107.717307,26.311133],[107.722103,26.317308],[107.727035,26.315949],[107.732278,26.319482],[107.743151,26.319579],[107.761967,26.318259]]]}},{"type":"Feature","properties":{"dt_adcode":"522702"},"geometry":{"type":"Polygon","coordinates":[[[107.764917,26.798064],[107.762324,26.798099],[107.761852,26.792805],[107.759081,26.790792],[107.754609,26.791544],[107.747081,26.788077],[107.748856,26.784697],[107.74831,26.782341],[107.743443,26.780102],[107.738832,26.773544],[107.735416,26.774293],[107.733212,26.768503],[107.724907,26.768427],[107.718207,26.751278],[107.708394,26.752323],[107.707727,26.747832],[107.69543,26.735434],[107.695635,26.732258],[107.69986,26.729517],[107.698594,26.723266],[107.687321,26.711483],[107.687441,26.706652],[107.693376,26.700909],[107.691944,26.696138],[107.692968,26.691382],[107.690823,26.690397],[107.693239,26.689068],[107.691501,26.685936],[107.693995,26.685592],[107.694667,26.683964],[107.692448,26.679858],[107.695532,26.673639],[107.693553,26.672079],[107.693351,26.665522],[107.696931,26.665017],[107.698299,26.663252],[107.699777,26.652841],[107.71374,26.644441],[107.718277,26.639807],[107.725584,26.615663],[107.728573,26.610359],[107.733898,26.607319],[107.739574,26.599087],[107.744854,26.5962],[107.745143,26.587336],[107.740366,26.58529],[107.739274,26.578103],[107.735526,26.577233],[107.735633,26.573852],[107.723162,26.572602],[107.713588,26.569512],[107.668809,26.572958],[107.664552,26.577287],[107.658407,26.579709],[107.647207,26.601135],[107.640122,26.607163],[107.63096,26.610927],[107.622522,26.611934],[107.61054,26.609257],[107.611681,26.605822],[107.608819,26.604721],[107.606653,26.600318],[107.611019,26.598339],[107.606854,26.59124],[107.607624,26.586075],[107.603126,26.584041],[107.596938,26.584025],[107.593361,26.585296],[107.588037,26.59123],[107.587792,26.612354],[107.579772,26.608338],[107.577848,26.605133],[107.57065,26.605274],[107.571396,26.601799],[107.567754,26.598574],[107.566362,26.599714],[107.566209,26.60471],[107.562274,26.603584],[107.559414,26.599843],[107.558991,26.594664],[107.556034,26.591203],[107.560694,26.588053],[107.548499,26.58882],[107.544095,26.583772],[107.545395,26.579325],[107.537761,26.573045],[107.522494,26.573532],[107.514454,26.570249],[107.512758,26.565871],[107.513085,26.555682],[107.509761,26.553032],[107.502513,26.552204],[107.495304,26.555036],[107.491844,26.557585],[107.489395,26.564877],[107.485264,26.565043],[107.482039,26.563555],[107.479048,26.547147],[107.475472,26.547211],[107.471013,26.544831],[107.465518,26.545268],[107.462489,26.547379],[107.460868,26.563582],[107.46504,26.571285],[107.468381,26.572315],[107.468641,26.57568],[107.461288,26.579582],[107.459773,26.577262],[107.449061,26.579133],[107.446227,26.578205],[107.446577,26.576598],[107.441192,26.575993],[107.443691,26.572582],[107.432094,26.572357],[107.43335,26.564334],[107.431849,26.562469],[107.429198,26.565782],[107.425189,26.565349],[107.42684,26.551335],[107.417342,26.557638],[107.415839,26.555947],[107.407958,26.556474],[107.407141,26.557289],[107.410774,26.563175],[107.409614,26.563022],[107.404089,26.558879],[107.402424,26.555474],[107.39802,26.553413],[107.398997,26.550489],[107.404317,26.549673],[107.4036,26.54785],[107.397859,26.546343],[107.400973,26.543263],[107.401989,26.539076],[107.382775,26.53778],[107.379832,26.542704],[107.375249,26.542547],[107.374765,26.54579],[107.372676,26.547307],[107.362096,26.550589],[107.3636,26.547368],[107.361921,26.546213],[107.358738,26.552314],[107.350653,26.553308],[107.341747,26.556623],[107.335445,26.564205],[107.327422,26.578474],[107.328528,26.584881],[107.3371,26.594438],[107.359193,26.597928],[107.362578,26.602024],[107.36464,26.623086],[107.363886,26.664567],[107.361424,26.673066],[107.339777,26.685614],[107.328856,26.694409],[107.324818,26.69971],[107.323366,26.727449],[107.321634,26.732962],[107.318354,26.737802],[107.312228,26.74083],[107.308487,26.749108],[107.299283,26.752159],[107.295221,26.75586],[107.28448,26.758924],[107.278559,26.757371],[107.27363,26.752143],[107.265409,26.750841],[107.262687,26.754282],[107.262188,26.76039],[107.256299,26.763541],[107.250535,26.763981],[107.252023,26.770656],[107.255463,26.771837],[107.255257,26.792282],[107.262574,26.797524],[107.266092,26.803245],[107.266375,26.816636],[107.268283,26.817697],[107.268847,26.823598],[107.268499,26.829895],[107.26689,26.831551],[107.267919,26.837932],[107.270009,26.841264],[107.277658,26.845463],[107.279236,26.863135],[107.274458,26.887059],[107.265434,26.90772],[107.256546,26.94213],[107.253305,26.945344],[107.250506,26.96318],[107.245285,26.967842],[107.260973,26.983036],[107.285771,26.99428],[107.310563,27.002791],[107.317612,27.011445],[107.336262,27.020925],[107.348506,27.033206],[107.355232,27.035672],[107.363914,27.030787],[107.372307,27.023609],[107.380941,27.015054],[107.388754,27.002837],[107.391474,26.994791],[107.393019,26.975064],[107.39599,26.966329],[107.406551,26.950179],[107.412906,26.945299],[107.422114,26.943369],[107.444683,26.945166],[107.460399,26.952762],[107.499628,26.95888],[107.523537,26.968171],[107.531707,26.966913],[107.552762,26.95402],[107.556547,26.950073],[107.558218,26.941569],[107.556043,26.933119],[107.545234,26.910346],[107.544359,26.903024],[107.545831,26.898189],[107.549857,26.894241],[107.554699,26.8928],[107.560104,26.895249],[107.572679,26.896462],[107.594696,26.890757],[107.601282,26.899714],[107.606264,26.903486],[107.609745,26.895161],[107.614881,26.894575],[107.621836,26.888647],[107.621974,26.882472],[107.626556,26.880351],[107.635661,26.879824],[107.639901,26.876736],[107.640834,26.874839],[107.6367,26.873409],[107.640726,26.872441],[107.640375,26.870846],[107.645701,26.863189],[107.642375,26.852282],[107.637821,26.846698],[107.634061,26.844806],[107.638268,26.839083],[107.642908,26.836774],[107.648821,26.835921],[107.654458,26.839643],[107.662811,26.840501],[107.669068,26.843401],[107.67222,26.841191],[107.681237,26.842209],[107.681424,26.846523],[107.6839,26.849723],[107.686875,26.845521],[107.690692,26.844736],[107.691985,26.852471],[107.688644,26.856633],[107.688089,26.860324],[107.690772,26.866509],[107.701197,26.863737],[107.708028,26.858759],[107.714933,26.858426],[107.723477,26.854339],[107.726478,26.849839],[107.730021,26.850871],[107.731204,26.847744],[107.740014,26.842042],[107.741219,26.836138],[107.735655,26.839423],[107.735914,26.836335],[107.729173,26.835752],[107.7336,26.832207],[107.733058,26.8273],[107.738165,26.826023],[107.738699,26.82373],[107.748392,26.824037],[107.750467,26.821892],[107.760247,26.824938],[107.764087,26.824152],[107.763502,26.820083],[107.765721,26.818448],[107.76508,26.811662],[107.761267,26.809839],[107.764324,26.808534],[107.768306,26.803211],[107.764917,26.798064]]]}},{"type":"Feature","properties":{"dt_adcode":"522722"},"geometry":{"type":"Polygon","coordinates":[[[108.303267,25.520739],[108.302446,25.517865],[108.30543,25.516214],[108.299248,25.501129],[108.294849,25.495046],[108.284697,25.485833],[108.281047,25.479999],[108.272299,25.475416],[108.260924,25.473758],[108.248695,25.466802],[108.244629,25.462239],[108.240721,25.461897],[108.239864,25.45626],[108.236958,25.453162],[108.236109,25.449378],[108.252389,25.438468],[108.252041,25.430484],[108.249053,25.427123],[108.243908,25.425984],[108.239227,25.42952],[108.225868,25.426986],[108.226264,25.437237],[108.221404,25.450076],[108.211837,25.452992],[108.208219,25.450552],[108.203027,25.451689],[108.192629,25.459063],[108.16246,25.444734],[108.158014,25.440663],[108.157596,25.439026],[108.163487,25.428009],[108.165032,25.427384],[108.168007,25.431515],[108.170612,25.431815],[108.179952,25.427897],[108.184183,25.421595],[108.190608,25.418927],[108.190326,25.417026],[108.185743,25.413364],[108.186444,25.410188],[108.19217,25.407778],[108.193289,25.405518],[108.188542,25.396143],[108.183773,25.396702],[108.181322,25.390829],[108.17798,25.390827],[108.171823,25.393856],[108.165124,25.391566],[108.153828,25.394733],[108.145856,25.392944],[108.142773,25.390641],[108.147142,25.384544],[108.152494,25.381975],[108.155269,25.377933],[108.152702,25.376006],[108.155432,25.370547],[108.15212,25.353718],[108.145411,25.348304],[108.144678,25.345993],[108.136637,25.343131],[108.135926,25.341276],[108.137841,25.336496],[108.148645,25.33009],[108.152101,25.324429],[108.15204,25.317763],[108.149484,25.310353],[108.135941,25.297858],[108.133601,25.291371],[108.134311,25.284493],[108.137023,25.278127],[108.143331,25.269774],[108.142889,25.267696],[108.134777,25.259693],[108.133762,25.234395],[108.121738,25.231039],[108.115868,25.210986],[108.10972,25.209747],[108.108226,25.206584],[108.098244,25.20079],[108.078327,25.193599],[108.065877,25.197771],[108.053621,25.199593],[108.039899,25.197961],[108.036102,25.199401],[108.01078,25.195268],[108.001934,25.196557],[107.989092,25.186848],[107.969158,25.177908],[107.949191,25.173486],[107.94362,25.170133],[107.935667,25.161359],[107.930542,25.159179],[107.928617,25.155801],[107.923624,25.157394],[107.915419,25.156811],[107.913054,25.154008],[107.905432,25.153142],[107.902747,25.15034],[107.899674,25.149995],[107.896799,25.144223],[107.892507,25.144678],[107.889435,25.14239],[107.881761,25.141822],[107.875689,25.143649],[107.872429,25.141594],[107.867889,25.129424],[107.856321,25.123261],[107.848655,25.121324],[107.841887,25.115959],[107.837479,25.117279],[107.833835,25.122768],[107.818763,25.129365],[107.807366,25.125414],[107.804762,25.119594],[107.795494,25.116231],[107.782901,25.119479],[107.780967,25.123378],[107.778139,25.124826],[107.768992,25.117529],[107.767101,25.117484],[107.76281,25.124803],[107.768185,25.131092],[107.771563,25.13121],[107.771951,25.132596],[107.778806,25.134914],[107.787624,25.147921],[107.789496,25.154768],[107.786862,25.163517],[107.782684,25.170451],[107.771187,25.177718],[107.759997,25.188637],[107.756388,25.199916],[107.762836,25.224587],[107.762151,25.228952],[107.757978,25.23657],[107.752964,25.240888],[107.747693,25.241743],[107.74211,25.240206],[107.738471,25.234293],[107.725882,25.222062],[107.710402,25.203443],[107.706767,25.197065],[107.700646,25.194152],[107.69462,25.197885],[107.69623,25.219869],[107.694265,25.224246],[107.674983,25.238886],[107.67,25.244439],[107.661859,25.258961],[107.658322,25.293378],[107.669742,25.310449],[107.668264,25.313442],[107.664994,25.315311],[107.659688,25.316282],[107.655105,25.315182],[107.659002,25.322229],[107.667969,25.33158],[107.667265,25.337553],[107.663004,25.343317],[107.65142,25.350734],[107.647951,25.35833],[107.647021,25.366828],[107.657989,25.400721],[107.648026,25.418916],[107.636462,25.429549],[107.629458,25.439923],[107.630901,25.45827],[107.641421,25.471048],[107.643246,25.476316],[107.640848,25.489869],[107.634389,25.505056],[107.631487,25.519761],[107.632061,25.526868],[107.635704,25.536941],[107.635809,25.548182],[107.633393,25.560358],[107.635672,25.58627],[107.642314,25.595243],[107.653593,25.601293],[107.68235,25.605664],[107.684384,25.599753],[107.687719,25.598593],[107.697574,25.602023],[107.697648,25.605339],[107.700758,25.607775],[107.71334,25.610326],[107.736077,25.603294],[107.740721,25.60625],[107.739912,25.611127],[107.742626,25.618447],[107.757066,25.613395],[107.767711,25.613297],[107.774867,25.618964],[107.775977,25.62813],[107.773819,25.639622],[107.779932,25.64323],[107.798133,25.638437],[107.808919,25.628912],[107.812132,25.622684],[107.80935,25.598854],[107.810008,25.589668],[107.813966,25.581594],[107.820972,25.574636],[107.847136,25.562176],[107.852133,25.557072],[107.860318,25.542526],[107.866053,25.535578],[107.881176,25.530596],[107.897427,25.534555],[107.902771,25.536796],[107.907909,25.542023],[107.912084,25.553226],[107.915175,25.557096],[107.920012,25.557967],[107.931304,25.548914],[107.934519,25.541162],[107.933562,25.528869],[107.937472,25.521974],[107.943757,25.519456],[107.951548,25.520061],[107.953453,25.526789],[107.958577,25.53041],[107.970245,25.530835],[107.987575,25.526581],[107.993486,25.528677],[108.003792,25.537252],[108.013585,25.542674],[108.015855,25.54203],[108.023026,25.52371],[108.027813,25.516271],[108.031177,25.514533],[108.040023,25.514402],[108.04564,25.518195],[108.046806,25.523221],[108.043759,25.538264],[108.046634,25.551782],[108.050426,25.552951],[108.051136,25.555041],[108.064757,25.563185],[108.091899,25.567592],[108.102125,25.573141],[108.105761,25.578744],[108.110074,25.594915],[108.118643,25.596516],[108.126394,25.591898],[108.133944,25.593464],[108.139279,25.596948],[108.140549,25.599767],[108.154557,25.604053],[108.159879,25.609417],[108.164736,25.610506],[108.173556,25.616536],[108.177446,25.62156],[108.179958,25.622178],[108.181713,25.616493],[108.19093,25.612367],[108.197074,25.610931],[108.203864,25.612053],[108.217123,25.611249],[108.225594,25.621269],[108.239884,25.628868],[108.242537,25.627423],[108.246937,25.620668],[108.246952,25.614846],[108.244649,25.611472],[108.242628,25.602779],[108.244526,25.600348],[108.243268,25.595812],[108.247042,25.590182],[108.245876,25.585993],[108.260628,25.588461],[108.271297,25.582679],[108.27674,25.574724],[108.283261,25.572717],[108.286698,25.567922],[108.281412,25.557823],[108.285154,25.553142],[108.282603,25.548225],[108.286895,25.534279],[108.291424,25.524619],[108.303267,25.520739]]]}},{"type":"Feature","properties":{"dt_adcode":"522723"},"geometry":{"type":"Polygon","coordinates":[[[107.005889,26.198361],[107.024977,26.213847],[107.031146,26.216107],[107.04248,26.223838],[107.045886,26.233209],[107.043464,26.245596],[107.044301,26.252005],[107.048708,26.258394],[107.061567,26.265652],[107.066754,26.272033],[107.072192,26.279784],[107.074341,26.289619],[107.069548,26.296065],[107.062117,26.294737],[107.055431,26.290655],[107.049545,26.290916],[107.04344,26.294613],[107.025207,26.315092],[107.000552,26.334906],[106.998034,26.339727],[107.004519,26.347716],[107.012009,26.350665],[107.017972,26.349361],[107.024314,26.351873],[107.031614,26.345521],[107.046967,26.342796],[107.056919,26.344313],[107.061219,26.346987],[107.064953,26.363308],[107.064234,26.368409],[107.058468,26.374483],[107.05771,26.377403],[107.062099,26.383929],[107.075293,26.386838],[107.072418,26.390799],[107.073357,26.391753],[107.080871,26.393108],[107.081658,26.403101],[107.087802,26.4072],[107.092314,26.421703],[107.068633,26.428428],[107.06302,26.431007],[107.062681,26.434632],[107.067977,26.436202],[107.084857,26.430121],[107.096843,26.432101],[107.098863,26.439904],[107.098122,26.442484],[107.093264,26.447869],[107.082618,26.450741],[107.082073,26.454204],[107.084444,26.462175],[107.099217,26.473243],[107.102271,26.47429],[107.115974,26.47307],[107.122527,26.476849],[107.136747,26.492984],[107.143434,26.49727],[107.15214,26.499929],[107.160376,26.506261],[107.163245,26.512418],[107.161625,26.527556],[107.153931,26.531296],[107.151698,26.527437],[107.152812,26.523444],[107.150753,26.522831],[107.144231,26.525651],[107.137622,26.524346],[107.126506,26.525383],[107.126911,26.528357],[107.101717,26.514143],[107.093289,26.516272],[107.086232,26.526637],[107.081164,26.531714],[107.070213,26.537516],[107.067708,26.54303],[107.070301,26.546451],[107.081626,26.552101],[107.090659,26.558908],[107.091467,26.562339],[107.086191,26.572002],[107.08447,26.579116],[107.085323,26.586902],[107.088435,26.591233],[107.108089,26.610321],[107.133311,26.625676],[107.136945,26.63114],[107.137119,26.646721],[107.130242,26.673597],[107.129835,26.682536],[107.132733,26.69076],[107.142759,26.695703],[107.157464,26.684325],[107.164615,26.683794],[107.168984,26.686268],[107.169548,26.691304],[107.167051,26.696369],[107.154934,26.710246],[107.151934,26.716692],[107.152749,26.721267],[107.164861,26.729849],[107.186607,26.731223],[107.189806,26.742648],[107.193187,26.747655],[107.198363,26.753098],[107.206079,26.757372],[107.223094,26.761977],[107.244955,26.757361],[107.250197,26.75489],[107.250535,26.763981],[107.254856,26.763825],[107.262188,26.76039],[107.262687,26.754282],[107.265409,26.750841],[107.27363,26.752143],[107.278559,26.757371],[107.28448,26.758924],[107.295221,26.75586],[107.299283,26.752159],[107.308487,26.749108],[107.312228,26.74083],[107.318354,26.737802],[107.321634,26.732962],[107.323366,26.727449],[107.324818,26.69971],[107.328856,26.694409],[107.339777,26.685614],[107.361424,26.673066],[107.363886,26.664567],[107.36464,26.623086],[107.362578,26.602024],[107.359193,26.597928],[107.3371,26.594438],[107.328528,26.584881],[107.327422,26.578474],[107.341249,26.557058],[107.350653,26.553308],[107.358738,26.552314],[107.360076,26.55138],[107.360011,26.546128],[107.355286,26.543572],[107.343113,26.548606],[107.339442,26.551609],[107.331121,26.550918],[107.330348,26.54959],[107.331596,26.548553],[107.336824,26.549927],[107.33169,26.544107],[107.331795,26.540375],[107.334622,26.53715],[107.325543,26.536146],[107.324128,26.532447],[107.319844,26.530442],[107.318552,26.524469],[107.318447,26.516452],[107.320917,26.508644],[107.32546,26.503109],[107.344657,26.501585],[107.352306,26.498772],[107.356595,26.493926],[107.355751,26.48729],[107.338913,26.472075],[107.332916,26.464104],[107.318853,26.457541],[107.31256,26.456381],[107.306855,26.457369],[107.302971,26.455816],[107.303438,26.448677],[107.307956,26.450837],[107.305104,26.453047],[107.305762,26.454009],[107.312193,26.453929],[107.314549,26.44578],[107.307413,26.442384],[107.301938,26.441995],[107.304905,26.438869],[107.304584,26.435445],[107.298948,26.432997],[107.306782,26.428913],[107.316203,26.430399],[107.326429,26.421655],[107.333917,26.410842],[107.339623,26.406089],[107.348307,26.404647],[107.34017,26.396502],[107.334704,26.383219],[107.344379,26.340281],[107.348651,26.330398],[107.35348,26.325103],[107.354463,26.320283],[107.353392,26.313634],[107.33228,26.293306],[107.294569,26.273274],[107.280438,26.261865],[107.281411,26.254062],[107.289028,26.247377],[107.300239,26.242283],[107.299961,26.240443],[107.296621,26.237703],[107.287428,26.237283],[107.279533,26.240988],[107.27217,26.246765],[107.268059,26.242197],[107.267468,26.229807],[107.263844,26.223173],[107.257954,26.218157],[107.228532,26.200434],[107.225434,26.19449],[107.22709,26.172919],[107.224756,26.166513],[107.208795,26.136797],[107.201788,26.114364],[107.196924,26.107746],[107.191306,26.103883],[107.181381,26.102804],[107.174274,26.104687],[107.167678,26.108401],[107.159843,26.115794],[107.155257,26.114676],[107.145121,26.115838],[107.139111,26.108733],[107.133213,26.106628],[107.127131,26.0985],[107.127017,26.094738],[107.106922,26.092234],[107.097133,26.100006],[107.092442,26.110666],[107.086775,26.116827],[107.068704,26.126781],[107.038678,26.15138],[107.010952,26.186272],[107.005889,26.198361]]]}},{"type":"Feature","properties":{"dt_adcode":"522725"},"geometry":{"type":"Polygon","coordinates":[[[107.434801,27.372686],[107.44285,27.371601],[107.451742,27.365938],[107.466044,27.369307],[107.491743,27.371481],[107.49831,27.36406],[107.501701,27.349119],[107.504209,27.315461],[107.501662,27.312199],[107.496346,27.310708],[107.477231,27.297394],[107.476196,27.291641],[107.477816,27.287287],[107.475769,27.281094],[107.464727,27.277086],[107.458478,27.268072],[107.458844,27.262097],[107.463591,27.251177],[107.461379,27.237818],[107.464931,27.233623],[107.469131,27.232851],[107.469357,27.234393],[107.464871,27.239639],[107.466059,27.241333],[107.471172,27.238481],[107.476786,27.240944],[107.482659,27.237666],[107.483974,27.232386],[107.493269,27.228904],[107.492645,27.226939],[107.489755,27.227249],[107.489801,27.223189],[107.501094,27.215515],[107.502063,27.211118],[107.506902,27.206291],[107.51147,27.203475],[107.517631,27.204078],[107.524606,27.207878],[107.526181,27.210604],[107.525775,27.2184],[107.513999,27.237356],[107.514588,27.243306],[107.516916,27.245107],[107.519719,27.244153],[107.531246,27.224514],[107.537304,27.218242],[107.542914,27.215874],[107.553444,27.216649],[107.566656,27.225414],[107.562195,27.236241],[107.553333,27.244837],[107.550121,27.252901],[107.556599,27.257854],[107.592959,27.267025],[107.602229,27.267602],[107.612665,27.260609],[107.618554,27.258023],[107.623949,27.257964],[107.642638,27.267164],[107.650133,27.268921],[107.656291,27.267024],[107.656221,27.262211],[107.652481,27.253772],[107.646462,27.247875],[107.646375,27.242147],[107.650453,27.238898],[107.666361,27.234613],[107.66292,27.217973],[107.664651,27.217473],[107.659322,27.217482],[107.658144,27.210976],[107.653894,27.210334],[107.651777,27.207396],[107.654842,27.204761],[107.662616,27.206416],[107.663282,27.202838],[107.67163,27.20926],[107.67439,27.208979],[107.67508,27.202842],[107.682219,27.199174],[107.687418,27.191812],[107.681554,27.192228],[107.680866,27.188772],[107.678801,27.187442],[107.684432,27.170262],[107.703355,27.145543],[107.705076,27.140256],[107.704224,27.135453],[107.68762,27.110415],[107.685211,27.10448],[107.673979,27.093502],[107.677534,27.084116],[107.678467,27.075018],[107.677006,27.072937],[107.670578,27.073461],[107.658802,27.077704],[107.652574,27.073871],[107.638574,27.049264],[107.637452,27.043089],[107.640572,27.028616],[107.655831,27.000269],[107.663902,26.989873],[107.666372,26.984119],[107.665762,26.977708],[107.662848,26.972006],[107.658169,26.968618],[107.64575,26.963242],[107.637249,26.956339],[107.633139,26.957642],[107.630374,26.956691],[107.625504,26.9514],[107.623544,26.942986],[107.617763,26.935371],[107.615564,26.928759],[107.600093,26.911214],[107.606074,26.903093],[107.601282,26.899714],[107.594696,26.890757],[107.572679,26.896462],[107.560104,26.895249],[107.554699,26.8928],[107.549857,26.894241],[107.545831,26.898189],[107.544359,26.903024],[107.545234,26.910346],[107.556043,26.933119],[107.558218,26.941569],[107.556547,26.950073],[107.552762,26.95402],[107.531707,26.966913],[107.523537,26.968171],[107.499628,26.95888],[107.460399,26.952762],[107.444683,26.945166],[107.422114,26.943369],[107.412906,26.945299],[107.406551,26.950179],[107.39599,26.966329],[107.393019,26.975064],[107.391474,26.994791],[107.388754,27.002837],[107.380941,27.015054],[107.372307,27.023609],[107.363914,27.030787],[107.355232,27.035672],[107.348506,27.033206],[107.336262,27.020925],[107.317612,27.011445],[107.310563,27.002791],[107.285771,26.99428],[107.260973,26.983036],[107.245285,26.967842],[107.240278,26.977789],[107.236328,26.996134],[107.231882,27.00019],[107.222297,27.001361],[107.198358,27.008439],[107.196765,27.011598],[107.197666,27.019245],[107.192257,27.026666],[107.167034,27.025836],[107.166663,27.040921],[107.174292,27.070867],[107.17424,27.092991],[107.190892,27.115047],[107.191768,27.123287],[107.180466,27.145634],[107.182061,27.150891],[107.188545,27.157009],[107.202467,27.162361],[107.215604,27.166121],[107.228191,27.16691],[107.242624,27.170208],[107.255024,27.175364],[107.258681,27.180602],[107.262384,27.216278],[107.248895,27.224912],[107.238079,27.22896],[107.234833,27.232811],[107.236769,27.241051],[107.226721,27.242822],[107.192217,27.242987],[107.160813,27.234031],[107.155767,27.234164],[107.138426,27.245172],[107.139493,27.252681],[107.142954,27.255604],[107.157364,27.258993],[107.162548,27.263377],[107.169926,27.284281],[107.190694,27.302564],[107.202962,27.31806],[107.205321,27.339853],[107.200762,27.355798],[107.209667,27.371388],[107.233193,27.395635],[107.238383,27.40002],[107.248627,27.403526],[107.244791,27.415679],[107.260371,27.428092],[107.26661,27.438484],[107.268853,27.455759],[107.266968,27.47615],[107.269619,27.479849],[107.275512,27.478953],[107.288666,27.467329],[107.293554,27.46829],[107.308996,27.462467],[107.332231,27.461601],[107.338984,27.459889],[107.352085,27.466853],[107.357643,27.467439],[107.359365,27.465641],[107.359019,27.457292],[107.353847,27.450509],[107.35324,27.445595],[107.376234,27.442867],[107.372654,27.434841],[107.384994,27.430451],[107.396007,27.421274],[107.401209,27.414324],[107.400521,27.405683],[107.396926,27.401865],[107.376527,27.388838],[107.376655,27.364135],[107.386694,27.361926],[107.395295,27.365043],[107.401781,27.363442],[107.408749,27.353327],[107.408863,27.34318],[107.410671,27.341806],[107.41954,27.342545],[107.421244,27.344155],[107.421193,27.350122],[107.428916,27.358398],[107.434801,27.372686]]]}},{"type":"Feature","properties":{"dt_adcode":"522726"},"geometry":{"type":"Polygon","coordinates":[[[107.655105,25.315182],[107.643444,25.314847],[107.631969,25.310155],[107.614386,25.276965],[107.61501,25.268102],[107.608476,25.265296],[107.607774,25.261467],[107.609697,25.258784],[107.60566,25.255234],[107.600212,25.261286],[107.592981,25.262085],[107.594514,25.256543],[107.599379,25.250944],[107.598098,25.249346],[107.591889,25.248656],[107.585209,25.255371],[107.575279,25.256513],[107.570852,25.251084],[107.558947,25.246887],[107.554074,25.239563],[107.550709,25.239362],[107.543357,25.23486],[107.541568,25.230519],[107.538121,25.227669],[107.541248,25.226006],[107.539719,25.222982],[107.536461,25.221329],[107.531797,25.221794],[107.527264,25.226898],[107.525317,25.225735],[107.521521,25.221466],[107.523628,25.215698],[107.518326,25.214049],[107.517496,25.207195],[107.513533,25.207946],[107.513093,25.216576],[107.508028,25.219693],[107.505023,25.218847],[107.504624,25.210685],[107.501572,25.209365],[107.491342,25.212054],[107.479222,25.211188],[107.475152,25.213839],[107.472162,25.213622],[107.470632,25.216951],[107.471842,25.219409],[107.47096,25.222223],[107.475548,25.223695],[107.470522,25.236903],[107.477099,25.24907],[107.482141,25.267157],[107.485429,25.270116],[107.484991,25.273076],[107.480058,25.278699],[107.485495,25.284049],[107.483303,25.291064],[107.479094,25.294133],[107.472254,25.29387],[107.454891,25.284136],[107.448927,25.276858],[107.445683,25.27563],[107.441824,25.283347],[107.429898,25.285364],[107.427355,25.287381],[107.425689,25.291766],[107.425689,25.301324],[107.423234,25.304832],[107.423216,25.309769],[107.421041,25.307734],[107.419568,25.308296],[107.420621,25.331586],[107.417744,25.334884],[107.404836,25.342741],[107.402801,25.345968],[107.413037,25.372765],[107.423817,25.383879],[107.424139,25.390062],[107.420892,25.393075],[107.411519,25.392031],[107.402419,25.393728],[107.386412,25.410611],[107.380362,25.413187],[107.37578,25.41208],[107.367253,25.403899],[107.367795,25.401729],[107.370571,25.400521],[107.367849,25.400225],[107.364867,25.395156],[107.358704,25.393477],[107.354336,25.395124],[107.352293,25.3985],[107.344401,25.40368],[107.331093,25.40249],[107.324813,25.404605],[107.317814,25.401899],[107.315313,25.402408],[107.312936,25.40749],[107.309016,25.409188],[107.307479,25.423378],[107.303396,25.426229],[107.303649,25.428348],[107.308391,25.433124],[107.315119,25.429708],[107.318653,25.432343],[107.323915,25.432418],[107.325904,25.436019],[107.325331,25.442517],[107.332735,25.446712],[107.33064,25.457214],[107.336499,25.462266],[107.331046,25.464253],[107.329822,25.470248],[107.328346,25.470756],[107.334129,25.475683],[107.328094,25.475724],[107.326426,25.480632],[107.321738,25.482732],[107.323154,25.488163],[107.321227,25.492613],[107.329198,25.495101],[107.327469,25.498885],[107.333172,25.500906],[107.332058,25.506617],[107.334379,25.510364],[107.347776,25.521806],[107.352899,25.522082],[107.359038,25.542196],[107.363581,25.574066],[107.363731,25.595173],[107.361079,25.615145],[107.361046,25.644968],[107.364656,25.651605],[107.370284,25.656626],[107.395267,25.66888],[107.39783,25.672306],[107.399951,25.684222],[107.415329,25.704078],[107.420929,25.737991],[107.4285,25.765695],[107.439583,25.788316],[107.435171,25.806702],[107.421846,25.824004],[107.416085,25.834825],[107.41389,25.847686],[107.421111,25.860248],[107.424134,25.857017],[107.440367,25.855286],[107.452596,25.861376],[107.46869,25.893451],[107.475383,25.919885],[107.479729,25.924659],[107.488904,25.930532],[107.52222,25.944184],[107.524038,25.948525],[107.524454,25.966868],[107.530713,25.987448],[107.533553,25.993382],[107.542513,26.002011],[107.548869,26.003553],[107.555209,26.003264],[107.567625,25.999249],[107.577793,25.999386],[107.607868,26.006943],[107.613443,26.004147],[107.629081,25.988669],[107.635929,25.985871],[107.644093,25.986964],[107.656398,25.993764],[107.68505,26.003904],[107.683971,25.998406],[107.684919,25.991061],[107.689006,25.974867],[107.707528,25.971236],[107.713179,25.965807],[107.722521,25.946715],[107.729837,25.941236],[107.734832,25.940017],[107.739061,25.93058],[107.735395,25.921204],[107.730035,25.919641],[107.722919,25.920842],[107.712776,25.925047],[107.708925,25.921404],[107.70709,25.916368],[107.706185,25.902153],[107.703559,25.894832],[107.697097,25.884555],[107.684468,25.869731],[107.681849,25.862406],[107.683032,25.852994],[107.696173,25.839408],[107.710319,25.833544],[107.735086,25.830375],[107.741929,25.825318],[107.748545,25.816959],[107.755116,25.813462],[107.761711,25.813402],[107.769865,25.816308],[107.783401,25.824663],[107.787969,25.824845],[107.816768,25.815041],[107.821263,25.808184],[107.821427,25.800628],[107.827922,25.794522],[107.837832,25.780354],[107.833472,25.767232],[107.829107,25.762007],[107.824614,25.761416],[107.819171,25.766813],[107.808812,25.765889],[107.802313,25.768311],[107.801734,25.765122],[107.807456,25.754309],[107.808337,25.747848],[107.812327,25.743866],[107.81118,25.737946],[107.803353,25.737424],[107.791315,25.740187],[107.788778,25.739553],[107.787706,25.736831],[107.786999,25.728157],[107.796359,25.715466],[107.794774,25.704344],[107.796412,25.69194],[107.795354,25.687365],[107.788932,25.679172],[107.788099,25.673215],[107.793334,25.664904],[107.79355,25.661231],[107.784831,25.651915],[107.783773,25.647107],[107.786485,25.640658],[107.779932,25.64323],[107.773819,25.639622],[107.775977,25.62813],[107.774867,25.618964],[107.767711,25.613297],[107.757066,25.613395],[107.742626,25.618447],[107.739912,25.611127],[107.740721,25.60625],[107.736077,25.603294],[107.71334,25.610326],[107.700758,25.607775],[107.697648,25.605339],[107.697574,25.602023],[107.687719,25.598593],[107.684384,25.599753],[107.68235,25.605664],[107.653593,25.601293],[107.642314,25.595243],[107.635672,25.58627],[107.633393,25.560358],[107.635809,25.548182],[107.635704,25.536941],[107.632061,25.526868],[107.631487,25.519761],[107.634389,25.505056],[107.640848,25.489869],[107.643246,25.476316],[107.641421,25.471048],[107.630901,25.45827],[107.629458,25.439923],[107.636462,25.429549],[107.648026,25.418916],[107.657989,25.400721],[107.656649,25.393617],[107.649134,25.376454],[107.647021,25.366828],[107.647951,25.35833],[107.65142,25.350734],[107.663004,25.343317],[107.667265,25.337553],[107.667969,25.33158],[107.659002,25.322229],[107.655105,25.315182]]]}},{"type":"Feature","properties":{"dt_adcode":"522727"},"geometry":{"type":"Polygon","coordinates":[[[107.333172,25.500906],[107.321362,25.498816],[107.31891,25.503168],[107.315063,25.504922],[107.307744,25.500235],[107.305373,25.50057],[107.301459,25.50507],[107.303188,25.510504],[107.298187,25.515316],[107.296995,25.519918],[107.290849,25.519731],[107.283839,25.528521],[107.263911,25.543153],[107.246966,25.547664],[107.237634,25.551649],[107.232375,25.55651],[107.230189,25.564781],[107.232602,25.577129],[107.235996,25.585343],[107.235588,25.593595],[107.232369,25.600728],[107.228621,25.604889],[107.220284,25.607723],[107.211187,25.609192],[107.205585,25.607875],[107.199724,25.603813],[107.195857,25.597898],[107.1873,25.590913],[107.185234,25.578333],[107.176998,25.574614],[107.166008,25.574327],[107.160678,25.570285],[107.155503,25.571397],[107.15202,25.569095],[107.145713,25.569349],[107.122304,25.564745],[107.093448,25.569802],[107.086833,25.568707],[107.074067,25.561694],[107.062896,25.559144],[107.054,25.563197],[107.035702,25.5649],[107.024994,25.562432],[107.018083,25.558571],[106.999964,25.552926],[106.992085,25.554107],[106.989305,25.555951],[106.988312,25.559621],[107.002319,25.586822],[107.002633,25.592547],[106.999636,25.598746],[106.989021,25.60727],[106.959148,25.624135],[106.920134,25.640389],[106.8985,25.634349],[106.877964,25.635875],[106.870078,25.632271],[106.86196,25.630734],[106.857624,25.627791],[106.856314,25.622533],[106.856166,25.604666],[106.831128,25.577839],[106.822502,25.575391],[106.785875,25.588045],[106.776495,25.588799],[106.749952,25.599274],[106.729764,25.616789],[106.718442,25.633104],[106.716459,25.640214],[106.717582,25.654872],[106.716113,25.662208],[106.712599,25.668636],[106.696677,25.682671],[106.688557,25.686596],[106.688549,25.688832],[106.701047,25.709938],[106.703084,25.716591],[106.712515,25.726225],[106.738977,25.734003],[106.745581,25.733076],[106.764854,25.722258],[106.773995,25.723151],[106.7806,25.726114],[106.786502,25.731126],[106.793911,25.730096],[106.796477,25.731824],[106.796917,25.736712],[106.794834,25.740399],[106.784815,25.747302],[106.786584,25.752735],[106.791748,25.75217],[106.801184,25.754643],[106.805611,25.750072],[106.816531,25.750652],[106.822708,25.745741],[106.8519,25.745326],[106.875533,25.759677],[106.893091,25.773145],[106.895652,25.779329],[106.896192,25.789881],[106.888666,25.816283],[106.885638,25.821799],[106.880544,25.820901],[106.873429,25.816799],[106.868858,25.817048],[106.867592,25.818887],[106.871929,25.825064],[106.87068,25.831949],[106.865355,25.831972],[106.861027,25.829237],[106.853118,25.813444],[106.849303,25.81048],[106.848836,25.824931],[106.837679,25.826357],[106.836171,25.829344],[106.836674,25.833012],[106.839994,25.837357],[106.85371,25.843489],[106.856762,25.846917],[106.858566,25.852414],[106.853538,25.870555],[106.857614,25.874209],[106.871073,25.875987],[106.877432,25.878714],[106.876695,25.886286],[106.872636,25.889053],[106.860459,25.891855],[106.859689,25.893848],[106.855392,25.895731],[106.855315,25.900451],[106.864287,25.9069],[106.866876,25.911253],[106.882857,25.913867],[106.897211,25.920437],[106.902838,25.924727],[106.901969,25.930849],[106.896907,25.931572],[106.879096,25.920249],[106.873266,25.917929],[106.864342,25.918275],[106.864624,25.92089],[106.874883,25.928601],[106.87529,25.939072],[106.870467,25.939358],[106.869539,25.941772],[106.869812,25.943732],[106.874212,25.947162],[106.872398,25.954608],[106.875099,25.957407],[106.87766,25.951479],[106.887531,25.957908],[106.8951,25.958282],[106.897106,25.956562],[106.93727,25.965696],[106.945964,25.973481],[106.952721,26.005811],[106.957354,26.017043],[106.963006,26.025522],[106.969156,26.03125],[106.977075,26.033079],[106.986791,26.032157],[106.993947,26.034446],[107.007544,26.045903],[107.014194,26.047734],[107.037677,26.044271],[107.044846,26.04839],[107.046396,26.052974],[107.041851,26.063761],[107.024784,26.075019],[107.017403,26.081907],[107.012323,26.08948],[107.011844,26.095902],[107.018015,26.1053],[107.03133,26.108728],[107.037455,26.107115],[107.057579,26.096302],[107.068292,26.092836],[107.080026,26.092802],[107.096925,26.100473],[107.106922,26.092234],[107.127017,26.094738],[107.133567,26.090801],[107.133437,26.086283],[107.127146,26.07138],[107.12186,26.047393],[107.160072,26.041392],[107.166521,26.037309],[107.169779,26.0288],[107.177857,26.018885],[107.193164,26.014463],[107.210026,26.01381],[107.214406,26.011301],[107.222723,26.00001],[107.224179,25.988759],[107.220084,25.983741],[107.205316,25.979936],[107.202758,25.975827],[107.205237,25.965947],[107.211783,25.956043],[107.22114,25.947725],[107.238911,25.944864],[107.248321,25.945728],[107.25777,25.950724],[107.263418,25.957345],[107.275516,25.978617],[107.28628,25.988888],[107.286324,25.994622],[107.280012,26.003366],[107.282073,26.007026],[107.287429,26.007691],[107.296578,26.003293],[107.332661,25.984798],[107.34178,25.976733],[107.363705,25.976181],[107.366227,25.972728],[107.365401,25.964475],[107.348356,25.933129],[107.343585,25.907003],[107.344524,25.89553],[107.353895,25.887692],[107.363794,25.88306],[107.382081,25.877922],[107.388444,25.877431],[107.410359,25.882803],[107.416435,25.880467],[107.41995,25.875165],[107.421111,25.860248],[107.41389,25.847686],[107.416085,25.834825],[107.421846,25.824004],[107.435171,25.806702],[107.439583,25.788316],[107.4285,25.765695],[107.420929,25.737991],[107.415329,25.704078],[107.399951,25.684222],[107.39783,25.672306],[107.395267,25.66888],[107.370284,25.656626],[107.364656,25.651605],[107.361046,25.644968],[107.361079,25.615145],[107.363731,25.595173],[107.363581,25.574066],[107.359038,25.542196],[107.352899,25.522082],[107.347776,25.521806],[107.334379,25.510364],[107.332058,25.506617],[107.333172,25.500906]]]}},{"type":"Feature","properties":{"dt_adcode":"522728"},"geometry":{"type":"Polygon","coordinates":[[[106.418842,25.36202],[106.427039,25.364921],[106.431358,25.370481],[106.426186,25.377087],[106.423359,25.392541],[106.419541,25.395779],[106.414189,25.396899],[106.411876,25.399968],[106.403672,25.399111],[106.40599,25.402563],[106.40389,25.404785],[106.395443,25.403703],[106.391479,25.400681],[106.385825,25.402661],[106.395091,25.407799],[106.395647,25.411524],[106.392016,25.413037],[106.395259,25.418294],[106.402651,25.415087],[106.405517,25.41542],[106.41954,25.430972],[106.419196,25.439451],[106.41085,25.452757],[106.406843,25.454627],[106.398799,25.451773],[106.396516,25.453834],[106.396997,25.457439],[106.403676,25.465423],[106.401569,25.466968],[106.396866,25.466334],[106.395064,25.467513],[106.396683,25.470919],[106.396354,25.477269],[106.398132,25.480412],[106.402604,25.479694],[106.406559,25.481924],[106.39771,25.486961],[106.398271,25.492372],[106.399544,25.494843],[106.405209,25.498024],[106.417215,25.496881],[106.435196,25.528984],[106.436766,25.54066],[106.433774,25.550984],[106.433064,25.560382],[106.437149,25.567691],[106.470726,25.601861],[106.479429,25.623108],[106.486572,25.634515],[106.489698,25.651674],[106.511502,25.660452],[106.518541,25.665393],[106.519159,25.669789],[106.525603,25.673713],[106.526737,25.679089],[106.531214,25.683869],[106.537691,25.685703],[106.548712,25.706697],[106.553401,25.729799],[106.558263,25.737326],[106.561826,25.739823],[106.569932,25.737483],[106.578007,25.731482],[106.601193,25.704788],[106.613329,25.694881],[106.619665,25.692564],[106.625011,25.69323],[106.629116,25.698939],[106.630934,25.705346],[106.624404,25.718657],[106.615069,25.730149],[106.613349,25.739548],[106.618712,25.744106],[106.629414,25.746812],[106.633737,25.746337],[106.637268,25.742202],[106.652596,25.711912],[106.656894,25.707775],[106.671603,25.700395],[106.680941,25.689141],[106.696677,25.682671],[106.712599,25.668636],[106.716113,25.662208],[106.717582,25.654872],[106.716459,25.640214],[106.718442,25.633104],[106.729764,25.616789],[106.749952,25.599274],[106.776495,25.588799],[106.785875,25.588045],[106.822502,25.575391],[106.831128,25.577839],[106.856166,25.604666],[106.857624,25.627791],[106.86196,25.630734],[106.870078,25.632271],[106.877964,25.635875],[106.8985,25.634349],[106.920134,25.640389],[106.959148,25.624135],[106.989021,25.60727],[106.999636,25.598746],[107.002633,25.592547],[107.002319,25.586822],[106.988312,25.559621],[106.989305,25.555951],[106.992085,25.554107],[106.999964,25.552926],[107.018083,25.558571],[107.024994,25.562432],[107.035702,25.5649],[107.054,25.563197],[107.064541,25.559519],[107.065768,25.556766],[107.066684,25.547651],[107.064114,25.542414],[107.067811,25.534865],[107.065056,25.531692],[107.073134,25.529708],[107.072279,25.527228],[107.074269,25.525456],[107.074228,25.518833],[107.070109,25.511737],[107.05409,25.503474],[107.039734,25.503311],[107.015342,25.495757],[107.013407,25.493447],[107.014787,25.486396],[107.007256,25.47908],[107.003854,25.462094],[106.999846,25.457163],[106.998953,25.446366],[106.996479,25.442724],[106.98145,25.448185],[106.977362,25.443698],[106.970046,25.442918],[106.963736,25.437331],[106.969031,25.424718],[106.967497,25.410359],[106.969377,25.407836],[106.97414,25.407021],[106.976653,25.404726],[106.976679,25.397457],[106.980237,25.384567],[106.979247,25.374956],[106.985727,25.364865],[106.986941,25.359742],[106.992062,25.357312],[107.004252,25.356822],[107.01093,25.354964],[107.014306,25.344806],[107.011148,25.335736],[107.011345,25.324282],[107.007968,25.315745],[107.007411,25.308067],[107.009676,25.300656],[107.01337,25.297284],[107.009933,25.290289],[107.013548,25.283178],[107.013709,25.275362],[107.008955,25.270996],[107.001763,25.269286],[106.991363,25.263105],[106.987501,25.255765],[106.998353,25.244131],[106.997627,25.240643],[106.98502,25.23802],[106.975729,25.232778],[106.971009,25.237535],[106.952313,25.247278],[106.933248,25.250473],[106.921836,25.24836],[106.913027,25.243013],[106.904117,25.231523],[106.901422,25.22366],[106.89979,25.192862],[106.896248,25.187471],[106.88831,25.182195],[106.87964,25.182342],[106.868371,25.185816],[106.852727,25.186944],[106.836372,25.179487],[106.828625,25.179743],[106.821338,25.175881],[106.798089,25.170456],[106.791354,25.170346],[106.778206,25.175402],[106.770631,25.182328],[106.764665,25.183107],[106.74807,25.171475],[106.742755,25.171055],[106.732143,25.162319],[106.727944,25.161404],[106.72243,25.161836],[106.716099,25.165169],[106.7055,25.176151],[106.691127,25.179238],[106.685079,25.178311],[106.667525,25.170583],[106.648425,25.166388],[106.645018,25.164855],[106.639049,25.157286],[106.640866,25.138332],[106.639637,25.132802],[106.631691,25.126908],[106.629335,25.121421],[106.614288,25.116358],[106.607381,25.109015],[106.600225,25.107508],[106.597118,25.104905],[106.594733,25.093927],[106.590655,25.08778],[106.577579,25.083515],[106.562054,25.084255],[106.551306,25.082814],[106.547041,25.07918],[106.542226,25.078493],[106.531566,25.073049],[106.522563,25.059859],[106.519204,25.060453],[106.518912,25.062858],[106.528712,25.077511],[106.531605,25.085888],[106.530829,25.090896],[106.52812,25.093478],[106.525944,25.099217],[106.517445,25.103454],[106.51196,25.118089],[106.508872,25.119691],[106.505943,25.126336],[106.500556,25.130942],[106.499711,25.13447],[106.493907,25.136016],[106.489312,25.144465],[106.479536,25.152297],[106.47749,25.160043],[106.4701,25.165572],[106.463284,25.167398],[106.4603,25.160514],[106.456011,25.160425],[106.451049,25.166877],[106.449915,25.172107],[106.44677,25.172597],[106.445597,25.174477],[106.446282,25.176197],[106.457523,25.177172],[106.458878,25.180188],[106.465654,25.186218],[106.496703,25.202287],[106.505325,25.212083],[106.506364,25.218721],[106.497346,25.22887],[106.495918,25.246068],[106.488952,25.26445],[106.486529,25.283261],[106.483292,25.290846],[106.464755,25.318009],[106.456708,25.323786],[106.443311,25.322944],[106.422983,25.326761],[106.41964,25.337564],[106.422186,25.349677],[106.42179,25.35882],[106.418842,25.36202]]]}},{"type":"Feature","properties":{"dt_adcode":"522729"},"geometry":{"type":"MultiPolygon","coordinates":[[[[106.28051,26.246536],[106.297856,26.253199],[106.300318,26.251394],[106.305914,26.236812],[106.313681,26.226469],[106.319041,26.222342],[106.337435,26.222326],[106.343839,26.225526],[106.349478,26.231015],[106.358488,26.245209],[106.36082,26.254137],[106.36016,26.278648],[106.361961,26.28185],[106.381378,26.284105],[106.397446,26.277191],[106.409422,26.273947],[106.439475,26.26855],[106.464289,26.266337],[106.469717,26.264069],[106.476467,26.264321],[106.486019,26.262111],[106.488139,26.259523],[106.492676,26.259873],[106.501309,26.257417],[106.502101,26.251887],[106.499791,26.245754],[106.506724,26.245188],[106.510329,26.249529],[106.512253,26.249435],[106.515517,26.243426],[106.515715,26.239013],[106.510301,26.234064],[106.509812,26.23029],[106.504019,26.22668],[106.501412,26.227303],[106.500764,26.224321],[106.504019,26.222682],[106.508869,26.224071],[106.51319,26.220162],[106.515827,26.220854],[106.517851,26.226073],[106.526863,26.230731],[106.533516,26.230614],[106.533106,26.226215],[106.534566,26.225333],[106.541358,26.229625],[106.545754,26.228807],[106.566336,26.233317],[106.568301,26.232028],[106.568814,26.225161],[106.575252,26.226768],[106.582488,26.222594],[106.587994,26.223904],[106.591446,26.219902],[106.595516,26.228696],[106.605359,26.233069],[106.612013,26.231717],[106.612895,26.227587],[106.616844,26.225444],[106.616192,26.222572],[106.607299,26.217722],[106.616397,26.216564],[106.622974,26.213901],[106.619003,26.211379],[106.61921,26.208803],[106.621624,26.207227],[106.628218,26.210396],[106.628554,26.194975],[106.641742,26.191327],[106.635009,26.186995],[106.641178,26.18331],[106.640272,26.180183],[106.599961,26.16721],[106.576252,26.162297],[106.55742,26.163098],[106.542397,26.160448],[106.536273,26.156596],[106.532169,26.150441],[106.531882,26.143116],[106.540689,26.127708],[106.545989,26.121031],[106.562947,26.107412],[106.566709,26.099371],[106.565161,26.087903],[106.562027,26.079474],[106.555136,26.076312],[106.54674,26.073617],[106.531255,26.075785],[106.525151,26.074683],[106.521584,26.072188],[106.520017,26.063727],[106.54271,26.035629],[106.542839,26.013641],[106.550868,25.996868],[106.551544,25.981979],[106.556326,25.973472],[106.569485,25.964688],[106.571228,25.95941],[106.568634,25.951181],[106.564802,25.947312],[106.557174,25.945527],[106.511536,25.949963],[106.503253,25.953201],[106.499105,25.959388],[106.497079,25.959284],[106.495047,25.95641],[106.486218,25.959073],[106.46795,25.958734],[106.457789,25.957194],[106.447097,25.951299],[106.44148,25.945148],[106.438635,25.93417],[106.439822,25.916068],[106.432364,25.896639],[106.431566,25.888856],[106.438337,25.871648],[106.439004,25.852861],[106.447894,25.801968],[106.446862,25.797851],[106.442528,25.792148],[106.429044,25.784428],[106.416558,25.773947],[106.398436,25.755914],[106.39536,25.74928],[106.396602,25.742861],[106.400649,25.738958],[106.407762,25.738933],[106.430126,25.743423],[106.469357,25.733585],[106.476916,25.726892],[106.48797,25.710556],[106.494694,25.688062],[106.499212,25.681845],[106.521113,25.679786],[106.519958,25.676693],[106.522143,25.672294],[106.519159,25.669789],[106.518541,25.665393],[106.511502,25.660452],[106.489698,25.651674],[106.488936,25.646867],[106.478981,25.649779],[106.460311,25.666026],[106.446413,25.674622],[106.436531,25.67785],[106.42732,25.675034],[106.412714,25.654995],[106.401808,25.650692],[106.389332,25.650936],[106.364537,25.658174],[106.344781,25.66832],[106.326544,25.672402],[106.316377,25.679697],[106.306161,25.68334],[106.304726,25.686399],[106.30509,25.690774],[106.301803,25.697191],[106.304387,25.707268],[106.303994,25.711526],[106.311957,25.724627],[106.308902,25.728308],[106.303233,25.72448],[106.301503,25.721462],[106.298117,25.72183],[106.298853,25.724774],[106.285108,25.724131],[106.281013,25.720986],[106.27825,25.721046],[106.246927,25.698204],[106.239316,25.698224],[106.232739,25.702137],[106.229973,25.709704],[106.232011,25.714507],[106.24777,25.722481],[106.255402,25.728191],[106.258728,25.735512],[106.259268,25.744443],[106.256559,25.772393],[106.25076,25.787067],[106.249482,25.794572],[106.244439,25.794817],[106.247203,25.805607],[106.24561,25.811944],[106.246835,25.815008],[106.242653,25.822976],[106.243217,25.831545],[106.261115,25.842751],[106.262102,25.846386],[106.269738,25.850611],[106.266961,25.857063],[106.273387,25.858941],[106.275054,25.881433],[106.276494,25.882922],[106.28291,25.883515],[106.285414,25.897308],[106.298458,25.915119],[106.296357,25.918564],[106.277406,25.923425],[106.275304,25.926656],[106.275401,25.935658],[106.276374,25.937793],[106.281579,25.939296],[106.289448,25.938549],[106.285069,25.951014],[106.287104,25.963216],[106.293569,25.967667],[106.307122,25.967781],[106.312477,25.978888],[106.313992,25.986807],[106.314026,25.989807],[106.303337,25.990957],[106.298155,25.995496],[106.302848,26.004077],[106.298654,26.005028],[106.290534,26.003086],[106.284326,26.008302],[106.284375,26.012841],[106.280211,26.01303],[106.276609,26.020084],[106.264177,26.022708],[106.25964,26.020241],[106.259596,26.016171],[106.257344,26.016347],[106.255986,26.019176],[106.249959,26.023142],[106.254044,26.032185],[106.242901,26.0279],[106.2425,26.022738],[106.235042,26.02218],[106.236121,26.025926],[106.234846,26.029382],[106.230298,26.030353],[106.22975,26.032113],[106.225314,26.033899],[106.226702,26.03885],[106.233179,26.040467],[106.235636,26.048024],[106.237795,26.048542],[106.239136,26.051392],[106.24563,26.093056],[106.249467,26.101062],[106.256604,26.102192],[106.26244,26.09233],[106.269563,26.089798],[106.286686,26.102136],[106.289251,26.107173],[106.287496,26.114506],[106.281459,26.121685],[106.279027,26.127309],[106.274694,26.128779],[106.259587,26.128563],[106.256824,26.129839],[106.255818,26.133135],[106.25811,26.136402],[106.267421,26.139451],[106.269949,26.142857],[106.272671,26.141273],[106.274939,26.142767],[106.283866,26.170912],[106.284501,26.191852],[106.286818,26.195793],[106.291403,26.199033],[106.299446,26.199519],[106.299919,26.201153],[106.285319,26.211091],[106.281738,26.218491],[106.273586,26.223086],[106.262361,26.223793],[106.251133,26.222215],[106.243234,26.224524],[106.2453,26.229788],[106.253208,26.233542],[106.253677,26.241215],[106.257417,26.242464],[106.277115,26.240726],[106.279606,26.242726],[106.28051,26.246536]]],[[[106.223984,26.027404],[106.224347,26.023927],[106.217395,26.020221],[106.211899,26.021483],[106.211785,26.024838],[106.215206,26.032721],[106.221566,26.030446],[106.223984,26.027404]]]]}},{"type":"Feature","properties":{"dt_adcode":"522730"},"geometry":{"type":"Polygon","coordinates":[[[106.870534,26.624005],[106.871379,26.627534],[106.873581,26.626825],[106.875526,26.628831],[106.877413,26.627751],[106.882214,26.629026],[106.882983,26.632392],[106.891545,26.633434],[106.894471,26.632253],[106.896712,26.638714],[106.904587,26.64265],[106.913156,26.642798],[106.919293,26.635847],[106.933194,26.644412],[106.937882,26.644969],[106.939384,26.64709],[106.950217,26.64708],[106.951898,26.649024],[106.958648,26.645272],[106.961372,26.64644],[106.960133,26.652286],[106.953059,26.653452],[106.959276,26.654813],[106.962514,26.659232],[106.957639,26.660149],[106.956819,26.657643],[106.954463,26.658759],[106.948716,26.656177],[106.947733,26.664606],[106.951511,26.684517],[106.956666,26.686782],[106.968493,26.688559],[106.974958,26.693112],[106.973101,26.708502],[106.971321,26.705952],[106.968987,26.706838],[106.965915,26.713665],[106.964783,26.721255],[106.966792,26.721499],[106.971468,26.717384],[106.972847,26.718398],[106.972787,26.722001],[106.97761,26.721942],[106.978836,26.725359],[106.981271,26.72437],[106.982108,26.726401],[106.977899,26.730488],[106.972302,26.729172],[106.966375,26.731148],[106.968317,26.73988],[106.982142,26.752443],[106.98839,26.753216],[106.994369,26.74997],[107.006778,26.757779],[107.015383,26.754843],[107.027886,26.768136],[107.04119,26.768801],[107.04487,26.772975],[107.050067,26.772602],[107.051905,26.778069],[107.055954,26.779772],[107.064048,26.787961],[107.074586,26.802794],[107.088889,26.803213],[107.105902,26.810338],[107.110218,26.814001],[107.121165,26.815232],[107.130554,26.820269],[107.143919,26.818414],[107.172441,26.81916],[107.197204,26.806433],[107.208276,26.812166],[107.216662,26.811942],[107.228699,26.80681],[107.239546,26.804944],[107.244489,26.802221],[107.246717,26.796349],[107.255257,26.792282],[107.255463,26.771837],[107.252023,26.770656],[107.251012,26.768263],[107.250197,26.75489],[107.244955,26.757361],[107.223094,26.761977],[107.206079,26.757372],[107.198363,26.753098],[107.193187,26.747655],[107.189806,26.742648],[107.186607,26.731223],[107.164861,26.729849],[107.152749,26.721267],[107.151934,26.716692],[107.154934,26.710246],[107.167051,26.696369],[107.169548,26.691304],[107.168984,26.686268],[107.164615,26.683794],[107.157464,26.684325],[107.142759,26.695703],[107.132733,26.69076],[107.129835,26.682536],[107.130242,26.673597],[107.137119,26.646721],[107.136945,26.63114],[107.133311,26.625676],[107.108089,26.610321],[107.088435,26.591233],[107.085323,26.586902],[107.08447,26.579116],[107.086191,26.572002],[107.091467,26.562339],[107.090659,26.558908],[107.081626,26.552101],[107.070301,26.546451],[107.067708,26.54303],[107.070213,26.537516],[107.081164,26.531714],[107.086232,26.526637],[107.093289,26.516272],[107.101717,26.514143],[107.126911,26.528357],[107.126506,26.525383],[107.137622,26.524346],[107.144231,26.525651],[107.150753,26.522831],[107.152812,26.523444],[107.151698,26.527437],[107.153931,26.531296],[107.161625,26.527556],[107.163245,26.512418],[107.160376,26.506261],[107.15214,26.499929],[107.143434,26.49727],[107.136747,26.492984],[107.122527,26.476849],[107.115974,26.47307],[107.102271,26.47429],[107.099217,26.473243],[107.084444,26.462175],[107.082073,26.454204],[107.082618,26.450741],[107.093264,26.447869],[107.098122,26.442484],[107.098863,26.439904],[107.096843,26.432101],[107.084857,26.430121],[107.067977,26.436202],[107.062681,26.434632],[107.06302,26.431007],[107.068633,26.428428],[107.092314,26.421703],[107.087802,26.4072],[107.081658,26.403101],[107.080871,26.393108],[107.073357,26.391753],[107.072418,26.390799],[107.075293,26.386838],[107.062099,26.383929],[107.05771,26.377403],[107.058468,26.374483],[107.064234,26.368409],[107.064953,26.363308],[107.061219,26.346987],[107.056919,26.344313],[107.046967,26.342796],[107.031614,26.345521],[107.024314,26.351873],[107.017972,26.349361],[107.012009,26.350665],[107.004519,26.347716],[106.998034,26.339727],[107.000552,26.334906],[107.025207,26.315092],[107.04344,26.294613],[107.049545,26.290916],[107.055431,26.290655],[107.062117,26.294737],[107.069548,26.296065],[107.074341,26.289619],[107.072192,26.279784],[107.066754,26.272033],[107.061567,26.265652],[107.048708,26.258394],[107.044301,26.252005],[107.043464,26.245596],[107.045886,26.233209],[107.04248,26.223838],[107.013891,26.205881],[106.995866,26.189491],[106.986139,26.18789],[106.979238,26.189271],[106.962399,26.196856],[106.950896,26.198013],[106.942453,26.196423],[106.925829,26.186818],[106.909696,26.171263],[106.903058,26.16853],[106.89975,26.170606],[106.89672,26.179788],[106.889618,26.18784],[106.870772,26.191353],[106.866427,26.195742],[106.866219,26.201013],[106.868041,26.205121],[106.871632,26.208757],[106.881583,26.210511],[106.886192,26.213685],[106.888284,26.218936],[106.887312,26.224212],[106.882504,26.228829],[106.86623,26.23262],[106.859891,26.235879],[106.8584,26.240013],[106.858181,26.243915],[106.862084,26.254189],[106.871314,26.266493],[106.886052,26.272155],[106.882223,26.277448],[106.881849,26.279618],[106.884187,26.282533],[106.882943,26.284782],[106.873815,26.287268],[106.871954,26.293988],[106.867091,26.294236],[106.866725,26.295499],[106.876484,26.302899],[106.876689,26.310218],[106.874569,26.310251],[106.874387,26.314031],[106.872359,26.312059],[106.869652,26.314617],[106.851193,26.314679],[106.845996,26.307783],[106.840957,26.304247],[106.819485,26.309053],[106.785111,26.313009],[106.780807,26.316676],[106.785953,26.323512],[106.817701,26.340447],[106.826171,26.348167],[106.827229,26.35297],[106.823987,26.3617],[106.824291,26.367882],[106.834832,26.379251],[106.836141,26.382903],[106.835136,26.385204],[106.827005,26.388248],[106.814002,26.387667],[106.801715,26.382494],[106.791195,26.374327],[106.786857,26.37344],[106.778693,26.374184],[106.762696,26.385513],[106.757058,26.391901],[106.784717,26.426829],[106.789584,26.43046],[106.817905,26.431159],[106.819214,26.434357],[106.813414,26.442878],[106.812687,26.447923],[106.829054,26.453061],[106.829869,26.459698],[106.809575,26.472919],[106.805292,26.480743],[106.808432,26.49034],[106.822841,26.500809],[106.837664,26.506827],[106.841522,26.511606],[106.843395,26.517443],[106.840833,26.517942],[106.839919,26.520639],[106.843187,26.524819],[106.84033,26.525674],[106.838844,26.528099],[106.843439,26.530486],[106.843926,26.532708],[106.847271,26.533569],[106.845412,26.536744],[106.8515,26.540308],[106.837839,26.539497],[106.840095,26.543405],[106.833536,26.555635],[106.838609,26.563566],[106.841772,26.564426],[106.844567,26.563064],[106.845147,26.566543],[106.840963,26.567256],[106.85276,26.573604],[106.880367,26.576134],[106.893491,26.584972],[106.907074,26.588543],[106.916111,26.596735],[106.915686,26.607046],[106.911645,26.613029],[106.897096,26.617712],[106.883412,26.616547],[106.881454,26.618741],[106.879166,26.618801],[106.879005,26.621018],[106.872136,26.624565],[106.870534,26.624005]]]}},{"type":"Feature","properties":{"dt_adcode":"522731"},"geometry":{"type":"Polygon","coordinates":[[[106.522143,25.672294],[106.519958,25.676693],[106.520509,25.680209],[106.499212,25.681845],[106.494694,25.688062],[106.48797,25.710556],[106.476916,25.726892],[106.469357,25.733585],[106.430126,25.743423],[106.407762,25.738933],[106.400649,25.738958],[106.396602,25.742861],[106.39536,25.74928],[106.398436,25.755914],[106.416558,25.773947],[106.429044,25.784428],[106.442528,25.792148],[106.446862,25.797851],[106.447894,25.801968],[106.439004,25.852861],[106.438337,25.871648],[106.431566,25.888856],[106.432364,25.896639],[106.439822,25.916068],[106.438635,25.93417],[106.44148,25.945148],[106.447097,25.951299],[106.457789,25.957194],[106.46795,25.958734],[106.486218,25.959073],[106.495047,25.95641],[106.497079,25.959284],[106.499105,25.959388],[106.503253,25.953201],[106.511536,25.949963],[106.557174,25.945527],[106.564802,25.947312],[106.570707,25.955522],[106.571228,25.95941],[106.569485,25.964688],[106.556326,25.973472],[106.551544,25.981979],[106.550868,25.996868],[106.542839,26.013641],[106.54271,26.035629],[106.520017,26.063727],[106.521584,26.072188],[106.525151,26.074683],[106.531255,26.075785],[106.54674,26.073617],[106.555136,26.076312],[106.562027,26.079474],[106.565161,26.087903],[106.566709,26.099371],[106.562947,26.107412],[106.545989,26.121031],[106.540689,26.127708],[106.531882,26.143116],[106.532169,26.150441],[106.536273,26.156596],[106.542397,26.160448],[106.55742,26.163098],[106.576252,26.162297],[106.599961,26.16721],[106.640272,26.180183],[106.641178,26.18331],[106.635009,26.186995],[106.641742,26.191327],[106.628554,26.194975],[106.628218,26.210396],[106.621624,26.207227],[106.61921,26.208803],[106.619003,26.211379],[106.622974,26.213901],[106.616397,26.216564],[106.607299,26.217722],[106.616192,26.222572],[106.617356,26.225579],[106.614695,26.230537],[106.622031,26.236442],[106.629475,26.235028],[106.634831,26.243674],[106.629909,26.262549],[106.629454,26.270204],[106.635674,26.269783],[106.637507,26.273749],[106.639938,26.273923],[106.642729,26.271869],[106.649535,26.271267],[106.649138,26.268183],[106.6522,26.269158],[106.680714,26.289219],[106.687304,26.287885],[106.696319,26.289626],[106.70423,26.287533],[106.722819,26.276921],[106.742059,26.288278],[106.74716,26.287107],[106.751191,26.280902],[106.75113,26.272655],[106.753119,26.265086],[106.758704,26.261617],[106.77105,26.261134],[106.780165,26.264595],[106.780738,26.267786],[106.795012,26.269265],[106.795485,26.267199],[106.788957,26.257155],[106.79004,26.255148],[106.796009,26.254563],[106.795584,26.248747],[106.798066,26.241651],[106.795423,26.229982],[106.797911,26.223322],[106.817636,26.205073],[106.826667,26.189197],[106.835777,26.183396],[106.846986,26.184449],[106.858214,26.186876],[106.866427,26.195742],[106.870772,26.191353],[106.889618,26.18784],[106.89672,26.179788],[106.89975,26.170606],[106.903058,26.16853],[106.909696,26.171263],[106.925829,26.186818],[106.942453,26.196423],[106.950896,26.198013],[106.962399,26.196856],[106.979238,26.189271],[106.986139,26.18789],[106.995866,26.189491],[107.005889,26.198361],[107.010952,26.186272],[107.038678,26.15138],[107.068704,26.126781],[107.086775,26.116827],[107.092442,26.110666],[107.096925,26.100473],[107.080026,26.092802],[107.068292,26.092836],[107.057579,26.096302],[107.037455,26.107115],[107.03133,26.108728],[107.018015,26.1053],[107.011844,26.095902],[107.012323,26.08948],[107.017403,26.081907],[107.024784,26.075019],[107.041851,26.063761],[107.046396,26.052974],[107.044846,26.04839],[107.037677,26.044271],[107.014194,26.047734],[107.007544,26.045903],[106.993947,26.034446],[106.986791,26.032157],[106.977075,26.033079],[106.969156,26.03125],[106.963006,26.025522],[106.957354,26.017043],[106.952721,26.005811],[106.945964,25.973481],[106.93727,25.965696],[106.897106,25.956562],[106.8951,25.958282],[106.887531,25.957908],[106.87766,25.951479],[106.875099,25.957407],[106.872398,25.954608],[106.874212,25.947162],[106.869812,25.943732],[106.869539,25.941772],[106.870467,25.939358],[106.87529,25.939072],[106.874883,25.928601],[106.864624,25.92089],[106.864342,25.918275],[106.873266,25.917929],[106.879096,25.920249],[106.896907,25.931572],[106.901969,25.930849],[106.902838,25.924727],[106.897211,25.920437],[106.882857,25.913867],[106.866876,25.911253],[106.864287,25.9069],[106.855315,25.900451],[106.855392,25.895731],[106.859689,25.893848],[106.860459,25.891855],[106.872636,25.889053],[106.876695,25.886286],[106.877432,25.878714],[106.871073,25.875987],[106.857614,25.874209],[106.853538,25.870555],[106.858566,25.852414],[106.856762,25.846917],[106.85371,25.843489],[106.839994,25.837357],[106.836674,25.833012],[106.836171,25.829344],[106.837679,25.826357],[106.848836,25.824931],[106.849303,25.81048],[106.853118,25.813444],[106.861027,25.829237],[106.865355,25.831972],[106.87068,25.831949],[106.871929,25.825064],[106.867592,25.818887],[106.868858,25.817048],[106.873429,25.816799],[106.880544,25.820901],[106.885638,25.821799],[106.888666,25.816283],[106.896192,25.789881],[106.895652,25.779329],[106.893091,25.773145],[106.884948,25.766065],[106.8519,25.745326],[106.822708,25.745741],[106.816531,25.750652],[106.805611,25.750072],[106.801184,25.754643],[106.791748,25.75217],[106.786584,25.752735],[106.784815,25.747302],[106.794834,25.740399],[106.796917,25.736712],[106.796477,25.731824],[106.793911,25.730096],[106.786502,25.731126],[106.7806,25.726114],[106.773995,25.723151],[106.764854,25.722258],[106.745581,25.733076],[106.738977,25.734003],[106.712515,25.726225],[106.703084,25.716591],[106.701047,25.709938],[106.688549,25.688832],[106.688557,25.686596],[106.680941,25.689141],[106.671603,25.700395],[106.656894,25.707775],[106.652596,25.711912],[106.637268,25.742202],[106.633737,25.746337],[106.629414,25.746812],[106.618712,25.744106],[106.613349,25.739548],[106.615069,25.730149],[106.624404,25.718657],[106.630934,25.705346],[106.629116,25.698939],[106.625011,25.69323],[106.619665,25.692564],[106.613329,25.694881],[106.601193,25.704788],[106.578007,25.731482],[106.569932,25.737483],[106.561826,25.739823],[106.558263,25.737326],[106.553401,25.729799],[106.548712,25.706697],[106.537691,25.685703],[106.531214,25.683869],[106.526737,25.679089],[106.525603,25.673713],[106.522143,25.672294]]]}},{"type":"Feature","properties":{"dt_adcode":"522732"},"geometry":{"type":"Polygon","coordinates":[[[108.215168,26.069314],[108.228715,26.070155],[108.230588,26.065966],[108.230952,26.062053],[108.223409,26.051507],[108.223209,26.046468],[108.224856,26.043202],[108.228844,26.04101],[108.238409,26.044605],[108.241375,26.042221],[108.24298,26.037579],[108.240724,26.032145],[108.230586,26.026958],[108.218244,26.011181],[108.223973,26.009444],[108.225862,26.007351],[108.225077,26.004085],[108.222373,26.005028],[108.21832,26.001838],[108.222212,25.998681],[108.221733,25.995852],[108.218649,25.993036],[108.218451,25.982124],[108.223311,25.973207],[108.212867,25.970301],[108.209904,25.962817],[108.200592,25.958714],[108.199624,25.954145],[108.19514,25.957293],[108.190588,25.957766],[108.179054,25.953286],[108.168611,25.955562],[108.166091,25.951013],[108.168687,25.940191],[108.16775,25.937051],[108.152814,25.920468],[108.143812,25.91452],[108.137891,25.915135],[108.141667,25.899875],[108.146793,25.898103],[108.145444,25.893932],[108.146792,25.892504],[108.14967,25.89307],[108.148581,25.889188],[108.151847,25.887012],[108.151596,25.885527],[108.138816,25.877416],[108.134772,25.868148],[108.11009,25.845777],[108.108417,25.83949],[108.117543,25.837316],[108.124043,25.831034],[108.109219,25.822872],[108.107387,25.819251],[108.091749,25.810202],[108.082593,25.782916],[108.083148,25.777392],[108.087213,25.77062],[108.092683,25.767244],[108.10453,25.764366],[108.108304,25.756909],[108.107896,25.75279],[108.098671,25.744122],[108.097282,25.740949],[108.102706,25.723346],[108.103399,25.715916],[108.09946,25.717247],[108.098682,25.714851],[108.098189,25.702209],[108.102541,25.695816],[108.098027,25.684405],[108.098756,25.679983],[108.110661,25.680127],[108.115434,25.68721],[108.130681,25.690868],[108.136059,25.696821],[108.139935,25.698125],[108.144558,25.698829],[108.149849,25.696502],[108.15853,25.702654],[108.159489,25.698252],[108.164803,25.700302],[108.163455,25.690696],[108.169055,25.675638],[108.166687,25.668924],[108.168333,25.663151],[108.165707,25.656522],[108.168713,25.652461],[108.174489,25.652498],[108.17748,25.647831],[108.181444,25.648701],[108.186212,25.642781],[108.184271,25.639182],[108.185679,25.634435],[108.179958,25.622178],[108.177446,25.62156],[108.173556,25.616536],[108.164736,25.610506],[108.159879,25.609417],[108.154557,25.604053],[108.140549,25.599767],[108.139279,25.596948],[108.133944,25.593464],[108.126394,25.591898],[108.118643,25.596516],[108.110074,25.594915],[108.105761,25.578744],[108.102125,25.573141],[108.091899,25.567592],[108.064757,25.563185],[108.051136,25.555041],[108.050426,25.552951],[108.046634,25.551782],[108.043759,25.538264],[108.046806,25.523221],[108.04564,25.518195],[108.040023,25.514402],[108.031177,25.514533],[108.027813,25.516271],[108.023026,25.52371],[108.015855,25.54203],[108.013585,25.542674],[108.003792,25.537252],[107.993486,25.528677],[107.987575,25.526581],[107.970245,25.530835],[107.958577,25.53041],[107.953453,25.526789],[107.951548,25.520061],[107.943757,25.519456],[107.937472,25.521974],[107.933562,25.528869],[107.934519,25.541162],[107.931304,25.548914],[107.920012,25.557967],[107.915175,25.557096],[107.912084,25.553226],[107.907909,25.542023],[107.902771,25.536796],[107.897427,25.534555],[107.881176,25.530596],[107.866053,25.535578],[107.860318,25.542526],[107.852133,25.557072],[107.847136,25.562176],[107.820972,25.574636],[107.813966,25.581594],[107.810008,25.589668],[107.80935,25.598854],[107.812132,25.622684],[107.808919,25.628912],[107.804154,25.633783],[107.798133,25.638437],[107.786485,25.640658],[107.783773,25.647107],[107.784831,25.651915],[107.79355,25.661231],[107.793334,25.664904],[107.788099,25.673215],[107.788932,25.679172],[107.795354,25.687365],[107.796412,25.69194],[107.794774,25.704344],[107.796222,25.716399],[107.786999,25.728157],[107.788778,25.739553],[107.795096,25.74011],[107.803353,25.737424],[107.81118,25.737946],[107.812327,25.743866],[107.808337,25.747848],[107.807456,25.754309],[107.801734,25.765122],[107.802313,25.768311],[107.808812,25.765889],[107.819171,25.766813],[107.824614,25.761416],[107.829107,25.762007],[107.833472,25.767232],[107.837832,25.780354],[107.827922,25.794522],[107.821427,25.800628],[107.821263,25.808184],[107.816768,25.815041],[107.787969,25.824845],[107.783401,25.824663],[107.769865,25.816308],[107.761711,25.813402],[107.755116,25.813462],[107.748545,25.816959],[107.741929,25.825318],[107.735086,25.830375],[107.710319,25.833544],[107.696173,25.839408],[107.683032,25.852994],[107.681849,25.862406],[107.684468,25.869731],[107.697097,25.884555],[107.703559,25.894832],[107.706185,25.902153],[107.70709,25.916368],[107.708925,25.921404],[107.712776,25.925047],[107.722919,25.920842],[107.730035,25.919641],[107.735395,25.921204],[107.739061,25.93058],[107.734832,25.940017],[107.729837,25.941236],[107.722521,25.946715],[107.713179,25.965807],[107.707528,25.971236],[107.689006,25.974867],[107.684919,25.991061],[107.683971,25.998406],[107.68505,26.003904],[107.713095,26.030779],[107.728678,26.03479],[107.7569,26.054511],[107.76994,26.065443],[107.771675,26.073774],[107.771113,26.093303],[107.772693,26.116976],[107.770776,26.123056],[107.762258,26.128089],[107.749058,26.132334],[107.73817,26.142141],[107.742976,26.147692],[107.738137,26.149859],[107.739745,26.155875],[107.734644,26.159433],[107.736446,26.168932],[107.737962,26.167784],[107.746782,26.170723],[107.746497,26.179503],[107.750505,26.176538],[107.754989,26.176367],[107.756304,26.16713],[107.763039,26.170918],[107.76413,26.163694],[107.761217,26.16003],[107.763735,26.156094],[107.776588,26.147904],[107.78192,26.147374],[107.787693,26.142711],[107.790891,26.135336],[107.792242,26.124779],[107.799944,26.113447],[107.815736,26.100158],[107.824319,26.096821],[107.830389,26.095357],[107.836253,26.096183],[107.840617,26.098866],[107.845148,26.111167],[107.847289,26.13379],[107.850997,26.132948],[107.851958,26.136526],[107.855589,26.136223],[107.857512,26.13989],[107.860368,26.140254],[107.878373,26.121891],[107.88693,26.116728],[107.895611,26.118438],[107.906404,26.124014],[107.914433,26.116802],[107.916554,26.112726],[107.915054,26.106785],[107.919015,26.102262],[107.920946,26.102807],[107.923916,26.100303],[107.92651,26.094736],[107.927997,26.094444],[107.928454,26.091155],[107.94459,26.085017],[107.941268,26.082033],[107.940429,26.078223],[107.944839,26.076323],[107.953018,26.079048],[107.952914,26.066231],[107.95589,26.059812],[107.957383,26.060072],[107.957385,26.064375],[107.960996,26.068614],[107.958248,26.07335],[107.960531,26.075413],[107.963469,26.075359],[107.971514,26.070728],[107.974283,26.074685],[107.975086,26.079646],[107.9778,26.081893],[107.983074,26.080365],[107.989294,26.08255],[108.00231,26.079556],[108.014308,26.090286],[108.022744,26.090061],[108.029795,26.087351],[108.037506,26.081637],[108.048356,26.077901],[108.064211,26.075376],[108.082413,26.079176],[108.111481,26.072838],[108.12319,26.086761],[108.126436,26.086194],[108.130885,26.081186],[108.135433,26.081686],[108.138579,26.085084],[108.136233,26.089855],[108.137018,26.094074],[108.147702,26.094517],[108.151837,26.096202],[108.152522,26.09198],[108.156275,26.088993],[108.158414,26.084595],[108.171149,26.078483],[108.171727,26.072413],[108.168501,26.070391],[108.162197,26.06962],[108.161086,26.064364],[108.163762,26.05842],[108.166219,26.040258],[108.174092,26.035692],[108.179511,26.034536],[108.187705,26.037163],[108.203747,26.050636],[108.208278,26.055769],[108.215168,26.069314]]]}}]}