{"type":"FeatureCollection","features":[{"type":"Feature","properties":{"dt_adcode":"640104"},"geometry":{"type":"Polygon","coordinates":[[[106.261761,38.50104],[106.281009,38.502826],[106.299406,38.507421],[106.30032,38.509508],[106.304756,38.510291],[106.308851,38.521956],[106.319531,38.520044],[106.320053,38.521642],[106.328201,38.521896],[106.332512,38.524871],[106.337715,38.518567],[106.338481,38.513532],[106.358629,38.511077],[106.363458,38.513525],[106.364598,38.508773],[106.363632,38.506709],[106.354303,38.496944],[106.359759,38.493498],[106.360611,38.489775],[106.361089,38.484671],[106.356468,38.480223],[106.357182,38.478908],[106.370468,38.479155],[106.380949,38.481828],[106.386951,38.47881],[106.387393,38.473921],[106.385732,38.469435],[106.37338,38.456283],[106.381119,38.4565],[106.394149,38.454162],[106.40051,38.457403],[106.409074,38.457877],[106.412199,38.459517],[106.412668,38.462594],[106.415429,38.462559],[106.414925,38.460441],[106.417659,38.460939],[106.418336,38.459437],[106.421278,38.460164],[106.425989,38.458095],[106.421963,38.451916],[106.432181,38.448782],[106.431956,38.458336],[106.437818,38.465812],[106.447941,38.460488],[106.451762,38.463367],[106.441693,38.467413],[106.448332,38.472502],[106.446859,38.473208],[106.446998,38.477918],[106.444857,38.478191],[106.451486,38.48235],[106.44965,38.485067],[106.45315,38.489267],[106.445786,38.493721],[106.449193,38.507671],[106.446125,38.507685],[106.442322,38.522447],[106.45285,38.519928],[106.466065,38.520637],[106.467615,38.520837],[106.468949,38.525678],[106.48214,38.524749],[106.483187,38.523092],[106.488958,38.523397],[106.489676,38.521698],[106.490127,38.523029],[106.492575,38.523065],[106.495413,38.52053],[106.498519,38.522561],[106.504844,38.52312],[106.507682,38.525546],[106.532326,38.521299],[106.544767,38.52382],[106.539109,38.536271],[106.536088,38.556205],[106.527761,38.568399],[106.526704,38.57631],[106.531223,38.583241],[106.540114,38.591678],[106.547565,38.615659],[106.562644,38.631575],[106.578741,38.644844],[106.587107,38.655726],[106.604071,38.653564],[106.639563,38.642954],[106.643044,38.638848],[106.641632,38.61999],[106.662522,38.601478],[106.648756,38.472728],[106.601851,38.392506],[106.597352,38.388175],[106.482468,38.319508],[106.482927,38.325249],[106.478167,38.327662],[106.473624,38.33326],[106.472932,38.338895],[106.470568,38.337921],[106.469426,38.33673],[106.467327,38.293973],[106.436122,38.303775],[106.437961,38.316745],[106.437407,38.329471],[106.431164,38.331076],[106.421215,38.339513],[106.426482,38.345511],[106.412277,38.356825],[106.376713,38.337226],[106.358058,38.347952],[106.354153,38.351681],[106.376636,38.368857],[106.383408,38.382573],[106.368224,38.388584],[106.345146,38.394414],[106.349464,38.400086],[106.344956,38.401102],[106.343398,38.406343],[106.331099,38.411059],[106.331648,38.417584],[106.328767,38.417665],[106.327784,38.421205],[106.322857,38.422362],[106.297567,38.398387],[106.284214,38.403583],[106.282834,38.399761],[106.270926,38.400548],[106.269329,38.407964],[106.273848,38.413846],[106.275892,38.421355],[106.262227,38.440796],[106.255742,38.465635],[106.253051,38.470522],[106.253254,38.483562],[106.261761,38.50104]]]}},{"type":"Feature","properties":{"dt_adcode":"640105"},"geometry":{"type":"Polygon","coordinates":[[[106.242526,38.687468],[106.196802,38.582342],[106.169747,38.478172],[106.055149,38.312713],[106.052451,38.313986],[106.047755,38.320374],[106.047601,38.34501],[106.025196,38.361194],[106.00935,38.378158],[106.009414,38.390123],[105.880922,38.440979],[105.886006,38.452846],[105.870832,38.465012],[105.866437,38.465201],[105.864357,38.469323],[105.862616,38.468761],[105.857572,38.473088],[105.847756,38.471569],[105.841138,38.484877],[105.841788,38.48814],[105.848762,38.495915],[105.844839,38.506861],[105.846069,38.513049],[105.858061,38.52099],[105.862646,38.526361],[105.863592,38.546746],[105.861911,38.55442],[105.857172,38.563878],[105.856809,38.572179],[105.861324,38.579787],[105.872965,38.583027],[105.875159,38.589892],[105.874283,38.59328],[105.867288,38.598559],[105.867141,38.603201],[105.86481,38.607494],[105.856587,38.613919],[105.856067,38.622968],[105.852204,38.632365],[105.852421,38.63952],[105.858903,38.64884],[105.873188,38.658662],[105.874211,38.661757],[105.873111,38.671605],[105.883031,38.67898],[105.894631,38.694078],[105.893833,38.698429],[105.885444,38.712754],[105.885462,38.715981],[105.903824,38.711166],[105.917633,38.704699],[105.934236,38.70098],[105.944848,38.693836],[105.947989,38.687715],[105.953411,38.685836],[105.956998,38.679883],[105.96527,38.681964],[105.967169,38.678591],[105.973467,38.674022],[106.010251,38.668411],[106.026434,38.663231],[106.043292,38.664335],[106.050597,38.661304],[106.058363,38.662736],[106.086732,38.662374],[106.098989,38.655598],[106.105718,38.654274],[106.120177,38.645885],[106.141362,38.683946],[106.152676,38.682854],[106.153864,38.689374],[106.183124,38.682303],[106.194264,38.681106],[106.209722,38.681659],[106.210494,38.688023],[106.242526,38.687468]]]}},{"type":"Feature","properties":{"dt_adcode":"640106"},"geometry":{"type":"Polygon","coordinates":[[[106.222562,38.642012],[106.234064,38.620634],[106.272391,38.59712],[106.266132,38.590347],[106.268006,38.580287],[106.271329,38.579477],[106.282307,38.564408],[106.279743,38.55997],[106.300522,38.545403],[106.298997,38.531722],[106.283426,38.515979],[106.264481,38.506399],[106.253052,38.482635],[106.253051,38.470522],[106.255742,38.465635],[106.261924,38.44145],[106.275892,38.421355],[106.2741,38.414401],[106.269329,38.407964],[106.244813,38.4098],[106.237514,38.405203],[106.228043,38.406282],[106.225822,38.403085],[106.215462,38.406031],[106.212098,38.393887],[106.172402,38.388643],[106.168017,38.36524],[106.132617,38.318304],[106.110707,38.327036],[106.083018,38.282879],[106.067824,38.307199],[106.055149,38.312713],[106.169747,38.478172],[106.196802,38.582342],[106.222562,38.642012]]]}},{"type":"Feature","properties":{"dt_adcode":"640121"},"geometry":{"type":"Polygon","coordinates":[[[106.269329,38.407964],[106.270926,38.400548],[106.282834,38.399761],[106.284214,38.403583],[106.297567,38.398387],[106.322857,38.422362],[106.327784,38.421205],[106.328767,38.417665],[106.331648,38.417584],[106.331099,38.411059],[106.343398,38.406343],[106.344956,38.401102],[106.349464,38.400086],[106.345146,38.394414],[106.368224,38.388584],[106.383408,38.382573],[106.376636,38.368857],[106.354153,38.351681],[106.358058,38.347952],[106.376713,38.337226],[106.362099,38.319672],[106.34998,38.323435],[106.342762,38.319084],[106.331006,38.283626],[106.304079,38.266414],[106.295384,38.258649],[106.263734,38.215041],[106.252785,38.20759],[106.241618,38.195044],[106.238942,38.182865],[106.243477,38.162001],[106.241792,38.15851],[106.221363,38.137325],[106.218412,38.131018],[106.197952,38.135561],[106.193257,38.139879],[106.183512,38.143246],[106.184838,38.150456],[106.183391,38.151383],[106.169428,38.15081],[106.152528,38.159194],[106.142173,38.158086],[106.129888,38.144502],[106.126893,38.145404],[106.125242,38.169368],[106.122294,38.171618],[106.108325,38.175882],[106.111155,38.179665],[106.109567,38.18305],[106.096665,38.186053],[106.092218,38.180731],[106.090332,38.180678],[106.079008,38.183494],[106.077782,38.185042],[106.082225,38.190141],[106.077809,38.197471],[106.084868,38.200046],[106.083921,38.201816],[106.077097,38.204001],[106.077106,38.20555],[106.083148,38.20875],[106.083079,38.212248],[106.077332,38.210879],[106.066111,38.199312],[106.058976,38.196279],[106.055685,38.186712],[106.041909,38.175759],[106.020295,38.184327],[106.012879,38.185516],[106.010308,38.188975],[106.00947,38.180953],[106.005321,38.173628],[105.979731,38.178864],[105.966139,38.14639],[105.960909,38.147478],[105.948831,38.156262],[105.94016,38.160286],[105.969623,38.217464],[105.970171,38.219414],[105.967264,38.224063],[105.907183,38.244617],[105.899535,38.25292],[105.895629,38.254813],[105.892358,38.259858],[105.852747,38.264714],[105.866398,38.295801],[105.858131,38.308413],[105.843611,38.321957],[105.837298,38.336968],[105.82886,38.345911],[105.827276,38.353649],[105.822555,38.35927],[105.821022,38.364372],[105.824861,38.373983],[105.835604,38.388512],[105.82832,38.409026],[105.829256,38.419736],[105.831509,38.425969],[105.827871,38.430851],[105.828452,38.434565],[105.83339,38.437881],[105.842902,38.437698],[105.850673,38.443635],[105.85095,38.445814],[105.846238,38.452459],[105.843908,38.460138],[105.838399,38.467349],[105.836641,38.473764],[105.836711,38.475843],[105.840921,38.480697],[105.841138,38.484877],[105.847756,38.471569],[105.857572,38.473088],[105.862616,38.468761],[105.864357,38.469323],[105.866437,38.465201],[105.870832,38.465012],[105.886006,38.452846],[105.880922,38.440979],[106.009414,38.390123],[106.00935,38.378158],[106.025196,38.361194],[106.047601,38.34501],[106.047899,38.319925],[106.052451,38.313986],[106.067824,38.307199],[106.083018,38.282879],[106.110707,38.327036],[106.132617,38.318304],[106.168017,38.36524],[106.172402,38.388643],[106.212098,38.393887],[106.215462,38.406031],[106.225822,38.403085],[106.228043,38.406282],[106.237514,38.405203],[106.244813,38.4098],[106.269329,38.407964]]]}},{"type":"Feature","properties":{"dt_adcode":"640122"},"geometry":{"type":"Polygon","coordinates":[[[106.587107,38.655726],[106.578741,38.644844],[106.562644,38.631575],[106.547565,38.615659],[106.540114,38.591678],[106.531223,38.583241],[106.526704,38.57631],[106.527761,38.568399],[106.536088,38.556205],[106.539109,38.536271],[106.544767,38.52382],[106.532326,38.521299],[106.507682,38.525546],[106.504844,38.52312],[106.498519,38.522561],[106.495413,38.52053],[106.492575,38.523065],[106.490127,38.523029],[106.489676,38.521698],[106.488958,38.523397],[106.483187,38.523092],[106.48214,38.524749],[106.468949,38.525678],[106.467615,38.520837],[106.466065,38.520637],[106.45285,38.519928],[106.442322,38.522447],[106.446125,38.507685],[106.449193,38.507671],[106.445786,38.493721],[106.45315,38.489267],[106.44965,38.485067],[106.451486,38.48235],[106.444857,38.478191],[106.446998,38.477918],[106.446859,38.473208],[106.448332,38.472502],[106.441693,38.467413],[106.451762,38.463367],[106.447941,38.460488],[106.437818,38.465812],[106.431956,38.458336],[106.432181,38.448782],[106.421963,38.451916],[106.425989,38.458095],[106.421278,38.460164],[106.418336,38.459437],[106.417659,38.460939],[106.414925,38.460441],[106.415429,38.462559],[106.412668,38.462594],[106.412199,38.459517],[106.409074,38.457877],[106.40051,38.457403],[106.394149,38.454162],[106.381119,38.4565],[106.37338,38.456283],[106.385732,38.469435],[106.387393,38.473921],[106.386951,38.47881],[106.380949,38.481828],[106.370468,38.479155],[106.357182,38.478908],[106.356468,38.480223],[106.361089,38.484671],[106.360611,38.489775],[106.359759,38.493498],[106.354303,38.496944],[106.363632,38.506709],[106.364598,38.508773],[106.363458,38.513525],[106.358629,38.511077],[106.338481,38.513532],[106.337715,38.518567],[106.332512,38.524871],[106.328201,38.521896],[106.320053,38.521642],[106.319531,38.520044],[106.308851,38.521956],[106.304756,38.510291],[106.30032,38.509508],[106.299406,38.507421],[106.281009,38.502826],[106.261761,38.50104],[106.264992,38.506912],[106.283426,38.515979],[106.298997,38.531722],[106.300522,38.545403],[106.279743,38.55997],[106.282307,38.564408],[106.271329,38.579477],[106.268006,38.580287],[106.266132,38.590347],[106.272391,38.59712],[106.234064,38.620634],[106.222562,38.642012],[106.242526,38.687468],[106.210494,38.688023],[106.209722,38.681659],[106.194264,38.681106],[106.183124,38.682303],[106.153864,38.689374],[106.152676,38.682854],[106.141362,38.683946],[106.120177,38.645885],[106.105718,38.654274],[106.098989,38.655598],[106.086732,38.662374],[106.058363,38.662736],[106.050597,38.661304],[106.043292,38.664335],[106.026434,38.663231],[106.010251,38.668411],[105.973467,38.674022],[105.967169,38.678591],[105.96527,38.681964],[105.956998,38.679883],[105.953411,38.685836],[105.947989,38.687715],[105.944848,38.693836],[105.934236,38.70098],[105.917633,38.704699],[105.903824,38.711166],[105.885462,38.715981],[105.904572,38.730027],[105.907941,38.737292],[105.905604,38.748801],[105.901082,38.755845],[105.907299,38.770092],[105.898089,38.778808],[105.896631,38.784875],[105.897439,38.788709],[105.909646,38.791278],[105.912651,38.794601],[105.920262,38.797519],[105.926416,38.802839],[105.936373,38.803931],[105.936016,38.810054],[105.946658,38.824027],[105.957522,38.831939],[105.964131,38.834695],[105.969646,38.843863],[105.979342,38.84725],[105.990959,38.855569],[105.996347,38.867319],[106.002448,38.871901],[106.003311,38.87517],[106.009962,38.875637],[106.03045,38.870112],[106.050709,38.868469],[106.065209,38.856963],[106.070185,38.856515],[106.09586,38.842294],[106.124969,38.839415],[106.12679,38.837403],[106.127579,38.830671],[106.129841,38.826153],[106.139723,38.817994],[106.146656,38.816369],[106.174022,38.815383],[106.185386,38.81121],[106.195755,38.810644],[106.196445,38.805264],[106.202573,38.802938],[106.207538,38.803265],[106.231111,38.814258],[106.236047,38.8092],[106.241121,38.798592],[106.258301,38.799793],[106.275807,38.788628],[106.28151,38.787127],[106.282796,38.780193],[106.292319,38.781147],[106.300479,38.786396],[106.313305,38.787563],[106.314254,38.786184],[106.310989,38.779843],[106.311624,38.776231],[106.315923,38.772443],[106.320458,38.771066],[106.331748,38.771657],[106.335343,38.775428],[106.354213,38.770309],[106.37265,38.771879],[106.381486,38.775246],[106.382677,38.771335],[106.37665,38.761219],[106.375023,38.755008],[106.397738,38.752509],[106.397032,38.726221],[106.400768,38.722705],[106.405032,38.720409],[106.415608,38.718766],[106.423444,38.722206],[106.43041,38.718852],[106.437711,38.719525],[106.44071,38.713702],[106.434528,38.705781],[106.436989,38.693469],[106.456357,38.700313],[106.462238,38.708798],[106.475423,38.708409],[106.488118,38.703619],[106.495024,38.698332],[106.528144,38.697288],[106.539828,38.68846],[106.55106,38.685195],[106.572136,38.681697],[106.596277,38.68256],[106.59586,38.668542],[106.592843,38.660473],[106.587107,38.655726]]]}},{"type":"Feature","properties":{"dt_adcode":"640181"},"geometry":{"type":"Polygon","coordinates":[[[106.643977,37.642142],[106.603046,37.653994],[106.536569,37.656193],[106.545314,37.667676],[106.499294,37.693319],[106.482463,37.707451],[106.470206,37.721802],[106.438214,37.738553],[106.421748,37.740893],[106.404641,37.752989],[106.392316,37.758883],[106.378299,37.778521],[106.361819,37.787204],[106.342594,37.802125],[106.342938,37.808093],[106.314441,37.811077],[106.303204,37.815026],[106.30336,37.819294],[106.29294,37.825187],[106.282705,37.838537],[106.283548,37.841362],[106.286979,37.842447],[106.286237,37.844209],[106.281742,37.845827],[106.284792,37.848835],[106.284913,37.85164],[106.2811,37.851255],[106.281742,37.85412],[106.278332,37.854618],[106.28365,37.864458],[106.281623,37.867421],[106.28662,37.868949],[106.285537,37.87045],[106.289555,37.871103],[106.318014,37.872333],[106.331262,37.875482],[106.336894,37.873849],[106.34651,37.874119],[106.358498,37.886392],[106.362579,37.894543],[106.357766,37.896647],[106.358004,37.924306],[106.336768,37.926334],[106.335324,37.942109],[106.304854,37.942661],[106.298271,37.94929],[106.29779,37.95211],[106.302906,37.95552],[106.313044,37.966359],[106.312523,37.967408],[106.298384,37.977058],[106.292601,37.988666],[106.28407,37.993789],[106.272664,37.987599],[106.265497,38.003611],[106.259199,38.007576],[106.264339,38.010092],[106.258454,38.013161],[106.258134,38.018286],[106.258642,38.019426],[106.266128,38.01924],[106.266169,38.043004],[106.238687,38.045374],[106.248788,38.035321],[106.239943,38.035291],[106.229135,38.057776],[106.219951,38.06338],[106.21056,38.06589],[106.209778,38.069172],[106.207106,38.071345],[106.212567,38.089619],[106.21606,38.093485],[106.225589,38.097826],[106.229396,38.102496],[106.229223,38.107491],[106.218811,38.123037],[106.217684,38.127838],[106.221363,38.137325],[106.241792,38.15851],[106.243477,38.162001],[106.238942,38.182865],[106.241618,38.195044],[106.252785,38.20759],[106.263734,38.215041],[106.295384,38.258649],[106.304079,38.266414],[106.331006,38.283626],[106.342762,38.319084],[106.34998,38.323435],[106.362099,38.319672],[106.376713,38.337226],[106.412277,38.356825],[106.426482,38.345511],[106.421215,38.339513],[106.431164,38.331076],[106.437407,38.329471],[106.437961,38.316745],[106.436122,38.303775],[106.467327,38.293973],[106.469426,38.33673],[106.472932,38.338895],[106.473624,38.33326],[106.478167,38.327662],[106.482927,38.325249],[106.482788,38.316817],[106.490332,38.306179],[106.507187,38.303577],[106.508562,38.300791],[106.516029,38.29929],[106.522986,38.295124],[106.552869,38.265012],[106.588148,38.251692],[106.627061,38.232762],[106.657988,38.228324],[106.673922,38.220894],[106.700286,38.214021],[106.719502,38.205526],[106.728079,38.204168],[106.741086,38.194631],[106.751418,38.183998],[106.765497,38.176389],[106.778916,38.171868],[106.82047,38.164644],[106.824327,38.163396],[106.827308,38.157866],[106.817201,38.151505],[106.813083,38.143484],[106.811167,38.135842],[106.811868,38.126533],[106.816036,38.112752],[106.852391,38.058512],[106.857253,38.048524],[106.853864,38.044715],[106.831266,38.034168],[106.784874,38.040439],[106.772064,38.021135],[106.76239,38.002554],[106.765803,37.999941],[106.764837,37.976852],[106.771424,37.954032],[106.781629,37.939704],[106.783425,37.938904],[106.795006,37.944024],[106.821621,37.944735],[106.817633,37.930305],[106.819894,37.92584],[106.819572,37.912567],[106.823575,37.872737],[106.834572,37.859212],[106.845346,37.866409],[106.885679,37.863171],[106.884585,37.848964],[106.880774,37.836301],[106.861655,37.796896],[106.832076,37.761054],[106.807095,37.750084],[106.771677,37.740144],[106.769602,37.737797],[106.766996,37.722066],[106.773163,37.665124],[106.775228,37.658339],[106.77382,37.637163],[106.713955,37.639904],[106.650011,37.655477],[106.643977,37.642142]]]}},{"type":"Feature","properties":{"dt_adcode":"640202"},"geometry":{"type":"Polygon","coordinates":[[[106.508112,39.270506],[106.506352,39.262307],[106.507643,39.26072],[106.505593,39.260509],[106.505226,39.257901],[106.499502,39.254651],[106.497686,39.246469],[106.489404,39.237904],[106.48758,39.228934],[106.474289,39.215459],[106.464941,39.200459],[106.458933,39.177381],[106.472167,39.169643],[106.474979,39.166377],[106.474904,39.155251],[106.471296,39.150198],[106.468748,39.13619],[106.461517,39.125231],[106.455884,39.120023],[106.447743,39.106458],[106.443785,39.103291],[106.442448,39.09881],[106.436267,39.097435],[106.430422,39.093501],[106.429068,39.088167],[106.438486,39.076304],[106.455253,39.070291],[106.480744,39.051057],[106.478615,39.027131],[106.467291,39.016723],[106.486094,38.982661],[106.446816,38.942958],[106.369406,38.856563],[106.34589,38.873822],[106.290044,38.898908],[106.276008,38.907093],[106.264683,38.920922],[106.255757,38.934898],[106.256256,38.937235],[106.253851,38.939159],[106.258018,38.940657],[106.253739,38.944713],[106.254618,38.948169],[106.248241,38.948481],[106.247992,38.953534],[106.242166,38.954903],[106.244152,38.957222],[106.234233,38.958445],[106.228364,38.965491],[106.220606,38.969907],[106.217167,38.977808],[106.213093,38.981906],[106.202939,38.983523],[106.196989,38.989801],[106.194122,38.989619],[106.193475,38.991863],[106.188564,38.993386],[106.189596,38.995978],[106.187492,38.997027],[106.186488,38.995827],[106.181087,38.996828],[106.181807,38.999258],[106.177395,39.005695],[106.173348,39.006726],[106.168557,39.011745],[106.162103,39.014146],[106.159391,39.012482],[106.158853,39.014034],[106.153058,39.016182],[106.154816,39.018426],[106.1543,39.020305],[106.149166,39.021952],[106.145774,39.025481],[106.139486,39.025117],[106.130662,39.027716],[106.132255,39.029949],[106.127466,39.03225],[106.126098,39.036795],[106.119022,39.047328],[106.126755,39.053664],[106.127251,39.057946],[106.125414,39.059972],[106.092078,39.071328],[106.094593,39.074142],[106.096526,39.084724],[106.112787,39.100827],[106.118515,39.115924],[106.132488,39.136532],[106.146072,39.153225],[106.15718,39.160194],[106.170823,39.163322],[106.177215,39.158677],[106.181337,39.152129],[106.189635,39.144318],[106.211901,39.138953],[106.239329,39.136502],[106.251028,39.131552],[106.263951,39.138125],[106.27703,39.141715],[106.285072,39.146314],[106.295554,39.16798],[106.28718,39.189549],[106.286364,39.200778],[106.289027,39.219685],[106.282177,39.24658],[106.279979,39.262133],[106.282649,39.267951],[106.287179,39.272216],[106.301793,39.275406],[106.327467,39.275934],[106.342579,39.281434],[106.3607,39.285635],[106.402922,39.291656],[106.461452,39.282641],[106.472143,39.277245],[106.508112,39.270506]]]}},{"type":"Feature","properties":{"dt_adcode":"640205"},"geometry":{"type":"Polygon","coordinates":[[[106.751306,39.381569],[106.755853,39.373472],[106.781516,39.371871],[106.790954,39.361659],[106.798051,39.348103],[106.793207,39.338577],[106.79329,39.335901],[106.806814,39.318656],[106.807147,39.315394],[106.802221,39.303109],[106.801886,39.293911],[106.806476,39.277346],[106.803888,39.270158],[106.793449,39.253281],[106.791551,39.246779],[106.791055,39.241476],[106.796369,39.237559],[106.799296,39.232234],[106.795933,39.214319],[106.802113,39.208554],[106.814361,39.202344],[106.825523,39.193744],[106.833912,39.164465],[106.847738,39.137878],[106.853669,39.116539],[106.859004,39.107777],[106.867889,39.099122],[106.870533,39.091891],[106.869021,39.081093],[106.863347,39.064134],[106.86794,39.058412],[106.869197,39.050675],[106.865363,39.041595],[106.852496,39.025694],[106.850484,39.017151],[106.85324,39.006415],[106.852182,39.003412],[106.832775,38.990123],[106.828355,38.990713],[106.814297,38.998209],[106.792917,39.012882],[106.783627,39.017717],[106.772181,39.021244],[106.770871,39.02518],[106.779967,39.03623],[106.786712,39.065786],[106.784821,39.069184],[106.773862,39.079034],[106.761577,39.084933],[106.753299,39.086111],[106.751204,39.085474],[106.749765,39.080289],[106.74635,39.082079],[106.744471,39.080223],[106.743554,39.078379],[106.745356,39.07291],[106.738373,39.073046],[106.731991,39.078621],[106.699779,39.063149],[106.694494,39.062775],[106.678673,39.067631],[106.662694,39.069269],[106.656964,39.071939],[106.646195,39.06613],[106.634295,39.02984],[106.630192,39.025341],[106.629378,39.026454],[106.627545,39.025242],[106.625093,39.027362],[106.607759,39.04574],[106.595848,39.055773],[106.593792,39.059405],[106.591186,39.059596],[106.584581,39.057014],[106.579721,39.048941],[106.568984,39.039487],[106.568082,39.033039],[106.572304,39.023491],[106.570717,39.01932],[106.560133,39.013087],[106.554908,39.012272],[106.547588,39.016793],[106.518436,38.979236],[106.486094,38.982661],[106.467291,39.016723],[106.478615,39.027131],[106.480744,39.051057],[106.455253,39.070291],[106.438486,39.076304],[106.429068,39.088167],[106.430422,39.093501],[106.436267,39.097435],[106.442448,39.09881],[106.443785,39.103291],[106.447743,39.106458],[106.455884,39.120023],[106.461517,39.125231],[106.468748,39.13619],[106.471296,39.150198],[106.474904,39.155251],[106.474979,39.166377],[106.472167,39.169643],[106.458933,39.177381],[106.464941,39.200459],[106.474289,39.215459],[106.48758,39.228934],[106.489404,39.237904],[106.497686,39.246469],[106.499502,39.254651],[106.505226,39.257901],[106.505593,39.260509],[106.507643,39.26072],[106.506352,39.262307],[106.508112,39.270506],[106.514189,39.274551],[106.515521,39.283613],[106.519711,39.286349],[106.519712,39.29281],[106.523241,39.295709],[106.521705,39.301537],[106.525348,39.302713],[106.526771,39.304907],[106.525364,39.308444],[106.533518,39.30836],[106.5401,39.315753],[106.545671,39.316504],[106.548092,39.320026],[106.555972,39.322283],[106.558957,39.326896],[106.56563,39.331156],[106.573319,39.342404],[106.582255,39.347717],[106.58764,39.357398],[106.602614,39.375329],[106.63129,39.366033],[106.643732,39.357798],[106.675712,39.355039],[106.68373,39.357575],[106.6927,39.364719],[106.716092,39.374205],[106.727481,39.372858],[106.733351,39.373927],[106.74229,39.37943],[106.751306,39.381569]]]}},{"type":"Feature","properties":{"dt_adcode":"640221"},"geometry":{"type":"Polygon","coordinates":[[[106.662522,38.601478],[106.641632,38.61999],[106.643044,38.638848],[106.639563,38.642954],[106.604071,38.653564],[106.587107,38.655726],[106.592843,38.660473],[106.59586,38.668542],[106.596277,38.68256],[106.572136,38.681697],[106.55106,38.685195],[106.539828,38.68846],[106.528144,38.697288],[106.495024,38.698332],[106.488118,38.703619],[106.475423,38.708409],[106.462238,38.708798],[106.456357,38.700313],[106.436989,38.693469],[106.434528,38.705781],[106.44071,38.713702],[106.437711,38.719525],[106.43041,38.718852],[106.423444,38.722206],[106.415608,38.718766],[106.405032,38.720409],[106.400768,38.722705],[106.397032,38.726221],[106.397738,38.752509],[106.375023,38.755008],[106.37665,38.761219],[106.382677,38.771335],[106.381486,38.775246],[106.37265,38.771879],[106.354213,38.770309],[106.335343,38.775428],[106.331748,38.771657],[106.320458,38.771066],[106.315923,38.772443],[106.311624,38.776231],[106.310989,38.779843],[106.314254,38.786184],[106.313305,38.787563],[106.300479,38.786396],[106.292319,38.781147],[106.282796,38.780193],[106.28151,38.787127],[106.275807,38.788628],[106.258301,38.799793],[106.241121,38.798592],[106.236047,38.8092],[106.231111,38.814258],[106.207538,38.803265],[106.202573,38.802938],[106.196445,38.805264],[106.195755,38.810644],[106.185386,38.81121],[106.174022,38.815383],[106.146656,38.816369],[106.137903,38.818522],[106.129182,38.827239],[106.125914,38.838954],[106.09586,38.842294],[106.070185,38.856515],[106.065209,38.856963],[106.050709,38.868469],[106.03045,38.870112],[106.009962,38.875637],[105.986085,38.874995],[105.980129,38.880421],[105.972542,38.890962],[105.968876,38.90508],[105.973266,38.911431],[105.980333,38.917179],[106.008538,38.935815],[106.017019,38.94873],[106.023765,38.95516],[106.037245,38.962493],[106.043064,38.963836],[106.051299,38.962738],[106.060787,38.968512],[106.062929,38.972976],[106.062723,38.977898],[106.068329,38.987564],[106.070836,38.990257],[106.07657,38.991745],[106.088425,39.009889],[106.0888,39.017556],[106.080435,39.02362],[106.078013,39.027398],[106.080222,39.031806],[106.085662,39.035518],[106.080887,39.038902],[106.083982,39.045014],[106.083547,39.05394],[106.088559,39.066642],[106.092078,39.071328],[106.125414,39.059972],[106.127251,39.057946],[106.126755,39.053664],[106.119022,39.047328],[106.126098,39.036795],[106.127466,39.03225],[106.132255,39.029949],[106.130662,39.027716],[106.139486,39.025117],[106.145774,39.025481],[106.149166,39.021952],[106.1543,39.020305],[106.154816,39.018426],[106.153058,39.016182],[106.158853,39.014034],[106.159391,39.012482],[106.162103,39.014146],[106.168557,39.011745],[106.173348,39.006726],[106.177395,39.005695],[106.181807,38.999258],[106.181087,38.996828],[106.186488,38.995827],[106.187492,38.997027],[106.189596,38.995978],[106.188564,38.993386],[106.193475,38.991863],[106.194122,38.989619],[106.196989,38.989801],[106.202939,38.983523],[106.213093,38.981906],[106.217167,38.977808],[106.220606,38.969907],[106.228364,38.965491],[106.234233,38.958445],[106.244152,38.957222],[106.242166,38.954903],[106.247992,38.953534],[106.248241,38.948481],[106.254618,38.948169],[106.253739,38.944713],[106.258018,38.940657],[106.253851,38.939159],[106.256256,38.937235],[106.255757,38.934898],[106.264683,38.920922],[106.276008,38.907093],[106.290044,38.898908],[106.34589,38.873822],[106.369406,38.856563],[106.446816,38.942958],[106.486094,38.982661],[106.518436,38.979236],[106.547588,39.016793],[106.554908,39.012272],[106.560133,39.013087],[106.570717,39.01932],[106.572304,39.023491],[106.568082,39.033039],[106.568984,39.039487],[106.579721,39.048941],[106.584581,39.057014],[106.591186,39.059596],[106.593792,39.059405],[106.595848,39.055773],[106.607759,39.04574],[106.625093,39.027362],[106.627545,39.025242],[106.629378,39.026454],[106.630192,39.025341],[106.634295,39.02984],[106.646195,39.06613],[106.656964,39.071939],[106.662694,39.069269],[106.678673,39.067631],[106.694494,39.062775],[106.699779,39.063149],[106.731991,39.078621],[106.738373,39.073046],[106.745356,39.07291],[106.743554,39.078379],[106.745548,39.081667],[106.749765,39.080289],[106.751204,39.085474],[106.753299,39.086111],[106.761577,39.084933],[106.773862,39.079034],[106.784821,39.069184],[106.786712,39.065786],[106.779967,39.03623],[106.770871,39.02518],[106.772181,39.021244],[106.783627,39.017717],[106.80282,39.007135],[106.822392,38.993569],[106.832775,38.990123],[106.852182,39.003412],[106.85324,39.006415],[106.850484,39.017151],[106.852496,39.025694],[106.867749,39.045783],[106.869284,39.054297],[106.865833,39.062115],[106.863347,39.064134],[106.87048,39.087361],[106.870533,39.091891],[106.867889,39.099122],[106.878956,39.091351],[106.903021,39.083855],[106.907811,39.080088],[106.92037,39.079517],[106.930727,39.075802],[106.933624,39.076296],[106.94146,39.070932],[106.946097,39.061379],[106.953617,39.061683],[106.959084,39.055668],[106.967289,39.054776],[106.971741,39.026228],[106.971383,39.016986],[106.959768,38.948822],[106.954323,38.941176],[106.904725,38.901123],[106.878368,38.881927],[106.837373,38.847459],[106.821389,38.832172],[106.802499,38.810934],[106.785697,38.786412],[106.773643,38.772884],[106.756022,38.748526],[106.709575,38.718888],[106.702837,38.708252],[106.662522,38.601478]]]}},{"type":"Feature","properties":{"dt_adcode":"640302"},"geometry":{"type":"Polygon","coordinates":[[[106.536569,37.656193],[106.591222,37.624311],[106.569912,37.59438],[106.550964,37.600435],[106.539192,37.600011],[106.530414,37.602694],[106.525643,37.599749],[106.520225,37.599043],[106.509624,37.601104],[106.493075,37.594655],[106.445077,37.604637],[106.424287,37.612676],[106.416042,37.602252],[106.320517,37.601693],[106.323991,37.593565],[106.323697,37.589619],[106.325817,37.588324],[106.341071,37.582788],[106.352437,37.581934],[106.368456,37.576516],[106.369752,37.573571],[106.364274,37.565915],[106.369104,37.561498],[106.370105,37.558612],[106.367337,37.557758],[106.371047,37.549218],[106.375381,37.524479],[106.362674,37.520425],[106.350059,37.518831],[106.340937,37.522055],[106.327595,37.521536],[106.320813,37.525433],[106.293271,37.522079],[106.291589,37.523412],[106.288837,37.517816],[106.286368,37.516487],[106.288633,37.513184],[106.286758,37.513882],[106.285394,37.511206],[106.286155,37.509154],[106.282713,37.508961],[106.283106,37.506562],[106.279521,37.508432],[106.27779,37.506277],[106.274689,37.506826],[106.27296,37.508672],[106.268093,37.505146],[106.26306,37.505735],[106.260538,37.502824],[106.252627,37.501333],[106.250804,37.497814],[106.244155,37.493067],[106.237855,37.493145],[106.237928,37.490812],[106.234025,37.488489],[106.227222,37.488267],[106.227382,37.48608],[106.220633,37.483217],[106.219967,37.480942],[106.204225,37.481471],[106.203764,37.478243],[106.199243,37.478923],[106.191579,37.476469],[106.190021,37.472494],[106.188328,37.472701],[106.183724,37.468794],[106.185682,37.467096],[106.180513,37.465358],[106.170325,37.465697],[106.153586,37.471992],[106.150447,37.476386],[106.143711,37.479559],[106.14254,37.48208],[106.143724,37.492567],[106.142787,37.501668],[106.147942,37.507001],[106.144433,37.510447],[106.143823,37.516701],[106.137353,37.524443],[106.129052,37.544805],[106.119417,37.550671],[106.110607,37.562664],[106.110778,37.567355],[106.114204,37.571291],[106.114029,37.582153],[106.124831,37.596335],[106.118015,37.602116],[106.106104,37.604324],[106.089006,37.615579],[106.074967,37.620413],[106.076952,37.62513],[106.074828,37.627438],[106.090471,37.644413],[106.096964,37.663646],[106.105786,37.679777],[106.106512,37.68717],[106.103826,37.700791],[106.103769,37.709879],[106.10924,37.732445],[106.110879,37.751597],[106.115741,37.771501],[106.118696,37.796343],[106.127159,37.823387],[106.12939,37.844735],[106.132681,37.856107],[106.129461,37.860794],[106.122843,37.863249],[106.118598,37.869712],[106.110719,37.872208],[106.105212,37.87109],[106.104253,37.872519],[106.107641,37.884175],[106.113767,37.884478],[106.115407,37.892328],[106.119749,37.892137],[106.123014,37.909819],[106.063722,37.9285],[106.061034,37.936423],[106.065725,37.947141],[106.070173,37.953169],[106.084083,37.958073],[106.090696,37.962764],[106.108091,37.979573],[106.131243,37.983866],[106.139821,37.987311],[106.144091,37.992168],[106.147532,38.002659],[106.160295,38.006448],[106.175108,38.020419],[106.18261,38.024111],[106.199721,38.045746],[106.198146,38.065489],[106.20272,38.069317],[106.207106,38.071345],[106.209778,38.069172],[106.21056,38.06589],[106.219951,38.06338],[106.227303,38.059481],[106.231799,38.053788],[106.239943,38.035291],[106.248788,38.035321],[106.238687,38.045374],[106.266169,38.043004],[106.266128,38.01924],[106.258642,38.019426],[106.258134,38.018286],[106.258454,38.013161],[106.264339,38.010092],[106.259199,38.007576],[106.265497,38.003611],[106.272664,37.987599],[106.28407,37.993789],[106.292601,37.988666],[106.298384,37.977058],[106.312523,37.967408],[106.313044,37.966359],[106.302906,37.95552],[106.29779,37.95211],[106.298271,37.94929],[106.304854,37.942661],[106.335324,37.942109],[106.336768,37.926334],[106.358004,37.924306],[106.357766,37.896647],[106.362579,37.894543],[106.358498,37.886392],[106.345807,37.873826],[106.331262,37.875482],[106.318014,37.872333],[106.289555,37.871103],[106.282005,37.867982],[106.28365,37.864458],[106.278332,37.854618],[106.281742,37.85412],[106.2811,37.851255],[106.285254,37.851159],[106.281742,37.845827],[106.286739,37.843489],[106.282564,37.839438],[106.286637,37.832031],[106.29294,37.825187],[106.302858,37.819814],[106.303204,37.815026],[106.314441,37.811077],[106.342938,37.808093],[106.342594,37.802125],[106.361819,37.787204],[106.378299,37.778521],[106.392316,37.758883],[106.404641,37.752989],[106.421748,37.740893],[106.438214,37.738553],[106.470206,37.721802],[106.482463,37.707451],[106.499294,37.693319],[106.545314,37.667676],[106.536569,37.656193]]]}},{"type":"Feature","properties":{"dt_adcode":"640303"},"geometry":{"type":"Polygon","coordinates":[[[105.780204,37.201208],[105.776681,37.201358],[105.775054,37.206096],[105.777249,37.209031],[105.781969,37.209512],[105.783139,37.213011],[105.776867,37.217041],[105.771574,37.216171],[105.771149,37.223738],[105.772392,37.224265],[105.774302,37.221961],[105.775528,37.223397],[105.767015,37.229266],[105.772088,37.233647],[105.769076,37.236722],[105.760301,37.240074],[105.756726,37.24375],[105.758119,37.248441],[105.75406,37.250885],[105.755119,37.256781],[105.750199,37.261269],[105.747248,37.271581],[105.734999,37.289893],[105.77522,37.301348],[105.781215,37.306991],[105.786556,37.307835],[105.791503,37.311123],[105.794214,37.318667],[105.925729,37.307658],[105.932713,37.312386],[105.941163,37.321023],[105.943169,37.32541],[105.943659,37.332221],[105.939606,37.336484],[105.928489,37.346161],[105.916552,37.35169],[105.905632,37.351851],[105.889111,37.360512],[105.872377,37.364488],[105.848641,37.37717],[105.842568,37.382911],[105.846625,37.394784],[105.8502,37.396523],[105.869321,37.393323],[105.884323,37.392981],[105.885953,37.394524],[105.885628,37.398281],[105.875712,37.4147],[105.883638,37.42335],[105.913151,37.431487],[105.923942,37.424972],[105.92764,37.42728],[105.932793,37.427326],[105.934687,37.428011],[105.937426,37.43353],[105.936932,37.445886],[105.969298,37.449634],[105.972437,37.448815],[105.982893,37.451398],[105.983078,37.453089],[105.9804,37.453999],[105.980959,37.455606],[105.978474,37.455062],[105.979121,37.45663],[105.976536,37.456992],[105.978816,37.459166],[105.966823,37.468156],[105.968193,37.470283],[105.96308,37.467408],[105.95566,37.47046],[105.954876,37.47278],[105.962209,37.475289],[105.975596,37.474181],[105.982477,37.477314],[105.994718,37.473581],[105.998931,37.47541],[106.00404,37.474712],[106.012196,37.484778],[106.016069,37.498783],[106.032009,37.508293],[106.035008,37.5175],[106.037972,37.519386],[106.048846,37.516984],[106.056542,37.524093],[106.074967,37.526666],[106.060324,37.545574],[106.05197,37.549386],[106.03948,37.550029],[106.030187,37.557406],[106.031643,37.559999],[106.034449,37.559714],[106.008983,37.584395],[106.002087,37.592982],[106.001834,37.603071],[106.008345,37.610542],[106.039216,37.608031],[106.050486,37.6093],[106.0634,37.615326],[106.074828,37.627438],[106.076952,37.62513],[106.074886,37.621795],[106.075981,37.619306],[106.089006,37.615579],[106.106104,37.604324],[106.120271,37.601021],[106.125083,37.595193],[106.118173,37.589056],[106.114029,37.582153],[106.114204,37.571291],[106.110778,37.567355],[106.110607,37.562664],[106.119417,37.550671],[106.129052,37.544805],[106.137353,37.524443],[106.143823,37.516701],[106.144433,37.510447],[106.147593,37.508346],[106.147942,37.507001],[106.142787,37.501668],[106.143055,37.480586],[106.150447,37.476386],[106.153586,37.471992],[106.170325,37.465697],[106.180513,37.465358],[106.185682,37.467096],[106.183724,37.468794],[106.188328,37.472701],[106.190021,37.472494],[106.191579,37.476469],[106.199243,37.478923],[106.203764,37.478243],[106.204225,37.481471],[106.219967,37.480942],[106.220633,37.483217],[106.227382,37.48608],[106.227222,37.488267],[106.234025,37.488489],[106.237928,37.490812],[106.237855,37.493145],[106.244155,37.493067],[106.250804,37.497814],[106.252627,37.501333],[106.260538,37.502824],[106.26306,37.505735],[106.268093,37.505146],[106.27296,37.508672],[106.274689,37.506826],[106.27779,37.506277],[106.279521,37.508432],[106.283106,37.506562],[106.282713,37.508961],[106.286155,37.509154],[106.285394,37.511206],[106.286758,37.513882],[106.288633,37.513184],[106.286368,37.516487],[106.288837,37.517816],[106.291589,37.523412],[106.293271,37.522079],[106.320813,37.525433],[106.327595,37.521536],[106.340937,37.522055],[106.350059,37.518831],[106.362674,37.520425],[106.375381,37.524479],[106.371047,37.549218],[106.367337,37.557758],[106.370105,37.558612],[106.369104,37.561498],[106.364274,37.565915],[106.369752,37.573571],[106.368456,37.576516],[106.352437,37.581934],[106.341071,37.582788],[106.325817,37.588324],[106.323697,37.589619],[106.323991,37.593565],[106.320517,37.601693],[106.416042,37.602252],[106.424287,37.612676],[106.445077,37.604637],[106.493075,37.594655],[106.509624,37.601104],[106.520225,37.599043],[106.525643,37.599749],[106.530414,37.602694],[106.539192,37.600011],[106.550964,37.600435],[106.569912,37.59438],[106.591222,37.624311],[106.536569,37.656193],[106.603046,37.653994],[106.643977,37.642142],[106.582844,37.590676],[106.593266,37.583351],[106.608226,37.560613],[106.635709,37.532534],[106.663295,37.48409],[106.638354,37.437317],[106.649217,37.406062],[106.682352,37.405388],[106.697104,37.373589],[106.700112,37.359109],[106.636214,37.343059],[106.628619,37.337995],[106.628619,37.335716],[106.589662,37.331902],[106.585732,37.327912],[106.58476,37.295726],[106.581276,37.295118],[106.565558,37.301377],[106.553647,37.313733],[106.538091,37.320924],[106.498917,37.326494],[106.498796,37.329816],[106.495069,37.330343],[106.498593,37.333381],[106.495838,37.336338],[106.500943,37.337493],[106.497702,37.343205],[106.498066,37.348066],[106.507708,37.362427],[106.513217,37.366883],[106.512205,37.376991],[106.520834,37.38562],[106.489252,37.377121],[106.482096,37.38467],[106.479265,37.385732],[106.479855,37.387344],[106.474036,37.387068],[106.478125,37.389034],[106.47203,37.391157],[106.47203,37.393674],[106.46971,37.393674],[106.471322,37.396112],[106.469317,37.397095],[106.469474,37.398943],[106.466604,37.398432],[106.467351,37.401106],[106.464263,37.40138],[106.46108,37.397992],[106.466827,37.387514],[106.442026,37.368918],[106.452512,37.360524],[106.451588,37.359544],[106.442649,37.355002],[106.424779,37.353952],[106.420707,37.35521],[106.418785,37.361967],[106.409749,37.358322],[106.402891,37.352743],[106.383767,37.347699],[106.373171,37.342258],[106.338535,37.329183],[106.32332,37.335011],[106.321563,37.340418],[106.313453,37.348339],[106.299597,37.35791],[106.29404,37.358701],[106.294008,37.361719],[106.29138,37.362522],[106.291544,37.358335],[106.289569,37.358006],[106.288221,37.359829],[106.282566,37.359696],[106.28187,37.363257],[106.27779,37.363686],[106.276658,37.360438],[106.274037,37.360532],[106.263558,37.366243],[106.265226,37.357468],[106.270775,37.354569],[106.26249,37.355686],[106.263029,37.350745],[106.261257,37.349274],[106.257408,37.352225],[106.252745,37.352623],[106.251717,37.344372],[106.259028,37.340526],[106.258022,37.338699],[106.253546,37.339162],[106.248789,37.336879],[106.250037,37.329086],[106.24658,37.32412],[106.251459,37.312641],[106.250872,37.302507],[106.252288,37.296804],[106.257421,37.284504],[106.269209,37.276577],[106.26581,37.270119],[106.269094,37.264734],[106.266896,37.260773],[106.269357,37.259406],[106.269724,37.255284],[106.266603,37.254323],[106.267993,37.249118],[106.271564,37.247848],[106.266972,37.247291],[106.266363,37.24503],[106.269341,37.240412],[106.273365,37.244141],[106.286263,37.243693],[106.287639,37.242083],[106.285148,37.240846],[106.288452,37.237595],[106.294257,37.237124],[106.312414,37.230784],[106.312996,37.227506],[106.310587,37.226186],[106.310445,37.223827],[106.317387,37.213273],[106.317957,37.211282],[106.315426,37.20873],[106.319131,37.201479],[106.320552,37.192451],[106.323712,37.188639],[106.327803,37.174757],[106.331933,37.166992],[106.331949,37.162163],[106.338482,37.155502],[106.346769,37.128513],[106.331696,37.120068],[106.325186,37.121228],[106.318048,37.117148],[106.300095,37.118308],[106.29546,37.119948],[106.290151,37.118509],[106.288496,37.117814],[106.290844,37.114881],[106.290085,37.111654],[106.273426,37.103043],[106.268995,37.102564],[106.259528,37.106458],[106.250425,37.104742],[106.24749,37.101366],[106.247912,37.097457],[106.262004,37.078996],[106.261954,37.073993],[106.25173,37.082297],[106.248941,37.07963],[106.249639,37.074792],[106.229411,37.09762],[106.194322,37.099126],[106.17032,37.093734],[106.093927,37.120243],[106.079657,37.128036],[106.075104,37.13808],[106.067491,37.145517],[106.064734,37.152406],[106.066259,37.165327],[106.06296,37.171951],[106.045542,37.17824],[106.004048,37.176467],[105.998337,37.171991],[105.989761,37.169541],[105.985177,37.162361],[105.976192,37.163161],[105.962421,37.168027],[105.949032,37.16274],[105.928825,37.163084],[105.914285,37.164474],[105.8956,37.174194],[105.876529,37.178537],[105.86541,37.174877],[105.853411,37.178819],[105.835434,37.177262],[105.818651,37.180979],[105.811486,37.180316],[105.799441,37.175453],[105.79661,37.177398],[105.797766,37.182032],[105.79145,37.186149],[105.792189,37.190394],[105.790008,37.1923],[105.785017,37.192813],[105.784391,37.197028],[105.780204,37.201208]]]}},{"type":"Feature","properties":{"dt_adcode":"640323"},"geometry":{"type":"Polygon","coordinates":[[[106.643977,37.642142],[106.650011,37.655477],[106.713955,37.639904],[106.77382,37.637163],[106.775228,37.658339],[106.773163,37.665124],[106.766996,37.722066],[106.769602,37.737797],[106.771677,37.740144],[106.807095,37.750084],[106.832076,37.761054],[106.861655,37.796896],[106.880774,37.836301],[106.884585,37.848964],[106.885679,37.863171],[106.845346,37.866409],[106.834572,37.859212],[106.823575,37.872737],[106.819572,37.912567],[106.819894,37.92584],[106.817633,37.930305],[106.821621,37.944735],[106.795006,37.944024],[106.783425,37.938904],[106.781629,37.939704],[106.771424,37.954032],[106.764837,37.976852],[106.765803,37.999941],[106.76239,38.002554],[106.772064,38.021135],[106.784874,38.040439],[106.831266,38.034168],[106.853864,38.044715],[106.857253,38.048524],[106.852391,38.058512],[106.816036,38.112752],[106.811868,38.126533],[106.811167,38.135842],[106.813083,38.143484],[106.817201,38.151505],[106.827308,38.157866],[106.824327,38.163396],[106.863757,38.154989],[106.875985,38.149475],[106.895685,38.146573],[106.913084,38.139915],[106.945095,38.131733],[107.01494,38.120382],[107.017548,38.126517],[107.01958,38.127721],[107.030496,38.127782],[107.039509,38.123723],[107.051141,38.122639],[107.063388,38.135683],[107.068785,38.139054],[107.086097,38.130456],[107.092436,38.135472],[107.099032,38.133574],[107.122001,38.135047],[107.125707,38.13704],[107.126029,38.143618],[107.128372,38.149392],[107.141028,38.161692],[107.144999,38.160589],[107.149177,38.155596],[107.168333,38.152634],[107.178385,38.152016],[107.1881,38.155339],[107.212065,38.133138],[107.22732,38.129349],[107.234988,38.11684],[107.242339,38.110687],[107.258248,38.10559],[107.275185,38.102551],[107.285741,38.097198],[107.307728,38.096053],[107.331761,38.08655],[107.344696,38.0689],[107.357759,38.059936],[107.360665,38.050429],[107.375237,38.039971],[107.383437,38.032043],[107.393874,38.015128],[107.403188,38.011764],[107.423561,38.009594],[107.432844,38.005074],[107.435097,37.999227],[107.440515,37.995509],[107.417491,37.961531],[107.411631,37.949122],[107.419398,37.940688],[107.45017,37.933211],[107.458234,37.941743],[107.474423,37.944434],[107.492548,37.944887],[107.520623,37.920798],[107.560416,37.893618],[107.636133,37.872538],[107.658036,37.858929],[107.659274,37.844094],[107.649799,37.820292],[107.646127,37.805219],[107.639691,37.795371],[107.620696,37.775957],[107.614563,37.775953],[107.609284,37.778174],[107.599246,37.791138],[107.591673,37.789896],[107.587638,37.791093],[107.588586,37.797297],[107.585143,37.798482],[107.581561,37.796654],[107.576873,37.791034],[107.582506,37.786756],[107.591367,37.787189],[107.591077,37.783266],[107.584109,37.783313],[107.57133,37.776674],[107.552611,37.776833],[107.523395,37.772932],[107.499175,37.76567],[107.494737,37.759868],[107.490843,37.745345],[107.492364,37.73275],[107.488877,37.714563],[107.485087,37.706471],[107.465423,37.691232],[107.425649,37.684119],[107.407069,37.692976],[107.386867,37.691113],[107.384728,37.685478],[107.389555,37.671188],[107.422042,37.665091],[107.421345,37.652238],[107.419889,37.650221],[107.399641,37.653846],[107.396739,37.652437],[107.371524,37.62796],[107.363065,37.622913],[107.364556,37.617185],[107.361295,37.613287],[107.34879,37.608256],[107.330663,37.60858],[107.328628,37.60654],[107.325081,37.606313],[107.311346,37.609932],[107.33047,37.584036],[107.342162,37.581862],[107.368144,37.588005],[107.372177,37.580057],[107.365533,37.564237],[107.361038,37.544423],[107.359141,37.540248],[107.353266,37.534612],[107.350105,37.52513],[107.345683,37.518841],[107.331318,37.507965],[107.310382,37.495341],[107.29129,37.488501],[107.284305,37.48192],[107.282451,37.467878],[107.284023,37.445868],[107.282857,37.437119],[107.271064,37.390306],[107.261068,37.370832],[107.263925,37.349896],[107.263134,37.345545],[107.257929,37.336986],[107.257494,37.331493],[107.260065,37.326786],[107.263843,37.311411],[107.273124,37.291159],[107.293259,37.277458],[107.293244,37.274562],[107.298371,37.27085],[107.299235,37.269525],[107.297966,37.268311],[107.302166,37.265359],[107.301613,37.263327],[107.303316,37.260733],[107.304339,37.26141],[107.30423,37.257889],[107.308702,37.250828],[107.309353,37.238865],[107.308131,37.237916],[107.291407,37.241243],[107.283544,37.237382],[107.272545,37.235944],[107.270337,37.234232],[107.270337,37.229094],[107.286901,37.218833],[107.300818,37.207601],[107.313254,37.200091],[107.317484,37.200224],[107.317744,37.197289],[107.321023,37.195578],[107.321296,37.193464],[107.319315,37.193511],[107.324634,37.190526],[107.327383,37.185241],[107.327568,37.181081],[107.330312,37.18055],[107.331209,37.174599],[107.334115,37.173633],[107.333264,37.171052],[107.335096,37.170189],[107.336704,37.164693],[107.335999,37.160333],[107.338875,37.159501],[107.335132,37.157369],[107.337831,37.153998],[107.333233,37.150082],[107.336451,37.148998],[107.333639,37.146572],[107.335594,37.145271],[107.333615,37.143502],[107.335213,37.142276],[107.332283,37.14209],[107.334766,37.139052],[107.330627,37.136991],[107.331085,37.130166],[107.326391,37.126726],[107.320363,37.116519],[107.316002,37.11497],[107.314865,37.110905],[107.311205,37.110706],[107.311641,37.106714],[107.307045,37.10044],[107.301365,37.108458],[107.295469,37.113442],[107.293021,37.113248],[107.290042,37.115477],[107.289692,37.117954],[107.282901,37.124602],[107.283076,37.126106],[107.278396,37.12816],[107.273935,37.126414],[107.2733,37.12455],[107.276734,37.1213],[107.278107,37.115073],[107.272222,37.114191],[107.269901,37.111197],[107.273873,37.109771],[107.278081,37.111963],[107.280037,37.111374],[107.276307,37.108535],[107.277097,37.103411],[107.285306,37.09498],[107.249719,37.106303],[107.247018,37.105322],[107.241982,37.099265],[107.235203,37.096212],[107.235094,37.098319],[107.231466,37.10098],[107.231512,37.103102],[107.226099,37.108189],[107.219432,37.111493],[107.218023,37.113895],[107.216203,37.11354],[107.206712,37.124101],[107.188653,37.135512],[107.181502,37.143562],[107.170131,37.140014],[107.151228,37.138593],[107.134101,37.134726],[107.121928,37.127632],[107.115296,37.127389],[107.106943,37.124634],[107.099245,37.11639],[107.095821,37.115551],[107.086832,37.125999],[107.074831,37.129398],[107.069496,37.128473],[107.061818,37.124187],[107.049242,37.130928],[107.044884,37.130084],[107.038412,37.137031],[107.030559,37.140789],[107.025623,37.131106],[107.031341,37.116555],[107.030669,37.107785],[107.028707,37.107501],[107.028054,37.110296],[107.02441,37.113205],[107.012403,37.115975],[107.007729,37.113637],[107.00207,37.118519],[106.993803,37.121839],[106.989103,37.117764],[106.994265,37.114891],[106.995407,37.111316],[107.000281,37.108985],[106.996122,37.106327],[106.984769,37.10751],[106.960923,37.113893],[106.959521,37.119879],[106.954652,37.126692],[106.942462,37.13579],[106.936875,37.137797],[106.930288,37.14181],[106.929558,37.143916],[106.922487,37.147167],[106.915801,37.147019],[106.905678,37.151391],[106.900267,37.150219],[106.898669,37.14879],[106.899268,37.145151],[106.892972,37.142443],[106.891349,37.139535],[106.90354,37.132772],[106.91341,37.132435],[106.91706,37.123272],[106.906797,37.122188],[106.907074,37.115131],[106.911853,37.110263],[106.907465,37.108712],[106.901948,37.109203],[106.895852,37.105205],[106.895843,37.099346],[106.892196,37.097936],[106.87093,37.115842],[106.854542,37.114116],[106.840674,37.12575],[106.836505,37.12832],[106.834711,37.126838],[106.826894,37.131847],[106.817143,37.142705],[106.812532,37.144985],[106.803264,37.145182],[106.792104,37.151778],[106.789381,37.155816],[106.784809,37.155582],[106.780741,37.158652],[106.775985,37.157953],[106.77759,37.15641],[106.774943,37.156138],[106.781885,37.151281],[106.782128,37.149631],[106.777268,37.147299],[106.775334,37.152981],[106.771636,37.148879],[106.770272,37.141688],[106.76706,37.140934],[106.768266,37.137937],[106.766486,37.134233],[106.773231,37.122989],[106.772805,37.120475],[106.756618,37.102179],[106.758173,37.099221],[106.765024,37.094976],[106.761768,37.090013],[106.760412,37.08091],[106.750762,37.088997],[106.74899,37.093857],[106.750363,37.097245],[106.748773,37.100315],[106.737378,37.100297],[106.736144,37.102541],[106.737031,37.107028],[106.734092,37.104442],[106.726891,37.109009],[106.726605,37.115315],[106.728475,37.12144],[106.71399,37.119768],[106.708769,37.121264],[106.699794,37.117901],[106.691507,37.123593],[106.686971,37.129873],[106.680728,37.123134],[106.676478,37.114227],[106.67296,37.111454],[106.669799,37.111157],[106.667527,37.113901],[106.66556,37.123075],[106.662496,37.125605],[106.650343,37.123261],[106.640204,37.118997],[106.635889,37.128576],[106.630182,37.128053],[106.618834,37.134392],[106.615888,37.14067],[106.621157,37.150315],[106.618523,37.153675],[106.618072,37.162209],[106.613565,37.168042],[106.619655,37.174284],[106.632208,37.179179],[106.637381,37.184348],[106.648636,37.190591],[106.647953,37.198273],[106.651956,37.206604],[106.652025,37.211363],[106.657301,37.218125],[106.663858,37.218794],[106.671678,37.236906],[106.676845,37.237778],[106.685097,37.245436],[106.689809,37.243784],[106.697169,37.245799],[106.694501,37.247696],[106.696551,37.248417],[106.694272,37.25005],[106.693689,37.253307],[106.695156,37.257145],[106.693664,37.259718],[106.69569,37.262164],[106.693971,37.264089],[106.696509,37.267322],[106.696337,37.269634],[106.703229,37.276956],[106.699626,37.289548],[106.682944,37.285918],[106.675752,37.282843],[106.644717,37.303809],[106.629006,37.322442],[106.621914,37.335459],[106.628619,37.335716],[106.628619,37.337995],[106.636214,37.343059],[106.700112,37.359109],[106.697104,37.373589],[106.682352,37.405388],[106.649217,37.406062],[106.638354,37.437317],[106.663295,37.48409],[106.635709,37.532534],[106.608226,37.560613],[106.593266,37.583351],[106.582844,37.590676],[106.643977,37.642142]]]}},{"type":"Feature","properties":{"dt_adcode":"640324"},"geometry":{"type":"Polygon","coordinates":[[[106.618834,37.134392],[106.613349,37.134241],[106.614444,37.128518],[106.610568,37.131586],[106.605224,37.127429],[106.609724,37.121875],[106.6128,37.111574],[106.620796,37.095753],[106.625239,37.091223],[106.628439,37.084924],[106.63445,37.08338],[106.640939,37.074646],[106.645507,37.065045],[106.643914,37.059223],[106.646907,37.052682],[106.647481,37.044127],[106.651014,37.040258],[106.650936,37.034986],[106.657969,37.029625],[106.658073,37.024027],[106.666761,37.016776],[106.657323,37.007721],[106.648766,37.012188],[106.641404,37.011713],[106.643466,37.008097],[106.643274,37.004966],[106.646616,37.000415],[106.641306,36.987072],[106.643072,36.981303],[106.639495,36.973771],[106.643123,36.96267],[106.636205,36.962942],[106.622706,36.95934],[106.621045,36.96125],[106.617594,36.960292],[106.606835,36.962224],[106.595101,36.969157],[106.590543,36.962965],[106.589864,36.957248],[106.592218,36.951979],[106.593024,36.944448],[106.595672,36.940429],[106.591123,36.940344],[106.579918,36.934805],[106.574809,36.937442],[106.568446,36.945599],[106.574073,36.946647],[106.576926,36.944341],[106.580544,36.946939],[106.570241,36.957241],[106.571083,36.95992],[106.568447,36.960618],[106.567277,36.962801],[106.562847,36.962964],[106.551965,36.972201],[106.544517,36.983998],[106.542336,36.985228],[106.540396,36.98439],[106.538906,36.979537],[106.541642,36.970288],[106.555204,36.952728],[106.550924,36.94815],[106.549139,36.942616],[106.550282,36.940121],[106.556398,36.93629],[106.5595,36.937031],[106.563373,36.932238],[106.571271,36.93038],[106.572979,36.932154],[106.579215,36.930862],[106.588282,36.921855],[106.601992,36.918104],[106.608968,36.909696],[106.610297,36.904328],[106.606726,36.903241],[106.60471,36.899892],[106.607863,36.894429],[106.607464,36.89247],[106.60021,36.895375],[106.600592,36.891405],[106.607489,36.884217],[106.609557,36.878211],[106.613781,36.884025],[106.61731,36.885069],[106.618353,36.888931],[106.625909,36.892351],[106.632754,36.888966],[106.639766,36.882599],[106.639252,36.880601],[106.63485,36.88126],[106.630926,36.877967],[106.638712,36.870489],[106.638956,36.86767],[106.637146,36.866795],[106.631448,36.869524],[106.633074,36.865921],[106.626907,36.86204],[106.623733,36.862072],[106.628142,36.858853],[106.642348,36.853273],[106.640442,36.851059],[106.642948,36.846971],[106.640859,36.834746],[106.637152,36.831683],[106.644235,36.830273],[106.648769,36.831966],[106.647498,36.829149],[106.649361,36.827949],[106.649447,36.825283],[106.657516,36.820592],[106.659162,36.817638],[106.655723,36.816133],[106.658177,36.811868],[106.65661,36.809177],[106.650778,36.807277],[106.647201,36.809752],[106.646765,36.804626],[106.641831,36.802777],[106.645398,36.795707],[106.644223,36.791592],[106.640759,36.786914],[106.638166,36.787232],[106.6374,36.784151],[106.639149,36.782855],[106.63693,36.780563],[106.639071,36.778638],[106.637791,36.777828],[106.639549,36.771433],[106.637068,36.765983],[106.637285,36.760381],[106.633813,36.753636],[106.627533,36.752595],[106.631838,36.744591],[106.630724,36.738917],[106.63195,36.735084],[106.63884,36.728148],[106.644511,36.726186],[106.64541,36.723165],[106.642025,36.722615],[106.636508,36.725083],[106.632184,36.723314],[106.616107,36.737767],[106.612734,36.734734],[106.611352,36.730246],[106.603864,36.740281],[106.600485,36.741133],[106.595509,36.746497],[106.594867,36.74962],[106.592914,36.750246],[106.589313,36.750079],[106.585117,36.744121],[106.574126,36.746781],[106.573961,36.74279],[106.571186,36.740031],[106.573032,36.734717],[106.571003,36.733083],[106.566816,36.732563],[106.554675,36.737914],[106.550906,36.73198],[106.541839,36.731389],[106.540531,36.726363],[106.532246,36.73048],[106.531614,36.725509],[106.527026,36.721695],[106.523218,36.71903],[106.517463,36.718661],[106.514304,36.715604],[106.519426,36.70844],[106.52326,36.706249],[106.530676,36.689929],[106.523328,36.691808],[106.521882,36.688637],[106.518516,36.6875],[106.516509,36.690594],[106.51059,36.693105],[106.491043,36.68575],[106.490091,36.680228],[106.494313,36.667317],[106.492581,36.659536],[106.496725,36.653721],[106.498585,36.646385],[106.494587,36.645359],[106.492311,36.629358],[106.483181,36.627296],[106.468534,36.620434],[106.459243,36.621012],[106.456385,36.623176],[106.441551,36.625388],[106.43101,36.636142],[106.430028,36.629184],[106.419012,36.623956],[106.411152,36.625053],[106.404945,36.620587],[106.384888,36.623821],[106.380196,36.621611],[106.383843,36.617991],[106.383892,36.615951],[106.379988,36.610961],[106.363696,36.608741],[106.320476,36.594328],[106.310077,36.594973],[106.306666,36.596579],[106.295897,36.610377],[106.284504,36.609663],[106.277323,36.606303],[106.274212,36.613292],[106.258739,36.620194],[106.256672,36.619113],[106.256099,36.612872],[106.249621,36.60658],[106.231252,36.612534],[106.212957,36.608576],[106.210962,36.597762],[106.212149,36.583495],[106.205346,36.588212],[106.195079,36.589736],[106.182188,36.587545],[106.171993,36.580275],[106.167419,36.579026],[106.152874,36.587299],[106.151324,36.598618],[106.146844,36.604735],[106.152781,36.617415],[106.151993,36.622702],[106.132095,36.643424],[106.1192,36.648933],[106.118619,36.661745],[106.106871,36.675513],[106.106352,36.690583],[106.077277,36.720444],[106.067565,36.741686],[106.071767,36.758939],[106.058013,36.769696],[106.047141,36.783415],[106.029662,36.795718],[106.031937,36.810743],[106.028541,36.824346],[106.004604,36.842],[105.990495,36.840685],[105.984047,36.845297],[105.976467,36.842387],[105.970901,36.844726],[105.971014,36.849239],[105.98444,36.860352],[105.980539,36.865581],[105.981148,36.878471],[105.965443,36.888476],[105.963824,36.898288],[105.957346,36.902143],[105.952663,36.902216],[105.951845,36.906745],[105.956572,36.908183],[105.956659,36.911945],[105.936333,36.924287],[105.934699,36.932881],[105.926171,36.934223],[105.924047,36.932903],[105.923973,36.92681],[105.911348,36.918872],[105.903003,36.91584],[105.900119,36.91625],[105.894873,36.92045],[105.888461,36.917406],[105.894253,36.908558],[105.908291,36.894715],[105.908477,36.890071],[105.903362,36.884984],[105.897916,36.882317],[105.899913,36.87824],[105.886749,36.862966],[105.874521,36.855041],[105.874674,36.847302],[105.861167,36.842292],[105.860879,36.83804],[105.857011,36.835559],[105.839899,36.829231],[105.83641,36.806242],[105.831454,36.802804],[105.826664,36.803523],[105.823024,36.822126],[105.816473,36.826729],[105.808928,36.828244],[105.795204,36.824488],[105.789761,36.820566],[105.782921,36.821102],[105.774976,36.819517],[105.767173,36.820346],[105.761095,36.825706],[105.745717,36.815067],[105.744611,36.818458],[105.740421,36.821143],[105.743204,36.825794],[105.737535,36.840164],[105.736682,36.857917],[105.738404,36.86168],[105.748369,36.865008],[105.749008,36.868776],[105.745686,36.879967],[105.746991,36.884167],[105.759772,36.898594],[105.759667,36.900143],[105.73862,36.917658],[105.744766,36.914101],[105.751091,36.914673],[105.758461,36.909902],[105.768527,36.908193],[105.768499,36.914814],[105.77381,36.9191],[105.783364,36.921568],[105.786641,36.929224],[105.790599,36.930142],[105.805354,36.94026],[105.810283,36.941528],[105.814193,36.945819],[105.82185,36.947836],[105.827254,36.952298],[105.831907,36.959353],[105.830618,36.968902],[105.832576,36.973469],[105.840845,36.978066],[105.848681,36.980213],[105.842319,36.986984],[105.781644,37.08364],[105.778451,37.085381],[105.748532,37.085583],[105.741471,37.089863],[105.711011,37.116743],[105.69681,37.120238],[105.683443,37.127374],[105.675554,37.139049],[105.669253,37.155816],[105.668859,37.160701],[105.672579,37.167207],[105.672391,37.176303],[105.670803,37.179153],[105.667624,37.180587],[105.667151,37.187967],[105.664967,37.191893],[105.637929,37.18958],[105.616741,37.197906],[105.586488,37.198059],[105.575901,37.202573],[105.573967,37.208058],[105.567108,37.213494],[105.55755,37.215755],[105.56128,37.217716],[105.576721,37.217835],[105.582414,37.221746],[105.597451,37.221409],[105.605498,37.222938],[105.636528,37.246653],[105.649347,37.259374],[105.667916,37.268788],[105.672631,37.274981],[105.676484,37.276818],[105.681347,37.271246],[105.676864,37.270432],[105.676069,37.268074],[105.678441,37.266214],[105.679207,37.261596],[105.686987,37.255047],[105.690525,37.244678],[105.694306,37.238894],[105.693966,37.231169],[105.689764,37.227644],[105.68837,37.222311],[105.684314,37.216289],[105.689969,37.21337],[105.692847,37.208181],[105.707331,37.197119],[105.712083,37.191625],[105.71285,37.187436],[105.737097,37.188093],[105.748484,37.189583],[105.751739,37.191414],[105.767488,37.192438],[105.773982,37.195102],[105.781342,37.201199],[105.784846,37.19622],[105.785017,37.192813],[105.790008,37.1923],[105.792189,37.190394],[105.79145,37.186149],[105.797766,37.182032],[105.79661,37.177398],[105.799441,37.175453],[105.811486,37.180316],[105.818651,37.180979],[105.835434,37.177262],[105.853411,37.178819],[105.86541,37.174877],[105.876529,37.178537],[105.8956,37.174194],[105.914285,37.164474],[105.932178,37.162847],[105.938518,37.163838],[105.949032,37.16274],[105.962421,37.168027],[105.976192,37.163161],[105.985177,37.162361],[105.989761,37.169541],[105.998337,37.171991],[106.004048,37.176467],[106.045542,37.17824],[106.06296,37.171951],[106.066259,37.165327],[106.064734,37.152406],[106.067491,37.145517],[106.075104,37.13808],[106.079657,37.128036],[106.093927,37.120243],[106.17032,37.093734],[106.194322,37.099126],[106.229411,37.09762],[106.249639,37.074792],[106.248941,37.07963],[106.25173,37.082297],[106.261954,37.073993],[106.262004,37.078996],[106.247912,37.097457],[106.24749,37.101366],[106.250425,37.104742],[106.259528,37.106458],[106.268995,37.102564],[106.273426,37.103043],[106.290085,37.111654],[106.290844,37.114881],[106.288496,37.117814],[106.290151,37.118509],[106.29546,37.119948],[106.300095,37.118308],[106.318048,37.117148],[106.325186,37.121228],[106.331696,37.120068],[106.346769,37.128513],[106.338482,37.155502],[106.331949,37.162163],[106.331933,37.166992],[106.327803,37.174757],[106.323712,37.188639],[106.320552,37.192451],[106.319131,37.201479],[106.315426,37.20873],[106.317957,37.211282],[106.317387,37.213273],[106.310445,37.223827],[106.310587,37.226186],[106.312996,37.227506],[106.312414,37.230784],[106.294257,37.237124],[106.288452,37.237595],[106.285148,37.240846],[106.287639,37.242083],[106.286263,37.243693],[106.273365,37.244141],[106.269341,37.240412],[106.266363,37.24503],[106.266972,37.247291],[106.271564,37.247848],[106.267993,37.249118],[106.266603,37.254323],[106.269724,37.255284],[106.269357,37.259406],[106.266896,37.260773],[106.269094,37.264734],[106.26581,37.270119],[106.269209,37.276577],[106.257421,37.284504],[106.252288,37.296804],[106.250872,37.302507],[106.251459,37.312641],[106.24658,37.32412],[106.250037,37.329086],[106.248789,37.336879],[106.253546,37.339162],[106.258022,37.338699],[106.259028,37.340526],[106.251717,37.344372],[106.252745,37.352623],[106.257408,37.352225],[106.261257,37.349274],[106.263029,37.350745],[106.26249,37.355686],[106.270775,37.354569],[106.265226,37.357468],[106.263558,37.366243],[106.274037,37.360532],[106.276658,37.360438],[106.27779,37.363686],[106.28187,37.363257],[106.282566,37.359696],[106.288221,37.359829],[106.289569,37.358006],[106.291544,37.358335],[106.290983,37.361962],[106.292538,37.362376],[106.294433,37.360977],[106.29404,37.358701],[106.299597,37.35791],[106.313453,37.348339],[106.321563,37.340418],[106.32332,37.335011],[106.335887,37.329851],[106.341408,37.329799],[106.383767,37.347699],[106.402891,37.352743],[106.409749,37.358322],[106.418785,37.361967],[106.420707,37.35521],[106.424779,37.353952],[106.442649,37.355002],[106.451588,37.359544],[106.452512,37.360524],[106.442026,37.368918],[106.466827,37.387514],[106.46108,37.397992],[106.464263,37.40138],[106.467784,37.40087],[106.466604,37.398432],[106.469474,37.398943],[106.469317,37.397095],[106.471401,37.395719],[106.469435,37.394067],[106.47203,37.393674],[106.47203,37.391157],[106.478125,37.389034],[106.474036,37.387068],[106.479855,37.387344],[106.479265,37.385732],[106.482096,37.38467],[106.489252,37.377121],[106.520834,37.38562],[106.512205,37.376991],[106.513217,37.366883],[106.507708,37.362427],[106.498066,37.348066],[106.497702,37.343205],[106.500943,37.337493],[106.495838,37.336338],[106.498593,37.333381],[106.495069,37.330343],[106.498796,37.329816],[106.498917,37.326494],[106.538091,37.320924],[106.553647,37.313733],[106.565558,37.301377],[106.581276,37.295118],[106.58476,37.295726],[106.586786,37.329897],[106.589662,37.331902],[106.621914,37.335459],[106.629006,37.322442],[106.644717,37.303809],[106.670171,37.285906],[106.675752,37.282843],[106.682944,37.285918],[106.699626,37.289548],[106.703229,37.276956],[106.696337,37.269634],[106.696509,37.267322],[106.693971,37.264089],[106.69569,37.262164],[106.693664,37.259718],[106.695156,37.257145],[106.693689,37.253307],[106.694272,37.25005],[106.696551,37.248417],[106.694501,37.247696],[106.697169,37.245799],[106.689809,37.243784],[106.685097,37.245436],[106.676845,37.237778],[106.671678,37.236906],[106.663858,37.218794],[106.657301,37.218125],[106.652025,37.211363],[106.651956,37.206604],[106.647953,37.198273],[106.648636,37.190591],[106.637381,37.184348],[106.632208,37.179179],[106.619655,37.174284],[106.613565,37.168042],[106.618072,37.162209],[106.618523,37.153675],[106.621157,37.150315],[106.615888,37.14067],[106.618834,37.134392]]]}},{"type":"Feature","properties":{"dt_adcode":"640381"},"geometry":{"type":"Polygon","coordinates":[[[106.207106,38.071345],[106.198146,38.065489],[106.199721,38.045746],[106.18261,38.024111],[106.175108,38.020419],[106.160295,38.006448],[106.147532,38.002659],[106.144091,37.992168],[106.139821,37.987311],[106.131243,37.983866],[106.108091,37.979573],[106.084083,37.958073],[106.070173,37.953169],[106.065725,37.947141],[106.061034,37.936423],[106.063722,37.9285],[106.123014,37.909819],[106.119749,37.892137],[106.115407,37.892328],[106.113767,37.884478],[106.107641,37.884175],[106.104253,37.872519],[106.105212,37.87109],[106.110719,37.872208],[106.118598,37.869712],[106.122843,37.863249],[106.129461,37.860794],[106.132681,37.856107],[106.12939,37.844735],[106.127159,37.823387],[106.118696,37.796343],[106.115741,37.771501],[106.110879,37.751597],[106.10924,37.732445],[106.103769,37.709879],[106.103826,37.700791],[106.106512,37.68717],[106.105786,37.679777],[106.096964,37.663646],[106.089375,37.642667],[106.061688,37.614136],[106.045868,37.608398],[106.020744,37.609504],[106.024704,37.613401],[106.022571,37.626331],[106.025683,37.632835],[106.024582,37.643781],[106.022171,37.645699],[106.011751,37.648599],[106.005542,37.655148],[105.99013,37.654588],[105.977942,37.659641],[105.951594,37.657646],[105.942075,37.661459],[105.934301,37.669472],[105.931266,37.669921],[105.932388,37.659752],[105.930736,37.654535],[105.926527,37.647458],[105.920665,37.643021],[105.916901,37.636103],[105.91051,37.62942],[105.905504,37.614334],[105.882939,37.615159],[105.885487,37.619884],[105.893686,37.626574],[105.894084,37.628823],[105.888187,37.637317],[105.886407,37.643499],[105.879309,37.647258],[105.882674,37.652619],[105.880707,37.660144],[105.8848,37.667081],[105.888251,37.679466],[105.889204,37.714125],[105.902383,37.726863],[105.901273,37.738292],[105.899868,37.739375],[105.882684,37.735896],[105.86506,37.7398],[105.853297,37.739851],[105.844511,37.728723],[105.825076,37.735197],[105.815867,37.734204],[105.784092,37.738728],[105.760936,37.728411],[105.754412,37.72765],[105.742081,37.72759],[105.717507,37.731687],[105.696337,37.725962],[105.678861,37.725038],[105.662974,37.720218],[105.651899,37.715567],[105.649179,37.710323],[105.629366,37.707506],[105.610036,37.706988],[105.616298,37.722567],[105.616703,37.753889],[105.622078,37.777793],[105.633668,37.781431],[105.638779,37.781343],[105.653076,37.777547],[105.670565,37.775418],[105.677408,37.77199],[105.683484,37.771975],[105.708857,37.77931],[105.724628,37.787433],[105.744308,37.792469],[105.76068,37.799908],[105.771912,37.811295],[105.783703,37.839688],[105.798729,37.855782],[105.806001,37.865882],[105.80868,37.875381],[105.806801,37.889327],[105.799661,37.909998],[105.79806,37.929693],[105.79885,37.936609],[105.811703,37.961579],[105.823401,37.975487],[105.831839,37.991132],[105.839663,38.001701],[105.839923,38.007905],[105.829191,38.025486],[105.780679,38.08481],[105.768024,38.121596],[105.769083,38.128981],[105.767929,38.134449],[105.775318,38.186809],[105.783186,38.202676],[105.797216,38.217123],[105.821046,38.227051],[105.842352,38.240848],[105.84351,38.246516],[105.852747,38.264714],[105.892358,38.259858],[105.895629,38.254813],[105.899535,38.25292],[105.907183,38.244617],[105.967264,38.224063],[105.970171,38.219414],[105.969623,38.217464],[105.94016,38.160286],[105.948831,38.156262],[105.960909,38.147478],[105.966139,38.14639],[105.979731,38.178864],[106.005321,38.173628],[106.00947,38.180953],[106.010308,38.188975],[106.012879,38.185516],[106.020295,38.184327],[106.041909,38.175759],[106.055685,38.186712],[106.058976,38.196279],[106.066111,38.199312],[106.077332,38.210879],[106.083079,38.212248],[106.083148,38.20875],[106.077106,38.20555],[106.077097,38.204001],[106.083921,38.201816],[106.084868,38.200046],[106.077809,38.197471],[106.082225,38.190141],[106.077782,38.185042],[106.079008,38.183494],[106.090332,38.180678],[106.092218,38.180731],[106.096665,38.186053],[106.109567,38.18305],[106.111155,38.179665],[106.108325,38.175882],[106.122294,38.171618],[106.125242,38.169368],[106.126893,38.145404],[106.129888,38.144502],[106.142173,38.158086],[106.152528,38.159194],[106.169428,38.15081],[106.183391,38.151383],[106.184838,38.150456],[106.183512,38.143246],[106.193257,38.139879],[106.197952,38.135561],[106.218412,38.131018],[106.218811,38.123037],[106.229223,38.107491],[106.229396,38.102496],[106.225589,38.097826],[106.21606,38.093485],[106.212567,38.089619],[106.207106,38.071345]]]}},{"type":"Feature","properties":{"dt_adcode":"640402"},"geometry":{"type":"Polygon","coordinates":[[[106.003541,36.193832],[106.0003,36.208182],[105.999186,36.225364],[105.993055,36.24628],[105.967959,36.291759],[105.971896,36.298832],[105.981392,36.30264],[105.979737,36.311624],[105.98087,36.315407],[105.984626,36.319084],[106.014027,36.313219],[106.017644,36.317804],[106.018847,36.322738],[106.024097,36.327481],[106.038076,36.327216],[106.056435,36.333194],[106.07493,36.324982],[106.076789,36.325948],[106.078324,36.332032],[106.085676,36.331653],[106.091161,36.32421],[106.1055,36.315449],[106.109568,36.316349],[106.122679,36.324064],[106.141629,36.324929],[106.158767,36.331984],[106.195061,36.340471],[106.197395,36.341808],[106.203944,36.353924],[106.227274,36.372117],[106.245822,36.382486],[106.251532,36.383619],[106.264776,36.380925],[106.270393,36.382488],[106.279669,36.410748],[106.281055,36.411544],[106.288796,36.406951],[106.295301,36.407444],[106.302824,36.411893],[106.314215,36.410424],[106.31501,36.429303],[106.316822,36.436406],[106.327136,36.454161],[106.327051,36.457552],[106.322218,36.452132],[106.318592,36.450374],[106.316488,36.451033],[106.314819,36.471172],[106.310765,36.47543],[106.311946,36.479555],[106.3231,36.485251],[106.330313,36.486251],[106.336143,36.492891],[106.337918,36.500719],[106.349329,36.499547],[106.356609,36.510393],[106.362696,36.513489],[106.375066,36.515966],[106.393,36.510659],[106.401705,36.509921],[106.411639,36.516029],[106.410921,36.519386],[106.420919,36.514601],[106.427304,36.515282],[106.433298,36.518081],[106.453871,36.497869],[106.45705,36.497024],[106.462766,36.49956],[106.466031,36.495619],[106.469009,36.497083],[106.477077,36.494622],[106.478098,36.487528],[106.483749,36.480938],[106.491226,36.482593],[106.490205,36.485592],[106.49345,36.494549],[106.502587,36.48529],[106.520983,36.4791],[106.520047,36.471899],[106.523249,36.468476],[106.519769,36.456324],[106.515822,36.451216],[106.510285,36.449444],[106.504694,36.444194],[106.500437,36.434433],[106.500679,36.432747],[106.504685,36.432184],[106.508267,36.429372],[106.510413,36.425458],[106.509936,36.421682],[106.505861,36.419497],[106.50464,36.414651],[106.499181,36.416817],[106.498869,36.422562],[106.492709,36.422949],[106.491583,36.405392],[106.487454,36.401928],[106.492447,36.399262],[106.504665,36.401373],[106.508654,36.399631],[106.514139,36.391452],[106.518535,36.394743],[106.525657,36.391672],[106.526981,36.390177],[106.524679,36.387107],[106.524981,36.382749],[106.531031,36.378972],[106.532286,36.376053],[106.529966,36.372884],[106.525128,36.372732],[106.510322,36.378839],[106.507882,36.379029],[106.506532,36.37737],[106.507613,36.367057],[106.506355,36.328226],[106.504382,36.324989],[106.499588,36.322598],[106.502443,36.314179],[106.497416,36.313807],[106.501742,36.308887],[106.509788,36.303583],[106.511025,36.297495],[106.51003,36.293347],[106.512062,36.28628],[106.51041,36.286104],[106.505764,36.292739],[106.500417,36.294874],[106.498461,36.300993],[106.492198,36.308816],[106.487612,36.311964],[106.486322,36.315973],[106.484211,36.314351],[106.480223,36.316083],[106.470821,36.312859],[106.470292,36.311008],[106.470751,36.306331],[106.478368,36.298242],[106.484191,36.288638],[106.48452,36.284777],[106.498139,36.275613],[106.504723,36.266103],[106.507475,36.267562],[106.509933,36.271686],[106.515471,36.271836],[106.519691,36.269628],[106.510539,36.250164],[106.500203,36.236077],[106.491868,36.216965],[106.481681,36.205341],[106.477495,36.196462],[106.476716,36.188122],[106.474312,36.185569],[106.47447,36.178626],[106.476459,36.175006],[106.475828,36.172217],[106.477948,36.169619],[106.476708,36.168124],[106.476609,36.157693],[106.479593,36.151385],[106.478289,36.145577],[106.480269,36.139791],[106.477597,36.129206],[106.479988,36.125461],[106.479392,36.120341],[106.478228,36.115136],[106.475664,36.110596],[106.473146,36.109549],[106.464054,36.089648],[106.461853,36.078407],[106.472208,36.070737],[106.482481,36.055679],[106.487301,36.051131],[106.491817,36.039935],[106.499794,36.027972],[106.516918,36.019249],[106.534936,35.999735],[106.544571,35.986624],[106.545038,35.975062],[106.543661,35.97147],[106.527341,35.959001],[106.523402,35.953097],[106.51133,35.948364],[106.503965,35.948575],[106.499432,35.938445],[106.495875,35.936292],[106.491523,35.937342],[106.482342,35.946611],[106.473695,35.952214],[106.459825,35.955174],[106.452427,35.953891],[106.452046,35.951319],[106.447687,35.946396],[106.423044,35.937905],[106.407186,35.928625],[106.397949,35.9195],[106.3912,35.919332],[106.385126,35.914935],[106.375756,35.918576],[106.358396,35.920543],[106.337225,35.930287],[106.333992,35.930579],[106.329798,35.928297],[106.320157,35.90347],[106.325034,35.896597],[106.330893,35.882617],[106.343912,35.873438],[106.349232,35.862196],[106.343891,35.858808],[106.341829,35.862834],[106.339412,35.863382],[106.329974,35.858432],[106.325842,35.857944],[106.299716,35.873815],[106.299113,35.86826],[106.292804,35.863896],[106.295985,35.858597],[106.293806,35.855139],[106.29479,35.850171],[106.285414,35.851557],[106.283144,35.843564],[106.280981,35.845807],[106.279003,35.845308],[106.274304,35.840359],[106.272473,35.834511],[106.263264,35.827246],[106.267137,35.823857],[106.263228,35.81989],[106.264668,35.817445],[106.269016,35.816876],[106.272511,35.813393],[106.285062,35.808235],[106.288269,35.810953],[106.297186,35.813884],[106.304648,35.820478],[106.310052,35.816991],[106.307207,35.804039],[106.321241,35.785176],[106.321399,35.781952],[106.318462,35.779249],[106.316145,35.773771],[106.3062,35.779716],[106.299219,35.787444],[106.294687,35.790157],[106.273443,35.777398],[106.273419,35.769165],[106.267759,35.761557],[106.263627,35.758577],[106.259071,35.759324],[106.255853,35.763079],[106.249671,35.776588],[106.246277,35.779383],[106.241161,35.778518],[106.221166,35.769805],[106.21041,35.771548],[106.200361,35.770175],[106.195282,35.762176],[106.192069,35.760882],[106.191266,35.764271],[106.187628,35.767045],[106.178368,35.768478],[106.149979,35.766816],[106.139284,35.763667],[106.116288,35.773861],[106.108686,35.772978],[106.088356,35.763652],[106.083846,35.763897],[106.062768,35.776086],[106.057974,35.776778],[106.041916,35.772581],[106.039839,35.768423],[106.036654,35.767454],[106.029909,35.770627],[106.029366,35.772911],[106.032177,35.781144],[106.022682,35.785463],[106.022498,35.78884],[106.010993,35.789321],[105.984338,35.79834],[105.982936,35.802696],[105.984095,35.808654],[106.004261,35.829508],[106.010815,35.838441],[106.014863,35.852292],[106.009444,35.856789],[106.008367,35.861445],[106.017637,35.863924],[106.0178,35.86631],[106.022299,35.868228],[106.02377,35.870841],[106.030377,35.870237],[106.056635,35.878092],[106.058028,35.885406],[106.055543,35.891423],[106.056874,35.899319],[106.054924,35.902875],[106.059238,35.904514],[106.059681,35.906113],[106.055842,35.912185],[106.054695,35.918886],[106.050564,35.923421],[106.046641,35.933386],[106.035977,35.936519],[106.031828,35.939387],[106.031453,35.946199],[106.024685,35.957884],[106.011858,35.962949],[106.011337,35.969135],[106.014792,35.987081],[106.012564,35.991781],[106.030375,36.002402],[106.031595,36.006538],[106.029386,36.009487],[106.029577,36.015615],[106.02609,36.020485],[106.02735,36.024776],[106.035061,36.027757],[106.039697,36.034206],[106.036419,36.041968],[106.027892,36.046988],[106.026352,36.052687],[106.031089,36.057031],[106.02971,36.063567],[106.030911,36.067462],[106.033947,36.069071],[106.034009,36.071801],[106.037095,36.073299],[106.034942,36.076014],[106.033754,36.084832],[106.036606,36.092053],[106.039526,36.093821],[106.03881,36.098279],[106.040884,36.099259],[106.042044,36.103491],[106.04027,36.109176],[106.037619,36.111687],[106.037207,36.117873],[106.038831,36.11958],[106.037483,36.124924],[106.016366,36.157986],[106.012114,36.169549],[106.010799,36.179148],[106.003541,36.193832]]]}},{"type":"Feature","properties":{"dt_adcode":"640422"},"geometry":{"type":"Polygon","coordinates":[[[105.488687,36.191116],[105.49569,36.190021],[105.496945,36.192678],[105.516654,36.203551],[105.537,36.218018],[105.569069,36.230365],[105.581153,36.236754],[105.588118,36.237457],[105.593136,36.232611],[105.603889,36.230478],[105.606664,36.226029],[105.607332,36.215935],[105.62103,36.20598],[105.624806,36.200589],[105.62531,36.195305],[105.637388,36.188539],[105.645378,36.179798],[105.645888,36.17728],[105.661064,36.166823],[105.670621,36.157527],[105.669534,36.155853],[105.687039,36.152388],[105.690965,36.153219],[105.696806,36.15527],[105.706927,36.167581],[105.71481,36.172564],[105.725586,36.174696],[105.745255,36.172228],[105.75032,36.177686],[105.754619,36.179645],[105.759278,36.179133],[105.768687,36.17468],[105.779782,36.154882],[105.757148,36.136513],[105.759483,36.132853],[105.765343,36.133203],[105.774593,36.139143],[105.784698,36.13687],[105.800001,36.141319],[105.804369,36.140859],[105.809169,36.138737],[105.812228,36.133466],[105.812531,36.126936],[105.818534,36.121268],[105.829772,36.129626],[105.839874,36.141244],[105.848737,36.144737],[105.857029,36.150749],[105.861771,36.165932],[105.867379,36.174402],[105.876873,36.184993],[105.885034,36.190612],[105.882598,36.204244],[105.884325,36.214377],[105.886372,36.216153],[105.910327,36.216265],[105.947892,36.21348],[105.981852,36.196028],[106.003541,36.193832],[106.010799,36.179148],[106.012114,36.169549],[106.016366,36.157986],[106.037483,36.124924],[106.038831,36.11958],[106.037207,36.117873],[106.037619,36.111687],[106.04027,36.109176],[106.042044,36.103491],[106.040884,36.099259],[106.03881,36.098279],[106.039526,36.093821],[106.036606,36.092053],[106.033754,36.084832],[106.034942,36.076014],[106.037095,36.073299],[106.034009,36.071801],[106.033947,36.069071],[106.030911,36.067462],[106.02971,36.063567],[106.031089,36.057031],[106.026352,36.052687],[106.027892,36.046988],[106.036419,36.041968],[106.039697,36.034206],[106.035061,36.027757],[106.02735,36.024776],[106.02609,36.020485],[106.029577,36.015615],[106.029386,36.009487],[106.031595,36.006538],[106.030375,36.002402],[106.012564,35.991781],[106.014792,35.987081],[106.011337,35.969135],[106.011858,35.962949],[106.024685,35.957884],[106.031453,35.946199],[106.031828,35.939387],[106.035977,35.936519],[106.046641,35.933386],[106.050564,35.923421],[106.054695,35.918886],[106.055842,35.912185],[106.059681,35.906113],[106.059238,35.904514],[106.054924,35.902875],[106.056874,35.899319],[106.055543,35.891423],[106.058028,35.885406],[106.056635,35.878092],[106.030377,35.870237],[106.02377,35.870841],[106.022299,35.868228],[106.0178,35.86631],[106.017637,35.863924],[106.008367,35.861445],[106.009444,35.856789],[106.014863,35.852292],[106.010815,35.838441],[106.004261,35.829508],[105.984095,35.808654],[105.982936,35.802696],[105.984338,35.79834],[105.987152,35.796968],[106.010993,35.789321],[106.022498,35.78884],[106.023325,35.786667],[106.015719,35.768657],[106.026256,35.762624],[106.023468,35.758285],[106.028836,35.749566],[106.022756,35.747637],[106.026952,35.733781],[106.039728,35.726468],[106.057963,35.724688],[106.069555,35.721378],[106.072307,35.722394],[106.073315,35.716432],[106.076456,35.713383],[106.080383,35.694715],[106.067069,35.700442],[106.064317,35.700111],[106.056126,35.706321],[106.054374,35.706617],[106.052729,35.703415],[106.047495,35.700859],[106.037591,35.705136],[106.029476,35.703497],[106.018847,35.706045],[106.013831,35.704575],[106.010829,35.70836],[106.006241,35.707275],[105.998497,35.709588],[105.992148,35.708287],[105.973785,35.714055],[105.961492,35.708708],[105.960826,35.704474],[105.958056,35.701284],[105.958882,35.698424],[105.949142,35.695304],[105.942893,35.675001],[105.937121,35.674451],[105.928629,35.666354],[105.921678,35.667871],[105.917935,35.665309],[105.906805,35.671028],[105.90273,35.670362],[105.888917,35.673292],[105.884891,35.667991],[105.874693,35.675321],[105.869016,35.675865],[105.863683,35.662214],[105.852928,35.656096],[105.850171,35.652567],[105.84979,35.646673],[105.851998,35.639963],[105.862541,35.626035],[105.856989,35.618659],[105.848504,35.592103],[105.835032,35.584814],[105.824653,35.581642],[105.809984,35.569629],[105.803666,35.567662],[105.800441,35.564929],[105.793256,35.570637],[105.787681,35.578622],[105.780796,35.58208],[105.777609,35.586796],[105.779014,35.588856],[105.785891,35.590166],[105.78545,35.592606],[105.781699,35.595694],[105.783286,35.596321],[105.782514,35.597362],[105.771394,35.602457],[105.762168,35.602926],[105.756654,35.608396],[105.75689,35.611365],[105.750115,35.612043],[105.74856,35.614748],[105.749654,35.616844],[105.758019,35.617488],[105.759964,35.619276],[105.763924,35.630407],[105.762969,35.631858],[105.759045,35.634441],[105.756935,35.633367],[105.754675,35.62662],[105.750359,35.623671],[105.742019,35.626345],[105.744079,35.639992],[105.736589,35.642483],[105.726339,35.638558],[105.720382,35.645323],[105.716382,35.646017],[105.714094,35.648374],[105.716069,35.657461],[105.720453,35.662888],[105.718923,35.666962],[105.722811,35.671754],[105.719811,35.678058],[105.709894,35.680993],[105.704213,35.685873],[105.692246,35.682908],[105.690479,35.683997],[105.692342,35.691439],[105.690959,35.698588],[105.699915,35.704249],[105.704275,35.702986],[105.706746,35.704012],[105.711836,35.710407],[105.716457,35.721501],[105.72098,35.726023],[105.723719,35.725898],[105.724632,35.724127],[105.723345,35.719374],[105.728473,35.699674],[105.737609,35.697417],[105.740495,35.698563],[105.756601,35.717281],[105.758948,35.724991],[105.758253,35.727738],[105.755039,35.730568],[105.749827,35.72875],[105.744424,35.731858],[105.74034,35.729233],[105.73961,35.724086],[105.737507,35.723574],[105.734899,35.724445],[105.727824,35.731846],[105.719101,35.73335],[105.714413,35.737879],[105.707836,35.737943],[105.702276,35.733208],[105.691092,35.736425],[105.689361,35.746099],[105.682318,35.746274],[105.681439,35.738609],[105.677991,35.737977],[105.674266,35.740838],[105.672316,35.748461],[105.667876,35.749937],[105.667451,35.748145],[105.654911,35.745357],[105.653001,35.743099],[105.648464,35.742964],[105.647317,35.740372],[105.640327,35.739786],[105.636351,35.735691],[105.632582,35.735381],[105.632468,35.734081],[105.621818,35.729466],[105.604886,35.726272],[105.597836,35.722922],[105.596212,35.721327],[105.597045,35.716913],[105.595708,35.7156],[105.586228,35.716366],[105.581663,35.714778],[105.570083,35.716307],[105.575095,35.69929],[105.572839,35.693969],[105.564341,35.687652],[105.561897,35.690976],[105.560095,35.698769],[105.566779,35.709043],[105.567837,35.714256],[105.565739,35.719513],[105.561258,35.724625],[105.546736,35.727769],[105.537918,35.721877],[105.535952,35.721982],[105.530212,35.726877],[105.526783,35.726605],[105.515495,35.722701],[105.509393,35.718896],[105.507013,35.719309],[105.503516,35.723221],[105.49525,35.721934],[105.493432,35.725149],[105.481806,35.727086],[105.478023,35.730303],[105.47321,35.74898],[105.471244,35.751619],[105.46402,35.752722],[105.458129,35.747141],[105.453848,35.74761],[105.453328,35.755021],[105.457281,35.771629],[105.456224,35.774438],[105.447528,35.780788],[105.437308,35.779929],[105.431756,35.787606],[105.430648,35.813017],[105.428817,35.818913],[105.426778,35.820111],[105.418236,35.814369],[105.415457,35.823279],[105.408604,35.822282],[105.394689,35.809677],[105.387436,35.795768],[105.383912,35.792498],[105.381164,35.793014],[105.376231,35.801202],[105.375248,35.806575],[105.386202,35.817619],[105.377354,35.815498],[105.375458,35.816529],[105.378626,35.824888],[105.375946,35.835064],[105.37103,35.844258],[105.385387,35.853669],[105.391239,35.846866],[105.394622,35.846455],[105.39743,35.849383],[105.39843,35.855153],[105.39397,35.863617],[105.38651,35.868659],[105.379177,35.872145],[105.370501,35.871108],[105.35787,35.879261],[105.355745,35.876635],[105.350259,35.875974],[105.34088,35.879821],[105.333712,35.887863],[105.327129,35.904726],[105.332991,35.909773],[105.338792,35.908232],[105.340264,35.909264],[105.337512,35.916815],[105.336006,35.929222],[105.326112,35.938704],[105.325049,35.941786],[105.328508,35.948772],[105.331757,35.951467],[105.334031,35.966494],[105.3356,35.980149],[105.333189,36.000637],[105.338014,36.003414],[105.337745,36.005078],[105.341707,36.004947],[105.341944,36.014845],[105.338948,36.017906],[105.341526,36.021823],[105.341579,36.027957],[105.343957,36.033866],[105.347466,36.032311],[105.358622,36.035852],[105.365882,36.034658],[105.360477,36.043502],[105.363611,36.048966],[105.368861,36.054052],[105.371376,36.05365],[105.373004,36.057433],[105.378025,36.061585],[105.384097,36.063141],[105.385889,36.061348],[105.387716,36.066632],[105.390256,36.063706],[105.392526,36.076922],[105.397117,36.076814],[105.400002,36.079711],[105.405521,36.074549],[105.407346,36.075281],[105.417761,36.089127],[105.424602,36.093436],[105.43053,36.103864],[105.438884,36.103754],[105.441642,36.099332],[105.443185,36.103003],[105.449549,36.103988],[105.450519,36.101722],[105.452929,36.100912],[105.458224,36.10661],[105.462582,36.107188],[105.46816,36.101039],[105.469511,36.102105],[105.471971,36.100067],[105.475694,36.100411],[105.477193,36.102467],[105.480491,36.099167],[105.486534,36.098836],[105.48843,36.101771],[105.491339,36.101062],[105.500324,36.120818],[105.497131,36.130628],[105.505388,36.128439],[105.508392,36.13953],[105.514988,36.147323],[105.513587,36.150171],[105.500907,36.159021],[105.500336,36.164699],[105.494529,36.167569],[105.495524,36.170409],[105.488332,36.185009],[105.488687,36.191116]]]}},{"type":"Feature","properties":{"dt_adcode":"640423"},"geometry":{"type":"MultiPolygon","coordinates":[[[[106.073064,35.420097],[106.063305,35.427367],[106.064602,35.431992],[106.063523,35.437901],[106.064933,35.439099],[106.074691,35.430694],[106.071986,35.426005],[106.073064,35.420097]]],[[[106.054587,35.453162],[106.052585,35.44785],[106.049243,35.452906],[106.041816,35.454016],[106.041085,35.460894],[106.035642,35.46596],[106.034553,35.469221],[106.02998,35.469294],[106.024186,35.464382],[106.016013,35.46274],[106.015917,35.459196],[106.008135,35.453204],[106.011167,35.44369],[106.004029,35.439012],[106.00179,35.439811],[106.00288,35.443589],[106.001913,35.446518],[105.994001,35.451348],[105.992519,35.450608],[105.994174,35.446369],[105.992431,35.43737],[105.977784,35.433979],[105.974256,35.430894],[105.975232,35.429349],[105.967767,35.426212],[105.964536,35.426394],[105.961829,35.431728],[105.958956,35.432935],[105.955421,35.429511],[105.948058,35.429193],[105.945908,35.422269],[105.940097,35.424814],[105.930696,35.42582],[105.925628,35.420685],[105.912924,35.417585],[105.910596,35.415252],[105.903042,35.415462],[105.897217,35.412051],[105.893946,35.415386],[105.890069,35.435569],[105.890755,35.445012],[105.897585,35.451507],[105.9137,35.453781],[105.917678,35.450045],[105.925526,35.450809],[105.927899,35.451916],[105.926854,35.456072],[105.959863,35.463801],[105.970366,35.470196],[105.975435,35.471261],[105.977752,35.469492],[105.985637,35.472045],[105.989672,35.476037],[106.002403,35.477031],[106.010734,35.481484],[106.016564,35.480209],[106.023011,35.482243],[106.028562,35.486987],[106.03128,35.487477],[106.039284,35.485751],[106.045092,35.488656],[106.054272,35.489722],[106.05788,35.488149],[106.058689,35.484709],[106.052222,35.474712],[106.050907,35.467782],[106.054388,35.463649],[106.050845,35.459366],[106.054587,35.453162]]],[[[106.068918,35.454421],[106.072729,35.466669],[106.071259,35.475374],[106.067877,35.483213],[106.068086,35.48813],[106.075359,35.490652],[106.079703,35.489259],[106.084438,35.490897],[106.088432,35.490264],[106.09141,35.496449],[106.099435,35.499616],[106.098142,35.504426],[106.09188,35.510031],[106.083121,35.511105],[106.07854,35.509637],[106.075845,35.505364],[106.074905,35.493223],[106.072574,35.4914],[106.069634,35.493019],[106.068104,35.503104],[106.066286,35.503974],[106.06365,35.499461],[106.056297,35.501157],[106.052912,35.500479],[106.053112,35.498707],[106.020529,35.493887],[106.018002,35.494749],[106.016992,35.501337],[106.010361,35.508175],[106.011285,35.509653],[106.015581,35.509535],[106.017437,35.512131],[106.016096,35.522238],[106.014066,35.523446],[106.009779,35.523807],[106.004681,35.519585],[105.992778,35.527971],[105.974299,35.531793],[105.963099,35.531161],[105.948388,35.535764],[105.915687,35.53915],[105.908348,35.542108],[105.9028,35.547311],[105.884352,35.543781],[105.884403,35.534899],[105.87391,35.535698],[105.868544,35.539974],[105.864712,35.530086],[105.862016,35.515069],[105.856209,35.511444],[105.852153,35.498892],[105.846937,35.490503],[105.84225,35.489797],[105.836593,35.494803],[105.834048,35.517592],[105.836968,35.522516],[105.835133,35.539816],[105.832871,35.542007],[105.823056,35.537891],[105.821947,35.539676],[105.827717,35.548004],[105.823879,35.548769],[105.821584,35.552956],[105.820969,35.555081],[105.824209,35.559761],[105.816448,35.575094],[105.824653,35.581642],[105.835032,35.584814],[105.848504,35.592103],[105.856989,35.618659],[105.862541,35.626035],[105.851998,35.639963],[105.84979,35.646673],[105.850171,35.652567],[105.852928,35.656096],[105.863683,35.662214],[105.869016,35.675865],[105.874693,35.675321],[105.884891,35.667991],[105.888917,35.673292],[105.90273,35.670362],[105.906805,35.671028],[105.917935,35.665309],[105.921678,35.667871],[105.928629,35.666354],[105.937121,35.674451],[105.942893,35.675001],[105.949142,35.695304],[105.958882,35.698424],[105.958056,35.701284],[105.960826,35.704474],[105.961492,35.708708],[105.973785,35.714055],[105.992148,35.708287],[105.998497,35.709588],[106.006241,35.707275],[106.010829,35.70836],[106.013831,35.704575],[106.018847,35.706045],[106.029476,35.703497],[106.037591,35.705136],[106.047495,35.700859],[106.052729,35.703415],[106.054374,35.706617],[106.056126,35.706321],[106.064317,35.700111],[106.067069,35.700442],[106.080383,35.694715],[106.076456,35.713383],[106.073315,35.716432],[106.072307,35.722394],[106.069555,35.721378],[106.057963,35.724688],[106.039728,35.726468],[106.026952,35.733781],[106.022756,35.747637],[106.028836,35.749566],[106.023468,35.758285],[106.026256,35.762624],[106.015719,35.768657],[106.022682,35.785463],[106.032177,35.781144],[106.029565,35.771603],[106.036654,35.767454],[106.039839,35.768423],[106.041916,35.772581],[106.057974,35.776778],[106.062768,35.776086],[106.083846,35.763897],[106.088356,35.763652],[106.108686,35.772978],[106.116288,35.773861],[106.139284,35.763667],[106.149979,35.766816],[106.178368,35.768478],[106.187628,35.767045],[106.191266,35.764271],[106.199226,35.737642],[106.195482,35.723457],[106.199059,35.713353],[106.209636,35.660124],[106.213796,35.65345],[106.230815,35.637995],[106.235507,35.627428],[106.232964,35.62446],[106.229877,35.624019],[106.212484,35.625727],[106.209944,35.623452],[106.209069,35.620014],[106.20932,35.6152],[106.214858,35.605311],[106.231842,35.586188],[106.233481,35.579074],[106.240413,35.568034],[106.242035,35.559314],[106.238007,35.547187],[106.218329,35.540193],[106.21213,35.535185],[106.210872,35.515477],[106.213566,35.500563],[106.217674,35.486324],[106.221011,35.483784],[106.228564,35.480761],[106.231573,35.481482],[106.236585,35.479174],[106.241625,35.479377],[106.241136,35.468108],[106.244011,35.459],[106.247891,35.456116],[106.260986,35.452454],[106.265294,35.443888],[106.266076,35.435399],[106.262079,35.426703],[106.238484,35.406547],[106.237496,35.409462],[106.22765,35.409685],[106.219012,35.41262],[106.207581,35.409343],[106.194505,35.410767],[106.189462,35.416387],[106.186734,35.428192],[106.185521,35.428566],[106.183171,35.424841],[106.18067,35.424515],[106.178834,35.436392],[106.174702,35.438353],[106.171774,35.435898],[106.166966,35.421012],[106.157956,35.41789],[106.143789,35.404167],[106.134497,35.397763],[106.12861,35.397881],[106.129529,35.391105],[106.12383,35.37804],[106.123795,35.373457],[106.119198,35.375261],[106.113654,35.373184],[106.115866,35.362225],[106.110902,35.361975],[106.107361,35.365147],[106.106242,35.373807],[106.102441,35.379959],[106.102466,35.383052],[106.105592,35.387786],[106.098603,35.390957],[106.097865,35.393557],[106.101287,35.400473],[106.100219,35.40198],[106.088649,35.401961],[106.086321,35.40394],[106.081279,35.413128],[106.084348,35.418728],[106.078116,35.429411],[106.080046,35.433753],[106.076605,35.442593],[106.076909,35.445395],[106.072292,35.447542],[106.068918,35.454421]],[[106.074466,35.455146],[106.072892,35.451081],[106.075046,35.4489],[106.07899,35.451287],[106.076354,35.454789],[106.074466,35.455146]]]]}},{"type":"Feature","properties":{"dt_adcode":"640424"},"geometry":{"type":"Polygon","coordinates":[[[106.463831,35.714956],[106.448734,35.694127],[106.443479,35.691916],[106.441451,35.692564],[106.434975,35.688535],[106.434801,35.676023],[106.439273,35.668024],[106.436681,35.665409],[106.437825,35.662197],[106.44521,35.663147],[106.445773,35.654442],[106.449689,35.647643],[106.459849,35.643799],[106.457589,35.638753],[106.45337,35.636174],[106.453066,35.632503],[106.454348,35.629104],[106.465451,35.620622],[106.465336,35.606024],[106.471501,35.600913],[106.475784,35.586204],[106.475394,35.582535],[106.482509,35.576049],[106.479485,35.575152],[106.473647,35.576378],[106.465206,35.580375],[106.460572,35.57938],[106.450937,35.553513],[106.453276,35.547761],[106.451308,35.541489],[106.454756,35.537671],[106.447989,35.534258],[106.440683,35.525464],[106.443621,35.519366],[106.451973,35.516119],[106.449512,35.509616],[106.460634,35.504454],[106.463336,35.501673],[106.465933,35.491914],[106.465603,35.481016],[106.470627,35.478818],[106.486608,35.483112],[106.490133,35.480418],[106.484986,35.460251],[106.489363,35.459033],[106.484522,35.454739],[106.483436,35.450571],[106.497528,35.428414],[106.498963,35.420374],[106.503514,35.416244],[106.495677,35.403352],[106.493046,35.393534],[106.498254,35.386649],[106.496099,35.376143],[106.501758,35.371599],[106.501247,35.364272],[106.509285,35.358327],[106.504586,35.356814],[106.498779,35.351069],[106.493769,35.351932],[106.49235,35.350122],[106.488005,35.337291],[106.48977,35.328216],[106.479946,35.317791],[106.476726,35.316288],[106.474519,35.312586],[106.463652,35.308309],[106.457166,35.308158],[106.455944,35.305124],[106.445668,35.297682],[106.436792,35.297493],[106.430531,35.293037],[106.423582,35.284854],[106.421169,35.278368],[106.417828,35.276021],[106.410954,35.279812],[106.405006,35.276109],[106.393391,35.273902],[106.387359,35.26981],[106.376309,35.275955],[106.368194,35.273507],[106.369481,35.265326],[106.375029,35.25613],[106.376359,35.250863],[106.37562,35.248586],[106.363598,35.238303],[106.357656,35.238685],[106.353497,35.242503],[106.352453,35.249559],[106.350713,35.250883],[106.347371,35.252404],[106.335944,35.251038],[106.330531,35.255599],[106.326606,35.262047],[106.319705,35.265462],[106.318739,35.267135],[106.32075,35.277726],[106.314137,35.282233],[106.310491,35.288554],[106.30019,35.288222],[106.294737,35.295706],[106.285702,35.301488],[106.287181,35.309905],[106.275342,35.329123],[106.259469,35.331528],[106.253659,35.337414],[106.251655,35.34688],[106.242984,35.354567],[106.241413,35.358534],[106.249686,35.366822],[106.250702,35.371003],[106.250311,35.37382],[106.2444,35.377527],[106.240409,35.391303],[106.238484,35.406547],[106.262079,35.426703],[106.266076,35.435399],[106.266102,35.439525],[106.263653,35.448709],[106.260986,35.452454],[106.247891,35.456116],[106.244011,35.459],[106.241136,35.468108],[106.241625,35.479377],[106.236585,35.479174],[106.231573,35.481482],[106.228564,35.480761],[106.221011,35.483784],[106.217674,35.486324],[106.213566,35.500563],[106.210872,35.515477],[106.21213,35.535185],[106.218329,35.540193],[106.238007,35.547187],[106.242035,35.559314],[106.240413,35.568034],[106.233481,35.579074],[106.231842,35.586188],[106.214858,35.605311],[106.20932,35.6152],[106.209944,35.623452],[106.212484,35.625727],[106.229877,35.624019],[106.232964,35.62446],[106.235507,35.627428],[106.230815,35.637995],[106.213796,35.65345],[106.209636,35.660124],[106.199059,35.713353],[106.195482,35.723457],[106.199226,35.737642],[106.192069,35.760882],[106.195282,35.762176],[106.200361,35.770175],[106.21041,35.771548],[106.221166,35.769805],[106.241161,35.778518],[106.246277,35.779383],[106.249671,35.776588],[106.255853,35.763079],[106.259071,35.759324],[106.263627,35.758577],[106.267759,35.761557],[106.273419,35.769165],[106.273443,35.777398],[106.294687,35.790157],[106.299219,35.787444],[106.3062,35.779716],[106.316145,35.773771],[106.317238,35.764097],[106.320636,35.758359],[106.315851,35.748764],[106.315503,35.740518],[106.319071,35.732382],[106.32568,35.730681],[106.329252,35.722929],[106.340441,35.721378],[106.341721,35.720665],[106.341766,35.716943],[106.343746,35.716267],[106.350055,35.716997],[106.352003,35.711307],[106.349953,35.703027],[106.351668,35.699485],[106.363056,35.703252],[106.365779,35.71308],[106.372306,35.714197],[106.374957,35.716689],[106.376711,35.720153],[106.375658,35.724565],[106.376736,35.72624],[106.392126,35.731706],[106.397887,35.730766],[106.394665,35.726291],[106.397038,35.723703],[106.400104,35.723909],[106.400629,35.726126],[106.424206,35.728754],[106.431995,35.728213],[106.435464,35.725862],[106.43568,35.721276],[106.439581,35.718088],[106.444738,35.716432],[106.454036,35.718959],[106.463831,35.714956]]]}},{"type":"Feature","properties":{"dt_adcode":"640425"},"geometry":{"type":"MultiPolygon","coordinates":[[[[106.504268,35.735785],[106.503385,35.730017],[106.497363,35.729694],[106.497986,35.733025],[106.502702,35.736508],[106.504268,35.735785]]],[[[106.492431,35.732375],[106.486632,35.728556],[106.488692,35.727134],[106.488276,35.725323],[106.468256,35.719055],[106.463831,35.714956],[106.454036,35.718959],[106.444738,35.716432],[106.439581,35.718088],[106.43568,35.721276],[106.435464,35.725862],[106.431995,35.728213],[106.424206,35.728754],[106.400629,35.726126],[106.400104,35.723909],[106.397038,35.723703],[106.394665,35.726291],[106.397887,35.730766],[106.392126,35.731706],[106.376736,35.72624],[106.375658,35.724565],[106.376711,35.720153],[106.374957,35.716689],[106.372306,35.714197],[106.365779,35.71308],[106.363056,35.703252],[106.351668,35.699485],[106.349953,35.703027],[106.352003,35.711307],[106.350055,35.716997],[106.343746,35.716267],[106.341766,35.716943],[106.341721,35.720665],[106.340441,35.721378],[106.329252,35.722929],[106.327486,35.728834],[106.32568,35.730681],[106.319905,35.731346],[106.315503,35.740518],[106.315851,35.748764],[106.320636,35.758359],[106.317238,35.764097],[106.316145,35.773771],[106.318462,35.779249],[106.321399,35.781952],[106.321241,35.785176],[106.307207,35.804039],[106.310052,35.816991],[106.304648,35.820478],[106.297186,35.813884],[106.288269,35.810953],[106.285062,35.808235],[106.272511,35.813393],[106.269016,35.816876],[106.264668,35.817445],[106.263228,35.81989],[106.267137,35.823857],[106.263264,35.827246],[106.272473,35.834511],[106.274304,35.840359],[106.279003,35.845308],[106.280981,35.845807],[106.283144,35.843564],[106.285414,35.851557],[106.29479,35.850171],[106.293806,35.855139],[106.295985,35.858597],[106.292804,35.863896],[106.299113,35.86826],[106.299716,35.873815],[106.325842,35.857944],[106.329974,35.858432],[106.339412,35.863382],[106.341829,35.862834],[106.343891,35.858808],[106.349232,35.862196],[106.343912,35.873438],[106.330893,35.882617],[106.325034,35.896597],[106.320157,35.90347],[106.328314,35.92669],[106.331658,35.929769],[106.337225,35.930287],[106.358396,35.920543],[106.375756,35.918576],[106.385126,35.914935],[106.3912,35.919332],[106.397949,35.9195],[106.407186,35.928625],[106.423044,35.937905],[106.447687,35.946396],[106.452046,35.951319],[106.452427,35.953891],[106.459825,35.955174],[106.473695,35.952214],[106.482342,35.946611],[106.491523,35.937342],[106.495875,35.936292],[106.499432,35.938445],[106.503965,35.948575],[106.51133,35.948364],[106.521204,35.951795],[106.527341,35.959001],[106.543661,35.97147],[106.545038,35.975062],[106.544571,35.986624],[106.534936,35.999735],[106.516918,36.019249],[106.499794,36.027972],[106.491817,36.039935],[106.487301,36.051131],[106.482481,36.055679],[106.472208,36.070737],[106.461853,36.078407],[106.464054,36.089648],[106.473146,36.109549],[106.475664,36.110596],[106.478228,36.115136],[106.479392,36.120341],[106.479988,36.125461],[106.477597,36.129206],[106.480269,36.139791],[106.478289,36.145577],[106.479593,36.151385],[106.476609,36.157693],[106.476708,36.168124],[106.477948,36.169619],[106.475828,36.172217],[106.476459,36.175006],[106.47447,36.178626],[106.474312,36.185569],[106.476716,36.188122],[106.477495,36.196462],[106.481681,36.205341],[106.491868,36.216965],[106.500203,36.236077],[106.510539,36.250164],[106.519691,36.269628],[106.524634,36.264539],[106.535021,36.260556],[106.539297,36.254393],[106.541211,36.253869],[106.545654,36.259366],[106.548867,36.257277],[106.553657,36.258667],[106.559732,36.266598],[106.558874,36.268846],[106.561517,36.274066],[106.558303,36.280176],[106.557541,36.286363],[106.559396,36.292172],[106.564084,36.289366],[106.567066,36.289995],[106.57454,36.286939],[106.576474,36.287749],[106.577775,36.286037],[106.581913,36.289061],[106.584039,36.288219],[106.586355,36.278405],[106.590698,36.27727],[106.59101,36.274568],[106.594552,36.270381],[106.596766,36.275275],[106.599545,36.274472],[106.599789,36.27888],[106.597913,36.282997],[106.600224,36.292836],[106.605358,36.295763],[106.609093,36.290339],[106.60964,36.275706],[106.611403,36.272759],[106.614863,36.273561],[106.61581,36.27707],[106.618209,36.277315],[106.621435,36.271267],[106.629156,36.267204],[106.637664,36.26558],[106.640423,36.280282],[106.644644,36.284686],[106.6487,36.282187],[106.645331,36.278524],[106.646714,36.267764],[106.64573,36.262759],[106.648254,36.25914],[106.653755,36.257011],[106.657089,36.266848],[106.664141,36.262795],[106.67061,36.268636],[106.677794,36.271192],[106.678568,36.269565],[106.681729,36.269473],[106.680058,36.271584],[106.684568,36.273655],[106.687876,36.270032],[106.690696,36.260184],[106.697738,36.251238],[106.698798,36.243061],[106.702123,36.239481],[106.708668,36.240156],[106.710643,36.235765],[106.716159,36.231826],[106.719301,36.236953],[106.729356,36.23208],[106.736078,36.237291],[106.738729,36.230676],[106.741511,36.228611],[106.74205,36.230763],[106.744839,36.230306],[106.749593,36.223435],[106.75887,36.217077],[106.76158,36.217368],[106.763394,36.214949],[106.767284,36.216984],[106.768838,36.213939],[106.771217,36.214277],[106.772527,36.212494],[106.775046,36.223085],[106.784339,36.217737],[106.78584,36.224714],[106.789128,36.226267],[106.795424,36.223083],[106.801884,36.213822],[106.808265,36.210886],[106.810511,36.218228],[106.817958,36.222183],[106.819344,36.22042],[106.821624,36.220962],[106.827916,36.215266],[106.830595,36.226596],[106.834166,36.229121],[106.839366,36.219877],[106.841601,36.206779],[106.839971,36.207385],[106.840673,36.20545],[106.848656,36.201506],[106.849794,36.206643],[106.859366,36.207392],[106.85749,36.205279],[106.857863,36.20329],[106.865562,36.193823],[106.867122,36.185522],[106.874511,36.176976],[106.878441,36.17933],[106.880359,36.178354],[106.88848,36.166454],[106.891093,36.16638],[106.892838,36.168941],[106.898221,36.169338],[106.905829,36.156821],[106.912415,36.153796],[106.90813,36.145257],[106.909468,36.142501],[106.907217,36.135184],[106.909467,36.130875],[106.912865,36.133394],[106.914368,36.129752],[106.91848,36.129166],[106.916593,36.121945],[106.918497,36.12484],[106.920322,36.120356],[106.920992,36.129886],[106.923801,36.131255],[106.92735,36.137605],[106.930038,36.138518],[106.929672,36.130792],[106.92567,36.116112],[106.929322,36.113127],[106.932985,36.114318],[106.937006,36.122952],[106.940461,36.126573],[106.946337,36.122411],[106.942332,36.118258],[106.941713,36.107057],[106.940729,36.108217],[106.935534,36.107219],[106.942731,36.099952],[106.950331,36.099844],[106.952151,36.089702],[106.952969,36.093738],[106.954459,36.091502],[106.954999,36.093936],[106.956767,36.09351],[106.957559,36.091573],[106.955242,36.083074],[106.957837,36.081231],[106.957123,36.077513],[106.959344,36.075413],[106.952785,36.075407],[106.954431,36.077149],[106.947918,36.077528],[106.949841,36.074104],[106.948561,36.070843],[106.950521,36.070868],[106.949536,36.06796],[106.943033,36.066182],[106.939116,36.063111],[106.937644,36.057417],[106.938619,36.055441],[106.948003,36.055162],[106.942753,36.051799],[106.94209,36.032497],[106.930655,36.028904],[106.928288,36.018201],[106.928444,36.011381],[106.932906,36.007483],[106.942253,36.005976],[106.944864,36.003561],[106.95122,36.004508],[106.947588,35.988195],[106.944253,35.984248],[106.934836,35.981223],[106.93152,35.974774],[106.92598,35.975717],[106.925579,35.970344],[106.920431,35.967336],[106.917675,35.961217],[106.917587,35.946594],[106.916213,35.944678],[106.912033,35.946893],[106.910521,35.950144],[106.912537,35.956783],[106.9106,35.961684],[106.907716,35.963294],[106.906291,35.96118],[106.904197,35.962291],[106.900167,35.959989],[106.898595,35.960445],[106.899612,35.964909],[106.897406,35.965684],[106.896303,35.964138],[106.894236,35.966538],[106.891849,35.966144],[106.896727,35.950098],[106.902545,35.943548],[106.907262,35.942052],[106.918959,35.94048],[106.924378,35.950948],[106.93511,35.950844],[106.938372,35.953143],[106.944789,35.940264],[106.940514,35.931053],[106.934484,35.933435],[106.931752,35.930033],[106.925124,35.92622],[106.912919,35.932224],[106.908886,35.927674],[106.90912,35.925001],[106.90488,35.924854],[106.905444,35.912678],[106.902108,35.912494],[106.897124,35.916229],[106.889492,35.918356],[106.882558,35.915555],[106.872693,35.905906],[106.869406,35.907731],[106.865174,35.906387],[106.86089,35.908819],[106.861991,35.906325],[106.859338,35.904484],[106.863265,35.898035],[106.862484,35.895353],[106.850294,35.889097],[106.852912,35.883378],[106.85807,35.881168],[106.873109,35.878286],[106.876065,35.883339],[106.880785,35.880855],[106.883612,35.868994],[106.873974,35.874767],[106.869247,35.870488],[106.87347,35.866673],[106.877945,35.852779],[106.879238,35.852639],[106.87982,35.858523],[106.880983,35.858739],[106.882942,35.856875],[106.883065,35.847616],[106.899893,35.827259],[106.911284,35.831229],[106.912762,35.830474],[106.919236,35.819232],[106.916411,35.816092],[106.91635,35.813619],[106.926288,35.811698],[106.927262,35.810151],[106.925209,35.805035],[106.920861,35.803295],[106.914724,35.806806],[106.908476,35.805845],[106.902343,35.809123],[106.897697,35.808491],[106.897045,35.805554],[106.899016,35.803282],[106.904088,35.803909],[106.904531,35.794363],[106.911004,35.794147],[106.911529,35.793058],[106.909004,35.792281],[106.914331,35.791373],[106.914453,35.78541],[106.911949,35.783277],[106.915139,35.777925],[106.911689,35.778686],[106.911228,35.777631],[106.912887,35.771898],[106.911601,35.768693],[106.908924,35.767722],[106.902071,35.774943],[106.89851,35.772431],[106.896668,35.7641],[106.897606,35.75981],[106.886225,35.760943],[106.887171,35.766058],[106.885297,35.771849],[106.875987,35.776586],[106.871381,35.776966],[106.868588,35.772017],[106.869403,35.767778],[106.867537,35.758118],[106.868707,35.744413],[106.86705,35.738645],[106.860841,35.739232],[106.854279,35.743993],[106.850456,35.744722],[106.843053,35.742853],[106.836015,35.743828],[106.834013,35.73797],[106.830884,35.743347],[106.82779,35.745298],[106.819166,35.744591],[106.818116,35.739478],[106.823182,35.730031],[106.819866,35.731929],[106.817102,35.729234],[106.819399,35.727268],[106.819664,35.724279],[106.816551,35.717859],[106.806255,35.709648],[106.79807,35.713389],[106.79624,35.719788],[106.791539,35.717677],[106.788244,35.721246],[106.784504,35.72064],[106.782483,35.723714],[106.777208,35.722086],[106.773536,35.72525],[106.769404,35.722395],[106.768936,35.72763],[106.767564,35.728529],[106.764404,35.728127],[106.756943,35.723057],[106.751531,35.726083],[106.749392,35.708721],[106.751312,35.70584],[106.744656,35.700421],[106.746124,35.698214],[106.753493,35.699249],[106.754717,35.691248],[106.750729,35.689622],[106.743004,35.691919],[106.738362,35.689517],[106.735102,35.691551],[106.734232,35.689284],[106.731554,35.689603],[106.730354,35.693328],[106.713766,35.704179],[106.692712,35.715039],[106.688211,35.719858],[106.687446,35.724761],[106.680864,35.723035],[106.680393,35.724424],[106.68412,35.727939],[106.681465,35.729682],[106.674882,35.72805],[106.674612,35.723102],[106.671355,35.719661],[106.674297,35.711329],[106.668813,35.714619],[106.668899,35.710442],[106.66553,35.711339],[106.662413,35.707575],[106.65766,35.707729],[106.651237,35.715501],[106.649826,35.709817],[106.642942,35.710279],[106.640889,35.71268],[106.633224,35.714867],[106.625145,35.725516],[106.622259,35.738561],[106.622764,35.742226],[106.621007,35.743833],[106.616139,35.74119],[106.613522,35.729741],[106.612149,35.729388],[106.610993,35.730024],[106.610863,35.737753],[106.60664,35.739871],[106.605103,35.744783],[106.601385,35.745117],[106.59897,35.740951],[106.601462,35.73162],[106.595391,35.727486],[106.58195,35.730421],[106.578367,35.733514],[106.57227,35.734151],[106.566583,35.738796],[106.55718,35.738296],[106.551219,35.740249],[106.545676,35.73958],[106.533693,35.741774],[106.529694,35.741021],[106.531025,35.725698],[106.529857,35.725241],[106.524544,35.739485],[106.519429,35.739376],[106.513726,35.737003],[106.504606,35.738096],[106.494144,35.736641],[106.491358,35.73524],[106.492431,35.732375]]]]}},{"type":"Feature","properties":{"dt_adcode":"640502"},"geometry":{"type":"Polygon","coordinates":[[[104.61102,37.276099],[104.613655,37.278141],[104.622994,37.277923],[104.625527,37.280336],[104.62525,37.285648],[104.619502,37.291308],[104.619772,37.294657],[104.622362,37.297427],[104.63249,37.298861],[104.645507,37.290717],[104.65251,37.290917],[104.658038,37.296552],[104.664749,37.299554],[104.665999,37.310839],[104.67114,37.316046],[104.678066,37.319334],[104.688562,37.319282],[104.702732,37.329593],[104.712509,37.328967],[104.714579,37.330393],[104.718075,37.338228],[104.717648,37.350436],[104.713192,37.350259],[104.702857,37.345463],[104.695707,37.346363],[104.673131,37.353816],[104.66828,37.356064],[104.661513,37.369364],[104.661479,37.37662],[104.66721,37.382987],[104.671601,37.400158],[104.679554,37.404489],[104.679894,37.407837],[104.670931,37.411706],[104.658041,37.41249],[104.651893,37.416564],[104.641923,37.418945],[104.638284,37.419439],[104.629407,37.416146],[104.620385,37.416935],[104.613821,37.418828],[104.605214,37.426246],[104.580445,37.427298],[104.564867,37.430431],[104.544279,37.423204],[104.538407,37.428545],[104.532164,37.430967],[104.531116,37.43301],[104.521021,37.434809],[104.51716,37.429875],[104.509942,37.429441],[104.50757,37.425336],[104.499503,37.421136],[104.48453,37.422418],[104.46582,37.419638],[104.458701,37.420466],[104.449282,37.42481],[104.44534,37.435892],[104.436342,37.446161],[104.404862,37.438298],[104.400162,37.434733],[104.391124,37.43192],[104.386604,37.427632],[104.375481,37.425203],[104.367331,37.420457],[104.346738,37.421807],[104.301771,37.41573],[104.287421,37.421318],[104.287231,37.427843],[104.303274,37.441711],[104.32245,37.448358],[104.327316,37.448293],[104.335804,37.44425],[104.340671,37.444229],[104.357062,37.44975],[104.364825,37.457876],[104.37189,37.461793],[104.392343,37.460818],[104.407574,37.464642],[104.410484,37.481497],[104.419659,37.511821],[104.430488,37.510931],[104.433304,37.515272],[104.623589,37.522551],[104.80505,37.539269],[104.832784,37.554808],[104.866338,37.566625],[104.905181,37.566916],[104.926755,37.572436],[105.024198,37.579888],[105.040893,37.586515],[105.087893,37.61382],[105.110914,37.633785],[105.134844,37.63837],[105.165439,37.651447],[105.187515,37.657765],[105.198963,37.663695],[105.205269,37.66898],[105.222084,37.676952],[105.278628,37.687341],[105.314784,37.702058],[105.32927,37.701703],[105.343869,37.704565],[105.359754,37.705179],[105.372594,37.708188],[105.388256,37.707397],[105.395917,37.709754],[105.403705,37.710038],[105.424983,37.706437],[105.443634,37.697665],[105.452051,37.696578],[105.453961,37.682066],[105.460253,37.679107],[105.468392,37.672],[105.469943,37.661562],[105.46796,37.652891],[105.458727,37.640178],[105.470452,37.626493],[105.465738,37.605956],[105.469122,37.594219],[105.467193,37.588252],[105.47104,37.581154],[105.4674,37.575714],[105.457634,37.577049],[105.454781,37.575322],[105.454179,37.572992],[105.461081,37.566207],[105.456423,37.560456],[105.457511,37.556977],[105.448736,37.554466],[105.446661,37.550576],[105.449538,37.547999],[105.449247,37.544313],[105.454479,37.542232],[105.459709,37.52615],[105.457862,37.520241],[105.457875,37.500978],[105.462654,37.49706],[105.47062,37.495948],[105.495358,37.501103],[105.507634,37.501113],[105.538138,37.493941],[105.546884,37.490221],[105.547223,37.488368],[105.544554,37.486902],[105.540417,37.487032],[105.536536,37.480394],[105.542971,37.469134],[105.546217,37.46659],[105.543206,37.466752],[105.533654,37.451853],[105.523166,37.453484],[105.522756,37.442758],[105.527345,37.441947],[105.525646,37.438849],[105.518621,37.436405],[105.498661,37.434699],[105.499418,37.398188],[105.532008,37.388046],[105.547633,37.373455],[105.562835,37.365717],[105.569485,37.354825],[105.585683,37.345108],[105.589691,37.333873],[105.588583,37.329479],[105.584091,37.321725],[105.574235,37.31411],[105.572702,37.297809],[105.5745,37.296081],[105.578723,37.295626],[105.579221,37.290634],[105.570411,37.278507],[105.562174,37.261496],[105.552102,37.248953],[105.548126,37.236209],[105.529605,37.225946],[105.527878,37.220844],[105.519094,37.207599],[105.515466,37.195123],[105.49869,37.174907],[105.487922,37.147668],[105.483926,37.144369],[105.47466,37.143206],[105.465679,37.132071],[105.46328,37.125774],[105.464163,37.120738],[105.457036,37.119025],[105.446706,37.113808],[105.427784,37.1111],[105.400251,37.121731],[105.390018,37.120391],[105.369271,37.114177],[105.359913,37.107675],[105.35251,37.099736],[105.330847,37.100321],[105.325427,37.105451],[105.323369,37.103466],[105.317087,37.103257],[105.311876,37.09395],[105.313097,37.088904],[105.301769,37.07684],[105.284575,37.060611],[105.275942,37.061183],[105.274974,37.06006],[105.282563,37.046216],[105.288942,37.022487],[105.291467,37.019553],[105.29588,37.021487],[105.297628,37.024774],[105.300836,37.025553],[105.308966,37.025654],[105.31179,37.023528],[105.322202,37.000611],[105.321586,36.995016],[105.325277,36.987124],[105.347722,36.975642],[105.359563,36.972428],[105.362292,36.970121],[105.363046,36.965623],[105.368251,36.959229],[105.382751,36.963164],[105.382492,36.946583],[105.366498,36.9182],[105.357438,36.907702],[105.356185,36.901756],[105.356027,36.89881],[105.359111,36.895515],[105.368097,36.891112],[105.36727,36.883779],[105.371201,36.877536],[105.382801,36.878957],[105.396529,36.889317],[105.405523,36.889636],[105.410001,36.893432],[105.417554,36.89427],[105.428864,36.899592],[105.434029,36.898471],[105.435648,36.892803],[105.449771,36.889957],[105.455062,36.887097],[105.457481,36.883906],[105.473917,36.886979],[105.492923,36.878764],[105.494644,36.87904],[105.497249,36.88318],[105.49637,36.891213],[105.508306,36.886969],[105.509404,36.890542],[105.513488,36.890743],[105.516616,36.897824],[105.524646,36.898459],[105.533724,36.895102],[105.555861,36.872947],[105.562217,36.869267],[105.571314,36.867477],[105.589611,36.856861],[105.603627,36.839464],[105.607061,36.837599],[105.626226,36.833701],[105.637528,36.834752],[105.642588,36.837447],[105.648055,36.837021],[105.652325,36.83972],[105.659031,36.841023],[105.668577,36.829265],[105.679788,36.827029],[105.680953,36.820441],[105.686856,36.812334],[105.673511,36.800892],[105.664477,36.796421],[105.662144,36.792964],[105.641698,36.791251],[105.632219,36.784185],[105.617434,36.77778],[105.609066,36.782323],[105.601642,36.778721],[105.590862,36.786111],[105.570098,36.79062],[105.565992,36.787701],[105.563994,36.779167],[105.566011,36.770838],[105.571643,36.766876],[105.567326,36.764477],[105.556713,36.762697],[105.548376,36.758249],[105.544841,36.754346],[105.532874,36.751716],[105.515523,36.766682],[105.488776,36.744467],[105.476637,36.736004],[105.467168,36.731561],[105.462492,36.727432],[105.456193,36.714881],[105.452253,36.714269],[105.440315,36.717395],[105.424607,36.727229],[105.414068,36.727676],[105.399577,36.714616],[105.398989,36.711961],[105.401555,36.708662],[105.405064,36.707264],[105.405199,36.705705],[105.390224,36.696682],[105.373632,36.681589],[105.367346,36.67415],[105.364072,36.665436],[105.361479,36.664111],[105.355731,36.664234],[105.341346,36.677936],[105.327041,36.678179],[105.324804,36.693223],[105.316644,36.702354],[105.316754,36.711565],[105.314401,36.716475],[105.310887,36.710126],[105.303467,36.706696],[105.288666,36.689242],[105.284167,36.686736],[105.25685,36.69778],[105.25251,36.698222],[105.247409,36.695837],[105.238781,36.700073],[105.229819,36.700154],[105.221812,36.706847],[105.213693,36.705254],[105.202697,36.705916],[105.207121,36.710977],[105.216448,36.729135],[105.225787,36.733711],[105.230856,36.732129],[105.238385,36.732315],[105.239948,36.733783],[105.24007,36.741439],[105.272238,36.739406],[105.272386,36.744461],[105.276736,36.752452],[105.298041,36.748299],[105.30707,36.742137],[105.319637,36.742842],[105.329838,36.751156],[105.333531,36.762586],[105.341092,36.764702],[105.341101,36.767981],[105.335981,36.782343],[105.334588,36.800769],[105.332716,36.806047],[105.327454,36.805029],[105.305421,36.819131],[105.300145,36.824152],[105.298577,36.826825],[105.29863,36.83261],[105.292458,36.835677],[105.293303,36.839838],[105.296481,36.839435],[105.297508,36.843523],[105.278631,36.852808],[105.280946,36.857866],[105.278902,36.869773],[105.274604,36.870803],[105.248985,36.891826],[105.243894,36.889273],[105.242808,36.891041],[105.2454,36.893936],[105.240628,36.896806],[105.235096,36.894337],[105.227082,36.886422],[105.224478,36.893791],[105.219757,36.891511],[105.206942,36.897739],[105.203091,36.896295],[105.198468,36.897506],[105.198051,36.895221],[105.191859,36.891844],[105.191434,36.886308],[105.178878,36.892454],[105.182312,36.897912],[105.178402,36.899344],[105.178827,36.900473],[105.183084,36.898949],[105.184073,36.902378],[105.182167,36.916534],[105.177719,36.929172],[105.186806,36.925832],[105.184066,36.929216],[105.186503,36.935427],[105.18496,36.936711],[105.185801,36.941808],[105.182394,36.943569],[105.183408,36.945509],[105.179229,36.948027],[105.177747,36.959101],[105.174877,36.963363],[105.168721,36.967244],[105.165219,36.98197],[105.165228,36.994987],[105.157927,36.996955],[105.14731,36.995413],[105.129297,36.996328],[105.111044,37.000341],[105.095244,37.006084],[105.090861,37.0096],[105.075983,37.013136],[105.05902,37.022948],[105.053208,37.019831],[105.049251,37.01977],[105.0428,37.013653],[105.039871,37.007239],[105.032981,37.006513],[105.028229,37.010366],[105.011009,37.017265],[105.01374,37.031927],[105.004423,37.035461],[104.991554,37.034849],[104.988536,37.038875],[104.985133,37.033288],[104.969722,37.030522],[104.965258,37.031749],[104.954546,37.04029],[104.953886,37.077336],[104.947322,37.083202],[104.931587,37.086483],[104.91476,37.097796],[104.918466,37.110089],[104.912926,37.119433],[104.90465,37.125444],[104.898308,37.127732],[104.899642,37.131541],[104.897746,37.134263],[104.900239,37.136204],[104.900441,37.142168],[104.897451,37.141335],[104.893811,37.144719],[104.893986,37.147679],[104.888234,37.158659],[104.882921,37.159877],[104.882887,37.161868],[104.878613,37.165277],[104.866134,37.171389],[104.863853,37.180513],[104.858501,37.183878],[104.858453,37.204989],[104.856229,37.207418],[104.856403,37.211745],[104.854253,37.213277],[104.832374,37.222097],[104.827138,37.227983],[104.810844,37.230279],[104.805996,37.234904],[104.8027,37.231961],[104.793704,37.229186],[104.785235,37.241625],[104.775201,37.246794],[104.765379,37.239135],[104.75769,37.238134],[104.750399,37.235103],[104.747382,37.228619],[104.731389,37.219621],[104.728884,37.215745],[104.71724,37.208484],[104.70594,37.208139],[104.69252,37.204677],[104.686676,37.205344],[104.682094,37.202981],[104.678218,37.204446],[104.668288,37.204028],[104.662609,37.208529],[104.660354,37.205381],[104.655433,37.203791],[104.645332,37.204695],[104.637958,37.201904],[104.6313,37.202951],[104.626062,37.205842],[104.624584,37.212541],[104.611104,37.223202],[104.600702,37.242672],[104.600363,37.252803],[104.603623,37.262431],[104.610333,37.269537],[104.612298,37.274371],[104.61102,37.276099]]]}},{"type":"Feature","properties":{"dt_adcode":"640521"},"geometry":{"type":"Polygon","coordinates":[[[106.020744,37.609504],[106.008345,37.610542],[106.005662,37.608975],[106.001834,37.603071],[106.002087,37.592982],[106.008983,37.584395],[106.034449,37.559714],[106.029934,37.558668],[106.03238,37.554684],[106.03948,37.550029],[106.05197,37.549386],[106.060324,37.545574],[106.074967,37.526666],[106.056542,37.524093],[106.048846,37.516984],[106.037972,37.519386],[106.035008,37.5175],[106.032009,37.508293],[106.016069,37.498783],[106.012196,37.484778],[106.00404,37.474712],[105.998931,37.47541],[105.994718,37.473581],[105.982477,37.477314],[105.975596,37.474181],[105.962209,37.475289],[105.954876,37.47278],[105.95566,37.47046],[105.96308,37.467408],[105.968193,37.470283],[105.966823,37.468156],[105.973079,37.464376],[105.973317,37.462437],[105.976407,37.461535],[105.976324,37.459925],[105.978897,37.458639],[105.976536,37.456992],[105.979121,37.45663],[105.978474,37.455062],[105.980959,37.455606],[105.9804,37.453999],[105.983636,37.45181],[105.972437,37.448815],[105.969298,37.449634],[105.936932,37.445886],[105.937426,37.43353],[105.934687,37.428011],[105.932793,37.427326],[105.92764,37.42728],[105.923942,37.424972],[105.913151,37.431487],[105.88594,37.424833],[105.875712,37.4147],[105.885628,37.398281],[105.885953,37.394524],[105.884323,37.392981],[105.873681,37.392991],[105.847782,37.396276],[105.842568,37.382911],[105.848641,37.37717],[105.872377,37.364488],[105.889111,37.360512],[105.905632,37.351851],[105.916552,37.35169],[105.928489,37.346161],[105.943659,37.332221],[105.943945,37.328248],[105.941163,37.321023],[105.932713,37.312386],[105.925729,37.307658],[105.794214,37.318667],[105.791503,37.311123],[105.786556,37.307835],[105.781215,37.306991],[105.77522,37.301348],[105.734999,37.289893],[105.747248,37.271581],[105.750199,37.261269],[105.755119,37.256781],[105.75406,37.250885],[105.758119,37.248441],[105.756726,37.24375],[105.760301,37.240074],[105.769076,37.236722],[105.772088,37.233647],[105.767015,37.229266],[105.775528,37.223397],[105.774302,37.221961],[105.772392,37.224265],[105.771149,37.223738],[105.771574,37.216171],[105.776867,37.217041],[105.783139,37.213011],[105.781969,37.209512],[105.777249,37.209031],[105.775054,37.206096],[105.776681,37.201358],[105.780204,37.201208],[105.780727,37.199587],[105.767488,37.192438],[105.751739,37.191414],[105.748484,37.189583],[105.737097,37.188093],[105.71285,37.187436],[105.712083,37.191625],[105.707331,37.197119],[105.692847,37.208181],[105.689969,37.21337],[105.684314,37.216289],[105.68837,37.222311],[105.689764,37.227644],[105.693966,37.231169],[105.694306,37.238894],[105.690525,37.244678],[105.686987,37.255047],[105.679207,37.261596],[105.678441,37.266214],[105.676069,37.268074],[105.676864,37.270432],[105.681347,37.271246],[105.676484,37.276818],[105.672631,37.274981],[105.667916,37.268788],[105.649347,37.259374],[105.636528,37.246653],[105.605498,37.222938],[105.597451,37.221409],[105.582414,37.221746],[105.576721,37.217835],[105.56128,37.217716],[105.55755,37.215755],[105.567108,37.213494],[105.573967,37.208058],[105.575901,37.202573],[105.586488,37.198059],[105.616741,37.197906],[105.637929,37.18958],[105.664967,37.191893],[105.667151,37.187967],[105.667624,37.180587],[105.670803,37.179153],[105.672391,37.176303],[105.672579,37.167207],[105.668859,37.160701],[105.669253,37.155816],[105.675554,37.139049],[105.683443,37.127374],[105.69681,37.120238],[105.711011,37.116743],[105.741471,37.089863],[105.748532,37.085583],[105.778451,37.085381],[105.781644,37.08364],[105.842319,36.986984],[105.848681,36.980213],[105.840845,36.978066],[105.832576,36.973469],[105.830618,36.968902],[105.831907,36.959353],[105.827254,36.952298],[105.82185,36.947836],[105.814193,36.945819],[105.810283,36.941528],[105.805354,36.94026],[105.790599,36.930142],[105.786641,36.929224],[105.783364,36.921568],[105.77381,36.9191],[105.768499,36.914814],[105.768527,36.908193],[105.758461,36.909902],[105.751091,36.914673],[105.744766,36.914101],[105.73862,36.917658],[105.754964,36.9053],[105.759772,36.898594],[105.746991,36.884167],[105.745686,36.879967],[105.749008,36.868776],[105.748369,36.865008],[105.738404,36.86168],[105.736682,36.857917],[105.737535,36.840164],[105.743204,36.825794],[105.741933,36.821956],[105.740421,36.821143],[105.735244,36.827265],[105.722474,36.834669],[105.712364,36.836473],[105.708983,36.849769],[105.697698,36.864977],[105.695653,36.865517],[105.693264,36.854719],[105.694301,36.849347],[105.691771,36.846286],[105.681415,36.8412],[105.679788,36.827029],[105.668577,36.829265],[105.659031,36.841023],[105.652325,36.83972],[105.648055,36.837021],[105.642588,36.837447],[105.637528,36.834752],[105.626226,36.833701],[105.607061,36.837599],[105.603627,36.839464],[105.589611,36.856861],[105.571314,36.867477],[105.562217,36.869267],[105.555861,36.872947],[105.533724,36.895102],[105.524646,36.898459],[105.516616,36.897824],[105.513488,36.890743],[105.509404,36.890542],[105.508306,36.886969],[105.49637,36.891213],[105.497249,36.88318],[105.494644,36.87904],[105.492923,36.878764],[105.473917,36.886979],[105.457481,36.883906],[105.455062,36.887097],[105.449771,36.889957],[105.435648,36.892803],[105.434029,36.898471],[105.428864,36.899592],[105.417554,36.89427],[105.410001,36.893432],[105.405523,36.889636],[105.396529,36.889317],[105.382801,36.878957],[105.371201,36.877536],[105.369694,36.87852],[105.36727,36.883779],[105.368097,36.891112],[105.359111,36.895515],[105.356027,36.89881],[105.356185,36.901756],[105.357438,36.907702],[105.366498,36.9182],[105.382492,36.946583],[105.382751,36.963164],[105.368251,36.959229],[105.363046,36.965623],[105.362292,36.970121],[105.359563,36.972428],[105.347722,36.975642],[105.325277,36.987124],[105.321586,36.995016],[105.322202,37.000611],[105.31179,37.023528],[105.308966,37.025654],[105.300836,37.025553],[105.297628,37.024774],[105.29588,37.021487],[105.291467,37.019553],[105.288942,37.022487],[105.282563,37.046216],[105.274977,37.060829],[105.284575,37.060611],[105.291795,37.066787],[105.312286,37.087644],[105.31313,37.09027],[105.311876,37.09395],[105.317087,37.103257],[105.323369,37.103466],[105.325427,37.105451],[105.330847,37.100321],[105.35251,37.099736],[105.359913,37.107675],[105.369271,37.114177],[105.390018,37.120391],[105.400251,37.121731],[105.427784,37.1111],[105.446706,37.113808],[105.457036,37.119025],[105.464163,37.120738],[105.463631,37.126861],[105.470216,37.138191],[105.47466,37.143206],[105.483926,37.144369],[105.487922,37.147668],[105.49869,37.174907],[105.515466,37.195123],[105.519094,37.207599],[105.527878,37.220844],[105.529605,37.225946],[105.548126,37.236209],[105.552102,37.248953],[105.562174,37.261496],[105.570411,37.278507],[105.579221,37.290634],[105.578723,37.295626],[105.5745,37.296081],[105.572702,37.297809],[105.574235,37.31411],[105.584091,37.321725],[105.589691,37.333873],[105.585683,37.345108],[105.569485,37.354825],[105.562835,37.365717],[105.547633,37.373455],[105.532008,37.388046],[105.499418,37.398188],[105.498661,37.434699],[105.518621,37.436405],[105.525646,37.438849],[105.527345,37.441947],[105.522756,37.442758],[105.523166,37.453484],[105.533654,37.451853],[105.543206,37.466752],[105.546217,37.46659],[105.542971,37.469134],[105.536536,37.480394],[105.540417,37.487032],[105.544554,37.486902],[105.547223,37.488368],[105.546884,37.490221],[105.538138,37.493941],[105.507634,37.501113],[105.495358,37.501103],[105.47062,37.495948],[105.462654,37.49706],[105.457875,37.500978],[105.457862,37.520241],[105.459709,37.52615],[105.454479,37.542232],[105.449247,37.544313],[105.449538,37.547999],[105.446661,37.550576],[105.448736,37.554466],[105.457511,37.556977],[105.456423,37.560456],[105.461081,37.566207],[105.454179,37.572992],[105.454781,37.575322],[105.457634,37.577049],[105.4674,37.575714],[105.47104,37.581154],[105.467193,37.588252],[105.469122,37.594219],[105.465738,37.605956],[105.470452,37.626493],[105.458727,37.640178],[105.46796,37.652891],[105.469943,37.661562],[105.468392,37.672],[105.460253,37.679107],[105.453961,37.682066],[105.452051,37.696578],[105.490694,37.694883],[105.533746,37.696055],[105.584215,37.699801],[105.598947,37.699391],[105.610036,37.706988],[105.629366,37.707506],[105.649179,37.710323],[105.651899,37.715567],[105.662974,37.720218],[105.678861,37.725038],[105.696337,37.725962],[105.717507,37.731687],[105.742081,37.72759],[105.754412,37.72765],[105.760936,37.728411],[105.784092,37.738728],[105.815867,37.734204],[105.825076,37.735197],[105.844511,37.728723],[105.853297,37.739851],[105.86506,37.7398],[105.882684,37.735896],[105.899868,37.739375],[105.901273,37.738292],[105.902383,37.726863],[105.889204,37.714125],[105.888251,37.679466],[105.8848,37.667081],[105.880707,37.660144],[105.882674,37.652619],[105.879309,37.647258],[105.886407,37.643499],[105.888187,37.637317],[105.894084,37.628823],[105.893686,37.626574],[105.885487,37.619884],[105.882939,37.615159],[105.905504,37.614334],[105.91051,37.62942],[105.916901,37.636103],[105.920665,37.643021],[105.926527,37.647458],[105.930736,37.654535],[105.932388,37.659752],[105.931266,37.669921],[105.934301,37.669472],[105.942075,37.661459],[105.951594,37.657646],[105.977942,37.659641],[105.99013,37.654588],[106.005542,37.655148],[106.011751,37.648599],[106.022171,37.645699],[106.024582,37.643781],[106.025683,37.632835],[106.022571,37.626331],[106.024704,37.613401],[106.020744,37.609504]]]}},{"type":"Feature","properties":{"dt_adcode":"640522"},"geometry":{"type":"Polygon","coordinates":[[[106.410921,36.519386],[106.411639,36.516029],[106.401705,36.509921],[106.393,36.510659],[106.375066,36.515966],[106.362696,36.513489],[106.356609,36.510393],[106.349329,36.499547],[106.337918,36.500719],[106.336143,36.492891],[106.330313,36.486251],[106.3231,36.485251],[106.311946,36.479555],[106.310765,36.47543],[106.314819,36.471172],[106.316488,36.451033],[106.318592,36.450374],[106.322218,36.452132],[106.327051,36.457552],[106.327136,36.454161],[106.316822,36.436406],[106.31501,36.429303],[106.314215,36.410424],[106.302824,36.411893],[106.295301,36.407444],[106.288796,36.406951],[106.281055,36.411544],[106.279669,36.410748],[106.270393,36.382488],[106.264776,36.380925],[106.251532,36.383619],[106.245822,36.382486],[106.227274,36.372117],[106.203944,36.353924],[106.197395,36.341808],[106.195061,36.340471],[106.158767,36.331984],[106.141629,36.324929],[106.122679,36.324064],[106.109568,36.316349],[106.1055,36.315449],[106.091161,36.32421],[106.085676,36.331653],[106.078324,36.332032],[106.076789,36.325948],[106.07493,36.324982],[106.056435,36.333194],[106.038076,36.327216],[106.024097,36.327481],[106.018847,36.322738],[106.017644,36.317804],[106.014027,36.313219],[105.984626,36.319084],[105.98087,36.315407],[105.979737,36.311624],[105.981392,36.30264],[105.971896,36.298832],[105.967959,36.291759],[105.993055,36.24628],[105.999186,36.225364],[106.0003,36.208182],[106.003541,36.193832],[105.981852,36.196028],[105.947892,36.21348],[105.910327,36.216265],[105.886372,36.216153],[105.884325,36.214377],[105.882598,36.204244],[105.885034,36.190612],[105.876873,36.184993],[105.867379,36.174402],[105.861771,36.165932],[105.857029,36.150749],[105.848737,36.144737],[105.839874,36.141244],[105.829772,36.129626],[105.818534,36.121268],[105.812531,36.126936],[105.812228,36.133466],[105.809169,36.138737],[105.804369,36.140859],[105.800001,36.141319],[105.784698,36.13687],[105.774593,36.139143],[105.765343,36.133203],[105.759483,36.132853],[105.757148,36.136513],[105.779782,36.154882],[105.768687,36.17468],[105.759278,36.179133],[105.754619,36.179645],[105.75032,36.177686],[105.745255,36.172228],[105.725586,36.174696],[105.71481,36.172564],[105.706927,36.167581],[105.696806,36.15527],[105.690965,36.153219],[105.687039,36.152388],[105.669534,36.155853],[105.670621,36.157527],[105.661064,36.166823],[105.645888,36.17728],[105.645378,36.179798],[105.637388,36.188539],[105.62531,36.195305],[105.624806,36.200589],[105.62103,36.20598],[105.607332,36.215935],[105.606664,36.226029],[105.603889,36.230478],[105.593136,36.232611],[105.588118,36.237457],[105.581153,36.236754],[105.569069,36.230365],[105.537,36.218018],[105.516654,36.203551],[105.496945,36.192678],[105.49569,36.190021],[105.488687,36.191116],[105.484671,36.195718],[105.484879,36.202051],[105.480914,36.201722],[105.481876,36.209373],[105.474733,36.216198],[105.460486,36.223874],[105.457428,36.236349],[105.458589,36.240996],[105.462091,36.244617],[105.465834,36.252759],[105.459745,36.264538],[105.459936,36.268091],[105.466511,36.274579],[105.474332,36.276826],[105.477224,36.285481],[105.476974,36.291321],[105.468202,36.30362],[105.460605,36.308023],[105.458041,36.311226],[105.454212,36.322789],[105.44557,36.325988],[105.435016,36.325338],[105.431815,36.328179],[105.425654,36.330212],[105.425029,36.338319],[105.419908,36.34228],[105.419934,36.346812],[105.413152,36.348837],[105.407628,36.355604],[105.407785,36.358083],[105.40503,36.358478],[105.40126,36.36984],[105.413293,36.369579],[105.416281,36.37125],[105.419485,36.377353],[105.414102,36.384122],[105.401965,36.385614],[105.39709,36.407815],[105.399421,36.425527],[105.398248,36.430567],[105.384814,36.440515],[105.370482,36.43653],[105.36969,36.431545],[105.363832,36.437311],[105.363319,36.443181],[105.3693,36.45411],[105.370954,36.46165],[105.365611,36.470288],[105.368475,36.480639],[105.367126,36.48745],[105.363653,36.494245],[105.361407,36.498176],[105.343975,36.514442],[105.337539,36.517613],[105.322131,36.535774],[105.309241,36.531109],[105.302249,36.524075],[105.297634,36.52627],[105.290296,36.526937],[105.281149,36.522567],[105.278992,36.526655],[105.274799,36.526244],[105.272016,36.531383],[105.266728,36.531536],[105.263468,36.53513],[105.26012,36.533661],[105.257018,36.544221],[105.248962,36.546744],[105.252091,36.553119],[105.275958,36.563121],[105.272827,36.569102],[105.274376,36.577441],[105.269288,36.581936],[105.265428,36.58936],[105.270454,36.593163],[105.270081,36.5944],[105.261151,36.602656],[105.250026,36.601439],[105.245074,36.612388],[105.241486,36.613692],[105.241522,36.625869],[105.233836,36.625808],[105.225893,36.631534],[105.221822,36.630001],[105.220356,36.630971],[105.219575,36.633591],[105.222066,36.636476],[105.225139,36.654791],[105.228343,36.659517],[105.225401,36.664484],[105.208593,36.680217],[105.202045,36.694225],[105.20097,36.702188],[105.202697,36.705916],[105.213693,36.705254],[105.221812,36.706847],[105.229819,36.700154],[105.238781,36.700073],[105.247409,36.695837],[105.25251,36.698222],[105.25685,36.69778],[105.284167,36.686736],[105.288666,36.689242],[105.303467,36.706696],[105.310887,36.710126],[105.314401,36.716475],[105.316754,36.711565],[105.316644,36.702354],[105.324804,36.693223],[105.327041,36.678179],[105.341346,36.677936],[105.355731,36.664234],[105.361479,36.664111],[105.364072,36.665436],[105.367346,36.67415],[105.373632,36.681589],[105.390224,36.696682],[105.405199,36.705705],[105.405064,36.707264],[105.401555,36.708662],[105.398989,36.711961],[105.399577,36.714616],[105.414068,36.727676],[105.424607,36.727229],[105.440315,36.717395],[105.452253,36.714269],[105.456193,36.714881],[105.462492,36.727432],[105.467168,36.731561],[105.476637,36.736004],[105.488776,36.744467],[105.515523,36.766682],[105.532874,36.751716],[105.544841,36.754346],[105.548376,36.758249],[105.556713,36.762697],[105.567326,36.764477],[105.571643,36.766876],[105.566011,36.770838],[105.563994,36.779167],[105.565992,36.787701],[105.570098,36.79062],[105.590862,36.786111],[105.601642,36.778721],[105.609066,36.782323],[105.616786,36.777668],[105.632219,36.784185],[105.641698,36.791251],[105.662144,36.792964],[105.664477,36.796421],[105.673511,36.800892],[105.686856,36.812334],[105.680953,36.820441],[105.679596,36.833276],[105.681415,36.8412],[105.691771,36.846286],[105.694301,36.849347],[105.693264,36.854719],[105.695653,36.865517],[105.697698,36.864977],[105.708983,36.849769],[105.712364,36.836473],[105.722474,36.834669],[105.729052,36.831432],[105.744611,36.818458],[105.745717,36.815067],[105.761095,36.825706],[105.767173,36.820346],[105.774976,36.819517],[105.782921,36.821102],[105.789761,36.820566],[105.795204,36.824488],[105.808928,36.828244],[105.816473,36.826729],[105.823024,36.822126],[105.826664,36.803523],[105.831454,36.802804],[105.83641,36.806242],[105.839899,36.829231],[105.857011,36.835559],[105.860879,36.83804],[105.861167,36.842292],[105.874674,36.847302],[105.874521,36.855041],[105.886749,36.862966],[105.899913,36.87824],[105.897916,36.882317],[105.903362,36.884984],[105.908477,36.890071],[105.908291,36.894715],[105.894253,36.908558],[105.888461,36.917406],[105.894873,36.92045],[105.900119,36.91625],[105.90929,36.918017],[105.923973,36.92681],[105.924047,36.932903],[105.926171,36.934223],[105.931699,36.933963],[105.934699,36.932881],[105.936333,36.924287],[105.956659,36.911945],[105.956572,36.908183],[105.951845,36.906745],[105.952663,36.902216],[105.957346,36.902143],[105.963824,36.898288],[105.965443,36.888476],[105.981148,36.878471],[105.980539,36.865581],[105.98444,36.860352],[105.971014,36.849239],[105.970901,36.844726],[105.976467,36.842387],[105.984047,36.845297],[105.990495,36.840685],[106.004604,36.842],[106.028541,36.824346],[106.031937,36.810743],[106.029662,36.795718],[106.047141,36.783415],[106.058013,36.769696],[106.071767,36.758939],[106.067565,36.741686],[106.077277,36.720444],[106.106352,36.690583],[106.106871,36.675513],[106.118619,36.661745],[106.1192,36.648933],[106.132095,36.643424],[106.151993,36.622702],[106.152781,36.617415],[106.146844,36.604735],[106.151324,36.598618],[106.152874,36.587299],[106.167419,36.579026],[106.171993,36.580275],[106.182188,36.587545],[106.195079,36.589736],[106.205346,36.588212],[106.212149,36.583495],[106.210962,36.597762],[106.212957,36.608576],[106.231252,36.612534],[106.249621,36.60658],[106.256099,36.612872],[106.256672,36.619113],[106.258739,36.620194],[106.274212,36.613292],[106.277323,36.606303],[106.284504,36.609663],[106.295897,36.610377],[106.306666,36.596579],[106.310077,36.594973],[106.320476,36.594328],[106.363696,36.608741],[106.379988,36.610961],[106.383892,36.615951],[106.383843,36.617991],[106.380196,36.621611],[106.384888,36.623821],[106.404945,36.620587],[106.411152,36.625053],[106.419012,36.623956],[106.430028,36.629184],[106.429865,36.635137],[106.43205,36.636087],[106.439189,36.626769],[106.444689,36.624936],[106.445573,36.622667],[106.447028,36.615208],[106.444167,36.606597],[106.445562,36.598387],[106.448205,36.596354],[106.453906,36.5961],[106.459258,36.592663],[106.460972,36.587843],[106.465804,36.585873],[106.465657,36.583229],[106.472003,36.580681],[106.449771,36.577643],[106.450439,36.575367],[106.455177,36.573268],[106.459143,36.568692],[106.45858,36.565783],[106.456458,36.564793],[106.455921,36.559918],[106.447821,36.559777],[106.444883,36.557229],[106.438842,36.559787],[106.430275,36.559281],[106.420021,36.562138],[106.4074,36.572638],[106.396229,36.577395],[106.397159,36.572527],[106.3935,36.564123],[106.395324,36.559677],[106.392057,36.556509],[106.384495,36.563448],[106.382157,36.56295],[106.37754,36.569572],[106.371139,36.573242],[106.368617,36.576656],[106.364816,36.57791],[106.364302,36.575191],[106.361457,36.573627],[106.371451,36.5577],[106.37179,36.548907],[106.383042,36.545468],[106.397287,36.548235],[106.401544,36.546326],[106.40685,36.539557],[106.406893,36.536864],[106.416043,36.531899],[106.418299,36.526731],[106.410921,36.519386]]]}}]}